
Note: Compatibility modes selected: hs a


Circuit: * sim/supply-impedance-sensitivity -- ground/supply-return impedance

option SCALE: Scale is set to 1e-06 for instance and model parameters
option SCALE: Scale is set to 1e-06 for instance and model parameters
option SCALE: Scale is set to 1e-06 for instance and model parameters
option SCALE: Scale is set to 1e-06 for instance and model parameters
Doing analysis at TEMP = 27.000000 and TNOM = 27.000000

Using KLU as Direct Linear Solver
 Reference value :  0.00000e+00
 Reference value :  8.14000e-09
 Reference value :  2.00000e-08
 Reference value :  2.01186e-08
 Reference value :  2.02852e-08
 Reference value :  2.06085e-08
 Reference value :  2.08055e-08
 Reference value :  2.10334e-08
 Reference value :  2.11752e-08
 Reference value :  2.14675e-08
 Reference value :  2.30771e-08
 Reference value :  2.46718e-08
 Reference value :  2.65872e-08
 Reference value :  2.89520e-08
 Reference value :  3.12619e-08
 Reference value :  3.44114e-08
 Reference value :  3.85640e-08
 Reference value :  4.32644e-08
 Reference value :  4.73496e-08
 Reference value :  5.02025e-08
 Reference value :  5.32622e-08
 Reference value :  5.58952e-08
 Reference value :  5.83843e-08
 Reference value :  6.09092e-08
 Reference value :  6.32984e-08
 Reference value :  6.59290e-08
 Reference value :  6.84802e-08
 Reference value :  7.12216e-08
 Reference value :  7.39351e-08
 Reference value :  7.66260e-08
 Reference value :  7.98908e-08
 Reference value :  8.29099e-08
 Reference value :  8.59318e-08
 Reference value :  8.91922e-08
 Reference value :  9.22630e-08
 Reference value :  9.56674e-08
 Reference value :  9.96930e-08
 Reference value :  1.04187e-07
 Reference value :  1.09469e-07
 Reference value :  1.14903e-07
 Reference value :  1.20531e-07
 Reference value :  1.27048e-07
 Reference value :  1.32974e-07
 Reference value :  1.43060e-07
 Reference value :  1.54550e-07
 Reference value :  1.65550e-07
 Reference value :  1.76550e-07
 Reference value :  1.88050e-07
 Reference value :  1.99500e-07
 Reference value :  1.99643e-07
 Reference value :  1.99975e-07
 Reference value :  2.00286e-07
 Reference value :  2.00520e-07
 Reference value :  2.00615e-07
 Reference value :  2.00755e-07
 Reference value :  2.01142e-07
 Reference value :  2.01813e-07
 Reference value :  2.03772e-07
 Reference value :  2.05729e-07
 Reference value :  2.07474e-07
 Reference value :  2.09268e-07
 Reference value :  2.11065e-07
 Reference value :  2.12871e-07
 Reference value :  2.14507e-07
 Reference value :  2.16512e-07
 Reference value :  2.18338e-07
 Reference value :  2.20129e-07
 Reference value :  2.22311e-07
 Reference value :  2.24309e-07
 Reference value :  2.26085e-07
 Reference value :  2.28085e-07
 Reference value :  2.30105e-07
 Reference value :  2.32123e-07
 Reference value :  2.33890e-07
 Reference value :  2.35917e-07
 Reference value :  2.37937e-07
 Reference value :  2.39939e-07
 Reference value :  2.41181e-07
 Reference value :  2.41321e-07
 Reference value :  2.41843e-07
 Reference value :  2.42244e-07
 Reference value :  2.42537e-07
 Reference value :  2.43719e-07
 Reference value :  2.45210e-07
 Reference value :  2.46966e-07
 Reference value :  2.48752e-07
 Reference value :  2.50582e-07
 Reference value :  2.52609e-07
 Reference value :  2.54450e-07
 Reference value :  2.56243e-07
 Reference value :  2.58271e-07
 Reference value :  2.60261e-07
 Reference value :  2.62270e-07
 Reference value :  2.64077e-07
 Reference value :  2.65921e-07
 Reference value :  2.67747e-07
 Reference value :  2.69939e-07
 Reference value :  2.71947e-07
 Reference value :  2.73745e-07
 Reference value :  2.75768e-07
 Reference value :  2.77603e-07
 Reference value :  2.79612e-07
 Reference value :  2.81579e-07
 Reference value :  2.82913e-07
 Reference value :  2.83260e-07
 Reference value :  2.83847e-07
 Reference value :  2.83958e-07
 Reference value :  2.84172e-07
 Reference value :  2.84835e-07
 Reference value :  2.86064e-07
 Reference value :  2.88200e-07
 Reference value :  2.89929e-07
 Reference value :  2.91738e-07
 Reference value :  2.93543e-07
 Reference value :  2.95534e-07
 Reference value :  2.97487e-07
 Reference value :  2.99292e-07
 Reference value :  3.01304e-07
 Reference value :  3.03062e-07
 Reference value :  3.05237e-07
 Reference value :  3.07252e-07
 Reference value :  3.09065e-07
 Reference value :  3.11030e-07
 Reference value :  3.13018e-07
 Reference value :  3.14943e-07
 Reference value :  3.16966e-07
 Reference value :  3.18975e-07
 Reference value :  3.20959e-07
 Reference value :  3.22723e-07
 Reference value :  3.24500e-07
 Reference value :  3.24671e-07
 Reference value :  3.25243e-07
 Reference value :  3.25598e-07
 Reference value :  3.26401e-07
 Reference value :  3.28315e-07
 Reference value :  3.30048e-07
 Reference value :  3.32051e-07
 Reference value :  3.33977e-07
 Reference value :  3.35805e-07
 Reference value :  3.37962e-07
 Reference value :  3.40069e-07
 Reference value :  3.42240e-07
 Reference value :  3.44568e-07
 Reference value :  3.47073e-07
 Reference value :  3.49432e-07
 Reference value :  3.51924e-07
 Reference value :  3.54072e-07
 Reference value :  3.56593e-07
 Reference value :  3.58942e-07
 Reference value :  3.61282e-07
 Reference value :  3.63460e-07
 Reference value :  3.65627e-07
 Reference value :  3.66269e-07
 Reference value :  3.66602e-07
 Reference value :  3.67031e-07
 Reference value :  3.67213e-07
 Reference value :  3.67316e-07
 Reference value :  3.68082e-07
 Reference value :  3.70069e-07
 Reference value :  3.71810e-07
 Reference value :  3.73623e-07
 Reference value :  3.75241e-07
 Reference value :  3.77240e-07
 Reference value :  3.79018e-07
 Reference value :  3.80994e-07
 Reference value :  3.83018e-07
 Reference value :  3.84783e-07
 Reference value :  3.86998e-07
 Reference value :  3.88991e-07
 Reference value :  3.90995e-07
 Reference value :  3.92977e-07
 Reference value :  3.94623e-07
 Reference value :  3.96641e-07
 Reference value :  3.98500e-07
 Reference value :  4.00463e-07
 Reference value :  4.02314e-07
 Reference value :  4.04126e-07
 Reference value :  4.06121e-07
 Reference value :  4.07842e-07
 Reference value :  4.08061e-07
 Reference value :  4.08720e-07
 Reference value :  4.09891e-07
 Reference value :  4.11802e-07
 Reference value :  4.13036e-07
 Reference value :  4.14235e-07
 Reference value :  4.15969e-07
 Reference value :  4.17967e-07
 Reference value :  4.19759e-07
 Reference value :  4.21756e-07
 Reference value :  4.23953e-07
 Reference value :  4.25794e-07
 Reference value :  4.27586e-07
 Reference value :  4.29614e-07
 Reference value :  4.31439e-07
 Reference value :  4.33472e-07
 Reference value :  4.35470e-07
 Reference value :  4.37448e-07
 Reference value :  4.39251e-07
 Reference value :  4.41453e-07
 Reference value :  4.43284e-07
 Reference value :  4.45072e-07
 Reference value :  4.46898e-07
 Reference value :  4.48920e-07
 Reference value :  4.49551e-07
 Reference value :  4.49745e-07
 Reference value :  4.50191e-07
 Reference value :  4.50516e-07
 Reference value :  4.50662e-07
 Reference value :  4.51347e-07
 Reference value :  4.52689e-07
 Reference value :  4.54406e-07
 Reference value :  4.55978e-07
 Reference value :  4.57798e-07
 Reference value :  4.59578e-07
 Reference value :  4.61590e-07
 Reference value :  4.63559e-07
 Reference value :  4.65587e-07
 Reference value :  4.67416e-07
 Reference value :  4.69262e-07
 Reference value :  4.71121e-07
 Reference value :  4.72731e-07
 Reference value :  4.74734e-07
 Reference value :  4.76754e-07
 Reference value :  4.78542e-07
 Reference value :  4.80343e-07
 Reference value :  4.82136e-07
 Reference value :  4.84137e-07
 Reference value :  4.86159e-07
 Reference value :  4.88165e-07
 Reference value :  4.89760e-07
 Reference value :  4.91217e-07
 Reference value :  4.91401e-07
 Reference value :  4.92021e-07
 Reference value :  4.92276e-07
 Reference value :  4.93096e-07
 Reference value :  4.95144e-07
 Reference value :  4.96928e-07
 Reference value :  4.98786e-07
 Reference value :  5.00759e-07
 Reference value :  5.02934e-07
 Reference value :  5.04876e-07
 Reference value :  5.06895e-07
 Reference value :  5.08871e-07
 Reference value :  5.11054e-07
 Reference value :  5.13012e-07
 Reference value :  5.14987e-07
 Reference value :  5.16993e-07
 Reference value :  5.19355e-07
 Reference value :  5.21835e-07
 Reference value :  5.24168e-07
 Reference value :  5.26326e-07
 Reference value :  5.28423e-07
 Reference value :  5.30603e-07
 Reference value :  5.32833e-07
 Reference value :  5.32969e-07
 Reference value :  5.33383e-07
 Reference value :  5.33779e-07
 Reference value :  5.33900e-07
 Reference value :  5.33980e-07
 Reference value :  5.34957e-07
 Reference value :  5.36956e-07
 Reference value :  5.38942e-07
 Reference value :  5.40757e-07
 Reference value :  5.42417e-07
 Reference value :  5.44425e-07
 Reference value :  5.46458e-07
 Reference value :  5.48272e-07
 Reference value :  5.49920e-07
 Reference value :  5.51780e-07
 Reference value :  5.53797e-07
 Reference value :  5.55615e-07
 Reference value :  5.57420e-07
 Reference value :  5.59421e-07
 Reference value :  5.61237e-07
 Reference value :  5.63041e-07
 Reference value :  5.65040e-07
 Reference value :  5.66853e-07
 Reference value :  5.68666e-07
 Reference value :  5.70672e-07
 Reference value :  5.72700e-07
 Reference value :  5.74512e-07
 Reference value :  5.74817e-07
 Reference value :  5.75425e-07
 Reference value :  5.75630e-07
 Reference value :  5.76476e-07
 Reference value :  5.78399e-07
 Reference value :  5.80319e-07
 Reference value :  5.82492e-07
 Reference value :  5.84086e-07
 Reference value :  5.86092e-07
 Reference value :  5.88290e-07
 Reference value :  5.89701e-07
 Reference value :  5.90889e-07
 Reference value :  5.92723e-07
 Reference value :  5.94752e-07
 Reference value :  5.96554e-07
 Reference value :  5.98574e-07
 Reference value :  6.00570e-07
 Reference value :  6.02409e-07
 Reference value :  6.04044e-07
 Reference value :  6.05876e-07
 Reference value :  6.07909e-07
 Reference value :  6.09948e-07
 Reference value :  6.11788e-07
 Reference value :  6.13581e-07
 Reference value :  6.15422e-07
 Reference value :  6.16226e-07
 Reference value :  6.16404e-07
 Reference value :  6.16870e-07
 Reference value :  6.17004e-07
 Reference value :  6.17172e-07
 Reference value :  6.17362e-07
 Reference value :  6.18022e-07
 Reference value :  6.18677e-07
 Reference value :  6.20734e-07
 Reference value :  6.22491e-07
 Reference value :  6.24249e-07
 Reference value :  6.26239e-07
 Reference value :  6.28027e-07
 Reference value :  6.30007e-07
 Reference value :  6.31857e-07
 Reference value :  6.33646e-07
 Reference value :  6.35472e-07
 Reference value :  6.37494e-07
 Reference value :  6.39344e-07
 Reference value :  6.41146e-07
 Reference value :  6.43180e-07
 Reference value :  6.45178e-07
 Reference value :  6.47191e-07
 Reference value :  6.49236e-07
 Reference value :  6.51046e-07
 Reference value :  6.52665e-07
 Reference value :  6.54507e-07
 Reference value :  6.56288e-07
 Reference value :  6.57866e-07
 Reference value :  6.58067e-07
 Reference value :  6.58645e-07
 Reference value :  6.59000e-07
 Reference value :  6.59901e-07
 Reference value :  6.61795e-07
 Reference value :  6.63715e-07
 Reference value :  6.65745e-07
 Reference value :  6.67767e-07
 Reference value :  6.69778e-07
 Reference value :  6.71726e-07
 Reference value :  6.73711e-07
 Reference value :  6.76085e-07
 Reference value :  6.78242e-07
 Reference value :  6.80589e-07
 Reference value :  6.82796e-07
 Reference value :  6.84799e-07
 Reference value :  6.86784e-07
 Reference value :  6.88895e-07
 Reference value :  6.91048e-07
 Reference value :  6.93052e-07
 Reference value :  6.95055e-07
 Reference value :  6.96655e-07
 Reference value :  6.97268e-07
 Reference value :  6.98977e-07
 Reference value :  6.99563e-07
 Reference value :  6.99815e-07
 Reference value :  7.00296e-07
 Reference value :  7.00556e-07
 Reference value :  7.00705e-07
 Reference value :  7.01139e-07
 Reference value :  7.02348e-07
 Reference value :  7.04620e-07
 Reference value :  7.06399e-07
 Reference value :  7.08407e-07
 Reference value :  7.10403e-07
 Reference value :  7.12205e-07
 Reference value :  7.14038e-07
 Reference value :  7.15904e-07
 Reference value :  7.17740e-07
 Reference value :  7.19518e-07
 Reference value :  7.21520e-07
 Reference value :  7.23363e-07
 Reference value :  7.25155e-07
 Reference value :  7.27178e-07
 Reference value :  7.29012e-07
 Reference value :  7.31015e-07
 Reference value :  7.32803e-07
 Reference value :  7.34629e-07
 Reference value :  7.36431e-07
 Reference value :  7.38228e-07
 Reference value :  7.40075e-07
 Reference value :  7.41208e-07
 Reference value :  7.41424e-07
 Reference value :  7.42016e-07
 Reference value :  7.42301e-07
 Reference value :  7.43148e-07
 Reference value :  7.45052e-07
 Reference value :  7.47016e-07
 Reference value :  7.49034e-07
 Reference value :  7.50824e-07
 Reference value :  7.52790e-07
 Reference value :  7.54991e-07
 Reference value :  7.56986e-07
 Reference value :  7.59109e-07
 Reference value :  7.61299e-07
 Reference value :  7.63274e-07
 Reference value :  7.65636e-07
 Reference value :  7.67616e-07
 Reference value :  7.69964e-07
 Reference value :  7.72291e-07
 Reference value :  7.74243e-07
 Reference value :  7.76233e-07
 Reference value :  7.78749e-07
 Reference value :  7.80724e-07
 Reference value :  7.82841e-07
 Reference value :  7.83016e-07
 Reference value :  7.83606e-07
 Reference value :  7.83834e-07
 Reference value :  7.83908e-07
 Reference value :  7.84267e-07
 Reference value :  7.86243e-07
 Reference value :  7.87995e-07
 Reference value :  7.89573e-07
 Reference value :  7.91591e-07
 Reference value :  7.93385e-07
 Reference value :  7.95460e-07
 Reference value :  7.97066e-07
 Reference value :  7.98922e-07
 Reference value :  8.00727e-07
 Reference value :  8.02569e-07
 Reference value :  8.04399e-07
 Reference value :  8.06425e-07
 Reference value :  8.08225e-07
 Reference value :  8.10054e-07
 Reference value :  8.11913e-07
 Reference value :  8.13790e-07
 Reference value :  8.15655e-07
 Reference value :  8.17458e-07
 Reference value :  8.19330e-07
 Reference value :  8.21334e-07
 Reference value :  8.23363e-07
 Reference value :  8.24582e-07
 Reference value :  8.24801e-07
 Reference value :  8.25454e-07
 Reference value :  8.25816e-07
 Reference value :  8.27227e-07
 Reference value :  8.28962e-07
 Reference value :  8.30793e-07
 Reference value :  8.32559e-07
 Reference value :  8.34547e-07
 Reference value :  8.36327e-07
 Reference value :  8.38354e-07
 Reference value :  8.40506e-07
 Reference value :  8.42690e-07
 Reference value :  8.44685e-07
 Reference value :  8.46654e-07
 Reference value :  8.48905e-07
 Reference value :  8.50883e-07
 Reference value :  8.52841e-07
 Reference value :  8.55025e-07
 Reference value :  8.57041e-07
 Reference value :  8.59033e-07
 Reference value :  8.60968e-07
 Reference value :  8.63178e-07
 Reference value :  8.65185e-07
 Reference value :  8.66227e-07
 Reference value :  8.66393e-07
 Reference value :  8.66953e-07
 Reference value :  8.67179e-07
 Reference value :  8.67269e-07
 Reference value :  8.67414e-07
 Reference value :  8.68936e-07
 Reference value :  8.70896e-07
 Reference value :  8.72856e-07
 Reference value :  8.74893e-07
 Reference value :  8.76962e-07
 Reference value :  8.78740e-07
 Reference value :  8.80757e-07
 Reference value :  8.82754e-07
 Reference value :  8.84537e-07
 Reference value :  8.86566e-07
 Reference value :  8.88766e-07
 Reference value :  8.90435e-07
 Reference value :  8.92238e-07
 Reference value :  8.94226e-07
 Reference value :  8.96258e-07
 Reference value :  8.98126e-07
 Reference value :  8.99940e-07
 Reference value :  9.01564e-07
 Reference value :  9.03743e-07
 Reference value :  9.05390e-07
 Reference value :  9.07191e-07
 Reference value :  9.07990e-07
 Reference value :  9.08607e-07
 Reference value :  9.09727e-07
 Reference value :  9.11481e-07
 Reference value :  9.13057e-07
 Reference value :  9.15093e-07
 Reference value :  9.17100e-07
 Reference value :  9.18855e-07
 Reference value :  9.21044e-07
 Reference value :  9.23050e-07
 Reference value :  9.25413e-07
 Reference value :  9.27397e-07
 Reference value :  9.29882e-07
 Reference value :  9.31978e-07
 Reference value :  9.34199e-07
 Reference value :  9.36373e-07
 Reference value :  9.38525e-07
 Reference value :  9.41014e-07
 Reference value :  9.43178e-07
 Reference value :  9.45524e-07
 Reference value :  9.48005e-07
 Reference value :  9.49542e-07
 Reference value :  9.49756e-07
 Reference value :  9.50287e-07
 Reference value :  9.50479e-07
 Reference value :  9.50579e-07
 Reference value :  9.50709e-07
 Reference value :  9.51362e-07
 Reference value :  9.52910e-07
 Reference value :  9.54620e-07
 Reference value :  9.56355e-07
 Reference value :  9.58357e-07
 Reference value :  9.60110e-07
 Reference value :  9.62134e-07
 Reference value :  9.64159e-07
 Reference value :  9.66191e-07
 Reference value :  9.68160e-07
 Reference value :  9.69812e-07
 Reference value :  9.72012e-07
 Reference value :  9.73849e-07
 Reference value :  9.75638e-07
 Reference value :  9.77463e-07
 Reference value :  9.79647e-07
 Reference value :  9.81487e-07
 Reference value :  9.83440e-07
 Reference value :  9.85442e-07
 Reference value :  9.87647e-07
 Reference value :  9.89647e-07
 Reference value :  9.91185e-07
 Reference value :  9.91395e-07
 Reference value :  9.92167e-07
 Reference value :  9.93058e-07
 Reference value :  9.94788e-07
 Reference value :  9.96402e-07
 Reference value :  9.98448e-07
 Reference value :  1.00047e-06
 Reference value :  1.00226e-06
 Reference value :  1.00427e-06
 Reference value :  1.00647e-06
 Reference value :  1.00862e-06
 Reference value :  1.01077e-06
 Reference value :  1.01313e-06
 Reference value :  1.01529e-06
 Reference value :  1.01763e-06
 Reference value :  1.01997e-06
 Reference value :  1.02209e-06
 Reference value :  1.02459e-06
 Reference value :  1.02734e-06
 Reference value :  1.02950e-06
 Reference value :  1.03195e-06
 Reference value :  1.03286e-06
 Reference value :  1.03296e-06
 Reference value :  1.03307e-06
 Reference value :  1.03353e-06
 Reference value :  1.03385e-06
 Reference value :  1.03424e-06
 Reference value :  1.03528e-06
 Reference value :  1.03640e-06
 Reference value :  1.03809e-06
 Reference value :  1.03965e-06
 Reference value :  1.04138e-06
 Reference value :  1.04328e-06
 Reference value :  1.04529e-06
 Reference value :  1.04730e-06
 Reference value :  1.04908e-06
 Reference value :  1.05089e-06
 Reference value :  1.05271e-06
 Reference value :  1.05451e-06
 Reference value :  1.05651e-06
 Reference value :  1.05832e-06
 Reference value :  1.06014e-06
 Reference value :  1.06215e-06
 Reference value :  1.06417e-06
 Reference value :  1.06581e-06
 Reference value :  1.06782e-06
 Reference value :  1.06965e-06
 Reference value :  1.07150e-06
 Reference value :  1.07344e-06
 Reference value :  1.07452e-06
 Reference value :  1.07463e-06
 Reference value :  1.07491e-06
 Reference value :  1.07555e-06
 Reference value :  1.07649e-06
 Reference value :  1.07840e-06
 Reference value :  1.08021e-06
 Reference value :  1.08195e-06
 Reference value :  1.08394e-06
 Reference value :  1.08569e-06
 Reference value :  1.08771e-06
 Reference value :  1.09004e-06
 Reference value :  1.09221e-06
 Reference value :  1.09434e-06
 Reference value :  1.09657e-06
 Reference value :  1.09850e-06
 Reference value :  1.10088e-06
 Reference value :  1.10305e-06
 Reference value :  1.10523e-06
 Reference value :  1.10741e-06
 Reference value :  1.10961e-06
 Reference value :  1.11163e-06
 Reference value :  1.11362e-06
 Reference value :  1.11556e-06
 Reference value :  1.11630e-06
 Reference value :  1.11682e-06
 Reference value :  1.11717e-06
 Reference value :  1.11722e-06
 Reference value :  1.11732e-06
 Reference value :  1.11743e-06
 Reference value :  1.11762e-06
 Reference value :  1.11812e-06
 Reference value :  1.11855e-06
 Reference value :  1.11919e-06
 Reference value :  1.12124e-06
 Reference value :  1.12315e-06
 Reference value :  1.12564e-06
 Reference value :  1.12812e-06
 Reference value :  1.13028e-06
 Reference value :  1.13256e-06
 Reference value :  1.13513e-06
 Reference value :  1.13763e-06
 Reference value :  1.13992e-06
 Reference value :  1.14254e-06
 Reference value :  1.14502e-06
 Reference value :  1.14754e-06
 Reference value :  1.14967e-06
 Reference value :  1.15264e-06
 Reference value :  1.15514e-06
 Reference value :  1.15762e-06
 Reference value :  1.15793e-06
 Reference value :  1.15825e-06
 Reference value :  1.15888e-06
 Reference value :  1.15909e-06
 Reference value :  1.16058e-06
 Reference value :  1.16247e-06
 Reference value :  1.16421e-06
 Reference value :  1.16611e-06
 Reference value :  1.16811e-06
 Reference value :  1.16991e-06
 Reference value :  1.17188e-06
 Reference value :  1.17389e-06
 Reference value :  1.17609e-06
 Reference value :  1.17812e-06
 Reference value :  1.18032e-06
 Reference value :  1.18212e-06
 Reference value :  1.18393e-06
 Reference value :  1.18613e-06
 Reference value :  1.18797e-06
 Reference value :  1.18998e-06
 Reference value :  1.19178e-06
 Reference value :  1.19379e-06
 Reference value :  1.19595e-06
 Reference value :  1.19781e-06
 Reference value :  1.19950e-06
 Reference value :  1.19979e-06
 Reference value :  1.20034e-06
 Reference value :  1.20068e-06
 Reference value :  1.20102e-06
 Reference value :  1.20129e-06
 Reference value :  1.20205e-06
 Reference value :  1.20424e-06
 Reference value :  1.20612e-06
 Reference value :  1.20810e-06
 Reference value :  1.21006e-06
 Reference value :  1.21188e-06
 Reference value :  1.21405e-06
 Reference value :  1.21584e-06
 Reference value :  1.21767e-06
 Reference value :  1.21969e-06
 Reference value :  1.22171e-06
 Reference value :  1.22371e-06
 Reference value :  1.22549e-06
 Reference value :  1.22750e-06
 Reference value :  1.22934e-06
 Reference value :  1.23112e-06
 Reference value :  1.23309e-06
 Reference value :  1.23489e-06
 Reference value :  1.23688e-06
 Reference value :  1.23889e-06
 Reference value :  1.24092e-06
 Reference value :  1.24122e-06
 Reference value :  1.24136e-06
 Reference value :  1.24199e-06
 Reference value :  1.24235e-06
 Reference value :  1.24334e-06
 Reference value :  1.24444e-06
 Reference value :  1.24632e-06
 Reference value :  1.24805e-06
 Reference value :  1.24983e-06
 Reference value :  1.25186e-06
 Reference value :  1.25368e-06
 Reference value :  1.25570e-06
 Reference value :  1.25770e-06
 Reference value :  1.25949e-06
 Reference value :  1.26148e-06
 Reference value :  1.26349e-06
 Reference value :  1.26529e-06
 Reference value :  1.26711e-06
 Reference value :  1.26912e-06
 Reference value :  1.27132e-06
 Reference value :  1.27313e-06
 Reference value :  1.27492e-06
 Reference value :  1.27693e-06
 Reference value :  1.27872e-06
 Reference value :  1.28055e-06
 Reference value :  1.28259e-06
 Reference value :  1.28311e-06
 Reference value :  1.28371e-06
 Reference value :  1.28391e-06
 Reference value :  1.28409e-06
 Reference value :  1.28461e-06
 Reference value :  1.28551e-06
 Reference value :  1.28711e-06
 Reference value :  1.28863e-06
 Reference value :  1.29037e-06
 Reference value :  1.29231e-06
 Reference value :  1.29413e-06
 Reference value :  1.29613e-06
 Reference value :  1.29791e-06
 Reference value :  1.29990e-06
 Reference value :  1.30174e-06
 Reference value :  1.30352e-06
 Reference value :  1.30550e-06
 Reference value :  1.30753e-06
 Reference value :  1.30932e-06
 Reference value :  1.31128e-06
 Reference value :  1.31330e-06
 Reference value :  1.31490e-06
 Reference value :  1.31691e-06
 Reference value :  1.31894e-06
 Reference value :  1.32072e-06
 Reference value :  1.32253e-06
 Reference value :  1.32450e-06
 Reference value :  1.32460e-06
 Reference value :  1.32490e-06
 Reference value :  1.32550e-06
 Reference value :  1.32573e-06
 Reference value :  1.32706e-06
 Reference value :  1.32877e-06
 Reference value :  1.33033e-06
 Reference value :  1.33210e-06
 Reference value :  1.33406e-06
 Reference value :  1.33570e-06
 Reference value :  1.33678e-06
 Reference value :  1.33892e-06
 Reference value :  1.34049e-06
 Reference value :  1.34235e-06
 Reference value :  1.34411e-06
 Reference value :  1.34597e-06
 Reference value :  1.34781e-06
 Reference value :  1.34977e-06
 Reference value :  1.35159e-06
 Reference value :  1.35343e-06
 Reference value :  1.35521e-06
 Reference value :  1.35720e-06
 Reference value :  1.35904e-06
 Reference value :  1.36101e-06
 Reference value :  1.36284e-06
 Reference value :  1.36470e-06
 Reference value :  1.36620e-06
 Reference value :  1.36634e-06
 Reference value :  1.36678e-06
 Reference value :  1.36718e-06
 Reference value :  1.36747e-06
 Reference value :  1.36877e-06
 Reference value :  1.37139e-06
 Reference value :  1.37437e-06
 Reference value :  1.37750e-06
 Reference value :  1.38066e-06
 Reference value :  1.38281e-06
 Reference value :  1.38486e-06
 Reference value :  1.38687e-06
 Reference value :  1.38884e-06
 Reference value :  1.39064e-06
 Reference value :  1.39312e-06
 Reference value :  1.39513e-06
 Reference value :  1.39692e-06
 Reference value :  1.39892e-06
 Reference value :  1.40093e-06
 Reference value :  1.40297e-06
 Reference value :  1.40499e-06
 Reference value :  1.40700e-06
 Reference value :  1.40794e-06
 Reference value :  1.40820e-06
 Reference value :  1.40894e-06
 Reference value :  1.41049e-06
 Reference value :  1.41245e-06
 Reference value :  1.41423e-06
 Reference value :  1.41624e-06
 Reference value :  1.41806e-06
 Reference value :  1.41987e-06
 Reference value :  1.42183e-06
 Reference value :  1.42400e-06
 Reference value :  1.42616e-06
 Reference value :  1.42867e-06
 Reference value :  1.43102e-06
 Reference value :  1.43330e-06
 Reference value :  1.43573e-06
 Reference value :  1.43806e-06
 Reference value :  1.44041e-06
 Reference value :  1.44291e-06
 Reference value :  1.44540e-06
 Reference value :  1.44773e-06
 Reference value :  1.44955e-06
 Reference value :  1.44984e-06
 Reference value :  1.45029e-06
 Reference value :  1.45050e-06
 Reference value :  1.45058e-06
 Reference value :  1.45091e-06
 Reference value :  1.45277e-06
 Reference value :  1.45433e-06
 Reference value :  1.45609e-06
 Reference value :  1.45813e-06
 Reference value :  1.45998e-06
 Reference value :  1.46204e-06
 Reference value :  1.46405e-06
 Reference value :  1.46605e-06
 Reference value :  1.46799e-06
 Reference value :  1.46983e-06
 Reference value :  1.47186e-06
 Reference value :  1.47382e-06
 Reference value :  1.47590e-06
 Reference value :  1.47768e-06
 Reference value :  1.47953e-06
 Reference value :  1.48132e-06
 Reference value :  1.48316e-06
 Reference value :  1.48500e-06
 Reference value :  1.48687e-06
 Reference value :  1.48868e-06
 Reference value :  1.49071e-06
 Reference value :  1.49134e-06
 Reference value :  1.49185e-06
 Reference value :  1.49232e-06
 Reference value :  1.49385e-06
 Reference value :  1.49560e-06
 Reference value :  1.49749e-06
 Reference value :  1.49932e-06
 Reference value :  1.50109e-06
 Reference value :  1.50292e-06
 Reference value :  1.50491e-06
 Reference value :  1.50685e-06
 Reference value :  1.50901e-06
 Reference value :  1.51138e-06
 Reference value :  1.51374e-06
 Reference value :  1.51573e-06
 Reference value :  1.51825e-06
 Reference value :  1.52059e-06
 Reference value :  1.52274e-06
 Reference value :  1.52509e-06
 Reference value :  1.52723e-06
 Reference value :  1.52937e-06
 Reference value :  1.53286e-06
 Reference value :  1.53347e-06
 Reference value :  1.53375e-06
 Reference value :  1.53383e-06
 Reference value :  1.53390e-06
 Reference value :  1.53408e-06
 Reference value :  1.53571e-06
 Reference value :  1.53785e-06
 Reference value :  1.53943e-06
 Reference value :  1.54143e-06
 Reference value :  1.54321e-06
 Reference value :  1.54518e-06
 Reference value :  1.54720e-06
 Reference value :  1.54881e-06
 Reference value :  1.55083e-06
 Reference value :  1.55268e-06
 Reference value :  1.55448e-06
 Reference value :  1.55631e-06
 Reference value :  1.55832e-06
 Reference value :  1.56036e-06
 Reference value :  1.56216e-06
 Reference value :  1.56382e-06
 Reference value :  1.56569e-06
 Reference value :  1.56770e-06
 Reference value :  1.56969e-06
 Reference value :  1.57131e-06
 Reference value :  1.57348e-06
 Reference value :  1.57458e-06
 Reference value :  1.57481e-06
 Reference value :  1.57544e-06
 Reference value :  1.57638e-06
 Reference value :  1.57830e-06
 Reference value :  1.58002e-06
 Reference value :  1.58175e-06
 Reference value :  1.58375e-06
 Reference value :  1.58551e-06
 Reference value :  1.58770e-06
 Reference value :  1.58969e-06
 Reference value :  1.59204e-06
 Reference value :  1.59422e-06
 Reference value :  1.59639e-06
 Reference value :  1.59833e-06
 Reference value :  1.60065e-06
 Reference value :  1.60265e-06
 Reference value :  1.60514e-06
 Reference value :  1.60763e-06
 Reference value :  1.60990e-06
 Reference value :  1.61231e-06
 Reference value :  1.61464e-06
 Reference value :  1.61620e-06
 Reference value :  1.61636e-06
 Reference value :  1.61686e-06
 Reference value :  1.61703e-06
 Reference value :  1.61712e-06
 Reference value :  1.61719e-06
 Reference value :  1.61727e-06
 Reference value :  1.61788e-06
 Reference value :  1.61974e-06
 Reference value :  1.62146e-06
 Reference value :  1.62343e-06
 Reference value :  1.62546e-06
 Reference value :  1.62713e-06
 Reference value :  1.62914e-06
 Reference value :  1.63119e-06
 Reference value :  1.63300e-06
 Reference value :  1.63463e-06
 Reference value :  1.63664e-06
 Reference value :  1.63866e-06
 Reference value :  1.64026e-06
 Reference value :  1.64213e-06
 Reference value :  1.64397e-06
 Reference value :  1.64575e-06
 Reference value :  1.64774e-06
 Reference value :  1.64977e-06
 Reference value :  1.65159e-06
 Reference value :  1.65337e-06
 Reference value :  1.65571e-06
 Reference value :  1.65783e-06
 Reference value :  1.65804e-06
 Reference value :  1.65865e-06
 Reference value :  1.65935e-06
 Reference value :  1.66116e-06
 Reference value :  1.66304e-06
 Reference value :  1.66482e-06
 Reference value :  1.66679e-06
 Reference value :  1.66863e-06
 Reference value :  1.67056e-06
 Reference value :  1.67275e-06
 Reference value :  1.67492e-06
 Reference value :  1.67553e-06
 Reference value :  1.67668e-06
 Reference value :  1.67843e-06
 Reference value :  1.68044e-06
 Reference value :  1.68249e-06
 Reference value :  1.68435e-06
 Reference value :  1.68616e-06
 Reference value :  1.68796e-06
 Reference value :  1.68998e-06
 Reference value :  1.69183e-06
 Reference value :  1.69347e-06
 Reference value :  1.69564e-06
 Reference value :  1.69746e-06
 Reference value :  1.69941e-06
 Reference value :  1.69959e-06
 Reference value :  1.69985e-06
 Reference value :  1.70028e-06
 Reference value :  1.70040e-06
 Reference value :  1.70057e-06
 Reference value :  1.70090e-06
 Reference value :  1.70152e-06
 Reference value :  1.70300e-06
 Reference value :  1.70472e-06
 Reference value :  1.70648e-06
 Reference value :  1.70847e-06
 Reference value :  1.71025e-06
 Reference value :  1.71208e-06
 Reference value :  1.71368e-06
 Reference value :  1.71568e-06
 Reference value :  1.71769e-06
 Reference value :  1.71947e-06
 Reference value :  1.72148e-06
 Reference value :  1.72333e-06
 Reference value :  1.72533e-06
 Reference value :  1.72711e-06
 Reference value :  1.72895e-06
 Reference value :  1.73095e-06
 Reference value :  1.73273e-06
 Reference value :  1.73471e-06
 Reference value :  1.73650e-06
 Reference value :  1.73854e-06
 Reference value :  1.74034e-06
 Reference value :  1.74124e-06
 Reference value :  1.74142e-06
 Reference value :  1.74207e-06
 Reference value :  1.74233e-06
 Reference value :  1.74337e-06
 Reference value :  1.74514e-06
 Reference value :  1.74691e-06
 Reference value :  1.74875e-06
 Reference value :  1.75074e-06
 Reference value :  1.75267e-06
 Reference value :  1.75503e-06
 Reference value :  1.75702e-06
 Reference value :  1.75937e-06
 Reference value :  1.76154e-06
 Reference value :  1.76350e-06
 Reference value :  1.76554e-06
 Reference value :  1.76750e-06
 Reference value :  1.76933e-06
 Reference value :  1.77071e-06
 Reference value :  1.77248e-06
 Reference value :  1.77433e-06
 Reference value :  1.77635e-06
 Reference value :  1.77837e-06
 Reference value :  1.77999e-06
 Reference value :  1.78181e-06
 Reference value :  1.78288e-06
 Reference value :  1.78309e-06
 Reference value :  1.78370e-06
 Reference value :  1.78393e-06
 Reference value :  1.78439e-06
 Reference value :  1.78505e-06
 Reference value :  1.78663e-06
 Reference value :  1.78819e-06
 Reference value :  1.78977e-06
 Reference value :  1.79154e-06
 Reference value :  1.79353e-06
 Reference value :  1.79555e-06
 Reference value :  1.79757e-06
 Reference value :  1.79918e-06
 Reference value :  1.80119e-06
 Reference value :  1.80304e-06
 Reference value :  1.80482e-06
 Reference value :  1.80681e-06
 Reference value :  1.80901e-06
 Reference value :  1.81081e-06
 Reference value :  1.81245e-06
 Reference value :  1.81445e-06
 Reference value :  1.81641e-06
 Reference value :  1.81824e-06
 Reference value :  1.82028e-06
 Reference value :  1.82227e-06
 Reference value :  1.82386e-06
 Reference value :  1.82459e-06
 Reference value :  1.82474e-06
 Reference value :  1.82527e-06
 Reference value :  1.82610e-06
 Reference value :  1.82785e-06
 Reference value :  1.82961e-06
 Reference value :  1.83163e-06
 Reference value :  1.83363e-06
 Reference value :  1.83560e-06
 Reference value :  1.83784e-06
 Reference value :  1.84016e-06
 Reference value :  1.84226e-06
 Reference value :  1.84463e-06
 Reference value :  1.84712e-06
 Reference value :  1.84911e-06
 Reference value :  1.85130e-06
 Reference value :  1.85346e-06
 Reference value :  1.85558e-06
 Reference value :  1.85775e-06
 Reference value :  1.86009e-06
 Reference value :  1.86085e-06
 Reference value :  1.86115e-06
 Reference value :  1.86266e-06
 Reference value :  1.86438e-06
 Reference value :  1.86604e-06
 Reference value :  1.86627e-06
 Reference value :  1.86658e-06
 Reference value :  1.86695e-06
 Reference value :  1.86714e-06
 Reference value :  1.86725e-06
 Reference value :  1.86738e-06
 Reference value :  1.86803e-06
 Reference value :  1.86950e-06
 Reference value :  1.87143e-06
 Reference value :  1.87319e-06
 Reference value :  1.87521e-06
 Reference value :  1.87721e-06
 Reference value :  1.87916e-06
 Reference value :  1.88098e-06
 Reference value :  1.88302e-06
 Reference value :  1.88504e-06
 Reference value :  1.88682e-06
 Reference value :  1.88866e-06
 Reference value :  1.89069e-06
 Reference value :  1.89269e-06
 Reference value :  1.89450e-06
 Reference value :  1.89647e-06
 Reference value :  1.89849e-06
 Reference value :  1.90035e-06
 Reference value :  1.90216e-06
 Reference value :  1.90401e-06
 Reference value :  1.90582e-06
 Reference value :  1.90774e-06
 Reference value :  1.90803e-06
 Reference value :  1.90848e-06
 Reference value :  1.90915e-06
 Reference value :  1.91094e-06
 Reference value :  1.91275e-06
 Reference value :  1.91432e-06
 Reference value :  1.91631e-06
 Reference value :  1.91792e-06
 Reference value :  1.91992e-06
 Reference value :  1.92193e-06
 Reference value :  1.92370e-06
 Reference value :  1.92640e-06
 Reference value :  1.92859e-06
 Reference value :  1.93073e-06
 Reference value :  1.93292e-06
 Reference value :  1.93525e-06
 Reference value :  1.93742e-06
 Reference value :  1.93976e-06
 Reference value :  1.94211e-06
 Reference value :  1.94427e-06
 Reference value :  1.94676e-06
 Reference value :  1.94870e-06
 Reference value :  1.94929e-06
 Reference value :  1.94956e-06
 Reference value :  1.94979e-06
 Reference value :  1.95030e-06
 Reference value :  1.95054e-06
 Reference value :  1.95067e-06
 Reference value :  1.95113e-06
 Reference value :  1.95221e-06
 Reference value :  1.95411e-06
 Reference value :  1.95586e-06
 Reference value :  1.95786e-06
 Reference value :  1.95966e-06
 Reference value :  1.96167e-06
 Reference value :  1.96365e-06
 Reference value :  1.96568e-06
 Reference value :  1.96729e-06
 Reference value :  1.96912e-06
 Reference value :  1.97114e-06
 Reference value :  1.97277e-06
 Reference value :  1.97477e-06
 Reference value :  1.97712e-06
 Reference value :  1.97912e-06
 Reference value :  1.98131e-06
 Reference value :  1.98292e-06
 Reference value :  1.98474e-06
 Reference value :  1.98656e-06
 Reference value :  1.98836e-06
 Reference value :  1.99019e-06
 Reference value :  1.99121e-06
 Reference value :  1.99136e-06
 Reference value :  1.99173e-06
 Reference value :  1.99226e-06
 Reference value :  1.99263e-06
 Reference value :  1.99435e-06
 Reference value :  1.99592e-06
 Reference value :  1.99794e-06
 Reference value :  1.99954e-06
 Reference value :  2.00175e-06
 Reference value :  2.00375e-06
 Reference value :  2.00574e-06
 Reference value :  2.00787e-06
 Reference value :  2.01027e-06
 Reference value :  2.01205e-06
 Reference value :  2.01420e-06
 Reference value :  2.01622e-06
 Reference value :  2.01818e-06
 Reference value :  2.02013e-06
 Reference value :  2.02247e-06
 Reference value :  2.02447e-06
 Reference value :  2.02681e-06
 Reference value :  2.02882e-06
 Reference value :  2.03075e-06
 Reference value :  2.03283e-06
 Reference value :  2.03295e-06
 Reference value :  2.03336e-06
 Reference value :  2.03372e-06
 Reference value :  2.03386e-06
 Reference value :  2.03408e-06
 Reference value :  2.03459e-06
 Reference value :  2.03620e-06
 Reference value :  2.03789e-06
 Reference value :  2.03959e-06
 Reference value :  2.04131e-06
 Reference value :  2.04306e-06
 Reference value :  2.04521e-06
 Reference value :  2.04681e-06
 Reference value :  2.04881e-06
 Reference value :  2.05085e-06
 Reference value :  2.05263e-06
 Reference value :  2.05445e-06
 Reference value :  2.05629e-06
 Reference value :  2.05792e-06
 Reference value :  2.05990e-06
 Reference value :  2.06242e-06
 Reference value :  2.06426e-06
 Reference value :  2.06604e-06
 Reference value :  2.06788e-06
 Reference value :  2.06990e-06
 Reference value :  2.07193e-06
 Reference value :  2.07372e-06
 Reference value :  2.07456e-06
 Reference value :  2.07470e-06
 Reference value :  2.07525e-06
 Reference value :  2.07642e-06
 Reference value :  2.07818e-06
 Reference value :  2.07977e-06
 Reference value :  2.08161e-06
 Reference value :  2.08354e-06
 Reference value :  2.08552e-06
 Reference value :  2.08755e-06
 Reference value :  2.08968e-06
 Reference value :  2.09162e-06
 Reference value :  2.09411e-06
 Reference value :  2.09645e-06
 Reference value :  2.09895e-06
 Reference value :  2.10113e-06
 Reference value :  2.10331e-06
 Reference value :  2.10543e-06
 Reference value :  2.10775e-06
 Reference value :  2.11013e-06
 Reference value :  2.11222e-06
 Reference value :  2.11455e-06
 Reference value :  2.11617e-06
 Reference value :  2.11632e-06
 Reference value :  2.11676e-06
 Reference value :  2.11717e-06
 Reference value :  2.11726e-06
 Reference value :  2.11737e-06
 Reference value :  2.11761e-06
 Reference value :  2.11793e-06
 Reference value :  2.11837e-06
 Reference value :  2.11965e-06
 Reference value :  2.12192e-06
 Reference value :  2.12364e-06
 Reference value :  2.12520e-06
 Reference value :  2.12717e-06
 Reference value :  2.12895e-06
 Reference value :  2.13099e-06
 Reference value :  2.13285e-06
 Reference value :  2.13465e-06
 Reference value :  2.13648e-06
 Reference value :  2.13867e-06
 Reference value :  2.14052e-06
 Reference value :  2.14231e-06
 Reference value :  2.14414e-06
 Reference value :  2.14618e-06
 Reference value :  2.14802e-06
 Reference value :  2.14980e-06
 Reference value :  2.15179e-06
 Reference value :  2.15380e-06
 Reference value :  2.15580e-06
 Reference value :  2.15770e-06
 Reference value :  2.15798e-06
 Reference value :  2.15825e-06
 Reference value :  2.15899e-06
 Reference value :  2.16019e-06
 Reference value :  2.16169e-06
 Reference value :  2.16355e-06
 Reference value :  2.16543e-06
 Reference value :  2.16735e-06
 Reference value :  2.16932e-06
 Reference value :  2.17134e-06
 Reference value :  2.17314e-06
 Reference value :  2.17561e-06
 Reference value :  2.17744e-06
 Reference value :  2.17946e-06
 Reference value :  2.18125e-06
 Reference value :  2.18307e-06
 Reference value :  2.18492e-06
 Reference value :  2.18672e-06
 Reference value :  2.18858e-06
 Reference value :  2.19057e-06
 Reference value :  2.19242e-06
 Reference value :  2.19421e-06
 Reference value :  2.19622e-06
 Reference value :  2.19825e-06
 Reference value :  2.19957e-06
 Reference value :  2.19974e-06
 Reference value :  2.20022e-06
 Reference value :  2.20062e-06
 Reference value :  2.20084e-06
 Reference value :  2.20106e-06
 Reference value :  2.20128e-06
 Reference value :  2.20202e-06
 Reference value :  2.20400e-06
 Reference value :  2.20569e-06
 Reference value :  2.20744e-06
 Reference value :  2.20942e-06
 Reference value :  2.21119e-06
 Reference value :  2.21339e-06
 Reference value :  2.21523e-06
 Reference value :  2.21702e-06
 Reference value :  2.21903e-06
 Reference value :  2.22103e-06
 Reference value :  2.22287e-06
 Reference value :  2.22464e-06
 Reference value :  2.22663e-06
 Reference value :  2.22863e-06
 Reference value :  2.23056e-06
 Reference value :  2.23259e-06
 Reference value :  2.23476e-06
 Reference value :  2.23678e-06
 Reference value :  2.23876e-06
 Reference value :  2.24056e-06
 Reference value :  2.24122e-06
 Reference value :  2.24140e-06
 Reference value :  2.24198e-06
 Reference value :  2.24241e-06
 Reference value :  2.24367e-06
 Reference value :  2.24489e-06
 Reference value :  2.24661e-06
 Reference value :  2.24879e-06
 Reference value :  2.25058e-06
 Reference value :  2.25257e-06
 Reference value :  2.25457e-06
 Reference value :  2.25661e-06
 Reference value :  2.25844e-06
 Reference value :  2.26006e-06
 Reference value :  2.26206e-06
 Reference value :  2.26387e-06
 Reference value :  2.26584e-06
 Reference value :  2.26805e-06
 Reference value :  2.26989e-06
 Reference value :  2.27189e-06
 Reference value :  2.27368e-06
 Reference value :  2.27569e-06
 Reference value :  2.27770e-06
 Reference value :  2.27973e-06
 Reference value :  2.28155e-06
 Reference value :  2.28288e-06
 Reference value :  2.28309e-06
 Reference value :  2.28381e-06
 Reference value :  2.28391e-06
 Reference value :  2.28403e-06
 Reference value :  2.28452e-06
 Reference value :  2.28533e-06
 Reference value :  2.28693e-06
 Reference value :  2.28866e-06
 Reference value :  2.29041e-06
 Reference value :  2.29224e-06
 Reference value :  2.29402e-06
 Reference value :  2.29602e-06
 Reference value :  2.29804e-06
 Reference value :  2.29986e-06
 Reference value :  2.30166e-06
 Reference value :  2.30366e-06
 Reference value :  2.30546e-06
 Reference value :  2.30729e-06
 Reference value :  2.30930e-06
 Reference value :  2.31115e-06
 Reference value :  2.31295e-06
 Reference value :  2.31495e-06
 Reference value :  2.31697e-06
 Reference value :  2.31865e-06
 Reference value :  2.32044e-06
 Reference value :  2.32226e-06
 Reference value :  2.32426e-06
 Reference value :  2.32463e-06
 Reference value :  2.32497e-06
 Reference value :  2.32555e-06
 Reference value :  2.32690e-06
 Reference value :  2.32846e-06
 Reference value :  2.33018e-06
 Reference value :  2.33208e-06
 Reference value :  2.33407e-06
 Reference value :  2.33602e-06
 Reference value :  2.33799e-06
 Reference value :  2.34019e-06
 Reference value :  2.34202e-06
 Reference value :  2.34396e-06
 Reference value :  2.34610e-06
 Reference value :  2.34831e-06
 Reference value :  2.35047e-06
 Reference value :  2.35264e-06
 Reference value :  2.35490e-06
 Reference value :  2.35706e-06
 Reference value :  2.35939e-06
 Reference value :  2.36191e-06
 Reference value :  2.36389e-06
 Reference value :  2.36617e-06
 Reference value :  2.36635e-06
 Reference value :  2.36677e-06
 Reference value :  2.36716e-06
 Reference value :  2.36724e-06
 Reference value :  2.36733e-06
 Reference value :  2.36778e-06
 Reference value :  2.36928e-06
 Reference value :  2.37099e-06
 Reference value :  2.37303e-06
 Reference value :  2.37483e-06
 Reference value :  2.37663e-06
 Reference value :  2.37848e-06
 Reference value :  2.38030e-06
 Reference value :  2.38209e-06
 Reference value :  2.38409e-06
 Reference value :  2.38607e-06
 Reference value :  2.38772e-06
 Reference value :  2.38973e-06
 Reference value :  2.39176e-06
 Reference value :  2.39354e-06
 Reference value :  2.39536e-06
 Reference value :  2.39756e-06
 Reference value :  2.39940e-06
 Reference value :  2.40119e-06
 Reference value :  2.40320e-06
 Reference value :  2.40519e-06
 Reference value :  2.40704e-06
 Reference value :  2.40795e-06
 Reference value :  2.40824e-06
 Reference value :  2.40883e-06
 Reference value :  2.40901e-06
 Reference value :  2.41004e-06
 Reference value :  2.41195e-06
 Reference value :  2.41376e-06
 Reference value :  2.41600e-06
 Reference value :  2.41778e-06
 Reference value :  2.41992e-06
 Reference value :  2.42176e-06
 Reference value :  2.42354e-06
 Reference value :  2.42508e-06
 Reference value :  2.42654e-06
 Reference value :  2.42812e-06
 Reference value :  2.43011e-06
 Reference value :  2.43192e-06
 Reference value :  2.43392e-06
 Reference value :  2.43575e-06
 Reference value :  2.43778e-06
 Reference value :  2.43958e-06
 Reference value :  2.44126e-06
 Reference value :  2.44309e-06
 Reference value :  2.44529e-06
 Reference value :  2.44708e-06
 Reference value :  2.44918e-06
 Reference value :  2.44972e-06
 Reference value :  2.45029e-06
 Reference value :  2.45060e-06
 Reference value :  2.45110e-06
 Reference value :  2.45171e-06
 Reference value :  2.45332e-06
 Reference value :  2.45487e-06
 Reference value :  2.45689e-06
 Reference value :  2.45867e-06
 Reference value :  2.46065e-06
 Reference value :  2.46268e-06
 Reference value :  2.46469e-06
 Reference value :  2.46666e-06
 Reference value :  2.46869e-06
 Reference value :  2.47053e-06
 Reference value :  2.47237e-06
 Reference value :  2.47440e-06
 Reference value :  2.47619e-06
 Reference value :  2.47800e-06
 Reference value :  2.47985e-06
 Reference value :  2.48165e-06
 Reference value :  2.48346e-06
 Reference value :  2.48548e-06
 Reference value :  2.48728e-06
 Reference value :  2.48910e-06
 Reference value :  2.49105e-06
 Reference value :  2.49129e-06
 Reference value :  2.49167e-06
 Reference value :  2.49221e-06
 Reference value :  2.49348e-06
 Reference value :  2.49540e-06
 Reference value :  2.49707e-06
 Reference value :  2.49909e-06
 Reference value :  2.50094e-06
 Reference value :  2.50259e-06
 Reference value :  2.50455e-06
 Reference value :  2.50688e-06
 Reference value :  2.50873e-06
 Reference value :  2.51067e-06
 Reference value :  2.51301e-06
 Reference value :  2.51535e-06
 Reference value :  2.51752e-06
 Reference value :  2.51968e-06
 Reference value :  2.52205e-06
 Reference value :  2.52441e-06
 Reference value :  2.52655e-06
 Reference value :  2.52874e-06
 Reference value :  2.53070e-06
 Reference value :  2.53275e-06
 Reference value :  2.53299e-06
 Reference value :  2.53334e-06
 Reference value :  2.53376e-06
 Reference value :  2.53388e-06
 Reference value :  2.53396e-06
 Reference value :  2.53426e-06
 Reference value :  2.53502e-06
 Reference value :  2.53695e-06
 Reference value :  2.53873e-06
 Reference value :  2.54050e-06
 Reference value :  2.54234e-06
 Reference value :  2.54434e-06
 Reference value :  2.54627e-06
 Reference value :  2.54864e-06
 Reference value :  2.55062e-06
 Reference value :  2.55264e-06
 Reference value :  2.55443e-06
 Reference value :  2.55624e-06
 Reference value :  2.55827e-06
 Reference value :  2.56006e-06
 Reference value :  2.56188e-06
 Reference value :  2.56406e-06
 Reference value :  2.56585e-06
 Reference value :  2.56768e-06
 Reference value :  2.56972e-06
 Reference value :  2.57156e-06
 Reference value :  2.57335e-06
 Reference value :  2.57458e-06
 Reference value :  2.57478e-06
 Reference value :  2.57541e-06
 Reference value :  2.57641e-06
 Reference value :  2.57833e-06
 Reference value :  2.57988e-06
 Reference value :  2.58169e-06
 Reference value :  2.58392e-06
 Reference value :  2.58586e-06
 Reference value :  2.58788e-06
 Reference value :  2.58988e-06
 Reference value :  2.59153e-06
 Reference value :  2.59350e-06
 Reference value :  2.59585e-06
 Reference value :  2.59820e-06
 Reference value :  2.60035e-06
 Reference value :  2.60271e-06
 Reference value :  2.60487e-06
 Reference value :  2.60721e-06
 Reference value :  2.60934e-06
 Reference value :  2.61150e-06
 Reference value :  2.61407e-06
 Reference value :  2.61618e-06
 Reference value :  2.61636e-06
 Reference value :  2.61687e-06
 Reference value :  2.61716e-06
 Reference value :  2.61723e-06
 Reference value :  2.61742e-06
 Reference value :  2.61811e-06
 Reference value :  2.62003e-06
 Reference value :  2.62157e-06
 Reference value :  2.62331e-06
 Reference value :  2.62531e-06
 Reference value :  2.62712e-06
 Reference value :  2.62894e-06
 Reference value :  2.63096e-06
 Reference value :  2.63300e-06
 Reference value :  2.63464e-06
 Reference value :  2.63645e-06
 Reference value :  2.63847e-06
 Reference value :  2.64032e-06
 Reference value :  2.64212e-06
 Reference value :  2.64395e-06
 Reference value :  2.64596e-06
 Reference value :  2.64798e-06
 Reference value :  2.64958e-06
 Reference value :  2.65161e-06
 Reference value :  2.65363e-06
 Reference value :  2.65544e-06
 Reference value :  2.65707e-06
 Reference value :  2.65793e-06
 Reference value :  2.65814e-06
 Reference value :  2.65885e-06
 Reference value :  2.65989e-06
 Reference value :  2.66181e-06
 Reference value :  2.66372e-06
 Reference value :  2.66573e-06
 Reference value :  2.66794e-06
 Reference value :  2.66995e-06
 Reference value :  2.67181e-06
 Reference value :  2.67415e-06
 Reference value :  2.67609e-06
 Reference value :  2.67825e-06
 Reference value :  2.68059e-06
 Reference value :  2.68294e-06
 Reference value :  2.68529e-06
 Reference value :  2.68744e-06
 Reference value :  2.69076e-06
 Reference value :  2.69430e-06
 Reference value :  2.69794e-06
 Reference value :  2.69967e-06
 Reference value :  2.70038e-06
 Reference value :  2.70057e-06
 Reference value :  2.70098e-06
 Reference value :  2.70214e-06
 Reference value :  2.70398e-06
 Reference value :  2.70557e-06
 Reference value :  2.70760e-06
 Reference value :  2.70928e-06
 Reference value :  2.71108e-06
 Reference value :  2.71290e-06
 Reference value :  2.71490e-06
 Reference value :  2.71672e-06
 Reference value :  2.71853e-06
 Reference value :  2.72053e-06
 Reference value :  2.72272e-06
 Reference value :  2.72431e-06
 Reference value :  2.72635e-06
 Reference value :  2.72838e-06
 Reference value :  2.73037e-06
 Reference value :  2.73216e-06
 Reference value :  2.73416e-06
 Reference value :  2.73616e-06
 Reference value :  2.73818e-06
 Reference value :  2.73978e-06
 Reference value :  2.74121e-06
 Reference value :  2.74138e-06
 Reference value :  2.74192e-06
 Reference value :  2.74303e-06
 Reference value :  2.74460e-06
 Reference value :  2.74640e-06
 Reference value :  2.74843e-06
 Reference value :  2.75022e-06
 Reference value :  2.75220e-06
 Reference value :  2.75404e-06
 Reference value :  2.75583e-06
 Reference value :  2.75766e-06
 Reference value :  2.76062e-06
 Reference value :  2.76276e-06
 Reference value :  2.76509e-06
 Reference value :  2.76703e-06
 Reference value :  2.76973e-06
 Reference value :  2.77224e-06
 Reference value :  2.77482e-06
 Reference value :  2.77731e-06
 Reference value :  2.77943e-06
 Reference value :  2.78155e-06
 Reference value :  2.78291e-06
 Reference value :  2.78318e-06
 Reference value :  2.78362e-06
 Reference value :  2.78385e-06
 Reference value :  2.78394e-06
 Reference value :  2.78448e-06
 Reference value :  2.78565e-06
 Reference value :  2.78769e-06
 Reference value :  2.78951e-06
 Reference value :  2.79154e-06
 Reference value :  2.79315e-06
 Reference value :  2.79498e-06
 Reference value :  2.79700e-06
 Reference value :  2.79877e-06
 Reference value :  2.80060e-06
 Reference value :  2.80262e-06
 Reference value :  2.80438e-06
 Reference value :  2.80624e-06
 Reference value :  2.80808e-06
 Reference value :  2.80986e-06
 Reference value :  2.81169e-06
 Reference value :  2.81349e-06
 Reference value :  2.81545e-06
 Reference value :  2.81729e-06
 Reference value :  2.81907e-06
 Reference value :  2.82105e-06
 Reference value :  2.82283e-06
 Reference value :  2.82452e-06
 Reference value :  2.82472e-06
 Reference value :  2.82537e-06
 Reference value :  2.82645e-06
 Reference value :  2.82799e-06
 Reference value :  2.82957e-06
 Reference value :  2.83133e-06
 Reference value :  2.83348e-06
 Reference value :  2.83548e-06
 Reference value :  2.83728e-06
 Reference value :  2.83911e-06
 Reference value :  2.84113e-06
 Reference value :  2.84314e-06
 Reference value :  2.84475e-06
 Reference value :  2.84690e-06
 Reference value :  2.84891e-06
 Reference value :  2.85118e-06
 Reference value :  2.85374e-06
 Reference value :  2.85585e-06
 Reference value :  2.85843e-06
 Reference value :  2.86078e-06
 Reference value :  2.86312e-06
 Reference value :  2.86524e-06
 Reference value :  2.86625e-06
 Reference value :  2.86653e-06
 Reference value :  2.86694e-06
 Reference value :  2.86719e-06
 Reference value :  2.86726e-06
 Reference value :  2.86736e-06
 Reference value :  2.86798e-06
 Reference value :  2.86976e-06
 Reference value :  2.87134e-06
 Reference value :  2.87336e-06
 Reference value :  2.87537e-06
 Reference value :  2.87703e-06
 Reference value :  2.87899e-06
 Reference value :  2.88099e-06
 Reference value :  2.88264e-06
 Reference value :  2.88446e-06
 Reference value :  2.88645e-06
 Reference value :  2.88825e-06
 Reference value :  2.89011e-06
 Reference value :  2.89209e-06
 Reference value :  2.89393e-06
 Reference value :  2.89571e-06
 Reference value :  2.89770e-06
 Reference value :  2.89950e-06
 Reference value :  2.90154e-06
 Reference value :  2.90440e-06
 Reference value :  2.90731e-06
 Reference value :  2.90808e-06
 Reference value :  2.90862e-06
 Reference value :  2.90939e-06
 Reference value :  2.91075e-06
 Reference value :  2.91274e-06
 Reference value :  2.91448e-06
 Reference value :  2.91632e-06
 Reference value :  2.91811e-06
 Reference value :  2.91991e-06
 Reference value :  2.92209e-06
 Reference value :  2.92385e-06
 Reference value :  2.92557e-06
 Reference value :  2.92758e-06
 Reference value :  2.92978e-06
 Reference value :  2.93192e-06
 Reference value :  2.93409e-06
 Reference value :  2.93604e-06
 Reference value :  2.93803e-06
 Reference value :  2.94040e-06
 Reference value :  2.94273e-06
 Reference value :  2.94489e-06
 Reference value :  2.94723e-06
 Reference value :  2.94921e-06
 Reference value :  2.94965e-06
 Reference value :  2.95006e-06
 Reference value :  2.95045e-06
 Reference value :  2.95058e-06
 Reference value :  2.95071e-06
 Reference value :  2.95113e-06
 Reference value :  2.95322e-06
 Reference value :  2.95535e-06
 Reference value :  2.95712e-06
 Reference value :  2.95914e-06
 Reference value :  2.96114e-06
 Reference value :  2.96294e-06
 Reference value :  2.96477e-06
 Reference value :  2.96695e-06
 Reference value :  2.96896e-06
 Reference value :  2.97091e-06
 Reference value :  2.97291e-06
 Reference value :  2.97475e-06
 Reference value :  2.97677e-06
 Reference value :  2.97839e-06
 Reference value :  2.98036e-06
 Reference value :  2.98234e-06
 Reference value :  2.98413e-06
 Reference value :  2.98630e-06
 Reference value :  2.98808e-06
 Reference value :  2.98988e-06
 Reference value :  2.99120e-06
 Reference value :  2.99140e-06
 Reference value :  2.99196e-06
 Reference value :  2.99247e-06
 Reference value :  2.99367e-06
 Reference value :  2.99559e-06
 Reference value :  2.99712e-06
 Reference value :  2.99871e-06
 Reference value :  3.00027e-06
 Reference value :  3.00215e-06
 Reference value :  3.00395e-06
 Reference value :  3.00559e-06
 Reference value :  3.00757e-06
 Reference value :  3.00934e-06
 Reference value :  3.01133e-06
 Reference value :  3.01313e-06
 Reference value :  3.01511e-06
 Reference value :  3.01747e-06
 Reference value :  3.01945e-06
 Reference value :  3.02179e-06
 Reference value :  3.02393e-06
 Reference value :  3.02571e-06
 Reference value :  3.02805e-06
 Reference value :  3.03004e-06
 Reference value :  3.03201e-06
 Reference value :  3.03291e-06
 Reference value :  3.03314e-06
 Reference value :  3.03347e-06
 Reference value :  3.03377e-06
 Reference value :  3.03391e-06
 Reference value :  3.03416e-06
 Reference value :  3.03466e-06
 Reference value :  3.03597e-06
 Reference value :  3.03785e-06
 Reference value :  3.03959e-06
 Reference value :  3.04161e-06
 Reference value :  3.04359e-06
 Reference value :  3.04537e-06
 Reference value :  3.04723e-06
 Reference value :  3.04923e-06
 Reference value :  3.05101e-06
 Reference value :  3.05285e-06
 Reference value :  3.05486e-06
 Reference value :  3.05666e-06
 Reference value :  3.05885e-06
 Reference value :  3.06066e-06
 Reference value :  3.06270e-06
 Reference value :  3.06449e-06
 Reference value :  3.06634e-06
 Reference value :  3.06816e-06
 Reference value :  3.07019e-06
 Reference value :  3.07179e-06
 Reference value :  3.07381e-06
 Reference value :  3.07455e-06
 Reference value :  3.07469e-06
 Reference value :  3.07525e-06
 Reference value :  3.07628e-06
 Reference value :  3.07771e-06
 Reference value :  3.07944e-06
 Reference value :  3.08121e-06
 Reference value :  3.08320e-06
 Reference value :  3.08503e-06
 Reference value :  3.08702e-06
 Reference value :  3.08862e-06
 Reference value :  3.09098e-06
 Reference value :  3.09282e-06
 Reference value :  3.09459e-06
 Reference value :  3.09662e-06
 Reference value :  3.09898e-06
 Reference value :  3.10096e-06
 Reference value :  3.10331e-06
 Reference value :  3.10531e-06
 Reference value :  3.10725e-06
 Reference value :  3.10957e-06
 Reference value :  3.11173e-06
 Reference value :  3.11407e-06
 Reference value :  3.11617e-06
 Reference value :  3.11635e-06
 Reference value :  3.11674e-06
 Reference value :  3.11707e-06
 Reference value :  3.11722e-06
 Reference value :  3.11740e-06
 Reference value :  3.11765e-06
 Reference value :  3.11792e-06
 Reference value :  3.11981e-06
 Reference value :  3.12171e-06
 Reference value :  3.12344e-06
 Reference value :  3.12515e-06
 Reference value :  3.12689e-06
 Reference value :  3.12889e-06
 Reference value :  3.13049e-06
 Reference value :  3.13269e-06
 Reference value :  3.13483e-06
 Reference value :  3.13703e-06
 Reference value :  3.13882e-06
 Reference value :  3.14065e-06
 Reference value :  3.14268e-06
 Reference value :  3.14471e-06
 Reference value :  3.14654e-06
 Reference value :  3.14832e-06
 Reference value :  3.15032e-06
 Reference value :  3.15232e-06
 Reference value :  3.15412e-06
 Reference value :  3.15613e-06
 Reference value :  3.15784e-06
 Reference value :  3.15800e-06
 Reference value :  3.15873e-06
 Reference value :  3.15902e-06
 Reference value :  3.15999e-06
 Reference value :  3.16129e-06
 Reference value :  3.16243e-06
 Reference value :  3.16429e-06
 Reference value :  3.16618e-06
 Reference value :  3.16817e-06
 Reference value :  3.16993e-06
 Reference value :  3.17196e-06
 Reference value :  3.17414e-06
 Reference value :  3.17592e-06
 Reference value :  3.17796e-06
 Reference value :  3.17981e-06
 Reference value :  3.18183e-06
 Reference value :  3.18385e-06
 Reference value :  3.18590e-06
 Reference value :  3.18791e-06
 Reference value :  3.18969e-06
 Reference value :  3.19152e-06
 Reference value :  3.19354e-06
 Reference value :  3.19556e-06
 Reference value :  3.19759e-06
 Reference value :  3.19935e-06
 Reference value :  3.19966e-06
 Reference value :  3.20004e-06
 Reference value :  3.20050e-06
 Reference value :  3.20072e-06
 Reference value :  3.20098e-06
 Reference value :  3.20121e-06
 Reference value :  3.20137e-06
 Reference value :  3.20315e-06
 Reference value :  3.20532e-06
 Reference value :  3.20728e-06
 Reference value :  3.20927e-06
 Reference value :  3.21104e-06
 Reference value :  3.21303e-06
 Reference value :  3.21482e-06
 Reference value :  3.21682e-06
 Reference value :  3.21884e-06
 Reference value :  3.22088e-06
 Reference value :  3.22269e-06
 Reference value :  3.22432e-06
 Reference value :  3.22651e-06
 Reference value :  3.22853e-06
 Reference value :  3.23054e-06
 Reference value :  3.23234e-06
 Reference value :  3.23434e-06
 Reference value :  3.23637e-06
 Reference value :  3.23856e-06
 Reference value :  3.24056e-06
 Reference value :  3.24122e-06
 Reference value :  3.24137e-06
 Reference value :  3.24189e-06
 Reference value :  3.24236e-06
 Reference value :  3.24328e-06
 Reference value :  3.24482e-06
 Reference value :  3.24562e-06
 Reference value :  3.24689e-06
 Reference value :  3.24844e-06
 Reference value :  3.25018e-06
 Reference value :  3.25218e-06
 Reference value :  3.25379e-06
 Reference value :  3.25580e-06
 Reference value :  3.25765e-06
 Reference value :  3.25944e-06
 Reference value :  3.26129e-06
 Reference value :  3.26332e-06
 Reference value :  3.26534e-06
 Reference value :  3.26720e-06
 Reference value :  3.26916e-06
 Reference value :  3.27100e-06
 Reference value :  3.27282e-06
 Reference value :  3.27485e-06
 Reference value :  3.27645e-06
 Reference value :  3.27829e-06
 Reference value :  3.28032e-06
 Reference value :  3.28213e-06
 Reference value :  3.28294e-06
 Reference value :  3.28327e-06
 Reference value :  3.28371e-06
 Reference value :  3.28391e-06
 Reference value :  3.28402e-06
 Reference value :  3.28453e-06
 Reference value :  3.28518e-06
 Reference value :  3.28679e-06
 Reference value :  3.28852e-06
 Reference value :  3.29029e-06
 Reference value :  3.29229e-06
 Reference value :  3.29413e-06
 Reference value :  3.29592e-06
 Reference value :  3.29776e-06
 Reference value :  3.29978e-06
 Reference value :  3.30178e-06
 Reference value :  3.30356e-06
 Reference value :  3.30541e-06
 Reference value :  3.30742e-06
 Reference value :  3.30939e-06
 Reference value :  3.31141e-06
 Reference value :  3.31322e-06
 Reference value :  3.31525e-06
 Reference value :  3.31725e-06
 Reference value :  3.31903e-06
 Reference value :  3.32087e-06
 Reference value :  3.32265e-06
 Reference value :  3.32440e-06
 Reference value :  3.32463e-06
 Reference value :  3.32486e-06
 Reference value :  3.32551e-06
 Reference value :  3.32568e-06
 Reference value :  3.32707e-06
 Reference value :  3.32848e-06
 Reference value :  3.33019e-06
 Reference value :  3.33177e-06
 Reference value :  3.33377e-06
 Reference value :  3.33537e-06
 Reference value :  3.33737e-06
 Reference value :  3.33957e-06
 Reference value :  3.34157e-06
 Reference value :  3.34392e-06
 Reference value :  3.34628e-06
 Reference value :  3.34844e-06
 Reference value :  3.35054e-06
 Reference value :  3.35270e-06
 Reference value :  3.35487e-06
 Reference value :  3.35722e-06
 Reference value :  3.35939e-06
 Reference value :  3.36156e-06
 Reference value :  3.36353e-06
 Reference value :  3.36568e-06
 Reference value :  3.36628e-06
 Reference value :  3.36665e-06
 Reference value :  3.36699e-06
 Reference value :  3.36724e-06
 Reference value :  3.36738e-06
 Reference value :  3.36824e-06
 Reference value :  3.37003e-06
 Reference value :  3.37174e-06
 Reference value :  3.37334e-06
 Reference value :  3.37517e-06
 Reference value :  3.37699e-06
 Reference value :  3.37879e-06
 Reference value :  3.38078e-06
 Reference value :  3.38257e-06
 Reference value :  3.38455e-06
 Reference value :  3.38659e-06
 Reference value :  3.38860e-06
 Reference value :  3.39020e-06
 Reference value :  3.39221e-06
 Reference value :  3.39424e-06
 Reference value :  3.39602e-06
 Reference value :  3.39783e-06
 Reference value :  3.40003e-06
 Reference value :  3.40202e-06
 Reference value :  3.40380e-06
 Reference value :  3.40580e-06
 Reference value :  3.40783e-06
 Reference value :  3.40799e-06
 Reference value :  3.40841e-06
 Reference value :  3.40901e-06
 Reference value :  3.41060e-06
 Reference value :  3.41196e-06
 Reference value :  3.41353e-06
 Reference value :  3.41529e-06
 Reference value :  3.41729e-06
 Reference value :  3.41928e-06
 Reference value :  3.42124e-06
 Reference value :  3.42356e-06
 Reference value :  3.42569e-06
 Reference value :  3.42803e-06
 Reference value :  3.43002e-06
 Reference value :  3.43197e-06
 Reference value :  3.43416e-06
 Reference value :  3.43666e-06
 Reference value :  3.43867e-06
 Reference value :  3.44086e-06
 Reference value :  3.44288e-06
 Reference value :  3.44507e-06
 Reference value :  3.44703e-06
 Reference value :  3.44907e-06
 Reference value :  3.44963e-06
 Reference value :  3.44990e-06
 Reference value :  3.45036e-06
 Reference value :  3.45054e-06
 Reference value :  3.45066e-06
 Reference value :  3.45123e-06
 Reference value :  3.45295e-06
 Reference value :  3.45507e-06
 Reference value :  3.45665e-06
 Reference value :  3.45866e-06
 Reference value :  3.46042e-06
 Reference value :  3.46243e-06
 Reference value :  3.46446e-06
 Reference value :  3.46624e-06
 Reference value :  3.46805e-06
 Reference value :  3.46993e-06
 Reference value :  3.47156e-06
 Reference value :  3.47359e-06
 Reference value :  3.47541e-06
 Reference value :  3.47744e-06
 Reference value :  3.47925e-06
 Reference value :  3.48104e-06
 Reference value :  3.48288e-06
 Reference value :  3.48481e-06
 Reference value :  3.48679e-06
 Reference value :  3.48860e-06
 Reference value :  3.49040e-06
 Reference value :  3.49127e-06
 Reference value :  3.49150e-06
 Reference value :  3.49217e-06
 Reference value :  3.49312e-06
 Reference value :  3.49452e-06
 Reference value :  3.49624e-06
 Reference value :  3.49800e-06
 Reference value :  3.50000e-06
 Reference value :  3.50184e-06
 Reference value :  3.50379e-06
 Reference value :  3.50629e-06
 Reference value :  3.50844e-06
 Reference value :  3.51078e-06
 Reference value :  3.51312e-06
 Reference value :  3.51531e-06
 Reference value :  3.51765e-06
 Reference value :  3.52000e-06
 Reference value :  3.52218e-06
 Reference value :  3.52450e-06
 Reference value :  3.52699e-06
 Reference value :  3.52892e-06
 Reference value :  3.53126e-06
 Reference value :  3.53286e-06
 Reference value :  3.53302e-06
 Reference value :  3.53348e-06
 Reference value :  3.53383e-06
 Reference value :  3.53391e-06
 Reference value :  3.53403e-06
 Reference value :  3.53477e-06
 Reference value :  3.53640e-06
 Reference value :  3.53811e-06
 Reference value :  3.54012e-06
 Reference value :  3.54188e-06
 Reference value :  3.54391e-06
 Reference value :  3.54593e-06
 Reference value :  3.54756e-06
 Reference value :  3.54939e-06
 Reference value :  3.55142e-06
 Reference value :  3.55343e-06
 Reference value :  3.55522e-06
 Reference value :  3.55706e-06
 Reference value :  3.55874e-06
 Reference value :  3.56075e-06
 Reference value :  3.56250e-06
 Reference value :  3.56449e-06
 Reference value :  3.56629e-06
 Reference value :  3.56809e-06
 Reference value :  3.56987e-06
 Reference value :  3.57185e-06
 Reference value :  3.57388e-06
 Reference value :  3.57462e-06
 Reference value :  3.57494e-06
 Reference value :  3.57557e-06
 Reference value :  3.57578e-06
 Reference value :  3.57720e-06
 Reference value :  3.57848e-06
 Reference value :  3.58020e-06
 Reference value :  3.58221e-06
 Reference value :  3.58418e-06
 Reference value :  3.58641e-06
 Reference value :  3.58835e-06
 Reference value :  3.59037e-06
 Reference value :  3.59238e-06
 Reference value :  3.59421e-06
 Reference value :  3.59584e-06
 Reference value :  3.59784e-06
 Reference value :  3.59986e-06
 Reference value :  3.60163e-06
 Reference value :  3.60381e-06
 Reference value :  3.60585e-06
 Reference value :  3.60787e-06
 Reference value :  3.60988e-06
 Reference value :  3.61170e-06
 Reference value :  3.61351e-06
 Reference value :  3.61553e-06
 Reference value :  3.61628e-06
 Reference value :  3.61668e-06
 Reference value :  3.61711e-06
 Reference value :  3.61721e-06
 Reference value :  3.61730e-06
 Reference value :  3.61779e-06
 Reference value :  3.61942e-06
 Reference value :  3.62131e-06
 Reference value :  3.62328e-06
 Reference value :  3.62506e-06
 Reference value :  3.62703e-06
 Reference value :  3.62887e-06
 Reference value :  3.63064e-06
 Reference value :  3.63248e-06
 Reference value :  3.63424e-06
 Reference value :  3.63608e-06
 Reference value :  3.63771e-06
 Reference value :  3.63952e-06
 Reference value :  3.64155e-06
 Reference value :  3.64335e-06
 Reference value :  3.64534e-06
 Reference value :  3.64738e-06
 Reference value :  3.64938e-06
 Reference value :  3.65138e-06
 Reference value :  3.65315e-06
 Reference value :  3.65534e-06
 Reference value :  3.65737e-06
 Reference value :  3.65795e-06
 Reference value :  3.65819e-06
 Reference value :  3.65884e-06
 Reference value :  3.65900e-06
 Reference value :  3.65992e-06
 Reference value :  3.66110e-06
 Reference value :  3.66302e-06
 Reference value :  3.66475e-06
 Reference value :  3.66664e-06
 Reference value :  3.66863e-06
 Reference value :  3.67041e-06
 Reference value :  3.67225e-06
 Reference value :  3.67427e-06
 Reference value :  3.67607e-06
 Reference value :  3.67821e-06
 Reference value :  3.68027e-06
 Reference value :  3.68228e-06
 Reference value :  3.68430e-06
 Reference value :  3.68614e-06
 Reference value :  3.68810e-06
 Reference value :  3.68991e-06
 Reference value :  3.69225e-06
 Reference value :  3.69426e-06
 Reference value :  3.69624e-06
 Reference value :  3.69865e-06
 Reference value :  3.69957e-06
 Reference value :  3.69985e-06
 Reference value :  3.70024e-06
 Reference value :  3.70057e-06
 Reference value :  3.70075e-06
 Reference value :  3.70179e-06
 Reference value :  3.70388e-06
 Reference value :  3.70586e-06
 Reference value :  3.70745e-06
 Reference value :  3.70947e-06
 Reference value :  3.71150e-06
 Reference value :  3.71350e-06
 Reference value :  3.71529e-06
 Reference value :  3.71727e-06
 Reference value :  3.71932e-06
 Reference value :  3.72134e-06
 Reference value :  3.72312e-06
 Reference value :  3.72492e-06
 Reference value :  3.72673e-06
 Reference value :  3.72853e-06
 Reference value :  3.73052e-06
 Reference value :  3.73228e-06
 Reference value :  3.73427e-06
 Reference value :  3.73607e-06
 Reference value :  3.73788e-06
 Reference value :  3.73972e-06
 Reference value :  3.74119e-06
 Reference value :  3.74140e-06
 Reference value :  3.74202e-06
 Reference value :  3.74228e-06
 Reference value :  3.74294e-06
 Reference value :  3.74414e-06
 Reference value :  3.74573e-06
 Reference value :  3.74748e-06
 Reference value :  3.74948e-06
 Reference value :  3.75143e-06
 Reference value :  3.75325e-06
 Reference value :  3.75546e-06
 Reference value :  3.75763e-06
 Reference value :  3.75985e-06
 Reference value :  3.76189e-06
 Reference value :  3.76406e-06
 Reference value :  3.76624e-06
 Reference value :  3.76825e-06
 Reference value :  3.77061e-06
 Reference value :  3.77297e-06
 Reference value :  3.77516e-06
 Reference value :  3.77753e-06
 Reference value :  3.77970e-06
 Reference value :  3.78206e-06
 Reference value :  3.78295e-06
 Reference value :  3.78322e-06
 Reference value :  3.78374e-06
 Reference value :  3.78391e-06
 Reference value :  3.78418e-06
 Reference value :  3.78527e-06
 Reference value :  3.78741e-06
 Reference value :  3.78919e-06
 Reference value :  3.79100e-06
 Reference value :  3.79293e-06
 Reference value :  3.79494e-06
 Reference value :  3.79672e-06
 Reference value :  3.79869e-06
 Reference value :  3.80070e-06
 Reference value :  3.80244e-06
 Reference value :  3.80447e-06
 Reference value :  3.80642e-06
 Reference value :  3.80823e-06
 Reference value :  3.81043e-06
 Reference value :  3.81244e-06
 Reference value :  3.81423e-06
 Reference value :  3.81622e-06
 Reference value :  3.81821e-06
 Reference value :  3.81999e-06
 Reference value :  3.82179e-06
 Reference value :  3.82373e-06
 Reference value :  3.82457e-06
 Reference value :  3.82475e-06
 Reference value :  3.82530e-06
 Reference value :  3.82565e-06
 Reference value :  3.82669e-06
 Reference value :  3.82764e-06
 Reference value :  3.82911e-06
 Reference value :  3.83088e-06
 Reference value :  3.83274e-06
 Reference value :  3.83476e-06
 Reference value :  3.83680e-06
 Reference value :  3.83898e-06
 Reference value :  3.84092e-06
 Reference value :  3.84312e-06
 Reference value :  3.84511e-06
 Reference value :  3.84711e-06
 Reference value :  3.84911e-06
 Reference value :  3.85107e-06
 Reference value :  3.85338e-06
 Reference value :  3.85540e-06
 Reference value :  3.85756e-06
 Reference value :  3.85972e-06
 Reference value :  3.86165e-06
 Reference value :  3.86386e-06
 Reference value :  3.86568e-06
 Reference value :  3.86626e-06
 Reference value :  3.86659e-06
 Reference value :  3.86717e-06
 Reference value :  3.86726e-06
 Reference value :  3.86738e-06
 Reference value :  3.86764e-06
 Reference value :  3.86852e-06
 Reference value :  3.87065e-06
 Reference value :  3.87241e-06
 Reference value :  3.87426e-06
 Reference value :  3.87606e-06
 Reference value :  3.87814e-06
 Reference value :  3.88026e-06
 Reference value :  3.88222e-06
 Reference value :  3.88424e-06
 Reference value :  3.88584e-06
 Reference value :  3.88784e-06
 Reference value :  3.88964e-06
 Reference value :  3.89148e-06
 Reference value :  3.89332e-06
 Reference value :  3.89550e-06
 Reference value :  3.89711e-06
 Reference value :  3.89894e-06
 Reference value :  3.90095e-06
 Reference value :  3.90270e-06
 Reference value :  3.90469e-06
 Reference value :  3.90646e-06
 Reference value :  3.90791e-06
 Reference value :  3.90811e-06
 Reference value :  3.90869e-06
 Reference value :  3.90897e-06
 Reference value :  3.90981e-06
 Reference value :  3.91087e-06
 Reference value :  3.91225e-06
 Reference value :  3.91401e-06
 Reference value :  3.91602e-06
 Reference value :  3.91802e-06
 Reference value :  3.91980e-06
 Reference value :  3.92183e-06
 Reference value :  3.92403e-06
 Reference value :  3.92603e-06
 Reference value :  3.92822e-06
 Reference value :  3.93020e-06
 Reference value :  3.93232e-06
 Reference value :  3.93432e-06
 Reference value :  3.93650e-06
 Reference value :  3.93850e-06
 Reference value :  3.94044e-06
 Reference value :  3.94243e-06
 Reference value :  3.94443e-06
 Reference value :  3.94639e-06
 Reference value :  3.94839e-06
 Reference value :  3.94957e-06
 Reference value :  3.94983e-06
 Reference value :  3.95017e-06
 Reference value :  3.95038e-06
 Reference value :  3.95055e-06
 Reference value :  3.95064e-06
 Reference value :  3.95100e-06
 Reference value :  3.95211e-06
 Reference value :  3.95453e-06
 Reference value :  3.95631e-06
 Reference value :  3.95811e-06
 Reference value :  3.95974e-06
 Reference value :  3.96173e-06
 Reference value :  3.96350e-06
 Reference value :  3.96552e-06
 Reference value :  3.96736e-06
 Reference value :  3.96932e-06
 Reference value :  3.97112e-06
 Reference value :  3.97331e-06
 Reference value :  3.97511e-06
 Reference value :  3.97691e-06
 Reference value :  3.97891e-06
 Reference value :  3.98068e-06
 Reference value :  3.98251e-06
 Reference value :  3.98411e-06
 Reference value :  3.98594e-06
 Reference value :  3.98828e-06
 Reference value :  3.99003e-06
 Reference value :  3.99123e-06
 Reference value :  3.99140e-06
 Reference value :  3.99194e-06
 Reference value :  3.99276e-06
 Reference value :  3.99420e-06
 Reference value :  3.99535e-06
 Reference value :  3.99751e-06
 Reference value :  3.99951e-06
 Reference value :  4.00128e-06
 Reference value :  4.00345e-06
 Reference value :  4.00563e-06
 Reference value :  4.00764e-06
 Reference value :  4.00960e-06
 Reference value :  4.01177e-06
 Reference value :  4.01379e-06
 Reference value :  4.01582e-06
 Reference value :  4.01819e-06
 Reference value :  4.02018e-06
 Reference value :  4.02235e-06
 Reference value :  4.02437e-06
 Reference value :  4.02634e-06
 Reference value :  4.02831e-06
 Reference value :  4.03052e-06
 Reference value :  4.03252e-06
 Reference value :  4.03295e-06
 Reference value :  4.03321e-06
 Reference value :  4.03384e-06
 Reference value :  4.03396e-06
 Reference value :  4.03434e-06
 Reference value :  4.03557e-06
 Reference value :  4.03734e-06
 Reference value :  4.03923e-06
 Reference value :  4.04105e-06
 Reference value :  4.04299e-06
 Reference value :  4.04499e-06
 Reference value :  4.04694e-06
 Reference value :  4.04875e-06
 Reference value :  4.05078e-06
 Reference value :  4.05254e-06
 Reference value :  4.05459e-06
 Reference value :  4.05659e-06
 Reference value :  4.05858e-06
 Reference value :  4.06037e-06
 Reference value :  4.06235e-06
 Reference value :  4.06437e-06
 Reference value :  4.06631e-06
 Reference value :  4.06811e-06
 Reference value :  4.06992e-06
 Reference value :  4.07176e-06
 Reference value :  4.07359e-06
 Reference value :  4.07455e-06
 Reference value :  4.07468e-06
 Reference value :  4.07524e-06
 Reference value :  4.07569e-06
 Reference value :  4.07757e-06
 Reference value :  4.07968e-06
 Reference value :  4.08248e-06
 Reference value :  4.08520e-06
 Reference value :  4.08824e-06
 Reference value :  4.09155e-06
 Reference value :  4.09528e-06
 Reference value :  4.09778e-06
 Reference value :  4.09990e-06
 Reference value :  4.10191e-06
 Reference value :  4.10392e-06
 Reference value :  4.10593e-06
 Reference value :  4.10814e-06
 Reference value :  4.11016e-06
 Reference value :  4.11218e-06
 Reference value :  4.11417e-06
 Reference value :  4.11606e-06
 Reference value :  4.11626e-06
 Reference value :  4.11660e-06
 Reference value :  4.11698e-06
 Reference value :  4.11751e-06
 Reference value :  4.11770e-06
 Reference value :  4.11825e-06
 Reference value :  4.11990e-06
 Reference value :  4.12197e-06
 Reference value :  4.12354e-06
 Reference value :  4.12541e-06
 Reference value :  4.12716e-06
 Reference value :  4.12916e-06
 Reference value :  4.13095e-06
 Reference value :  4.13293e-06
 Reference value :  4.13497e-06
 Reference value :  4.13715e-06
 Reference value :  4.13893e-06
 Reference value :  4.14076e-06
 Reference value :  4.14292e-06
 Reference value :  4.14509e-06
 Reference value :  4.14685e-06
 Reference value :  4.14903e-06
 Reference value :  4.15087e-06
 Reference value :  4.15265e-06
 Reference value :  4.15480e-06
 Reference value :  4.15680e-06
 Reference value :  4.15787e-06
 Reference value :  4.15822e-06
 Reference value :  4.15890e-06
 Reference value :  4.15920e-06
 Reference value :  4.16026e-06
 Reference value :  4.16212e-06
 Reference value :  4.16405e-06
 Reference value :  4.16562e-06
 Reference value :  4.16737e-06
 Reference value :  4.16936e-06
 Reference value :  4.17115e-06
 Reference value :  4.17383e-06
 Reference value :  4.17586e-06
 Reference value :  4.17769e-06
 Reference value :  4.17974e-06
 Reference value :  4.18174e-06
 Reference value :  4.18358e-06
 Reference value :  4.18538e-06
 Reference value :  4.18740e-06
 Reference value :  4.18939e-06
 Reference value :  4.19140e-06
 Reference value :  4.19337e-06
 Reference value :  4.19521e-06
 Reference value :  4.19704e-06
 Reference value :  4.19907e-06
 Reference value :  4.19966e-06
 Reference value :  4.20011e-06
 Reference value :  4.20062e-06
 Reference value :  4.20092e-06
 Reference value :  4.20125e-06
 Reference value :  4.20140e-06
 Reference value :  4.20254e-06
 Reference value :  4.20456e-06
 Reference value :  4.20626e-06
 Reference value :  4.20801e-06
 Reference value :  4.21017e-06
 Reference value :  4.21175e-06
 Reference value :  4.21374e-06
 Reference value :  4.21550e-06
 Reference value :  4.21748e-06
 Reference value :  4.21925e-06
 Reference value :  4.22125e-06
 Reference value :  4.22327e-06
 Reference value :  4.22500e-06
 Reference value :  4.22717e-06
 Reference value :  4.22891e-06
 Reference value :  4.23090e-06
 Reference value :  4.23279e-06
 Reference value :  4.23456e-06
 Reference value :  4.23653e-06
 Reference value :  4.23844e-06
 Reference value :  4.24040e-06
 Reference value :  4.24122e-06
 Reference value :  4.24140e-06
 Reference value :  4.24207e-06
 Reference value :  4.24300e-06
 Reference value :  4.24423e-06
 Reference value :  4.24582e-06
 Reference value :  4.24760e-06
 Reference value :  4.24959e-06
 Reference value :  4.25144e-06
 Reference value :  4.25394e-06
 Reference value :  4.25711e-06
 Reference value :  4.26067e-06
 Reference value :  4.26382e-06
 Reference value :  4.26619e-06
 Reference value :  4.26822e-06
 Reference value :  4.27022e-06
 Reference value :  4.27221e-06
 Reference value :  4.27399e-06
 Reference value :  4.27633e-06
 Reference value :  4.27833e-06
 Reference value :  4.28030e-06
 Reference value :  4.28215e-06
 Reference value :  4.28303e-06
 Reference value :  4.28336e-06
 Reference value :  4.28385e-06
 Reference value :  4.28398e-06
 Reference value :  4.28409e-06
 Reference value :  4.28425e-06
 Reference value :  4.28440e-06
 Reference value :  4.28463e-06
 Reference value :  4.28609e-06
 Reference value :  4.28778e-06
 Reference value :  4.28976e-06
 Reference value :  4.29154e-06
 Reference value :  4.29387e-06
 Reference value :  4.29587e-06
 Reference value :  4.29781e-06
 Reference value :  4.29964e-06
 Reference value :  4.30166e-06
 Reference value :  4.30344e-06
 Reference value :  4.30526e-06
 Reference value :  4.30761e-06
 Reference value :  4.30941e-06
 Reference value :  4.31122e-06
 Reference value :  4.31325e-06
 Reference value :  4.31526e-06
 Reference value :  4.31723e-06
 Reference value :  4.31948e-06
 Reference value :  4.32144e-06
 Reference value :  4.32346e-06
 Reference value :  4.32455e-06
 Reference value :  4.32472e-06
 Reference value :  4.32542e-06
 Reference value :  4.32593e-06
 Reference value :  4.32785e-06
 Reference value :  4.32974e-06
 Reference value :  4.33190e-06
 Reference value :  4.33350e-06
 Reference value :  4.33551e-06
 Reference value :  4.33772e-06
 Reference value :  4.33987e-06
 Reference value :  4.34204e-06
 Reference value :  4.34279e-06
 Reference value :  4.34422e-06
 Reference value :  4.34623e-06
 Reference value :  4.34801e-06
 Reference value :  4.34982e-06
 Reference value :  4.35203e-06
 Reference value :  4.35404e-06
 Reference value :  4.35605e-06
 Reference value :  4.35782e-06
 Reference value :  4.36003e-06
 Reference value :  4.36204e-06
 Reference value :  4.36406e-06
 Reference value :  4.36603e-06
 Reference value :  4.36633e-06
 Reference value :  4.36677e-06
 Reference value :  4.36711e-06
 Reference value :  4.36725e-06
 Reference value :  4.36759e-06
 Reference value :  4.36857e-06
 Reference value :  4.37008e-06
 Reference value :  4.37205e-06
 Reference value :  4.37401e-06
 Reference value :  4.37603e-06
 Reference value :  4.37802e-06
 Reference value :  4.38004e-06
 Reference value :  4.38204e-06
 Reference value :  4.38396e-06
 Reference value :  4.38597e-06
 Reference value :  4.38801e-06
 Reference value :  4.38980e-06
 Reference value :  4.39164e-06
 Reference value :  4.39370e-06
 Reference value :  4.39571e-06
 Reference value :  4.39772e-06
 Reference value :  4.39992e-06
 Reference value :  4.40173e-06
 Reference value :  4.40368e-06
 Reference value :  4.40552e-06
 Reference value :  4.40730e-06
 Reference value :  4.40801e-06
 Reference value :  4.40837e-06
 Reference value :  4.40905e-06
 Reference value :  4.41080e-06
 Reference value :  4.41273e-06
 Reference value :  4.41432e-06
 Reference value :  4.41632e-06
 Reference value :  4.41851e-06
 Reference value :  4.42044e-06
 Reference value :  4.42259e-06
 Reference value :  4.42426e-06
 Reference value :  4.42604e-06
 Reference value :  4.42788e-06
 Reference value :  4.42989e-06
 Reference value :  4.43169e-06
 Reference value :  4.43372e-06
 Reference value :  4.43571e-06
 Reference value :  4.43773e-06
 Reference value :  4.43972e-06
 Reference value :  4.44150e-06
 Reference value :  4.44350e-06
 Reference value :  4.44534e-06
 Reference value :  4.44730e-06
 Reference value :  4.44950e-06
 Reference value :  4.44964e-06
 Reference value :  4.45004e-06
 Reference value :  4.45050e-06
 Reference value :  4.45066e-06
 Reference value :  4.45112e-06
 Reference value :  4.45261e-06
 Reference value :  4.45469e-06
 Reference value :  4.45644e-06
 Reference value :  4.45834e-06
 Reference value :  4.46033e-06
 Reference value :  4.46210e-06
 Reference value :  4.46407e-06
 Reference value :  4.46586e-06
 Reference value :  4.46785e-06
 Reference value :  4.47002e-06
 Reference value :  4.47201e-06
 Reference value :  4.47378e-06
 Reference value :  4.47579e-06
 Reference value :  4.47754e-06
 Reference value :  4.47939e-06
 Reference value :  4.48117e-06
 Reference value :  4.48296e-06
 Reference value :  4.48477e-06
 Reference value :  4.48659e-06
 Reference value :  4.48877e-06
 Reference value :  4.49056e-06
 Reference value :  4.49123e-06
 Reference value :  4.49145e-06
 Reference value :  4.49217e-06
 Reference value :  4.49247e-06
 Reference value :  4.49402e-06
 Reference value :  4.49578e-06
 Reference value :  4.49815e-06
 Reference value :  4.50014e-06
 Reference value :  4.50226e-06
 Reference value :  4.50444e-06
 Reference value :  4.50644e-06
 Reference value :  4.50865e-06
 Reference value :  4.50925e-06
 Reference value :  4.51056e-06
 Reference value :  4.51247e-06
 Reference value :  4.51431e-06
 Reference value :  4.51632e-06
 Reference value :  4.51812e-06
 Reference value :  4.52012e-06
 Reference value :  4.52232e-06
 Reference value :  4.52414e-06
 Reference value :  4.52593e-06
 Reference value :  4.52794e-06
 Reference value :  4.52994e-06
 Reference value :  4.53197e-06
 Reference value :  4.53289e-06
 Reference value :  4.53308e-06
 Reference value :  4.53360e-06
 Reference value :  4.53384e-06
 Reference value :  4.53395e-06
 Reference value :  4.53448e-06
 Reference value :  4.53543e-06
 Reference value :  4.53731e-06
 Reference value :  4.53906e-06
 Reference value :  4.54106e-06
 Reference value :  4.54301e-06
 Reference value :  4.54516e-06
 Reference value :  4.54717e-06
 Reference value :  4.54895e-06
 Reference value :  4.55077e-06
 Reference value :  4.55281e-06
 Reference value :  4.55461e-06
 Reference value :  4.55625e-06
 Reference value :  4.55825e-06
 Reference value :  4.56006e-06
 Reference value :  4.56208e-06
 Reference value :  4.56388e-06
 Reference value :  4.56585e-06
 Reference value :  4.56750e-06
 Reference value :  4.56949e-06
 Reference value :  4.57130e-06
 Reference value :  4.57326e-06
 Reference value :  4.57454e-06
 Reference value :  4.57476e-06
 Reference value :  4.57541e-06
 Reference value :  4.57616e-06
 Reference value :  4.57787e-06
 Reference value :  4.57983e-06
 Reference value :  4.58159e-06
 Reference value :  4.58337e-06
 Reference value :  4.58536e-06
 Reference value :  4.58769e-06
 Reference value :  4.58971e-06
 Reference value :  4.59187e-06
 Reference value :  4.59261e-06
 Reference value :  4.59386e-06
 Reference value :  4.59565e-06
 Reference value :  4.59747e-06
 Reference value :  4.59950e-06
 Reference value :  4.60150e-06
 Reference value :  4.60347e-06
 Reference value :  4.60549e-06
 Reference value :  4.60730e-06
 Reference value :  4.60949e-06
 Reference value :  4.61150e-06
 Reference value :  4.61363e-06
 Reference value :  4.61545e-06
 Reference value :  4.61622e-06
 Reference value :  4.61642e-06
 Reference value :  4.61686e-06
 Reference value :  4.61717e-06
 Reference value :  4.61725e-06
 Reference value :  4.61748e-06
 Reference value :  4.61812e-06
 Reference value :  4.61965e-06
 Reference value :  4.62140e-06
 Reference value :  4.62315e-06
 Reference value :  4.62499e-06
 Reference value :  4.62677e-06
 Reference value :  4.62876e-06
 Reference value :  4.63077e-06
 Reference value :  4.63257e-06
 Reference value :  4.63456e-06
 Reference value :  4.63676e-06
 Reference value :  4.63879e-06
 Reference value :  4.64062e-06
 Reference value :  4.64257e-06
 Reference value :  4.64456e-06
 Reference value :  4.64640e-06
 Reference value :  4.64820e-06
 Reference value :  4.65019e-06
 Reference value :  4.65219e-06
 Reference value :  4.65401e-06
 Reference value :  4.65582e-06
 Reference value :  4.65784e-06
 Reference value :  4.65808e-06
 Reference value :  4.65866e-06
 Reference value :  4.65894e-06
 Reference value :  4.65974e-06
 Reference value :  4.66165e-06
 Reference value :  4.66356e-06
 Reference value :  4.66553e-06
 Reference value :  4.66753e-06
 Reference value :  4.66929e-06
 Reference value :  4.67129e-06
 Reference value :  4.67342e-06
 Reference value :  4.67488e-06
 Reference value :  4.67553e-06
 Reference value :  4.67729e-06
 Reference value :  4.67927e-06
 Reference value :  4.68104e-06
 Reference value :  4.68304e-06
 Reference value :  4.68502e-06
 Reference value :  4.68680e-06
 Reference value :  4.68879e-06
 Reference value :  4.69095e-06
 Reference value :  4.69290e-06
 Reference value :  4.69492e-06
 Reference value :  4.69727e-06
 Reference value :  4.69929e-06
 Reference value :  4.69961e-06
 Reference value :  4.69994e-06
 Reference value :  4.70035e-06
 Reference value :  4.70059e-06
 Reference value :  4.70076e-06
 Reference value :  4.70136e-06
 Reference value :  4.70257e-06
 Reference value :  4.70474e-06
 Reference value :  4.70669e-06
 Reference value :  4.70852e-06
 Reference value :  4.71051e-06
 Reference value :  4.71232e-06
 Reference value :  4.71413e-06
 Reference value :  4.71613e-06
 Reference value :  4.71791e-06
 Reference value :  4.71973e-06
 Reference value :  4.72174e-06
 Reference value :  4.72350e-06
 Reference value :  4.72550e-06
 Reference value :  4.72731e-06
 Reference value :  4.72915e-06
 Reference value :  4.73114e-06
 Reference value :  4.73317e-06
 Reference value :  4.73492e-06
 Reference value :  4.73678e-06
 Reference value :  4.73863e-06
 Reference value :  4.74043e-06
 Reference value :  4.74126e-06
 Reference value :  4.74145e-06
 Reference value :  4.74201e-06
 Reference value :  4.74229e-06
 Reference value :  4.74381e-06
 Reference value :  4.74639e-06
 Reference value :  4.74840e-06
 Reference value :  4.75016e-06
 Reference value :  4.75251e-06
 Reference value :  4.75486e-06
 Reference value :  4.75685e-06
 Reference value :  4.75813e-06
 Reference value :  4.75918e-06
 Reference value :  4.76064e-06
 Reference value :  4.76259e-06
 Reference value :  4.76454e-06
 Reference value :  4.76637e-06
 Reference value :  4.76815e-06
 Reference value :  4.76999e-06
 Reference value :  4.77198e-06
 Reference value :  4.77376e-06
 Reference value :  4.77561e-06
 Reference value :  4.77762e-06
 Reference value :  4.77959e-06
 Reference value :  4.78185e-06
 Reference value :  4.78295e-06
 Reference value :  4.78323e-06
 Reference value :  4.78367e-06
 Reference value :  4.78384e-06
 Reference value :  4.78392e-06
 Reference value :  4.78432e-06
 Reference value :  4.78491e-06
 Reference value :  4.78659e-06
 Reference value :  4.78853e-06
 Reference value :  4.79031e-06
 Reference value :  4.79235e-06
 Reference value :  4.79435e-06
 Reference value :  4.79637e-06
 Reference value :  4.79839e-06
 Reference value :  4.80018e-06
 Reference value :  4.80202e-06
 Reference value :  4.80405e-06
 Reference value :  4.80608e-06
 Reference value :  4.80791e-06
 Reference value :  4.80986e-06
 Reference value :  4.81185e-06
 Reference value :  4.81369e-06
 Reference value :  4.81549e-06
 Reference value :  4.81749e-06
 Reference value :  4.81951e-06
 Reference value :  4.82173e-06
 Reference value :  4.82374e-06
 Reference value :  4.82461e-06
 Reference value :  4.82481e-06
 Reference value :  4.82542e-06
 Reference value :  4.82567e-06
 Reference value :  4.82674e-06
 Reference value :  4.82845e-06
 Reference value :  4.83019e-06
 Reference value :  4.83219e-06
 Reference value :  4.83415e-06
 Reference value :  4.83598e-06
 Reference value :  4.83833e-06
 Reference value :  4.84072e-06
 Reference value :  4.84204e-06
 Reference value :  4.84258e-06
 Reference value :  4.84431e-06
 Reference value :  4.84586e-06
 Reference value :  4.84781e-06
 Reference value :  4.84976e-06
 Reference value :  4.85158e-06
 Reference value :  4.85338e-06
 Reference value :  4.85557e-06
 Reference value :  4.85758e-06
 Reference value :  4.85958e-06
 Reference value :  4.86135e-06
 Reference value :  4.86335e-06
 Reference value :  4.86522e-06
 Reference value :  4.86621e-06
 Reference value :  4.86636e-06
 Reference value :  4.86676e-06
 Reference value :  4.86697e-06
 Reference value :  4.86713e-06
 Reference value :  4.86723e-06
 Reference value :  4.86736e-06
 Reference value :  4.86782e-06
 Reference value :  4.86837e-06
 Reference value :  4.87020e-06
 Reference value :  4.87196e-06
 Reference value :  4.87378e-06
 Reference value :  4.87574e-06
 Reference value :  4.87755e-06
 Reference value :  4.87955e-06
 Reference value :  4.88151e-06
 Reference value :  4.88335e-06
 Reference value :  4.88519e-06
 Reference value :  4.88721e-06
 Reference value :  4.88901e-06
 Reference value :  4.89083e-06
 Reference value :  4.89284e-06
 Reference value :  4.89465e-06
 Reference value :  4.89668e-06
 Reference value :  4.89852e-06
 Reference value :  4.90054e-06
 Reference value :  4.90255e-06
 Reference value :  4.90454e-06
 Reference value :  4.90646e-06
 Reference value :  4.90791e-06
 Reference value :  4.90822e-06
 Reference value :  4.90888e-06
 Reference value :  4.91001e-06
 Reference value :  4.91212e-06
 Reference value :  4.91368e-06
 Reference value :  4.91568e-06
 Reference value :  4.91743e-06
 Reference value :  4.91960e-06
 Reference value :  4.92176e-06
 Reference value :  4.92407e-06
 Reference value :  4.92584e-06
 Reference value :  4.92649e-06
 Reference value :  4.92760e-06
 Reference value :  4.92944e-06
 Reference value :  4.93119e-06
 Reference value :  4.93319e-06
 Reference value :  4.93515e-06
 Reference value :  4.93698e-06
 Reference value :  4.93900e-06
 Reference value :  4.94102e-06
 Reference value :  4.94286e-06
 Reference value :  4.94482e-06
 Reference value :  4.94681e-06
 Reference value :  4.94881e-06
 Reference value :  4.94961e-06
 Reference value :  4.94995e-06
 Reference value :  4.95037e-06
 Reference value :  4.95061e-06
 Reference value :  4.95080e-06
 Reference value :  4.95125e-06
 Reference value :  4.95253e-06
 Reference value :  4.95456e-06
 Reference value :  4.95632e-06
 Reference value :  4.95831e-06
 Reference value :  4.96026e-06
 Reference value :  4.96208e-06
 Reference value :  4.96408e-06
 Reference value :  4.96609e-06
 Reference value :  4.96771e-06
 Reference value :  4.96971e-06
 Reference value :  4.97192e-06
 Reference value :  4.97373e-06
 Reference value :  4.97551e-06
 Reference value :  4.97753e-06
 Reference value :  4.97932e-06
 Reference value :  4.98117e-06
 Reference value :  4.98299e-06
 Reference value :  4.98503e-06
 Reference value :  4.98701e-06
 Reference value :  4.98895e-06
 Reference value :  4.99095e-06
 Reference value :  4.99128e-06
 Reference value :  4.99152e-06
 Reference value :  4.99208e-06
 Reference value :  4.99230e-06
 Reference value :  4.99334e-06
 Reference value :  4.99560e-06
 Reference value :  4.99735e-06
 Reference value :  4.99935e-06
 Reference value :  5.00114e-06
 Reference value :  5.00312e-06
 Reference value :  5.00528e-06
 Reference value :  5.00712e-06
 Reference value :  5.00857e-06
 Reference value :  5.01058e-06
 Reference value :  5.01238e-06
 Reference value :  5.01418e-06
 Reference value :  5.01619e-06
 Reference value :  5.01798e-06
 Reference value :  5.01997e-06
 Reference value :  5.02198e-06
 Reference value :  5.02402e-06
 Reference value :  5.02606e-06
 Reference value :  5.02806e-06
 Reference value :  5.02984e-06
 Reference value :  5.03185e-06
 Reference value :  5.03290e-06
 Reference value :  5.03319e-06
 Reference value :  5.03357e-06
 Reference value :  5.03392e-06
 Reference value :  5.03445e-06
 Reference value :  5.03572e-06
 Reference value :  5.03772e-06
 Reference value :  5.03959e-06
 Reference value :  5.04129e-06
 Reference value :  5.04285e-06
 Reference value :  5.04475e-06
 Reference value :  5.04674e-06
 Reference value :  5.04850e-06
 Reference value :  5.05049e-06
 Reference value :  5.05228e-06
 Reference value :  5.05408e-06
 Reference value :  5.05587e-06
 Reference value :  5.05786e-06
 Reference value :  5.05986e-06
 Reference value :  5.06201e-06
 Reference value :  5.06378e-06
 Reference value :  5.06556e-06
 Reference value :  5.06737e-06
 Reference value :  5.06940e-06
 Reference value :  5.07116e-06
 Reference value :  5.07296e-06
 Reference value :  5.07450e-06
 Reference value :  5.07464e-06
 Reference value :  5.07504e-06
 Reference value :  5.07565e-06
 Reference value :  5.07659e-06
 Reference value :  5.07846e-06
 Reference value :  5.08019e-06
 Reference value :  5.08191e-06
 Reference value :  5.08350e-06
 Reference value :  5.08549e-06
 Reference value :  5.08750e-06
 Reference value :  5.08925e-06
 Reference value :  5.09142e-06
 Reference value :  5.09326e-06
 Reference value :  5.09504e-06
 Reference value :  5.09687e-06
 Reference value :  5.09887e-06
 Reference value :  5.10065e-06
 Reference value :  5.10265e-06
 Reference value :  5.10466e-06
 Reference value :  5.10646e-06
 Reference value :  5.10849e-06
 Reference value :  5.11047e-06
 Reference value :  5.11232e-06
 Reference value :  5.11413e-06
 Reference value :  5.11608e-06
 Reference value :  5.11630e-06
 Reference value :  5.11671e-06
 Reference value :  5.11711e-06
 Reference value :  5.11725e-06
 Reference value :  5.11738e-06
 Reference value :  5.11759e-06
 Reference value :  5.11782e-06
 Reference value :  5.11858e-06
 Reference value :  5.12000e-06
 Reference value :  5.12197e-06
 Reference value :  5.12371e-06
 Reference value :  5.12543e-06
 Reference value :  5.12717e-06
 Reference value :  5.12908e-06
 Reference value :  5.13091e-06
 Reference value :  5.13287e-06
 Reference value :  5.13468e-06
 Reference value :  5.13668e-06
 Reference value :  5.13847e-06
 Reference value :  5.14048e-06
 Reference value :  5.14231e-06
 Reference value :  5.14433e-06
 Reference value :  5.14613e-06
 Reference value :  5.14794e-06
 Reference value :  5.15013e-06
 Reference value :  5.15192e-06
 Reference value :  5.15376e-06
 Reference value :  5.15581e-06
 Reference value :  5.15784e-06
 Reference value :  5.15795e-06
 Reference value :  5.15820e-06
 Reference value :  5.15885e-06
 Reference value :  5.15976e-06
 Reference value :  5.16157e-06
 Reference value :  5.16314e-06
 Reference value :  5.16494e-06
 Reference value :  5.16697e-06
 Reference value :  5.16879e-06
 Reference value :  5.17100e-06
 Reference value :  5.17302e-06
 Reference value :  5.17503e-06
 Reference value :  5.17701e-06
 Reference value :  5.17881e-06
 Reference value :  5.18100e-06
 Reference value :  5.18303e-06
 Reference value :  5.18487e-06
 Reference value :  5.18666e-06
 Reference value :  5.18868e-06
 Reference value :  5.19070e-06
 Reference value :  5.19272e-06
 Reference value :  5.19493e-06
 Reference value :  5.19694e-06
 Reference value :  5.19896e-06
 Reference value :  5.19979e-06
 Reference value :  5.20023e-06
 Reference value :  5.20061e-06
 Reference value :  5.20080e-06
 Reference value :  5.20104e-06
 Reference value :  5.20124e-06
 Reference value :  5.20194e-06
 Reference value :  5.20393e-06
 Reference value :  5.20604e-06
 Reference value :  5.20793e-06
 Reference value :  5.20991e-06
 Reference value :  5.21169e-06
 Reference value :  5.21370e-06
 Reference value :  5.21571e-06
 Reference value :  5.21747e-06
 Reference value :  5.21965e-06
 Reference value :  5.22144e-06
 Reference value :  5.22346e-06
 Reference value :  5.22549e-06
 Reference value :  5.22749e-06
 Reference value :  5.22968e-06
 Reference value :  5.23169e-06
 Reference value :  5.23369e-06
 Reference value :  5.23546e-06
 Reference value :  5.23746e-06
 Reference value :  5.23959e-06
 Reference value :  5.24117e-06
 Reference value :  5.24128e-06
 Reference value :  5.24160e-06
 Reference value :  5.24225e-06
 Reference value :  5.24280e-06
 Reference value :  5.24444e-06
 Reference value :  5.24614e-06
 Reference value :  5.24803e-06
 Reference value :  5.25004e-06
 Reference value :  5.25200e-06
 Reference value :  5.25405e-06
 Reference value :  5.25605e-06
 Reference value :  5.25787e-06
 Reference value :  5.25991e-06
 Reference value :  5.26208e-06
 Reference value :  5.26405e-06
 Reference value :  5.26608e-06
 Reference value :  5.26790e-06
 Reference value :  5.26992e-06
 Reference value :  5.27171e-06
 Reference value :  5.27355e-06
 Reference value :  5.27560e-06
 Reference value :  5.27762e-06
 Reference value :  5.27962e-06
 Reference value :  5.28199e-06
 Reference value :  5.28297e-06
 Reference value :  5.28336e-06
 Reference value :  5.28385e-06
 Reference value :  5.28398e-06
 Reference value :  5.28431e-06
 Reference value :  5.28568e-06
 Reference value :  5.28750e-06
 Reference value :  5.28928e-06
 Reference value :  5.29116e-06
 Reference value :  5.29309e-06
 Reference value :  5.29490e-06
 Reference value :  5.29669e-06
 Reference value :  5.29868e-06
 Reference value :  5.30069e-06
 Reference value :  5.30273e-06
 Reference value :  5.30452e-06
 Reference value :  5.30636e-06
 Reference value :  5.30840e-06
 Reference value :  5.31023e-06
 Reference value :  5.31202e-06
 Reference value :  5.31383e-06
 Reference value :  5.31589e-06
 Reference value :  5.31791e-06
 Reference value :  5.31994e-06
 Reference value :  5.32197e-06
 Reference value :  5.32393e-06
 Reference value :  5.32459e-06
 Reference value :  5.32477e-06
 Reference value :  5.32541e-06
 Reference value :  5.32641e-06
 Reference value :  5.32848e-06
 Reference value :  5.33021e-06
 Reference value :  5.33220e-06
 Reference value :  5.33412e-06
 Reference value :  5.33545e-06
 Reference value :  5.33722e-06
 Reference value :  5.33907e-06
 Reference value :  5.34087e-06
 Reference value :  5.34288e-06
 Reference value :  5.34470e-06
 Reference value :  5.34672e-06
 Reference value :  5.34849e-06
 Reference value :  5.35033e-06
 Reference value :  5.35236e-06
 Reference value :  5.35417e-06
 Reference value :  5.35597e-06
 Reference value :  5.35799e-06
 Reference value :  5.36003e-06
 Reference value :  5.36205e-06
 Reference value :  5.36401e-06
 Reference value :  5.36582e-06
 Reference value :  5.36626e-06
 Reference value :  5.36657e-06
 Reference value :  5.36717e-06
 Reference value :  5.36733e-06
 Reference value :  5.36790e-06
 Reference value :  5.36965e-06
 Reference value :  5.37138e-06
 Reference value :  5.37312e-06
 Reference value :  5.37509e-06
 Reference value :  5.37687e-06
 Reference value :  5.37887e-06
 Reference value :  5.38065e-06
 Reference value :  5.38248e-06
 Reference value :  5.38497e-06
 Reference value :  5.38739e-06
 Reference value :  5.38903e-06
 Reference value :  5.39106e-06
 Reference value :  5.39265e-06
 Reference value :  5.39482e-06
 Reference value :  5.39684e-06
 Reference value :  5.39880e-06
 Reference value :  5.40077e-06
 Reference value :  5.40276e-06
 Reference value :  5.40452e-06
 Reference value :  5.40652e-06
 Reference value :  5.40785e-06
 Reference value :  5.40798e-06
 Reference value :  5.40836e-06
 Reference value :  5.40887e-06
 Reference value :  5.40909e-06
 Reference value :  5.41069e-06
 Reference value :  5.41243e-06
 Reference value :  5.41444e-06
 Reference value :  5.41620e-06
 Reference value :  5.41836e-06
 Reference value :  5.42037e-06
 Reference value :  5.42233e-06
 Reference value :  5.42468e-06
 Reference value :  5.42672e-06
 Reference value :  5.42891e-06
 Reference value :  5.43107e-06
 Reference value :  5.43305e-06
 Reference value :  5.43540e-06
 Reference value :  5.43736e-06
 Reference value :  5.43931e-06
 Reference value :  5.44166e-06
 Reference value :  5.44447e-06
 Reference value :  5.44715e-06
 Reference value :  5.44950e-06
 Reference value :  5.44964e-06
 Reference value :  5.45004e-06
 Reference value :  5.45041e-06
 Reference value :  5.45059e-06
 Reference value :  5.45125e-06
 Reference value :  5.45292e-06
 Reference value :  5.45465e-06
 Reference value :  5.45664e-06
 Reference value :  5.45840e-06
 Reference value :  5.46041e-06
 Reference value :  5.46243e-06
 Reference value :  5.46423e-06
 Reference value :  5.46606e-06
 Reference value :  5.46807e-06
 Reference value :  5.47026e-06
 Reference value :  5.47227e-06
 Reference value :  5.47421e-06
 Reference value :  5.47603e-06
 Reference value :  5.47822e-06
 Reference value :  5.47999e-06
 Reference value :  5.48182e-06
 Reference value :  5.48401e-06
 Reference value :  5.48602e-06
 Reference value :  5.48782e-06
 Reference value :  5.48981e-06
 Reference value :  5.49128e-06
 Reference value :  5.49168e-06
 Reference value :  5.49231e-06
 Reference value :  5.49413e-06
 Reference value :  5.49592e-06
 Reference value :  5.49811e-06
 Reference value :  5.49990e-06
 Reference value :  5.50187e-06
 Reference value :  5.50386e-06
 Reference value :  5.50582e-06
 Reference value :  5.50800e-06
 Reference value :  5.51019e-06
 Reference value :  5.51234e-06
 Reference value :  5.51450e-06
 Reference value :  5.51717e-06
 Reference value :  5.51949e-06
 Reference value :  5.52198e-06
 Reference value :  5.52432e-06
 Reference value :  5.52681e-06
 Reference value :  5.52949e-06
 Reference value :  5.53200e-06
 Reference value :  5.53292e-06
 Reference value :  5.53320e-06
 Reference value :  5.53364e-06
 Reference value :  5.53388e-06
 Reference value :  5.53398e-06
 Reference value :  5.53485e-06
 Reference value :  5.53766e-06
 Reference value :  5.53991e-06
 Reference value :  5.54223e-06
 Reference value :  5.54488e-06
 Reference value :  5.54753e-06
 Reference value :  5.55006e-06
 Reference value :  5.55256e-06
 Reference value :  5.55507e-06
 Reference value :  5.55778e-06
 Reference value :  5.56117e-06
 Reference value :  5.56349e-06
 Reference value :  5.56528e-06
 Reference value :  5.56729e-06
 Reference value :  5.56930e-06
 Reference value :  5.57113e-06
 Reference value :  5.57291e-06
 Reference value :  5.57454e-06
 Reference value :  5.57481e-06
 Reference value :  5.57551e-06
 Reference value :  5.57574e-06
 Reference value :  5.57751e-06
 Reference value :  5.57906e-06
 Reference value :  5.58081e-06
 Reference value :  5.58279e-06
 Reference value :  5.58457e-06
 Reference value :  5.58655e-06
 Reference value :  5.58874e-06
 Reference value :  5.59070e-06
 Reference value :  5.59266e-06
 Reference value :  5.59481e-06
 Reference value :  5.59678e-06
 Reference value :  5.59920e-06
 Reference value :  5.60115e-06
 Reference value :  5.60335e-06
 Reference value :  5.60532e-06
 Reference value :  5.60903e-06
 Reference value :  5.61269e-06
 Reference value :  5.61618e-06
 Reference value :  5.61667e-06
 Reference value :  5.61711e-06
 Reference value :  5.61747e-06
 Reference value :  5.62019e-06
 Reference value :  5.62239e-06
 Reference value :  5.62402e-06
 Reference value :  5.62584e-06
 Reference value :  5.62783e-06
 Reference value :  5.62964e-06
 Reference value :  5.63147e-06
 Reference value :  5.63348e-06
 Reference value :  5.63569e-06
 Reference value :  5.63753e-06
 Reference value :  5.63932e-06
 Reference value :  5.64200e-06
 Reference value :  5.64399e-06
 Reference value :  5.64601e-06
 Reference value :  5.64785e-06
 Reference value :  5.64965e-06
 Reference value :  5.65147e-06
 Reference value :  5.65351e-06
 Reference value :  5.65554e-06
 Reference value :  5.65757e-06
 Reference value :  5.65802e-06
 Reference value :  5.65850e-06
 Reference value :  5.65924e-06
 Reference value :  5.66116e-06
 Reference value :  5.66304e-06
 Reference value :  5.66478e-06
 Reference value :  5.66676e-06
 Reference value :  5.66853e-06
 Reference value :  5.67052e-06
 Reference value :  5.67249e-06
 Reference value :  5.67474e-06
 Reference value :  5.67670e-06
 Reference value :  5.67928e-06
 Reference value :  5.68179e-06
 Reference value :  5.68414e-06
 Reference value :  5.68664e-06
 Reference value :  5.68876e-06
 Reference value :  5.69073e-06
 Reference value :  5.69293e-06
 Reference value :  5.69507e-06
 Reference value :  5.69741e-06
 Reference value :  5.69952e-06
 Reference value :  5.69970e-06
 Reference value :  5.70019e-06
 Reference value :  5.70055e-06
 Reference value :  5.70078e-06
 Reference value :  5.70278e-06
 Reference value :  5.70448e-06
 Reference value :  5.70624e-06
 Reference value :  5.70805e-06
 Reference value :  5.70985e-06
 Reference value :  5.71168e-06
 Reference value :  5.71370e-06
 Reference value :  5.71574e-06
 Reference value :  5.71774e-06
 Reference value :  5.71968e-06
 Reference value :  5.72151e-06
 Reference value :  5.72350e-06
 Reference value :  5.72529e-06
 Reference value :  5.72731e-06
 Reference value :  5.72932e-06
 Reference value :  5.73134e-06
 Reference value :  5.73294e-06
 Reference value :  5.73496e-06
 Reference value :  5.73682e-06
 Reference value :  5.73862e-06
 Reference value :  5.74045e-06
 Reference value :  5.74130e-06
 Reference value :  5.74160e-06
 Reference value :  5.74233e-06
 Reference value :  5.74424e-06
 Reference value :  5.74622e-06
 Reference value :  5.74796e-06
 Reference value :  5.74994e-06
 Reference value :  5.75186e-06
 Reference value :  5.75385e-06
 Reference value :  5.75596e-06
 Reference value :  5.75795e-06
 Reference value :  5.75998e-06
 Reference value :  5.76197e-06
 Reference value :  5.76431e-06
 Reference value :  5.76644e-06
 Reference value :  5.76863e-06
 Reference value :  5.77060e-06
 Reference value :  5.77276e-06
 Reference value :  5.77509e-06
 Reference value :  5.77744e-06
 Reference value :  5.77996e-06
 Reference value :  5.78229e-06
 Reference value :  5.78295e-06
 Reference value :  5.78334e-06
 Reference value :  5.78371e-06
 Reference value :  5.78390e-06
 Reference value :  5.78463e-06
 Reference value :  5.78649e-06
 Reference value :  5.78826e-06
 Reference value :  5.79003e-06
 Reference value :  5.79303e-06
 Reference value :  5.79642e-06
 Reference value :  5.79890e-06
 Reference value :  5.80085e-06
 Reference value :  5.80267e-06
 Reference value :  5.80471e-06
 Reference value :  5.80652e-06
 Reference value :  5.80816e-06
 Reference value :  5.81017e-06
 Reference value :  5.81220e-06
 Reference value :  5.81421e-06
 Reference value :  5.81600e-06
 Reference value :  5.81801e-06
 Reference value :  5.81984e-06
 Reference value :  5.82162e-06
 Reference value :  5.82362e-06
 Reference value :  5.82459e-06
 Reference value :  5.82482e-06
 Reference value :  5.82525e-06
 Reference value :  5.82561e-06
 Reference value :  5.82600e-06
 Reference value :  5.82771e-06
 Reference value :  5.82947e-06
 Reference value :  5.83132e-06
 Reference value :  5.83315e-06
 Reference value :  5.83491e-06
 Reference value :  5.83658e-06
 Reference value :  5.83893e-06
 Reference value :  5.84093e-06
 Reference value :  5.84287e-06
 Reference value :  5.84503e-06
 Reference value :  5.84705e-06
 Reference value :  5.84922e-06
 Reference value :  5.85139e-06
 Reference value :  5.85335e-06
 Reference value :  5.85549e-06
 Reference value :  5.85766e-06
 Reference value :  5.85999e-06
 Reference value :  5.86211e-06
 Reference value :  5.86408e-06
 Reference value :  5.86617e-06
 Reference value :  5.86631e-06
 Reference value :  5.86670e-06
 Reference value :  5.86702e-06
 Reference value :  5.86725e-06
 Reference value :  5.86736e-06
 Reference value :  5.86829e-06
 Reference value :  5.87008e-06
 Reference value :  5.87181e-06
 Reference value :  5.87380e-06
 Reference value :  5.87571e-06
 Reference value :  5.87770e-06
 Reference value :  5.87948e-06
 Reference value :  5.88132e-06
 Reference value :  5.88332e-06
 Reference value :  5.88510e-06
 Reference value :  5.88694e-06
 Reference value :  5.88896e-06
 Reference value :  5.89076e-06
 Reference value :  5.89295e-06
 Reference value :  5.89477e-06
 Reference value :  5.89662e-06
 Reference value :  5.89843e-06
 Reference value :  5.90025e-06
 Reference value :  5.90227e-06
 Reference value :  5.90432e-06
 Reference value :  5.90633e-06
 Reference value :  5.90785e-06
 Reference value :  5.90812e-06
 Reference value :  5.90883e-06
 Reference value :  5.90989e-06
 Reference value :  5.91178e-06
 Reference value :  5.91353e-06
 Reference value :  5.91553e-06
 Reference value :  5.91732e-06
 Reference value :  5.91929e-06
 Reference value :  5.92132e-06
 Reference value :  5.92327e-06
 Reference value :  5.92528e-06
 Reference value :  5.92744e-06
 Reference value :  5.92980e-06
 Reference value :  5.93198e-06
 Reference value :  5.93434e-06
 Reference value :  5.93651e-06
 Reference value :  5.93868e-06
 Reference value :  5.94120e-06
 Reference value :  5.94355e-06
 Reference value :  5.94606e-06
 Reference value :  5.94858e-06
 Reference value :  5.94963e-06
 Reference value :  5.95002e-06
 Reference value :  5.95050e-06
 Reference value :  5.95067e-06
 Reference value :  5.95150e-06
 Reference value :  5.95302e-06
 Reference value :  5.95472e-06
 Reference value :  5.95646e-06
 Reference value :  5.95823e-06
 Reference value :  5.96024e-06
 Reference value :  5.96223e-06
 Reference value :  5.96424e-06
 Reference value :  5.96601e-06
 Reference value :  5.96801e-06
 Reference value :  5.96984e-06
 Reference value :  5.97162e-06
 Reference value :  5.97347e-06
 Reference value :  5.97527e-06
 Reference value :  5.97747e-06
 Reference value :  5.97930e-06
 Reference value :  5.98134e-06
 Reference value :  5.98337e-06
 Reference value :  5.98537e-06
 Reference value :  5.98716e-06
 Reference value :  5.98918e-06
 Reference value :  5.99117e-06
 Reference value :  5.99131e-06
 Reference value :  5.99163e-06
 Reference value :  5.99232e-06
 Reference value :  5.99414e-06
 Reference value :  5.99609e-06
 Reference value :  5.99787e-06
 Reference value :  5.99968e-06
 Reference value :  6.00173e-06
 Reference value :  6.00423e-06
 Reference value :  6.00639e-06
 Reference value :  6.00837e-06
 Reference value :  6.01031e-06
 Reference value :  6.01249e-06
 Reference value :  6.01465e-06
 Reference value :  6.01700e-06
 Reference value :  6.01933e-06
 Reference value :  6.02146e-06
 Reference value :  6.02380e-06
 Reference value :  6.02612e-06
 Reference value :  6.02865e-06
 Reference value :  6.03077e-06
 Reference value :  6.03285e-06
 Reference value :  6.03301e-06
 Reference value :  6.03338e-06
 Reference value :  6.03377e-06
 Reference value :  6.03421e-06
 Reference value :  6.03532e-06
 Reference value :  6.03716e-06
 Reference value :  6.03885e-06
 Reference value :  6.04040e-06
 Reference value :  6.04212e-06
 Reference value :  6.04400e-06
 Reference value :  6.04577e-06
 Reference value :  6.04777e-06
 Reference value :  6.04976e-06
 Reference value :  6.05171e-06
 Reference value :  6.05367e-06
 Reference value :  6.05570e-06
 Reference value :  6.05731e-06
 Reference value :  6.05914e-06
 Reference value :  6.06150e-06
 Reference value :  6.06349e-06
 Reference value :  6.06543e-06
 Reference value :  6.06765e-06
 Reference value :  6.06967e-06
 Reference value :  6.07166e-06
 Reference value :  6.07384e-06
 Reference value :  6.07455e-06
 Reference value :  6.07467e-06
 Reference value :  6.07506e-06
 Reference value :  6.07563e-06
 Reference value :  6.07659e-06
 Reference value :  6.07834e-06
 Reference value :  6.07990e-06
 Reference value :  6.08168e-06
 Reference value :  6.08348e-06
 Reference value :  6.08545e-06
 Reference value :  6.08747e-06
 Reference value :  6.08930e-06
 Reference value :  6.09134e-06
 Reference value :  6.09335e-06
 Reference value :  6.09602e-06
 Reference value :  6.09836e-06
 Reference value :  6.10037e-06
 Reference value :  6.10256e-06
 Reference value :  6.10475e-06
 Reference value :  6.10695e-06
 Reference value :  6.10897e-06
 Reference value :  6.11101e-06
 Reference value :  6.11335e-06
 Reference value :  6.11532e-06
 Reference value :  6.11630e-06
 Reference value :  6.11655e-06
 Reference value :  6.11718e-06
 Reference value :  6.11727e-06
 Reference value :  6.11736e-06
 Reference value :  6.11751e-06
 Reference value :  6.11772e-06
 Reference value :  6.11818e-06
 Reference value :  6.11972e-06
 Reference value :  6.12146e-06
 Reference value :  6.12345e-06
 Reference value :  6.12538e-06
 Reference value :  6.12737e-06
 Reference value :  6.12956e-06
 Reference value :  6.13135e-06
 Reference value :  6.13333e-06
 Reference value :  6.13534e-06
 Reference value :  6.13753e-06
 Reference value :  6.13933e-06
 Reference value :  6.14118e-06
 Reference value :  6.14317e-06
 Reference value :  6.14518e-06
 Reference value :  6.14696e-06
 Reference value :  6.14898e-06
 Reference value :  6.15081e-06
 Reference value :  6.15282e-06
 Reference value :  6.15460e-06
 Reference value :  6.15658e-06
 Reference value :  6.15797e-06
 Reference value :  6.15867e-06
 Reference value :  6.15913e-06
 Reference value :  6.16006e-06
 Reference value :  6.16181e-06
 Reference value :  6.16367e-06
 Reference value :  6.16556e-06
 Reference value :  6.16756e-06
 Reference value :  6.16931e-06
 Reference value :  6.17135e-06
 Reference value :  6.17338e-06
 Reference value :  6.17517e-06
 Reference value :  6.17725e-06
 Reference value :  6.17919e-06
 Reference value :  6.18122e-06
 Reference value :  6.18340e-06
 Reference value :  6.18542e-06
 Reference value :  6.18743e-06
 Reference value :  6.18922e-06
 Reference value :  6.19120e-06
 Reference value :  6.19357e-06
 Reference value :  6.19555e-06
 Reference value :  6.19734e-06
 Reference value :  6.19934e-06
 Reference value :  6.19968e-06
 Reference value :  6.20027e-06
 Reference value :  6.20068e-06
 Reference value :  6.20101e-06
 Reference value :  6.20129e-06
 Reference value :  6.20159e-06
 Reference value :  6.20335e-06
 Reference value :  6.20534e-06
 Reference value :  6.20708e-06
 Reference value :  6.20907e-06
 Reference value :  6.21082e-06
 Reference value :  6.21282e-06
 Reference value :  6.21459e-06
 Reference value :  6.21658e-06
 Reference value :  6.21858e-06
 Reference value :  6.22035e-06
 Reference value :  6.22235e-06
 Reference value :  6.22436e-06
 Reference value :  6.22610e-06
 Reference value :  6.22829e-06
 Reference value :  6.23006e-06
 Reference value :  6.23185e-06
 Reference value :  6.23364e-06
 Reference value :  6.23544e-06
 Reference value :  6.23720e-06
 Reference value :  6.23917e-06
 Reference value :  6.24093e-06
 Reference value :  6.24126e-06
 Reference value :  6.24149e-06
 Reference value :  6.24228e-06
 Reference value :  6.24385e-06
 Reference value :  6.24556e-06
 Reference value :  6.24756e-06
 Reference value :  6.24949e-06
 Reference value :  6.25133e-06
 Reference value :  6.25334e-06
 Reference value :  6.25531e-06
 Reference value :  6.25734e-06
 Reference value :  6.25918e-06
 Reference value :  6.26153e-06
 Reference value :  6.26337e-06
 Reference value :  6.26540e-06
 Reference value :  6.26721e-06
 Reference value :  6.26902e-06
 Reference value :  6.27105e-06
 Reference value :  6.27308e-06
 Reference value :  6.27489e-06
 Reference value :  6.27652e-06
 Reference value :  6.27853e-06
 Reference value :  6.28056e-06
 Reference value :  6.28217e-06
 Reference value :  6.28314e-06
No. of Data Rows : 43624

  Measurements for Transient Analysis

d9_c1               =  -1.58141e-05
d8_c1               =  7.07177e-05
d7_c1               =  1.79951e+00
d6_c1               =  1.79951e+00
d5_c1               =  1.79951e+00
d4_c1               =  7.10933e-05
d3_c1               =  7.11386e-05
d2_c1               =  7.07034e-05
d1_c1               =  7.13317e-05
d0_c1               =  1.79951e+00
d9_c2               =  -6.54354e-05
d8_c2               =  1.79952e+00
d7_c2               =  1.55873e-05
d6_c2               =  1.79952e+00
d5_c2               =  1.79952e+00
d4_c2               =  1.79952e+00
d3_c2               =  1.79952e+00
d2_c2               =  1.79952e+00
d1_c2               =  1.79952e+00
d0_c2               =  1.79952e+00
d9_c3               =  -8.55477e-05
d8_c3               =  1.79958e+00
d7_c3               =  1.79958e+00
d6_c3               =  1.79958e+00
d5_c3               =  1.79958e+00
d4_c3               =  1.79958e+00
d3_c3               =  1.79958e+00
d2_c3               =  1.79958e+00
d1_c3               =  1.79958e+00
d0_c3               =  1.79958e+00
d9_c4               =  1.79977e+00
d8_c4               =  -9.07638e-05
d7_c4               =  1.79968e+00
d6_c4               =  -9.07576e-05
d5_c4               =  -9.07877e-05
d4_c4               =  -9.07872e-05
d3_c4               =  -9.08065e-05
d2_c4               =  -9.08041e-05
d1_c4               =  -9.07582e-05
d0_c4               =  1.79968e+00
d9_c5               =  1.79975e+00
d8_c5               =  1.79961e+00
d7_c5               =  1.79961e+00
d6_c5               =  1.79961e+00
d5_c5               =  1.79961e+00
d4_c5               =  1.79961e+00
d3_c5               =  1.79961e+00
d2_c5               =  1.79961e+00
d1_c5               =  1.79961e+00
d0_c5               =  1.79961e+00
busy_c1_p0          =  1.79968e+00
smpl_c1_p0          =  -1.35832e-04
busy_c1_p1          =  1.79954e+00
smpl_c1_p1          =  1.41395e-05
busy_c1_p2          =  1.79941e+00
smpl_c1_p2          =  1.93789e-04
busy_c1_p3          =  1.79917e+00
smpl_c1_p3          =  4.19131e-04
busy_c1_p4          =  1.79919e+00
smpl_c1_p4          =  3.84122e-04
busy_c1_p5          =  1.79918e+00
smpl_c1_p5          =  2.71190e-04
busy_c1_p6          =  1.79944e+00
smpl_c1_p6          =  1.10242e-04
busy_c1_p7          =  1.79944e+00
smpl_c1_p7          =  8.15539e-05
busy_c1_p8          =  1.79928e+00
smpl_c1_p8          =  2.52035e-04
busy_c1_p9          =  1.79943e+00
smpl_c1_p9          =  1.38749e-04
busy_c1_p10         =  1.79949e+00
smpl_c1_p10         =  6.23224e-05
busy_c1_p11         =  2.08673e-04
smpl_c1_p11         =  1.79961e+00
busy_c2_p0          =  1.79965e+00
smpl_c2_p0          =  -1.05760e-04
busy_c2_p1          =  1.79948e+00
smpl_c2_p1          =  9.61861e-05
busy_c2_p2          =  1.79931e+00
smpl_c2_p2          =  2.53091e-04
busy_c2_p3          =  1.79944e+00
smpl_c2_p3          =  4.95549e-05
busy_c2_p4          =  1.79927e+00
smpl_c2_p4          =  2.08336e-04
busy_c2_p5          =  1.79938e+00
smpl_c2_p5          =  1.87650e-04
busy_c2_p6          =  1.79938e+00
smpl_c2_p6          =  1.90285e-04
busy_c2_p7          =  1.79939e+00
smpl_c2_p7          =  1.72791e-04
busy_c2_p8          =  1.79930e+00
smpl_c2_p8          =  2.73712e-04
busy_c2_p9          =  1.79943e+00
smpl_c2_p9          =  1.20193e-04
busy_c2_p10         =  1.79951e+00
smpl_c2_p10         =  2.61172e-05
busy_c2_p11         =  -3.32335e-04
smpl_c2_p11         =  1.80003e+00
busy_c3_p0          =  1.79963e+00
smpl_c3_p0          =  -1.29461e-04
busy_c3_p1          =  1.79944e+00
smpl_c3_p1          =  1.25775e-04
busy_c3_p2          =  1.79932e+00
smpl_c3_p2          =  1.51054e-04
busy_c3_p3          =  1.79933e+00
smpl_c3_p3          =  1.45444e-04
busy_c3_p4          =  1.79933e+00
smpl_c3_p4          =  1.59976e-04
busy_c3_p5          =  1.79940e+00
smpl_c3_p5          =  1.52658e-04
busy_c3_p6          =  1.79940e+00
smpl_c3_p6          =  1.54758e-04
busy_c3_p7          =  1.79941e+00
smpl_c3_p7          =  8.01840e-05
busy_c3_p8          =  1.79932e+00
smpl_c3_p8          =  1.74304e-04
busy_c3_p9          =  1.79950e+00
smpl_c3_p9          =  6.05464e-05
busy_c3_p10         =  1.79956e+00
smpl_c3_p10         =  -3.73817e-06
busy_c3_p11         =  -4.64540e-04
smpl_c3_p11         =  1.80017e+00
busy_c4_p0          =  1.79956e+00
smpl_c4_p0          =  -5.81101e-05
busy_c4_p1          =  1.79921e+00
smpl_c4_p1          =  2.75015e-04
busy_c4_p2          =  1.79929e+00
smpl_c4_p2          =  2.94448e-04
busy_c4_p3          =  1.79949e+00
smpl_c4_p3          =  6.34627e-05
busy_c4_p4          =  1.79929e+00
smpl_c4_p4          =  1.90754e-04
busy_c4_p5          =  1.79934e+00
smpl_c4_p5          =  2.03508e-04
busy_c4_p6          =  1.79937e+00
smpl_c4_p6          =  1.20542e-04
busy_c4_p7          =  1.79933e+00
smpl_c4_p7          =  2.13859e-04
busy_c4_p8          =  1.79927e+00
smpl_c4_p8          =  2.75156e-04
busy_c4_p9          =  1.79943e+00
smpl_c4_p9          =  7.18782e-05
busy_c4_p10         =  1.79966e+00
smpl_c4_p10         =  -1.09715e-04
busy_c4_p11         =  -1.99559e-04
smpl_c4_p11         =  1.79998e+00
busy_c5_p0          =  1.79970e+00
smpl_c5_p0          =  -1.43312e-04
busy_c5_p1          =  1.79941e+00
smpl_c5_p1          =  1.15548e-04
busy_c5_p2          =  1.79950e+00
smpl_c5_p2          =  8.52872e-05
busy_c5_p3          =  1.79928e+00
smpl_c5_p3          =  2.79195e-04
busy_c5_p4          =  1.79916e+00
smpl_c5_p4          =  3.63881e-04
busy_c5_p5          =  1.79921e+00
smpl_c5_p5          =  2.68606e-04
busy_c5_p6          =  1.79925e+00
smpl_c5_p6          =  2.53158e-04
busy_c5_p7          =  1.79922e+00
smpl_c5_p7          =  2.37432e-04
busy_c5_p8          =  1.79922e+00
smpl_c5_p8          =  3.25310e-04
busy_c5_p9          =  1.79936e+00
smpl_c5_p9          =  1.95809e-04
busy_c5_p10         =  1.79959e+00
smpl_c5_p10         =  3.85407e-06
busy_c5_p11         =  1.17193e-03
smpl_c5_p11         =  1.79932e+00
i_vdd               =  -2.12762e-06 from=  3.20000e-06 to=  4.20005e-06
i_vpwr              =  -6.55398e-06 from=  3.20000e-06 to=  4.20005e-06
i_vrefp             =  -6.50637e-06 from=  3.20000e-06 to=  4.20005e-06
i_vrefn             =  6.49309e-06 from=  3.20000e-06 to=  4.20005e-06
i_vcm               =  1.13795e-08 from=  3.20000e-06 to=  4.20005e-06
gnd_die_pp          =  1.14155e-02 from=  3.20000e-06 to=  4.20000e-06
gnd_die_max         =  5.17415e-03 at=  3.28398e-06
gnd_die_min         =  -6.24131e-03 at=  3.28394e-06
vgnd_die_pp         =  1.31820e-02 from=  3.20000e-06 to=  4.20000e-06
vgnd_die_max        =  6.98627e-03 at=  3.28390e-06
vgnd_die_min        =  -6.19570e-03 at=  3.86754e-06
vdd_die_pp          =  1.15383e-02 from=  3.20000e-06 to=  4.20000e-06
vdd_die_max         =  1.80444e+00 at=  3.28398e-06
vdd_die_min         =  1.79291e+00 at=  3.28394e-06
vpwr_die_pp         =  1.47701e-02 from=  3.20000e-06 to=  4.20000e-06
vpwr_die_max        =  1.80793e+00 at=  3.28398e-06
vpwr_die_min        =  1.79316e+00 at=  3.61719e-06
i_gnda              =  2.21144e-06 from=  3.20000e-06 to=  4.20005e-06


Total analysis time (seconds) = 1366.93

Total elapsed time (seconds) = 1410.206 

Total DRAM available = 98304.000 MB.
DRAM currently available = 9564.188 MB.
Maximum ngspice program size =  831.953 MB.
Current ngspice program size =  831.953 MB.

