
Note: Compatibility modes selected: hs a


Circuit: * sim/supply-impedance-sensitivity -- ground/supply-return impedance

option SCALE: Scale is set to 1e-06 for instance and model parameters
option SCALE: Scale is set to 1e-06 for instance and model parameters
option SCALE: Scale is set to 1e-06 for instance and model parameters
option SCALE: Scale is set to 1e-06 for instance and model parameters
Doing analysis at TEMP = 27.000000 and TNOM = 27.000000

Using KLU as Direct Linear Solver
 Reference value :  0.00000e+00
 Reference value :  7.64000e-09
 Reference value :  1.86400e-08
 Reference value :  2.00965e-08
 Reference value :  2.02747e-08
 Reference value :  2.05997e-08
 Reference value :  2.08101e-08
 Reference value :  2.10634e-08
 Reference value :  2.11913e-08
 Reference value :  2.16989e-08
 Reference value :  2.36463e-08
 Reference value :  2.55831e-08
 Reference value :  2.71338e-08
 Reference value :  2.90490e-08
 Reference value :  3.11770e-08
 Reference value :  3.30592e-08
 Reference value :  3.52077e-08
 Reference value :  3.72359e-08
 Reference value :  3.96776e-08
 Reference value :  4.18877e-08
 Reference value :  4.39301e-08
 Reference value :  4.63783e-08
 Reference value :  4.84200e-08
 Reference value :  5.07519e-08
 Reference value :  5.32476e-08
 Reference value :  5.55874e-08
 Reference value :  5.81147e-08
 Reference value :  6.05000e-08
 Reference value :  6.27687e-08
 Reference value :  6.55170e-08
 Reference value :  6.79071e-08
 Reference value :  7.03203e-08
 Reference value :  7.39973e-08
 Reference value :  7.71300e-08
 Reference value :  7.98684e-08
 Reference value :  8.26650e-08
 Reference value :  8.57104e-08
 Reference value :  8.85642e-08
 Reference value :  9.26586e-08
 Reference value :  9.70810e-08
 Reference value :  1.01706e-07
 Reference value :  1.07079e-07
 Reference value :  1.12930e-07
 Reference value :  1.19032e-07
 Reference value :  1.25210e-07
 Reference value :  1.33755e-07
 Reference value :  1.45193e-07
 Reference value :  1.56693e-07
 Reference value :  1.67693e-07
 Reference value :  1.79193e-07
 Reference value :  1.91193e-07
 Reference value :  1.99531e-07
 Reference value :  1.99683e-07
 Reference value :  2.00026e-07
 Reference value :  2.00479e-07
 Reference value :  2.00568e-07
 Reference value :  2.00678e-07
 Reference value :  2.00852e-07
 Reference value :  2.01533e-07
 Reference value :  2.03228e-07
 Reference value :  2.05051e-07
 Reference value :  2.06580e-07
 Reference value :  2.08307e-07
 Reference value :  2.10421e-07
 Reference value :  2.12484e-07
 Reference value :  2.14077e-07
 Reference value :  2.15899e-07
 Reference value :  2.17687e-07
 Reference value :  2.19685e-07
 Reference value :  2.21323e-07
 Reference value :  2.23321e-07
 Reference value :  2.25332e-07
 Reference value :  2.27374e-07
 Reference value :  2.29377e-07
 Reference value :  2.31331e-07
 Reference value :  2.33333e-07
 Reference value :  2.35360e-07
 Reference value :  2.37379e-07
 Reference value :  2.39186e-07
 Reference value :  2.40824e-07
 Reference value :  2.41240e-07
 Reference value :  2.41464e-07
 Reference value :  2.42180e-07
 Reference value :  2.42590e-07
 Reference value :  2.43966e-07
 Reference value :  2.45120e-07
 Reference value :  2.46813e-07
 Reference value :  2.48718e-07
 Reference value :  2.50749e-07
 Reference value :  2.52744e-07
 Reference value :  2.54542e-07
 Reference value :  2.56740e-07
 Reference value :  2.58759e-07
 Reference value :  2.60793e-07
 Reference value :  2.62794e-07
 Reference value :  2.64820e-07
 Reference value :  2.66840e-07
 Reference value :  2.68845e-07
 Reference value :  2.70801e-07
 Reference value :  2.72837e-07
 Reference value :  2.74814e-07
 Reference value :  2.76660e-07
 Reference value :  2.78465e-07
 Reference value :  2.80299e-07
 Reference value :  2.82338e-07
 Reference value :  2.82989e-07
 Reference value :  2.83528e-07
 Reference value :  2.83868e-07
 Reference value :  2.83981e-07
 Reference value :  2.84385e-07
 Reference value :  2.85243e-07
 Reference value :  2.86843e-07
 Reference value :  2.88556e-07
 Reference value :  2.90272e-07
 Reference value :  2.91850e-07
 Reference value :  2.94030e-07
 Reference value :  2.95631e-07
 Reference value :  2.97454e-07
 Reference value :  2.99266e-07
 Reference value :  3.01072e-07
 Reference value :  3.02920e-07
 Reference value :  3.04706e-07
 Reference value :  3.06744e-07
 Reference value :  3.08755e-07
 Reference value :  3.10735e-07
 Reference value :  3.12757e-07
 Reference value :  3.14517e-07
 Reference value :  3.16714e-07
 Reference value :  3.18742e-07
 Reference value :  3.20757e-07
 Reference value :  3.22973e-07
 Reference value :  3.24543e-07
 Reference value :  3.24702e-07
 Reference value :  3.25427e-07
 Reference value :  3.25825e-07
 Reference value :  3.27682e-07
 Reference value :  3.29231e-07
 Reference value :  3.31224e-07
 Reference value :  3.32971e-07
 Reference value :  3.34988e-07
 Reference value :  3.36780e-07
 Reference value :  3.38750e-07
 Reference value :  3.40441e-07
 Reference value :  3.42563e-07
 Reference value :  3.44761e-07
 Reference value :  3.46718e-07
 Reference value :  3.49066e-07
 Reference value :  3.51069e-07
 Reference value :  3.53571e-07
 Reference value :  3.55932e-07
 Reference value :  3.57922e-07
 Reference value :  3.60254e-07
 Reference value :  3.62382e-07
 Reference value :  3.64716e-07
 Reference value :  3.66247e-07
 Reference value :  3.66506e-07
 Reference value :  3.67076e-07
 Reference value :  3.67245e-07
 Reference value :  3.67604e-07
 Reference value :  3.69279e-07
 Reference value :  3.70848e-07
 Reference value :  3.72724e-07
 Reference value :  3.74509e-07
 Reference value :  3.76498e-07
 Reference value :  3.78490e-07
 Reference value :  3.80126e-07
 Reference value :  3.82120e-07
 Reference value :  3.83969e-07
 Reference value :  3.85786e-07
 Reference value :  3.87586e-07
 Reference value :  3.89584e-07
 Reference value :  3.91388e-07
 Reference value :  3.93216e-07
 Reference value :  3.95230e-07
 Reference value :  3.97075e-07
 Reference value :  3.98866e-07
 Reference value :  4.00861e-07
 Reference value :  4.02867e-07
 Reference value :  4.04698e-07
 Reference value :  4.06475e-07
 Reference value :  4.07909e-07
 Reference value :  4.08161e-07
 Reference value :  4.08833e-07
 Reference value :  4.09193e-07
 Reference value :  4.10834e-07
 Reference value :  4.12391e-07
 Reference value :  4.14113e-07
 Reference value :  4.15701e-07
 Reference value :  4.16905e-07
 Reference value :  4.17918e-07
 Reference value :  4.19656e-07
 Reference value :  4.21445e-07
 Reference value :  4.23118e-07
 Reference value :  4.25150e-07
 Reference value :  4.27186e-07
 Reference value :  4.29030e-07
 Reference value :  4.31046e-07
 Reference value :  4.32867e-07
 Reference value :  4.34659e-07
 Reference value :  4.36672e-07
 Reference value :  4.38627e-07
 Reference value :  4.40449e-07
 Reference value :  4.42464e-07
 Reference value :  4.44302e-07
 Reference value :  4.46261e-07
 Reference value :  4.48237e-07
 Reference value :  4.49552e-07
 Reference value :  4.49722e-07
 Reference value :  4.50253e-07
 Reference value :  4.50719e-07
 Reference value :  4.51640e-07
 Reference value :  4.52842e-07
 Reference value :  4.54747e-07
 Reference value :  4.56619e-07
 Reference value :  4.58336e-07
 Reference value :  4.60060e-07
 Reference value :  4.61641e-07
 Reference value :  4.63631e-07
 Reference value :  4.65431e-07
 Reference value :  4.67238e-07
 Reference value :  4.69435e-07
 Reference value :  4.71069e-07
 Reference value :  4.73096e-07
 Reference value :  4.75096e-07
 Reference value :  4.77086e-07
 Reference value :  4.79074e-07
 Reference value :  4.80843e-07
 Reference value :  4.82679e-07
 Reference value :  4.84452e-07
 Reference value :  4.86438e-07
 Reference value :  4.88214e-07
 Reference value :  4.90219e-07
 Reference value :  4.91232e-07
 Reference value :  4.91395e-07
 Reference value :  4.91839e-07
 Reference value :  4.92339e-07
 Reference value :  4.92693e-07
 Reference value :  4.94525e-07
 Reference value :  4.96523e-07
 Reference value :  4.98471e-07
 Reference value :  5.00434e-07
 Reference value :  5.02459e-07
 Reference value :  5.04576e-07
 Reference value :  5.06697e-07
 Reference value :  5.08886e-07
 Reference value :  5.11225e-07
 Reference value :  5.13400e-07
 Reference value :  5.15735e-07
 Reference value :  5.18236e-07
 Reference value :  5.20414e-07
 Reference value :  5.22581e-07
 Reference value :  5.24702e-07
 Reference value :  5.27046e-07
 Reference value :  5.29370e-07
 Reference value :  5.31722e-07
 Reference value :  5.32938e-07
 Reference value :  5.33213e-07
 Reference value :  5.33835e-07
 Reference value :  5.33936e-07
 Reference value :  5.34433e-07
 Reference value :  5.35694e-07
 Reference value :  5.37541e-07
 Reference value :  5.39466e-07
 Reference value :  5.41260e-07
 Reference value :  5.43022e-07
 Reference value :  5.45011e-07
 Reference value :  5.46971e-07
 Reference value :  5.48804e-07
 Reference value :  5.51014e-07
 Reference value :  5.53023e-07
 Reference value :  5.55023e-07
 Reference value :  5.57010e-07
 Reference value :  5.58785e-07
 Reference value :  5.60782e-07
 Reference value :  5.62580e-07
 Reference value :  5.64550e-07
 Reference value :  5.66758e-07
 Reference value :  5.68754e-07
 Reference value :  5.70550e-07
 Reference value :  5.72563e-07
 Reference value :  5.74500e-07
 Reference value :  5.74680e-07
 Reference value :  5.75172e-07
 Reference value :  5.75673e-07
 Reference value :  5.76647e-07
 Reference value :  5.78500e-07
 Reference value :  5.80458e-07
 Reference value :  5.82222e-07
 Reference value :  5.84393e-07
 Reference value :  5.86561e-07
 Reference value :  5.88556e-07
 Reference value :  5.90334e-07
 Reference value :  5.92518e-07
 Reference value :  5.94713e-07
 Reference value :  5.97081e-07
 Reference value :  5.99252e-07
 Reference value :  6.01582e-07
 Reference value :  6.04088e-07
 Reference value :  6.06624e-07
 Reference value :  6.09194e-07
 Reference value :  6.10971e-07
 Reference value :  6.11450e-07
 Reference value :  6.13343e-07
 Reference value :  6.15450e-07
 Reference value :  6.16279e-07
 Reference value :  6.16525e-07
 Reference value :  6.17201e-07
 Reference value :  6.17916e-07
 Reference value :  6.18811e-07
 Reference value :  6.20485e-07
 Reference value :  6.22030e-07
 Reference value :  6.23754e-07
 Reference value :  6.25479e-07
 Reference value :  6.27247e-07
 Reference value :  6.29044e-07
 Reference value :  6.30846e-07
 Reference value :  6.32820e-07
 Reference value :  6.34663e-07
 Reference value :  6.36459e-07
 Reference value :  6.38272e-07
 Reference value :  6.40144e-07
 Reference value :  6.42165e-07
 Reference value :  6.43937e-07
 Reference value :  6.45765e-07
 Reference value :  6.47950e-07
 Reference value :  6.49557e-07
 Reference value :  6.51385e-07
 Reference value :  6.53405e-07
 Reference value :  6.55177e-07
 Reference value :  6.57003e-07
 Reference value :  6.57885e-07
 Reference value :  6.58104e-07
 Reference value :  6.58649e-07
 Reference value :  6.59060e-07
 Reference value :  6.59640e-07
 Reference value :  6.61179e-07
 Reference value :  6.63086e-07
 Reference value :  6.64907e-07
 Reference value :  6.66693e-07
 Reference value :  6.68679e-07
 Reference value :  6.70688e-07
 Reference value :  6.72869e-07
 Reference value :  6.75047e-07
 Reference value :  6.77391e-07
 Reference value :  6.79338e-07
 Reference value :  6.81760e-07
 Reference value :  6.83739e-07
 Reference value :  6.85691e-07
 Reference value :  6.88035e-07
 Reference value :  6.90360e-07
 Reference value :  6.92364e-07
 Reference value :  6.94650e-07
 Reference value :  6.97229e-07
 Reference value :  6.99369e-07
 Reference value :  6.99724e-07
 Reference value :  7.00252e-07
 Reference value :  7.00577e-07
 Reference value :  7.00703e-07
 Reference value :  7.01467e-07
 Reference value :  7.03525e-07
 Reference value :  7.05274e-07
 Reference value :  7.07165e-07
 Reference value :  7.09153e-07
 Reference value :  7.10921e-07
 Reference value :  7.12912e-07
 Reference value :  7.14700e-07
 Reference value :  7.16694e-07
 Reference value :  7.18698e-07
 Reference value :  7.20522e-07
 Reference value :  7.22316e-07
 Reference value :  7.24325e-07
 Reference value :  7.26356e-07
 Reference value :  7.28139e-07
 Reference value :  7.29955e-07
 Reference value :  7.31837e-07
 Reference value :  7.33851e-07
 Reference value :  7.35456e-07
 Reference value :  7.37299e-07
 Reference value :  7.39166e-07
 Reference value :  7.41167e-07
 Reference value :  7.41308e-07
 Reference value :  7.41627e-07
 Reference value :  7.42276e-07
 Reference value :  7.43086e-07
 Reference value :  7.44624e-07
 Reference value :  7.46359e-07
 Reference value :  7.48109e-07
 Reference value :  7.50093e-07
 Reference value :  7.51862e-07
 Reference value :  7.53867e-07
 Reference value :  7.55871e-07
 Reference value :  7.58229e-07
 Reference value :  7.60224e-07
 Reference value :  7.62188e-07
 Reference value :  7.64369e-07
 Reference value :  7.66360e-07
 Reference value :  7.68374e-07
 Reference value :  7.70700e-07
 Reference value :  7.72863e-07
 Reference value :  7.74632e-07
 Reference value :  7.76628e-07
 Reference value :  7.78835e-07
 Reference value :  7.81158e-07
 Reference value :  7.82840e-07
 Reference value :  7.83093e-07
 Reference value :  7.83727e-07
 Reference value :  7.83931e-07
 Reference value :  7.84171e-07
 Reference value :  7.85239e-07
 Reference value :  7.87136e-07
 Reference value :  7.88907e-07
 Reference value :  7.90669e-07
 Reference value :  7.92666e-07
 Reference value :  7.94486e-07
 Reference value :  7.96275e-07
 Reference value :  7.98269e-07
 Reference value :  8.00227e-07
 Reference value :  8.01885e-07
 Reference value :  8.03932e-07
 Reference value :  8.05961e-07
 Reference value :  8.07764e-07
 Reference value :  8.09413e-07
 Reference value :  8.11429e-07
 Reference value :  8.13288e-07
 Reference value :  8.14923e-07
 Reference value :  8.16934e-07
 Reference value :  8.18760e-07
 Reference value :  8.20944e-07
 Reference value :  8.22550e-07
 Reference value :  8.24500e-07
 Reference value :  8.24666e-07
 Reference value :  8.25019e-07
 Reference value :  8.25543e-07
 Reference value :  8.26122e-07
 Reference value :  8.27606e-07
 Reference value :  8.29364e-07
 Reference value :  8.31102e-07
 Reference value :  8.33091e-07
 Reference value :  8.34849e-07
 Reference value :  8.36848e-07
 Reference value :  8.38833e-07
 Reference value :  8.40790e-07
 Reference value :  8.42936e-07
 Reference value :  8.45296e-07
 Reference value :  8.47285e-07
 Reference value :  8.49401e-07
 Reference value :  8.51567e-07
 Reference value :  8.53710e-07
 Reference value :  8.55894e-07
 Reference value :  8.58404e-07
 Reference value :  8.60552e-07
 Reference value :  8.62719e-07
 Reference value :  8.64671e-07
 Reference value :  8.66200e-07
 Reference value :  8.66430e-07
 Reference value :  8.67040e-07
 Reference value :  8.67239e-07
 Reference value :  8.67342e-07
 Reference value :  8.67527e-07
 Reference value :  8.68563e-07
 Reference value :  8.70387e-07
 Reference value :  8.72099e-07
 Reference value :  8.73836e-07
 Reference value :  8.75815e-07
 Reference value :  8.77577e-07
 Reference value :  8.79573e-07
 Reference value :  8.81350e-07
 Reference value :  8.83369e-07
 Reference value :  8.85370e-07
 Reference value :  8.87184e-07
 Reference value :  8.89215e-07
 Reference value :  8.91056e-07
 Reference value :  8.92892e-07
 Reference value :  8.94935e-07
 Reference value :  8.96742e-07
 Reference value :  8.98722e-07
 Reference value :  9.00733e-07
 Reference value :  9.02742e-07
 Reference value :  9.04788e-07
 Reference value :  9.06814e-07
 Reference value :  9.07875e-07
 Reference value :  9.08045e-07
 Reference value :  9.08644e-07
 Reference value :  9.09050e-07
 Reference value :  9.10017e-07
 Reference value :  9.11923e-07
 Reference value :  9.13677e-07
 Reference value :  9.15504e-07
 Reference value :  9.17087e-07
 Reference value :  9.19285e-07
 Reference value :  9.21121e-07
 Reference value :  9.22906e-07
 Reference value :  9.24913e-07
 Reference value :  9.27076e-07
 Reference value :  9.29283e-07
 Reference value :  9.31435e-07
 Reference value :  9.33612e-07
 Reference value :  9.35566e-07
 Reference value :  9.38092e-07
 Reference value :  9.40205e-07
 Reference value :  9.42387e-07
 Reference value :  9.44372e-07
 Reference value :  9.46479e-07
 Reference value :  9.48463e-07
 Reference value :  9.49267e-07
 Reference value :  9.49624e-07
 Reference value :  9.49945e-07
 Reference value :  9.50515e-07
 Reference value :  9.50652e-07
 Reference value :  9.51309e-07
 Reference value :  9.52821e-07
 Reference value :  9.54546e-07
 Reference value :  9.56251e-07
 Reference value :  9.57815e-07
 Reference value :  9.59570e-07
 Reference value :  9.61550e-07
 Reference value :  9.63320e-07
 Reference value :  9.65159e-07
 Reference value :  9.67155e-07
 Reference value :  9.68935e-07
 Reference value :  9.70954e-07
 Reference value :  9.72958e-07
 Reference value :  9.74777e-07
 Reference value :  9.76582e-07
 Reference value :  9.78596e-07
 Reference value :  9.80644e-07
 Reference value :  9.82656e-07
 Reference value :  9.84441e-07
 Reference value :  9.86477e-07
 Reference value :  9.88485e-07
 Reference value :  9.90319e-07
 Reference value :  9.91221e-07
 Reference value :  9.91393e-07
 Reference value :  9.91970e-07
 Reference value :  9.92354e-07
 Reference value :  9.93225e-07
 Reference value :  9.95112e-07
 Reference value :  9.96852e-07
 Reference value :  9.98496e-07
 Reference value :  1.00029e-06
 Reference value :  1.00228e-06
 Reference value :  1.00424e-06
 Reference value :  1.00625e-06
 Reference value :  1.00826e-06
 Reference value :  1.01026e-06
 Reference value :  1.01262e-06
 Reference value :  1.01464e-06
 Reference value :  1.01701e-06
 Reference value :  1.01900e-06
 Reference value :  1.02097e-06
 Reference value :  1.02329e-06
 Reference value :  1.02681e-06
 Reference value :  1.03012e-06
 Reference value :  1.03289e-06
 Reference value :  1.03374e-06
 Reference value :  1.03412e-06
 Reference value :  1.03597e-06
 Reference value :  1.03905e-06
 Reference value :  1.04170e-06
 Reference value :  1.04465e-06
 Reference value :  1.04760e-06
 Reference value :  1.04936e-06
 Reference value :  1.05137e-06
 Reference value :  1.05338e-06
 Reference value :  1.05518e-06
 Reference value :  1.05715e-06
 Reference value :  1.05914e-06
 Reference value :  1.06094e-06
 Reference value :  1.06298e-06
 Reference value :  1.06481e-06
 Reference value :  1.06667e-06
 Reference value :  1.06872e-06
 Reference value :  1.07074e-06
 Reference value :  1.07237e-06
 Reference value :  1.07421e-06
 Reference value :  1.07458e-06
 Reference value :  1.07481e-06
 Reference value :  1.07550e-06
 Reference value :  1.07590e-06
 Reference value :  1.07735e-06
 Reference value :  1.07910e-06
 Reference value :  1.08089e-06
 Reference value :  1.08268e-06
 Reference value :  1.08448e-06
 Reference value :  1.08629e-06
 Reference value :  1.08848e-06
 Reference value :  1.09065e-06
 Reference value :  1.09282e-06
 Reference value :  1.09516e-06
 Reference value :  1.09734e-06
 Reference value :  1.09967e-06
 Reference value :  1.10178e-06
 Reference value :  1.10410e-06
 Reference value :  1.10607e-06
 Reference value :  1.10856e-06
 Reference value :  1.11069e-06
 Reference value :  1.11250e-06
 Reference value :  1.11471e-06
 Reference value :  1.11622e-06
 Reference value :  1.11644e-06
 Reference value :  1.11708e-06
 Reference value :  1.11729e-06
 Reference value :  1.11743e-06
 Reference value :  1.11779e-06
 Reference value :  1.11806e-06
 Reference value :  1.11841e-06
 Reference value :  1.12024e-06
 Reference value :  1.12214e-06
 Reference value :  1.12385e-06
 Reference value :  1.12558e-06
 Reference value :  1.12732e-06
 Reference value :  1.12948e-06
 Reference value :  1.13181e-06
 Reference value :  1.13372e-06
 Reference value :  1.13588e-06
 Reference value :  1.13836e-06
 Reference value :  1.14048e-06
 Reference value :  1.14260e-06
 Reference value :  1.14507e-06
 Reference value :  1.14757e-06
 Reference value :  1.15007e-06
 Reference value :  1.15256e-06
 Reference value :  1.15499e-06
 Reference value :  1.15783e-06
 Reference value :  1.15798e-06
 Reference value :  1.15850e-06
 Reference value :  1.15893e-06
 Reference value :  1.15963e-06
 Reference value :  1.16074e-06
 Reference value :  1.16203e-06
 Reference value :  1.16386e-06
 Reference value :  1.16558e-06
 Reference value :  1.16730e-06
 Reference value :  1.16903e-06
 Reference value :  1.17103e-06
 Reference value :  1.17263e-06
 Reference value :  1.17450e-06
 Reference value :  1.17652e-06
 Reference value :  1.17837e-06
 Reference value :  1.18001e-06
 Reference value :  1.18202e-06
 Reference value :  1.18401e-06
 Reference value :  1.18605e-06
 Reference value :  1.18785e-06
 Reference value :  1.18972e-06
 Reference value :  1.19179e-06
 Reference value :  1.19357e-06
 Reference value :  1.19561e-06
 Reference value :  1.19746e-06
 Reference value :  1.19926e-06
 Reference value :  1.19960e-06
 Reference value :  1.19982e-06
 Reference value :  1.20050e-06
 Reference value :  1.20062e-06
 Reference value :  1.20080e-06
 Reference value :  1.20105e-06
 Reference value :  1.20144e-06
 Reference value :  1.20306e-06
 Reference value :  1.20489e-06
 Reference value :  1.20684e-06
 Reference value :  1.20871e-06
 Reference value :  1.21060e-06
 Reference value :  1.21259e-06
 Reference value :  1.21435e-06
 Reference value :  1.21636e-06
 Reference value :  1.21839e-06
 Reference value :  1.22019e-06
 Reference value :  1.22220e-06
 Reference value :  1.22401e-06
 Reference value :  1.22587e-06
 Reference value :  1.22764e-06
 Reference value :  1.22948e-06
 Reference value :  1.23150e-06
 Reference value :  1.23345e-06
 Reference value :  1.23526e-06
 Reference value :  1.23729e-06
 Reference value :  1.23928e-06
 Reference value :  1.24102e-06
 Reference value :  1.24123e-06
 Reference value :  1.24138e-06
 Reference value :  1.24211e-06
 Reference value :  1.24251e-06
 Reference value :  1.24370e-06
 Reference value :  1.24517e-06
 Reference value :  1.24707e-06
 Reference value :  1.24906e-06
 Reference value :  1.25086e-06
 Reference value :  1.25285e-06
 Reference value :  1.25503e-06
 Reference value :  1.25705e-06
 Reference value :  1.25883e-06
 Reference value :  1.26087e-06
 Reference value :  1.26291e-06
 Reference value :  1.26474e-06
 Reference value :  1.26676e-06
 Reference value :  1.26898e-06
 Reference value :  1.27100e-06
 Reference value :  1.27300e-06
 Reference value :  1.27498e-06
 Reference value :  1.27714e-06
 Reference value :  1.27973e-06
 Reference value :  1.28186e-06
 Reference value :  1.28289e-06
 Reference value :  1.28324e-06
 Reference value :  1.28384e-06
 Reference value :  1.28392e-06
 Reference value :  1.28408e-06
 Reference value :  1.28456e-06
 Reference value :  1.28561e-06
 Reference value :  1.28731e-06
 Reference value :  1.28885e-06
 Reference value :  1.29058e-06
 Reference value :  1.29236e-06
 Reference value :  1.29433e-06
 Reference value :  1.29633e-06
 Reference value :  1.29794e-06
 Reference value :  1.29979e-06
 Reference value :  1.30157e-06
 Reference value :  1.30359e-06
 Reference value :  1.30542e-06
 Reference value :  1.30725e-06
 Reference value :  1.30903e-06
 Reference value :  1.31106e-06
 Reference value :  1.31289e-06
 Reference value :  1.31449e-06
 Reference value :  1.31650e-06
 Reference value :  1.31830e-06
 Reference value :  1.32013e-06
 Reference value :  1.32197e-06
 Reference value :  1.32402e-06
 Reference value :  1.32459e-06
 Reference value :  1.32478e-06
 Reference value :  1.32528e-06
 Reference value :  1.32570e-06
 Reference value :  1.32660e-06
 Reference value :  1.32847e-06
 Reference value :  1.33043e-06
 Reference value :  1.33237e-06
 Reference value :  1.33437e-06
 Reference value :  1.33669e-06
 Reference value :  1.33863e-06
 Reference value :  1.34062e-06
 Reference value :  1.34281e-06
 Reference value :  1.34482e-06
 Reference value :  1.34546e-06
 Reference value :  1.34626e-06
 Reference value :  1.34785e-06
 Reference value :  1.34961e-06
 Reference value :  1.35162e-06
 Reference value :  1.35344e-06
 Reference value :  1.35538e-06
 Reference value :  1.35721e-06
 Reference value :  1.35920e-06
 Reference value :  1.36114e-06
 Reference value :  1.36313e-06
 Reference value :  1.36517e-06
 Reference value :  1.36622e-06
 Reference value :  1.36648e-06
 Reference value :  1.36717e-06
 Reference value :  1.36728e-06
 Reference value :  1.36782e-06
 Reference value :  1.36894e-06
 Reference value :  1.37063e-06
 Reference value :  1.37234e-06
 Reference value :  1.37390e-06
 Reference value :  1.37606e-06
 Reference value :  1.37765e-06
 Reference value :  1.37983e-06
 Reference value :  1.38161e-06
 Reference value :  1.38342e-06
 Reference value :  1.38546e-06
 Reference value :  1.38726e-06
 Reference value :  1.38935e-06
 Reference value :  1.39114e-06
 Reference value :  1.39314e-06
 Reference value :  1.39514e-06
 Reference value :  1.39695e-06
 Reference value :  1.39892e-06
 Reference value :  1.40109e-06
 Reference value :  1.40289e-06
 Reference value :  1.40454e-06
 Reference value :  1.40654e-06
 Reference value :  1.40787e-06
 Reference value :  1.40803e-06
 Reference value :  1.40857e-06
 Reference value :  1.40906e-06
 Reference value :  1.41004e-06
 Reference value :  1.41194e-06
 Reference value :  1.41386e-06
 Reference value :  1.41570e-06
 Reference value :  1.41773e-06
 Reference value :  1.41970e-06
 Reference value :  1.42168e-06
 Reference value :  1.42385e-06
 Reference value :  1.42623e-06
 Reference value :  1.42880e-06
 Reference value :  1.43090e-06
 Reference value :  1.43306e-06
 Reference value :  1.43555e-06
 Reference value :  1.43803e-06
 Reference value :  1.44036e-06
 Reference value :  1.44265e-06
 Reference value :  1.44494e-06
 Reference value :  1.44743e-06
 Reference value :  1.44952e-06
 Reference value :  1.44975e-06
 Reference value :  1.45050e-06
 Reference value :  1.45059e-06
 Reference value :  1.45130e-06
 Reference value :  1.45295e-06
 Reference value :  1.45465e-06
 Reference value :  1.45638e-06
 Reference value :  1.45837e-06
 Reference value :  1.45995e-06
 Reference value :  1.46197e-06
 Reference value :  1.46373e-06
 Reference value :  1.46592e-06
 Reference value :  1.46777e-06
 Reference value :  1.46979e-06
 Reference value :  1.47197e-06
 Reference value :  1.47357e-06
 Reference value :  1.47578e-06
 Reference value :  1.47779e-06
 Reference value :  1.47962e-06
 Reference value :  1.48140e-06
 Reference value :  1.48324e-06
 Reference value :  1.48505e-06
 Reference value :  1.48668e-06
 Reference value :  1.48869e-06
 Reference value :  1.49052e-06
 Reference value :  1.49129e-06
 Reference value :  1.49156e-06
 Reference value :  1.49217e-06
 Reference value :  1.49252e-06
 Reference value :  1.49433e-06
 Reference value :  1.49587e-06
 Reference value :  1.49778e-06
 Reference value :  1.50010e-06
 Reference value :  1.50211e-06
 Reference value :  1.50390e-06
 Reference value :  1.50589e-06
 Reference value :  1.50823e-06
 Reference value :  1.51022e-06
 Reference value :  1.51233e-06
 Reference value :  1.51449e-06
 Reference value :  1.51648e-06
 Reference value :  1.51884e-06
 Reference value :  1.52098e-06
 Reference value :  1.52315e-06
 Reference value :  1.52510e-06
 Reference value :  1.52708e-06
 Reference value :  1.52944e-06
 Reference value :  1.53178e-06
 Reference value :  1.53291e-06
 Reference value :  1.53332e-06
 Reference value :  1.53387e-06
 Reference value :  1.53396e-06
 Reference value :  1.53411e-06
 Reference value :  1.53554e-06
 Reference value :  1.53738e-06
 Reference value :  1.53927e-06
 Reference value :  1.54124e-06
 Reference value :  1.54301e-06
 Reference value :  1.54485e-06
 Reference value :  1.54663e-06
 Reference value :  1.54863e-06
 Reference value :  1.55065e-06
 Reference value :  1.55284e-06
 Reference value :  1.55464e-06
 Reference value :  1.55647e-06
 Reference value :  1.55832e-06
 Reference value :  1.56019e-06
 Reference value :  1.56199e-06
 Reference value :  1.56401e-06
 Reference value :  1.56583e-06
 Reference value :  1.56768e-06
 Reference value :  1.56948e-06
 Reference value :  1.57129e-06
 Reference value :  1.57314e-06
 Reference value :  1.57453e-06
 Reference value :  1.57477e-06
 Reference value :  1.57530e-06
 Reference value :  1.57572e-06
 Reference value :  1.57679e-06
 Reference value :  1.57848e-06
 Reference value :  1.58031e-06
 Reference value :  1.58209e-06
 Reference value :  1.58409e-06
 Reference value :  1.58608e-06
 Reference value :  1.58842e-06
 Reference value :  1.59054e-06
 Reference value :  1.59290e-06
 Reference value :  1.59502e-06
 Reference value :  1.59736e-06
 Reference value :  1.59987e-06
 Reference value :  1.60221e-06
 Reference value :  1.60472e-06
 Reference value :  1.60703e-06
 Reference value :  1.60954e-06
 Reference value :  1.61187e-06
 Reference value :  1.61420e-06
 Reference value :  1.61622e-06
 Reference value :  1.61646e-06
 Reference value :  1.61717e-06
 Reference value :  1.61726e-06
 Reference value :  1.61743e-06
 Reference value :  1.61871e-06
 Reference value :  1.62081e-06
 Reference value :  1.62256e-06
 Reference value :  1.62430e-06
 Reference value :  1.62613e-06
 Reference value :  1.62772e-06
 Reference value :  1.62956e-06
 Reference value :  1.63135e-06
 Reference value :  1.63334e-06
 Reference value :  1.63518e-06
 Reference value :  1.63697e-06
 Reference value :  1.63895e-06
 Reference value :  1.64100e-06
 Reference value :  1.64304e-06
 Reference value :  1.64505e-06
 Reference value :  1.64685e-06
 Reference value :  1.64848e-06
 Reference value :  1.65051e-06
 Reference value :  1.65212e-06
 Reference value :  1.65394e-06
 Reference value :  1.65576e-06
 Reference value :  1.65756e-06
 Reference value :  1.65797e-06
 Reference value :  1.65832e-06
 Reference value :  1.65888e-06
 Reference value :  1.65923e-06
 Reference value :  1.66072e-06
 Reference value :  1.66246e-06
 Reference value :  1.66442e-06
 Reference value :  1.66637e-06
 Reference value :  1.66817e-06
 Reference value :  1.66998e-06
 Reference value :  1.67193e-06
 Reference value :  1.67411e-06
 Reference value :  1.67611e-06
 Reference value :  1.67807e-06
 Reference value :  1.68063e-06
 Reference value :  1.68256e-06
 Reference value :  1.68494e-06
 Reference value :  1.68710e-06
 Reference value :  1.68928e-06
 Reference value :  1.69145e-06
 Reference value :  1.69329e-06
 Reference value :  1.69411e-06
 Reference value :  1.69553e-06
 Reference value :  1.69736e-06
 Reference value :  1.69896e-06
 Reference value :  1.69972e-06
 Reference value :  1.70050e-06
 Reference value :  1.70065e-06
 Reference value :  1.70121e-06
 Reference value :  1.70200e-06
 Reference value :  1.70379e-06
 Reference value :  1.70532e-06
 Reference value :  1.70705e-06
 Reference value :  1.70877e-06
 Reference value :  1.71075e-06
 Reference value :  1.71251e-06
 Reference value :  1.71429e-06
 Reference value :  1.71611e-06
 Reference value :  1.71829e-06
 Reference value :  1.72014e-06
 Reference value :  1.72212e-06
 Reference value :  1.72407e-06
 Reference value :  1.72625e-06
 Reference value :  1.72804e-06
 Reference value :  1.72988e-06
 Reference value :  1.73171e-06
 Reference value :  1.73375e-06
 Reference value :  1.73575e-06
 Reference value :  1.73753e-06
 Reference value :  1.73953e-06
 Reference value :  1.74117e-06
 Reference value :  1.74129e-06
 Reference value :  1.74159e-06
 Reference value :  1.74221e-06
 Reference value :  1.74278e-06
 Reference value :  1.74463e-06
 Reference value :  1.74637e-06
 Reference value :  1.74816e-06
 Reference value :  1.74998e-06
 Reference value :  1.75198e-06
 Reference value :  1.75392e-06
 Reference value :  1.75611e-06
 Reference value :  1.75826e-06
 Reference value :  1.76027e-06
 Reference value :  1.76244e-06
 Reference value :  1.76461e-06
 Reference value :  1.76656e-06
 Reference value :  1.76853e-06
 Reference value :  1.77090e-06
 Reference value :  1.77325e-06
 Reference value :  1.77543e-06
 Reference value :  1.77776e-06
 Reference value :  1.78009e-06
 Reference value :  1.78227e-06
 Reference value :  1.78298e-06
 Reference value :  1.78343e-06
 Reference value :  1.78388e-06
 Reference value :  1.78404e-06
 Reference value :  1.78475e-06
 Reference value :  1.78537e-06
 Reference value :  1.78724e-06
 Reference value :  1.78922e-06
 Reference value :  1.79097e-06
 Reference value :  1.79283e-06
 Reference value :  1.79483e-06
 Reference value :  1.79659e-06
 Reference value :  1.79860e-06
 Reference value :  1.80060e-06
 Reference value :  1.80240e-06
 Reference value :  1.80440e-06
 Reference value :  1.80659e-06
 Reference value :  1.80844e-06
 Reference value :  1.81023e-06
 Reference value :  1.81208e-06
 Reference value :  1.81390e-06
 Reference value :  1.81594e-06
 Reference value :  1.81772e-06
 Reference value :  1.81938e-06
 Reference value :  1.82123e-06
 Reference value :  1.82319e-06
 Reference value :  1.82455e-06
 Reference value :  1.82472e-06
 Reference value :  1.82525e-06
 Reference value :  1.82577e-06
 Reference value :  1.82699e-06
 Reference value :  1.82907e-06
 Reference value :  1.83081e-06
 Reference value :  1.83282e-06
 Reference value :  1.83460e-06
 Reference value :  1.83642e-06
 Reference value :  1.83842e-06
 Reference value :  1.84037e-06
 Reference value :  1.84277e-06
 Reference value :  1.84472e-06
 Reference value :  1.84686e-06
 Reference value :  1.84907e-06
 Reference value :  1.85158e-06
 Reference value :  1.85374e-06
 Reference value :  1.85610e-06
 Reference value :  1.85845e-06
 Reference value :  1.86045e-06
 Reference value :  1.86280e-06
 Reference value :  1.86496e-06
 Reference value :  1.86623e-06
 Reference value :  1.86645e-06
 Reference value :  1.86707e-06
 Reference value :  1.86724e-06
 Reference value :  1.86744e-06
 Reference value :  1.86861e-06
 Reference value :  1.87066e-06
 Reference value :  1.87264e-06
 Reference value :  1.87464e-06
 Reference value :  1.87663e-06
 Reference value :  1.87838e-06
 Reference value :  1.88057e-06
 Reference value :  1.88236e-06
 Reference value :  1.88436e-06
 Reference value :  1.88636e-06
 Reference value :  1.88821e-06
 Reference value :  1.89002e-06
 Reference value :  1.89184e-06
 Reference value :  1.89386e-06
 Reference value :  1.89587e-06
 Reference value :  1.89768e-06
 Reference value :  1.89951e-06
 Reference value :  1.90151e-06
 Reference value :  1.90338e-06
 Reference value :  1.90520e-06
 Reference value :  1.90700e-06
 Reference value :  1.90788e-06
 Reference value :  1.90809e-06
 Reference value :  1.90883e-06
 Reference value :  1.90908e-06
 Reference value :  1.91015e-06
 Reference value :  1.91216e-06
 Reference value :  1.91415e-06
 Reference value :  1.91617e-06
 Reference value :  1.91816e-06
 Reference value :  1.92028e-06
 Reference value :  1.92245e-06
 Reference value :  1.92496e-06
 Reference value :  1.92732e-06
 Reference value :  1.92944e-06
 Reference value :  1.93179e-06
 Reference value :  1.93413e-06
 Reference value :  1.93631e-06
 Reference value :  1.93865e-06
 Reference value :  1.94114e-06
 Reference value :  1.94379e-06
 Reference value :  1.94663e-06
 Reference value :  1.94792e-06
 Reference value :  1.94852e-06
 Reference value :  1.94953e-06
 Reference value :  1.94969e-06
 Reference value :  1.95023e-06
 Reference value :  1.95047e-06
 Reference value :  1.95057e-06
 Reference value :  1.95075e-06
 Reference value :  1.95148e-06
 Reference value :  1.95288e-06
 Reference value :  1.95476e-06
 Reference value :  1.95660e-06
 Reference value :  1.95838e-06
 Reference value :  1.96021e-06
 Reference value :  1.96200e-06
 Reference value :  1.96381e-06
 Reference value :  1.96582e-06
 Reference value :  1.96778e-06
 Reference value :  1.96960e-06
 Reference value :  1.97161e-06
 Reference value :  1.97346e-06
 Reference value :  1.97559e-06
 Reference value :  1.97762e-06
 Reference value :  1.97960e-06
 Reference value :  1.98161e-06
 Reference value :  1.98397e-06
 Reference value :  1.98596e-06
 Reference value :  1.98775e-06
 Reference value :  1.98990e-06
 Reference value :  1.99122e-06
 Reference value :  1.99139e-06
 Reference value :  1.99189e-06
 Reference value :  1.99232e-06
 Reference value :  1.99292e-06
 Reference value :  1.99464e-06
 Reference value :  1.99653e-06
 Reference value :  1.99839e-06
 Reference value :  2.00019e-06
 Reference value :  2.00223e-06
 Reference value :  2.00421e-06
 Reference value :  2.00624e-06
 Reference value :  2.00826e-06
 Reference value :  2.01025e-06
 Reference value :  2.01204e-06
 Reference value :  2.01404e-06
 Reference value :  2.01622e-06
 Reference value :  2.01824e-06
 Reference value :  2.02025e-06
 Reference value :  2.02238e-06
 Reference value :  2.02463e-06
 Reference value :  2.02675e-06
 Reference value :  2.02898e-06
 Reference value :  2.03125e-06
 Reference value :  2.03289e-06
 Reference value :  2.03317e-06
 Reference value :  2.03384e-06
 Reference value :  2.03396e-06
 Reference value :  2.03426e-06
 Reference value :  2.03523e-06
 Reference value :  2.03716e-06
 Reference value :  2.03871e-06
 Reference value :  2.04045e-06
 Reference value :  2.04222e-06
 Reference value :  2.04418e-06
 Reference value :  2.04596e-06
 Reference value :  2.04779e-06
 Reference value :  2.04979e-06
 Reference value :  2.05158e-06
 Reference value :  2.05357e-06
 Reference value :  2.05542e-06
 Reference value :  2.05721e-06
 Reference value :  2.05922e-06
 Reference value :  2.06106e-06
 Reference value :  2.06309e-06
 Reference value :  2.06489e-06
 Reference value :  2.06691e-06
 Reference value :  2.06872e-06
 Reference value :  2.07078e-06
 Reference value :  2.07280e-06
 Reference value :  2.07450e-06
 Reference value :  2.07461e-06
 Reference value :  2.07488e-06
 Reference value :  2.07551e-06
 Reference value :  2.07580e-06
 Reference value :  2.07660e-06
 Reference value :  2.07830e-06
 Reference value :  2.07986e-06
 Reference value :  2.08164e-06
 Reference value :  2.08362e-06
 Reference value :  2.08562e-06
 Reference value :  2.08778e-06
 Reference value :  2.08988e-06
 Reference value :  2.09222e-06
 Reference value :  2.09457e-06
 Reference value :  2.09688e-06
 Reference value :  2.09921e-06
 Reference value :  2.10172e-06
 Reference value :  2.10405e-06
 Reference value :  2.10655e-06
 Reference value :  2.10905e-06
 Reference value :  2.11156e-06
 Reference value :  2.11388e-06
 Reference value :  2.11603e-06
 Reference value :  2.11639e-06
 Reference value :  2.11689e-06
 Reference value :  2.11724e-06
 Reference value :  2.11735e-06
 Reference value :  2.11757e-06
 Reference value :  2.11797e-06
 Reference value :  2.11815e-06
 Reference value :  2.11872e-06
 Reference value :  2.11969e-06
 Reference value :  2.12135e-06
 Reference value :  2.12320e-06
 Reference value :  2.12521e-06
 Reference value :  2.12741e-06
 Reference value :  2.12948e-06
 Reference value :  2.13180e-06
 Reference value :  2.13395e-06
 Reference value :  2.13623e-06
 Reference value :  2.13835e-06
 Reference value :  2.14083e-06
 Reference value :  2.14319e-06
 Reference value :  2.14552e-06
 Reference value :  2.14781e-06
 Reference value :  2.15010e-06
 Reference value :  2.15256e-06
 Reference value :  2.15490e-06
 Reference value :  2.15690e-06
 Reference value :  2.15789e-06
 Reference value :  2.15804e-06
 Reference value :  2.15875e-06
 Reference value :  2.15912e-06
 Reference value :  2.16018e-06
 Reference value :  2.16177e-06
 Reference value :  2.16348e-06
 Reference value :  2.16506e-06
 Reference value :  2.16707e-06
 Reference value :  2.16926e-06
 Reference value :  2.17121e-06
 Reference value :  2.17303e-06
 Reference value :  2.17504e-06
 Reference value :  2.17705e-06
 Reference value :  2.17886e-06
 Reference value :  2.18088e-06
 Reference value :  2.18270e-06
 Reference value :  2.18455e-06
 Reference value :  2.18618e-06
 Reference value :  2.18819e-06
 Reference value :  2.19003e-06
 Reference value :  2.19189e-06
 Reference value :  2.19370e-06
 Reference value :  2.19553e-06
 Reference value :  2.19754e-06
 Reference value :  2.19951e-06
 Reference value :  2.19975e-06
 Reference value :  2.20050e-06
 Reference value :  2.20069e-06
 Reference value :  2.20097e-06
 Reference value :  2.20185e-06
 Reference value :  2.20344e-06
 Reference value :  2.20551e-06
 Reference value :  2.20724e-06
 Reference value :  2.20878e-06
 Reference value :  2.21052e-06
 Reference value :  2.21249e-06
 Reference value :  2.21426e-06
 Reference value :  2.21626e-06
 Reference value :  2.21804e-06
 Reference value :  2.21988e-06
 Reference value :  2.22188e-06
 Reference value :  2.22382e-06
 Reference value :  2.22564e-06
 Reference value :  2.22765e-06
 Reference value :  2.22942e-06
 Reference value :  2.23143e-06
 Reference value :  2.23348e-06
 Reference value :  2.23549e-06
 Reference value :  2.23745e-06
 Reference value :  2.23927e-06
 Reference value :  2.24117e-06
 Reference value :  2.24125e-06
 Reference value :  2.24148e-06
 Reference value :  2.24217e-06
 Reference value :  2.24247e-06
 Reference value :  2.24323e-06
 Reference value :  2.24450e-06
 Reference value :  2.24577e-06
 Reference value :  2.24759e-06
 Reference value :  2.24933e-06
 Reference value :  2.25111e-06
 Reference value :  2.25294e-06
 Reference value :  2.25496e-06
 Reference value :  2.25677e-06
 Reference value :  2.25840e-06
 Reference value :  2.26041e-06
 Reference value :  2.26260e-06
 Reference value :  2.26445e-06
 Reference value :  2.26624e-06
 Reference value :  2.26842e-06
 Reference value :  2.27059e-06
 Reference value :  2.27246e-06
 Reference value :  2.27447e-06
 Reference value :  2.27627e-06
 Reference value :  2.27824e-06
 Reference value :  2.28010e-06
 Reference value :  2.28212e-06
 Reference value :  2.28296e-06
 Reference value :  2.28358e-06
 Reference value :  2.28390e-06
 Reference value :  2.28403e-06
 Reference value :  2.28440e-06
 Reference value :  2.28505e-06
 Reference value :  2.28600e-06
 Reference value :  2.28792e-06
 Reference value :  2.28962e-06
 Reference value :  2.29118e-06
 Reference value :  2.29295e-06
 Reference value :  2.29496e-06
 Reference value :  2.29697e-06
 Reference value :  2.29876e-06
 Reference value :  2.30057e-06
 Reference value :  2.30243e-06
 Reference value :  2.30422e-06
 Reference value :  2.30624e-06
 Reference value :  2.30806e-06
 Reference value :  2.31008e-06
 Reference value :  2.31186e-06
 Reference value :  2.31368e-06
 Reference value :  2.31587e-06
 Reference value :  2.31747e-06
 Reference value :  2.31930e-06
 Reference value :  2.32116e-06
 Reference value :  2.32295e-06
 Reference value :  2.32452e-06
 Reference value :  2.32467e-06
 Reference value :  2.32512e-06
 Reference value :  2.32562e-06
 Reference value :  2.32595e-06
 Reference value :  2.32730e-06
 Reference value :  2.32923e-06
 Reference value :  2.33119e-06
 Reference value :  2.33342e-06
 Reference value :  2.33537e-06
 Reference value :  2.33739e-06
 Reference value :  2.33942e-06
 Reference value :  2.34160e-06
 Reference value :  2.34379e-06
 Reference value :  2.34613e-06
 Reference value :  2.34830e-06
 Reference value :  2.35045e-06
 Reference value :  2.35239e-06
 Reference value :  2.35477e-06
 Reference value :  2.35733e-06
 Reference value :  2.35911e-06
 Reference value :  2.36111e-06
 Reference value :  2.36348e-06
 Reference value :  2.36581e-06
 Reference value :  2.36634e-06
 Reference value :  2.36680e-06
 Reference value :  2.36720e-06
 Reference value :  2.36747e-06
 Reference value :  2.36823e-06
 Reference value :  2.37003e-06
 Reference value :  2.37175e-06
 Reference value :  2.37330e-06
 Reference value :  2.37503e-06
 Reference value :  2.37695e-06
 Reference value :  2.37892e-06
 Reference value :  2.38073e-06
 Reference value :  2.38254e-06
 Reference value :  2.38453e-06
 Reference value :  2.38633e-06
 Reference value :  2.38833e-06
 Reference value :  2.39017e-06
 Reference value :  2.39236e-06
 Reference value :  2.39436e-06
 Reference value :  2.39615e-06
 Reference value :  2.39815e-06
 Reference value :  2.40015e-06
 Reference value :  2.40212e-06
 Reference value :  2.40411e-06
 Reference value :  2.40630e-06
 Reference value :  2.40787e-06
 Reference value :  2.40807e-06
 Reference value :  2.40869e-06
 Reference value :  2.40906e-06
 Reference value :  2.41009e-06
 Reference value :  2.41193e-06
 Reference value :  2.41367e-06
 Reference value :  2.41551e-06
 Reference value :  2.41726e-06
 Reference value :  2.41928e-06
 Reference value :  2.42112e-06
 Reference value :  2.42306e-06
 Reference value :  2.42522e-06
 Reference value :  2.42742e-06
 Reference value :  2.42957e-06
 Reference value :  2.43177e-06
 Reference value :  2.43392e-06
 Reference value :  2.43586e-06
 Reference value :  2.43815e-06
 Reference value :  2.44047e-06
 Reference value :  2.44091e-06
 Reference value :  2.44236e-06
 Reference value :  2.44424e-06
 Reference value :  2.44627e-06
 Reference value :  2.44827e-06
 Reference value :  2.44953e-06
 Reference value :  2.44964e-06
 Reference value :  2.45006e-06
 Reference value :  2.45042e-06
 Reference value :  2.45058e-06
 Reference value :  2.45081e-06
 Reference value :  2.45146e-06
 Reference value :  2.45247e-06
 Reference value :  2.45442e-06
 Reference value :  2.45601e-06
 Reference value :  2.45898e-06
 Reference value :  2.46210e-06
 Reference value :  2.46523e-06
 Reference value :  2.46839e-06
 Reference value :  2.47152e-06
 Reference value :  2.47466e-06
 Reference value :  2.47804e-06
 Reference value :  2.48163e-06
 Reference value :  2.48463e-06
 Reference value :  2.48647e-06
 Reference value :  2.48841e-06
 Reference value :  2.49039e-06
 Reference value :  2.49127e-06
 Reference value :  2.49144e-06
 Reference value :  2.49211e-06
 Reference value :  2.49246e-06
 Reference value :  2.49406e-06
 Reference value :  2.49580e-06
 Reference value :  2.49776e-06
 Reference value :  2.49970e-06
 Reference value :  2.50150e-06
 Reference value :  2.50347e-06
 Reference value :  2.50587e-06
 Reference value :  2.50782e-06
 Reference value :  2.51014e-06
 Reference value :  2.51213e-06
 Reference value :  2.51448e-06
 Reference value :  2.51648e-06
 Reference value :  2.51861e-06
 Reference value :  2.52065e-06
 Reference value :  2.52261e-06
 Reference value :  2.52459e-06
 Reference value :  2.52672e-06
 Reference value :  2.52892e-06
 Reference value :  2.53137e-06
 Reference value :  2.53290e-06
 Reference value :  2.53313e-06
 Reference value :  2.53384e-06
 Reference value :  2.53399e-06
 Reference value :  2.53471e-06
 Reference value :  2.53602e-06
 Reference value :  2.53807e-06
 Reference value :  2.54004e-06
 Reference value :  2.54203e-06
 Reference value :  2.54378e-06
 Reference value :  2.54563e-06
 Reference value :  2.54758e-06
 Reference value :  2.54956e-06
 Reference value :  2.55158e-06
 Reference value :  2.55336e-06
 Reference value :  2.55519e-06
 Reference value :  2.55720e-06
 Reference value :  2.55899e-06
 Reference value :  2.56084e-06
 Reference value :  2.56265e-06
 Reference value :  2.56448e-06
 Reference value :  2.56626e-06
 Reference value :  2.56826e-06
 Reference value :  2.57003e-06
 Reference value :  2.57201e-06
 Reference value :  2.57403e-06
 Reference value :  2.57461e-06
 Reference value :  2.57484e-06
 Reference value :  2.57550e-06
 Reference value :  2.57577e-06
 Reference value :  2.57662e-06
 Reference value :  2.57812e-06
 Reference value :  2.58003e-06
 Reference value :  2.58206e-06
 Reference value :  2.58409e-06
 Reference value :  2.58608e-06
 Reference value :  2.58856e-06
 Reference value :  2.59049e-06
 Reference value :  2.59287e-06
 Reference value :  2.59520e-06
 Reference value :  2.59736e-06
 Reference value :  2.59972e-06
 Reference value :  2.60189e-06
 Reference value :  2.60423e-06
 Reference value :  2.60639e-06
 Reference value :  2.60855e-06
 Reference value :  2.61064e-06
 Reference value :  2.61302e-06
 Reference value :  2.61533e-06
 Reference value :  2.61635e-06
 Reference value :  2.61689e-06
 Reference value :  2.61720e-06
 Reference value :  2.61740e-06
 Reference value :  2.61815e-06
 Reference value :  2.61965e-06
 Reference value :  2.62178e-06
 Reference value :  2.62374e-06
 Reference value :  2.62566e-06
 Reference value :  2.62725e-06
 Reference value :  2.62928e-06
 Reference value :  2.63129e-06
 Reference value :  2.63328e-06
 Reference value :  2.63506e-06
 Reference value :  2.63707e-06
 Reference value :  2.63927e-06
 Reference value :  2.64127e-06
 Reference value :  2.64375e-06
 Reference value :  2.64668e-06
 Reference value :  2.64989e-06
 Reference value :  2.65269e-06
 Reference value :  2.65471e-06
 Reference value :  2.65650e-06
 Reference value :  2.65788e-06
 Reference value :  2.65802e-06
 Reference value :  2.65860e-06
 Reference value :  2.65908e-06
 Reference value :  2.66016e-06
 Reference value :  2.66185e-06
 Reference value :  2.66380e-06
 Reference value :  2.66559e-06
 Reference value :  2.66760e-06
 Reference value :  2.66943e-06
 Reference value :  2.67162e-06
 Reference value :  2.67363e-06
 Reference value :  2.67560e-06
 Reference value :  2.67743e-06
 Reference value :  2.67944e-06
 Reference value :  2.68177e-06
 Reference value :  2.68377e-06
 Reference value :  2.68573e-06
 Reference value :  2.68788e-06
 Reference value :  2.68988e-06
 Reference value :  2.69190e-06
 Reference value :  2.69423e-06
 Reference value :  2.69619e-06
 Reference value :  2.69854e-06
 Reference value :  2.69962e-06
 Reference value :  2.69998e-06
 Reference value :  2.70053e-06
 Reference value :  2.70065e-06
 Reference value :  2.70085e-06
 Reference value :  2.70184e-06
 Reference value :  2.70372e-06
 Reference value :  2.70551e-06
 Reference value :  2.70723e-06
 Reference value :  2.70899e-06
 Reference value :  2.71100e-06
 Reference value :  2.71304e-06
 Reference value :  2.71505e-06
 Reference value :  2.71666e-06
 Reference value :  2.71849e-06
 Reference value :  2.72050e-06
 Reference value :  2.72226e-06
 Reference value :  2.72427e-06
 Reference value :  2.72630e-06
 Reference value :  2.72790e-06
 Reference value :  2.72973e-06
 Reference value :  2.73191e-06
 Reference value :  2.73367e-06
 Reference value :  2.73572e-06
 Reference value :  2.73772e-06
 Reference value :  2.73973e-06
 Reference value :  2.74120e-06
 Reference value :  2.74134e-06
 Reference value :  2.74194e-06
 Reference value :  2.74241e-06
 Reference value :  2.74371e-06
 Reference value :  2.74540e-06
 Reference value :  2.74713e-06
 Reference value :  2.74892e-06
 Reference value :  2.75091e-06
 Reference value :  2.75309e-06
 Reference value :  2.75510e-06
 Reference value :  2.75704e-06
 Reference value :  2.75923e-06
 Reference value :  2.76139e-06
 Reference value :  2.76337e-06
 Reference value :  2.76571e-06
 Reference value :  2.76767e-06
 Reference value :  2.76963e-06
 Reference value :  2.77198e-06
 Reference value :  2.77417e-06
 Reference value :  2.77652e-06
 Reference value :  2.77886e-06
 Reference value :  2.78137e-06
 Reference value :  2.78291e-06
 Reference value :  2.78332e-06
 Reference value :  2.78386e-06
 Reference value :  2.78397e-06
 Reference value :  2.78429e-06
 Reference value :  2.78553e-06
 Reference value :  2.78756e-06
 Reference value :  2.78934e-06
 Reference value :  2.79108e-06
 Reference value :  2.79307e-06
 Reference value :  2.79484e-06
 Reference value :  2.79684e-06
 Reference value :  2.79885e-06
 Reference value :  2.80061e-06
 Reference value :  2.80262e-06
 Reference value :  2.80466e-06
 Reference value :  2.80645e-06
 Reference value :  2.80829e-06
 Reference value :  2.81012e-06
 Reference value :  2.81215e-06
 Reference value :  2.81416e-06
 Reference value :  2.81595e-06
 Reference value :  2.81795e-06
 Reference value :  2.81997e-06
 Reference value :  2.82201e-06
 Reference value :  2.82382e-06
 Reference value :  2.82457e-06
 Reference value :  2.82474e-06
 Reference value :  2.82529e-06
 Reference value :  2.82576e-06
 Reference value :  2.82686e-06
 Reference value :  2.82874e-06
 Reference value :  2.83047e-06
 Reference value :  2.83247e-06
 Reference value :  2.83422e-06
 Reference value :  2.83623e-06
 Reference value :  2.83818e-06
 Reference value :  2.84034e-06
 Reference value :  2.84232e-06
 Reference value :  2.84466e-06
 Reference value :  2.84682e-06
 Reference value :  2.84875e-06
 Reference value :  2.85096e-06
 Reference value :  2.85310e-06
 Reference value :  2.85528e-06
 Reference value :  2.85729e-06
 Reference value :  2.85942e-06
 Reference value :  2.86145e-06
 Reference value :  2.86356e-06
 Reference value :  2.86591e-06
 Reference value :  2.86636e-06
 Reference value :  2.86689e-06
 Reference value :  2.86721e-06
 Reference value :  2.86737e-06
 Reference value :  2.86815e-06
 Reference value :  2.87006e-06
 Reference value :  2.87178e-06
 Reference value :  2.87335e-06
 Reference value :  2.87514e-06
 Reference value :  2.87714e-06
 Reference value :  2.87916e-06
 Reference value :  2.88117e-06
 Reference value :  2.88277e-06
 Reference value :  2.88460e-06
 Reference value :  2.88661e-06
 Reference value :  2.88837e-06
 Reference value :  2.89037e-06
 Reference value :  2.89218e-06
 Reference value :  2.89399e-06
 Reference value :  2.89598e-06
 Reference value :  2.89779e-06
 Reference value :  2.89978e-06
 Reference value :  2.90198e-06
 Reference value :  2.90381e-06
 Reference value :  2.90580e-06
 Reference value :  2.90770e-06
 Reference value :  2.90794e-06
 Reference value :  2.90817e-06
 Reference value :  2.90883e-06
 Reference value :  2.90912e-06
 Reference value :  2.91067e-06
 Reference value :  2.91241e-06
 Reference value :  2.91416e-06
 Reference value :  2.91614e-06
 Reference value :  2.91808e-06
 Reference value :  2.92008e-06
 Reference value :  2.92230e-06
 Reference value :  2.92447e-06
 Reference value :  2.92662e-06
 Reference value :  2.92863e-06
 Reference value :  2.93059e-06
 Reference value :  2.93256e-06
 Reference value :  2.93492e-06
 Reference value :  2.93676e-06
 Reference value :  2.93893e-06
 Reference value :  2.94127e-06
 Reference value :  2.94342e-06
 Reference value :  2.94519e-06
 Reference value :  2.94737e-06
 Reference value :  2.94951e-06
 Reference value :  2.94976e-06
 Reference value :  2.95027e-06
 Reference value :  2.95055e-06
 Reference value :  2.95067e-06
 Reference value :  2.95097e-06
 Reference value :  2.95176e-06
 Reference value :  2.95365e-06
 Reference value :  2.95523e-06
 Reference value :  2.95701e-06
 Reference value :  2.95882e-06
 Reference value :  2.96083e-06
 Reference value :  2.96260e-06
 Reference value :  2.96460e-06
 Reference value :  2.96644e-06
 Reference value :  2.96822e-06
 Reference value :  2.97023e-06
 Reference value :  2.97224e-06
 Reference value :  2.97429e-06
 Reference value :  2.97631e-06
 Reference value :  2.97811e-06
 Reference value :  2.98019e-06
 Reference value :  2.98198e-06
 Reference value :  2.98381e-06
 Reference value :  2.98559e-06
 Reference value :  2.98725e-06
 Reference value :  2.98929e-06
 Reference value :  2.99117e-06
 Reference value :  2.99129e-06
 Reference value :  2.99160e-06
 Reference value :  2.99220e-06
 Reference value :  2.99263e-06
 Reference value :  2.99404e-06
 Reference value :  2.99598e-06
 Reference value :  2.99777e-06
 Reference value :  2.99957e-06
 Reference value :  3.00137e-06
 Reference value :  3.00321e-06
 Reference value :  3.00497e-06
 Reference value :  3.00681e-06
 Reference value :  3.00898e-06
 Reference value :  3.01095e-06
 Reference value :  3.01336e-06
 Reference value :  3.01549e-06
 Reference value :  3.01773e-06
 Reference value :  3.01969e-06
 Reference value :  3.02201e-06
 Reference value :  3.02433e-06
 Reference value :  3.02634e-06
 Reference value :  3.02846e-06
 Reference value :  3.03023e-06
 Reference value :  3.03244e-06
 Reference value :  3.03297e-06
 Reference value :  3.03337e-06
 Reference value :  3.03385e-06
 Reference value :  3.03412e-06
 Reference value :  3.03469e-06
 Reference value :  3.03615e-06
 Reference value :  3.03794e-06
 Reference value :  3.03965e-06
 Reference value :  3.04137e-06
 Reference value :  3.04293e-06
 Reference value :  3.04472e-06
 Reference value :  3.04675e-06
 Reference value :  3.04856e-06
 Reference value :  3.05042e-06
 Reference value :  3.05221e-06
 Reference value :  3.05420e-06
 Reference value :  3.05620e-06
 Reference value :  3.05801e-06
 Reference value :  3.05984e-06
 Reference value :  3.06168e-06
 Reference value :  3.06369e-06
 Reference value :  3.06546e-06
 Reference value :  3.06730e-06
 Reference value :  3.06916e-06
 Reference value :  3.07096e-06
 Reference value :  3.07280e-06
 Reference value :  3.07450e-06
 Reference value :  3.07462e-06
 Reference value :  3.07489e-06
 Reference value :  3.07559e-06
 Reference value :  3.07583e-06
 Reference value :  3.07685e-06
 Reference value :  3.07876e-06
 Reference value :  3.08035e-06
 Reference value :  3.08236e-06
 Reference value :  3.08437e-06
 Reference value :  3.08612e-06
 Reference value :  3.08829e-06
 Reference value :  3.09047e-06
 Reference value :  3.09261e-06
 Reference value :  3.09458e-06
 Reference value :  3.09658e-06
 Reference value :  3.09891e-06
 Reference value :  3.10109e-06
 Reference value :  3.10330e-06
 Reference value :  3.10530e-06
 Reference value :  3.10690e-06
 Reference value :  3.10910e-06
 Reference value :  3.11093e-06
 Reference value :  3.11253e-06
 Reference value :  3.11435e-06
 Reference value :  3.11618e-06
 Reference value :  3.11641e-06
 Reference value :  3.11705e-06
 Reference value :  3.11726e-06
 Reference value :  3.11746e-06
 Reference value :  3.11796e-06
 Reference value :  3.11854e-06
 Reference value :  3.12051e-06
 Reference value :  3.12204e-06
 Reference value :  3.12378e-06
 Reference value :  3.12574e-06
 Reference value :  3.12754e-06
 Reference value :  3.12938e-06
 Reference value :  3.13116e-06
 Reference value :  3.13314e-06
 Reference value :  3.13500e-06
 Reference value :  3.13680e-06
 Reference value :  3.13865e-06
 Reference value :  3.14067e-06
 Reference value :  3.14251e-06
 Reference value :  3.14432e-06
 Reference value :  3.14614e-06
 Reference value :  3.14814e-06
 Reference value :  3.15015e-06
 Reference value :  3.15192e-06
 Reference value :  3.15393e-06
 Reference value :  3.15578e-06
 Reference value :  3.15758e-06
 Reference value :  3.15792e-06
 Reference value :  3.15820e-06
 Reference value :  3.15892e-06
 Reference value :  3.15923e-06
 Reference value :  3.16066e-06
 Reference value :  3.16239e-06
 Reference value :  3.16377e-06
 Reference value :  3.16551e-06
 Reference value :  3.16727e-06
 Reference value :  3.16910e-06
 Reference value :  3.17127e-06
 Reference value :  3.17324e-06
 Reference value :  3.17508e-06
 Reference value :  3.17690e-06
 Reference value :  3.17908e-06
 Reference value :  3.18103e-06
 Reference value :  3.18306e-06
 Reference value :  3.18543e-06
 Reference value :  3.18739e-06
 Reference value :  3.18973e-06
 Reference value :  3.19189e-06
 Reference value :  3.19386e-06
 Reference value :  3.19601e-06
 Reference value :  3.19821e-06
 Reference value :  3.19958e-06
 Reference value :  3.19980e-06
 Reference value :  3.20050e-06
 Reference value :  3.20065e-06
 Reference value :  3.20080e-06
 Reference value :  3.20108e-06
 Reference value :  3.20144e-06
 Reference value :  3.20315e-06
 Reference value :  3.20528e-06
 Reference value :  3.20722e-06
 Reference value :  3.20878e-06
 Reference value :  3.21052e-06
 Reference value :  3.21228e-06
 Reference value :  3.21427e-06
 Reference value :  3.21627e-06
 Reference value :  3.21804e-06
 Reference value :  3.22007e-06
 Reference value :  3.22208e-06
 Reference value :  3.22413e-06
 Reference value :  3.22615e-06
 Reference value :  3.22775e-06
 Reference value :  3.22958e-06
 Reference value :  3.23162e-06
 Reference value :  3.23341e-06
 Reference value :  3.23526e-06
 Reference value :  3.23692e-06
 Reference value :  3.23878e-06
 Reference value :  3.24057e-06
 Reference value :  3.24123e-06
 Reference value :  3.24137e-06
 Reference value :  3.24203e-06
 Reference value :  3.24243e-06
 Reference value :  3.24311e-06
 Reference value :  3.24447e-06
 Reference value :  3.24588e-06
 Reference value :  3.24700e-06
 Reference value :  3.24812e-06
 Reference value :  3.24928e-06
 Reference value :  3.25086e-06
 Reference value :  3.25265e-06
 Reference value :  3.25464e-06
 Reference value :  3.25666e-06
 Reference value :  3.25854e-06
 Reference value :  3.26057e-06
 Reference value :  3.26237e-06
 Reference value :  3.26403e-06
 Reference value :  3.26606e-06
 Reference value :  3.26810e-06
 Reference value :  3.26994e-06
 Reference value :  3.27174e-06
 Reference value :  3.27381e-06
 Reference value :  3.27542e-06
 Reference value :  3.27744e-06
 Reference value :  3.27945e-06
 Reference value :  3.28141e-06
 Reference value :  3.28289e-06
 Reference value :  3.28313e-06
 Reference value :  3.28371e-06
 Reference value :  3.28393e-06
 Reference value :  3.28409e-06
 Reference value :  3.28442e-06
 Reference value :  3.28548e-06
 Reference value :  3.28687e-06
 Reference value :  3.28883e-06
 Reference value :  3.29059e-06
 Reference value :  3.29239e-06
 Reference value :  3.29420e-06
 Reference value :  3.29619e-06
 Reference value :  3.29797e-06
 Reference value :  3.29979e-06
 Reference value :  3.30159e-06
 Reference value :  3.30340e-06
 Reference value :  3.30541e-06
 Reference value :  3.30720e-06
 Reference value :  3.30885e-06
 Reference value :  3.31073e-06
 Reference value :  3.31237e-06
 Reference value :  3.31419e-06
 Reference value :  3.31619e-06
 Reference value :  3.31804e-06
 Reference value :  3.31982e-06
 Reference value :  3.32167e-06
 Reference value :  3.32351e-06
 Reference value :  3.32454e-06
 Reference value :  3.32467e-06
 Reference value :  3.32515e-06
 Reference value :  3.32562e-06
 Reference value :  3.32662e-06
 Reference value :  3.32828e-06
 Reference value :  3.32952e-06
 Reference value :  3.33106e-06
 Reference value :  3.33282e-06
 Reference value :  3.33465e-06
 Reference value :  3.33641e-06
 Reference value :  3.33825e-06
 Reference value :  3.34004e-06
 Reference value :  3.34221e-06
 Reference value :  3.34406e-06
 Reference value :  3.34622e-06
 Reference value :  3.34825e-06
 Reference value :  3.35042e-06
 Reference value :  3.35276e-06
 Reference value :  3.35473e-06
 Reference value :  3.35716e-06
 Reference value :  3.35935e-06
 Reference value :  3.36153e-06
 Reference value :  3.36350e-06
 Reference value :  3.36547e-06
 Reference value :  3.36633e-06
 Reference value :  3.36677e-06
 Reference value :  3.36719e-06
 Reference value :  3.36735e-06
 Reference value :  3.36814e-06
 Reference value :  3.37010e-06
 Reference value :  3.37190e-06
 Reference value :  3.37361e-06
 Reference value :  3.37534e-06
 Reference value :  3.37735e-06
 Reference value :  3.37893e-06
 Reference value :  3.38110e-06
 Reference value :  3.38271e-06
 Reference value :  3.38453e-06
 Reference value :  3.38635e-06
 Reference value :  3.38814e-06
 Reference value :  3.38998e-06
 Reference value :  3.39175e-06
 Reference value :  3.39375e-06
 Reference value :  3.39577e-06
 Reference value :  3.39779e-06
 Reference value :  3.39956e-06
 Reference value :  3.40140e-06
 Reference value :  3.40342e-06
 Reference value :  3.40505e-06
 Reference value :  3.40689e-06
 Reference value :  3.40789e-06
 Reference value :  3.40804e-06
 Reference value :  3.40865e-06
 Reference value :  3.40906e-06
 Reference value :  3.40983e-06
 Reference value :  3.41101e-06
 Reference value :  3.41224e-06
 Reference value :  3.41382e-06
 Reference value :  3.41599e-06
 Reference value :  3.41762e-06
 Reference value :  3.41945e-06
 Reference value :  3.42146e-06
 Reference value :  3.42335e-06
 Reference value :  3.42538e-06
 Reference value :  3.42740e-06
 Reference value :  3.42919e-06
 Reference value :  3.43101e-06
 Reference value :  3.43304e-06
 Reference value :  3.43487e-06
 Reference value :  3.43682e-06
 Reference value :  3.43882e-06
 Reference value :  3.44102e-06
 Reference value :  3.44302e-06
 Reference value :  3.44503e-06
 Reference value :  3.44683e-06
 Reference value :  3.44886e-06
 Reference value :  3.44966e-06
 Reference value :  3.45004e-06
 Reference value :  3.45053e-06
 Reference value :  3.45061e-06
 Reference value :  3.45078e-06
 Reference value :  3.45151e-06
 Reference value :  3.45302e-06
 Reference value :  3.45473e-06
 Reference value :  3.45648e-06
 Reference value :  3.45829e-06
 Reference value :  3.46006e-06
 Reference value :  3.46184e-06
 Reference value :  3.46350e-06
 Reference value :  3.46535e-06
 Reference value :  3.46714e-06
 Reference value :  3.46914e-06
 Reference value :  3.47114e-06
 Reference value :  3.47318e-06
 Reference value :  3.47496e-06
 Reference value :  3.47677e-06
 Reference value :  3.47880e-06
 Reference value :  3.48059e-06
 Reference value :  3.48225e-06
 Reference value :  3.48425e-06
 Reference value :  3.48605e-06
 Reference value :  3.48787e-06
 Reference value :  3.48986e-06
 Reference value :  3.49119e-06
 Reference value :  3.49132e-06
 Reference value :  3.49165e-06
 Reference value :  3.49217e-06
 Reference value :  3.49254e-06
 Reference value :  3.49388e-06
 Reference value :  3.49526e-06
 Reference value :  3.49681e-06
 Reference value :  3.49836e-06
 Reference value :  3.50013e-06
 Reference value :  3.50196e-06
 Reference value :  3.50396e-06
 Reference value :  3.50574e-06
 Reference value :  3.50777e-06
 Reference value :  3.50979e-06
 Reference value :  3.51163e-06
 Reference value :  3.51343e-06
 Reference value :  3.51525e-06
 Reference value :  3.51725e-06
 Reference value :  3.51906e-06
 Reference value :  3.52147e-06
 Reference value :  3.52344e-06
 Reference value :  3.52583e-06
 Reference value :  3.52762e-06
 Reference value :  3.52961e-06
 Reference value :  3.53198e-06
 Reference value :  3.53295e-06
 Reference value :  3.53327e-06
 Reference value :  3.53386e-06
 Reference value :  3.53401e-06
 Reference value :  3.53462e-06
 Reference value :  3.53600e-06
 Reference value :  3.53778e-06
 Reference value :  3.53935e-06
 Reference value :  3.54131e-06
 Reference value :  3.54333e-06
 Reference value :  3.54514e-06
 Reference value :  3.54702e-06
 Reference value :  3.54887e-06
 Reference value :  3.55047e-06
 Reference value :  3.55247e-06
 Reference value :  3.55426e-06
 Reference value :  3.55626e-06
 Reference value :  3.55828e-06
 Reference value :  3.56029e-06
 Reference value :  3.56192e-06
 Reference value :  3.56374e-06
 Reference value :  3.56558e-06
 Reference value :  3.56736e-06
 Reference value :  3.56918e-06
 Reference value :  3.57112e-06
 Reference value :  3.57310e-06
 Reference value :  3.57453e-06
 Reference value :  3.57464e-06
 Reference value :  3.57510e-06
 Reference value :  3.57563e-06
 Reference value :  3.57661e-06
 Reference value :  3.57811e-06
 Reference value :  3.57919e-06
 Reference value :  3.58092e-06
 Reference value :  3.58266e-06
 Reference value :  3.58451e-06
 Reference value :  3.58611e-06
 Reference value :  3.58794e-06
 Reference value :  3.58996e-06
 Reference value :  3.59173e-06
 Reference value :  3.59356e-06
 Reference value :  3.59592e-06
 Reference value :  3.59792e-06
 Reference value :  3.60004e-06
 Reference value :  3.60224e-06
 Reference value :  3.60420e-06
 Reference value :  3.60656e-06
 Reference value :  3.60857e-06
 Reference value :  3.61091e-06
 Reference value :  3.61311e-06
 Reference value :  3.61530e-06
 Reference value :  3.61626e-06
 Reference value :  3.61644e-06
 Reference value :  3.61710e-06
 Reference value :  3.61726e-06
 Reference value :  3.61739e-06
 Reference value :  3.61798e-06
 Reference value :  3.61954e-06
 Reference value :  3.62141e-06
 Reference value :  3.62315e-06
 Reference value :  3.62513e-06
 Reference value :  3.62704e-06
 Reference value :  3.62906e-06
 Reference value :  3.63087e-06
 Reference value :  3.63289e-06
 Reference value :  3.63472e-06
 Reference value :  3.63674e-06
 Reference value :  3.63890e-06
 Reference value :  3.64069e-06
 Reference value :  3.64254e-06
 Reference value :  3.64457e-06
 Reference value :  3.64693e-06
 Reference value :  3.64892e-06
 Reference value :  3.65077e-06
 Reference value :  3.65256e-06
 Reference value :  3.65453e-06
 Reference value :  3.65654e-06
 Reference value :  3.65786e-06
 Reference value :  3.65798e-06
 Reference value :  3.65839e-06
 Reference value :  3.65893e-06
 Reference value :  3.65945e-06
 Reference value :  3.66097e-06
 Reference value :  3.66239e-06
 Reference value :  3.66409e-06
 Reference value :  3.66565e-06
 Reference value :  3.66742e-06
 Reference value :  3.66926e-06
 Reference value :  3.67125e-06
 Reference value :  3.67302e-06
 Reference value :  3.67503e-06
 Reference value :  3.67723e-06
 Reference value :  3.67939e-06
 Reference value :  3.68137e-06
 Reference value :  3.68318e-06
 Reference value :  3.68554e-06
 Reference value :  3.68752e-06
 Reference value :  3.68986e-06
 Reference value :  3.69182e-06
 Reference value :  3.69379e-06
 Reference value :  3.69615e-06
 Reference value :  3.69830e-06
 Reference value :  3.69957e-06
 Reference value :  3.69977e-06
 Reference value :  3.70035e-06
 Reference value :  3.70058e-06
 Reference value :  3.70080e-06
 Reference value :  3.70162e-06
 Reference value :  3.70333e-06
 Reference value :  3.70521e-06
 Reference value :  3.70693e-06
 Reference value :  3.70850e-06
 Reference value :  3.71030e-06
 Reference value :  3.71210e-06
 Reference value :  3.71410e-06
 Reference value :  3.71590e-06
 Reference value :  3.71790e-06
 Reference value :  3.71974e-06
 Reference value :  3.72158e-06
 Reference value :  3.72349e-06
 Reference value :  3.72534e-06
 Reference value :  3.72711e-06
 Reference value :  3.72908e-06
 Reference value :  3.73087e-06
 Reference value :  3.73286e-06
 Reference value :  3.73485e-06
 Reference value :  3.73660e-06
 Reference value :  3.73859e-06
 Reference value :  3.74036e-06
 Reference value :  3.74123e-06
 Reference value :  3.74145e-06
 Reference value :  3.74221e-06
 Reference value :  3.74270e-06
 Reference value :  3.74415e-06
 Reference value :  3.74572e-06
 Reference value :  3.74744e-06
 Reference value :  3.74902e-06
 Reference value :  3.75106e-06
 Reference value :  3.75323e-06
 Reference value :  3.75501e-06
 Reference value :  3.75703e-06
 Reference value :  3.75918e-06
 Reference value :  3.76136e-06
 Reference value :  3.76354e-06
 Reference value :  3.76571e-06
 Reference value :  3.76765e-06
 Reference value :  3.76965e-06
 Reference value :  3.77201e-06
 Reference value :  3.77403e-06
 Reference value :  3.77637e-06
 Reference value :  3.77836e-06
 Reference value :  3.78032e-06
 Reference value :  3.78248e-06
 Reference value :  3.78302e-06
 Reference value :  3.78348e-06
 Reference value :  3.78389e-06
 Reference value :  3.78400e-06
 Reference value :  3.78445e-06
 Reference value :  3.78561e-06
 Reference value :  3.78749e-06
 Reference value :  3.78952e-06
 Reference value :  3.79168e-06
 Reference value :  3.79343e-06
 Reference value :  3.79544e-06
 Reference value :  3.79722e-06
 Reference value :  3.79924e-06
 Reference value :  3.80122e-06
 Reference value :  3.80307e-06
 Reference value :  3.80485e-06
 Reference value :  3.80683e-06
 Reference value :  3.80884e-06
 Reference value :  3.81060e-06
 Reference value :  3.81260e-06
 Reference value :  3.81424e-06
 Reference value :  3.81625e-06
 Reference value :  3.81807e-06
 Reference value :  3.81988e-06
 Reference value :  3.82183e-06
 Reference value :  3.82383e-06
 Reference value :  3.82457e-06
 Reference value :  3.82473e-06
 Reference value :  3.82516e-06
 Reference value :  3.82554e-06
 Reference value :  3.82614e-06
 Reference value :  3.82748e-06
 Reference value :  3.82905e-06
 Reference value :  3.83060e-06
 Reference value :  3.83234e-06
 Reference value :  3.83415e-06
 Reference value :  3.83609e-06
 Reference value :  3.83793e-06
 Reference value :  3.83972e-06
 Reference value :  3.84170e-06
 Reference value :  3.84355e-06
 Reference value :  3.84535e-06
 Reference value :  3.84736e-06
 Reference value :  3.84934e-06
 Reference value :  3.85138e-06
 Reference value :  3.85340e-06
 Reference value :  3.85558e-06
 Reference value :  3.85736e-06
 Reference value :  3.85951e-06
 Reference value :  3.86168e-06
 Reference value :  3.86386e-06
 Reference value :  3.86563e-06
 Reference value :  3.86632e-06
 Reference value :  3.86678e-06
 Reference value :  3.86719e-06
 Reference value :  3.86750e-06
 Reference value :  3.86908e-06
 Reference value :  3.87189e-06
 Reference value :  3.87439e-06
 Reference value :  3.87732e-06
 Reference value :  3.88006e-06
 Reference value :  3.88253e-06
 Reference value :  3.88454e-06
 Reference value :  3.88640e-06
 Reference value :  3.88851e-06
 Reference value :  3.89034e-06
 Reference value :  3.89252e-06
 Reference value :  3.89487e-06
 Reference value :  3.89687e-06
 Reference value :  3.89864e-06
 Reference value :  3.90063e-06
 Reference value :  3.90262e-06
 Reference value :  3.90454e-06
 Reference value :  3.90670e-06
 Reference value :  3.90786e-06
 Reference value :  3.90799e-06
 Reference value :  3.90849e-06
 Reference value :  3.90901e-06
 Reference value :  3.90926e-06
 Reference value :  3.91073e-06
 Reference value :  3.91239e-06
 Reference value :  3.91379e-06
 Reference value :  3.91552e-06
 Reference value :  3.91728e-06
 Reference value :  3.91927e-06
 Reference value :  3.92128e-06
 Reference value :  3.92307e-06
 Reference value :  3.92544e-06
 Reference value :  3.92740e-06
 Reference value :  3.92940e-06
 Reference value :  3.93136e-06
 Reference value :  3.93362e-06
 Reference value :  3.93577e-06
 Reference value :  3.93771e-06
 Reference value :  3.93989e-06
 Reference value :  3.94208e-06
 Reference value :  3.94428e-06
 Reference value :  3.94694e-06
 Reference value :  3.94941e-06
 Reference value :  3.94971e-06
 Reference value :  3.95000e-06
 Reference value :  3.95050e-06
 Reference value :  3.95059e-06
 Reference value :  3.95070e-06
 Reference value :  3.95101e-06
 Reference value :  3.95187e-06
 Reference value :  3.95361e-06
 Reference value :  3.95533e-06
 Reference value :  3.95711e-06
 Reference value :  3.95893e-06
 Reference value :  3.96088e-06
 Reference value :  3.96291e-06
 Reference value :  3.96489e-06
 Reference value :  3.96691e-06
 Reference value :  3.96871e-06
 Reference value :  3.97036e-06
 Reference value :  3.97237e-06
 Reference value :  3.97441e-06
 Reference value :  3.97606e-06
 Reference value :  3.97786e-06
 Reference value :  3.97987e-06
 Reference value :  3.98190e-06
 Reference value :  3.98369e-06
 Reference value :  3.98535e-06
 Reference value :  3.98719e-06
 Reference value :  3.98898e-06
 Reference value :  3.99097e-06
 Reference value :  3.99127e-06
 Reference value :  3.99153e-06
 Reference value :  3.99217e-06
 Reference value :  3.99252e-06
 Reference value :  3.99359e-06
 Reference value :  3.99520e-06
 Reference value :  3.99696e-06
 Reference value :  3.99884e-06
 Reference value :  4.00058e-06
 Reference value :  4.00243e-06
 Reference value :  4.00444e-06
 Reference value :  4.00623e-06
 Reference value :  4.00824e-06
 Reference value :  4.01025e-06
 Reference value :  4.01210e-06
 Reference value :  4.01407e-06
 Reference value :  4.01676e-06
 Reference value :  4.01958e-06
 Reference value :  4.02256e-06
 Reference value :  4.02435e-06
 Reference value :  4.02638e-06
 Reference value :  4.02838e-06
 Reference value :  4.03056e-06
 Reference value :  4.03271e-06
 Reference value :  4.03300e-06
 Reference value :  4.03333e-06
 Reference value :  4.03387e-06
 Reference value :  4.03402e-06
 Reference value :  4.03451e-06
 Reference value :  4.03557e-06
 Reference value :  4.03750e-06
 Reference value :  4.03921e-06
 Reference value :  4.04093e-06
 Reference value :  4.04268e-06
 Reference value :  4.04467e-06
 Reference value :  4.04643e-06
 Reference value :  4.04842e-06
 Reference value :  4.05003e-06
 Reference value :  4.05167e-06
 Reference value :  4.05346e-06
 Reference value :  4.05546e-06
 Reference value :  4.05746e-06
 Reference value :  4.05947e-06
 Reference value :  4.06106e-06
 Reference value :  4.06309e-06
 Reference value :  4.06473e-06
 Reference value :  4.06654e-06
 Reference value :  4.06853e-06
 Reference value :  4.07029e-06
 Reference value :  4.07229e-06
 Reference value :  4.07429e-06
 Reference value :  4.07458e-06
 Reference value :  4.07483e-06
 Reference value :  4.07551e-06
 Reference value :  4.07582e-06
 Reference value :  4.07697e-06
 Reference value :  4.07845e-06
 Reference value :  4.07967e-06
 Reference value :  4.08108e-06
 Reference value :  4.08282e-06
 Reference value :  4.08481e-06
 Reference value :  4.08690e-06
 Reference value :  4.08895e-06
 Reference value :  4.09079e-06
 Reference value :  4.09260e-06
 Reference value :  4.09422e-06
 Reference value :  4.09622e-06
 Reference value :  4.09821e-06
 Reference value :  4.09984e-06
 Reference value :  4.10186e-06
 Reference value :  4.10390e-06
 Reference value :  4.10572e-06
 Reference value :  4.10733e-06
 Reference value :  4.10933e-06
 Reference value :  4.11098e-06
 Reference value :  4.11297e-06
 Reference value :  4.11518e-06
 Reference value :  4.11626e-06
 Reference value :  4.11661e-06
 Reference value :  4.11720e-06
 Reference value :  4.11760e-06
 Reference value :  4.11851e-06
 Reference value :  4.11997e-06
 Reference value :  4.12180e-06
 Reference value :  4.12374e-06
 Reference value :  4.12546e-06
 Reference value :  4.12700e-06
 Reference value :  4.12873e-06
 Reference value :  4.13072e-06
 Reference value :  4.13233e-06
 Reference value :  4.13433e-06
 Reference value :  4.13612e-06
 Reference value :  4.13812e-06
 Reference value :  4.14012e-06
 Reference value :  4.14177e-06
 Reference value :  4.14374e-06
 Reference value :  4.14575e-06
 Reference value :  4.14777e-06
 Reference value :  4.14953e-06
 Reference value :  4.15157e-06
 Reference value :  4.15356e-06
 Reference value :  4.15556e-06
 Reference value :  4.15733e-06
 Reference value :  4.15790e-06
 Reference value :  4.15811e-06
 Reference value :  4.15883e-06
 Reference value :  4.15919e-06
 Reference value :  4.16041e-06
 Reference value :  4.16119e-06
 Reference value :  4.16308e-06
 Reference value :  4.16505e-06
 Reference value :  4.16682e-06
 Reference value :  4.16879e-06
 Reference value :  4.17091e-06
 Reference value :  4.17300e-06
 Reference value :  4.17495e-06
 Reference value :  4.17679e-06
 Reference value :  4.17878e-06
 Reference value :  4.18056e-06
 Reference value :  4.18255e-06
 Reference value :  4.18442e-06
 Reference value :  4.18646e-06
 Reference value :  4.18812e-06
 Reference value :  4.19006e-06
 Reference value :  4.19189e-06
 Reference value :  4.19368e-06
 Reference value :  4.19582e-06
 Reference value :  4.19752e-06
 Reference value :  4.19933e-06
 Reference value :  4.19964e-06
 Reference value :  4.20016e-06
 Reference value :  4.20056e-06
 Reference value :  4.20076e-06
 Reference value :  4.20099e-06
 Reference value :  4.20142e-06
 Reference value :  4.20291e-06
 Reference value :  4.20450e-06
 Reference value :  4.20624e-06
 Reference value :  4.20797e-06
 Reference value :  4.20969e-06
 Reference value :  4.21128e-06
 Reference value :  4.21328e-06
 Reference value :  4.21531e-06
 Reference value :  4.21691e-06
 Reference value :  4.21894e-06
 Reference value :  4.22096e-06
 Reference value :  4.22298e-06
 Reference value :  4.22481e-06
 Reference value :  4.22658e-06
 Reference value :  4.22859e-06
 Reference value :  4.23054e-06
 Reference value :  4.23257e-06
 Reference value :  4.23438e-06
 Reference value :  4.23626e-06
 Reference value :  4.23828e-06
 Reference value :  4.23990e-06
 Reference value :  4.24118e-06
 Reference value :  4.24129e-06
 Reference value :  4.24151e-06
 Reference value :  4.24226e-06
 Reference value :  4.24247e-06
 Reference value :  4.24338e-06
 Reference value :  4.24450e-06
 Reference value :  4.24625e-06
 Reference value :  4.24822e-06
 Reference value :  4.24997e-06
 Reference value :  4.25199e-06
 Reference value :  4.25415e-06
 Reference value :  4.25592e-06
 Reference value :  4.25776e-06
 Reference value :  4.25979e-06
 Reference value :  4.26181e-06
 Reference value :  4.26342e-06
 Reference value :  4.26525e-06
 Reference value :  4.26712e-06
 Reference value :  4.26894e-06
 Reference value :  4.27074e-06
 Reference value :  4.27275e-06
 Reference value :  4.27478e-06
 Reference value :  4.27641e-06
 Reference value :  4.27842e-06
 Reference value :  4.28025e-06
 Reference value :  4.28212e-06
 Reference value :  4.28295e-06
 Reference value :  4.28334e-06
 Reference value :  4.28384e-06
 Reference value :  4.28397e-06
 Reference value :  4.28415e-06
 Reference value :  4.28437e-06
 Reference value :  4.28447e-06
 Reference value :  4.28471e-06
 Reference value :  4.28643e-06
 Reference value :  4.28814e-06
 Reference value :  4.28987e-06
 Reference value :  4.29160e-06
 Reference value :  4.29334e-06
 Reference value :  4.29519e-06
 Reference value :  4.29678e-06
 Reference value :  4.29880e-06
 Reference value :  4.30049e-06
 Reference value :  4.30227e-06
 Reference value :  4.30410e-06
 Reference value :  4.30611e-06
 Reference value :  4.30790e-06
 Reference value :  4.30990e-06
 Reference value :  4.31174e-06
 Reference value :  4.31353e-06
 Reference value :  4.31539e-06
 Reference value :  4.31723e-06
 Reference value :  4.31924e-06
 Reference value :  4.32103e-06
 Reference value :  4.32302e-06
 Reference value :  4.32451e-06
 Reference value :  4.32462e-06
 Reference value :  4.32497e-06
 Reference value :  4.32563e-06
 Reference value :  4.32715e-06
 Reference value :  4.32905e-06
 Reference value :  4.33079e-06
 Reference value :  4.33279e-06
 Reference value :  4.33437e-06
 Reference value :  4.33638e-06
 Reference value :  4.33798e-06
 Reference value :  4.33981e-06
 Reference value :  4.34217e-06
 Reference value :  4.34436e-06
 Reference value :  4.34654e-06
 Reference value :  4.34856e-06
 Reference value :  4.35069e-06
 Reference value :  4.35268e-06
 Reference value :  4.35470e-06
 Reference value :  4.35668e-06
 Reference value :  4.35887e-06
 Reference value :  4.35968e-06
 Reference value :  4.36096e-06
 Reference value :  4.36292e-06
 Reference value :  4.36468e-06
 Reference value :  4.36622e-06
 Reference value :  4.36644e-06
 Reference value :  4.36717e-06
 Reference value :  4.36725e-06
 Reference value :  4.36737e-06
 Reference value :  4.36792e-06
 Reference value :  4.36908e-06
 Reference value :  4.37093e-06
 Reference value :  4.37266e-06
 Reference value :  4.37460e-06
 Reference value :  4.37641e-06
 Reference value :  4.37819e-06
 Reference value :  4.38003e-06
 Reference value :  4.38202e-06
 Reference value :  4.38380e-06
 Reference value :  4.38578e-06
 Reference value :  4.38781e-06
 Reference value :  4.38960e-06
 Reference value :  4.39142e-06
 Reference value :  4.39327e-06
 Reference value :  4.39506e-06
 Reference value :  4.39705e-06
 Reference value :  4.39905e-06
 Reference value :  4.40070e-06
 Reference value :  4.40273e-06
 Reference value :  4.40455e-06
 Reference value :  4.40655e-06
 Reference value :  4.40789e-06
 Reference value :  4.40809e-06
 Reference value :  4.40872e-06
 Reference value :  4.40905e-06
 Reference value :  4.41019e-06
 Reference value :  4.41192e-06
 Reference value :  4.41368e-06
 Reference value :  4.41552e-06
 Reference value :  4.41730e-06
 Reference value :  4.41929e-06
 Reference value :  4.42129e-06
 Reference value :  4.42325e-06
 Reference value :  4.42507e-06
 Reference value :  4.42724e-06
 Reference value :  4.42926e-06
 Reference value :  4.43124e-06
 Reference value :  4.43318e-06
 Reference value :  4.43552e-06
 Reference value :  4.43754e-06
 Reference value :  4.43923e-06
 Reference value :  4.44083e-06
 Reference value :  4.44286e-06
 Reference value :  4.44450e-06
 Reference value :  4.44673e-06
 Reference value :  4.44851e-06
 Reference value :  4.44960e-06
 Reference value :  4.44987e-06
 Reference value :  4.45051e-06
 Reference value :  4.45063e-06
 Reference value :  4.45101e-06
 Reference value :  4.45224e-06
 Reference value :  4.45406e-06
 Reference value :  4.45579e-06
 Reference value :  4.45750e-06
 Reference value :  4.45908e-06
 Reference value :  4.46092e-06
 Reference value :  4.46268e-06
 Reference value :  4.46453e-06
 Reference value :  4.46635e-06
 Reference value :  4.46812e-06
 Reference value :  4.46975e-06
 Reference value :  4.47158e-06
 Reference value :  4.47345e-06
 Reference value :  4.47545e-06
 Reference value :  4.47725e-06
 Reference value :  4.47907e-06
 Reference value :  4.48091e-06
 Reference value :  4.48268e-06
 Reference value :  4.48455e-06
 Reference value :  4.48655e-06
 Reference value :  4.48851e-06
 Reference value :  4.49034e-06
 Reference value :  4.49123e-06
 Reference value :  4.49140e-06
 Reference value :  4.49201e-06
 Reference value :  4.49241e-06
 Reference value :  4.49371e-06
 Reference value :  4.49540e-06
 Reference value :  4.49714e-06
 Reference value :  4.49894e-06
 Reference value :  4.50076e-06
 Reference value :  4.50275e-06
 Reference value :  4.50471e-06
 Reference value :  4.50654e-06
 Reference value :  4.50872e-06
 Reference value :  4.51089e-06
 Reference value :  4.51322e-06
 Reference value :  4.51539e-06
 Reference value :  4.51732e-06
 Reference value :  4.51948e-06
 Reference value :  4.52181e-06
 Reference value :  4.52381e-06
 Reference value :  4.52556e-06
 Reference value :  4.52642e-06
 Reference value :  4.52822e-06
 Reference value :  4.52994e-06
 Reference value :  4.53154e-06
 Reference value :  4.53290e-06
 Reference value :  4.53313e-06
 Reference value :  4.53383e-06
 Reference value :  4.53391e-06
 Reference value :  4.53403e-06
 Reference value :  4.53456e-06
 Reference value :  4.53564e-06
 Reference value :  4.53752e-06
 Reference value :  4.53950e-06
 Reference value :  4.54110e-06
 Reference value :  4.54294e-06
 Reference value :  4.54487e-06
 Reference value :  4.54671e-06
 Reference value :  4.54872e-06
 Reference value :  4.55051e-06
 Reference value :  4.55252e-06
 Reference value :  4.55435e-06
 Reference value :  4.55620e-06
 Reference value :  4.55798e-06
 Reference value :  4.55983e-06
 Reference value :  4.56184e-06
 Reference value :  4.56365e-06
 Reference value :  4.56552e-06
 Reference value :  4.56737e-06
 Reference value :  4.56939e-06
 Reference value :  4.57140e-06
 Reference value :  4.57359e-06
 Reference value :  4.57457e-06
 Reference value :  4.57479e-06
 Reference value :  4.57542e-06
 Reference value :  4.57579e-06
 Reference value :  4.57723e-06
 Reference value :  4.57896e-06
 Reference value :  4.58093e-06
 Reference value :  4.58267e-06
 Reference value :  4.58467e-06
 Reference value :  4.58643e-06
 Reference value :  4.58842e-06
 Reference value :  4.59042e-06
 Reference value :  4.59239e-06
 Reference value :  4.59420e-06
 Reference value :  4.59654e-06
 Reference value :  4.59889e-06
 Reference value :  4.60090e-06
 Reference value :  4.60301e-06
 Reference value :  4.60542e-06
 Reference value :  4.60736e-06
 Reference value :  4.60882e-06
 Reference value :  4.60947e-06
 Reference value :  4.61092e-06
 Reference value :  4.61291e-06
 Reference value :  4.61476e-06
 Reference value :  4.61620e-06
 Reference value :  4.61643e-06
 Reference value :  4.61717e-06
 Reference value :  4.61729e-06
 Reference value :  4.61763e-06
 Reference value :  4.61846e-06
 Reference value :  4.61991e-06
 Reference value :  4.62185e-06
 Reference value :  4.62361e-06
 Reference value :  4.62518e-06
 Reference value :  4.62717e-06
 Reference value :  4.62879e-06
 Reference value :  4.63078e-06
 Reference value :  4.63280e-06
 Reference value :  4.63457e-06
 Reference value :  4.63641e-06
 Reference value :  4.63844e-06
 Reference value :  4.64025e-06
 Reference value :  4.64205e-06
 Reference value :  4.64424e-06
 Reference value :  4.64627e-06
 Reference value :  4.64830e-06
 Reference value :  4.65033e-06
 Reference value :  4.65214e-06
 Reference value :  4.65445e-06
 Reference value :  4.65630e-06
 Reference value :  4.65787e-06
 Reference value :  4.65807e-06
 Reference value :  4.65866e-06
 Reference value :  4.65907e-06
 Reference value :  4.66020e-06
 Reference value :  4.66192e-06
 Reference value :  4.66367e-06
 Reference value :  4.66566e-06
 Reference value :  4.66744e-06
 Reference value :  4.66946e-06
 Reference value :  4.67130e-06
 Reference value :  4.67327e-06
 Reference value :  4.67508e-06
 Reference value :  4.67728e-06
 Reference value :  4.67928e-06
 Reference value :  4.68161e-06
 Reference value :  4.68379e-06
 Reference value :  4.68614e-06
 Reference value :  4.68833e-06
 Reference value :  4.69013e-06
 Reference value :  4.69093e-06
 Reference value :  4.69202e-06
 Reference value :  4.69382e-06
 Reference value :  4.69565e-06
 Reference value :  4.69785e-06
 Reference value :  4.69951e-06
 Reference value :  4.69970e-06
 Reference value :  4.70038e-06
 Reference value :  4.70057e-06
 Reference value :  4.70070e-06
 Reference value :  4.70101e-06
 Reference value :  4.70199e-06
 Reference value :  4.70379e-06
 Reference value :  4.70549e-06
 Reference value :  4.70723e-06
 Reference value :  4.70902e-06
 Reference value :  4.71104e-06
 Reference value :  4.71300e-06
 Reference value :  4.71480e-06
 Reference value :  4.71662e-06
 Reference value :  4.71861e-06
 Reference value :  4.72042e-06
 Reference value :  4.72224e-06
 Reference value :  4.72408e-06
 Reference value :  4.72601e-06
 Reference value :  4.72799e-06
 Reference value :  4.73017e-06
 Reference value :  4.73194e-06
 Reference value :  4.73393e-06
 Reference value :  4.73571e-06
 Reference value :  4.73753e-06
 Reference value :  4.73954e-06
 Reference value :  4.74107e-06
 Reference value :  4.74127e-06
 Reference value :  4.74155e-06
 Reference value :  4.74218e-06
 Reference value :  4.74250e-06
 Reference value :  4.74374e-06
 Reference value :  4.74545e-06
 Reference value :  4.74748e-06
 Reference value :  4.74926e-06
 Reference value :  4.75107e-06
 Reference value :  4.75292e-06
 Reference value :  4.75509e-06
 Reference value :  4.75704e-06
 Reference value :  4.75952e-06
 Reference value :  4.76151e-06
 Reference value :  4.76387e-06
 Reference value :  4.76603e-06
 Reference value :  4.76838e-06
 Reference value :  4.77072e-06
 Reference value :  4.77281e-06
 Reference value :  4.77382e-06
 Reference value :  4.77476e-06
 Reference value :  4.77635e-06
 Reference value :  4.77808e-06
 Reference value :  4.77986e-06
 Reference value :  4.78168e-06
 Reference value :  4.78291e-06
 Reference value :  4.78318e-06
 Reference value :  4.78384e-06
 Reference value :  4.78392e-06
 Reference value :  4.78402e-06
 Reference value :  4.78428e-06
 Reference value :  4.78480e-06
 Reference value :  4.78558e-06
 Reference value :  4.78730e-06
 Reference value :  4.78901e-06
 Reference value :  4.79058e-06
 Reference value :  4.79259e-06
 Reference value :  4.79436e-06
 Reference value :  4.79618e-06
 Reference value :  4.79800e-06
 Reference value :  4.79979e-06
 Reference value :  4.80165e-06
 Reference value :  4.80367e-06
 Reference value :  4.80546e-06
 Reference value :  4.80745e-06
 Reference value :  4.80946e-06
 Reference value :  4.81125e-06
 Reference value :  4.81307e-06
 Reference value :  4.81527e-06
 Reference value :  4.81729e-06
 Reference value :  4.81908e-06
 Reference value :  4.82089e-06
 Reference value :  4.82289e-06
 Reference value :  4.82450e-06
 Reference value :  4.82463e-06
 Reference value :  4.82487e-06
 Reference value :  4.82550e-06
 Reference value :  4.82581e-06
 Reference value :  4.82694e-06
 Reference value :  4.82879e-06
 Reference value :  4.83079e-06
 Reference value :  4.83253e-06
 Reference value :  4.83455e-06
 Reference value :  4.83655e-06
 Reference value :  4.83834e-06
 Reference value :  4.84050e-06
 Reference value :  4.84288e-06
 Reference value :  4.84487e-06
 Reference value :  4.84723e-06
 Reference value :  4.84924e-06
 Reference value :  4.85142e-06
 Reference value :  4.85342e-06
 Reference value :  4.85537e-06
 Reference value :  4.85722e-06
 Reference value :  4.85835e-06
 Reference value :  4.85970e-06
 Reference value :  4.86143e-06
 Reference value :  4.86343e-06
 Reference value :  4.86521e-06
 Reference value :  4.86629e-06
 Reference value :  4.86665e-06
 Reference value :  4.86717e-06
 Reference value :  4.86731e-06
 Reference value :  4.86766e-06
 Reference value :  4.86851e-06
 Reference value :  4.87018e-06
 Reference value :  4.87190e-06
 Reference value :  4.87346e-06
 Reference value :  4.87546e-06
 Reference value :  4.87704e-06
 Reference value :  4.87904e-06
 Reference value :  4.88079e-06
 Reference value :  4.88266e-06
 Reference value :  4.88467e-06
 Reference value :  4.88643e-06
 Reference value :  4.88828e-06
 Reference value :  4.89008e-06
 Reference value :  4.89190e-06
 Reference value :  4.89422e-06
 Reference value :  4.89601e-06
 Reference value :  4.89768e-06
 Reference value :  4.89967e-06
 Reference value :  4.90148e-06
 Reference value :  4.90347e-06
 Reference value :  4.90550e-06
 Reference value :  4.90752e-06
 Reference value :  4.90794e-06
 Reference value :  4.90825e-06
 Reference value :  4.90887e-06
 Reference value :  4.90911e-06
 Reference value :  4.91031e-06
 Reference value :  4.91221e-06
 Reference value :  4.91398e-06
 Reference value :  4.91586e-06
 Reference value :  4.91786e-06
 Reference value :  4.91944e-06
 Reference value :  4.92129e-06
 Reference value :  4.92308e-06
 Reference value :  4.92506e-06
 Reference value :  4.92690e-06
 Reference value :  4.92886e-06
 Reference value :  4.93100e-06
 Reference value :  4.93304e-06
 Reference value :  4.93556e-06
 Reference value :  4.93738e-06
 Reference value :  4.93971e-06
 Reference value :  4.94185e-06
 Reference value :  4.94283e-06
 Reference value :  4.94394e-06
 Reference value :  4.94553e-06
 Reference value :  4.94752e-06
 Reference value :  4.94930e-06
 Reference value :  4.94967e-06
 Reference value :  4.95002e-06
 Reference value :  4.95051e-06
 Reference value :  4.95076e-06
 Reference value :  4.95115e-06
 Reference value :  4.95182e-06
 Reference value :  4.95333e-06
 Reference value :  4.95505e-06
 Reference value :  4.95690e-06
 Reference value :  4.95848e-06
 Reference value :  4.96048e-06
 Reference value :  4.96211e-06
 Reference value :  4.96409e-06
 Reference value :  4.96594e-06
 Reference value :  4.96773e-06
 Reference value :  4.96973e-06
 Reference value :  4.97158e-06
 Reference value :  4.97339e-06
 Reference value :  4.97520e-06
 Reference value :  4.97720e-06
 Reference value :  4.97939e-06
 Reference value :  4.98099e-06
 Reference value :  4.98283e-06
 Reference value :  4.98486e-06
 Reference value :  4.98666e-06
 Reference value :  4.98868e-06
 Reference value :  4.99050e-06
 Reference value :  4.99122e-06
 Reference value :  4.99135e-06
 Reference value :  4.99182e-06
 Reference value :  4.99232e-06
 Reference value :  4.99312e-06
 Reference value :  4.99481e-06
 Reference value :  4.99659e-06
 Reference value :  4.99840e-06
 Reference value :  5.00024e-06
 Reference value :  5.00202e-06
 Reference value :  5.00387e-06
 Reference value :  5.00589e-06
 Reference value :  5.00787e-06
 Reference value :  5.00965e-06
 Reference value :  5.01164e-06
 Reference value :  5.01359e-06
 Reference value :  5.01574e-06
 Reference value :  5.01809e-06
 Reference value :  5.02028e-06
 Reference value :  5.02263e-06
 Reference value :  5.02447e-06
 Reference value :  5.02632e-06
 Reference value :  5.02810e-06
 Reference value :  5.02993e-06
 Reference value :  5.03172e-06
 Reference value :  5.03291e-06
 Reference value :  5.03317e-06
 Reference value :  5.03384e-06
 Reference value :  5.03414e-06
 Reference value :  5.03494e-06
 Reference value :  5.03648e-06
 Reference value :  5.03802e-06
 Reference value :  5.03974e-06
 Reference value :  5.04147e-06
 Reference value :  5.04321e-06
 Reference value :  5.04523e-06
 Reference value :  5.04721e-06
 Reference value :  5.04899e-06
 Reference value :  5.05083e-06
 Reference value :  5.05277e-06
 Reference value :  5.05475e-06
 Reference value :  5.05659e-06
 Reference value :  5.05837e-06
 Reference value :  5.06021e-06
 Reference value :  5.06237e-06
 Reference value :  5.06397e-06
 Reference value :  5.06597e-06
 Reference value :  5.06798e-06
 Reference value :  5.06973e-06
 Reference value :  5.07174e-06
 Reference value :  5.07353e-06
 Reference value :  5.07455e-06
 Reference value :  5.07468e-06
 Reference value :  5.07520e-06
 Reference value :  5.07574e-06
 Reference value :  5.07700e-06
 Reference value :  5.07895e-06
 Reference value :  5.08053e-06
 Reference value :  5.08236e-06
 Reference value :  5.08412e-06
 Reference value :  5.08612e-06
 Reference value :  5.08793e-06
 Reference value :  5.08988e-06
 Reference value :  5.09221e-06
 Reference value :  5.09423e-06
 Reference value :  5.09657e-06
 Reference value :  5.09852e-06
 Reference value :  5.10056e-06
 Reference value :  5.10291e-06
 Reference value :  5.10473e-06
 Reference value :  5.10656e-06
 Reference value :  5.10819e-06
 Reference value :  5.11001e-06
 Reference value :  5.11186e-06
 Reference value :  5.11363e-06
 Reference value :  5.11544e-06
 Reference value :  5.11629e-06
 Reference value :  5.11659e-06
 Reference value :  5.11718e-06
 Reference value :  5.11733e-06
 Reference value :  5.11749e-06
 Reference value :  5.11779e-06
 Reference value :  5.11807e-06
 Reference value :  5.11878e-06
 Reference value :  5.12031e-06
 Reference value :  5.12238e-06
 Reference value :  5.12407e-06
 Reference value :  5.12562e-06
 Reference value :  5.12735e-06
 Reference value :  5.12908e-06
 Reference value :  5.13086e-06
 Reference value :  5.13300e-06
 Reference value :  5.13499e-06
 Reference value :  5.13678e-06
 Reference value :  5.13878e-06
 Reference value :  5.14079e-06
 Reference value :  5.14284e-06
 Reference value :  5.14485e-06
 Reference value :  5.14698e-06
 Reference value :  5.14999e-06
 Reference value :  5.15301e-06
 Reference value :  5.15615e-06
 Reference value :  5.15789e-06
 Reference value :  5.15850e-06
 Reference value :  5.15916e-06
 Reference value :  5.16089e-06
 Reference value :  5.16238e-06
 Reference value :  5.16419e-06
 Reference value :  5.16573e-06
 Reference value :  5.16749e-06
 Reference value :  5.16932e-06
 Reference value :  5.17107e-06
 Reference value :  5.17311e-06
 Reference value :  5.17510e-06
 Reference value :  5.17691e-06
 Reference value :  5.17873e-06
 Reference value :  5.18074e-06
 Reference value :  5.18278e-06
 Reference value :  5.18481e-06
 Reference value :  5.18644e-06
 Reference value :  5.18828e-06
 Reference value :  5.19027e-06
 Reference value :  5.19231e-06
 Reference value :  5.19410e-06
 Reference value :  5.19593e-06
 Reference value :  5.19797e-06
 Reference value :  5.19950e-06
 Reference value :  5.19966e-06
 Reference value :  5.19999e-06
 Reference value :  5.20053e-06
 Reference value :  5.20074e-06
 Reference value :  5.20105e-06
 Reference value :  5.20164e-06
 Reference value :  5.20336e-06
 Reference value :  5.20502e-06
 Reference value :  5.20693e-06
 Reference value :  5.20865e-06
 Reference value :  5.21019e-06
 Reference value :  5.21192e-06
 Reference value :  5.21402e-06
 Reference value :  5.21616e-06
 Reference value :  5.21814e-06
 Reference value :  5.21991e-06
 Reference value :  5.22176e-06
 Reference value :  5.22355e-06
 Reference value :  5.22535e-06
 Reference value :  5.22715e-06
 Reference value :  5.22895e-06
 Reference value :  5.23078e-06
 Reference value :  5.23254e-06
 Reference value :  5.23454e-06
 Reference value :  5.23655e-06
 Reference value :  5.23814e-06
 Reference value :  5.24015e-06
 Reference value :  5.24118e-06
 Reference value :  5.24129e-06
 Reference value :  5.24176e-06
 Reference value :  5.24239e-06
 Reference value :  5.24256e-06
 Reference value :  5.24377e-06
 Reference value :  5.24489e-06
 Reference value :  5.24656e-06
 Reference value :  5.24828e-06
 Reference value :  5.25001e-06
 Reference value :  5.25159e-06
 Reference value :  5.25360e-06
 Reference value :  5.25563e-06
 Reference value :  5.25726e-06
 Reference value :  5.25908e-06
 Reference value :  5.26109e-06
 Reference value :  5.26291e-06
 Reference value :  5.26471e-06
 Reference value :  5.26672e-06
 Reference value :  5.26877e-06
 Reference value :  5.27079e-06
 Reference value :  5.27258e-06
 Reference value :  5.27440e-06
 Reference value :  5.27643e-06
 Reference value :  5.27827e-06
 Reference value :  5.28006e-06
 Reference value :  5.28207e-06
 Reference value :  5.28288e-06
 Reference value :  5.28314e-06
 Reference value :  5.28376e-06
 Reference value :  5.28400e-06
 Reference value :  5.28416e-06
 Reference value :  5.28465e-06
 Reference value :  5.28619e-06
 Reference value :  5.28807e-06
 Reference value :  5.28994e-06
 Reference value :  5.29168e-06
 Reference value :  5.29345e-06
 Reference value :  5.29545e-06
 Reference value :  5.29743e-06
 Reference value :  5.29921e-06
 Reference value :  5.30119e-06
 Reference value :  5.30303e-06
 Reference value :  5.30480e-06
 Reference value :  5.30663e-06
 Reference value :  5.30841e-06
 Reference value :  5.31039e-06
 Reference value :  5.31217e-06
 Reference value :  5.31417e-06
 Reference value :  5.31616e-06
 Reference value :  5.31794e-06
 Reference value :  5.31991e-06
 Reference value :  5.32191e-06
 Reference value :  5.32351e-06
 Reference value :  5.32452e-06
 Reference value :  5.32467e-06
 Reference value :  5.32518e-06
 Reference value :  5.32569e-06
 Reference value :  5.32602e-06
 Reference value :  5.32741e-06
 Reference value :  5.32925e-06
 Reference value :  5.33105e-06
 Reference value :  5.33285e-06
 Reference value :  5.33468e-06
 Reference value :  5.33628e-06
 Reference value :  5.33812e-06
 Reference value :  5.33974e-06
 Reference value :  5.34172e-06
 Reference value :  5.34359e-06
 Reference value :  5.34540e-06
 Reference value :  5.34720e-06
 Reference value :  5.35019e-06
 Reference value :  5.35318e-06
 Reference value :  5.35549e-06
 Reference value :  5.35732e-06
 Reference value :  5.35935e-06
 Reference value :  5.36114e-06
 Reference value :  5.36297e-06
 Reference value :  5.36500e-06
 Reference value :  5.36626e-06
 Reference value :  5.36650e-06
 Reference value :  5.36709e-06
 Reference value :  5.36725e-06
 Reference value :  5.36750e-06
 Reference value :  5.36841e-06
 Reference value :  5.37014e-06
 Reference value :  5.37187e-06
 Reference value :  5.37360e-06
 Reference value :  5.37521e-06
 Reference value :  5.37702e-06
 Reference value :  5.37902e-06
 Reference value :  5.38076e-06
 Reference value :  5.38279e-06
 Reference value :  5.38458e-06
 Reference value :  5.38638e-06
 Reference value :  5.38840e-06
 Reference value :  5.39017e-06
 Reference value :  5.39201e-06
 Reference value :  5.39402e-06
 Reference value :  5.39579e-06
 Reference value :  5.39766e-06
 Reference value :  5.39965e-06
 Reference value :  5.40146e-06
 Reference value :  5.40328e-06
 Reference value :  5.40527e-06
 Reference value :  5.40707e-06
 Reference value :  5.40790e-06
 Reference value :  5.40804e-06
 Reference value :  5.40851e-06
 Reference value :  5.40905e-06
 Reference value :  5.41005e-06
 Reference value :  5.41229e-06
 Reference value :  5.41409e-06
 Reference value :  5.41570e-06
 Reference value :  5.41755e-06
 Reference value :  5.41934e-06
 Reference value :  5.42148e-06
 Reference value :  5.42366e-06
 Reference value :  5.42583e-06
 Reference value :  5.42802e-06
 Reference value :  5.43038e-06
 Reference value :  5.43256e-06
 Reference value :  5.43490e-06
 Reference value :  5.43685e-06
 Reference value :  5.43900e-06
 Reference value :  5.44137e-06
 Reference value :  5.44352e-06
 Reference value :  5.44553e-06
 Reference value :  5.44805e-06
 Reference value :  5.44958e-06
 Reference value :  5.44981e-06
 Reference value :  5.45050e-06
 Reference value :  5.45059e-06
 Reference value :  5.45077e-06
 Reference value :  5.45163e-06
 Reference value :  5.45351e-06
 Reference value :  5.45524e-06
 Reference value :  5.45681e-06
 Reference value :  5.45866e-06
 Reference value :  5.46028e-06
 Reference value :  5.46212e-06
 Reference value :  5.46412e-06
 Reference value :  5.46591e-06
 Reference value :  5.46774e-06
 Reference value :  5.46974e-06
 Reference value :  5.47153e-06
 Reference value :  5.47336e-06
 Reference value :  5.47537e-06
 Reference value :  5.47716e-06
 Reference value :  5.47915e-06
 Reference value :  5.48099e-06
 Reference value :  5.48279e-06
 Reference value :  5.48479e-06
 Reference value :  5.48666e-06
 Reference value :  5.48867e-06
 Reference value :  5.49070e-06
 Reference value :  5.49127e-06
 Reference value :  5.49151e-06
 Reference value :  5.49210e-06
 Reference value :  5.49241e-06
 Reference value :  5.49348e-06
 Reference value :  5.49519e-06
 Reference value :  5.49702e-06
 Reference value :  5.49885e-06
 Reference value :  5.50061e-06
 Reference value :  5.50245e-06
 Reference value :  5.50446e-06
 Reference value :  5.50642e-06
 Reference value :  5.50858e-06
 Reference value :  5.51080e-06
 Reference value :  5.51317e-06
 Reference value :  5.51528e-06
 Reference value :  5.51776e-06
 Reference value :  5.52029e-06
 Reference value :  5.52281e-06
 Reference value :  5.52513e-06
 Reference value :  5.52762e-06
 Reference value :  5.53010e-06
 Reference value :  5.53261e-06
 Reference value :  5.53300e-06
 Reference value :  5.53339e-06
 Reference value :  5.53385e-06
 Reference value :  5.53399e-06
 Reference value :  5.53469e-06
 Reference value :  5.53672e-06
 Reference value :  5.53826e-06
 Reference value :  5.53998e-06
 Reference value :  5.54175e-06
 Reference value :  5.54377e-06
 Reference value :  5.54561e-06
 Reference value :  5.54740e-06
 Reference value :  5.54924e-06
 Reference value :  5.55123e-06
 Reference value :  5.55303e-06
 Reference value :  5.55504e-06
 Reference value :  5.55687e-06
 Reference value :  5.55889e-06
 Reference value :  5.56066e-06
 Reference value :  5.56249e-06
 Reference value :  5.56435e-06
 Reference value :  5.56614e-06
 Reference value :  5.56813e-06
 Reference value :  5.57014e-06
 Reference value :  5.57195e-06
 Reference value :  5.57398e-06
 Reference value :  5.57464e-06
 Reference value :  5.57489e-06
 Reference value :  5.57541e-06
 Reference value :  5.57575e-06
 Reference value :  5.57681e-06
 Reference value :  5.57867e-06
 Reference value :  5.58047e-06
 Reference value :  5.58225e-06
 Reference value :  5.58440e-06
 Reference value :  5.58658e-06
 Reference value :  5.58857e-06
 Reference value :  5.59053e-06
 Reference value :  5.59269e-06
 Reference value :  5.59469e-06
 Reference value :  5.59688e-06
 Reference value :  5.59921e-06
 Reference value :  5.60157e-06
 Reference value :  5.60376e-06
 Reference value :  5.60595e-06
 Reference value :  5.60831e-06
 Reference value :  5.61049e-06
 Reference value :  5.61283e-06
 Reference value :  5.61502e-06
 Reference value :  5.61627e-06
 Reference value :  5.61656e-06
 Reference value :  5.61717e-06
 Reference value :  5.61728e-06
 Reference value :  5.61785e-06
 Reference value :  5.61955e-06
 Reference value :  5.62128e-06
 Reference value :  5.62300e-06
 Reference value :  5.62459e-06
 Reference value :  5.62657e-06
 Reference value :  5.62834e-06
 Reference value :  5.63034e-06
 Reference value :  5.63238e-06
 Reference value :  5.63401e-06
 Reference value :  5.63582e-06
 Reference value :  5.63767e-06
 Reference value :  5.63947e-06
 Reference value :  5.64147e-06
 Reference value :  5.64332e-06
 Reference value :  5.64536e-06
 Reference value :  5.64718e-06
 Reference value :  5.64896e-06
 Reference value :  5.65080e-06
 Reference value :  5.65261e-06
 Reference value :  5.65465e-06
 Reference value :  5.65648e-06
 Reference value :  5.65789e-06
 Reference value :  5.65809e-06
 Reference value :  5.65870e-06
 Reference value :  5.65907e-06
 Reference value :  5.66018e-06
 Reference value :  5.66192e-06
 Reference value :  5.66368e-06
 Reference value :  5.66553e-06
 Reference value :  5.66730e-06
 Reference value :  5.66930e-06
 Reference value :  5.67131e-06
 Reference value :  5.67333e-06
 Reference value :  5.67529e-06
 Reference value :  5.67749e-06
 Reference value :  5.67944e-06
 Reference value :  5.68162e-06
 Reference value :  5.68362e-06
 Reference value :  5.68556e-06
 Reference value :  5.68755e-06
 Reference value :  5.68972e-06
 Reference value :  5.69188e-06
 Reference value :  5.69398e-06
 Reference value :  5.69614e-06
 Reference value :  5.69847e-06
 Reference value :  5.69956e-06
 Reference value :  5.69981e-06
 Reference value :  5.70050e-06
 Reference value :  5.70061e-06
 Reference value :  5.70115e-06
 Reference value :  5.70267e-06
 Reference value :  5.70466e-06
 Reference value :  5.70647e-06
 Reference value :  5.70823e-06
 Reference value :  5.70983e-06
 Reference value :  5.71167e-06
 Reference value :  5.71368e-06
 Reference value :  5.71545e-06
 Reference value :  5.71732e-06
 Reference value :  5.71951e-06
 Reference value :  5.72154e-06
 Reference value :  5.72338e-06
 Reference value :  5.72499e-06
 Reference value :  5.72685e-06
 Reference value :  5.72854e-06
 Reference value :  5.73034e-06
 Reference value :  5.73234e-06
 Reference value :  5.73437e-06
 Reference value :  5.73638e-06
 Reference value :  5.73818e-06
 Reference value :  5.74006e-06
 Reference value :  5.74123e-06
 Reference value :  5.74144e-06
 Reference value :  5.74217e-06
 Reference value :  5.74245e-06
 Reference value :  5.74372e-06
 Reference value :  5.74540e-06
 Reference value :  5.74717e-06
 Reference value :  5.74915e-06
 Reference value :  5.75096e-06
 Reference value :  5.75292e-06
 Reference value :  5.75510e-06
 Reference value :  5.75725e-06
 Reference value :  5.75974e-06
 Reference value :  5.76202e-06
 Reference value :  5.76460e-06
 Reference value :  5.76709e-06
 Reference value :  5.76960e-06
 Reference value :  5.77209e-06
 Reference value :  5.77476e-06
 Reference value :  5.77725e-06
 Reference value :  5.77993e-06
 Reference value :  5.78258e-06
 Reference value :  5.78300e-06
 Reference value :  5.78344e-06
 Reference value :  5.78387e-06
 Reference value :  5.78405e-06
 Reference value :  5.78557e-06
 Reference value :  5.78749e-06
 Reference value :  5.78923e-06
 Reference value :  5.79099e-06
 Reference value :  5.79281e-06
 Reference value :  5.79441e-06
 Reference value :  5.79624e-06
 Reference value :  5.79809e-06
 Reference value :  5.79987e-06
 Reference value :  5.80173e-06
 Reference value :  5.80359e-06
 Reference value :  5.80562e-06
 Reference value :  5.80741e-06
 Reference value :  5.80942e-06
 Reference value :  5.81146e-06
 Reference value :  5.81332e-06
 Reference value :  5.81516e-06
 Reference value :  5.81679e-06
 Reference value :  5.81861e-06
 Reference value :  5.82061e-06
 Reference value :  5.82239e-06
 Reference value :  5.82438e-06
 Reference value :  5.82466e-06
 Reference value :  5.82498e-06
 Reference value :  5.82554e-06
 Reference value :  5.82591e-06
 Reference value :  5.82781e-06
 Reference value :  5.82953e-06
 Reference value :  5.83111e-06
 Reference value :  5.83309e-06
 Reference value :  5.83486e-06
 Reference value :  5.83687e-06
 Reference value :  5.83892e-06
 Reference value :  5.84092e-06
 Reference value :  5.84287e-06
 Reference value :  5.84507e-06
 Reference value :  5.84708e-06
 Reference value :  5.84910e-06
 Reference value :  5.85109e-06
 Reference value :  5.85345e-06
 Reference value :  5.85544e-06
 Reference value :  5.85741e-06
 Reference value :  5.85960e-06
 Reference value :  5.86172e-06
 Reference value :  5.86391e-06
 Reference value :  5.86617e-06
 Reference value :  5.86636e-06
 Reference value :  5.86682e-06
 Reference value :  5.86720e-06
 Reference value :  5.86735e-06
 Reference value :  5.86800e-06
 Reference value :  5.86985e-06
 Reference value :  5.87147e-06
 Reference value :  5.87319e-06
 Reference value :  5.87491e-06
 Reference value :  5.87667e-06
 Reference value :  5.87848e-06
 Reference value :  5.88027e-06
 Reference value :  5.88207e-06
 Reference value :  5.88404e-06
 Reference value :  5.88570e-06
 Reference value :  5.88771e-06
 Reference value :  5.88974e-06
 Reference value :  5.89156e-06
 Reference value :  5.89336e-06
 Reference value :  5.89537e-06
 Reference value :  5.89758e-06
 Reference value :  5.89942e-06
 Reference value :  5.90120e-06
 Reference value :  5.90305e-06
 Reference value :  5.90507e-06
 Reference value :  5.90708e-06
 Reference value :  5.90794e-06
 Reference value :  5.90815e-06
 Reference value :  5.90883e-06
 Reference value :  5.90914e-06
 Reference value :  5.91038e-06
 Reference value :  5.91225e-06
 Reference value :  5.91382e-06
 Reference value :  5.91580e-06
 Reference value :  5.91755e-06
 Reference value :  5.91954e-06
 Reference value :  5.92131e-06
 Reference value :  5.92315e-06
 Reference value :  5.92518e-06
 Reference value :  5.92698e-06
 Reference value :  5.92917e-06
 Reference value :  5.93114e-06
 Reference value :  5.93330e-06
 Reference value :  5.93549e-06
 Reference value :  5.93744e-06
 Reference value :  5.93942e-06
 Reference value :  5.94178e-06
 Reference value :  5.94376e-06
 Reference value :  5.94594e-06
 Reference value :  5.94771e-06
 Reference value :  5.94953e-06
 Reference value :  5.94971e-06
 Reference value :  5.95021e-06
 Reference value :  5.95055e-06
 Reference value :  5.95072e-06
 Reference value :  5.95139e-06
 Reference value :  5.95313e-06
 Reference value :  5.95491e-06
 Reference value :  5.95662e-06
 Reference value :  5.95837e-06
 Reference value :  5.96035e-06
 Reference value :  5.96211e-06
 Reference value :  5.96411e-06
 Reference value :  5.96590e-06
 Reference value :  5.96789e-06
 Reference value :  5.97008e-06
 Reference value :  5.97210e-06
 Reference value :  5.97409e-06
 Reference value :  5.97587e-06
 Reference value :  5.97789e-06
 Reference value :  5.98007e-06
 Reference value :  5.98208e-06
 Reference value :  5.98404e-06
 Reference value :  5.98590e-06
 Reference value :  5.98773e-06
 Reference value :  5.98973e-06
 Reference value :  5.99120e-06
 Reference value :  5.99138e-06
 Reference value :  5.99180e-06
 Reference value :  5.99227e-06
 Reference value :  5.99257e-06
 Reference value :  5.99441e-06
 Reference value :  5.99620e-06
 Reference value :  5.99777e-06
 Reference value :  5.99962e-06
 Reference value :  6.00139e-06
 Reference value :  6.00322e-06
 Reference value :  6.00522e-06
 Reference value :  6.00714e-06
 Reference value :  6.00900e-06
 Reference value :  6.01136e-06
 Reference value :  6.01335e-06
 Reference value :  6.01547e-06
 Reference value :  6.01764e-06
 Reference value :  6.01979e-06
 Reference value :  6.02198e-06
 Reference value :  6.02446e-06
 Reference value :  6.02698e-06
 Reference value :  6.02946e-06
 Reference value :  6.03198e-06
 Reference value :  6.03297e-06
 Reference value :  6.03324e-06
 Reference value :  6.03383e-06
 Reference value :  6.03441e-06
 Reference value :  6.03540e-06
 Reference value :  6.03728e-06
 Reference value :  6.03901e-06
 Reference value :  6.04081e-06
 Reference value :  6.04241e-06
 Reference value :  6.04418e-06
 Reference value :  6.04601e-06
 Reference value :  6.04782e-06
 Reference value :  6.04962e-06
 Reference value :  6.05147e-06
 Reference value :  6.05325e-06
 Reference value :  6.05510e-06
 Reference value :  6.05714e-06
 Reference value :  6.05916e-06
 Reference value :  6.06116e-06
 Reference value :  6.06298e-06
 Reference value :  6.06480e-06
 Reference value :  6.06682e-06
 Reference value :  6.06883e-06
 Reference value :  6.07046e-06
 Reference value :  6.07228e-06
 Reference value :  6.07428e-06
 Reference value :  6.07460e-06
 Reference value :  6.07494e-06
 Reference value :  6.07554e-06
 Reference value :  6.07590e-06
 Reference value :  6.07674e-06
 Reference value :  6.07863e-06
 Reference value :  6.08038e-06
 Reference value :  6.08237e-06
 Reference value :  6.08415e-06
 Reference value :  6.08598e-06
 Reference value :  6.08798e-06
 Reference value :  6.08977e-06
 Reference value :  6.09175e-06
 Reference value :  6.09377e-06
 Reference value :  6.09573e-06
 Reference value :  6.09776e-06
 Reference value :  6.09974e-06
 Reference value :  6.10174e-06
 Reference value :  6.10393e-06
 Reference value :  6.10572e-06
 Reference value :  6.10755e-06
 Reference value :  6.10974e-06
 Reference value :  6.11159e-06
 Reference value :  6.11361e-06
 Reference value :  6.11563e-06
 Reference value :  6.11631e-06
 Reference value :  6.11663e-06
 Reference value :  6.11721e-06
 Reference value :  6.11734e-06
 Reference value :  6.11748e-06
 Reference value :  6.11768e-06
 Reference value :  6.11841e-06
 Reference value :  6.11998e-06
 Reference value :  6.12154e-06
 Reference value :  6.12342e-06
 Reference value :  6.12516e-06
 Reference value :  6.12715e-06
 Reference value :  6.12907e-06
 Reference value :  6.13142e-06
 Reference value :  6.13342e-06
 Reference value :  6.13523e-06
 Reference value :  6.13704e-06
 Reference value :  6.13904e-06
 Reference value :  6.14107e-06
 Reference value :  6.14287e-06
 Reference value :  6.14470e-06
 Reference value :  6.14655e-06
 Reference value :  6.14841e-06
 Reference value :  6.15021e-06
 Reference value :  6.15222e-06
 Reference value :  6.15421e-06
 Reference value :  6.15624e-06
 Reference value :  6.15785e-06
 Reference value :  6.15835e-06
 Reference value :  6.15894e-06
 Reference value :  6.15979e-06
 Reference value :  6.16115e-06
 Reference value :  6.16299e-06
 Reference value :  6.16487e-06
 Reference value :  6.16641e-06
 Reference value :  6.16815e-06
 Reference value :  6.17015e-06
 Reference value :  6.17190e-06
 Reference value :  6.17377e-06
 Reference value :  6.17579e-06
 Reference value :  6.17756e-06
 Reference value :  6.17939e-06
 Reference value :  6.18141e-06
 Reference value :  6.18336e-06
 Reference value :  6.18518e-06
 Reference value :  6.18703e-06
 Reference value :  6.18883e-06
 Reference value :  6.19066e-06
 Reference value :  6.19268e-06
 Reference value :  6.19472e-06
 Reference value :  6.19674e-06
 Reference value :  6.19852e-06
 Reference value :  6.19956e-06
 Reference value :  6.19974e-06
 Reference value :  6.20050e-06
 Reference value :  6.20065e-06
 Reference value :  6.20082e-06
 Reference value :  6.20116e-06
 Reference value :  6.20207e-06
 Reference value :  6.20410e-06
 Reference value :  6.20568e-06
 Reference value :  6.20741e-06
 Reference value :  6.20913e-06
 Reference value :  6.21087e-06
 Reference value :  6.21304e-06
 Reference value :  6.21486e-06
 Reference value :  6.21662e-06
 Reference value :  6.21862e-06
 Reference value :  6.22022e-06
 Reference value :  6.22227e-06
 Reference value :  6.22427e-06
 Reference value :  6.22603e-06
 Reference value :  6.22802e-06
 Reference value :  6.22995e-06
 Reference value :  6.23195e-06
 Reference value :  6.23395e-06
 Reference value :  6.23612e-06
 Reference value :  6.23788e-06
 Reference value :  6.23989e-06
 Reference value :  6.24119e-06
 Reference value :  6.24133e-06
 Reference value :  6.24201e-06
 Reference value :  6.24247e-06
 Reference value :  6.24342e-06
 Reference value :  6.24429e-06
 Reference value :  6.24610e-06
 Reference value :  6.24781e-06
 Reference value :  6.24976e-06
 Reference value :  6.25158e-06
 Reference value :  6.25342e-06
 Reference value :  6.25520e-06
 Reference value :  6.25704e-06
 Reference value :  6.25907e-06
 Reference value :  6.26112e-06
 Reference value :  6.26316e-06
 Reference value :  6.26518e-06
 Reference value :  6.26718e-06
 Reference value :  6.26897e-06
 Reference value :  6.27080e-06
 Reference value :  6.27280e-06
 Reference value :  6.27459e-06
 Reference value :  6.27643e-06
 Reference value :  6.27844e-06
 Reference value :  6.28025e-06
 Reference value :  6.28208e-06
 Reference value :  6.28289e-06
 Reference value :  6.28312e-06
No. of Data Rows : 43552

  Measurements for Transient Analysis

d9_c1               =  -1.63499e-04
d8_c1               =  -1.85636e-04
d7_c1               =  1.62005e+00
d6_c1               =  1.62005e+00
d5_c1               =  1.62005e+00
d4_c1               =  -1.85570e-04
d3_c1               =  1.62005e+00
d2_c1               =  1.62005e+00
d1_c1               =  -1.85363e-04
d0_c1               =  1.62005e+00
d9_c2               =  -1.37914e-04
d8_c2               =  1.62006e+00
d7_c2               =  -1.53875e-04
d6_c2               =  1.62006e+00
d5_c2               =  1.62006e+00
d4_c2               =  1.62006e+00
d3_c2               =  1.62006e+00
d2_c2               =  1.62006e+00
d1_c2               =  1.62006e+00
d0_c2               =  1.62006e+00
d9_c3               =  -1.76952e-04
d8_c3               =  1.62011e+00
d7_c3               =  1.62011e+00
d6_c3               =  1.62011e+00
d5_c3               =  1.62011e+00
d4_c3               =  1.62011e+00
d3_c3               =  1.62011e+00
d2_c3               =  1.62011e+00
d1_c3               =  1.62011e+00
d0_c3               =  1.62011e+00
d9_c4               =  1.62010e+00
d8_c4               =  -2.69853e-04
d7_c4               =  1.62015e+00
d6_c4               =  -2.69853e-04
d5_c4               =  -2.69853e-04
d4_c4               =  -2.69853e-04
d3_c4               =  -2.69851e-04
d2_c4               =  -2.69853e-04
d1_c4               =  -2.69853e-04
d0_c4               =  1.62015e+00
d9_c5               =  1.61998e+00
d8_c5               =  1.62011e+00
d7_c5               =  1.62011e+00
d6_c5               =  1.62011e+00
d5_c5               =  1.62011e+00
d4_c5               =  1.62011e+00
d3_c5               =  1.62011e+00
d2_c5               =  1.62011e+00
d1_c5               =  1.62011e+00
d0_c5               =  1.62011e+00
busy_c1_p0          =  1.62015e+00
smpl_c1_p0          =  -2.80256e-04
busy_c1_p1          =  1.61988e+00
smpl_c1_p1          =  3.39533e-05
busy_c1_p2          =  1.61987e+00
smpl_c1_p2          =  2.34260e-05
busy_c1_p3          =  1.61977e+00
smpl_c1_p3          =  1.08584e-04
busy_c1_p4          =  1.61971e+00
smpl_c1_p4          =  1.55934e-04
busy_c1_p5          =  1.61979e+00
smpl_c1_p5          =  7.66536e-05
busy_c1_p6          =  1.61997e+00
smpl_c1_p6          =  -6.72013e-05
busy_c1_p7          =  1.61979e+00
smpl_c1_p7          =  7.48029e-05
busy_c1_p8          =  1.61974e+00
smpl_c1_p8          =  1.41132e-04
busy_c1_p9          =  1.61991e+00
smpl_c1_p9          =  4.40255e-05
busy_c1_p10         =  1.62005e+00
smpl_c1_p10         =  -1.42314e-04
busy_c1_p11         =  -1.93460e-04
smpl_c1_p11         =  1.61982e+00
busy_c2_p0          =  1.62018e+00
smpl_c2_p0          =  -2.74135e-04
busy_c2_p1          =  1.61989e+00
smpl_c2_p1          =  -5.75035e-06
busy_c2_p2          =  1.61980e+00
smpl_c2_p2          =  5.77072e-05
busy_c2_p3          =  1.61982e+00
smpl_c2_p3          =  5.42014e-05
busy_c2_p4          =  1.61980e+00
smpl_c2_p4          =  7.43824e-05
busy_c2_p5          =  1.61982e+00
smpl_c2_p5          =  5.76817e-05
busy_c2_p6          =  1.61987e+00
smpl_c2_p6          =  5.93291e-06
busy_c2_p7          =  1.61983e+00
smpl_c2_p7          =  4.02039e-05
busy_c2_p8          =  1.61981e+00
smpl_c2_p8          =  6.04088e-05
busy_c2_p9          =  1.61984e+00
smpl_c2_p9          =  2.75928e-05
busy_c2_p10         =  1.62006e+00
smpl_c2_p10         =  -1.22744e-04
busy_c2_p11         =  -2.99906e-04
smpl_c2_p11         =  1.61983e+00
busy_c3_p0          =  1.62016e+00
smpl_c3_p0          =  -2.76568e-04
busy_c3_p1          =  1.61988e+00
smpl_c3_p1          =  1.52429e-05
busy_c3_p2          =  1.61988e+00
smpl_c3_p2          =  1.79128e-05
busy_c3_p3          =  1.61989e+00
smpl_c3_p3          =  1.15751e-05
busy_c3_p4          =  1.61984e+00
smpl_c3_p4          =  4.28710e-05
busy_c3_p5          =  1.61986e+00
smpl_c3_p5          =  2.83991e-05
busy_c3_p6          =  1.61992e+00
smpl_c3_p6          =  -2.74981e-05
busy_c3_p7          =  1.61988e+00
smpl_c3_p7          =  2.52684e-05
busy_c3_p8          =  1.61993e+00
smpl_c3_p8          =  1.16459e-05
busy_c3_p9          =  1.61996e+00
smpl_c3_p9          =  6.30997e-06
busy_c3_p10         =  1.62012e+00
smpl_c3_p10         =  -1.63044e-04
busy_c3_p11         =  -4.52690e-04
smpl_c3_p11         =  1.61991e+00
busy_c4_p0          =  1.62020e+00
smpl_c4_p0          =  -2.53950e-04
busy_c4_p1          =  1.61996e+00
smpl_c4_p1          =  -4.82706e-05
busy_c4_p2          =  1.61984e+00
smpl_c4_p2          =  4.05626e-05
busy_c4_p3          =  1.61995e+00
smpl_c4_p3          =  -5.41708e-05
busy_c4_p4          =  1.61977e+00
smpl_c4_p4          =  1.13575e-04
busy_c4_p5          =  1.61981e+00
smpl_c4_p5          =  7.11600e-05
busy_c4_p6          =  1.61994e+00
smpl_c4_p6          =  -3.19728e-05
busy_c4_p7          =  1.61990e+00
smpl_c4_p7          =  1.11256e-05
busy_c4_p8          =  1.61988e+00
smpl_c4_p8          =  4.60850e-05
busy_c4_p9          =  1.61995e+00
smpl_c4_p9          =  9.43833e-06
busy_c4_p10         =  1.62016e+00
smpl_c4_p10         =  -2.35631e-04
busy_c4_p11         =  -2.32464e-04
smpl_c4_p11         =  1.61985e+00
busy_c5_p0          =  1.62022e+00
smpl_c5_p0          =  -2.83031e-04
busy_c5_p1          =  1.61996e+00
smpl_c5_p1          =  -2.01687e-05
busy_c5_p2          =  1.61989e+00
smpl_c5_p2          =  8.55689e-06
busy_c5_p3          =  1.61979e+00
smpl_c5_p3          =  1.08273e-04
busy_c5_p4          =  1.61976e+00
smpl_c5_p4          =  1.25905e-04
busy_c5_p5          =  1.61975e+00
smpl_c5_p5          =  1.01809e-04
busy_c5_p6          =  1.61972e+00
smpl_c5_p6          =  1.52322e-04
busy_c5_p7          =  1.61976e+00
smpl_c5_p7          =  1.35525e-04
busy_c5_p8          =  1.61976e+00
smpl_c5_p8          =  1.38149e-04
busy_c5_p9          =  1.61986e+00
smpl_c5_p9          =  6.91817e-05
busy_c5_p10         =  1.62013e+00
smpl_c5_p10         =  -2.77587e-04
busy_c5_p11         =  5.79810e-04
smpl_c5_p11         =  1.61952e+00
i_vdd               =  -1.85289e-06 from=  3.20000e-06 to=  4.20006e-06
i_vpwr              =  -5.57671e-06 from=  3.20000e-06 to=  4.20006e-06
i_vrefp             =  -5.85250e-06 from=  3.20000e-06 to=  4.20006e-06
i_vrefn             =  5.84206e-06 from=  3.20000e-06 to=  4.20006e-06
i_vcm               =  1.04773e-08 from=  3.20000e-06 to=  4.20006e-06
gnd_die_pp          =  7.70985e-03 from=  3.20000e-06 to=  4.20000e-06
gnd_die_max         =  3.23217e-03 at=  4.11921e-06
gnd_die_min         =  -4.47768e-03 at=  3.78394e-06
vgnd_die_pp         =  9.54851e-03 from=  3.20000e-06 to=  4.20000e-06
vgnd_die_max        =  4.44472e-03 at=  3.24217e-06
vgnd_die_min        =  -5.10380e-03 at=  3.28411e-06
vdd_die_pp          =  8.57449e-03 from=  3.20000e-06 to=  4.20000e-06
vdd_die_max         =  1.62392e+00 at=  4.11862e-06
vdd_die_min         =  1.61535e+00 at=  3.78394e-06
vpwr_die_pp         =  1.11900e-02 from=  3.20000e-06 to=  4.20000e-06
vpwr_die_max        =  1.62630e+00 at=  3.28407e-06
vpwr_die_min        =  1.61511e+00 at=  3.24210e-06
i_gnda              =  1.92356e-06 from=  3.20000e-06 to=  4.20006e-06


Total analysis time (seconds) = 1388.87

Total elapsed time (seconds) = 1437.770 

Total DRAM available = 98304.000 MB.
DRAM currently available = 10407.078 MB.
Maximum ngspice program size =  828.109 MB.
Current ngspice program size =  828.109 MB.

Note: Starting dynamic gmin stepping
Note: Dynamic gmin stepping completed
