
Note: Compatibility modes selected: hs a


Circuit: * sim/supply-impedance-sensitivity -- ground/supply-return impedance

option SCALE: Scale is set to 1e-06 for instance and model parameters
option SCALE: Scale is set to 1e-06 for instance and model parameters
option SCALE: Scale is set to 1e-06 for instance and model parameters
option SCALE: Scale is set to 1e-06 for instance and model parameters
Doing analysis at TEMP = 27.000000 and TNOM = 27.000000

Using KLU as Direct Linear Solver
 Reference value :  0.00000e+00
 Reference value :  1.14000e-09
 Reference value :  5.64000e-09
 Reference value :  1.16400e-08
 Reference value :  1.71400e-08
 Reference value :  2.00067e-08
 Reference value :  2.00422e-08
 Reference value :  2.01014e-08
 Reference value :  2.01817e-08
 Reference value :  2.03451e-08
 Reference value :  2.05606e-08
 Reference value :  2.07082e-08
 Reference value :  2.09073e-08
 Reference value :  2.10169e-08
 Reference value :  2.10713e-08
 Reference value :  2.11124e-08
 Reference value :  2.11911e-08
 Reference value :  2.13315e-08
 Reference value :  2.15806e-08
 Reference value :  2.23042e-08
 Reference value :  2.35335e-08
 Reference value :  2.67292e-08
 Reference value :  3.07292e-08
 Reference value :  3.47292e-08
 Reference value :  3.87292e-08
 Reference value :  4.17292e-08
 Reference value :  4.57292e-08
 Reference value :  5.02292e-08
 Reference value :  5.37292e-08
 Reference value :  5.72292e-08
 Reference value :  6.07292e-08
 Reference value :  6.62292e-08
 Reference value :  6.77292e-08
 Reference value :  6.97292e-08
 Reference value :  7.27292e-08
 Reference value :  7.57292e-08
 Reference value :  7.92292e-08
 Reference value :  8.37292e-08
 Reference value :  8.82292e-08
 Reference value :  9.12292e-08
 Reference value :  9.57292e-08
 Reference value :  1.01229e-07
 Reference value :  1.06229e-07
 Reference value :  1.10729e-07
 Reference value :  1.15229e-07
 Reference value :  1.20229e-07
 Reference value :  1.25729e-07
 Reference value :  1.30229e-07
 Reference value :  1.35729e-07
 Reference value :  1.41729e-07
 Reference value :  1.46729e-07
 Reference value :  1.50729e-07
 Reference value :  1.53729e-07
 Reference value :  1.58729e-07
 Reference value :  1.64229e-07
 Reference value :  1.69729e-07
 Reference value :  1.74729e-07
 Reference value :  1.79729e-07
 Reference value :  1.84229e-07
 Reference value :  1.88229e-07
 Reference value :  1.93729e-07
 Reference value :  1.97729e-07
 Reference value :  1.99530e-07
 Reference value :  1.99613e-07
 Reference value :  1.99708e-07
 Reference value :  1.99787e-07
 Reference value :  2.00013e-07
 Reference value :  2.00128e-07
 Reference value :  2.00298e-07
 Reference value :  2.00341e-07
 Reference value :  2.00500e-07
 Reference value :  2.00566e-07
 Reference value :  2.00624e-07
 Reference value :  2.00776e-07
 Reference value :  2.00898e-07
 Reference value :  2.00991e-07
 Reference value :  2.01064e-07
 Reference value :  2.01143e-07
 Reference value :  2.01490e-07
 Reference value :  2.01989e-07
 Reference value :  2.02715e-07
 Reference value :  2.03452e-07
 Reference value :  2.04281e-07
 Reference value :  2.06987e-07
 Reference value :  2.09987e-07
 Reference value :  2.13487e-07
 Reference value :  2.16987e-07
 Reference value :  2.19987e-07
 Reference value :  2.23487e-07
 Reference value :  2.26487e-07
 Reference value :  2.29487e-07
 Reference value :  2.31987e-07
 Reference value :  2.35987e-07
 Reference value :  2.38487e-07
 Reference value :  2.40487e-07
 Reference value :  2.41183e-07
 Reference value :  2.41247e-07
 Reference value :  2.41290e-07
 Reference value :  2.41347e-07
 Reference value :  2.41564e-07
 Reference value :  2.42013e-07
 Reference value :  2.42177e-07
 Reference value :  2.42294e-07
 Reference value :  2.42444e-07
 Reference value :  2.43009e-07
 Reference value :  2.43551e-07
 Reference value :  2.43999e-07
 Reference value :  2.44636e-07
 Reference value :  2.45260e-07
 Reference value :  2.45527e-07
 Reference value :  2.45945e-07
 Reference value :  2.46608e-07
 Reference value :  2.48429e-07
 Reference value :  2.49429e-07
 Reference value :  2.52929e-07
 Reference value :  2.56429e-07
 Reference value :  2.59929e-07
 Reference value :  2.62929e-07
 Reference value :  2.65929e-07
 Reference value :  2.69429e-07
 Reference value :  2.72429e-07
 Reference value :  2.75929e-07
 Reference value :  2.79429e-07
 Reference value :  2.81929e-07
 Reference value :  2.82867e-07
 Reference value :  2.82925e-07
 Reference value :  2.82957e-07
 Reference value :  2.83006e-07
 Reference value :  2.83099e-07
 Reference value :  2.83230e-07
 Reference value :  2.83446e-07
 Reference value :  2.83631e-07
 Reference value :  2.83710e-07
 Reference value :  2.83849e-07
 Reference value :  2.83907e-07
 Reference value :  2.83994e-07
 Reference value :  2.84122e-07
 Reference value :  2.84209e-07
 Reference value :  2.84383e-07
 Reference value :  2.84675e-07
 Reference value :  2.84924e-07
 Reference value :  2.85111e-07
 Reference value :  2.85417e-07
 Reference value :  2.86103e-07
 Reference value :  2.87382e-07
 Reference value :  2.90221e-07
 Reference value :  2.93721e-07
 Reference value :  2.97221e-07
 Reference value :  3.00721e-07
 Reference value :  3.02721e-07
 Reference value :  3.04221e-07
 Reference value :  3.07221e-07
 Reference value :  3.09721e-07
 Reference value :  3.13221e-07
 Reference value :  3.16721e-07
 Reference value :  3.20721e-07
 Reference value :  3.24500e-07
 Reference value :  3.24556e-07
 Reference value :  3.24627e-07
 Reference value :  3.24719e-07
 Reference value :  3.24892e-07
 Reference value :  3.25182e-07
 Reference value :  3.25511e-07
 Reference value :  3.25682e-07
 Reference value :  3.26146e-07
 Reference value :  3.26733e-07
 Reference value :  3.27356e-07
 Reference value :  3.28122e-07
 Reference value :  3.28535e-07
 Reference value :  3.29325e-07
 Reference value :  3.30856e-07
 Reference value :  3.33495e-07
 Reference value :  3.36995e-07
 Reference value :  3.40495e-07
 Reference value :  3.43995e-07
 Reference value :  3.47495e-07
 Reference value :  3.50495e-07
 Reference value :  3.53995e-07
 Reference value :  3.57495e-07
 Reference value :  3.61495e-07
 Reference value :  3.65495e-07
 Reference value :  3.66194e-07
 Reference value :  3.66235e-07
 Reference value :  3.66284e-07
 Reference value :  3.66348e-07
 Reference value :  3.66559e-07
 Reference value :  3.66788e-07
 Reference value :  3.66905e-07
 Reference value :  3.67012e-07
 Reference value :  3.67186e-07
 Reference value :  3.67273e-07
 Reference value :  3.67376e-07
 Reference value :  3.67657e-07
 Reference value :  3.67981e-07
 Reference value :  3.68210e-07
 Reference value :  3.68363e-07
 Reference value :  3.68631e-07
 Reference value :  3.69254e-07
 Reference value :  3.69896e-07
 Reference value :  3.71224e-07
 Reference value :  3.73891e-07
 Reference value :  3.77391e-07
 Reference value :  3.80891e-07
 Reference value :  3.84391e-07
 Reference value :  3.87891e-07
 Reference value :  3.91391e-07
 Reference value :  3.93891e-07
 Reference value :  3.96891e-07
 Reference value :  3.97891e-07
 Reference value :  3.99891e-07
 Reference value :  4.01891e-07
 Reference value :  4.04391e-07
 Reference value :  4.07833e-07
 Reference value :  4.07895e-07
 Reference value :  4.07933e-07
 Reference value :  4.07995e-07
 Reference value :  4.08110e-07
 Reference value :  4.08319e-07
 Reference value :  4.08695e-07
 Reference value :  4.08873e-07
 Reference value :  4.08961e-07
 Reference value :  4.09226e-07
 Reference value :  4.09687e-07
 Reference value :  4.10112e-07
 Reference value :  4.10367e-07
 Reference value :  4.10762e-07
 Reference value :  4.11088e-07
 Reference value :  4.12215e-07
 Reference value :  4.12612e-07
 Reference value :  4.12887e-07
 Reference value :  4.13377e-07
 Reference value :  4.14099e-07
 Reference value :  4.15026e-07
 Reference value :  4.17516e-07
 Reference value :  4.21016e-07
 Reference value :  4.25016e-07
 Reference value :  4.28516e-07
 Reference value :  4.33016e-07
 Reference value :  4.37016e-07
 Reference value :  4.40516e-07
 Reference value :  4.44516e-07
 Reference value :  4.48516e-07
 Reference value :  4.49507e-07
 Reference value :  4.49536e-07
 Reference value :  4.49563e-07
 Reference value :  4.49581e-07
 Reference value :  4.49600e-07
 Reference value :  4.49632e-07
 Reference value :  4.49702e-07
 Reference value :  4.49792e-07
 Reference value :  4.50034e-07
 Reference value :  4.50069e-07
 Reference value :  4.50208e-07
 Reference value :  4.50361e-07
 Reference value :  4.50504e-07
 Reference value :  4.50621e-07
 Reference value :  4.51011e-07
 Reference value :  4.51266e-07
 Reference value :  4.51439e-07
 Reference value :  4.51713e-07
 Reference value :  4.51918e-07
 Reference value :  4.52314e-07
 Reference value :  4.52723e-07
 Reference value :  4.53795e-07
 Reference value :  4.55212e-07
 Reference value :  4.57035e-07
 Reference value :  4.61035e-07
 Reference value :  4.65035e-07
 Reference value :  4.68535e-07
 Reference value :  4.71535e-07
 Reference value :  4.75035e-07
 Reference value :  4.78035e-07
 Reference value :  4.80535e-07
 Reference value :  4.83535e-07
 Reference value :  4.87535e-07
 Reference value :  4.90535e-07
 Reference value :  4.91193e-07
 Reference value :  4.91243e-07
 Reference value :  4.91296e-07
 Reference value :  4.91370e-07
 Reference value :  4.91484e-07
 Reference value :  4.91752e-07
 Reference value :  4.92006e-07
 Reference value :  4.92178e-07
 Reference value :  4.92272e-07
 Reference value :  4.92438e-07
 Reference value :  4.92915e-07
 Reference value :  4.93632e-07
 Reference value :  4.93979e-07
 Reference value :  4.94442e-07
 Reference value :  4.94848e-07
 Reference value :  4.95383e-07
 Reference value :  4.95955e-07
 Reference value :  4.98268e-07
 Reference value :  5.01268e-07
 Reference value :  5.02268e-07
 Reference value :  5.04268e-07
 Reference value :  5.06268e-07
 Reference value :  5.08268e-07
 Reference value :  5.10768e-07
 Reference value :  5.11768e-07
 Reference value :  5.14268e-07
 Reference value :  5.17268e-07
 Reference value :  5.19768e-07
 Reference value :  5.21268e-07
 Reference value :  5.23768e-07
 Reference value :  5.25268e-07
 Reference value :  5.29268e-07
 Reference value :  5.32551e-07
 Reference value :  5.32858e-07
 Reference value :  5.32906e-07
 Reference value :  5.32959e-07
 Reference value :  5.33031e-07
 Reference value :  5.33069e-07
 Reference value :  5.33228e-07
 Reference value :  5.33421e-07
 Reference value :  5.33500e-07
 Reference value :  5.33598e-07
 Reference value :  5.33762e-07
 Reference value :  5.33884e-07
 Reference value :  5.33993e-07
 Reference value :  5.34192e-07
 Reference value :  5.34500e-07
 Reference value :  5.34635e-07
 Reference value :  5.34781e-07
 Reference value :  5.35019e-07
 Reference value :  5.35464e-07
 Reference value :  5.36375e-07
 Reference value :  5.37332e-07
 Reference value :  5.38314e-07
 Reference value :  5.40243e-07
 Reference value :  5.43243e-07
 Reference value :  5.46743e-07
 Reference value :  5.49743e-07
 Reference value :  5.52243e-07
 Reference value :  5.54743e-07
 Reference value :  5.58743e-07
 Reference value :  5.62243e-07
 Reference value :  5.66743e-07
 Reference value :  5.71243e-07
 Reference value :  5.74500e-07
 Reference value :  5.74555e-07
 Reference value :  5.74592e-07
 Reference value :  5.74638e-07
 Reference value :  5.74686e-07
 Reference value :  5.74764e-07
 Reference value :  5.74995e-07
 Reference value :  5.75305e-07
 Reference value :  5.75510e-07
 Reference value :  5.75608e-07
 Reference value :  5.75641e-07
 Reference value :  5.75882e-07
 Reference value :  5.76227e-07
 Reference value :  5.76467e-07
 Reference value :  5.76948e-07
 Reference value :  5.77242e-07
 Reference value :  5.77610e-07
 Reference value :  5.77957e-07
 Reference value :  5.78211e-07
 Reference value :  5.78643e-07
 Reference value :  5.78892e-07
 Reference value :  5.80834e-07
 Reference value :  5.83334e-07
 Reference value :  5.84244e-07
 Reference value :  5.84543e-07
 Reference value :  5.85315e-07
 Reference value :  5.86323e-07
 Reference value :  5.88939e-07
 Reference value :  5.91939e-07
 Reference value :  5.95939e-07
 Reference value :  5.99939e-07
 Reference value :  6.01939e-07
 Reference value :  6.04439e-07
 Reference value :  6.07939e-07
 Reference value :  6.10439e-07
 Reference value :  6.12439e-07
 Reference value :  6.16167e-07
 Reference value :  6.16207e-07
 Reference value :  6.16257e-07
 Reference value :  6.16325e-07
 Reference value :  6.16429e-07
 Reference value :  6.16594e-07
 Reference value :  6.16767e-07
 Reference value :  6.16969e-07
 Reference value :  6.17040e-07
 Reference value :  6.17121e-07
 Reference value :  6.17214e-07
 Reference value :  6.17347e-07
 Reference value :  6.17658e-07
 Reference value :  6.17916e-07
 Reference value :  6.18189e-07
 Reference value :  6.18500e-07
 Reference value :  6.19119e-07
 Reference value :  6.19500e-07
 Reference value :  6.20125e-07
 Reference value :  6.22213e-07
 Reference value :  6.24482e-07
 Reference value :  6.28482e-07
 Reference value :  6.31982e-07
 Reference value :  6.34482e-07
 Reference value :  6.38482e-07
 Reference value :  6.42482e-07
 Reference value :  6.45482e-07
 Reference value :  6.46982e-07
 Reference value :  6.49482e-07
 Reference value :  6.53982e-07
 Reference value :  6.56482e-07
 Reference value :  6.57853e-07
 Reference value :  6.57902e-07
 Reference value :  6.57959e-07
 Reference value :  6.58012e-07
 Reference value :  6.58227e-07
 Reference value :  6.58420e-07
 Reference value :  6.58752e-07
 Reference value :  6.58935e-07
 Reference value :  6.59264e-07
 Reference value :  6.59602e-07
 Reference value :  6.60186e-07
 Reference value :  6.61222e-07
 Reference value :  6.61868e-07
 Reference value :  6.62819e-07
 Reference value :  6.65008e-07
 Reference value :  6.68508e-07
 Reference value :  6.72508e-07
 Reference value :  6.75508e-07
 Reference value :  6.76387e-07
 Reference value :  6.76933e-07
 Reference value :  6.77183e-07
 Reference value :  6.78074e-07
 Reference value :  6.79681e-07
 Reference value :  6.82400e-07
 Reference value :  6.85900e-07
 Reference value :  6.87900e-07
 Reference value :  6.91400e-07
 Reference value :  6.94900e-07
 Reference value :  6.96400e-07
 Reference value :  6.98900e-07
 Reference value :  6.99535e-07
 Reference value :  6.99587e-07
 Reference value :  6.99667e-07
 Reference value :  6.99807e-07
 Reference value :  6.99985e-07
 Reference value :  7.00177e-07
 Reference value :  7.00394e-07
 Reference value :  7.00518e-07
 Reference value :  7.00956e-07
 Reference value :  7.01170e-07
 Reference value :  7.01489e-07
 Reference value :  7.01606e-07
 Reference value :  7.01929e-07
 Reference value :  7.02219e-07
 Reference value :  7.02683e-07
 Reference value :  7.03344e-07
 Reference value :  7.05819e-07
 Reference value :  7.08319e-07
 Reference value :  7.12319e-07
 Reference value :  7.16319e-07
 Reference value :  7.19819e-07
 Reference value :  7.22819e-07
 Reference value :  7.26819e-07
 Reference value :  7.30319e-07
 Reference value :  7.34319e-07
 Reference value :  7.37319e-07
 Reference value :  7.40743e-07
 Reference value :  7.41226e-07
 Reference value :  7.41291e-07
 Reference value :  7.41328e-07
 Reference value :  7.41434e-07
 Reference value :  7.41722e-07
 Reference value :  7.42030e-07
 Reference value :  7.42245e-07
 Reference value :  7.42367e-07
 Reference value :  7.42717e-07
 Reference value :  7.43053e-07
 Reference value :  7.43321e-07
 Reference value :  7.43914e-07
 Reference value :  7.44568e-07
 Reference value :  7.45045e-07
 Reference value :  7.46926e-07
 Reference value :  7.50192e-07
 Reference value :  7.54192e-07
 Reference value :  7.58192e-07
 Reference value :  7.60192e-07
 Reference value :  7.64192e-07
 Reference value :  7.66692e-07
 Reference value :  7.69692e-07
 Reference value :  7.70470e-07
 Reference value :  7.70772e-07
 Reference value :  7.71319e-07
 Reference value :  7.71734e-07
 Reference value :  7.72909e-07
 Reference value :  7.73981e-07
 Reference value :  7.74981e-07
 Reference value :  7.75981e-07
 Reference value :  7.77481e-07
 Reference value :  7.80481e-07
 Reference value :  7.81481e-07
 Reference value :  7.82833e-07
 Reference value :  7.82891e-07
 Reference value :  7.82921e-07
 Reference value :  7.82961e-07
 Reference value :  7.83050e-07
 Reference value :  7.83207e-07
 Reference value :  7.83369e-07
 Reference value :  7.83513e-07
 Reference value :  7.83595e-07
 Reference value :  7.83731e-07
 Reference value :  7.83826e-07
 Reference value :  7.83887e-07
 Reference value :  7.83940e-07
 Reference value :  7.84014e-07
 Reference value :  7.84111e-07
 Reference value :  7.84329e-07
 Reference value :  7.84656e-07
 Reference value :  7.85017e-07
 Reference value :  7.85325e-07
 Reference value :  7.85643e-07
 Reference value :  7.86331e-07
 Reference value :  7.86866e-07
 Reference value :  7.87211e-07
 Reference value :  7.87780e-07
 Reference value :  7.89519e-07
 Reference value :  7.91519e-07
 Reference value :  7.93019e-07
 Reference value :  7.94519e-07
 Reference value :  7.96519e-07
 Reference value :  7.99019e-07
 Reference value :  8.03019e-07
 Reference value :  8.05019e-07
 Reference value :  8.08519e-07
 Reference value :  8.13019e-07
 Reference value :  8.16519e-07
 Reference value :  8.20519e-07
 Reference value :  8.23519e-07
 Reference value :  8.24551e-07
 Reference value :  8.24600e-07
 Reference value :  8.24672e-07
 Reference value :  8.24720e-07
 Reference value :  8.24881e-07
 Reference value :  8.25268e-07
 Reference value :  8.25500e-07
 Reference value :  8.25570e-07
 Reference value :  8.25619e-07
 Reference value :  8.25841e-07
 Reference value :  8.26187e-07
 Reference value :  8.26576e-07
 Reference value :  8.27093e-07
 Reference value :  8.27710e-07
 Reference value :  8.28022e-07
 Reference value :  8.28333e-07
 Reference value :  8.28915e-07
 Reference value :  8.30856e-07
 Reference value :  8.33856e-07
 Reference value :  8.37356e-07
 Reference value :  8.40356e-07
 Reference value :  8.42356e-07
 Reference value :  8.44856e-07
 Reference value :  8.47356e-07
 Reference value :  8.50356e-07
 Reference value :  8.52856e-07
 Reference value :  8.56356e-07
 Reference value :  8.59856e-07
 Reference value :  8.61356e-07
 Reference value :  8.62099e-07
 Reference value :  8.62436e-07
 Reference value :  8.63101e-07
 Reference value :  8.64622e-07
 Reference value :  8.66180e-07
 Reference value :  8.66231e-07
 Reference value :  8.66278e-07
 Reference value :  8.66344e-07
 Reference value :  8.66486e-07
 Reference value :  8.66624e-07
 Reference value :  8.66687e-07
 Reference value :  8.66794e-07
 Reference value :  8.66877e-07
 Reference value :  8.67081e-07
 Reference value :  8.67211e-07
 Reference value :  8.67391e-07
 Reference value :  8.67771e-07
 Reference value :  8.67986e-07
 Reference value :  8.68115e-07
 Reference value :  8.68200e-07
 Reference value :  8.68308e-07
 Reference value :  8.68649e-07
 Reference value :  8.69063e-07
 Reference value :  8.69530e-07
 Reference value :  8.70428e-07
 Reference value :  8.72091e-07
 Reference value :  8.74038e-07
 Reference value :  8.77038e-07
 Reference value :  8.81038e-07
 Reference value :  8.84538e-07
 Reference value :  8.87538e-07
 Reference value :  8.92038e-07
 Reference value :  8.96038e-07
 Reference value :  9.00038e-07
 Reference value :  9.02038e-07
 Reference value :  9.04038e-07
 Reference value :  9.07833e-07
 Reference value :  9.07899e-07
 Reference value :  9.07960e-07
 Reference value :  9.08030e-07
 Reference value :  9.08110e-07
 Reference value :  9.08330e-07
 Reference value :  9.08594e-07
 Reference value :  9.08693e-07
 Reference value :  9.08908e-07
 Reference value :  9.09013e-07
 Reference value :  9.09635e-07
 Reference value :  9.10131e-07
 Reference value :  9.11243e-07
 Reference value :  9.11461e-07
 Reference value :  9.11687e-07
 Reference value :  9.12191e-07
 Reference value :  9.14375e-07
 Reference value :  9.17188e-07
 Reference value :  9.19688e-07
 Reference value :  9.21188e-07
 Reference value :  9.22688e-07
 Reference value :  9.23688e-07
 Reference value :  9.27188e-07
 Reference value :  9.31188e-07
 Reference value :  9.34688e-07
 Reference value :  9.37688e-07
 Reference value :  9.39688e-07
 Reference value :  9.42188e-07
 Reference value :  9.45188e-07
 Reference value :  9.48688e-07
 Reference value :  9.49507e-07
 Reference value :  9.49569e-07
 Reference value :  9.49636e-07
 Reference value :  9.49717e-07
 Reference value :  9.49901e-07
 Reference value :  9.50028e-07
 Reference value :  9.50130e-07
 Reference value :  9.50168e-07
 Reference value :  9.50309e-07
 Reference value :  9.50360e-07
 Reference value :  9.50489e-07
 Reference value :  9.50572e-07
 Reference value :  9.50777e-07
 Reference value :  9.51063e-07
 Reference value :  9.51246e-07
 Reference value :  9.51424e-07
 Reference value :  9.51633e-07
 Reference value :  9.51859e-07
 Reference value :  9.52247e-07
 Reference value :  9.52550e-07
 Reference value :  9.53014e-07
 Reference value :  9.54288e-07
 Reference value :  9.57130e-07
 Reference value :  9.60630e-07
 Reference value :  9.63630e-07
 Reference value :  9.68130e-07
 Reference value :  9.71130e-07
 Reference value :  9.73630e-07
 Reference value :  9.74630e-07
 Reference value :  9.76130e-07
 Reference value :  9.77630e-07
 Reference value :  9.80630e-07
 Reference value :  9.81630e-07
 Reference value :  9.84130e-07
 Reference value :  9.86130e-07
 Reference value :  9.87630e-07
 Reference value :  9.89630e-07
 Reference value :  9.91167e-07
 Reference value :  9.91223e-07
 Reference value :  9.91282e-07
 Reference value :  9.91303e-07
 Reference value :  9.91445e-07
 Reference value :  9.91527e-07
 Reference value :  9.91856e-07
 Reference value :  9.92167e-07
 Reference value :  9.92320e-07
 Reference value :  9.92584e-07
 Reference value :  9.93249e-07
 Reference value :  9.94474e-07
 Reference value :  9.94987e-07
 Reference value :  9.95098e-07
 Reference value :  9.95303e-07
 Reference value :  9.95854e-07
 Reference value :  9.96682e-07
 Reference value :  9.99055e-07
 Reference value :  1.00256e-06
 Reference value :  1.00406e-06
 Reference value :  1.00656e-06
 Reference value :  1.00856e-06
 Reference value :  1.01256e-06
 Reference value :  1.01556e-06
 Reference value :  1.01706e-06
 Reference value :  1.01956e-06
 Reference value :  1.02306e-06
 Reference value :  1.02656e-06
 Reference value :  1.03006e-06
 Reference value :  1.03284e-06
 Reference value :  1.03287e-06
 Reference value :  1.03292e-06
 Reference value :  1.03297e-06
 Reference value :  1.03300e-06
 Reference value :  1.03310e-06
 Reference value :  1.03326e-06
 Reference value :  1.03333e-06
 Reference value :  1.03346e-06
 Reference value :  1.03351e-06
 Reference value :  1.03363e-06
 Reference value :  1.03384e-06
 Reference value :  1.03394e-06
 Reference value :  1.03410e-06
 Reference value :  1.03413e-06
 Reference value :  1.03418e-06
 Reference value :  1.03429e-06
 Reference value :  1.03434e-06
 Reference value :  1.03444e-06
 Reference value :  1.03466e-06
 Reference value :  1.03533e-06
 Reference value :  1.03586e-06
 Reference value :  1.03661e-06
 Reference value :  1.03800e-06
 Reference value :  1.04035e-06
 Reference value :  1.04235e-06
 Reference value :  1.04535e-06
 Reference value :  1.04835e-06
 Reference value :  1.05135e-06
 Reference value :  1.05385e-06
 Reference value :  1.05685e-06
 Reference value :  1.05985e-06
 Reference value :  1.06135e-06
 Reference value :  1.06435e-06
 Reference value :  1.06835e-06
 Reference value :  1.07185e-06
 Reference value :  1.07451e-06
 Reference value :  1.07457e-06
 Reference value :  1.07463e-06
 Reference value :  1.07467e-06
 Reference value :  1.07475e-06
 Reference value :  1.07490e-06
 Reference value :  1.07506e-06
 Reference value :  1.07537e-06
 Reference value :  1.07558e-06
 Reference value :  1.07570e-06
 Reference value :  1.07606e-06
 Reference value :  1.07640e-06
 Reference value :  1.07679e-06
 Reference value :  1.07735e-06
 Reference value :  1.07792e-06
 Reference value :  1.07889e-06
 Reference value :  1.07993e-06
 Reference value :  1.08089e-06
 Reference value :  1.08439e-06
 Reference value :  1.08739e-06
 Reference value :  1.09039e-06
 Reference value :  1.09389e-06
 Reference value :  1.09589e-06
 Reference value :  1.09789e-06
 Reference value :  1.09989e-06
 Reference value :  1.10239e-06
 Reference value :  1.10589e-06
 Reference value :  1.10939e-06
 Reference value :  1.11289e-06
 Reference value :  1.11539e-06
 Reference value :  1.11620e-06
 Reference value :  1.11623e-06
 Reference value :  1.11627e-06
 Reference value :  1.11635e-06
 Reference value :  1.11644e-06
 Reference value :  1.11659e-06
 Reference value :  1.11671e-06
 Reference value :  1.11680e-06
 Reference value :  1.11683e-06
 Reference value :  1.11688e-06
 Reference value :  1.11709e-06
 Reference value :  1.11717e-06
 Reference value :  1.11717e-06
 Reference value :  1.11722e-06
 Reference value :  1.11727e-06
 Reference value :  1.11731e-06
 Reference value :  1.11736e-06
 Reference value :  1.11743e-06
 Reference value :  1.11756e-06
 Reference value :  1.11760e-06
 Reference value :  1.11765e-06
 Reference value :  1.11775e-06
 Reference value :  1.11795e-06
 Reference value :  1.11802e-06
 Reference value :  1.11806e-06
 Reference value :  1.11811e-06
 Reference value :  1.11821e-06
 Reference value :  1.11845e-06
 Reference value :  1.11901e-06
 Reference value :  1.11964e-06
 Reference value :  1.12106e-06
 Reference value :  1.12418e-06
 Reference value :  1.12668e-06
 Reference value :  1.13018e-06
 Reference value :  1.13418e-06
 Reference value :  1.13818e-06
 Reference value :  1.14118e-06
 Reference value :  1.14418e-06
 Reference value :  1.14668e-06
 Reference value :  1.15018e-06
 Reference value :  1.15368e-06
 Reference value :  1.15750e-06
 Reference value :  1.15787e-06
 Reference value :  1.15790e-06
 Reference value :  1.15798e-06
 Reference value :  1.15805e-06
 Reference value :  1.15812e-06
 Reference value :  1.15845e-06
 Reference value :  1.15880e-06
 Reference value :  1.15892e-06
 Reference value :  1.15898e-06
 Reference value :  1.15936e-06
 Reference value :  1.15980e-06
 Reference value :  1.16025e-06
 Reference value :  1.16070e-06
 Reference value :  1.16121e-06
 Reference value :  1.16140e-06
 Reference value :  1.16181e-06
 Reference value :  1.16250e-06
 Reference value :  1.16389e-06
 Reference value :  1.16683e-06
 Reference value :  1.17033e-06
 Reference value :  1.17433e-06
 Reference value :  1.17833e-06
 Reference value :  1.18233e-06
 Reference value :  1.18583e-06
 Reference value :  1.18983e-06
 Reference value :  1.19333e-06
 Reference value :  1.19683e-06
 Reference value :  1.19883e-06
 Reference value :  1.19952e-06
 Reference value :  1.19957e-06
 Reference value :  1.19962e-06
 Reference value :  1.19968e-06
 Reference value :  1.19978e-06
 Reference value :  1.19984e-06
 Reference value :  1.20008e-06
 Reference value :  1.20029e-06
 Reference value :  1.20050e-06
 Reference value :  1.20059e-06
 Reference value :  1.20066e-06
 Reference value :  1.20074e-06
 Reference value :  1.20087e-06
 Reference value :  1.20095e-06
 Reference value :  1.20098e-06
 Reference value :  1.20105e-06
 Reference value :  1.20117e-06
 Reference value :  1.20135e-06
 Reference value :  1.20197e-06
 Reference value :  1.20297e-06
 Reference value :  1.20388e-06
 Reference value :  1.20600e-06
 Reference value :  1.21000e-06
 Reference value :  1.21400e-06
 Reference value :  1.21750e-06
 Reference value :  1.22150e-06
 Reference value :  1.22500e-06
 Reference value :  1.22950e-06
 Reference value :  1.23300e-06
 Reference value :  1.23700e-06
 Reference value :  1.24083e-06
 Reference value :  1.24120e-06
 Reference value :  1.24126e-06
 Reference value :  1.24134e-06
 Reference value :  1.24146e-06
 Reference value :  1.24177e-06
 Reference value :  1.24212e-06
 Reference value :  1.24228e-06
 Reference value :  1.24240e-06
 Reference value :  1.24269e-06
 Reference value :  1.24298e-06
 Reference value :  1.24348e-06
 Reference value :  1.24379e-06
 Reference value :  1.24407e-06
 Reference value :  1.24472e-06
 Reference value :  1.24535e-06
 Reference value :  1.24639e-06
 Reference value :  1.24799e-06
 Reference value :  1.25123e-06
 Reference value :  1.25473e-06
 Reference value :  1.25623e-06
 Reference value :  1.25973e-06
 Reference value :  1.26323e-06
 Reference value :  1.26723e-06
 Reference value :  1.27123e-06
 Reference value :  1.27223e-06
 Reference value :  1.27373e-06
 Reference value :  1.27673e-06
 Reference value :  1.27923e-06
 Reference value :  1.28073e-06
 Reference value :  1.28284e-06
 Reference value :  1.28287e-06
 Reference value :  1.28290e-06
 Reference value :  1.28296e-06
 Reference value :  1.28301e-06
 Reference value :  1.28316e-06
 Reference value :  1.28337e-06
 Reference value :  1.28354e-06
 Reference value :  1.28362e-06
 Reference value :  1.28375e-06
 Reference value :  1.28385e-06
 Reference value :  1.28392e-06
 Reference value :  1.28403e-06
 Reference value :  1.28415e-06
 Reference value :  1.28446e-06
 Reference value :  1.28468e-06
 Reference value :  1.28488e-06
 Reference value :  1.28512e-06
 Reference value :  1.28547e-06
 Reference value :  1.28590e-06
 Reference value :  1.28655e-06
 Reference value :  1.28803e-06
 Reference value :  1.29078e-06
 Reference value :  1.29178e-06
 Reference value :  1.29428e-06
 Reference value :  1.29778e-06
 Reference value :  1.30178e-06
 Reference value :  1.30528e-06
 Reference value :  1.30828e-06
 Reference value :  1.31128e-06
 Reference value :  1.31428e-06
 Reference value :  1.31528e-06
 Reference value :  1.31778e-06
 Reference value :  1.32178e-06
 Reference value :  1.32414e-06
 Reference value :  1.32453e-06
 Reference value :  1.32459e-06
 Reference value :  1.32461e-06
 Reference value :  1.32469e-06
 Reference value :  1.32482e-06
 Reference value :  1.32517e-06
 Reference value :  1.32550e-06
 Reference value :  1.32563e-06
 Reference value :  1.32568e-06
 Reference value :  1.32607e-06
 Reference value :  1.32629e-06
 Reference value :  1.32693e-06
 Reference value :  1.32737e-06
 Reference value :  1.32769e-06
 Reference value :  1.32792e-06
 Reference value :  1.32836e-06
 Reference value :  1.32962e-06
 Reference value :  1.33094e-06
 Reference value :  1.33286e-06
 Reference value :  1.33346e-06
 Reference value :  1.33387e-06
 Reference value :  1.33415e-06
 Reference value :  1.33474e-06
 Reference value :  1.33593e-06
 Reference value :  1.33886e-06
 Reference value :  1.34286e-06
 Reference value :  1.34636e-06
 Reference value :  1.34986e-06
 Reference value :  1.35436e-06
 Reference value :  1.35736e-06
 Reference value :  1.35936e-06
 Reference value :  1.36386e-06
 Reference value :  1.36620e-06
 Reference value :  1.36626e-06
 Reference value :  1.36632e-06
 Reference value :  1.36641e-06
 Reference value :  1.36661e-06
 Reference value :  1.36674e-06
 Reference value :  1.36686e-06
 Reference value :  1.36701e-06
 Reference value :  1.36717e-06
 Reference value :  1.36727e-06
 Reference value :  1.36770e-06
 Reference value :  1.36804e-06
 Reference value :  1.36827e-06
 Reference value :  1.36868e-06
 Reference value :  1.36898e-06
 Reference value :  1.36915e-06
 Reference value :  1.36939e-06
 Reference value :  1.37036e-06
 Reference value :  1.37335e-06
 Reference value :  1.37735e-06
 Reference value :  1.38135e-06
 Reference value :  1.38585e-06
 Reference value :  1.38935e-06
 Reference value :  1.39435e-06
 Reference value :  1.39835e-06
 Reference value :  1.40135e-06
 Reference value :  1.40335e-06
 Reference value :  1.40735e-06
 Reference value :  1.40787e-06
 Reference value :  1.40790e-06
 Reference value :  1.40793e-06
 Reference value :  1.40800e-06
 Reference value :  1.40807e-06
 Reference value :  1.40824e-06
 Reference value :  1.40869e-06
 Reference value :  1.40883e-06
 Reference value :  1.40894e-06
 Reference value :  1.40911e-06
 Reference value :  1.40965e-06
 Reference value :  1.41046e-06
 Reference value :  1.41105e-06
 Reference value :  1.41145e-06
 Reference value :  1.41230e-06
 Reference value :  1.41468e-06
 Reference value :  1.41768e-06
 Reference value :  1.42118e-06
 Reference value :  1.42518e-06
 Reference value :  1.42868e-06
 Reference value :  1.43218e-06
 Reference value :  1.43618e-06
 Reference value :  1.44018e-06
 Reference value :  1.44218e-06
 Reference value :  1.44568e-06
 Reference value :  1.44868e-06
 Reference value :  1.44953e-06
 Reference value :  1.44960e-06
 Reference value :  1.44964e-06
 Reference value :  1.44972e-06
 Reference value :  1.44990e-06
 Reference value :  1.45004e-06
 Reference value :  1.45016e-06
 Reference value :  1.45027e-06
 Reference value :  1.45039e-06
 Reference value :  1.45054e-06
 Reference value :  1.45062e-06
 Reference value :  1.45079e-06
 Reference value :  1.45122e-06
 Reference value :  1.45138e-06
 Reference value :  1.45154e-06
 Reference value :  1.45162e-06
 Reference value :  1.45176e-06
 Reference value :  1.45243e-06
 Reference value :  1.45315e-06
 Reference value :  1.45430e-06
 Reference value :  1.45667e-06
 Reference value :  1.46067e-06
 Reference value :  1.46417e-06
 Reference value :  1.46617e-06
 Reference value :  1.47017e-06
 Reference value :  1.47317e-06
 Reference value :  1.47717e-06
 Reference value :  1.47967e-06
 Reference value :  1.48317e-06
 Reference value :  1.48667e-06
 Reference value :  1.48967e-06
 Reference value :  1.49119e-06
 Reference value :  1.49126e-06
 Reference value :  1.49130e-06
 Reference value :  1.49141e-06
 Reference value :  1.49161e-06
 Reference value :  1.49213e-06
 Reference value :  1.49225e-06
 Reference value :  1.49236e-06
 Reference value :  1.49280e-06
 Reference value :  1.49319e-06
 Reference value :  1.49434e-06
 Reference value :  1.49468e-06
 Reference value :  1.49527e-06
 Reference value :  1.49614e-06
 Reference value :  1.49749e-06
 Reference value :  1.49868e-06
 Reference value :  1.50118e-06
 Reference value :  1.50368e-06
 Reference value :  1.50718e-06
 Reference value :  1.51118e-06
 Reference value :  1.51418e-06
 Reference value :  1.51718e-06
 Reference value :  1.52068e-06
 Reference value :  1.52418e-06
 Reference value :  1.52718e-06
 Reference value :  1.53068e-06
 Reference value :  1.53285e-06
 Reference value :  1.53289e-06
 Reference value :  1.53291e-06
 Reference value :  1.53293e-06
 Reference value :  1.53300e-06
 Reference value :  1.53309e-06
 Reference value :  1.53332e-06
 Reference value :  1.53349e-06
 Reference value :  1.53360e-06
 Reference value :  1.53369e-06
 Reference value :  1.53385e-06
 Reference value :  1.53394e-06
 Reference value :  1.53406e-06
 Reference value :  1.53468e-06
 Reference value :  1.53493e-06
 Reference value :  1.53522e-06
 Reference value :  1.53570e-06
 Reference value :  1.53674e-06
 Reference value :  1.53905e-06
 Reference value :  1.54354e-06
 Reference value :  1.54654e-06
 Reference value :  1.55054e-06
 Reference value :  1.55454e-06
 Reference value :  1.55754e-06
 Reference value :  1.55854e-06
 Reference value :  1.56204e-06
 Reference value :  1.56604e-06
 Reference value :  1.57004e-06
 Reference value :  1.57404e-06
 Reference value :  1.57455e-06
 Reference value :  1.57459e-06
 Reference value :  1.57465e-06
 Reference value :  1.57473e-06
 Reference value :  1.57488e-06
 Reference value :  1.57516e-06
 Reference value :  1.57541e-06
 Reference value :  1.57559e-06
 Reference value :  1.57571e-06
 Reference value :  1.57605e-06
 Reference value :  1.57651e-06
 Reference value :  1.57705e-06
 Reference value :  1.57767e-06
 Reference value :  1.57800e-06
 Reference value :  1.57838e-06
 Reference value :  1.57882e-06
 Reference value :  1.58025e-06
 Reference value :  1.58284e-06
 Reference value :  1.58534e-06
 Reference value :  1.58684e-06
 Reference value :  1.58934e-06
 Reference value :  1.59284e-06
 Reference value :  1.59634e-06
 Reference value :  1.59734e-06
 Reference value :  1.59805e-06
 Reference value :  1.59831e-06
 Reference value :  1.59842e-06
 Reference value :  1.59871e-06
 Reference value :  1.59932e-06
 Reference value :  1.60042e-06
 Reference value :  1.60153e-06
 Reference value :  1.60397e-06
 Reference value :  1.60697e-06
 Reference value :  1.61047e-06
 Reference value :  1.61347e-06
 Reference value :  1.61617e-06
 Reference value :  1.61620e-06
 Reference value :  1.61623e-06
 Reference value :  1.61626e-06
 Reference value :  1.61633e-06
 Reference value :  1.61638e-06
 Reference value :  1.61656e-06
 Reference value :  1.61674e-06
 Reference value :  1.61683e-06
 Reference value :  1.61694e-06
 Reference value :  1.61703e-06
 Reference value :  1.61719e-06
 Reference value :  1.61734e-06
 Reference value :  1.61769e-06
 Reference value :  1.61783e-06
 Reference value :  1.61796e-06
 Reference value :  1.61812e-06
 Reference value :  1.61822e-06
 Reference value :  1.61832e-06
 Reference value :  1.61836e-06
 Reference value :  1.61838e-06
 Reference value :  1.61844e-06
 Reference value :  1.61855e-06
 Reference value :  1.61894e-06
 Reference value :  1.61955e-06
 Reference value :  1.62042e-06
 Reference value :  1.62246e-06
 Reference value :  1.62396e-06
 Reference value :  1.62746e-06
 Reference value :  1.63096e-06
 Reference value :  1.63346e-06
 Reference value :  1.63646e-06
 Reference value :  1.63996e-06
 Reference value :  1.64396e-06
 Reference value :  1.64646e-06
 Reference value :  1.64946e-06
 Reference value :  1.65146e-06
 Reference value :  1.65396e-06
 Reference value :  1.65646e-06
 Reference value :  1.65784e-06
 Reference value :  1.65790e-06
 Reference value :  1.65797e-06
 Reference value :  1.65805e-06
 Reference value :  1.65827e-06
 Reference value :  1.65868e-06
 Reference value :  1.65878e-06
 Reference value :  1.65896e-06
 Reference value :  1.65909e-06
 Reference value :  1.65963e-06
 Reference value :  1.66043e-06
 Reference value :  1.66175e-06
 Reference value :  1.66221e-06
 Reference value :  1.66319e-06
 Reference value :  1.66479e-06
 Reference value :  1.66620e-06
 Reference value :  1.66815e-06
 Reference value :  1.67015e-06
 Reference value :  1.67215e-06
 Reference value :  1.67465e-06
 Reference value :  1.67865e-06
 Reference value :  1.68215e-06
 Reference value :  1.68515e-06
 Reference value :  1.68865e-06
 Reference value :  1.69165e-06
 Reference value :  1.69515e-06
 Reference value :  1.69815e-06
 Reference value :  1.69951e-06
 Reference value :  1.69957e-06
 Reference value :  1.69962e-06
 Reference value :  1.69964e-06
 Reference value :  1.69977e-06
 Reference value :  1.69998e-06
 Reference value :  1.70011e-06
 Reference value :  1.70030e-06
 Reference value :  1.70042e-06
 Reference value :  1.70056e-06
 Reference value :  1.70063e-06
 Reference value :  1.70081e-06
 Reference value :  1.70129e-06
 Reference value :  1.70141e-06
 Reference value :  1.70152e-06
 Reference value :  1.70176e-06
 Reference value :  1.70282e-06
 Reference value :  1.70396e-06
 Reference value :  1.70644e-06
 Reference value :  1.70994e-06
 Reference value :  1.71444e-06
 Reference value :  1.71744e-06
 Reference value :  1.72094e-06
 Reference value :  1.72394e-06
 Reference value :  1.72744e-06
 Reference value :  1.73094e-06
 Reference value :  1.73394e-06
 Reference value :  1.73794e-06
 Reference value :  1.74117e-06
 Reference value :  1.74120e-06
 Reference value :  1.74125e-06
 Reference value :  1.74129e-06
 Reference value :  1.74139e-06
 Reference value :  1.74155e-06
 Reference value :  1.74196e-06
 Reference value :  1.74205e-06
 Reference value :  1.74223e-06
 Reference value :  1.74230e-06
 Reference value :  1.74247e-06
 Reference value :  1.74279e-06
 Reference value :  1.74306e-06
 Reference value :  1.74373e-06
 Reference value :  1.74451e-06
 Reference value :  1.74512e-06
 Reference value :  1.74668e-06
 Reference value :  1.75024e-06
 Reference value :  1.75374e-06
 Reference value :  1.75774e-06
 Reference value :  1.76124e-06
 Reference value :  1.76324e-06
 Reference value :  1.76724e-06
 Reference value :  1.77124e-06
 Reference value :  1.77574e-06
 Reference value :  1.77824e-06
 Reference value :  1.77913e-06
 Reference value :  1.77963e-06
 Reference value :  1.77990e-06
 Reference value :  1.78054e-06
 Reference value :  1.78137e-06
 Reference value :  1.78231e-06
 Reference value :  1.78285e-06
 Reference value :  1.78289e-06
 Reference value :  1.78292e-06
 Reference value :  1.78296e-06
 Reference value :  1.78301e-06
 Reference value :  1.78305e-06
 Reference value :  1.78311e-06
 Reference value :  1.78317e-06
 Reference value :  1.78331e-06
 Reference value :  1.78341e-06
 Reference value :  1.78351e-06
 Reference value :  1.78360e-06
 Reference value :  1.78363e-06
 Reference value :  1.78367e-06
 Reference value :  1.78378e-06
 Reference value :  1.78384e-06
 Reference value :  1.78388e-06
 Reference value :  1.78405e-06
 Reference value :  1.78420e-06
 Reference value :  1.78440e-06
 Reference value :  1.78445e-06
 Reference value :  1.78462e-06
 Reference value :  1.78467e-06
 Reference value :  1.78478e-06
 Reference value :  1.78489e-06
 Reference value :  1.78510e-06
 Reference value :  1.78517e-06
 Reference value :  1.78530e-06
 Reference value :  1.78550e-06
 Reference value :  1.78613e-06
 Reference value :  1.78642e-06
 Reference value :  1.78734e-06
 Reference value :  1.78823e-06
 Reference value :  1.79022e-06
 Reference value :  1.79122e-06
 Reference value :  1.79322e-06
 Reference value :  1.79472e-06
 Reference value :  1.79622e-06
 Reference value :  1.79772e-06
 Reference value :  1.80022e-06
 Reference value :  1.80322e-06
 Reference value :  1.80572e-06
 Reference value :  1.80672e-06
 Reference value :  1.80822e-06
 Reference value :  1.81072e-06
 Reference value :  1.81222e-06
 Reference value :  1.81372e-06
 Reference value :  1.81472e-06
 Reference value :  1.81622e-06
 Reference value :  1.81822e-06
 Reference value :  1.82022e-06
 Reference value :  1.82222e-06
 Reference value :  1.82411e-06
 Reference value :  1.82451e-06
 Reference value :  1.82453e-06
 Reference value :  1.82456e-06
 Reference value :  1.82457e-06
 Reference value :  1.82459e-06
 Reference value :  1.82461e-06
 Reference value :  1.82464e-06
 Reference value :  1.82468e-06
 Reference value :  1.82472e-06
 Reference value :  1.82479e-06
 Reference value :  1.82485e-06
 Reference value :  1.82493e-06
 Reference value :  1.82508e-06
 Reference value :  1.82530e-06
 Reference value :  1.82538e-06
 Reference value :  1.82551e-06
 Reference value :  1.82556e-06
 Reference value :  1.82562e-06
 Reference value :  1.82563e-06
 Reference value :  1.82575e-06
 Reference value :  1.82603e-06
 Reference value :  1.82643e-06
 Reference value :  1.82668e-06
 Reference value :  1.82697e-06
 Reference value :  1.82713e-06
 Reference value :  1.82769e-06
 Reference value :  1.82794e-06
 Reference value :  1.82857e-06
 Reference value :  1.82906e-06
 Reference value :  1.82978e-06
 Reference value :  1.83063e-06
 Reference value :  1.83170e-06
 Reference value :  1.83264e-06
 Reference value :  1.83414e-06
 Reference value :  1.83564e-06
 Reference value :  1.83714e-06
 Reference value :  1.83914e-06
 Reference value :  1.84164e-06
 Reference value :  1.84314e-06
 Reference value :  1.84514e-06
 Reference value :  1.84714e-06
 Reference value :  1.84864e-06
 Reference value :  1.85014e-06
 Reference value :  1.85164e-06
 Reference value :  1.85464e-06
 Reference value :  1.85564e-06
 Reference value :  1.85664e-06
 Reference value :  1.85764e-06
 Reference value :  1.85914e-06
 Reference value :  1.86014e-06
 Reference value :  1.86114e-06
 Reference value :  1.86264e-06
 Reference value :  1.86364e-06
 Reference value :  1.86514e-06
 Reference value :  1.86591e-06
 Reference value :  1.86617e-06
 Reference value :  1.86621e-06
 Reference value :  1.86623e-06
 Reference value :  1.86627e-06
 Reference value :  1.86632e-06
 Reference value :  1.86636e-06
 Reference value :  1.86640e-06
 Reference value :  1.86644e-06
 Reference value :  1.86650e-06
 Reference value :  1.86671e-06
 Reference value :  1.86684e-06
 Reference value :  1.86688e-06
 Reference value :  1.86696e-06
 Reference value :  1.86704e-06
 Reference value :  1.86717e-06
 Reference value :  1.86722e-06
 Reference value :  1.86726e-06
 Reference value :  1.86728e-06
 Reference value :  1.86734e-06
 Reference value :  1.86741e-06
 Reference value :  1.86760e-06
 Reference value :  1.86767e-06
 Reference value :  1.86807e-06
 Reference value :  1.86821e-06
 Reference value :  1.86827e-06
 Reference value :  1.86836e-06
 Reference value :  1.86846e-06
 Reference value :  1.86880e-06
 Reference value :  1.86934e-06
 Reference value :  1.86978e-06
 Reference value :  1.86997e-06
 Reference value :  1.87114e-06
 Reference value :  1.87198e-06
 Reference value :  1.87296e-06
 Reference value :  1.87446e-06
 Reference value :  1.87596e-06
 Reference value :  1.87746e-06
 Reference value :  1.87896e-06
 Reference value :  1.88046e-06
 Reference value :  1.88196e-06
 Reference value :  1.88346e-06
 Reference value :  1.88546e-06
 Reference value :  1.88696e-06
 Reference value :  1.88796e-06
 Reference value :  1.88946e-06
 Reference value :  1.89046e-06
 Reference value :  1.89146e-06
 Reference value :  1.89296e-06
 Reference value :  1.89496e-06
 Reference value :  1.89596e-06
 Reference value :  1.89746e-06
 Reference value :  1.89896e-06
 Reference value :  1.90046e-06
 Reference value :  1.90196e-06
 Reference value :  1.90346e-06
 Reference value :  1.90546e-06
 Reference value :  1.90784e-06
 Reference value :  1.90787e-06
 Reference value :  1.90793e-06
 Reference value :  1.90797e-06
 Reference value :  1.90801e-06
 Reference value :  1.90808e-06
 Reference value :  1.90813e-06
 Reference value :  1.90822e-06
 Reference value :  1.90838e-06
 Reference value :  1.90857e-06
 Reference value :  1.90878e-06
 Reference value :  1.90884e-06
 Reference value :  1.90894e-06
 Reference value :  1.90897e-06
 Reference value :  1.90908e-06
 Reference value :  1.90950e-06
 Reference value :  1.91012e-06
 Reference value :  1.91069e-06
 Reference value :  1.91120e-06
 Reference value :  1.91136e-06
 Reference value :  1.91148e-06
 Reference value :  1.91167e-06
 Reference value :  1.91195e-06
 Reference value :  1.91224e-06
 Reference value :  1.91333e-06
 Reference value :  1.91406e-06
 Reference value :  1.91697e-06
 Reference value :  1.91897e-06
 Reference value :  1.92047e-06
 Reference value :  1.92197e-06
 Reference value :  1.92347e-06
 Reference value :  1.92497e-06
 Reference value :  1.92597e-06
 Reference value :  1.92697e-06
 Reference value :  1.92847e-06
 Reference value :  1.92997e-06
 Reference value :  1.93097e-06
 Reference value :  1.93247e-06
 Reference value :  1.93347e-06
 Reference value :  1.93597e-06
 Reference value :  1.93897e-06
 Reference value :  1.94097e-06
 Reference value :  1.94247e-06
 Reference value :  1.94397e-06
 Reference value :  1.94597e-06
 Reference value :  1.94897e-06
 Reference value :  1.94950e-06
 Reference value :  1.94955e-06
 Reference value :  1.94956e-06
 Reference value :  1.94959e-06
 Reference value :  1.94961e-06
 Reference value :  1.94965e-06
 Reference value :  1.94971e-06
 Reference value :  1.94977e-06
 Reference value :  1.94990e-06
 Reference value :  1.94997e-06
 Reference value :  1.95006e-06
 Reference value :  1.95010e-06
 Reference value :  1.95017e-06
 Reference value :  1.95020e-06
 Reference value :  1.95032e-06
 Reference value :  1.95052e-06
 Reference value :  1.95057e-06
 Reference value :  1.95061e-06
 Reference value :  1.95068e-06
 Reference value :  1.95076e-06
 Reference value :  1.95087e-06
 Reference value :  1.95096e-06
 Reference value :  1.95112e-06
 Reference value :  1.95120e-06
 Reference value :  1.95127e-06
 Reference value :  1.95134e-06
 Reference value :  1.95139e-06
 Reference value :  1.95151e-06
 Reference value :  1.95167e-06
 Reference value :  1.95223e-06
 Reference value :  1.95234e-06
 Reference value :  1.95244e-06
 Reference value :  1.95267e-06
 Reference value :  1.95317e-06
 Reference value :  1.95378e-06
 Reference value :  1.95455e-06
 Reference value :  1.95606e-06
 Reference value :  1.95806e-06
 Reference value :  1.96156e-06
 Reference value :  1.96306e-06
 Reference value :  1.96606e-06
 Reference value :  1.96806e-06
 Reference value :  1.97056e-06
 Reference value :  1.97256e-06
 Reference value :  1.97456e-06
 Reference value :  1.97756e-06
 Reference value :  1.97856e-06
 Reference value :  1.98006e-06
 Reference value :  1.98206e-06
 Reference value :  1.98356e-06
 Reference value :  1.98706e-06
 Reference value :  1.98856e-06
 Reference value :  1.99086e-06
 Reference value :  1.99117e-06
 Reference value :  1.99121e-06
 Reference value :  1.99125e-06
 Reference value :  1.99130e-06
 Reference value :  1.99132e-06
 Reference value :  1.99133e-06
 Reference value :  1.99138e-06
 Reference value :  1.99152e-06
 Reference value :  1.99159e-06
 Reference value :  1.99181e-06
 Reference value :  1.99194e-06
 Reference value :  1.99202e-06
 Reference value :  1.99217e-06
 Reference value :  1.99224e-06
 Reference value :  1.99229e-06
 Reference value :  1.99232e-06
 Reference value :  1.99237e-06
 Reference value :  1.99252e-06
 Reference value :  1.99326e-06
 Reference value :  1.99361e-06
 Reference value :  1.99460e-06
 Reference value :  1.99477e-06
 Reference value :  1.99503e-06
 Reference value :  1.99516e-06
 Reference value :  1.99540e-06
 Reference value :  1.99585e-06
 Reference value :  1.99617e-06
 Reference value :  1.99724e-06
 Reference value :  1.99824e-06
 Reference value :  1.99924e-06
 Reference value :  2.00074e-06
 Reference value :  2.00174e-06
 Reference value :  2.00324e-06
 Reference value :  2.00424e-06
 Reference value :  2.00524e-06
 Reference value :  2.00674e-06
 Reference value :  2.00824e-06
 Reference value :  2.01024e-06
 Reference value :  2.01174e-06
 Reference value :  2.01324e-06
 Reference value :  2.01474e-06
 Reference value :  2.01574e-06
 Reference value :  2.01724e-06
 Reference value :  2.01874e-06
 Reference value :  2.01974e-06
 Reference value :  2.02324e-06
 Reference value :  2.02574e-06
 Reference value :  2.02824e-06
 Reference value :  2.03074e-06
 Reference value :  2.03164e-06
 Reference value :  2.03216e-06
 Reference value :  2.03244e-06
 Reference value :  2.03283e-06
 Reference value :  2.03289e-06
 Reference value :  2.03292e-06
 Reference value :  2.03295e-06
 Reference value :  2.03300e-06
 Reference value :  2.03304e-06
 Reference value :  2.03318e-06
 Reference value :  2.03333e-06
 Reference value :  2.03350e-06
 Reference value :  2.03354e-06
 Reference value :  2.03365e-06
 Reference value :  2.03374e-06
 Reference value :  2.03384e-06
 Reference value :  2.03403e-06
 Reference value :  2.03418e-06
 Reference value :  2.03428e-06
 Reference value :  2.03436e-06
 Reference value :  2.03444e-06
 Reference value :  2.03454e-06
 Reference value :  2.03475e-06
 Reference value :  2.03531e-06
 Reference value :  2.03579e-06
 Reference value :  2.03603e-06
 Reference value :  2.03642e-06
 Reference value :  2.03686e-06
 Reference value :  2.03764e-06
 Reference value :  2.03837e-06
 Reference value :  2.04089e-06
 Reference value :  2.04289e-06
 Reference value :  2.04439e-06
 Reference value :  2.04639e-06
 Reference value :  2.04839e-06
 Reference value :  2.05189e-06
 Reference value :  2.05339e-06
 Reference value :  2.05489e-06
 Reference value :  2.05639e-06
 Reference value :  2.05889e-06
 Reference value :  2.05989e-06
 Reference value :  2.06189e-06
 Reference value :  2.06339e-06
 Reference value :  2.06439e-06
 Reference value :  2.06789e-06
 Reference value :  2.06889e-06
 Reference value :  2.06989e-06
 Reference value :  2.07289e-06
 Reference value :  2.07450e-06
 Reference value :  2.07456e-06
 Reference value :  2.07460e-06
 Reference value :  2.07463e-06
 Reference value :  2.07467e-06
 Reference value :  2.07471e-06
 Reference value :  2.07499e-06
 Reference value :  2.07525e-06
 Reference value :  2.07543e-06
 Reference value :  2.07559e-06
 Reference value :  2.07571e-06
 Reference value :  2.07579e-06
 Reference value :  2.07607e-06
 Reference value :  2.07641e-06
 Reference value :  2.07653e-06
 Reference value :  2.07694e-06
 Reference value :  2.07762e-06
 Reference value :  2.07817e-06
 Reference value :  2.07866e-06
 Reference value :  2.07942e-06
 Reference value :  2.08111e-06
 Reference value :  2.08341e-06
 Reference value :  2.08491e-06
 Reference value :  2.08791e-06
 Reference value :  2.08891e-06
 Reference value :  2.09091e-06
 Reference value :  2.09441e-06
 Reference value :  2.09741e-06
 Reference value :  2.10041e-06
 Reference value :  2.10341e-06
 Reference value :  2.10441e-06
 Reference value :  2.10641e-06
 Reference value :  2.10791e-06
 Reference value :  2.10991e-06
 Reference value :  2.11141e-06
 Reference value :  2.11291e-06
 Reference value :  2.11391e-06
 Reference value :  2.11491e-06
 Reference value :  2.11617e-06
 Reference value :  2.11617e-06
 Reference value :  2.11620e-06
 Reference value :  2.11622e-06
 Reference value :  2.11625e-06
 Reference value :  2.11626e-06
 Reference value :  2.11628e-06
 Reference value :  2.11630e-06
 Reference value :  2.11633e-06
 Reference value :  2.11635e-06
 Reference value :  2.11638e-06
 Reference value :  2.11645e-06
 Reference value :  2.11651e-06
 Reference value :  2.11655e-06
 Reference value :  2.11664e-06
 Reference value :  2.11668e-06
 Reference value :  2.11682e-06
 Reference value :  2.11687e-06
 Reference value :  2.11696e-06
 Reference value :  2.11703e-06
 Reference value :  2.11707e-06
 Reference value :  2.11713e-06
 Reference value :  2.11717e-06
 Reference value :  2.11718e-06
 Reference value :  2.11720e-06
 Reference value :  2.11724e-06
 Reference value :  2.11727e-06
 Reference value :  2.11730e-06
 Reference value :  2.11733e-06
 Reference value :  2.11736e-06
 Reference value :  2.11744e-06
 Reference value :  2.11761e-06
 Reference value :  2.11763e-06
 Reference value :  2.11770e-06
 Reference value :  2.11773e-06
 Reference value :  2.11782e-06
 Reference value :  2.11794e-06
 Reference value :  2.11806e-06
 Reference value :  2.11815e-06
 Reference value :  2.11818e-06
 Reference value :  2.11819e-06
 Reference value :  2.11822e-06
 Reference value :  2.11831e-06
 Reference value :  2.11843e-06
 Reference value :  2.11866e-06
 Reference value :  2.11904e-06
 Reference value :  2.11943e-06
 Reference value :  2.12054e-06
 Reference value :  2.12176e-06
 Reference value :  2.12398e-06
 Reference value :  2.12598e-06
 Reference value :  2.12748e-06
 Reference value :  2.12948e-06
 Reference value :  2.13098e-06
 Reference value :  2.13448e-06
 Reference value :  2.13798e-06
 Reference value :  2.14048e-06
 Reference value :  2.14298e-06
 Reference value :  2.14448e-06
 Reference value :  2.14698e-06
 Reference value :  2.14848e-06
 Reference value :  2.15198e-06
 Reference value :  2.15448e-06
 Reference value :  2.15648e-06
 Reference value :  2.15740e-06
 Reference value :  2.15787e-06
 Reference value :  2.15789e-06
 Reference value :  2.15795e-06
 Reference value :  2.15800e-06
 Reference value :  2.15812e-06
 Reference value :  2.15825e-06
 Reference value :  2.15869e-06
 Reference value :  2.15885e-06
 Reference value :  2.15892e-06
 Reference value :  2.15903e-06
 Reference value :  2.15916e-06
 Reference value :  2.15946e-06
 Reference value :  2.15981e-06
 Reference value :  2.16002e-06
 Reference value :  2.16055e-06
 Reference value :  2.16121e-06
 Reference value :  2.16139e-06
 Reference value :  2.16149e-06
 Reference value :  2.16173e-06
 Reference value :  2.16189e-06
 Reference value :  2.16263e-06
 Reference value :  2.16343e-06
 Reference value :  2.16454e-06
 Reference value :  2.16739e-06
 Reference value :  2.16989e-06
 Reference value :  2.17189e-06
 Reference value :  2.17439e-06
 Reference value :  2.17839e-06
 Reference value :  2.17939e-06
 Reference value :  2.18089e-06
 Reference value :  2.18239e-06
 Reference value :  2.18489e-06
 Reference value :  2.18689e-06
 Reference value :  2.18939e-06
 Reference value :  2.19089e-06
 Reference value :  2.19339e-06
 Reference value :  2.19439e-06
 Reference value :  2.19539e-06
 Reference value :  2.19689e-06
 Reference value :  2.19950e-06
 Reference value :  2.19954e-06
 Reference value :  2.19956e-06
 Reference value :  2.19963e-06
 Reference value :  2.19965e-06
 Reference value :  2.19970e-06
 Reference value :  2.19989e-06
 Reference value :  2.19998e-06
 Reference value :  2.20015e-06
 Reference value :  2.20027e-06
 Reference value :  2.20034e-06
 Reference value :  2.20045e-06
 Reference value :  2.20050e-06
 Reference value :  2.20057e-06
 Reference value :  2.20060e-06
 Reference value :  2.20071e-06
 Reference value :  2.20086e-06
 Reference value :  2.20094e-06
 Reference value :  2.20096e-06
 Reference value :  2.20099e-06
 Reference value :  2.20109e-06
 Reference value :  2.20114e-06
 Reference value :  2.20125e-06
 Reference value :  2.20135e-06
 Reference value :  2.20146e-06
 Reference value :  2.20178e-06
 Reference value :  2.20257e-06
 Reference value :  2.20267e-06
 Reference value :  2.20313e-06
 Reference value :  2.20344e-06
 Reference value :  2.20504e-06
 Reference value :  2.20608e-06
 Reference value :  2.20858e-06
 Reference value :  2.21058e-06
 Reference value :  2.21208e-06
 Reference value :  2.21358e-06
 Reference value :  2.21508e-06
 Reference value :  2.21658e-06
 Reference value :  2.21808e-06
 Reference value :  2.21958e-06
 Reference value :  2.22208e-06
 Reference value :  2.22558e-06
 Reference value :  2.22758e-06
 Reference value :  2.22908e-06
 Reference value :  2.23308e-06
 Reference value :  2.23508e-06
 Reference value :  2.23758e-06
 Reference value :  2.24087e-06
 Reference value :  2.24120e-06
 Reference value :  2.24125e-06
 Reference value :  2.24131e-06
 Reference value :  2.24143e-06
 Reference value :  2.24157e-06
 Reference value :  2.24201e-06
 Reference value :  2.24227e-06
 Reference value :  2.24243e-06
 Reference value :  2.24280e-06
 Reference value :  2.24312e-06
 Reference value :  2.24357e-06
 Reference value :  2.24386e-06
 Reference value :  2.24413e-06
 Reference value :  2.24483e-06
 Reference value :  2.24523e-06
 Reference value :  2.24578e-06
 Reference value :  2.24702e-06
 Reference value :  2.24917e-06
 Reference value :  2.25317e-06
 Reference value :  2.25617e-06
 Reference value :  2.26017e-06
 Reference value :  2.26317e-06
 Reference value :  2.26617e-06
 Reference value :  2.26967e-06
 Reference value :  2.27167e-06
 Reference value :  2.27417e-06
 Reference value :  2.27767e-06
 Reference value :  2.28167e-06
 Reference value :  2.28286e-06
 Reference value :  2.28290e-06
 Reference value :  2.28296e-06
 Reference value :  2.28302e-06
 Reference value :  2.28316e-06
 Reference value :  2.28337e-06
 Reference value :  2.28355e-06
 Reference value :  2.28360e-06
 Reference value :  2.28374e-06
 Reference value :  2.28385e-06
 Reference value :  2.28392e-06
 Reference value :  2.28406e-06
 Reference value :  2.28429e-06
 Reference value :  2.28449e-06
 Reference value :  2.28468e-06
 Reference value :  2.28488e-06
 Reference value :  2.28507e-06
 Reference value :  2.28536e-06
 Reference value :  2.28576e-06
 Reference value :  2.28606e-06
 Reference value :  2.28699e-06
 Reference value :  2.28991e-06
 Reference value :  2.29291e-06
 Reference value :  2.29691e-06
 Reference value :  2.30041e-06
 Reference value :  2.30441e-06
 Reference value :  2.30741e-06
 Reference value :  2.31141e-06
 Reference value :  2.31591e-06
 Reference value :  2.31941e-06
 Reference value :  2.32291e-06
 Reference value :  2.32451e-06
 Reference value :  2.32457e-06
 Reference value :  2.32463e-06
 Reference value :  2.32472e-06
 Reference value :  2.32490e-06
 Reference value :  2.32534e-06
 Reference value :  2.32551e-06
 Reference value :  2.32566e-06
 Reference value :  2.32577e-06
 Reference value :  2.32606e-06
 Reference value :  2.32654e-06
 Reference value :  2.32713e-06
 Reference value :  2.32774e-06
 Reference value :  2.32841e-06
 Reference value :  2.32925e-06
 Reference value :  2.33105e-06
 Reference value :  2.33455e-06
 Reference value :  2.33555e-06
 Reference value :  2.33744e-06
 Reference value :  2.33961e-06
 Reference value :  2.34303e-06
 Reference value :  2.34703e-06
 Reference value :  2.34953e-06
 Reference value :  2.35303e-06
 Reference value :  2.35553e-06
 Reference value :  2.35803e-06
 Reference value :  2.36103e-06
 Reference value :  2.36453e-06
 Reference value :  2.36618e-06
 Reference value :  2.36623e-06
 Reference value :  2.36631e-06
 Reference value :  2.36640e-06
 Reference value :  2.36661e-06
 Reference value :  2.36686e-06
 Reference value :  2.36701e-06
 Reference value :  2.36717e-06
 Reference value :  2.36723e-06
 Reference value :  2.36737e-06
 Reference value :  2.36775e-06
 Reference value :  2.36809e-06
 Reference value :  2.36832e-06
 Reference value :  2.36849e-06
 Reference value :  2.36882e-06
 Reference value :  2.36946e-06
 Reference value :  2.37089e-06
 Reference value :  2.37460e-06
 Reference value :  2.37810e-06
 Reference value :  2.38260e-06
 Reference value :  2.38610e-06
 Reference value :  2.39010e-06
 Reference value :  2.39410e-06
 Reference value :  2.39560e-06
 Reference value :  2.39910e-06
 Reference value :  2.40160e-06
 Reference value :  2.40510e-06
 Reference value :  2.40784e-06
 Reference value :  2.40787e-06
 Reference value :  2.40792e-06
 Reference value :  2.40797e-06
 Reference value :  2.40810e-06
 Reference value :  2.40826e-06
 Reference value :  2.40866e-06
 Reference value :  2.40890e-06
 Reference value :  2.40896e-06
 Reference value :  2.40911e-06
 Reference value :  2.40977e-06
 Reference value :  2.41061e-06
 Reference value :  2.41098e-06
 Reference value :  2.41155e-06
 Reference value :  2.41198e-06
 Reference value :  2.41274e-06
 Reference value :  2.41346e-06
 Reference value :  2.41669e-06
 Reference value :  2.41969e-06
 Reference value :  2.42038e-06
 Reference value :  2.42067e-06
 Reference value :  2.42134e-06
 Reference value :  2.42218e-06
 Reference value :  2.42332e-06
 Reference value :  2.42652e-06
 Reference value :  2.43002e-06
 Reference value :  2.43302e-06
 Reference value :  2.43452e-06
 Reference value :  2.43802e-06
 Reference value :  2.44152e-06
 Reference value :  2.44502e-06
 Reference value :  2.44852e-06
 Reference value :  2.44954e-06
 Reference value :  2.44958e-06
 Reference value :  2.44963e-06
 Reference value :  2.44970e-06
 Reference value :  2.44979e-06
 Reference value :  2.44999e-06
 Reference value :  2.45021e-06
 Reference value :  2.45033e-06
 Reference value :  2.45045e-06
 Reference value :  2.45053e-06
 Reference value :  2.45082e-06
 Reference value :  2.45108e-06
 Reference value :  2.45134e-06
 Reference value :  2.45163e-06
 Reference value :  2.45198e-06
 Reference value :  2.45241e-06
 Reference value :  2.45287e-06
 Reference value :  2.45382e-06
 Reference value :  2.45651e-06
 Reference value :  2.46001e-06
 Reference value :  2.46401e-06
 Reference value :  2.46751e-06
 Reference value :  2.47151e-06
 Reference value :  2.47551e-06
 Reference value :  2.47951e-06
 Reference value :  2.48301e-06
 Reference value :  2.48701e-06
 Reference value :  2.49001e-06
 Reference value :  2.49084e-06
 Reference value :  2.49117e-06
 Reference value :  2.49123e-06
 Reference value :  2.49130e-06
 Reference value :  2.49141e-06
 Reference value :  2.49157e-06
 Reference value :  2.49201e-06
 Reference value :  2.49217e-06
 Reference value :  2.49229e-06
 Reference value :  2.49246e-06
 Reference value :  2.49294e-06
 Reference value :  2.49329e-06
 Reference value :  2.49439e-06
 Reference value :  2.49488e-06
 Reference value :  2.49585e-06
 Reference value :  2.49838e-06
 Reference value :  2.50188e-06
 Reference value :  2.50338e-06
 Reference value :  2.50462e-06
 Reference value :  2.50556e-06
 Reference value :  2.50921e-06
 Reference value :  2.51321e-06
 Reference value :  2.51721e-06
 Reference value :  2.52121e-06
 Reference value :  2.52371e-06
 Reference value :  2.52671e-06
 Reference value :  2.52971e-06
 Reference value :  2.53284e-06
 Reference value :  2.53290e-06
 Reference value :  2.53292e-06
 Reference value :  2.53293e-06
 Reference value :  2.53297e-06
 Reference value :  2.53305e-06
 Reference value :  2.53327e-06
 Reference value :  2.53349e-06
 Reference value :  2.53360e-06
 Reference value :  2.53374e-06
 Reference value :  2.53387e-06
 Reference value :  2.53395e-06
 Reference value :  2.53420e-06
 Reference value :  2.53437e-06
 Reference value :  2.53468e-06
 Reference value :  2.53510e-06
 Reference value :  2.53524e-06
 Reference value :  2.53547e-06
 Reference value :  2.53594e-06
 Reference value :  2.53756e-06
 Reference value :  2.54131e-06
 Reference value :  2.54431e-06
 Reference value :  2.54881e-06
 Reference value :  2.55281e-06
 Reference value :  2.55581e-06
 Reference value :  2.55881e-06
 Reference value :  2.56031e-06
 Reference value :  2.56181e-06
 Reference value :  2.56281e-06
 Reference value :  2.56581e-06
 Reference value :  2.57031e-06
 Reference value :  2.57331e-06
 Reference value :  2.57453e-06
 Reference value :  2.57458e-06
 Reference value :  2.57461e-06
 Reference value :  2.57463e-06
 Reference value :  2.57468e-06
 Reference value :  2.57478e-06
 Reference value :  2.57509e-06
 Reference value :  2.57550e-06
 Reference value :  2.57563e-06
 Reference value :  2.57581e-06
 Reference value :  2.57624e-06
 Reference value :  2.57698e-06
 Reference value :  2.57767e-06
 Reference value :  2.57843e-06
 Reference value :  2.57962e-06
 Reference value :  2.58259e-06
 Reference value :  2.58459e-06
 Reference value :  2.58709e-06
 Reference value :  2.58751e-06
 Reference value :  2.58866e-06
 Reference value :  2.59209e-06
 Reference value :  2.59509e-06
 Reference value :  2.59759e-06
 Reference value :  2.60109e-06
 Reference value :  2.60559e-06
 Reference value :  2.60909e-06
 Reference value :  2.61259e-06
 Reference value :  2.61559e-06
 Reference value :  2.61618e-06
 Reference value :  2.61620e-06
 Reference value :  2.61626e-06
 Reference value :  2.61633e-06
 Reference value :  2.61645e-06
 Reference value :  2.61674e-06
 Reference value :  2.61683e-06
 Reference value :  2.61690e-06
 Reference value :  2.61693e-06
 Reference value :  2.61701e-06
 Reference value :  2.61717e-06
 Reference value :  2.61732e-06
 Reference value :  2.61768e-06
 Reference value :  2.61812e-06
 Reference value :  2.61850e-06
 Reference value :  2.61868e-06
 Reference value :  2.61895e-06
 Reference value :  2.61968e-06
 Reference value :  2.62224e-06
 Reference value :  2.62624e-06
 Reference value :  2.62924e-06
 Reference value :  2.63124e-06
 Reference value :  2.63474e-06
 Reference value :  2.63724e-06
 Reference value :  2.64074e-06
 Reference value :  2.64474e-06
 Reference value :  2.64674e-06
 Reference value :  2.64924e-06
 Reference value :  2.65374e-06
 Reference value :  2.65724e-06
 Reference value :  2.65786e-06
 Reference value :  2.65791e-06
 Reference value :  2.65795e-06
 Reference value :  2.65800e-06
 Reference value :  2.65815e-06
 Reference value :  2.65865e-06
 Reference value :  2.65886e-06
 Reference value :  2.65901e-06
 Reference value :  2.65953e-06
 Reference value :  2.66064e-06
 Reference value :  2.66107e-06
 Reference value :  2.66151e-06
 Reference value :  2.66194e-06
 Reference value :  2.66259e-06
 Reference value :  2.66321e-06
 Reference value :  2.66559e-06
 Reference value :  2.66659e-06
 Reference value :  2.66909e-06
 Reference value :  2.67045e-06
 Reference value :  2.67239e-06
 Reference value :  2.67539e-06
 Reference value :  2.67889e-06
 Reference value :  2.68239e-06
 Reference value :  2.68639e-06
 Reference value :  2.68889e-06
 Reference value :  2.69189e-06
 Reference value :  2.69339e-06
 Reference value :  2.69439e-06
 Reference value :  2.69639e-06
 Reference value :  2.69789e-06
 Reference value :  2.69920e-06
 Reference value :  2.69950e-06
 Reference value :  2.69953e-06
 Reference value :  2.69955e-06
 Reference value :  2.69957e-06
 Reference value :  2.69961e-06
 Reference value :  2.69967e-06
 Reference value :  2.69982e-06
 Reference value :  2.70008e-06
 Reference value :  2.70020e-06
 Reference value :  2.70034e-06
 Reference value :  2.70052e-06
 Reference value :  2.70059e-06
 Reference value :  2.70077e-06
 Reference value :  2.70090e-06
 Reference value :  2.70118e-06
 Reference value :  2.70160e-06
 Reference value :  2.70211e-06
 Reference value :  2.70266e-06
 Reference value :  2.70343e-06
 Reference value :  2.70537e-06
 Reference value :  2.70937e-06
 Reference value :  2.71287e-06
 Reference value :  2.71637e-06
 Reference value :  2.71987e-06
 Reference value :  2.72287e-06
 Reference value :  2.72537e-06
 Reference value :  2.72787e-06
 Reference value :  2.73087e-06
 Reference value :  2.73237e-06
 Reference value :  2.73537e-06
 Reference value :  2.73837e-06
 Reference value :  2.74117e-06
 Reference value :  2.74122e-06
 Reference value :  2.74127e-06
 Reference value :  2.74133e-06
 Reference value :  2.74143e-06
 Reference value :  2.74166e-06
 Reference value :  2.74208e-06
 Reference value :  2.74227e-06
 Reference value :  2.74243e-06
 Reference value :  2.74321e-06
 Reference value :  2.74360e-06
 Reference value :  2.74383e-06
 Reference value :  2.74442e-06
 Reference value :  2.74476e-06
 Reference value :  2.74511e-06
 Reference value :  2.74610e-06
 Reference value :  2.74797e-06
 Reference value :  2.75097e-06
 Reference value :  2.75330e-06
 Reference value :  2.75449e-06
 Reference value :  2.75553e-06
 Reference value :  2.75946e-06
 Reference value :  2.76296e-06
 Reference value :  2.76546e-06
 Reference value :  2.76946e-06
 Reference value :  2.77346e-06
 Reference value :  2.77646e-06
 Reference value :  2.77896e-06
 Reference value :  2.78283e-06
 Reference value :  2.78284e-06
 Reference value :  2.78289e-06
 Reference value :  2.78296e-06
 Reference value :  2.78302e-06
 Reference value :  2.78312e-06
 Reference value :  2.78336e-06
 Reference value :  2.78354e-06
 Reference value :  2.78363e-06
 Reference value :  2.78371e-06
 Reference value :  2.78384e-06
 Reference value :  2.78410e-06
 Reference value :  2.78436e-06
 Reference value :  2.78474e-06
 Reference value :  2.78496e-06
 Reference value :  2.78527e-06
 Reference value :  2.78576e-06
 Reference value :  2.78705e-06
 Reference value :  2.78876e-06
 Reference value :  2.79126e-06
 Reference value :  2.79526e-06
 Reference value :  2.79926e-06
 Reference value :  2.80326e-06
 Reference value :  2.80576e-06
 Reference value :  2.80976e-06
 Reference value :  2.81276e-06
 Reference value :  2.81676e-06
 Reference value :  2.82026e-06
 Reference value :  2.82413e-06
 Reference value :  2.82454e-06
 Reference value :  2.82460e-06
 Reference value :  2.82467e-06
 Reference value :  2.82472e-06
 Reference value :  2.82485e-06
 Reference value :  2.82529e-06
 Reference value :  2.82544e-06
 Reference value :  2.82554e-06
 Reference value :  2.82561e-06
 Reference value :  2.82568e-06
 Reference value :  2.82601e-06
 Reference value :  2.82654e-06
 Reference value :  2.82705e-06
 Reference value :  2.82760e-06
 Reference value :  2.82818e-06
 Reference value :  2.82849e-06
 Reference value :  2.82871e-06
 Reference value :  2.82890e-06
 Reference value :  2.82910e-06
 Reference value :  2.82948e-06
 Reference value :  2.83056e-06
 Reference value :  2.83188e-06
 Reference value :  2.83328e-06
 Reference value :  2.83428e-06
 Reference value :  2.83578e-06
 Reference value :  2.83715e-06
 Reference value :  2.83785e-06
 Reference value :  2.84048e-06
 Reference value :  2.84448e-06
 Reference value :  2.84748e-06
 Reference value :  2.85048e-06
 Reference value :  2.85448e-06
 Reference value :  2.85848e-06
 Reference value :  2.86148e-06
 Reference value :  2.86498e-06
 Reference value :  2.86619e-06
 Reference value :  2.86624e-06
 Reference value :  2.86629e-06
 Reference value :  2.86635e-06
 Reference value :  2.86645e-06
 Reference value :  2.86661e-06
 Reference value :  2.86674e-06
 Reference value :  2.86686e-06
 Reference value :  2.86693e-06
 Reference value :  2.86707e-06
 Reference value :  2.86718e-06
 Reference value :  2.86722e-06
 Reference value :  2.86729e-06
 Reference value :  2.86747e-06
 Reference value :  2.86765e-06
 Reference value :  2.86802e-06
 Reference value :  2.86827e-06
 Reference value :  2.86859e-06
 Reference value :  2.86890e-06
 Reference value :  2.86940e-06
 Reference value :  2.87129e-06
 Reference value :  2.87351e-06
 Reference value :  2.87651e-06
 Reference value :  2.87851e-06
 Reference value :  2.88151e-06
 Reference value :  2.88301e-06
 Reference value :  2.88601e-06
 Reference value :  2.89001e-06
 Reference value :  2.89401e-06
 Reference value :  2.89801e-06
 Reference value :  2.90101e-06
 Reference value :  2.90301e-06
 Reference value :  2.90701e-06
 Reference value :  2.90788e-06
 Reference value :  2.90792e-06
 Reference value :  2.90797e-06
 Reference value :  2.90798e-06
 Reference value :  2.90800e-06
 Reference value :  2.90806e-06
 Reference value :  2.90810e-06
 Reference value :  2.90815e-06
 Reference value :  2.90832e-06
 Reference value :  2.90862e-06
 Reference value :  2.90877e-06
 Reference value :  2.90890e-06
 Reference value :  2.90898e-06
 Reference value :  2.90907e-06
 Reference value :  2.90948e-06
 Reference value :  2.91023e-06
 Reference value :  2.91093e-06
 Reference value :  2.91168e-06
 Reference value :  2.91213e-06
 Reference value :  2.91325e-06
 Reference value :  2.91464e-06
 Reference value :  2.91613e-06
 Reference value :  2.91963e-06
 Reference value :  2.92046e-06
 Reference value :  2.92232e-06
 Reference value :  2.92528e-06
 Reference value :  2.92878e-06
 Reference value :  2.93078e-06
 Reference value :  2.93428e-06
 Reference value :  2.93778e-06
 Reference value :  2.94178e-06
 Reference value :  2.94628e-06
 Reference value :  2.94950e-06
 Reference value :  2.94955e-06
 Reference value :  2.94957e-06
 Reference value :  2.94960e-06
 Reference value :  2.94965e-06
 Reference value :  2.94974e-06
 Reference value :  2.94992e-06
 Reference value :  2.95001e-06
 Reference value :  2.95009e-06
 Reference value :  2.95017e-06
 Reference value :  2.95029e-06
 Reference value :  2.95050e-06
 Reference value :  2.95060e-06
 Reference value :  2.95081e-06
 Reference value :  2.95100e-06
 Reference value :  2.95115e-06
 Reference value :  2.95156e-06
 Reference value :  2.95200e-06
 Reference value :  2.95222e-06
 Reference value :  2.95268e-06
 Reference value :  2.95406e-06
 Reference value :  2.95634e-06
 Reference value :  2.95934e-06
 Reference value :  2.96334e-06
 Reference value :  2.96484e-06
 Reference value :  2.96884e-06
 Reference value :  2.97384e-06
 Reference value :  2.97784e-06
 Reference value :  2.98184e-06
 Reference value :  2.98584e-06
 Reference value :  2.98984e-06
 Reference value :  2.99121e-06
 Reference value :  2.99129e-06
 Reference value :  2.99131e-06
 Reference value :  2.99143e-06
 Reference value :  2.99165e-06
 Reference value :  2.99203e-06
 Reference value :  2.99226e-06
 Reference value :  2.99251e-06
 Reference value :  2.99278e-06
 Reference value :  2.99309e-06
 Reference value :  2.99368e-06
 Reference value :  2.99423e-06
 Reference value :  2.99467e-06
 Reference value :  2.99510e-06
 Reference value :  2.99589e-06
 Reference value :  2.99784e-06
 Reference value :  3.00128e-06
 Reference value :  3.00378e-06
 Reference value :  3.00533e-06
 Reference value :  3.00878e-06
 Reference value :  3.01278e-06
 Reference value :  3.01678e-06
 Reference value :  3.02078e-06
 Reference value :  3.02428e-06
 Reference value :  3.02778e-06
 Reference value :  3.02978e-06
 Reference value :  3.03283e-06
 Reference value :  3.03287e-06
 Reference value :  3.03292e-06
 Reference value :  3.03297e-06
 Reference value :  3.03307e-06
 Reference value :  3.03332e-06
 Reference value :  3.03346e-06
 Reference value :  3.03359e-06
 Reference value :  3.03375e-06
 Reference value :  3.03388e-06
 Reference value :  3.03406e-06
 Reference value :  3.03420e-06
 Reference value :  3.03427e-06
 Reference value :  3.03445e-06
 Reference value :  3.03482e-06
 Reference value :  3.03520e-06
 Reference value :  3.03557e-06
 Reference value :  3.03612e-06
 Reference value :  3.03684e-06
 Reference value :  3.03925e-06
 Reference value :  3.04175e-06
 Reference value :  3.04525e-06
 Reference value :  3.04825e-06
 Reference value :  3.05175e-06
 Reference value :  3.05575e-06
 Reference value :  3.05925e-06
 Reference value :  3.06275e-06
 Reference value :  3.06375e-06
 Reference value :  3.06725e-06
 Reference value :  3.07075e-06
 Reference value :  3.07375e-06
 Reference value :  3.07453e-06
 Reference value :  3.07458e-06
 Reference value :  3.07463e-06
 Reference value :  3.07472e-06
 Reference value :  3.07482e-06
 Reference value :  3.07533e-06
 Reference value :  3.07553e-06
 Reference value :  3.07565e-06
 Reference value :  3.07612e-06
 Reference value :  3.07645e-06
 Reference value :  3.07671e-06
 Reference value :  3.07747e-06
 Reference value :  3.07840e-06
 Reference value :  3.07892e-06
 Reference value :  3.07945e-06
 Reference value :  3.08083e-06
 Reference value :  3.08279e-06
 Reference value :  3.08579e-06
 Reference value :  3.08717e-06
 Reference value :  3.08805e-06
 Reference value :  3.09101e-06
 Reference value :  3.09451e-06
 Reference value :  3.09901e-06
 Reference value :  3.10301e-06
 Reference value :  3.10651e-06
 Reference value :  3.10951e-06
 Reference value :  3.11151e-06
 Reference value :  3.11501e-06
 Reference value :  3.11617e-06
 Reference value :  3.11620e-06
 Reference value :  3.11623e-06
 Reference value :  3.11629e-06
 Reference value :  3.11638e-06
 Reference value :  3.11657e-06
 Reference value :  3.11683e-06
 Reference value :  3.11696e-06
 Reference value :  3.11702e-06
 Reference value :  3.11715e-06
 Reference value :  3.11720e-06
 Reference value :  3.11731e-06
 Reference value :  3.11744e-06
 Reference value :  3.11757e-06
 Reference value :  3.11769e-06
 Reference value :  3.11782e-06
 Reference value :  3.11823e-06
 Reference value :  3.11891e-06
 Reference value :  3.11917e-06
 Reference value :  3.11948e-06
 Reference value :  3.11970e-06
 Reference value :  3.12023e-06
 Reference value :  3.12139e-06
 Reference value :  3.12430e-06
 Reference value :  3.12780e-06
 Reference value :  3.12930e-06
 Reference value :  3.13080e-06
 Reference value :  3.13180e-06
 Reference value :  3.13330e-06
 Reference value :  3.13530e-06
 Reference value :  3.13880e-06
 Reference value :  3.14230e-06
 Reference value :  3.14480e-06
 Reference value :  3.14880e-06
 Reference value :  3.15180e-06
 Reference value :  3.15580e-06
 Reference value :  3.15783e-06
 Reference value :  3.15788e-06
 Reference value :  3.15793e-06
 Reference value :  3.15798e-06
 Reference value :  3.15807e-06
 Reference value :  3.15825e-06
 Reference value :  3.15845e-06
 Reference value :  3.15880e-06
 Reference value :  3.15892e-06
 Reference value :  3.15901e-06
 Reference value :  3.15922e-06
 Reference value :  3.15956e-06
 Reference value :  3.16012e-06
 Reference value :  3.16047e-06
 Reference value :  3.16095e-06
 Reference value :  3.16145e-06
 Reference value :  3.16216e-06
 Reference value :  3.16264e-06
 Reference value :  3.16281e-06
 Reference value :  3.16344e-06
 Reference value :  3.16433e-06
 Reference value :  3.16732e-06
 Reference value :  3.17032e-06
 Reference value :  3.17382e-06
 Reference value :  3.17582e-06
 Reference value :  3.17982e-06
 Reference value :  3.18382e-06
 Reference value :  3.18782e-06
 Reference value :  3.19182e-06
 Reference value :  3.19482e-06
 Reference value :  3.19882e-06
 Reference value :  3.19953e-06
 Reference value :  3.19958e-06
 Reference value :  3.19965e-06
 Reference value :  3.19972e-06
 Reference value :  3.19989e-06
 Reference value :  3.20005e-06
 Reference value :  3.20018e-06
 Reference value :  3.20029e-06
 Reference value :  3.20039e-06
 Reference value :  3.20054e-06
 Reference value :  3.20059e-06
 Reference value :  3.20064e-06
 Reference value :  3.20069e-06
 Reference value :  3.20076e-06
 Reference value :  3.20089e-06
 Reference value :  3.20095e-06
 Reference value :  3.20098e-06
 Reference value :  3.20110e-06
 Reference value :  3.20155e-06
 Reference value :  3.20202e-06
 Reference value :  3.20261e-06
 Reference value :  3.20321e-06
 Reference value :  3.20388e-06
 Reference value :  3.20517e-06
 Reference value :  3.20812e-06
 Reference value :  3.21112e-06
 Reference value :  3.21262e-06
 Reference value :  3.21462e-06
 Reference value :  3.21612e-06
 Reference value :  3.21962e-06
 Reference value :  3.22262e-06
 Reference value :  3.22612e-06
 Reference value :  3.22912e-06
 Reference value :  3.23262e-06
 Reference value :  3.23512e-06
 Reference value :  3.23762e-06
 Reference value :  3.24090e-06
 Reference value :  3.24120e-06
 Reference value :  3.24124e-06
 Reference value :  3.24130e-06
 Reference value :  3.24134e-06
 Reference value :  3.24149e-06
 Reference value :  3.24184e-06
 Reference value :  3.24220e-06
 Reference value :  3.24232e-06
 Reference value :  3.24273e-06
 Reference value :  3.24304e-06
 Reference value :  3.24340e-06
 Reference value :  3.24386e-06
 Reference value :  3.24426e-06
 Reference value :  3.24463e-06
 Reference value :  3.24471e-06
 Reference value :  3.24513e-06
 Reference value :  3.24567e-06
 Reference value :  3.24605e-06
 Reference value :  3.24663e-06
 Reference value :  3.24781e-06
 Reference value :  3.24890e-06
 Reference value :  3.25014e-06
 Reference value :  3.25314e-06
 Reference value :  3.25664e-06
 Reference value :  3.25914e-06
 Reference value :  3.26264e-06
 Reference value :  3.26514e-06
 Reference value :  3.26814e-06
 Reference value :  3.26964e-06
 Reference value :  3.27214e-06
 Reference value :  3.27414e-06
 Reference value :  3.27764e-06
 Reference value :  3.28114e-06
 Reference value :  3.28285e-06
 Reference value :  3.28288e-06
 Reference value :  3.28292e-06
 Reference value :  3.28299e-06
 Reference value :  3.28310e-06
 Reference value :  3.28333e-06
 Reference value :  3.28348e-06
 Reference value :  3.28356e-06
 Reference value :  3.28359e-06
 Reference value :  3.28367e-06
 Reference value :  3.28370e-06
 Reference value :  3.28376e-06
 Reference value :  3.28379e-06
 Reference value :  3.28382e-06
 Reference value :  3.28384e-06
 Reference value :  3.28386e-06
 Reference value :  3.28388e-06
 Reference value :  3.28392e-06
 Reference value :  3.28393e-06
 Reference value :  3.28397e-06
 Reference value :  3.28401e-06
 Reference value :  3.28406e-06
 Reference value :  3.28412e-06
 Reference value :  3.28419e-06
 Reference value :  3.28424e-06
 Reference value :  3.28436e-06
 Reference value :  3.28443e-06
 Reference value :  3.28456e-06
 Reference value :  3.28465e-06
 Reference value :  3.28484e-06
 Reference value :  3.28493e-06
 Reference value :  3.28507e-06
 Reference value :  3.28520e-06
 Reference value :  3.28528e-06
 Reference value :  3.28542e-06
 Reference value :  3.28552e-06
 Reference value :  3.28563e-06
 Reference value :  3.28575e-06
 Reference value :  3.28608e-06
 Reference value :  3.28734e-06
 Reference value :  3.29007e-06
 Reference value :  3.29407e-06
 Reference value :  3.29757e-06
 Reference value :  3.30107e-06
 Reference value :  3.30357e-06
 Reference value :  3.30507e-06
 Reference value :  3.30757e-06
 Reference value :  3.31107e-06
 Reference value :  3.31507e-06
 Reference value :  3.31907e-06
 Reference value :  3.32057e-06
 Reference value :  3.32157e-06
 Reference value :  3.32307e-06
 Reference value :  3.32404e-06
 Reference value :  3.32451e-06
 Reference value :  3.32453e-06
 Reference value :  3.32456e-06
 Reference value :  3.32458e-06
 Reference value :  3.32460e-06
 Reference value :  3.32463e-06
 Reference value :  3.32466e-06
 Reference value :  3.32468e-06
 Reference value :  3.32474e-06
 Reference value :  3.32479e-06
 Reference value :  3.32490e-06
 Reference value :  3.32510e-06
 Reference value :  3.32536e-06
 Reference value :  3.32546e-06
 Reference value :  3.32551e-06
 Reference value :  3.32555e-06
 Reference value :  3.32560e-06
 Reference value :  3.32564e-06
 Reference value :  3.32571e-06
 Reference value :  3.32587e-06
 Reference value :  3.32611e-06
 Reference value :  3.32635e-06
 Reference value :  3.32647e-06
 Reference value :  3.32670e-06
 Reference value :  3.32699e-06
 Reference value :  3.32716e-06
 Reference value :  3.32729e-06
 Reference value :  3.32748e-06
 Reference value :  3.32765e-06
 Reference value :  3.32822e-06
 Reference value :  3.32854e-06
 Reference value :  3.32891e-06
 Reference value :  3.32943e-06
 Reference value :  3.33104e-06
 Reference value :  3.33445e-06
 Reference value :  3.33845e-06
 Reference value :  3.34195e-06
 Reference value :  3.34545e-06
 Reference value :  3.34795e-06
 Reference value :  3.34895e-06
 Reference value :  3.34995e-06
 Reference value :  3.35095e-06
 Reference value :  3.35245e-06
 Reference value :  3.35395e-06
 Reference value :  3.35495e-06
 Reference value :  3.35595e-06
 Reference value :  3.35745e-06
 Reference value :  3.35895e-06
 Reference value :  3.36045e-06
 Reference value :  3.36145e-06
 Reference value :  3.36295e-06
 Reference value :  3.36445e-06
 Reference value :  3.36581e-06
 Reference value :  3.36617e-06
 Reference value :  3.36619e-06
 Reference value :  3.36622e-06
 Reference value :  3.36624e-06
 Reference value :  3.36626e-06
 Reference value :  3.36628e-06
 Reference value :  3.36630e-06
 Reference value :  3.36633e-06
 Reference value :  3.36636e-06
 Reference value :  3.36639e-06
 Reference value :  3.36643e-06
 Reference value :  3.36649e-06
 Reference value :  3.36656e-06
 Reference value :  3.36665e-06
 Reference value :  3.36670e-06
 Reference value :  3.36673e-06
 Reference value :  3.36683e-06
 Reference value :  3.36687e-06
 Reference value :  3.36695e-06
 Reference value :  3.36700e-06
 Reference value :  3.36703e-06
 Reference value :  3.36707e-06
 Reference value :  3.36712e-06
 Reference value :  3.36720e-06
 Reference value :  3.36729e-06
 Reference value :  3.36764e-06
 Reference value :  3.36788e-06
 Reference value :  3.36826e-06
 Reference value :  3.36851e-06
 Reference value :  3.36867e-06
 Reference value :  3.36877e-06
 Reference value :  3.36889e-06
 Reference value :  3.36962e-06
 Reference value :  3.37142e-06
 Reference value :  3.37292e-06
 Reference value :  3.37642e-06
 Reference value :  3.37792e-06
 Reference value :  3.38042e-06
 Reference value :  3.38442e-06
 Reference value :  3.38692e-06
 Reference value :  3.39092e-06
 Reference value :  3.39392e-06
 Reference value :  3.39792e-06
 Reference value :  3.40192e-06
 Reference value :  3.40492e-06
 Reference value :  3.40784e-06
 Reference value :  3.40790e-06
 Reference value :  3.40793e-06
 Reference value :  3.40798e-06
 Reference value :  3.40811e-06
 Reference value :  3.40841e-06
 Reference value :  3.40879e-06
 Reference value :  3.40888e-06
 Reference value :  3.40896e-06
 Reference value :  3.40908e-06
 Reference value :  3.40940e-06
 Reference value :  3.40969e-06
 Reference value :  3.41000e-06
 Reference value :  3.41079e-06
 Reference value :  3.41081e-06
 Reference value :  3.41132e-06
 Reference value :  3.41227e-06
 Reference value :  3.41280e-06
 Reference value :  3.41489e-06
 Reference value :  3.41731e-06
 Reference value :  3.42031e-06
 Reference value :  3.42381e-06
 Reference value :  3.42681e-06
 Reference value :  3.42981e-06
 Reference value :  3.43181e-06
 Reference value :  3.43481e-06
 Reference value :  3.43781e-06
 Reference value :  3.44081e-06
 Reference value :  3.44231e-06
 Reference value :  3.44481e-06
 Reference value :  3.44831e-06
 Reference value :  3.44953e-06
 Reference value :  3.44957e-06
 Reference value :  3.44963e-06
 Reference value :  3.44971e-06
 Reference value :  3.44994e-06
 Reference value :  3.45017e-06
 Reference value :  3.45029e-06
 Reference value :  3.45042e-06
 Reference value :  3.45055e-06
 Reference value :  3.45065e-06
 Reference value :  3.45105e-06
 Reference value :  3.45143e-06
 Reference value :  3.45165e-06
 Reference value :  3.45190e-06
 Reference value :  3.45202e-06
 Reference value :  3.45219e-06
 Reference value :  3.45242e-06
 Reference value :  3.45305e-06
 Reference value :  3.45385e-06
 Reference value :  3.45651e-06
 Reference value :  3.45951e-06
 Reference value :  3.46151e-06
 Reference value :  3.46501e-06
 Reference value :  3.46851e-06
 Reference value :  3.47201e-06
 Reference value :  3.47601e-06
 Reference value :  3.47901e-06
 Reference value :  3.48251e-06
 Reference value :  3.48601e-06
 Reference value :  3.48801e-06
 Reference value :  3.49084e-06
 Reference value :  3.49118e-06
 Reference value :  3.49123e-06
 Reference value :  3.49126e-06
 Reference value :  3.49130e-06
 Reference value :  3.49134e-06
 Reference value :  3.49144e-06
 Reference value :  3.49170e-06
 Reference value :  3.49189e-06
 Reference value :  3.49212e-06
 Reference value :  3.49218e-06
 Reference value :  3.49223e-06
 Reference value :  3.49232e-06
 Reference value :  3.49261e-06
 Reference value :  3.49318e-06
 Reference value :  3.49382e-06
 Reference value :  3.49425e-06
 Reference value :  3.49460e-06
 Reference value :  3.49486e-06
 Reference value :  3.49527e-06
 Reference value :  3.49577e-06
 Reference value :  3.49601e-06
 Reference value :  3.49668e-06
 Reference value :  3.49734e-06
 Reference value :  3.49962e-06
 Reference value :  3.50262e-06
 Reference value :  3.50562e-06
 Reference value :  3.50862e-06
 Reference value :  3.51162e-06
 Reference value :  3.51362e-06
 Reference value :  3.51562e-06
 Reference value :  3.51712e-06
 Reference value :  3.51862e-06
 Reference value :  3.52212e-06
 Reference value :  3.52512e-06
 Reference value :  3.52812e-06
 Reference value :  3.53162e-06
 Reference value :  3.53286e-06
 Reference value :  3.53291e-06
 Reference value :  3.53296e-06
 Reference value :  3.53306e-06
 Reference value :  3.53313e-06
 Reference value :  3.53323e-06
 Reference value :  3.53340e-06
 Reference value :  3.53354e-06
 Reference value :  3.53362e-06
 Reference value :  3.53373e-06
 Reference value :  3.53388e-06
 Reference value :  3.53397e-06
 Reference value :  3.53436e-06
 Reference value :  3.53480e-06
 Reference value :  3.53500e-06
 Reference value :  3.53525e-06
 Reference value :  3.53541e-06
 Reference value :  3.53573e-06
 Reference value :  3.53589e-06
 Reference value :  3.53616e-06
 Reference value :  3.53666e-06
 Reference value :  3.53733e-06
 Reference value :  3.53850e-06
 Reference value :  3.54150e-06
 Reference value :  3.54250e-06
 Reference value :  3.54400e-06
 Reference value :  3.54650e-06
 Reference value :  3.54900e-06
 Reference value :  3.55050e-06
 Reference value :  3.55400e-06
 Reference value :  3.55750e-06
 Reference value :  3.56050e-06
 Reference value :  3.56450e-06
 Reference value :  3.56850e-06
 Reference value :  3.57200e-06
 Reference value :  3.57452e-06
 Reference value :  3.57456e-06
 Reference value :  3.57460e-06
 Reference value :  3.57465e-06
 Reference value :  3.57478e-06
 Reference value :  3.57498e-06
 Reference value :  3.57537e-06
 Reference value :  3.57550e-06
 Reference value :  3.57555e-06
 Reference value :  3.57563e-06
 Reference value :  3.57583e-06
 Reference value :  3.57631e-06
 Reference value :  3.57665e-06
 Reference value :  3.57710e-06
 Reference value :  3.57736e-06
 Reference value :  3.57781e-06
 Reference value :  3.57806e-06
 Reference value :  3.57859e-06
 Reference value :  3.57919e-06
 Reference value :  3.57976e-06
 Reference value :  3.58123e-06
 Reference value :  3.58323e-06
 Reference value :  3.58573e-06
 Reference value :  3.58873e-06
 Reference value :  3.59273e-06
 Reference value :  3.59623e-06
 Reference value :  3.60023e-06
 Reference value :  3.60273e-06
 Reference value :  3.60573e-06
 Reference value :  3.60923e-06
 Reference value :  3.61123e-06
 Reference value :  3.61473e-06
 Reference value :  3.61620e-06
 Reference value :  3.61626e-06
 Reference value :  3.61631e-06
 Reference value :  3.61639e-06
 Reference value :  3.61649e-06
 Reference value :  3.61661e-06
 Reference value :  3.61683e-06
 Reference value :  3.61688e-06
 Reference value :  3.61700e-06
 Reference value :  3.61703e-06
 Reference value :  3.61717e-06
 Reference value :  3.61721e-06
 Reference value :  3.61731e-06
 Reference value :  3.61757e-06
 Reference value :  3.61758e-06
 Reference value :  3.61785e-06
 Reference value :  3.61800e-06
 Reference value :  3.61817e-06
 Reference value :  3.61846e-06
 Reference value :  3.61866e-06
 Reference value :  3.61920e-06
 Reference value :  3.61996e-06
 Reference value :  3.62256e-06
 Reference value :  3.62656e-06
 Reference value :  3.62956e-06
 Reference value :  3.63356e-06
 Reference value :  3.63706e-06
 Reference value :  3.63906e-06
 Reference value :  3.64306e-06
 Reference value :  3.64606e-06
 Reference value :  3.64906e-06
 Reference value :  3.65356e-06
 Reference value :  3.65506e-06
 Reference value :  3.65745e-06
 Reference value :  3.65786e-06
 Reference value :  3.65792e-06
 Reference value :  3.65797e-06
 Reference value :  3.65810e-06
 Reference value :  3.65822e-06
 Reference value :  3.65863e-06
 Reference value :  3.65872e-06
 Reference value :  3.65889e-06
 Reference value :  3.65896e-06
 Reference value :  3.65907e-06
 Reference value :  3.65946e-06
 Reference value :  3.65981e-06
 Reference value :  3.66020e-06
 Reference value :  3.66059e-06
 Reference value :  3.66094e-06
 Reference value :  3.66128e-06
 Reference value :  3.66156e-06
 Reference value :  3.66198e-06
 Reference value :  3.66299e-06
 Reference value :  3.66447e-06
 Reference value :  3.66759e-06
 Reference value :  3.67159e-06
 Reference value :  3.67509e-06
 Reference value :  3.67809e-06
 Reference value :  3.68059e-06
 Reference value :  3.68359e-06
 Reference value :  3.68709e-06
 Reference value :  3.69059e-06
 Reference value :  3.69259e-06
 Reference value :  3.69609e-06
 Reference value :  3.69951e-06
 Reference value :  3.69957e-06
 Reference value :  3.69961e-06
 Reference value :  3.69963e-06
 Reference value :  3.69971e-06
 Reference value :  3.69982e-06
 Reference value :  3.69998e-06
 Reference value :  3.70011e-06
 Reference value :  3.70029e-06
 Reference value :  3.70037e-06
 Reference value :  3.70046e-06
 Reference value :  3.70051e-06
 Reference value :  3.70058e-06
 Reference value :  3.70073e-06
 Reference value :  3.70103e-06
 Reference value :  3.70135e-06
 Reference value :  3.70177e-06
 Reference value :  3.70191e-06
 Reference value :  3.70202e-06
 Reference value :  3.70214e-06
 Reference value :  3.70267e-06
 Reference value :  3.70398e-06
 Reference value :  3.70623e-06
 Reference value :  3.70973e-06
 Reference value :  3.71273e-06
 Reference value :  3.71573e-06
 Reference value :  3.71823e-06
 Reference value :  3.72123e-06
 Reference value :  3.72423e-06
 Reference value :  3.72723e-06
 Reference value :  3.72973e-06
 Reference value :  3.73223e-06
 Reference value :  3.73523e-06
 Reference value :  3.73923e-06
 Reference value :  3.74120e-06
 Reference value :  3.74126e-06
 Reference value :  3.74130e-06
 Reference value :  3.74138e-06
 Reference value :  3.74146e-06
 Reference value :  3.74163e-06
 Reference value :  3.74190e-06
 Reference value :  3.74212e-06
 Reference value :  3.74218e-06
 Reference value :  3.74231e-06
 Reference value :  3.74269e-06
 Reference value :  3.74323e-06
 Reference value :  3.74349e-06
 Reference value :  3.74405e-06
 Reference value :  3.74454e-06
 Reference value :  3.74486e-06
 Reference value :  3.74543e-06
 Reference value :  3.74590e-06
 Reference value :  3.74653e-06
 Reference value :  3.74760e-06
 Reference value :  3.74858e-06
 Reference value :  3.74958e-06
 Reference value :  3.75058e-06
 Reference value :  3.75208e-06
 Reference value :  3.75308e-06
 Reference value :  3.75408e-06
 Reference value :  3.75558e-06
 Reference value :  3.75758e-06
 Reference value :  3.75958e-06
 Reference value :  3.76308e-06
 Reference value :  3.76508e-06
 Reference value :  3.76658e-06
 Reference value :  3.76958e-06
 Reference value :  3.77108e-06
 Reference value :  3.77408e-06
 Reference value :  3.77708e-06
 Reference value :  3.78008e-06
 Reference value :  3.78246e-06
 Reference value :  3.78286e-06
 Reference value :  3.78290e-06
 Reference value :  3.78294e-06
 Reference value :  3.78301e-06
 Reference value :  3.78307e-06
 Reference value :  3.78323e-06
 Reference value :  3.78341e-06
 Reference value :  3.78353e-06
 Reference value :  3.78361e-06
 Reference value :  3.78368e-06
 Reference value :  3.78383e-06
 Reference value :  3.78384e-06
 Reference value :  3.78391e-06
 Reference value :  3.78422e-06
 Reference value :  3.78449e-06
 Reference value :  3.78482e-06
 Reference value :  3.78501e-06
 Reference value :  3.78518e-06
 Reference value :  3.78551e-06
 Reference value :  3.78613e-06
 Reference value :  3.78742e-06
 Reference value :  3.78989e-06
 Reference value :  3.79389e-06
 Reference value :  3.79789e-06
 Reference value :  3.80139e-06
 Reference value :  3.80339e-06
 Reference value :  3.80489e-06
 Reference value :  3.80839e-06
 Reference value :  3.81189e-06
 Reference value :  3.81539e-06
 Reference value :  3.81839e-06
 Reference value :  3.82189e-06
 Reference value :  3.82450e-06
 Reference value :  3.82454e-06
 Reference value :  3.82456e-06
 Reference value :  3.82459e-06
 Reference value :  3.82464e-06
 Reference value :  3.82470e-06
 Reference value :  3.82479e-06
 Reference value :  3.82508e-06
 Reference value :  3.82538e-06
 Reference value :  3.82556e-06
 Reference value :  3.82563e-06
 Reference value :  3.82566e-06
 Reference value :  3.82588e-06
 Reference value :  3.82620e-06
 Reference value :  3.82671e-06
 Reference value :  3.82703e-06
 Reference value :  3.82759e-06
 Reference value :  3.82794e-06
 Reference value :  3.82844e-06
 Reference value :  3.82896e-06
 Reference value :  3.82944e-06
 Reference value :  3.83018e-06
 Reference value :  3.83192e-06
 Reference value :  3.83492e-06
 Reference value :  3.83842e-06
 Reference value :  3.83992e-06
 Reference value :  3.84142e-06
 Reference value :  3.84342e-06
 Reference value :  3.84442e-06
 Reference value :  3.84542e-06
 Reference value :  3.84692e-06
 Reference value :  3.84892e-06
 Reference value :  3.85092e-06
 Reference value :  3.85492e-06
 Reference value :  3.85842e-06
 Reference value :  3.86142e-06
 Reference value :  3.86492e-06
 Reference value :  3.86617e-06
 Reference value :  3.86618e-06
 Reference value :  3.86621e-06
 Reference value :  3.86623e-06
 Reference value :  3.86626e-06
 Reference value :  3.86628e-06
 Reference value :  3.86630e-06
 Reference value :  3.86634e-06
 Reference value :  3.86645e-06
 Reference value :  3.86671e-06
 Reference value :  3.86683e-06
 Reference value :  3.86693e-06
 Reference value :  3.86703e-06
 Reference value :  3.86715e-06
 Reference value :  3.86723e-06
 Reference value :  3.86726e-06
 Reference value :  3.86733e-06
 Reference value :  3.86749e-06
 Reference value :  3.86767e-06
 Reference value :  3.86780e-06
 Reference value :  3.86796e-06
 Reference value :  3.86817e-06
 Reference value :  3.86868e-06
 Reference value :  3.86910e-06
 Reference value :  3.86969e-06
 Reference value :  3.87083e-06
 Reference value :  3.87379e-06
 Reference value :  3.87529e-06
 Reference value :  3.87879e-06
 Reference value :  3.88229e-06
 Reference value :  3.88479e-06
 Reference value :  3.88729e-06
 Reference value :  3.89029e-06
 Reference value :  3.89329e-06
 Reference value :  3.89479e-06
 Reference value :  3.89679e-06
 Reference value :  3.89829e-06
 Reference value :  3.90079e-06
 Reference value :  3.90229e-06
 Reference value :  3.90429e-06
 Reference value :  3.90729e-06
 Reference value :  3.90784e-06
 Reference value :  3.90787e-06
 Reference value :  3.90792e-06
 Reference value :  3.90796e-06
 Reference value :  3.90797e-06
 Reference value :  3.90805e-06
 Reference value :  3.90815e-06
 Reference value :  3.90825e-06
 Reference value :  3.90840e-06
 Reference value :  3.90861e-06
 Reference value :  3.90870e-06
 Reference value :  3.90883e-06
 Reference value :  3.90895e-06
 Reference value :  3.90900e-06
 Reference value :  3.90913e-06
 Reference value :  3.90938e-06
 Reference value :  3.90962e-06
 Reference value :  3.91005e-06
 Reference value :  3.91016e-06
 Reference value :  3.91055e-06
 Reference value :  3.91095e-06
 Reference value :  3.91107e-06
 Reference value :  3.91115e-06
 Reference value :  3.91129e-06
 Reference value :  3.91151e-06
 Reference value :  3.91164e-06
 Reference value :  3.91175e-06
 Reference value :  3.91183e-06
 Reference value :  3.91188e-06
 Reference value :  3.91208e-06
 Reference value :  3.91226e-06
 Reference value :  3.91258e-06
 Reference value :  3.91302e-06
 Reference value :  3.91355e-06
 Reference value :  3.91395e-06
 Reference value :  3.91474e-06
 Reference value :  3.91599e-06
 Reference value :  3.91699e-06
 Reference value :  3.91799e-06
 Reference value :  3.91949e-06
 Reference value :  3.92099e-06
 Reference value :  3.92199e-06
 Reference value :  3.92349e-06
 Reference value :  3.92449e-06
 Reference value :  3.92549e-06
 Reference value :  3.92649e-06
 Reference value :  3.92799e-06
 Reference value :  3.92899e-06
 Reference value :  3.93049e-06
 Reference value :  3.93199e-06
 Reference value :  3.93299e-06
 Reference value :  3.93449e-06
 Reference value :  3.93599e-06
 Reference value :  3.93749e-06
 Reference value :  3.93849e-06
 Reference value :  3.93999e-06
 Reference value :  3.94099e-06
 Reference value :  3.94249e-06
 Reference value :  3.94399e-06
 Reference value :  3.94499e-06
 Reference value :  3.94649e-06
 Reference value :  3.94799e-06
 Reference value :  3.94899e-06
 Reference value :  3.94950e-06
 Reference value :  3.94952e-06
 Reference value :  3.94953e-06
 Reference value :  3.94956e-06
 Reference value :  3.94959e-06
 Reference value :  3.94961e-06
 Reference value :  3.94968e-06
 Reference value :  3.94982e-06
 Reference value :  3.94996e-06
 Reference value :  3.95004e-06
 Reference value :  3.95011e-06
 Reference value :  3.95017e-06
 Reference value :  3.95029e-06
 Reference value :  3.95045e-06
 Reference value :  3.95056e-06
 Reference value :  3.95066e-06
 Reference value :  3.95093e-06
 Reference value :  3.95100e-06
 Reference value :  3.95129e-06
 Reference value :  3.95198e-06
 Reference value :  3.95256e-06
 Reference value :  3.95350e-06
 Reference value :  3.95407e-06
 Reference value :  3.95627e-06
 Reference value :  3.96027e-06
 Reference value :  3.96277e-06
 Reference value :  3.96577e-06
 Reference value :  3.96727e-06
 Reference value :  3.97077e-06
 Reference value :  3.97477e-06
 Reference value :  3.97677e-06
 Reference value :  3.97877e-06
 Reference value :  3.98227e-06
 Reference value :  3.98477e-06
 Reference value :  3.98677e-06
 Reference value :  3.99072e-06
 Reference value :  3.99120e-06
 Reference value :  3.99125e-06
 Reference value :  3.99128e-06
 Reference value :  3.99131e-06
 Reference value :  3.99137e-06
 Reference value :  3.99146e-06
 Reference value :  3.99156e-06
 Reference value :  3.99181e-06
 Reference value :  3.99194e-06
 Reference value :  3.99203e-06
 Reference value :  3.99224e-06
 Reference value :  3.99232e-06
 Reference value :  3.99255e-06
 Reference value :  3.99274e-06
 Reference value :  3.99290e-06
 Reference value :  3.99320e-06
 Reference value :  3.99355e-06
 Reference value :  3.99417e-06
 Reference value :  3.99483e-06
 Reference value :  3.99522e-06
 Reference value :  3.99560e-06
 Reference value :  3.99602e-06
 Reference value :  3.99635e-06
 Reference value :  3.99693e-06
 Reference value :  3.99725e-06
 Reference value :  3.99770e-06
 Reference value :  4.00135e-06
 Reference value :  4.00485e-06
 Reference value :  4.00735e-06
 Reference value :  4.01035e-06
 Reference value :  4.01185e-06
 Reference value :  4.01485e-06
 Reference value :  4.01685e-06
 Reference value :  4.01935e-06
 Reference value :  4.02185e-06
 Reference value :  4.02485e-06
 Reference value :  4.02785e-06
 Reference value :  4.03085e-06
 Reference value :  4.03283e-06
 Reference value :  4.03287e-06
 Reference value :  4.03292e-06
 Reference value :  4.03293e-06
 Reference value :  4.03296e-06
 Reference value :  4.03300e-06
 Reference value :  4.03307e-06
 Reference value :  4.03323e-06
 Reference value :  4.03336e-06
 Reference value :  4.03349e-06
 Reference value :  4.03359e-06
 Reference value :  4.03362e-06
 Reference value :  4.03366e-06
 Reference value :  4.03369e-06
 Reference value :  4.03378e-06
 Reference value :  4.03382e-06
 Reference value :  4.03384e-06
 Reference value :  4.03398e-06
 Reference value :  4.03431e-06
 Reference value :  4.03451e-06
 Reference value :  4.03471e-06
 Reference value :  4.03496e-06
 Reference value :  4.03516e-06
 Reference value :  4.03569e-06
 Reference value :  4.03636e-06
 Reference value :  4.03734e-06
 Reference value :  4.03994e-06
 Reference value :  4.04194e-06
 Reference value :  4.04394e-06
 Reference value :  4.04544e-06
 Reference value :  4.04644e-06
 Reference value :  4.04794e-06
 Reference value :  4.04994e-06
 Reference value :  4.05144e-06
 Reference value :  4.05294e-06
 Reference value :  4.05394e-06
 Reference value :  4.05544e-06
 Reference value :  4.05744e-06
 Reference value :  4.05994e-06
 Reference value :  4.06344e-06
 Reference value :  4.06594e-06
 Reference value :  4.06894e-06
 Reference value :  4.07144e-06
 Reference value :  4.07344e-06
 Reference value :  4.07452e-06
 Reference value :  4.07456e-06
 Reference value :  4.07459e-06
 Reference value :  4.07461e-06
 Reference value :  4.07466e-06
 Reference value :  4.07474e-06
 Reference value :  4.07485e-06
 Reference value :  4.07515e-06
 Reference value :  4.07540e-06
 Reference value :  4.07555e-06
 Reference value :  4.07563e-06
 Reference value :  4.07565e-06
 Reference value :  4.07584e-06
 Reference value :  4.07613e-06
 Reference value :  4.07628e-06
 Reference value :  4.07653e-06
 Reference value :  4.07672e-06
 Reference value :  4.07697e-06
 Reference value :  4.07717e-06
 Reference value :  4.07751e-06
 Reference value :  4.07776e-06
 Reference value :  4.07796e-06
 Reference value :  4.07840e-06
 Reference value :  4.07882e-06
 Reference value :  4.07930e-06
 Reference value :  4.07984e-06
 Reference value :  4.08084e-06
 Reference value :  4.08248e-06
 Reference value :  4.08326e-06
 Reference value :  4.08470e-06
 Reference value :  4.08670e-06
 Reference value :  4.08820e-06
 Reference value :  4.09120e-06
 Reference value :  4.09420e-06
 Reference value :  4.09670e-06
 Reference value :  4.09870e-06
 Reference value :  4.10220e-06
 Reference value :  4.10520e-06
 Reference value :  4.10870e-06
 Reference value :  4.11020e-06
 Reference value :  4.11270e-06
 Reference value :  4.11617e-06
 Reference value :  4.11620e-06
 Reference value :  4.11623e-06
 Reference value :  4.11625e-06
 Reference value :  4.11627e-06
 Reference value :  4.11631e-06
 Reference value :  4.11639e-06
 Reference value :  4.11646e-06
 Reference value :  4.11661e-06
 Reference value :  4.11674e-06
 Reference value :  4.11687e-06
 Reference value :  4.11696e-06
 Reference value :  4.11702e-06
 Reference value :  4.11717e-06
 Reference value :  4.11724e-06
 Reference value :  4.11733e-06
 Reference value :  4.11745e-06
 Reference value :  4.11750e-06
 Reference value :  4.11758e-06
 Reference value :  4.11765e-06
 Reference value :  4.11767e-06
 Reference value :  4.11773e-06
 Reference value :  4.11782e-06
 Reference value :  4.11803e-06
 Reference value :  4.11818e-06
 Reference value :  4.11839e-06
 Reference value :  4.11866e-06
 Reference value :  4.11881e-06
 Reference value :  4.11890e-06
 Reference value :  4.11894e-06
 Reference value :  4.11901e-06
 Reference value :  4.11926e-06
 Reference value :  4.11958e-06
 Reference value :  4.12012e-06
 Reference value :  4.12083e-06
 Reference value :  4.12179e-06
 Reference value :  4.12285e-06
 Reference value :  4.12421e-06
 Reference value :  4.12671e-06
 Reference value :  4.13021e-06
 Reference value :  4.13421e-06
 Reference value :  4.13671e-06
 Reference value :  4.13971e-06
 Reference value :  4.14371e-06
 Reference value :  4.14521e-06
 Reference value :  4.14671e-06
 Reference value :  4.14821e-06
 Reference value :  4.14971e-06
 Reference value :  4.15121e-06
 Reference value :  4.15271e-06
 Reference value :  4.15471e-06
 Reference value :  4.15721e-06
 Reference value :  4.15786e-06
 Reference value :  4.15790e-06
 Reference value :  4.15798e-06
 Reference value :  4.15805e-06
 Reference value :  4.15817e-06
 Reference value :  4.15824e-06
 Reference value :  4.15869e-06
 Reference value :  4.15884e-06
 Reference value :  4.15893e-06
 Reference value :  4.15898e-06
 Reference value :  4.15912e-06
 Reference value :  4.15949e-06
 Reference value :  4.15962e-06
 Reference value :  4.15985e-06
 Reference value :  4.16030e-06
 Reference value :  4.16128e-06
 Reference value :  4.16182e-06
 Reference value :  4.16213e-06
 Reference value :  4.16280e-06
 Reference value :  4.16420e-06
 Reference value :  4.16654e-06
 Reference value :  4.16854e-06
 Reference value :  4.17104e-06
 Reference value :  4.17404e-06
 Reference value :  4.17604e-06
 Reference value :  4.17704e-06
 Reference value :  4.17804e-06
 Reference value :  4.18054e-06
 Reference value :  4.18304e-06
 Reference value :  4.18554e-06
 Reference value :  4.18704e-06
 Reference value :  4.18954e-06
 Reference value :  4.19254e-06
 Reference value :  4.19504e-06
 Reference value :  4.19704e-06
 Reference value :  4.19854e-06
 Reference value :  4.19952e-06
 Reference value :  4.19957e-06
 Reference value :  4.19964e-06
 Reference value :  4.19970e-06
 Reference value :  4.19979e-06
 Reference value :  4.19994e-06
 Reference value :  4.20018e-06
 Reference value :  4.20029e-06
 Reference value :  4.20039e-06
 Reference value :  4.20046e-06
 Reference value :  4.20055e-06
 Reference value :  4.20058e-06
 Reference value :  4.20063e-06
 Reference value :  4.20068e-06
 Reference value :  4.20074e-06
 Reference value :  4.20085e-06
 Reference value :  4.20093e-06
 Reference value :  4.20098e-06
 Reference value :  4.20108e-06
 Reference value :  4.20115e-06
 Reference value :  4.20127e-06
 Reference value :  4.20175e-06
 Reference value :  4.20262e-06
 Reference value :  4.20274e-06
 Reference value :  4.20296e-06
 Reference value :  4.20318e-06
 Reference value :  4.20341e-06
 Reference value :  4.20374e-06
 Reference value :  4.20411e-06
 Reference value :  4.20453e-06
 Reference value :  4.20531e-06
 Reference value :  4.20597e-06
 Reference value :  4.20742e-06
 Reference value :  4.20842e-06
 Reference value :  4.20992e-06
 Reference value :  4.21192e-06
 Reference value :  4.21292e-06
 Reference value :  4.21392e-06
 Reference value :  4.21542e-06
 Reference value :  4.21692e-06
 Reference value :  4.21792e-06
 Reference value :  4.21892e-06
 Reference value :  4.21992e-06
 Reference value :  4.22092e-06
 Reference value :  4.22292e-06
 Reference value :  4.22392e-06
 Reference value :  4.22542e-06
 Reference value :  4.22792e-06
 Reference value :  4.22892e-06
 Reference value :  4.22992e-06
 Reference value :  4.23142e-06
 Reference value :  4.23292e-06
 Reference value :  4.23442e-06
 Reference value :  4.23592e-06
 Reference value :  4.23692e-06
 Reference value :  4.23842e-06
 Reference value :  4.23942e-06
 Reference value :  4.24079e-06
 Reference value :  4.24117e-06
 Reference value :  4.24120e-06
 Reference value :  4.24121e-06
 Reference value :  4.24123e-06
 Reference value :  4.24125e-06
 Reference value :  4.24127e-06
 Reference value :  4.24129e-06
 Reference value :  4.24134e-06
 Reference value :  4.24139e-06
 Reference value :  4.24143e-06
 Reference value :  4.24156e-06
 Reference value :  4.24176e-06
 Reference value :  4.24201e-06
 Reference value :  4.24209e-06
 Reference value :  4.24218e-06
 Reference value :  4.24224e-06
 Reference value :  4.24230e-06
 Reference value :  4.24234e-06
 Reference value :  4.24242e-06
 Reference value :  4.24257e-06
 Reference value :  4.24272e-06
 Reference value :  4.24314e-06
 Reference value :  4.24359e-06
 Reference value :  4.24432e-06
 Reference value :  4.24488e-06
 Reference value :  4.24577e-06
 Reference value :  4.24689e-06
 Reference value :  4.24794e-06
 Reference value :  4.25040e-06
 Reference value :  4.25190e-06
 Reference value :  4.25390e-06
 Reference value :  4.25740e-06
 Reference value :  4.25940e-06
 Reference value :  4.26040e-06
 Reference value :  4.26190e-06
 Reference value :  4.26440e-06
 Reference value :  4.26790e-06
 Reference value :  4.27040e-06
 Reference value :  4.27290e-06
 Reference value :  4.27690e-06
 Reference value :  4.28040e-06
 Reference value :  4.28140e-06
 Reference value :  4.28283e-06
 Reference value :  4.28287e-06
 Reference value :  4.28290e-06
 Reference value :  4.28291e-06
 Reference value :  4.28293e-06
 Reference value :  4.28296e-06
 Reference value :  4.28299e-06
 Reference value :  4.28306e-06
 Reference value :  4.28319e-06
 Reference value :  4.28333e-06
 Reference value :  4.28340e-06
 Reference value :  4.28349e-06
 Reference value :  4.28354e-06
 Reference value :  4.28361e-06
 Reference value :  4.28370e-06
 Reference value :  4.28388e-06
 Reference value :  4.28395e-06
 Reference value :  4.28396e-06
 Reference value :  4.28399e-06
 Reference value :  4.28410e-06
 Reference value :  4.28415e-06
 Reference value :  4.28416e-06
 Reference value :  4.28419e-06
 Reference value :  4.28422e-06
 Reference value :  4.28424e-06
 Reference value :  4.28427e-06
 Reference value :  4.28429e-06
 Reference value :  4.28432e-06
 Reference value :  4.28435e-06
 Reference value :  4.28439e-06
 Reference value :  4.28443e-06
 Reference value :  4.28446e-06
 Reference value :  4.28450e-06
 Reference value :  4.28468e-06
 Reference value :  4.28502e-06
 Reference value :  4.28523e-06
 Reference value :  4.28573e-06
 Reference value :  4.28622e-06
 Reference value :  4.28650e-06
 Reference value :  4.28680e-06
 Reference value :  4.28725e-06
 Reference value :  4.28806e-06
 Reference value :  4.28953e-06
 Reference value :  4.29203e-06
 Reference value :  4.29453e-06
 Reference value :  4.29753e-06
 Reference value :  4.30003e-06
 Reference value :  4.30403e-06
 Reference value :  4.30753e-06
 Reference value :  4.31103e-06
 Reference value :  4.31403e-06
 Reference value :  4.31753e-06
 Reference value :  4.32153e-06
 Reference value :  4.32451e-06
 Reference value :  4.32456e-06
 Reference value :  4.32461e-06
 Reference value :  4.32467e-06
 Reference value :  4.32478e-06
 Reference value :  4.32489e-06
 Reference value :  4.32534e-06
 Reference value :  4.32553e-06
 Reference value :  4.32566e-06
 Reference value :  4.32606e-06
 Reference value :  4.32625e-06
 Reference value :  4.32651e-06
 Reference value :  4.32680e-06
 Reference value :  4.32703e-06
 Reference value :  4.32722e-06
 Reference value :  4.32752e-06
 Reference value :  4.32778e-06
 Reference value :  4.32786e-06
 Reference value :  4.32801e-06
 Reference value :  4.32823e-06
 Reference value :  4.32903e-06
 Reference value :  4.33082e-06
 Reference value :  4.33399e-06
 Reference value :  4.33649e-06
 Reference value :  4.33738e-06
 Reference value :  4.33782e-06
 Reference value :  4.33808e-06
 Reference value :  4.33873e-06
 Reference value :  4.33926e-06
 Reference value :  4.33988e-06
 Reference value :  4.34160e-06
 Reference value :  4.34551e-06
 Reference value :  4.34801e-06
 Reference value :  4.35051e-06
 Reference value :  4.35201e-06
 Reference value :  4.35401e-06
 Reference value :  4.35751e-06
 Reference value :  4.36051e-06
 Reference value :  4.36451e-06
 Reference value :  4.36617e-06
 Reference value :  4.36619e-06
 Reference value :  4.36624e-06
 Reference value :  4.36629e-06
 Reference value :  4.36635e-06
 Reference value :  4.36652e-06
 Reference value :  4.36670e-06
 Reference value :  4.36682e-06
 Reference value :  4.36691e-06
 Reference value :  4.36698e-06
 Reference value :  4.36711e-06
 Reference value :  4.36718e-06
 Reference value :  4.36721e-06
 Reference value :  4.36726e-06
 Reference value :  4.36732e-06
 Reference value :  4.36743e-06
 Reference value :  4.36767e-06
 Reference value :  4.36776e-06
 Reference value :  4.36792e-06
 Reference value :  4.36808e-06
 Reference value :  4.36829e-06
 Reference value :  4.36854e-06
 Reference value :  4.36876e-06
 Reference value :  4.36884e-06
 Reference value :  4.36907e-06
 Reference value :  4.36924e-06
 Reference value :  4.36946e-06
 Reference value :  4.36965e-06
 Reference value :  4.36990e-06
 Reference value :  4.37015e-06
 Reference value :  4.37041e-06
 Reference value :  4.37101e-06
 Reference value :  4.37169e-06
 Reference value :  4.37211e-06
 Reference value :  4.37355e-06
 Reference value :  4.37455e-06
 Reference value :  4.37605e-06
 Reference value :  4.37755e-06
 Reference value :  4.37905e-06
 Reference value :  4.38005e-06
 Reference value :  4.38105e-06
 Reference value :  4.38255e-06
 Reference value :  4.38405e-06
 Reference value :  4.38505e-06
 Reference value :  4.38605e-06
 Reference value :  4.38755e-06
 Reference value :  4.38905e-06
 Reference value :  4.39005e-06
 Reference value :  4.39105e-06
 Reference value :  4.39205e-06
 Reference value :  4.39355e-06
 Reference value :  4.39455e-06
 Reference value :  4.39605e-06
 Reference value :  4.39755e-06
 Reference value :  4.39905e-06
 Reference value :  4.40005e-06
 Reference value :  4.40155e-06
 Reference value :  4.40255e-06
 Reference value :  4.40355e-06
 Reference value :  4.40505e-06
 Reference value :  4.40655e-06
 Reference value :  4.40744e-06
 Reference value :  4.40784e-06
 Reference value :  4.40786e-06
 Reference value :  4.40789e-06
 Reference value :  4.40790e-06
 Reference value :  4.40793e-06
 Reference value :  4.40794e-06
 Reference value :  4.40796e-06
 Reference value :  4.40797e-06
 Reference value :  4.40800e-06
 Reference value :  4.40803e-06
 Reference value :  4.40805e-06
 Reference value :  4.40810e-06
 Reference value :  4.40815e-06
 Reference value :  4.40822e-06
 Reference value :  4.40842e-06
 Reference value :  4.40867e-06
 Reference value :  4.40875e-06
 Reference value :  4.40884e-06
 Reference value :  4.40891e-06
 Reference value :  4.40894e-06
 Reference value :  4.40899e-06
 Reference value :  4.40910e-06
 Reference value :  4.40927e-06
 Reference value :  4.40948e-06
 Reference value :  4.40969e-06
 Reference value :  4.40981e-06
 Reference value :  4.41029e-06
 Reference value :  4.41058e-06
 Reference value :  4.41106e-06
 Reference value :  4.41135e-06
 Reference value :  4.41146e-06
 Reference value :  4.41157e-06
 Reference value :  4.41168e-06
 Reference value :  4.41191e-06
 Reference value :  4.41253e-06
 Reference value :  4.41348e-06
 Reference value :  4.41466e-06
 Reference value :  4.41766e-06
 Reference value :  4.41866e-06
 Reference value :  4.41962e-06
 Reference value :  4.41986e-06
 Reference value :  4.42036e-06
 Reference value :  4.42231e-06
 Reference value :  4.42381e-06
 Reference value :  4.42481e-06
 Reference value :  4.42631e-06
 Reference value :  4.42831e-06
 Reference value :  4.42981e-06
 Reference value :  4.43181e-06
 Reference value :  4.43431e-06
 Reference value :  4.43881e-06
 Reference value :  4.44081e-06
 Reference value :  4.44281e-06
 Reference value :  4.44431e-06
 Reference value :  4.44581e-06
 Reference value :  4.44731e-06
 Reference value :  4.44915e-06
 Reference value :  4.44953e-06
 Reference value :  4.44955e-06
 Reference value :  4.44956e-06
 Reference value :  4.44959e-06
 Reference value :  4.44961e-06
 Reference value :  4.44963e-06
 Reference value :  4.44967e-06
 Reference value :  4.44972e-06
 Reference value :  4.44982e-06
 Reference value :  4.45003e-06
 Reference value :  4.45007e-06
 Reference value :  4.45017e-06
 Reference value :  4.45030e-06
 Reference value :  4.45038e-06
 Reference value :  4.45046e-06
 Reference value :  4.45049e-06
 Reference value :  4.45050e-06
 Reference value :  4.45054e-06
 Reference value :  4.45074e-06
 Reference value :  4.45100e-06
 Reference value :  4.45117e-06
 Reference value :  4.45153e-06
 Reference value :  4.45177e-06
 Reference value :  4.45205e-06
 Reference value :  4.45215e-06
 Reference value :  4.45232e-06
 Reference value :  4.45276e-06
 Reference value :  4.45311e-06
 Reference value :  4.45336e-06
 Reference value :  4.45357e-06
 Reference value :  4.45426e-06
 Reference value :  4.45595e-06
 Reference value :  4.45790e-06
 Reference value :  4.45940e-06
 Reference value :  4.46090e-06
 Reference value :  4.46290e-06
 Reference value :  4.46640e-06
 Reference value :  4.46890e-06
 Reference value :  4.47140e-06
 Reference value :  4.47340e-06
 Reference value :  4.47440e-06
 Reference value :  4.47640e-06
 Reference value :  4.47790e-06
 Reference value :  4.47940e-06
 Reference value :  4.48090e-06
 Reference value :  4.48240e-06
 Reference value :  4.48390e-06
 Reference value :  4.48540e-06
 Reference value :  4.48640e-06
 Reference value :  4.48740e-06
 Reference value :  4.48840e-06
 Reference value :  4.48990e-06
 Reference value :  4.49117e-06
 Reference value :  4.49118e-06
 Reference value :  4.49120e-06
 Reference value :  4.49122e-06
 Reference value :  4.49124e-06
 Reference value :  4.49126e-06
 Reference value :  4.49128e-06
 Reference value :  4.49130e-06
 Reference value :  4.49135e-06
 Reference value :  4.49139e-06
 Reference value :  4.49143e-06
 Reference value :  4.49148e-06
 Reference value :  4.49155e-06
 Reference value :  4.49166e-06
 Reference value :  4.49182e-06
 Reference value :  4.49196e-06
 Reference value :  4.49205e-06
 Reference value :  4.49217e-06
 Reference value :  4.49223e-06
 Reference value :  4.49227e-06
 Reference value :  4.49230e-06
 Reference value :  4.49235e-06
 Reference value :  4.49242e-06
 Reference value :  4.49266e-06
 Reference value :  4.49279e-06
 Reference value :  4.49289e-06
 Reference value :  4.49309e-06
 Reference value :  4.49335e-06
 Reference value :  4.49365e-06
 Reference value :  4.49380e-06
 Reference value :  4.49426e-06
 Reference value :  4.49441e-06
 Reference value :  4.49475e-06
 Reference value :  4.49510e-06
 Reference value :  4.49563e-06
 Reference value :  4.49628e-06
 Reference value :  4.49691e-06
 Reference value :  4.49838e-06
 Reference value :  4.50038e-06
 Reference value :  4.50188e-06
 Reference value :  4.50288e-06
 Reference value :  4.50338e-06
 Reference value :  4.50378e-06
 Reference value :  4.50427e-06
 Reference value :  4.50437e-06
 Reference value :  4.50444e-06
 Reference value :  4.50460e-06
 Reference value :  4.50478e-06
 Reference value :  4.50514e-06
 Reference value :  4.50538e-06
 Reference value :  4.50578e-06
 Reference value :  4.50640e-06
 Reference value :  4.50716e-06
 Reference value :  4.50778e-06
 Reference value :  4.50856e-06
 Reference value :  4.50956e-06
 Reference value :  4.51056e-06
 Reference value :  4.51156e-06
 Reference value :  4.51306e-06
 Reference value :  4.51456e-06
 Reference value :  4.51606e-06
 Reference value :  4.51706e-06
 Reference value :  4.51856e-06
 Reference value :  4.52006e-06
 Reference value :  4.52156e-06
 Reference value :  4.52256e-06
 Reference value :  4.52406e-06
 Reference value :  4.52556e-06
 Reference value :  4.52656e-06
 Reference value :  4.52756e-06
 Reference value :  4.52906e-06
 Reference value :  4.53056e-06
 Reference value :  4.53206e-06
 Reference value :  4.53283e-06
 Reference value :  4.53285e-06
 Reference value :  4.53288e-06
 Reference value :  4.53290e-06
 Reference value :  4.53293e-06
 Reference value :  4.53294e-06
 Reference value :  4.53297e-06
 Reference value :  4.53301e-06
 Reference value :  4.53305e-06
 Reference value :  4.53312e-06
 Reference value :  4.53318e-06
 Reference value :  4.53327e-06
 Reference value :  4.53338e-06
 Reference value :  4.53343e-06
 Reference value :  4.53350e-06
 Reference value :  4.53356e-06
 Reference value :  4.53359e-06
 Reference value :  4.53369e-06
 Reference value :  4.53380e-06
 Reference value :  4.53387e-06
 Reference value :  4.53394e-06
 Reference value :  4.53397e-06
 Reference value :  4.53431e-06
 Reference value :  4.53449e-06
 Reference value :  4.53483e-06
 Reference value :  4.53503e-06
 Reference value :  4.53525e-06
 Reference value :  4.53557e-06
 Reference value :  4.53576e-06
 Reference value :  4.53628e-06
 Reference value :  4.53758e-06
 Reference value :  4.53963e-06
 Reference value :  4.54113e-06
 Reference value :  4.54413e-06
 Reference value :  4.54763e-06
 Reference value :  4.55113e-06
 Reference value :  4.55413e-06
 Reference value :  4.55813e-06
 Reference value :  4.56113e-06
 Reference value :  4.56313e-06
 Reference value :  4.56663e-06
 Reference value :  4.56963e-06
 Reference value :  4.57213e-06
 Reference value :  4.57407e-06
 Reference value :  4.57452e-06
 Reference value :  4.57457e-06
 Reference value :  4.57463e-06
 Reference value :  4.57465e-06
 Reference value :  4.57472e-06
 Reference value :  4.57489e-06
 Reference value :  4.57518e-06
 Reference value :  4.57542e-06
 Reference value :  4.57560e-06
 Reference value :  4.57571e-06
 Reference value :  4.57605e-06
 Reference value :  4.57653e-06
 Reference value :  4.57740e-06
 Reference value :  4.57787e-06
 Reference value :  4.57820e-06
 Reference value :  4.57884e-06
 Reference value :  4.58030e-06
 Reference value :  4.58258e-06
 Reference value :  4.58608e-06
 Reference value :  4.58658e-06
 Reference value :  4.58691e-06
 Reference value :  4.58755e-06
 Reference value :  4.58799e-06
 Reference value :  4.58828e-06
 Reference value :  4.58884e-06
 Reference value :  4.58919e-06
 Reference value :  4.59074e-06
 Reference value :  4.59322e-06
 Reference value :  4.59722e-06
 Reference value :  4.60072e-06
 Reference value :  4.60422e-06
 Reference value :  4.60622e-06
 Reference value :  4.60822e-06
 Reference value :  4.60972e-06
 Reference value :  4.61272e-06
 Reference value :  4.61617e-06
 Reference value :  4.61620e-06
 Reference value :  4.61624e-06
 Reference value :  4.61629e-06
 Reference value :  4.61632e-06
 Reference value :  4.61638e-06
 Reference value :  4.61657e-06
 Reference value :  4.61674e-06
 Reference value :  4.61688e-06
 Reference value :  4.61696e-06
 Reference value :  4.61704e-06
 Reference value :  4.61713e-06
 Reference value :  4.61720e-06
 Reference value :  4.61726e-06
 Reference value :  4.61737e-06
 Reference value :  4.61766e-06
 Reference value :  4.61775e-06
 Reference value :  4.61792e-06
 Reference value :  4.61812e-06
 Reference value :  4.61829e-06
 Reference value :  4.61851e-06
 Reference value :  4.61864e-06
 Reference value :  4.61887e-06
 Reference value :  4.61910e-06
 Reference value :  4.61930e-06
 Reference value :  4.61977e-06
 Reference value :  4.62077e-06
 Reference value :  4.62270e-06
 Reference value :  4.62520e-06
 Reference value :  4.62820e-06
 Reference value :  4.63020e-06
 Reference value :  4.63270e-06
 Reference value :  4.63520e-06
 Reference value :  4.63770e-06
 Reference value :  4.63970e-06
 Reference value :  4.64170e-06
 Reference value :  4.64370e-06
 Reference value :  4.64520e-06
 Reference value :  4.64770e-06
 Reference value :  4.65070e-06
 Reference value :  4.65320e-06
 Reference value :  4.65570e-06
 Reference value :  4.65752e-06
 Reference value :  4.65784e-06
 Reference value :  4.65786e-06
 Reference value :  4.65788e-06
 Reference value :  4.65790e-06
 Reference value :  4.65792e-06
 Reference value :  4.65794e-06
 Reference value :  4.65796e-06
 Reference value :  4.65797e-06
 Reference value :  4.65800e-06
 Reference value :  4.65803e-06
 Reference value :  4.65809e-06
 Reference value :  4.65822e-06
 Reference value :  4.65865e-06
 Reference value :  4.65890e-06
 Reference value :  4.65895e-06
 Reference value :  4.65904e-06
 Reference value :  4.65933e-06
 Reference value :  4.65960e-06
 Reference value :  4.65984e-06
 Reference value :  4.66038e-06
 Reference value :  4.66098e-06
 Reference value :  4.66154e-06
 Reference value :  4.66186e-06
 Reference value :  4.66250e-06
 Reference value :  4.66282e-06
 Reference value :  4.66430e-06
 Reference value :  4.66580e-06
 Reference value :  4.66730e-06
 Reference value :  4.66922e-06
 Reference value :  4.67000e-06
 Reference value :  4.67042e-06
 Reference value :  4.67062e-06
 Reference value :  4.67083e-06
 Reference value :  4.67143e-06
 Reference value :  4.67202e-06
 Reference value :  4.67399e-06
 Reference value :  4.67749e-06
 Reference value :  4.67999e-06
 Reference value :  4.68249e-06
 Reference value :  4.68549e-06
 Reference value :  4.68849e-06
 Reference value :  4.69199e-06
 Reference value :  4.69349e-06
 Reference value :  4.69549e-06
 Reference value :  4.69699e-06
 Reference value :  4.69950e-06
 Reference value :  4.69952e-06
 Reference value :  4.69955e-06
 Reference value :  4.69956e-06
 Reference value :  4.69959e-06
 Reference value :  4.69963e-06
 Reference value :  4.69968e-06
 Reference value :  4.69982e-06
 Reference value :  4.69993e-06
 Reference value :  4.70003e-06
 Reference value :  4.70007e-06
 Reference value :  4.70027e-06
 Reference value :  4.70030e-06
 Reference value :  4.70034e-06
 Reference value :  4.70038e-06
 Reference value :  4.70046e-06
 Reference value :  4.70050e-06
 Reference value :  4.70053e-06
 Reference value :  4.70057e-06
 Reference value :  4.70061e-06
 Reference value :  4.70068e-06
 Reference value :  4.70080e-06
 Reference value :  4.70095e-06
 Reference value :  4.70104e-06
 Reference value :  4.70112e-06
 Reference value :  4.70128e-06
 Reference value :  4.70136e-06
 Reference value :  4.70153e-06
 Reference value :  4.70169e-06
 Reference value :  4.70180e-06
 Reference value :  4.70189e-06
 Reference value :  4.70194e-06
 Reference value :  4.70202e-06
 Reference value :  4.70213e-06
 Reference value :  4.70223e-06
 Reference value :  4.70238e-06
 Reference value :  4.70261e-06
 Reference value :  4.70286e-06
 Reference value :  4.70327e-06
 Reference value :  4.70359e-06
 Reference value :  4.70418e-06
 Reference value :  4.70518e-06
 Reference value :  4.70668e-06
 Reference value :  4.70768e-06
 Reference value :  4.70868e-06
 Reference value :  4.71018e-06
 Reference value :  4.71168e-06
 Reference value :  4.71318e-06
 Reference value :  4.71418e-06
 Reference value :  4.71518e-06
 Reference value :  4.71618e-06
 Reference value :  4.71768e-06
 Reference value :  4.71868e-06
 Reference value :  4.71968e-06
 Reference value :  4.72118e-06
 Reference value :  4.72218e-06
 Reference value :  4.72318e-06
 Reference value :  4.72468e-06
 Reference value :  4.72618e-06
 Reference value :  4.72768e-06
 Reference value :  4.72868e-06
 Reference value :  4.73018e-06
 Reference value :  4.73118e-06
 Reference value :  4.73268e-06
 Reference value :  4.73368e-06
 Reference value :  4.73468e-06
 Reference value :  4.73568e-06
 Reference value :  4.73718e-06
 Reference value :  4.73818e-06
 Reference value :  4.73968e-06
 Reference value :  4.74117e-06
 Reference value :  4.74119e-06
 Reference value :  4.74122e-06
 Reference value :  4.74123e-06
 Reference value :  4.74125e-06
 Reference value :  4.74126e-06
 Reference value :  4.74128e-06
 Reference value :  4.74130e-06
 Reference value :  4.74133e-06
 Reference value :  4.74134e-06
 Reference value :  4.74140e-06
 Reference value :  4.74144e-06
 Reference value :  4.74149e-06
 Reference value :  4.74157e-06
 Reference value :  4.74167e-06
 Reference value :  4.74183e-06
 Reference value :  4.74200e-06
 Reference value :  4.74209e-06
 Reference value :  4.74218e-06
 Reference value :  4.74230e-06
 Reference value :  4.74232e-06
 Reference value :  4.74244e-06
 Reference value :  4.74284e-06
 Reference value :  4.74306e-06
 Reference value :  4.74320e-06
 Reference value :  4.74367e-06
 Reference value :  4.74385e-06
 Reference value :  4.74400e-06
 Reference value :  4.74437e-06
 Reference value :  4.74457e-06
 Reference value :  4.74472e-06
 Reference value :  4.74494e-06
 Reference value :  4.74528e-06
 Reference value :  4.74568e-06
 Reference value :  4.74625e-06
 Reference value :  4.74745e-06
 Reference value :  4.74895e-06
 Reference value :  4.74995e-06
 Reference value :  4.75095e-06
 Reference value :  4.75195e-06
 Reference value :  4.75293e-06
 Reference value :  4.75333e-06
 Reference value :  4.75384e-06
 Reference value :  4.75396e-06
 Reference value :  4.75405e-06
 Reference value :  4.75442e-06
 Reference value :  4.75458e-06
 Reference value :  4.75481e-06
 Reference value :  4.75527e-06
 Reference value :  4.75648e-06
 Reference value :  4.75802e-06
 Reference value :  4.75997e-06
 Reference value :  4.76097e-06
 Reference value :  4.76247e-06
 Reference value :  4.76397e-06
 Reference value :  4.76647e-06
 Reference value :  4.76847e-06
 Reference value :  4.77197e-06
 Reference value :  4.77347e-06
 Reference value :  4.77697e-06
 Reference value :  4.77847e-06
 Reference value :  4.78147e-06
 Reference value :  4.78283e-06
 Reference value :  4.78287e-06
 Reference value :  4.78288e-06
 Reference value :  4.78290e-06
 Reference value :  4.78293e-06
 Reference value :  4.78299e-06
 Reference value :  4.78305e-06
 Reference value :  4.78316e-06
 Reference value :  4.78323e-06
 Reference value :  4.78337e-06
 Reference value :  4.78349e-06
 Reference value :  4.78357e-06
 Reference value :  4.78360e-06
 Reference value :  4.78368e-06
 Reference value :  4.78372e-06
 Reference value :  4.78383e-06
 Reference value :  4.78385e-06
 Reference value :  4.78389e-06
 Reference value :  4.78399e-06
 Reference value :  4.78423e-06
 Reference value :  4.78433e-06
 Reference value :  4.78449e-06
 Reference value :  4.78458e-06
 Reference value :  4.78478e-06
 Reference value :  4.78499e-06
 Reference value :  4.78525e-06
 Reference value :  4.78555e-06
 Reference value :  4.78588e-06
 Reference value :  4.78618e-06
 Reference value :  4.78664e-06
 Reference value :  4.78746e-06
 Reference value :  4.78782e-06
 Reference value :  4.78888e-06
 Reference value :  4.79038e-06
 Reference value :  4.79288e-06
 Reference value :  4.79438e-06
 Reference value :  4.79688e-06
 Reference value :  4.79788e-06
 Reference value :  4.79938e-06
 Reference value :  4.80088e-06
 Reference value :  4.80238e-06
 Reference value :  4.80388e-06
 Reference value :  4.80588e-06
 Reference value :  4.80738e-06
 Reference value :  4.80888e-06
 Reference value :  4.80988e-06
 Reference value :  4.81138e-06
 Reference value :  4.81288e-06
 Reference value :  4.81438e-06
 Reference value :  4.81588e-06
 Reference value :  4.81788e-06
 Reference value :  4.81938e-06
 Reference value :  4.82138e-06
 Reference value :  4.82338e-06
 Reference value :  4.82450e-06
 Reference value :  4.82453e-06
 Reference value :  4.82455e-06
 Reference value :  4.82457e-06
 Reference value :  4.82459e-06
 Reference value :  4.82462e-06
 Reference value :  4.82464e-06
 Reference value :  4.82467e-06
 Reference value :  4.82472e-06
 Reference value :  4.82481e-06
 Reference value :  4.82488e-06
 Reference value :  4.82507e-06
 Reference value :  4.82529e-06
 Reference value :  4.82537e-06
 Reference value :  4.82550e-06
 Reference value :  4.82557e-06
 Reference value :  4.82561e-06
 Reference value :  4.82564e-06
 Reference value :  4.82567e-06
 Reference value :  4.82573e-06
 Reference value :  4.82583e-06
 Reference value :  4.82614e-06
 Reference value :  4.82650e-06
 Reference value :  4.82685e-06
 Reference value :  4.82719e-06
 Reference value :  4.82735e-06
 Reference value :  4.82768e-06
 Reference value :  4.82785e-06
 Reference value :  4.82815e-06
 Reference value :  4.82835e-06
 Reference value :  4.82854e-06
 Reference value :  4.82897e-06
 Reference value :  4.82943e-06
 Reference value :  4.83069e-06
 Reference value :  4.83186e-06
 Reference value :  4.83483e-06
 Reference value :  4.83583e-06
 Reference value :  4.83633e-06
 Reference value :  4.83671e-06
 Reference value :  4.83702e-06
 Reference value :  4.83734e-06
 Reference value :  4.83764e-06
 Reference value :  4.83795e-06
 Reference value :  4.83818e-06
 Reference value :  4.83892e-06
 Reference value :  4.83933e-06
 Reference value :  4.83978e-06
 Reference value :  4.84059e-06
 Reference value :  4.84228e-06
 Reference value :  4.84328e-06
 Reference value :  4.84528e-06
 Reference value :  4.84678e-06
 Reference value :  4.84978e-06
 Reference value :  4.85078e-06
 Reference value :  4.85278e-06
 Reference value :  4.85528e-06
 Reference value :  4.85678e-06
 Reference value :  4.85828e-06
 Reference value :  4.85928e-06
 Reference value :  4.86178e-06
 Reference value :  4.86328e-06
 Reference value :  4.86478e-06
 Reference value :  4.86619e-06
 Reference value :  4.86621e-06
 Reference value :  4.86627e-06
 Reference value :  4.86630e-06
 Reference value :  4.86638e-06
 Reference value :  4.86642e-06
 Reference value :  4.86652e-06
 Reference value :  4.86657e-06
 Reference value :  4.86666e-06
 Reference value :  4.86680e-06
 Reference value :  4.86690e-06
 Reference value :  4.86693e-06
 Reference value :  4.86700e-06
 Reference value :  4.86712e-06
 Reference value :  4.86714e-06
 Reference value :  4.86717e-06
 Reference value :  4.86720e-06
 Reference value :  4.86723e-06
 Reference value :  4.86724e-06
 Reference value :  4.86727e-06
 Reference value :  4.86731e-06
 Reference value :  4.86738e-06
 Reference value :  4.86746e-06
 Reference value :  4.86757e-06
 Reference value :  4.86763e-06
 Reference value :  4.86778e-06
 Reference value :  4.86793e-06
 Reference value :  4.86802e-06
 Reference value :  4.86820e-06
 Reference value :  4.86829e-06
 Reference value :  4.86846e-06
 Reference value :  4.86871e-06
 Reference value :  4.86891e-06
 Reference value :  4.86896e-06
 Reference value :  4.86901e-06
 Reference value :  4.86911e-06
 Reference value :  4.86915e-06
 Reference value :  4.86929e-06
 Reference value :  4.86940e-06
 Reference value :  4.86957e-06
 Reference value :  4.86987e-06
 Reference value :  4.87031e-06
 Reference value :  4.87114e-06
 Reference value :  4.87237e-06
 Reference value :  4.87334e-06
 Reference value :  4.87484e-06
 Reference value :  4.87634e-06
 Reference value :  4.87784e-06
 Reference value :  4.87934e-06
 Reference value :  4.88084e-06
 Reference value :  4.88184e-06
 Reference value :  4.88284e-06
 Reference value :  4.88384e-06
 Reference value :  4.88484e-06
 Reference value :  4.88584e-06
 Reference value :  4.88684e-06
 Reference value :  4.88784e-06
 Reference value :  4.88884e-06
 Reference value :  4.88984e-06
 Reference value :  4.89134e-06
 Reference value :  4.89234e-06
 Reference value :  4.89334e-06
 Reference value :  4.89434e-06
 Reference value :  4.89584e-06
 Reference value :  4.89734e-06
 Reference value :  4.89834e-06
 Reference value :  4.89934e-06
 Reference value :  4.90084e-06
 Reference value :  4.90184e-06
 Reference value :  4.90284e-06
 Reference value :  4.90434e-06
 Reference value :  4.90584e-06
 Reference value :  4.90684e-06
 Reference value :  4.90784e-06
 Reference value :  4.90787e-06
 Reference value :  4.90790e-06
 Reference value :  4.90791e-06
 Reference value :  4.90792e-06
 Reference value :  4.90794e-06
 Reference value :  4.90797e-06
 Reference value :  4.90798e-06
 Reference value :  4.90801e-06
 Reference value :  4.90806e-06
 Reference value :  4.90810e-06
 Reference value :  4.90815e-06
 Reference value :  4.90822e-06
 Reference value :  4.90841e-06
 Reference value :  4.90862e-06
 Reference value :  4.90870e-06
 Reference value :  4.90883e-06
 Reference value :  4.90887e-06
 Reference value :  4.90890e-06
 Reference value :  4.90894e-06
 Reference value :  4.90897e-06
 Reference value :  4.90901e-06
 Reference value :  4.90911e-06
 Reference value :  4.90924e-06
 Reference value :  4.90947e-06
 Reference value :  4.90987e-06
 Reference value :  4.91024e-06
 Reference value :  4.91081e-06
 Reference value :  4.91102e-06
 Reference value :  4.91122e-06
 Reference value :  4.91175e-06
 Reference value :  4.91206e-06
 Reference value :  4.91227e-06
 Reference value :  4.91236e-06
 Reference value :  4.91288e-06
 Reference value :  4.91343e-06
 Reference value :  4.91400e-06
 Reference value :  4.91497e-06
 Reference value :  4.91588e-06
 Reference value :  4.91738e-06
 Reference value :  4.91888e-06
 Reference value :  4.92038e-06
 Reference value :  4.92078e-06
 Reference value :  4.92129e-06
 Reference value :  4.92143e-06
 Reference value :  4.92154e-06
 Reference value :  4.92197e-06
 Reference value :  4.92212e-06
 Reference value :  4.92235e-06
 Reference value :  4.92270e-06
 Reference value :  4.92295e-06
 Reference value :  4.92357e-06
 Reference value :  4.92463e-06
 Reference value :  4.92554e-06
 Reference value :  4.92704e-06
 Reference value :  4.92854e-06
 Reference value :  4.93004e-06
 Reference value :  4.93104e-06
 Reference value :  4.93254e-06
 Reference value :  4.93354e-06
 Reference value :  4.93504e-06
 Reference value :  4.93654e-06
 Reference value :  4.93854e-06
 Reference value :  4.94004e-06
 Reference value :  4.94104e-06
 Reference value :  4.94254e-06
 Reference value :  4.94354e-06
 Reference value :  4.94454e-06
 Reference value :  4.94604e-06
 Reference value :  4.94754e-06
 Reference value :  4.94854e-06
 Reference value :  4.94950e-06
 Reference value :  4.94952e-06
 Reference value :  4.94953e-06
 Reference value :  4.94956e-06
 Reference value :  4.94959e-06
 Reference value :  4.94960e-06
 Reference value :  4.94962e-06
 Reference value :  4.94964e-06
 Reference value :  4.94967e-06
 Reference value :  4.94970e-06
 Reference value :  4.94972e-06
 Reference value :  4.94979e-06
 Reference value :  4.94989e-06
 Reference value :  4.94997e-06
 Reference value :  4.95000e-06
 Reference value :  4.95004e-06
 Reference value :  4.95008e-06
 Reference value :  4.95012e-06
 Reference value :  4.95016e-06
 Reference value :  4.95022e-06
 Reference value :  4.95029e-06
 Reference value :  4.95034e-06
 Reference value :  4.95045e-06
 Reference value :  4.95051e-06
 Reference value :  4.95054e-06
 Reference value :  4.95057e-06
 Reference value :  4.95063e-06
 Reference value :  4.95076e-06
 Reference value :  4.95093e-06
 Reference value :  4.95099e-06
 Reference value :  4.95100e-06
 Reference value :  4.95102e-06
 Reference value :  4.95111e-06
 Reference value :  4.95124e-06
 Reference value :  4.95140e-06
 Reference value :  4.95158e-06
 Reference value :  4.95191e-06
 Reference value :  4.95229e-06
 Reference value :  4.95245e-06
 Reference value :  4.95278e-06
 Reference value :  4.95293e-06
 Reference value :  4.95328e-06
 Reference value :  4.95375e-06
 Reference value :  4.95428e-06
 Reference value :  4.95500e-06
 Reference value :  4.95623e-06
 Reference value :  4.95773e-06
 Reference value :  4.95873e-06
 Reference value :  4.95973e-06
 Reference value :  4.96123e-06
 Reference value :  4.96323e-06
 Reference value :  4.96523e-06
 Reference value :  4.96673e-06
 Reference value :  4.96823e-06
 Reference value :  4.96973e-06
 Reference value :  4.97073e-06
 Reference value :  4.97173e-06
 Reference value :  4.97273e-06
 Reference value :  4.97373e-06
 Reference value :  4.97473e-06
 Reference value :  4.97573e-06
 Reference value :  4.97723e-06
 Reference value :  4.97873e-06
 Reference value :  4.97973e-06
 Reference value :  4.98073e-06
 Reference value :  4.98173e-06
 Reference value :  4.98323e-06
 Reference value :  4.98423e-06
 Reference value :  4.98523e-06
 Reference value :  4.98673e-06
 Reference value :  4.98823e-06
 Reference value :  4.98973e-06
 Reference value :  4.99117e-06
 Reference value :  4.99117e-06
 Reference value :  4.99120e-06
 Reference value :  4.99123e-06
 Reference value :  4.99125e-06
 Reference value :  4.99127e-06
 Reference value :  4.99129e-06
 Reference value :  4.99130e-06
 Reference value :  4.99131e-06
 Reference value :  4.99134e-06
 Reference value :  4.99137e-06
 Reference value :  4.99141e-06
 Reference value :  4.99143e-06
 Reference value :  4.99148e-06
 Reference value :  4.99155e-06
 Reference value :  4.99173e-06
 Reference value :  4.99193e-06
 Reference value :  4.99202e-06
 Reference value :  4.99209e-06
 Reference value :  4.99217e-06
 Reference value :  4.99220e-06
 Reference value :  4.99224e-06
 Reference value :  4.99229e-06
 Reference value :  4.99233e-06
 Reference value :  4.99238e-06
 Reference value :  4.99246e-06
 Reference value :  4.99254e-06
 Reference value :  4.99271e-06
 Reference value :  4.99309e-06
 Reference value :  4.99320e-06
 Reference value :  4.99342e-06
 Reference value :  4.99386e-06
 Reference value :  4.99401e-06
 Reference value :  4.99428e-06
 Reference value :  4.99446e-06
 Reference value :  4.99463e-06
 Reference value :  4.99486e-06
 Reference value :  4.99497e-06
 Reference value :  4.99506e-06
 Reference value :  4.99523e-06
 Reference value :  4.99561e-06
 Reference value :  4.99599e-06
 Reference value :  4.99643e-06
 Reference value :  4.99688e-06
 Reference value :  4.99737e-06
 Reference value :  4.99833e-06
 Reference value :  4.99980e-06
 Reference value :  5.00130e-06
 Reference value :  5.00230e-06
 Reference value :  5.00280e-06
 Reference value :  5.00322e-06
 Reference value :  5.00353e-06
 Reference value :  5.00376e-06
 Reference value :  5.00418e-06
 Reference value :  5.00464e-06
 Reference value :  5.00553e-06
 Reference value :  5.00633e-06
 Reference value :  5.00729e-06
 Reference value :  5.00829e-06
 Reference value :  5.00929e-06
 Reference value :  5.01079e-06
 Reference value :  5.01229e-06
 Reference value :  5.01379e-06
 Reference value :  5.01479e-06
 Reference value :  5.01579e-06
 Reference value :  5.01679e-06
 Reference value :  5.01779e-06
 Reference value :  5.01879e-06
 Reference value :  5.02029e-06
 Reference value :  5.02179e-06
 Reference value :  5.02329e-06
 Reference value :  5.02479e-06
 Reference value :  5.02579e-06
 Reference value :  5.02729e-06
 Reference value :  5.02879e-06
 Reference value :  5.03029e-06
 Reference value :  5.03179e-06
 Reference value :  5.03256e-06
 Reference value :  5.03284e-06
 Reference value :  5.03286e-06
 Reference value :  5.03288e-06
 Reference value :  5.03289e-06
 Reference value :  5.03290e-06
 Reference value :  5.03292e-06
 Reference value :  5.03293e-06
 Reference value :  5.03295e-06
 Reference value :  5.03297e-06
 Reference value :  5.03305e-06
 Reference value :  5.03322e-06
 Reference value :  5.03335e-06
 Reference value :  5.03349e-06
 Reference value :  5.03354e-06
 Reference value :  5.03359e-06
 Reference value :  5.03362e-06
 Reference value :  5.03369e-06
 Reference value :  5.03379e-06
 Reference value :  5.03385e-06
 Reference value :  5.03398e-06
 Reference value :  5.03402e-06
 Reference value :  5.03409e-06
 Reference value :  5.03412e-06
 Reference value :  5.03423e-06
 Reference value :  5.03430e-06
 Reference value :  5.03436e-06
 Reference value :  5.03442e-06
 Reference value :  5.03447e-06
 Reference value :  5.03462e-06
 Reference value :  5.03485e-06
 Reference value :  5.03528e-06
 Reference value :  5.03565e-06
 Reference value :  5.03592e-06
 Reference value :  5.03638e-06
 Reference value :  5.03718e-06
 Reference value :  5.03740e-06
 Reference value :  5.03793e-06
 Reference value :  5.03854e-06
 Reference value :  5.03931e-06
 Reference value :  5.04024e-06
 Reference value :  5.04124e-06
 Reference value :  5.04324e-06
 Reference value :  5.04474e-06
 Reference value :  5.04624e-06
 Reference value :  5.04824e-06
 Reference value :  5.05124e-06
 Reference value :  5.05274e-06
 Reference value :  5.05424e-06
 Reference value :  5.05624e-06
 Reference value :  5.05774e-06
 Reference value :  5.05874e-06
 Reference value :  5.05974e-06
 Reference value :  5.06124e-06
 Reference value :  5.06274e-06
 Reference value :  5.06474e-06
 Reference value :  5.06574e-06
 Reference value :  5.06724e-06
 Reference value :  5.06874e-06
 Reference value :  5.07024e-06
 Reference value :  5.07124e-06
 Reference value :  5.07274e-06
 Reference value :  5.07412e-06
 Reference value :  5.07451e-06
 Reference value :  5.07453e-06
 Reference value :  5.07455e-06
 Reference value :  5.07456e-06
 Reference value :  5.07459e-06
 Reference value :  5.07461e-06
 Reference value :  5.07464e-06
 Reference value :  5.07468e-06
 Reference value :  5.07472e-06
 Reference value :  5.07482e-06
 Reference value :  5.07499e-06
 Reference value :  5.07506e-06
 Reference value :  5.07525e-06
 Reference value :  5.07544e-06
 Reference value :  5.07550e-06
 Reference value :  5.07558e-06
 Reference value :  5.07564e-06
 Reference value :  5.07570e-06
 Reference value :  5.07576e-06
 Reference value :  5.07596e-06
 Reference value :  5.07612e-06
 Reference value :  5.07623e-06
 Reference value :  5.07645e-06
 Reference value :  5.07697e-06
 Reference value :  5.07725e-06
 Reference value :  5.07753e-06
 Reference value :  5.07811e-06
 Reference value :  5.07919e-06
 Reference value :  5.08035e-06
 Reference value :  5.08261e-06
 Reference value :  5.08511e-06
 Reference value :  5.08655e-06
 Reference value :  5.08709e-06
 Reference value :  5.08810e-06
 Reference value :  5.09050e-06
 Reference value :  5.09200e-06
 Reference value :  5.09300e-06
 Reference value :  5.09450e-06
 Reference value :  5.09650e-06
 Reference value :  5.09850e-06
 Reference value :  5.09950e-06
 Reference value :  5.10100e-06
 Reference value :  5.10250e-06
 Reference value :  5.10550e-06
 Reference value :  5.10850e-06
 Reference value :  5.11150e-06
 Reference value :  5.11350e-06
 Reference value :  5.11500e-06
 Reference value :  5.11583e-06
 Reference value :  5.11618e-06
 Reference value :  5.11620e-06
 Reference value :  5.11624e-06
 Reference value :  5.11628e-06
 Reference value :  5.11632e-06
 Reference value :  5.11640e-06
 Reference value :  5.11652e-06
 Reference value :  5.11675e-06
 Reference value :  5.11686e-06
 Reference value :  5.11693e-06
 Reference value :  5.11699e-06
 Reference value :  5.11707e-06
 Reference value :  5.11711e-06
 Reference value :  5.11717e-06
 Reference value :  5.11717e-06
 Reference value :  5.11719e-06
 Reference value :  5.11721e-06
 Reference value :  5.11724e-06
 Reference value :  5.11727e-06
 Reference value :  5.11731e-06
 Reference value :  5.11737e-06
 Reference value :  5.11745e-06
 Reference value :  5.11748e-06
 Reference value :  5.11755e-06
 Reference value :  5.11760e-06
 Reference value :  5.11766e-06
 Reference value :  5.11773e-06
 Reference value :  5.11785e-06
 Reference value :  5.11800e-06
 Reference value :  5.11816e-06
 Reference value :  5.11820e-06
 Reference value :  5.11829e-06
 Reference value :  5.11835e-06
 Reference value :  5.11842e-06
 Reference value :  5.11858e-06
 Reference value :  5.11882e-06
 Reference value :  5.11887e-06
 Reference value :  5.11898e-06
 Reference value :  5.11911e-06
 Reference value :  5.11936e-06
 Reference value :  5.11958e-06
 Reference value :  5.11967e-06
 Reference value :  5.11992e-06
 Reference value :  5.12046e-06
 Reference value :  5.12102e-06
 Reference value :  5.12262e-06
 Reference value :  5.12535e-06
 Reference value :  5.12835e-06
 Reference value :  5.13035e-06
 Reference value :  5.13185e-06
 Reference value :  5.13335e-06
 Reference value :  5.13535e-06
 Reference value :  5.13735e-06
 Reference value :  5.13935e-06
 Reference value :  5.14185e-06
 Reference value :  5.14385e-06
 Reference value :  5.14535e-06
 Reference value :  5.14885e-06
 Reference value :  5.15035e-06
 Reference value :  5.15235e-06
 Reference value :  5.15535e-06
 Reference value :  5.15783e-06
 Reference value :  5.15787e-06
 Reference value :  5.15791e-06
 Reference value :  5.15794e-06
 Reference value :  5.15798e-06
 Reference value :  5.15805e-06
 Reference value :  5.15811e-06
 Reference value :  5.15820e-06
 Reference value :  5.15848e-06
 Reference value :  5.15870e-06
 Reference value :  5.15885e-06
 Reference value :  5.15895e-06
 Reference value :  5.15900e-06
 Reference value :  5.15906e-06
 Reference value :  5.15932e-06
 Reference value :  5.15978e-06
 Reference value :  5.16002e-06
 Reference value :  5.16024e-06
 Reference value :  5.16075e-06
 Reference value :  5.16118e-06
 Reference value :  5.16174e-06
 Reference value :  5.16211e-06
 Reference value :  5.16241e-06
 Reference value :  5.16291e-06
 Reference value :  5.16353e-06
 Reference value :  5.16421e-06
 Reference value :  5.16605e-06
 Reference value :  5.16755e-06
 Reference value :  5.17055e-06
 Reference value :  5.17255e-06
 Reference value :  5.17455e-06
 Reference value :  5.17655e-06
 Reference value :  5.17855e-06
 Reference value :  5.17955e-06
 Reference value :  5.18105e-06
 Reference value :  5.18255e-06
 Reference value :  5.18355e-06
 Reference value :  5.18505e-06
 Reference value :  5.18655e-06
 Reference value :  5.18805e-06
 Reference value :  5.18905e-06
 Reference value :  5.19055e-06
 Reference value :  5.19205e-06
 Reference value :  5.19405e-06
 Reference value :  5.19655e-06
 Reference value :  5.19805e-06
 Reference value :  5.19950e-06
 Reference value :  5.19952e-06
 Reference value :  5.19955e-06
 Reference value :  5.19957e-06
 Reference value :  5.19961e-06
 Reference value :  5.19964e-06
 Reference value :  5.19967e-06
 Reference value :  5.19970e-06
 Reference value :  5.19974e-06
 Reference value :  5.19982e-06
 Reference value :  5.19993e-06
 Reference value :  5.20004e-06
 Reference value :  5.20009e-06
 Reference value :  5.20018e-06
 Reference value :  5.20026e-06
 Reference value :  5.20030e-06
 Reference value :  5.20037e-06
 Reference value :  5.20046e-06
 Reference value :  5.20050e-06
 Reference value :  5.20055e-06
 Reference value :  5.20056e-06
 Reference value :  5.20059e-06
 Reference value :  5.20063e-06
 Reference value :  5.20065e-06
 Reference value :  5.20071e-06
 Reference value :  5.20077e-06
 Reference value :  5.20088e-06
 Reference value :  5.20093e-06
 Reference value :  5.20097e-06
 Reference value :  5.20100e-06
 Reference value :  5.20105e-06
 Reference value :  5.20112e-06
 Reference value :  5.20114e-06
 Reference value :  5.20117e-06
 Reference value :  5.20127e-06
 Reference value :  5.20165e-06
 Reference value :  5.20192e-06
 Reference value :  5.20262e-06
 Reference value :  5.20313e-06
 Reference value :  5.20341e-06
 Reference value :  5.20404e-06
 Reference value :  5.20473e-06
 Reference value :  5.20573e-06
 Reference value :  5.20713e-06
 Reference value :  5.20863e-06
 Reference value :  5.21113e-06
 Reference value :  5.21313e-06
 Reference value :  5.21663e-06
 Reference value :  5.21863e-06
 Reference value :  5.22163e-06
 Reference value :  5.22363e-06
 Reference value :  5.22513e-06
 Reference value :  5.22613e-06
 Reference value :  5.22763e-06
 Reference value :  5.22863e-06
 Reference value :  5.22963e-06
 Reference value :  5.23063e-06
 Reference value :  5.23213e-06
 Reference value :  5.23363e-06
 Reference value :  5.23463e-06
 Reference value :  5.23563e-06
 Reference value :  5.23713e-06
 Reference value :  5.23863e-06
 Reference value :  5.24013e-06
 Reference value :  5.24117e-06
 Reference value :  5.24118e-06
 Reference value :  5.24120e-06
 Reference value :  5.24122e-06
 Reference value :  5.24123e-06
 Reference value :  5.24126e-06
 Reference value :  5.24130e-06
 Reference value :  5.24132e-06
 Reference value :  5.24135e-06
 Reference value :  5.24139e-06
 Reference value :  5.24143e-06
 Reference value :  5.24149e-06
 Reference value :  5.24156e-06
 Reference value :  5.24175e-06
 Reference value :  5.24200e-06
 Reference value :  5.24208e-06
 Reference value :  5.24218e-06
 Reference value :  5.24224e-06
 Reference value :  5.24227e-06
 Reference value :  5.24232e-06
 Reference value :  5.24239e-06
 Reference value :  5.24261e-06
 Reference value :  5.24286e-06
 Reference value :  5.24311e-06
 Reference value :  5.24340e-06
 Reference value :  5.24365e-06
 Reference value :  5.24413e-06
 Reference value :  5.24453e-06
 Reference value :  5.24509e-06
 Reference value :  5.24531e-06
 Reference value :  5.24575e-06
 Reference value :  5.24607e-06
 Reference value :  5.24646e-06
 Reference value :  5.24712e-06
 Reference value :  5.24826e-06
 Reference value :  5.25021e-06
 Reference value :  5.25221e-06
 Reference value :  5.25521e-06
 Reference value :  5.25721e-06
 Reference value :  5.25821e-06
 Reference value :  5.25921e-06
 Reference value :  5.26071e-06
 Reference value :  5.26271e-06
 Reference value :  5.26421e-06
 Reference value :  5.26571e-06
 Reference value :  5.26721e-06
 Reference value :  5.26821e-06
 Reference value :  5.27021e-06
 Reference value :  5.27121e-06
 Reference value :  5.27271e-06
 Reference value :  5.27421e-06
 Reference value :  5.27621e-06
 Reference value :  5.27771e-06
 Reference value :  5.27921e-06
 Reference value :  5.28071e-06
 Reference value :  5.28221e-06
 Reference value :  5.28283e-06
 Reference value :  5.28285e-06
 Reference value :  5.28287e-06
 Reference value :  5.28289e-06
 Reference value :  5.28291e-06
 Reference value :  5.28293e-06
 Reference value :  5.28296e-06
 Reference value :  5.28299e-06
 Reference value :  5.28301e-06
 Reference value :  5.28305e-06
 Reference value :  5.28312e-06
 Reference value :  5.28323e-06
 Reference value :  5.28333e-06
 Reference value :  5.28340e-06
 Reference value :  5.28349e-06
 Reference value :  5.28354e-06
 Reference value :  5.28362e-06
 Reference value :  5.28366e-06
 Reference value :  5.28370e-06
 Reference value :  5.28379e-06
 Reference value :  5.28383e-06
 Reference value :  5.28384e-06
 Reference value :  5.28389e-06
 Reference value :  5.28393e-06
 Reference value :  5.28397e-06
 Reference value :  5.28408e-06
 Reference value :  5.28414e-06
 Reference value :  5.28425e-06
 Reference value :  5.28440e-06
 Reference value :  5.28447e-06
 Reference value :  5.28462e-06
 Reference value :  5.28472e-06
 Reference value :  5.28491e-06
 Reference value :  5.28505e-06
 Reference value :  5.28524e-06
 Reference value :  5.28533e-06
 Reference value :  5.28542e-06
 Reference value :  5.28551e-06
 Reference value :  5.28563e-06
 Reference value :  5.28587e-06
 Reference value :  5.28611e-06
 Reference value :  5.28639e-06
 Reference value :  5.28677e-06
 Reference value :  5.28717e-06
 Reference value :  5.28840e-06
 Reference value :  5.29085e-06
 Reference value :  5.29385e-06
 Reference value :  5.29685e-06
 Reference value :  5.29985e-06
 Reference value :  5.30285e-06
 Reference value :  5.30635e-06
 Reference value :  5.30835e-06
 Reference value :  5.30985e-06
 Reference value :  5.31435e-06
 Reference value :  5.31685e-06
 Reference value :  5.31935e-06
 Reference value :  5.32135e-06
 Reference value :  5.32385e-06
 Reference value :  5.32451e-06
 Reference value :  5.32454e-06
 Reference value :  5.32456e-06
 Reference value :  5.32459e-06
 Reference value :  5.32461e-06
 Reference value :  5.32464e-06
 Reference value :  5.32469e-06
 Reference value :  5.32472e-06
 Reference value :  5.32479e-06
 Reference value :  5.32489e-06
 Reference value :  5.32500e-06
 Reference value :  5.32516e-06
 Reference value :  5.32533e-06
 Reference value :  5.32541e-06
 Reference value :  5.32557e-06
 Reference value :  5.32562e-06
 Reference value :  5.32572e-06
 Reference value :  5.32608e-06
 Reference value :  5.32619e-06
 Reference value :  5.32643e-06
 Reference value :  5.32700e-06
 Reference value :  5.32740e-06
 Reference value :  5.32757e-06
 Reference value :  5.32783e-06
 Reference value :  5.32795e-06
 Reference value :  5.32804e-06
 Reference value :  5.32814e-06
 Reference value :  5.32832e-06
 Reference value :  5.32840e-06
 Reference value :  5.32866e-06
 Reference value :  5.32920e-06
 Reference value :  5.33032e-06
 Reference value :  5.33235e-06
 Reference value :  5.33319e-06
 Reference value :  5.33383e-06
 Reference value :  5.33430e-06
 Reference value :  5.33506e-06
 Reference value :  5.33706e-06
 Reference value :  5.33906e-06
 Reference value :  5.34106e-06
 Reference value :  5.34256e-06
 Reference value :  5.34506e-06
 Reference value :  5.34806e-06
 Reference value :  5.35056e-06
 Reference value :  5.35206e-06
 Reference value :  5.35406e-06
 Reference value :  5.35556e-06
 Reference value :  5.35706e-06
 Reference value :  5.35806e-06
 Reference value :  5.35956e-06
 Reference value :  5.36056e-06
 Reference value :  5.36156e-06
 Reference value :  5.36256e-06
 Reference value :  5.36406e-06
 Reference value :  5.36556e-06
 Reference value :  5.36617e-06
 Reference value :  5.36618e-06
 Reference value :  5.36620e-06
 Reference value :  5.36622e-06
 Reference value :  5.36623e-06
 Reference value :  5.36625e-06
 Reference value :  5.36626e-06
 Reference value :  5.36628e-06
 Reference value :  5.36629e-06
 Reference value :  5.36632e-06
 Reference value :  5.36635e-06
 Reference value :  5.36638e-06
 Reference value :  5.36645e-06
 Reference value :  5.36652e-06
 Reference value :  5.36661e-06
 Reference value :  5.36670e-06
 Reference value :  5.36674e-06
 Reference value :  5.36683e-06
 Reference value :  5.36687e-06
 Reference value :  5.36693e-06
 Reference value :  5.36701e-06
 Reference value :  5.36711e-06
 Reference value :  5.36717e-06
 Reference value :  5.36718e-06
 Reference value :  5.36723e-06
 Reference value :  5.36730e-06
 Reference value :  5.36742e-06
 Reference value :  5.36750e-06
 Reference value :  5.36768e-06
 Reference value :  5.36776e-06
 Reference value :  5.36793e-06
 Reference value :  5.36801e-06
 Reference value :  5.36818e-06
 Reference value :  5.36847e-06
 Reference value :  5.36858e-06
 Reference value :  5.36877e-06
 Reference value :  5.36883e-06
 Reference value :  5.36906e-06
 Reference value :  5.36924e-06
 Reference value :  5.36953e-06
 Reference value :  5.36981e-06
 Reference value :  5.37027e-06
 Reference value :  5.37104e-06
 Reference value :  5.37163e-06
 Reference value :  5.37283e-06
 Reference value :  5.37379e-06
 Reference value :  5.37479e-06
 Reference value :  5.37579e-06
 Reference value :  5.37729e-06
 Reference value :  5.37829e-06
 Reference value :  5.37929e-06
 Reference value :  5.38029e-06
 Reference value :  5.38129e-06
 Reference value :  5.38229e-06
 Reference value :  5.38329e-06
 Reference value :  5.38479e-06
 Reference value :  5.38629e-06
 Reference value :  5.38729e-06
 Reference value :  5.38829e-06
 Reference value :  5.38979e-06
 Reference value :  5.39079e-06
 Reference value :  5.39179e-06
 Reference value :  5.39279e-06
 Reference value :  5.39379e-06
 Reference value :  5.39479e-06
 Reference value :  5.39579e-06
 Reference value :  5.39679e-06
 Reference value :  5.39829e-06
 Reference value :  5.39929e-06
 Reference value :  5.40029e-06
 Reference value :  5.40129e-06
 Reference value :  5.40229e-06
 Reference value :  5.40329e-06
 Reference value :  5.40429e-06
 Reference value :  5.40579e-06
 Reference value :  5.40679e-06
 Reference value :  5.40783e-06
 Reference value :  5.40784e-06
 Reference value :  5.40786e-06
 Reference value :  5.40787e-06
 Reference value :  5.40789e-06
 Reference value :  5.40791e-06
 Reference value :  5.40793e-06
 Reference value :  5.40795e-06
 Reference value :  5.40798e-06
 Reference value :  5.40801e-06
 Reference value :  5.40806e-06
 Reference value :  5.40811e-06
 Reference value :  5.40817e-06
 Reference value :  5.40832e-06
 Reference value :  5.40848e-06
 Reference value :  5.40861e-06
 Reference value :  5.40870e-06
 Reference value :  5.40883e-06
 Reference value :  5.40890e-06
 Reference value :  5.40895e-06
 Reference value :  5.40898e-06
 Reference value :  5.40902e-06
 Reference value :  5.40909e-06
 Reference value :  5.40922e-06
 Reference value :  5.40939e-06
 Reference value :  5.40956e-06
 Reference value :  5.40978e-06
 Reference value :  5.41004e-06
 Reference value :  5.41038e-06
 Reference value :  5.41069e-06
 Reference value :  5.41106e-06
 Reference value :  5.41139e-06
 Reference value :  5.41167e-06
 Reference value :  5.41190e-06
 Reference value :  5.41213e-06
 Reference value :  5.41290e-06
 Reference value :  5.41393e-06
 Reference value :  5.41523e-06
 Reference value :  5.41621e-06
 Reference value :  5.41721e-06
 Reference value :  5.41871e-06
 Reference value :  5.41971e-06
 Reference value :  5.42121e-06
 Reference value :  5.42221e-06
 Reference value :  5.42371e-06
 Reference value :  5.42521e-06
 Reference value :  5.42621e-06
 Reference value :  5.42771e-06
 Reference value :  5.42921e-06
 Reference value :  5.43071e-06
 Reference value :  5.43171e-06
 Reference value :  5.43321e-06
 Reference value :  5.43471e-06
 Reference value :  5.43571e-06
 Reference value :  5.43671e-06
 Reference value :  5.43771e-06
 Reference value :  5.43871e-06
 Reference value :  5.44021e-06
 Reference value :  5.44121e-06
 Reference value :  5.44271e-06
 Reference value :  5.44371e-06
 Reference value :  5.44521e-06
 Reference value :  5.44621e-06
 Reference value :  5.44721e-06
 Reference value :  5.44821e-06
 Reference value :  5.44950e-06
 Reference value :  5.44952e-06
 Reference value :  5.44953e-06
 Reference value :  5.44956e-06
 Reference value :  5.44958e-06
 Reference value :  5.44959e-06
 Reference value :  5.44961e-06
 Reference value :  5.44963e-06
 Reference value :  5.44965e-06
 Reference value :  5.44968e-06
 Reference value :  5.44972e-06
 Reference value :  5.44979e-06
 Reference value :  5.44989e-06
 Reference value :  5.45008e-06
 Reference value :  5.45020e-06
 Reference value :  5.45027e-06
 Reference value :  5.45039e-06
 Reference value :  5.45051e-06
 Reference value :  5.45059e-06
 Reference value :  5.45084e-06
 Reference value :  5.45127e-06
 Reference value :  5.45137e-06
 Reference value :  5.45154e-06
 Reference value :  5.45169e-06
 Reference value :  5.45204e-06
 Reference value :  5.45258e-06
 Reference value :  5.45349e-06
 Reference value :  5.45487e-06
 Reference value :  5.45626e-06
 Reference value :  5.45926e-06
 Reference value :  5.46176e-06
 Reference value :  5.46476e-06
 Reference value :  5.46626e-06
 Reference value :  5.46776e-06
 Reference value :  5.46926e-06
 Reference value :  5.47076e-06
 Reference value :  5.47226e-06
 Reference value :  5.47376e-06
 Reference value :  5.47526e-06
 Reference value :  5.47676e-06
 Reference value :  5.47776e-06
 Reference value :  5.47876e-06
 Reference value :  5.48026e-06
 Reference value :  5.48176e-06
 Reference value :  5.48326e-06
 Reference value :  5.48476e-06
 Reference value :  5.48676e-06
 Reference value :  5.48826e-06
 Reference value :  5.48926e-06
 Reference value :  5.49071e-06
 Reference value :  5.49117e-06
 Reference value :  5.49120e-06
 Reference value :  5.49123e-06
 Reference value :  5.49125e-06
 Reference value :  5.49127e-06
 Reference value :  5.49130e-06
 Reference value :  5.49135e-06
 Reference value :  5.49139e-06
 Reference value :  5.49143e-06
 Reference value :  5.49154e-06
 Reference value :  5.49162e-06
 Reference value :  5.49189e-06
 Reference value :  5.49202e-06
 Reference value :  5.49212e-06
 Reference value :  5.49217e-06
 Reference value :  5.49223e-06
 Reference value :  5.49228e-06
 Reference value :  5.49231e-06
 Reference value :  5.49239e-06
 Reference value :  5.49257e-06
 Reference value :  5.49298e-06
 Reference value :  5.49324e-06
 Reference value :  5.49366e-06
 Reference value :  5.49446e-06
 Reference value :  5.49470e-06
 Reference value :  5.49525e-06
 Reference value :  5.49547e-06
 Reference value :  5.49607e-06
 Reference value :  5.49770e-06
 Reference value :  5.50056e-06
 Reference value :  5.50256e-06
 Reference value :  5.50506e-06
 Reference value :  5.50706e-06
 Reference value :  5.50956e-06
 Reference value :  5.51106e-06
 Reference value :  5.51306e-06
 Reference value :  5.51556e-06
 Reference value :  5.51806e-06
 Reference value :  5.51956e-06
 Reference value :  5.52306e-06
 Reference value :  5.52556e-06
 Reference value :  5.52856e-06
 Reference value :  5.53206e-06
 Reference value :  5.53284e-06
 Reference value :  5.53290e-06
 Reference value :  5.53293e-06
 Reference value :  5.53297e-06
 Reference value :  5.53303e-06
 Reference value :  5.53312e-06
 Reference value :  5.53322e-06
 Reference value :  5.53339e-06
 Reference value :  5.53352e-06
 Reference value :  5.53363e-06
 Reference value :  5.53378e-06
 Reference value :  5.53384e-06
 Reference value :  5.53392e-06
 Reference value :  5.53404e-06
 Reference value :  5.53424e-06
 Reference value :  5.53434e-06
 Reference value :  5.53454e-06
 Reference value :  5.53471e-06
 Reference value :  5.53505e-06
 Reference value :  5.53511e-06
 Reference value :  5.53519e-06
 Reference value :  5.53526e-06
 Reference value :  5.53534e-06
 Reference value :  5.53541e-06
 Reference value :  5.53555e-06
 Reference value :  5.53576e-06
 Reference value :  5.53600e-06
 Reference value :  5.53626e-06
 Reference value :  5.53681e-06
 Reference value :  5.53769e-06
 Reference value :  5.53861e-06
 Reference value :  5.54011e-06
 Reference value :  5.54161e-06
 Reference value :  5.54261e-06
 Reference value :  5.54361e-06
 Reference value :  5.54461e-06
 Reference value :  5.54611e-06
 Reference value :  5.54711e-06
 Reference value :  5.54861e-06
 Reference value :  5.55061e-06
 Reference value :  5.55211e-06
 Reference value :  5.55361e-06
 Reference value :  5.55511e-06
 Reference value :  5.55611e-06
 Reference value :  5.55761e-06
 Reference value :  5.55861e-06
 Reference value :  5.55961e-06
 Reference value :  5.56111e-06
 Reference value :  5.56261e-06
 Reference value :  5.56411e-06
 Reference value :  5.56561e-06
 Reference value :  5.56761e-06
 Reference value :  5.56861e-06
 Reference value :  5.57011e-06
 Reference value :  5.57161e-06
 Reference value :  5.57311e-06
 Reference value :  5.57451e-06
 Reference value :  5.57456e-06
 Reference value :  5.57460e-06
 Reference value :  5.57466e-06
 Reference value :  5.57476e-06
 Reference value :  5.57502e-06
 Reference value :  5.57542e-06
 Reference value :  5.57553e-06
 Reference value :  5.57565e-06
 Reference value :  5.57579e-06
 Reference value :  5.57633e-06
 Reference value :  5.57685e-06
 Reference value :  5.57729e-06
 Reference value :  5.57761e-06
 Reference value :  5.57797e-06
 Reference value :  5.57815e-06
 Reference value :  5.57856e-06
 Reference value :  5.57899e-06
 Reference value :  5.57983e-06
 Reference value :  5.58206e-06
 Reference value :  5.58506e-06
 Reference value :  5.58756e-06
 Reference value :  5.59006e-06
 Reference value :  5.59306e-06
 Reference value :  5.59606e-06
 Reference value :  5.59906e-06
 Reference value :  5.60056e-06
 Reference value :  5.60256e-06
 Reference value :  5.60506e-06
 Reference value :  5.60606e-06
 Reference value :  5.60906e-06
 Reference value :  5.61056e-06
 Reference value :  5.61206e-06
 Reference value :  5.61356e-06
 Reference value :  5.61506e-06
 Reference value :  5.61617e-06
 Reference value :  5.61619e-06
 Reference value :  5.61621e-06
 Reference value :  5.61622e-06
 Reference value :  5.61624e-06
 Reference value :  5.61626e-06
 Reference value :  5.61629e-06
 Reference value :  5.61631e-06
 Reference value :  5.61633e-06
 Reference value :  5.61636e-06
 Reference value :  5.61638e-06
 Reference value :  5.61644e-06
 Reference value :  5.61650e-06
 Reference value :  5.61663e-06
 Reference value :  5.61675e-06
 Reference value :  5.61685e-06
 Reference value :  5.61694e-06
 Reference value :  5.61698e-06
 Reference value :  5.61705e-06
 Reference value :  5.61710e-06
 Reference value :  5.61713e-06
 Reference value :  5.61716e-06
 Reference value :  5.61717e-06
 Reference value :  5.61719e-06
 Reference value :  5.61722e-06
 Reference value :  5.61728e-06
 Reference value :  5.61735e-06
 Reference value :  5.61745e-06
 Reference value :  5.61763e-06
 Reference value :  5.61783e-06
 Reference value :  5.61802e-06
 Reference value :  5.61823e-06
 Reference value :  5.61837e-06
 Reference value :  5.61845e-06
 Reference value :  5.61852e-06
 Reference value :  5.61858e-06
 Reference value :  5.61864e-06
 Reference value :  5.61871e-06
 Reference value :  5.61893e-06
 Reference value :  5.61975e-06
 Reference value :  5.62106e-06
 Reference value :  5.62402e-06
 Reference value :  5.62652e-06
 Reference value :  5.62852e-06
 Reference value :  5.63102e-06
 Reference value :  5.63352e-06
 Reference value :  5.63652e-06
 Reference value :  5.63902e-06
 Reference value :  5.64052e-06
 Reference value :  5.64402e-06
 Reference value :  5.64652e-06
 Reference value :  5.64952e-06
 Reference value :  5.65302e-06
 Reference value :  5.65602e-06
 Reference value :  5.65784e-06
 Reference value :  5.65789e-06
 Reference value :  5.65794e-06
 Reference value :  5.65800e-06
 Reference value :  5.65805e-06
 Reference value :  5.65823e-06
 Reference value :  5.65868e-06
 Reference value :  5.65883e-06
 Reference value :  5.65893e-06
 Reference value :  5.65906e-06
 Reference value :  5.65918e-06
 Reference value :  5.65954e-06
 Reference value :  5.65982e-06
 Reference value :  5.66006e-06
 Reference value :  5.66033e-06
 Reference value :  5.66087e-06
 Reference value :  5.66114e-06
 Reference value :  5.66134e-06
 Reference value :  5.66150e-06
 Reference value :  5.66182e-06
 Reference value :  5.66225e-06
 Reference value :  5.66267e-06
 Reference value :  5.66328e-06
 Reference value :  5.66414e-06
 Reference value :  5.66564e-06
 Reference value :  5.66714e-06
 Reference value :  5.66814e-06
 Reference value :  5.66964e-06
 Reference value :  5.67164e-06
 Reference value :  5.67264e-06
 Reference value :  5.67414e-06
 Reference value :  5.67564e-06
 Reference value :  5.67714e-06
 Reference value :  5.67864e-06
 Reference value :  5.68014e-06
 Reference value :  5.68164e-06
 Reference value :  5.68314e-06
 Reference value :  5.68514e-06
 Reference value :  5.68664e-06
 Reference value :  5.68814e-06
 Reference value :  5.68964e-06
 Reference value :  5.69114e-06
 Reference value :  5.69214e-06
 Reference value :  5.69414e-06
 Reference value :  5.69614e-06
 Reference value :  5.69764e-06
 Reference value :  5.69907e-06
 Reference value :  5.69951e-06
 Reference value :  5.69953e-06
 Reference value :  5.69956e-06
 Reference value :  5.69959e-06
 Reference value :  5.69963e-06
 Reference value :  5.69965e-06
 Reference value :  5.69968e-06
 Reference value :  5.69974e-06
 Reference value :  5.69978e-06
 Reference value :  5.69983e-06
 Reference value :  5.69995e-06
 Reference value :  5.70006e-06
 Reference value :  5.70012e-06
 Reference value :  5.70019e-06
 Reference value :  5.70028e-06
 Reference value :  5.70038e-06
 Reference value :  5.70043e-06
 Reference value :  5.70050e-06
 Reference value :  5.70054e-06
 Reference value :  5.70063e-06
 Reference value :  5.70077e-06
 Reference value :  5.70104e-06
 Reference value :  5.70130e-06
 Reference value :  5.70147e-06
 Reference value :  5.70154e-06
 Reference value :  5.70167e-06
 Reference value :  5.70179e-06
 Reference value :  5.70201e-06
 Reference value :  5.70286e-06
 Reference value :  5.70365e-06
 Reference value :  5.70570e-06
 Reference value :  5.70720e-06
 Reference value :  5.70870e-06
 Reference value :  5.71020e-06
 Reference value :  5.71220e-06
 Reference value :  5.71470e-06
 Reference value :  5.71620e-06
 Reference value :  5.71920e-06
 Reference value :  5.72170e-06
 Reference value :  5.72520e-06
 Reference value :  5.72670e-06
 Reference value :  5.72820e-06
 Reference value :  5.73070e-06
 Reference value :  5.73220e-06
 Reference value :  5.73320e-06
 Reference value :  5.73470e-06
 Reference value :  5.73570e-06
 Reference value :  5.73670e-06
 Reference value :  5.73820e-06
 Reference value :  5.73920e-06
 Reference value :  5.74070e-06
 Reference value :  5.74117e-06
 Reference value :  5.74120e-06
 Reference value :  5.74123e-06
 Reference value :  5.74125e-06
 Reference value :  5.74127e-06
 Reference value :  5.74130e-06
 Reference value :  5.74133e-06
 Reference value :  5.74134e-06
 Reference value :  5.74139e-06
 Reference value :  5.74143e-06
 Reference value :  5.74149e-06
 Reference value :  5.74159e-06
 Reference value :  5.74174e-06
 Reference value :  5.74195e-06
 Reference value :  5.74203e-06
 Reference value :  5.74217e-06
 Reference value :  5.74223e-06
 Reference value :  5.74228e-06
 Reference value :  5.74230e-06
 Reference value :  5.74234e-06
 Reference value :  5.74244e-06
 Reference value :  5.74270e-06
 Reference value :  5.74283e-06
 Reference value :  5.74320e-06
 Reference value :  5.74367e-06
 Reference value :  5.74400e-06
 Reference value :  5.74438e-06
 Reference value :  5.74460e-06
 Reference value :  5.74474e-06
 Reference value :  5.74497e-06
 Reference value :  5.74514e-06
 Reference value :  5.74541e-06
 Reference value :  5.74594e-06
 Reference value :  5.74655e-06
 Reference value :  5.74703e-06
 Reference value :  5.74838e-06
 Reference value :  5.75038e-06
 Reference value :  5.75188e-06
 Reference value :  5.75338e-06
 Reference value :  5.75638e-06
 Reference value :  5.75788e-06
 Reference value :  5.76038e-06
 Reference value :  5.76388e-06
 Reference value :  5.76738e-06
 Reference value :  5.77088e-06
 Reference value :  5.77338e-06
 Reference value :  5.77538e-06
 Reference value :  5.77688e-06
 Reference value :  5.77838e-06
 Reference value :  5.78088e-06
 Reference value :  5.78284e-06
 Reference value :  5.78288e-06
 Reference value :  5.78293e-06
 Reference value :  5.78298e-06
 Reference value :  5.78305e-06
 Reference value :  5.78318e-06
 Reference value :  5.78333e-06
 Reference value :  5.78339e-06
 Reference value :  5.78350e-06
 Reference value :  5.78356e-06
 Reference value :  5.78363e-06
 Reference value :  5.78368e-06
 Reference value :  5.78375e-06
 Reference value :  5.78382e-06
 Reference value :  5.78384e-06
 Reference value :  5.78387e-06
 Reference value :  5.78391e-06
 Reference value :  5.78401e-06
 Reference value :  5.78419e-06
 Reference value :  5.78447e-06
 Reference value :  5.78468e-06
 Reference value :  5.78485e-06
 Reference value :  5.78492e-06
 Reference value :  5.78497e-06
 Reference value :  5.78501e-06
 Reference value :  5.78509e-06
 Reference value :  5.78516e-06
 Reference value :  5.78525e-06
 Reference value :  5.78535e-06
 Reference value :  5.78570e-06
 Reference value :  5.78609e-06
 Reference value :  5.78641e-06
 Reference value :  5.78711e-06
 Reference value :  5.78776e-06
 Reference value :  5.78862e-06
 Reference value :  5.79061e-06
 Reference value :  5.79211e-06
 Reference value :  5.79361e-06
 Reference value :  5.79561e-06
 Reference value :  5.79711e-06
 Reference value :  5.79811e-06
 Reference value :  5.80011e-06
 Reference value :  5.80161e-06
 Reference value :  5.80261e-06
 Reference value :  5.80361e-06
 Reference value :  5.80561e-06
 Reference value :  5.80861e-06
 Reference value :  5.81211e-06
 Reference value :  5.81511e-06
 Reference value :  5.81761e-06
 Reference value :  5.82061e-06
 Reference value :  5.82211e-06
 Reference value :  5.82451e-06
 Reference value :  5.82453e-06
 Reference value :  5.82459e-06
 Reference value :  5.82463e-06
 Reference value :  5.82465e-06
 Reference value :  5.82471e-06
 Reference value :  5.82479e-06
 Reference value :  5.82498e-06
 Reference value :  5.82536e-06
 Reference value :  5.82550e-06
 Reference value :  5.82560e-06
 Reference value :  5.82565e-06
 Reference value :  5.82578e-06
 Reference value :  5.82626e-06
 Reference value :  5.82685e-06
 Reference value :  5.82746e-06
 Reference value :  5.82777e-06
 Reference value :  5.82836e-06
 Reference value :  5.82854e-06
 Reference value :  5.82947e-06
 Reference value :  5.82985e-06
 Reference value :  5.83051e-06
 Reference value :  5.83248e-06
 Reference value :  5.83448e-06
 Reference value :  5.83548e-06
 Reference value :  5.83698e-06
 Reference value :  5.83848e-06
 Reference value :  5.83948e-06
 Reference value :  5.84098e-06
 Reference value :  5.84198e-06
 Reference value :  5.84298e-06
 Reference value :  5.84448e-06
 Reference value :  5.84598e-06
 Reference value :  5.84748e-06
 Reference value :  5.84898e-06
 Reference value :  5.84998e-06
 Reference value :  5.85098e-06
 Reference value :  5.85298e-06
 Reference value :  5.85448e-06
 Reference value :  5.85548e-06
 Reference value :  5.85648e-06
 Reference value :  5.85748e-06
 Reference value :  5.85898e-06
 Reference value :  5.86048e-06
 Reference value :  5.86198e-06
 Reference value :  5.86348e-06
 Reference value :  5.86498e-06
 Reference value :  5.86617e-06
 Reference value :  5.86618e-06
 Reference value :  5.86621e-06
 Reference value :  5.86624e-06
 Reference value :  5.86625e-06
 Reference value :  5.86627e-06
 Reference value :  5.86629e-06
 Reference value :  5.86632e-06
 Reference value :  5.86636e-06
 Reference value :  5.86638e-06
 Reference value :  5.86644e-06
 Reference value :  5.86648e-06
 Reference value :  5.86654e-06
 Reference value :  5.86665e-06
 Reference value :  5.86673e-06
 Reference value :  5.86678e-06
 Reference value :  5.86680e-06
 Reference value :  5.86686e-06
 Reference value :  5.86698e-06
 Reference value :  5.86701e-06
 Reference value :  5.86706e-06
 Reference value :  5.86716e-06
 Reference value :  5.86725e-06
 Reference value :  5.86733e-06
 Reference value :  5.86761e-06
 Reference value :  5.86807e-06
 Reference value :  5.86819e-06
 Reference value :  5.86828e-06
 Reference value :  5.86832e-06
 Reference value :  5.86849e-06
 Reference value :  5.86869e-06
 Reference value :  5.86898e-06
 Reference value :  5.86930e-06
 Reference value :  5.86995e-06
 Reference value :  5.87114e-06
 Reference value :  5.87450e-06
 Reference value :  5.87650e-06
 Reference value :  5.87900e-06
 Reference value :  5.88100e-06
 Reference value :  5.88250e-06
 Reference value :  5.88400e-06
 Reference value :  5.88550e-06
 Reference value :  5.88800e-06
 Reference value :  5.89050e-06
 Reference value :  5.89200e-06
 Reference value :  5.89350e-06
 Reference value :  5.89600e-06
 Reference value :  5.89800e-06
 Reference value :  5.90050e-06
 Reference value :  5.90200e-06
 Reference value :  5.90350e-06
 Reference value :  5.90500e-06
 Reference value :  5.90742e-06
 Reference value :  5.90786e-06
 Reference value :  5.90790e-06
 Reference value :  5.90793e-06
 Reference value :  5.90798e-06
 Reference value :  5.90800e-06
 Reference value :  5.90805e-06
 Reference value :  5.90811e-06
 Reference value :  5.90816e-06
 Reference value :  5.90833e-06
 Reference value :  5.90847e-06
 Reference value :  5.90861e-06
 Reference value :  5.90869e-06
 Reference value :  5.90885e-06
 Reference value :  5.90890e-06
 Reference value :  5.90894e-06
 Reference value :  5.90898e-06
 Reference value :  5.90901e-06
 Reference value :  5.90907e-06
 Reference value :  5.90924e-06
 Reference value :  5.90960e-06
 Reference value :  5.90985e-06
 Reference value :  5.91015e-06
 Reference value :  5.91030e-06
 Reference value :  5.91084e-06
 Reference value :  5.91101e-06
 Reference value :  5.91123e-06
 Reference value :  5.91138e-06
 Reference value :  5.91162e-06
 Reference value :  5.91191e-06
 Reference value :  5.91221e-06
 Reference value :  5.91279e-06
 Reference value :  5.91350e-06
 Reference value :  5.91430e-06
 Reference value :  5.91494e-06
 Reference value :  5.91625e-06
 Reference value :  5.91725e-06
 Reference value :  5.91875e-06
 Reference value :  5.91975e-06
 Reference value :  5.92125e-06
 Reference value :  5.92275e-06
 Reference value :  5.92425e-06
 Reference value :  5.92675e-06
 Reference value :  5.92925e-06
 Reference value :  5.93225e-06
 Reference value :  5.93425e-06
 Reference value :  5.93725e-06
 Reference value :  5.93975e-06
 Reference value :  5.94225e-06
 Reference value :  5.94375e-06
 Reference value :  5.94675e-06
 Reference value :  5.94913e-06
 Reference value :  5.94953e-06
 Reference value :  5.94956e-06
 Reference value :  5.94959e-06
 Reference value :  5.94961e-06
 Reference value :  5.94965e-06
 Reference value :  5.94971e-06
 Reference value :  5.94974e-06
 Reference value :  5.94986e-06
 Reference value :  5.94999e-06
 Reference value :  5.95004e-06
 Reference value :  5.95014e-06
 Reference value :  5.95016e-06
 Reference value :  5.95019e-06
 Reference value :  5.95028e-06
 Reference value :  5.95042e-06
 Reference value :  5.95049e-06
 Reference value :  5.95057e-06
 Reference value :  5.95063e-06
 Reference value :  5.95077e-06
 Reference value :  5.95109e-06
 Reference value :  5.95125e-06
 Reference value :  5.95153e-06
 Reference value :  5.95160e-06
 Reference value :  5.95165e-06
 Reference value :  5.95172e-06
 Reference value :  5.95177e-06
 Reference value :  5.95183e-06
 Reference value :  5.95196e-06
 Reference value :  5.95219e-06
 Reference value :  5.95241e-06
 Reference value :  5.95265e-06
 Reference value :  5.95297e-06
 Reference value :  5.95343e-06
 Reference value :  5.95396e-06
 Reference value :  5.95497e-06
 Reference value :  5.95636e-06
 Reference value :  5.95786e-06
 Reference value :  5.95886e-06
 Reference value :  5.95986e-06
 Reference value :  5.96186e-06
 Reference value :  5.96336e-06
 Reference value :  5.96486e-06
 Reference value :  5.96636e-06
 Reference value :  5.96786e-06
 Reference value :  5.96936e-06
 Reference value :  5.97086e-06
 Reference value :  5.97186e-06
 Reference value :  5.97336e-06
 Reference value :  5.97436e-06
 Reference value :  5.97586e-06
 Reference value :  5.97736e-06
 Reference value :  5.97836e-06
 Reference value :  5.98036e-06
 Reference value :  5.98186e-06
 Reference value :  5.98336e-06
 Reference value :  5.98486e-06
 Reference value :  5.98586e-06
 Reference value :  5.98736e-06
 Reference value :  5.98836e-06
 Reference value :  5.98936e-06
 Reference value :  5.99076e-06
 Reference value :  5.99120e-06
 Reference value :  5.99124e-06
 Reference value :  5.99127e-06
 Reference value :  5.99130e-06
 Reference value :  5.99135e-06
 Reference value :  5.99140e-06
 Reference value :  5.99144e-06
 Reference value :  5.99148e-06
 Reference value :  5.99158e-06
 Reference value :  5.99167e-06
 Reference value :  5.99194e-06
 Reference value :  5.99203e-06
 Reference value :  5.99223e-06
 Reference value :  5.99228e-06
 Reference value :  5.99234e-06
 Reference value :  5.99268e-06
 Reference value :  5.99278e-06
 Reference value :  5.99319e-06
 Reference value :  5.99408e-06
 Reference value :  5.99433e-06
 Reference value :  5.99449e-06
 Reference value :  5.99472e-06
 Reference value :  5.99490e-06
 Reference value :  5.99506e-06
 Reference value :  5.99544e-06
 Reference value :  5.99587e-06
 Reference value :  5.99677e-06
 Reference value :  5.99813e-06
 Reference value :  5.99963e-06
 Reference value :  6.00313e-06
 Reference value :  6.00563e-06
 Reference value :  6.00763e-06
 Reference value :  6.01163e-06
 Reference value :  6.01363e-06
 Reference value :  6.01563e-06
 Reference value :  6.01763e-06
 Reference value :  6.01913e-06
 Reference value :  6.02113e-06
 Reference value :  6.02263e-06
 Reference value :  6.02563e-06
 Reference value :  6.02763e-06
 Reference value :  6.03013e-06
 Reference value :  6.03163e-06
 Reference value :  6.03285e-06
 Reference value :  6.03289e-06
 Reference value :  6.03290e-06
 Reference value :  6.03292e-06
 Reference value :  6.03293e-06
 Reference value :  6.03296e-06
 Reference value :  6.03300e-06
 Reference value :  6.03307e-06
 Reference value :  6.03319e-06
 Reference value :  6.03329e-06
 Reference value :  6.03335e-06
 Reference value :  6.03337e-06
 Reference value :  6.03345e-06
 Reference value :  6.03350e-06
 Reference value :  6.03353e-06
 Reference value :  6.03356e-06
 Reference value :  6.03362e-06
 Reference value :  6.03371e-06
 Reference value :  6.03383e-06
 Reference value :  6.03388e-06
 Reference value :  6.03395e-06
 Reference value :  6.03404e-06
 Reference value :  6.03407e-06
 Reference value :  6.03411e-06
 Reference value :  6.03414e-06
 Reference value :  6.03419e-06
 Reference value :  6.03422e-06
 Reference value :  6.03424e-06
 Reference value :  6.03428e-06
 Reference value :  6.03433e-06
 Reference value :  6.03437e-06
 Reference value :  6.03442e-06
 Reference value :  6.03448e-06
 Reference value :  6.03456e-06
 Reference value :  6.03467e-06
 Reference value :  6.03490e-06
 Reference value :  6.03518e-06
 Reference value :  6.03537e-06
 Reference value :  6.03571e-06
 Reference value :  6.03600e-06
 Reference value :  6.03636e-06
 Reference value :  6.03659e-06
 Reference value :  6.03710e-06
 Reference value :  6.03756e-06
 Reference value :  6.03808e-06
 Reference value :  6.03866e-06
 Reference value :  6.03977e-06
 Reference value :  6.04068e-06
 Reference value :  6.04168e-06
 Reference value :  6.04268e-06
 Reference value :  6.04368e-06
 Reference value :  6.04518e-06
 Reference value :  6.04618e-06
 Reference value :  6.04818e-06
 Reference value :  6.05068e-06
 Reference value :  6.05218e-06
 Reference value :  6.05318e-06
 Reference value :  6.05468e-06
 Reference value :  6.05718e-06
 Reference value :  6.05868e-06
 Reference value :  6.06068e-06
 Reference value :  6.06368e-06
 Reference value :  6.06618e-06
 Reference value :  6.06768e-06
 Reference value :  6.06968e-06
 Reference value :  6.07168e-06
 Reference value :  6.07409e-06
 Reference value :  6.07451e-06
 Reference value :  6.07453e-06
 Reference value :  6.07456e-06
 Reference value :  6.07457e-06
 Reference value :  6.07460e-06
 Reference value :  6.07463e-06
 Reference value :  6.07465e-06
 Reference value :  6.07468e-06
 Reference value :  6.07471e-06
 Reference value :  6.07478e-06
 Reference value :  6.07483e-06
 Reference value :  6.07494e-06
 Reference value :  6.07509e-06
 Reference value :  6.07534e-06
 Reference value :  6.07550e-06
 Reference value :  6.07554e-06
 Reference value :  6.07563e-06
 Reference value :  6.07581e-06
 Reference value :  6.07613e-06
 Reference value :  6.07632e-06
 Reference value :  6.07702e-06
 Reference value :  6.07737e-06
 Reference value :  6.07755e-06
 Reference value :  6.07765e-06
 Reference value :  6.07790e-06
 Reference value :  6.07822e-06
 Reference value :  6.07871e-06
 Reference value :  6.07932e-06
 Reference value :  6.07991e-06
 Reference value :  6.08065e-06
 Reference value :  6.08205e-06
 Reference value :  6.08355e-06
 Reference value :  6.08505e-06
 Reference value :  6.08655e-06
 Reference value :  6.08805e-06
 Reference value :  6.08905e-06
 Reference value :  6.09055e-06
 Reference value :  6.09205e-06
 Reference value :  6.09355e-06
 Reference value :  6.09505e-06
 Reference value :  6.09755e-06
 Reference value :  6.09855e-06
 Reference value :  6.10005e-06
 Reference value :  6.10205e-06
 Reference value :  6.10355e-06
 Reference value :  6.10455e-06
 Reference value :  6.10605e-06
 Reference value :  6.10755e-06
 Reference value :  6.11055e-06
 Reference value :  6.11255e-06
 Reference value :  6.11405e-06
 Reference value :  6.11555e-06
 Reference value :  6.11617e-06
 Reference value :  6.11618e-06
 Reference value :  6.11619e-06
 Reference value :  6.11621e-06
 Reference value :  6.11623e-06
 Reference value :  6.11626e-06
 Reference value :  6.11629e-06
 Reference value :  6.11630e-06
 Reference value :  6.11634e-06
 Reference value :  6.11639e-06
 Reference value :  6.11643e-06
 Reference value :  6.11647e-06
 Reference value :  6.11652e-06
 Reference value :  6.11658e-06
 Reference value :  6.11664e-06
 Reference value :  6.11670e-06
 Reference value :  6.11676e-06
 Reference value :  6.11681e-06
 Reference value :  6.11682e-06
 Reference value :  6.11684e-06
 Reference value :  6.11686e-06
 Reference value :  6.11688e-06
 Reference value :  6.11694e-06
 Reference value :  6.11702e-06
 Reference value :  6.11707e-06
 Reference value :  6.11715e-06
 Reference value :  6.11717e-06
 Reference value :  6.11718e-06
 Reference value :  6.11720e-06
 Reference value :  6.11722e-06
 Reference value :  6.11724e-06
 Reference value :  6.11725e-06
 Reference value :  6.11727e-06
 Reference value :  6.11729e-06
 Reference value :  6.11732e-06
 Reference value :  6.11734e-06
 Reference value :  6.11735e-06
 Reference value :  6.11737e-06
 Reference value :  6.11740e-06
 Reference value :  6.11745e-06
 Reference value :  6.11753e-06
 Reference value :  6.11758e-06
 Reference value :  6.11761e-06
 Reference value :  6.11765e-06
 Reference value :  6.11769e-06
 Reference value :  6.11774e-06
 Reference value :  6.11779e-06
 Reference value :  6.11794e-06
 Reference value :  6.11808e-06
 Reference value :  6.11817e-06
 Reference value :  6.11829e-06
 Reference value :  6.11837e-06
 Reference value :  6.11843e-06
 Reference value :  6.11853e-06
 Reference value :  6.11872e-06
 Reference value :  6.11922e-06
 Reference value :  6.11989e-06
 Reference value :  6.12093e-06
 Reference value :  6.12220e-06
 Reference value :  6.12458e-06
 Reference value :  6.12558e-06
 Reference value :  6.12708e-06
 Reference value :  6.12858e-06
 Reference value :  6.13008e-06
 Reference value :  6.13108e-06
 Reference value :  6.13258e-06
 Reference value :  6.13408e-06
 Reference value :  6.13508e-06
 Reference value :  6.13758e-06
 Reference value :  6.13908e-06
 Reference value :  6.14008e-06
 Reference value :  6.14108e-06
 Reference value :  6.14258e-06
 Reference value :  6.14408e-06
 Reference value :  6.14508e-06
 Reference value :  6.14658e-06
 Reference value :  6.14758e-06
 Reference value :  6.14858e-06
 Reference value :  6.15008e-06
 Reference value :  6.15108e-06
 Reference value :  6.15208e-06
 Reference value :  6.15358e-06
 Reference value :  6.15458e-06
 Reference value :  6.15558e-06
 Reference value :  6.15658e-06
 Reference value :  6.15783e-06
 Reference value :  6.15784e-06
 Reference value :  6.15786e-06
 Reference value :  6.15789e-06
 Reference value :  6.15791e-06
 Reference value :  6.15793e-06
 Reference value :  6.15795e-06
 Reference value :  6.15798e-06
 Reference value :  6.15801e-06
 Reference value :  6.15802e-06
 Reference value :  6.15808e-06
 Reference value :  6.15813e-06
 Reference value :  6.15818e-06
 Reference value :  6.15826e-06
 Reference value :  6.15836e-06
 Reference value :  6.15855e-06
 Reference value :  6.15869e-06
 Reference value :  6.15879e-06
 Reference value :  6.15884e-06
 Reference value :  6.15888e-06
 Reference value :  6.15893e-06
 Reference value :  6.15896e-06
 Reference value :  6.15902e-06
 Reference value :  6.15908e-06
 Reference value :  6.15939e-06
 Reference value :  6.15959e-06
 Reference value :  6.15982e-06
 Reference value :  6.16004e-06
 Reference value :  6.16027e-06
 Reference value :  6.16059e-06
 Reference value :  6.16085e-06
 Reference value :  6.16092e-06
 Reference value :  6.16097e-06
 Reference value :  6.16103e-06
 Reference value :  6.16108e-06
 Reference value :  6.16122e-06
 Reference value :  6.16147e-06
 Reference value :  6.16173e-06
 Reference value :  6.16197e-06
 Reference value :  6.16226e-06
 Reference value :  6.16256e-06
 Reference value :  6.16305e-06
 Reference value :  6.16394e-06
 Reference value :  6.16460e-06
 Reference value :  6.16660e-06
 Reference value :  6.16810e-06
 Reference value :  6.16960e-06
 Reference value :  6.17110e-06
 Reference value :  6.17260e-06
 Reference value :  6.17360e-06
 Reference value :  6.17510e-06
 Reference value :  6.17610e-06
 Reference value :  6.17710e-06
 Reference value :  6.17860e-06
 Reference value :  6.18010e-06
 Reference value :  6.18110e-06
 Reference value :  6.18210e-06
 Reference value :  6.18360e-06
 Reference value :  6.18460e-06
 Reference value :  6.18610e-06
 Reference value :  6.18760e-06
 Reference value :  6.18910e-06
 Reference value :  6.19060e-06
 Reference value :  6.19260e-06
 Reference value :  6.19360e-06
 Reference value :  6.19460e-06
 Reference value :  6.19610e-06
 Reference value :  6.19710e-06
 Reference value :  6.19860e-06
 Reference value :  6.19950e-06
 Reference value :  6.19952e-06
 Reference value :  6.19955e-06
 Reference value :  6.19957e-06
 Reference value :  6.19960e-06
 Reference value :  6.19962e-06
 Reference value :  6.19964e-06
 Reference value :  6.19965e-06
 Reference value :  6.19970e-06
 Reference value :  6.19974e-06
 Reference value :  6.19979e-06
 Reference value :  6.19985e-06
 Reference value :  6.19997e-06
 Reference value :  6.20004e-06
 Reference value :  6.20009e-06
 Reference value :  6.20019e-06
 Reference value :  6.20027e-06
 Reference value :  6.20030e-06
 Reference value :  6.20033e-06
 Reference value :  6.20040e-06
 Reference value :  6.20047e-06
 Reference value :  6.20051e-06
 Reference value :  6.20054e-06
 Reference value :  6.20055e-06
 Reference value :  6.20057e-06
 Reference value :  6.20060e-06
 Reference value :  6.20065e-06
 Reference value :  6.20071e-06
 Reference value :  6.20078e-06
 Reference value :  6.20088e-06
 Reference value :  6.20091e-06
 Reference value :  6.20096e-06
 Reference value :  6.20097e-06
 Reference value :  6.20100e-06
 Reference value :  6.20102e-06
 Reference value :  6.20106e-06
 Reference value :  6.20111e-06
 Reference value :  6.20113e-06
 Reference value :  6.20116e-06
 Reference value :  6.20119e-06
 Reference value :  6.20127e-06
 Reference value :  6.20140e-06
 Reference value :  6.20176e-06
 Reference value :  6.20203e-06
 Reference value :  6.20226e-06
 Reference value :  6.20258e-06
 Reference value :  6.20269e-06
 Reference value :  6.20293e-06
 Reference value :  6.20328e-06
 Reference value :  6.20360e-06
 Reference value :  6.20398e-06
 Reference value :  6.20436e-06
 Reference value :  6.20482e-06
 Reference value :  6.20573e-06
 Reference value :  6.20714e-06
 Reference value :  6.20864e-06
 Reference value :  6.21014e-06
 Reference value :  6.21164e-06
 Reference value :  6.21264e-06
 Reference value :  6.21414e-06
 Reference value :  6.21514e-06
 Reference value :  6.21664e-06
 Reference value :  6.21764e-06
 Reference value :  6.21914e-06
 Reference value :  6.22064e-06
 Reference value :  6.22214e-06
 Reference value :  6.22364e-06
 Reference value :  6.22464e-06
 Reference value :  6.22614e-06
 Reference value :  6.22764e-06
 Reference value :  6.22914e-06
 Reference value :  6.23014e-06
 Reference value :  6.23164e-06
 Reference value :  6.23264e-06
 Reference value :  6.23414e-06
 Reference value :  6.23514e-06
 Reference value :  6.23664e-06
 Reference value :  6.23814e-06
 Reference value :  6.23914e-06
 Reference value :  6.24014e-06
 Reference value :  6.24091e-06
 Reference value :  6.24117e-06
 Reference value :  6.24119e-06
 Reference value :  6.24121e-06
 Reference value :  6.24123e-06
 Reference value :  6.24126e-06
 Reference value :  6.24129e-06
 Reference value :  6.24131e-06
 Reference value :  6.24133e-06
 Reference value :  6.24137e-06
 Reference value :  6.24141e-06
 Reference value :  6.24143e-06
 Reference value :  6.24148e-06
 Reference value :  6.24156e-06
 Reference value :  6.24175e-06
 Reference value :  6.24200e-06
 Reference value :  6.24209e-06
 Reference value :  6.24218e-06
 Reference value :  6.24224e-06
 Reference value :  6.24227e-06
 Reference value :  6.24232e-06
 Reference value :  6.24238e-06
 Reference value :  6.24258e-06
 Reference value :  6.24275e-06
 Reference value :  6.24295e-06
 Reference value :  6.24319e-06
 Reference value :  6.24341e-06
 Reference value :  6.24354e-06
 Reference value :  6.24382e-06
 Reference value :  6.24397e-06
 Reference value :  6.24408e-06
 Reference value :  6.24425e-06
 Reference value :  6.24436e-06
 Reference value :  6.24447e-06
 Reference value :  6.24460e-06
 Reference value :  6.24464e-06
 Reference value :  6.24480e-06
 Reference value :  6.24505e-06
 Reference value :  6.24528e-06
 Reference value :  6.24547e-06
 Reference value :  6.24567e-06
 Reference value :  6.24609e-06
 Reference value :  6.24645e-06
 Reference value :  6.24708e-06
 Reference value :  6.24757e-06
 Reference value :  6.24820e-06
 Reference value :  6.24957e-06
 Reference value :  6.25057e-06
 Reference value :  6.25157e-06
 Reference value :  6.25307e-06
 Reference value :  6.25407e-06
 Reference value :  6.25507e-06
 Reference value :  6.25607e-06
 Reference value :  6.25707e-06
 Reference value :  6.25807e-06
 Reference value :  6.25907e-06
 Reference value :  6.26007e-06
 Reference value :  6.26157e-06
 Reference value :  6.26257e-06
 Reference value :  6.26357e-06
 Reference value :  6.26507e-06
 Reference value :  6.26607e-06
 Reference value :  6.26707e-06
 Reference value :  6.26807e-06
 Reference value :  6.26907e-06
 Reference value :  6.27007e-06
 Reference value :  6.27157e-06
 Reference value :  6.27307e-06
 Reference value :  6.27457e-06
 Reference value :  6.27557e-06
 Reference value :  6.27657e-06
 Reference value :  6.27757e-06
 Reference value :  6.27907e-06
 Reference value :  6.28007e-06
 Reference value :  6.28107e-06
 Reference value :  6.28207e-06
 Reference value :  6.28283e-06
 Reference value :  6.28285e-06
 Reference value :  6.28287e-06
 Reference value :  6.28290e-06
 Reference value :  6.28292e-06
 Reference value :  6.28293e-06
 Reference value :  6.28296e-06
 Reference value :  6.28299e-06
 Reference value :  6.28302e-06
 Reference value :  6.28305e-06
 Reference value :  6.28313e-06
 Reference value :  6.28316e-06
 Reference value :  6.28323e-06
 Reference value :  6.28330e-06
No. of Data Rows : 23953

  Measurements for Transient Analysis

d9_c1               =  5.10479e-06
d8_c1               =  1.15807e-04
d7_c1               =  1.79963e+00
d6_c1               =  1.79963e+00
d5_c1               =  1.15846e-04
d4_c1               =  1.79963e+00
d3_c1               =  1.16297e-04
d2_c1               =  1.79963e+00
d1_c1               =  1.79963e+00
d0_c1               =  1.16392e-04
d9_c2               =  7.29896e-06
d8_c2               =  1.79964e+00
d7_c2               =  1.18984e-04
d6_c2               =  1.79964e+00
d5_c2               =  1.79964e+00
d4_c2               =  1.79964e+00
d3_c2               =  1.79964e+00
d2_c2               =  1.79964e+00
d1_c2               =  1.79964e+00
d0_c2               =  1.79964e+00
d9_c3               =  1.42244e-05
d8_c3               =  1.79965e+00
d7_c3               =  1.79965e+00
d6_c3               =  1.79965e+00
d5_c3               =  1.79965e+00
d4_c3               =  1.79965e+00
d3_c3               =  1.79965e+00
d2_c3               =  1.79965e+00
d1_c3               =  1.79965e+00
d0_c3               =  1.79965e+00
d9_c4               =  1.79973e+00
d8_c4               =  1.28126e-04
d7_c4               =  1.79962e+00
d6_c4               =  1.28122e-04
d5_c4               =  1.28093e-04
d4_c4               =  1.28093e-04
d3_c4               =  1.28126e-04
d2_c4               =  1.28057e-04
d1_c4               =  1.28093e-04
d0_c4               =  1.79962e+00
d9_c5               =  1.79979e+00
d8_c5               =  1.79964e+00
d7_c5               =  1.79964e+00
d6_c5               =  1.79964e+00
d5_c5               =  1.79964e+00
d4_c5               =  1.79964e+00
d3_c5               =  1.79964e+00
d2_c5               =  1.79964e+00
d1_c5               =  1.79964e+00
d0_c5               =  1.79964e+00
busy_c1_p0          =  1.79957e+00
smpl_c1_p0          =  7.28687e-05
busy_c1_p1          =  1.79961e+00
smpl_c1_p1          =  6.32901e-05
busy_c1_p2          =  1.79956e+00
smpl_c1_p2          =  7.01341e-05
busy_c1_p3          =  1.79955e+00
smpl_c1_p3          =  7.33744e-05
busy_c1_p4          =  1.79959e+00
smpl_c1_p4          =  4.93378e-05
busy_c1_p5          =  1.79957e+00
smpl_c1_p5          =  6.99784e-05
busy_c1_p6          =  1.79961e+00
smpl_c1_p6          =  5.89246e-05
busy_c1_p7          =  1.79961e+00
smpl_c1_p7          =  5.54477e-05
busy_c1_p8          =  1.79960e+00
smpl_c1_p8          =  6.55644e-05
busy_c1_p9          =  1.79960e+00
smpl_c1_p9          =  6.05025e-05
busy_c1_p10         =  1.79960e+00
smpl_c1_p10         =  6.07682e-05
busy_c1_p11         =  1.10533e-04
smpl_c1_p11         =  1.79989e+00
busy_c2_p0          =  1.79960e+00
smpl_c2_p0          =  7.06076e-05
busy_c2_p1          =  1.79961e+00
smpl_c2_p1          =  6.97147e-05
busy_c2_p2          =  1.79961e+00
smpl_c2_p2          =  6.33919e-05
busy_c2_p3          =  1.79962e+00
smpl_c2_p3          =  6.91718e-05
busy_c2_p4          =  1.79958e+00
smpl_c2_p4          =  6.78966e-05
busy_c2_p5          =  1.79961e+00
smpl_c2_p5          =  6.44421e-05
busy_c2_p6          =  1.79962e+00
smpl_c2_p6          =  6.06611e-05
busy_c2_p7          =  1.79961e+00
smpl_c2_p7          =  6.07790e-05
busy_c2_p8          =  1.79960e+00
smpl_c2_p8          =  6.38880e-05
busy_c2_p9          =  1.79959e+00
smpl_c2_p9          =  6.57169e-05
busy_c2_p10         =  1.79961e+00
smpl_c2_p10         =  6.30536e-05
busy_c2_p11         =  1.11237e-04
smpl_c2_p11         =  1.79989e+00
busy_c3_p0          =  1.79961e+00
smpl_c3_p0          =  6.98736e-05
busy_c3_p1          =  1.79956e+00
smpl_c3_p1          =  7.40444e-05
busy_c3_p2          =  1.79959e+00
smpl_c3_p2          =  4.80089e-05
busy_c3_p3          =  1.79958e+00
smpl_c3_p3          =  6.78091e-05
busy_c3_p4          =  1.79958e+00
smpl_c3_p4          =  5.73924e-05
busy_c3_p5          =  1.79961e+00
smpl_c3_p5          =  6.31666e-05
busy_c3_p6          =  1.79957e+00
smpl_c3_p6          =  6.70560e-05
busy_c3_p7          =  1.79961e+00
smpl_c3_p7          =  6.49670e-05
busy_c3_p8          =  1.79960e+00
smpl_c3_p8          =  6.42741e-05
busy_c3_p9          =  1.79962e+00
smpl_c3_p9          =  6.89559e-05
busy_c3_p10         =  1.79963e+00
smpl_c3_p10         =  6.86178e-05
busy_c3_p11         =  1.13848e-04
smpl_c3_p11         =  1.79989e+00
busy_c4_p0          =  1.79962e+00
smpl_c4_p0          =  6.38335e-05
busy_c4_p1          =  1.79959e+00
smpl_c4_p1          =  5.61509e-05
busy_c4_p2          =  1.79962e+00
smpl_c4_p2          =  6.26301e-05
busy_c4_p3          =  1.79961e+00
smpl_c4_p3          =  6.16474e-05
busy_c4_p4          =  1.79958e+00
smpl_c4_p4          =  6.61309e-05
busy_c4_p5          =  1.79961e+00
smpl_c4_p5          =  6.32418e-05
busy_c4_p6          =  1.79962e+00
smpl_c4_p6          =  6.81361e-05
busy_c4_p7          =  1.79961e+00
smpl_c4_p7          =  6.29956e-05
busy_c4_p8          =  1.79961e+00
smpl_c4_p8          =  6.58750e-05
busy_c4_p9          =  1.79960e+00
smpl_c4_p9          =  6.65360e-05
busy_c4_p10         =  1.79960e+00
smpl_c4_p10         =  6.16796e-05
busy_c4_p11         =  7.42895e-05
smpl_c4_p11         =  1.79990e+00
busy_c5_p0          =  1.79963e+00
smpl_c5_p0          =  6.59720e-05
busy_c5_p1          =  1.79963e+00
smpl_c5_p1          =  6.62088e-05
busy_c5_p2          =  1.79958e+00
smpl_c5_p2          =  5.54254e-05
busy_c5_p3          =  1.79957e+00
smpl_c5_p3          =  7.03362e-05
busy_c5_p4          =  1.79957e+00
smpl_c5_p4          =  6.68594e-05
busy_c5_p5          =  1.79961e+00
smpl_c5_p5          =  6.10108e-05
busy_c5_p6          =  1.79960e+00
smpl_c5_p6          =  6.07763e-05
busy_c5_p7          =  1.79959e+00
smpl_c5_p7          =  6.07972e-05
busy_c5_p8          =  1.79964e+00
smpl_c5_p8          =  6.98342e-05
busy_c5_p9          =  1.79964e+00
smpl_c5_p9          =  6.95989e-05
busy_c5_p10         =  1.79961e+00
smpl_c5_p10         =  6.75656e-05
busy_c5_p11         =  1.00908e-04
smpl_c5_p11         =  1.79990e+00
i_vdd               =  -2.12299e-06 from=  3.20000e-06 to=  4.20004e-06
i_vpwr              =  -6.54392e-06 from=  3.20000e-06 to=  4.20004e-06
i_vrefp             =  -6.50343e-06 from=  3.20000e-06 to=  4.20004e-06
i_vrefn             =  6.49125e-06 from=  3.20000e-06 to=  4.20004e-06
i_vcm               =  1.14526e-08 from=  3.20000e-06 to=  4.20004e-06
gnd_die_pp          =  9.97519e-03 from=  3.20000e-06 to=  4.20000e-06
gnd_die_max         =  4.64859e-03 at=  3.28390e-06
gnd_die_min         =  -5.32660e-03 at=  4.03382e-06
vgnd_die_pp         =  1.26584e-02 from=  3.20000e-06 to=  4.20000e-06
vgnd_die_max        =  6.47997e-03 at=  3.95015e-06
vgnd_die_min        =  -6.17845e-03 at=  3.28387e-06
vdd_die_pp          =  1.01226e-02 from=  3.20000e-06 to=  4.20000e-06
vdd_die_max         =  1.80519e+00 at=  3.28390e-06
vdd_die_min         =  1.79507e+00 at=  3.28387e-06
vpwr_die_pp         =  1.61795e-02 from=  3.20000e-06 to=  4.20000e-06
vpwr_die_max        =  1.80817e+00 at=  3.28390e-06
vpwr_die_min        =  1.79199e+00 at=  3.20014e-06
i_gnda              =  2.20675e-06 from=  3.20000e-06 to=  4.20004e-06


Total analysis time (seconds) = 2059.88

Total elapsed time (seconds) = 2076.616 

Total DRAM available = 31552.219 MB.
DRAM currently available = 4137.727 MB.
Maximum ngspice program size =  829.617 MB.
Current ngspice program size =  766.586 MB.

Shared ngspice pages =    8.695 MB.
Text (code) pages =    6.355 MB.
Stack = 0 bytes.
Library pages =  814.930 MB.

Note: Starting dynamic gmin stepping
Note: Dynamic gmin stepping completed
