
Note: Compatibility modes selected: hs a


Circuit: * sim/supply-impedance-sensitivity -- ground/supply-return impedance

option SCALE: Scale is set to 1e-06 for instance and model parameters
option SCALE: Scale is set to 1e-06 for instance and model parameters
option SCALE: Scale is set to 1e-06 for instance and model parameters
option SCALE: Scale is set to 1e-06 for instance and model parameters
Doing analysis at TEMP = 27.000000 and TNOM = 27.000000

Using KLU as Direct Linear Solver
 Reference value :  0.00000e+00
 Reference value :  3.20000e-10
 Reference value :  5.64000e-09
 Reference value :  1.06400e-08
 Reference value :  1.61400e-08
 Reference value :  1.95700e-08
 Reference value :  2.00434e-08
 Reference value :  2.01090e-08
 Reference value :  2.02093e-08
 Reference value :  2.03484e-08
 Reference value :  2.05440e-08
 Reference value :  2.06400e-08
 Reference value :  2.06629e-08
 Reference value :  2.07046e-08
 Reference value :  2.07717e-08
 Reference value :  2.08522e-08
 Reference value :  2.09230e-08
 Reference value :  2.10009e-08
 Reference value :  2.10286e-08
 Reference value :  2.10808e-08
 Reference value :  2.11062e-08
 Reference value :  2.11871e-08
 Reference value :  2.12800e-08
 Reference value :  2.14607e-08
 Reference value :  2.18023e-08
 Reference value :  2.25355e-08
 Reference value :  2.31006e-08
 Reference value :  2.37505e-08
 Reference value :  2.41582e-08
 Reference value :  2.49159e-08
 Reference value :  2.53597e-08
 Reference value :  2.57959e-08
 Reference value :  2.65209e-08
 Reference value :  2.70797e-08
 Reference value :  2.77400e-08
 Reference value :  2.84870e-08
 Reference value :  2.90991e-08
 Reference value :  2.95618e-08
 Reference value :  3.02271e-08
 Reference value :  3.09704e-08
 Reference value :  3.17195e-08
 Reference value :  3.27119e-08
 Reference value :  3.36311e-08
 Reference value :  3.43806e-08
 Reference value :  3.51969e-08
 Reference value :  3.56313e-08
 Reference value :  3.67285e-08
 Reference value :  3.72074e-08
 Reference value :  3.81467e-08
 Reference value :  3.89746e-08
 Reference value :  4.02802e-08
 Reference value :  4.14557e-08
 Reference value :  4.27686e-08
 Reference value :  4.38099e-08
 Reference value :  4.45880e-08
 Reference value :  4.54291e-08
 Reference value :  4.64717e-08
 Reference value :  4.76795e-08
 Reference value :  4.83022e-08
 Reference value :  4.89818e-08
 Reference value :  4.94680e-08
 Reference value :  5.00447e-08
 Reference value :  5.03701e-08
 Reference value :  5.06823e-08
 Reference value :  5.12570e-08
 Reference value :  5.15753e-08
 Reference value :  5.19069e-08
 Reference value :  5.24495e-08
 Reference value :  5.27636e-08
 Reference value :  5.32791e-08
 Reference value :  5.38207e-08
 Reference value :  5.43034e-08
 Reference value :  5.46516e-08
 Reference value :  5.52443e-08
 Reference value :  5.57501e-08
 Reference value :  5.63308e-08
 Reference value :  5.66689e-08
 Reference value :  5.71925e-08
 Reference value :  5.75940e-08
 Reference value :  5.81095e-08
 Reference value :  5.86465e-08
 Reference value :  5.90119e-08
 Reference value :  5.95327e-08
 Reference value :  5.98989e-08
 Reference value :  6.02794e-08
 Reference value :  6.08099e-08
 Reference value :  6.13726e-08
 Reference value :  6.17128e-08
 Reference value :  6.22394e-08
 Reference value :  6.27978e-08
 Reference value :  6.33423e-08
 Reference value :  6.37178e-08
 Reference value :  6.40535e-08
 Reference value :  6.46041e-08
 Reference value :  6.49811e-08
 Reference value :  6.53169e-08
 Reference value :  6.58764e-08
 Reference value :  6.62572e-08
 Reference value :  6.65888e-08
 Reference value :  6.71612e-08
 Reference value :  6.77239e-08
 Reference value :  6.83062e-08
 Reference value :  6.92230e-08
 Reference value :  7.03794e-08
 Reference value :  7.13378e-08
 Reference value :  7.21259e-08
 Reference value :  7.28828e-08
 Reference value :  7.38357e-08
 Reference value :  7.47554e-08
 Reference value :  7.65114e-08
 Reference value :  7.73711e-08
 Reference value :  7.84517e-08
 Reference value :  7.95257e-08
 Reference value :  8.08248e-08
 Reference value :  8.21285e-08
 Reference value :  8.36669e-08
 Reference value :  8.47337e-08
 Reference value :  8.60372e-08
 Reference value :  8.69343e-08
 Reference value :  8.77876e-08
 Reference value :  8.91248e-08
 Reference value :  9.05360e-08
 Reference value :  9.21829e-08
 Reference value :  9.37770e-08
 Reference value :  9.53153e-08
 Reference value :  9.70160e-08
 Reference value :  9.81080e-08
 Reference value :  9.95235e-08
 Reference value :  1.01652e-07
 Reference value :  1.03862e-07
 Reference value :  1.06093e-07
 Reference value :  1.08122e-07
 Reference value :  1.10086e-07
 Reference value :  1.13190e-07
 Reference value :  1.16184e-07
 Reference value :  1.18475e-07
 Reference value :  1.20775e-07
 Reference value :  1.23087e-07
 Reference value :  1.24651e-07
 Reference value :  1.26681e-07
 Reference value :  1.29521e-07
 Reference value :  1.32409e-07
 Reference value :  1.36352e-07
 Reference value :  1.41349e-07
 Reference value :  1.46349e-07
 Reference value :  1.51849e-07
 Reference value :  1.56349e-07
 Reference value :  1.61349e-07
 Reference value :  1.67349e-07
 Reference value :  1.72349e-07
 Reference value :  1.76849e-07
 Reference value :  1.81849e-07
 Reference value :  1.86349e-07
 Reference value :  1.90849e-07
 Reference value :  1.94849e-07
 Reference value :  1.99500e-07
 Reference value :  1.99555e-07
 Reference value :  1.99646e-07
 Reference value :  1.99731e-07
 Reference value :  1.99855e-07
 Reference value :  2.00062e-07
 Reference value :  2.00276e-07
 Reference value :  2.00504e-07
 Reference value :  2.00529e-07
 Reference value :  2.00597e-07
 Reference value :  2.00654e-07
 Reference value :  2.00833e-07
 Reference value :  2.00908e-07
 Reference value :  2.01046e-07
 Reference value :  2.01252e-07
 Reference value :  2.01461e-07
 Reference value :  2.01692e-07
 Reference value :  2.01987e-07
 Reference value :  2.02227e-07
 Reference value :  2.02889e-07
 Reference value :  2.03329e-07
 Reference value :  2.03909e-07
 Reference value :  2.04662e-07
 Reference value :  2.05472e-07
 Reference value :  2.06382e-07
 Reference value :  2.07183e-07
 Reference value :  2.07963e-07
 Reference value :  2.08739e-07
 Reference value :  2.09368e-07
 Reference value :  2.09857e-07
 Reference value :  2.10160e-07
 Reference value :  2.10808e-07
 Reference value :  2.11475e-07
 Reference value :  2.12346e-07
 Reference value :  2.13136e-07
 Reference value :  2.13949e-07
 Reference value :  2.14819e-07
 Reference value :  2.15303e-07
 Reference value :  2.15766e-07
 Reference value :  2.16751e-07
 Reference value :  2.17417e-07
 Reference value :  2.18428e-07
 Reference value :  2.19071e-07
 Reference value :  2.19889e-07
 Reference value :  2.21088e-07
 Reference value :  2.21879e-07
 Reference value :  2.22698e-07
 Reference value :  2.23055e-07
 Reference value :  2.23716e-07
 Reference value :  2.24685e-07
 Reference value :  2.24997e-07
 Reference value :  2.25653e-07
 Reference value :  2.26683e-07
 Reference value :  2.27329e-07
 Reference value :  2.27972e-07
 Reference value :  2.28796e-07
 Reference value :  2.29823e-07
 Reference value :  2.30463e-07
 Reference value :  2.30948e-07
 Reference value :  2.31264e-07
 Reference value :  2.31774e-07
 Reference value :  2.32306e-07
 Reference value :  2.33106e-07
 Reference value :  2.33756e-07
 Reference value :  2.34432e-07
 Reference value :  2.35307e-07
 Reference value :  2.35954e-07
 Reference value :  2.36432e-07
 Reference value :  2.37112e-07
 Reference value :  2.37959e-07
 Reference value :  2.38263e-07
 Reference value :  2.38754e-07
 Reference value :  2.39587e-07
 Reference value :  2.40133e-07
 Reference value :  2.40609e-07
 Reference value :  2.41168e-07
 Reference value :  2.41201e-07
 Reference value :  2.41268e-07
 Reference value :  2.41326e-07
 Reference value :  2.41428e-07
 Reference value :  2.41601e-07
 Reference value :  2.41739e-07
 Reference value :  2.42167e-07
 Reference value :  2.42334e-07
 Reference value :  2.42647e-07
 Reference value :  2.43078e-07
 Reference value :  2.43529e-07
 Reference value :  2.43841e-07
 Reference value :  2.43982e-07
 Reference value :  2.44120e-07
 Reference value :  2.44879e-07
 Reference value :  2.45370e-07
 Reference value :  2.46034e-07
 Reference value :  2.46516e-07
 Reference value :  2.47145e-07
 Reference value :  2.47920e-07
 Reference value :  2.48714e-07
 Reference value :  2.49176e-07
 Reference value :  2.49658e-07
 Reference value :  2.50459e-07
 Reference value :  2.51342e-07
 Reference value :  2.52140e-07
 Reference value :  2.52629e-07
 Reference value :  2.53273e-07
 Reference value :  2.53767e-07
 Reference value :  2.54640e-07
 Reference value :  2.55282e-07
 Reference value :  2.56093e-07
 Reference value :  2.56769e-07
 Reference value :  2.57810e-07
 Reference value :  2.58645e-07
 Reference value :  2.59527e-07
 Reference value :  2.60179e-07
 Reference value :  2.61021e-07
 Reference value :  2.61842e-07
 Reference value :  2.62309e-07
 Reference value :  2.62957e-07
 Reference value :  2.63841e-07
 Reference value :  2.64499e-07
 Reference value :  2.65289e-07
 Reference value :  2.65943e-07
 Reference value :  2.66981e-07
 Reference value :  2.67630e-07
 Reference value :  2.68113e-07
 Reference value :  2.68428e-07
 Reference value :  2.68934e-07
 Reference value :  2.69813e-07
 Reference value :  2.70448e-07
 Reference value :  2.70944e-07
 Reference value :  2.71627e-07
 Reference value :  2.71981e-07
 Reference value :  2.72630e-07
 Reference value :  2.73275e-07
 Reference value :  2.73932e-07
 Reference value :  2.74642e-07
 Reference value :  2.75285e-07
 Reference value :  2.75936e-07
 Reference value :  2.76614e-07
 Reference value :  2.77332e-07
 Reference value :  2.78154e-07
 Reference value :  2.79029e-07
 Reference value :  2.80008e-07
 Reference value :  2.80325e-07
 Reference value :  2.80836e-07
 Reference value :  2.81689e-07
 Reference value :  2.82167e-07
 Reference value :  2.82866e-07
 Reference value :  2.83032e-07
 Reference value :  2.83212e-07
 Reference value :  2.83552e-07
 Reference value :  2.83833e-07
 Reference value :  2.84014e-07
 Reference value :  2.84305e-07
 Reference value :  2.84549e-07
 Reference value :  2.84758e-07
 Reference value :  2.84944e-07
 Reference value :  2.85204e-07
 Reference value :  2.85945e-07
 Reference value :  2.86863e-07
 Reference value :  2.87661e-07
 Reference value :  2.88289e-07
 Reference value :  2.88924e-07
 Reference value :  2.89702e-07
 Reference value :  2.90471e-07
 Reference value :  2.91101e-07
 Reference value :  2.91895e-07
 Reference value :  2.92884e-07
 Reference value :  2.93753e-07
 Reference value :  2.94715e-07
 Reference value :  2.95513e-07
 Reference value :  2.96738e-07
 Reference value :  2.97543e-07
 Reference value :  2.98430e-07
 Reference value :  2.99235e-07
 Reference value :  2.99881e-07
 Reference value :  3.01089e-07
 Reference value :  3.01730e-07
 Reference value :  3.02372e-07
 Reference value :  3.03185e-07
 Reference value :  3.04063e-07
 Reference value :  3.04713e-07
 Reference value :  3.05018e-07
 Reference value :  3.05509e-07
 Reference value :  3.06014e-07
 Reference value :  3.06558e-07
 Reference value :  3.06887e-07
 Reference value :  3.07215e-07
 Reference value :  3.07519e-07
 Reference value :  3.07859e-07
 Reference value :  3.08514e-07
 Reference value :  3.09220e-07
 Reference value :  3.09862e-07
 Reference value :  3.10508e-07
 Reference value :  3.11182e-07
 Reference value :  3.12047e-07
 Reference value :  3.12848e-07
 Reference value :  3.13649e-07
 Reference value :  3.14687e-07
 Reference value :  3.15337e-07
 Reference value :  3.15980e-07
 Reference value :  3.16634e-07
 Reference value :  3.17337e-07
 Reference value :  3.17977e-07
 Reference value :  3.18775e-07
 Reference value :  3.19616e-07
 Reference value :  3.20311e-07
 Reference value :  3.20634e-07
 Reference value :  3.21110e-07
 Reference value :  3.22099e-07
 Reference value :  3.22806e-07
 Reference value :  3.23609e-07
 Reference value :  3.24377e-07
 Reference value :  3.24543e-07
 Reference value :  3.24587e-07
 Reference value :  3.24681e-07
 Reference value :  3.24800e-07
 Reference value :  3.25067e-07
 Reference value :  3.25347e-07
 Reference value :  3.25532e-07
 Reference value :  3.25680e-07
 Reference value :  3.25760e-07
 Reference value :  3.26271e-07
 Reference value :  3.26744e-07
 Reference value :  3.27690e-07
 Reference value :  3.28671e-07
 Reference value :  3.29653e-07
 Reference value :  3.30291e-07
 Reference value :  3.31088e-07
 Reference value :  3.32131e-07
 Reference value :  3.32928e-07
 Reference value :  3.33914e-07
 Reference value :  3.34782e-07
 Reference value :  3.35755e-07
 Reference value :  3.36572e-07
 Reference value :  3.37769e-07
 Reference value :  3.38072e-07
 Reference value :  3.38897e-07
 Reference value :  3.39571e-07
 Reference value :  3.40394e-07
 Reference value :  3.41032e-07
 Reference value :  3.41834e-07
 Reference value :  3.42332e-07
 Reference value :  3.43510e-07
 Reference value :  3.44147e-07
 Reference value :  3.44792e-07
 Reference value :  3.45465e-07
 Reference value :  3.46160e-07
 Reference value :  3.46966e-07
 Reference value :  3.47776e-07
 Reference value :  3.48605e-07
 Reference value :  3.49153e-07
 Reference value :  3.50143e-07
 Reference value :  3.51018e-07
 Reference value :  3.51997e-07
 Reference value :  3.53154e-07
 Reference value :  3.54002e-07
 Reference value :  3.54960e-07
 Reference value :  3.55854e-07
 Reference value :  3.56662e-07
 Reference value :  3.57832e-07
 Reference value :  3.58831e-07
 Reference value :  3.59142e-07
 Reference value :  3.59948e-07
 Reference value :  3.60998e-07
 Reference value :  3.61796e-07
 Reference value :  3.62790e-07
 Reference value :  3.63827e-07
 Reference value :  3.64470e-07
 Reference value :  3.65124e-07
 Reference value :  3.65998e-07
 Reference value :  3.66173e-07
 Reference value :  3.66242e-07
 Reference value :  3.66304e-07
 Reference value :  3.66383e-07
 Reference value :  3.66584e-07
 Reference value :  3.66691e-07
 Reference value :  3.66949e-07
 Reference value :  3.67173e-07
 Reference value :  3.67276e-07
 Reference value :  3.67448e-07
 Reference value :  3.67933e-07
 Reference value :  3.68571e-07
 Reference value :  3.69175e-07
 Reference value :  3.70025e-07
 Reference value :  3.70496e-07
 Reference value :  3.71272e-07
 Reference value :  3.71901e-07
 Reference value :  3.72386e-07
 Reference value :  3.72855e-07
 Reference value :  3.73743e-07
 Reference value :  3.74544e-07
 Reference value :  3.75188e-07
 Reference value :  3.76014e-07
 Reference value :  3.76879e-07
 Reference value :  3.77353e-07
 Reference value :  3.78156e-07
 Reference value :  3.78807e-07
 Reference value :  3.79835e-07
 Reference value :  3.80477e-07
 Reference value :  3.80944e-07
 Reference value :  3.81436e-07
 Reference value :  3.81941e-07
 Reference value :  3.82648e-07
 Reference value :  3.83291e-07
 Reference value :  3.83788e-07
 Reference value :  3.84446e-07
 Reference value :  3.85155e-07
 Reference value :  3.85650e-07
 Reference value :  3.86297e-07
 Reference value :  3.86957e-07
 Reference value :  3.87842e-07
 Reference value :  3.88170e-07
 Reference value :  3.88321e-07
 Reference value :  3.88826e-07
 Reference value :  3.89370e-07
 Reference value :  3.89866e-07
 Reference value :  3.90177e-07
 Reference value :  3.90824e-07
 Reference value :  3.91330e-07
 Reference value :  3.91874e-07
 Reference value :  3.92370e-07
 Reference value :  3.92681e-07
 Reference value :  3.93178e-07
 Reference value :  3.93836e-07
 Reference value :  3.94712e-07
 Reference value :  3.95347e-07
 Reference value :  3.95842e-07
 Reference value :  3.96351e-07
 Reference value :  3.97044e-07
 Reference value :  3.97538e-07
 Reference value :  3.98184e-07
 Reference value :  3.98679e-07
 Reference value :  3.99170e-07
 Reference value :  3.99556e-07
 Reference value :  4.00052e-07
 Reference value :  4.00703e-07
 Reference value :  4.01019e-07
 Reference value :  4.01706e-07
 Reference value :  4.02039e-07
 Reference value :  4.02530e-07
 Reference value :  4.03172e-07
 Reference value :  4.03481e-07
 Reference value :  4.03996e-07
 Reference value :  4.04524e-07
 Reference value :  4.05021e-07
 Reference value :  4.05661e-07
 Reference value :  4.05967e-07
 Reference value :  4.06966e-07
 Reference value :  4.07863e-07
 Reference value :  4.07963e-07
 Reference value :  4.08065e-07
 Reference value :  4.08280e-07
 Reference value :  4.08689e-07
 Reference value :  4.08934e-07
 Reference value :  4.09098e-07
 Reference value :  4.09834e-07
 Reference value :  4.09993e-07
 Reference value :  4.10133e-07
 Reference value :  4.10449e-07
 Reference value :  4.11063e-07
 Reference value :  4.11370e-07
 Reference value :  4.11706e-07
 Reference value :  4.11858e-07
 Reference value :  4.12343e-07
 Reference value :  4.12953e-07
 Reference value :  4.13707e-07
 Reference value :  4.14192e-07
 Reference value :  4.14975e-07
 Reference value :  4.15629e-07
 Reference value :  4.16318e-07
 Reference value :  4.17298e-07
 Reference value :  4.17775e-07
 Reference value :  4.18586e-07
 Reference value :  4.19421e-07
 Reference value :  4.19929e-07
 Reference value :  4.20724e-07
 Reference value :  4.21371e-07
 Reference value :  4.21715e-07
 Reference value :  4.22419e-07
 Reference value :  4.23061e-07
 Reference value :  4.23555e-07
 Reference value :  4.24041e-07
 Reference value :  4.24204e-07
 Reference value :  4.24358e-07
 Reference value :  4.25391e-07
 Reference value :  4.26187e-07
 Reference value :  4.26994e-07
 Reference value :  4.28047e-07
 Reference value :  4.28847e-07
 Reference value :  4.29682e-07
 Reference value :  4.30395e-07
 Reference value :  4.31055e-07
 Reference value :  4.31542e-07
 Reference value :  4.31861e-07
 Reference value :  4.32379e-07
 Reference value :  4.33042e-07
 Reference value :  4.33534e-07
 Reference value :  4.34176e-07
 Reference value :  4.34665e-07
 Reference value :  4.35533e-07
 Reference value :  4.36028e-07
 Reference value :  4.36819e-07
 Reference value :  4.37474e-07
 Reference value :  4.38158e-07
 Reference value :  4.38661e-07
 Reference value :  4.39301e-07
 Reference value :  4.39797e-07
 Reference value :  4.40624e-07
 Reference value :  4.41493e-07
 Reference value :  4.41961e-07
 Reference value :  4.42959e-07
 Reference value :  4.44165e-07
 Reference value :  4.44815e-07
 Reference value :  4.45129e-07
 Reference value :  4.45482e-07
 Reference value :  4.46004e-07
 Reference value :  4.46802e-07
 Reference value :  4.47792e-07
 Reference value :  4.48667e-07
 Reference value :  4.49500e-07
 Reference value :  4.49572e-07
 Reference value :  4.49651e-07
 Reference value :  4.49737e-07
 Reference value :  4.49937e-07
 Reference value :  4.50147e-07
 Reference value :  4.50325e-07
 Reference value :  4.50412e-07
 Reference value :  4.50513e-07
 Reference value :  4.50613e-07
 Reference value :  4.50974e-07
 Reference value :  4.51373e-07
 Reference value :  4.51790e-07
 Reference value :  4.52168e-07
 Reference value :  4.52584e-07
 Reference value :  4.52886e-07
 Reference value :  4.53364e-07
 Reference value :  4.53851e-07
 Reference value :  4.54480e-07
 Reference value :  4.55273e-07
 Reference value :  4.55893e-07
 Reference value :  4.56211e-07
 Reference value :  4.56670e-07
 Reference value :  4.57143e-07
 Reference value :  4.57926e-07
 Reference value :  4.58747e-07
 Reference value :  4.59733e-07
 Reference value :  4.60446e-07
 Reference value :  4.61079e-07
 Reference value :  4.62114e-07
 Reference value :  4.62757e-07
 Reference value :  4.63392e-07
 Reference value :  4.64033e-07
 Reference value :  4.64531e-07
 Reference value :  4.65031e-07
 Reference value :  4.65881e-07
 Reference value :  4.66519e-07
 Reference value :  4.67165e-07
 Reference value :  4.67994e-07
 Reference value :  4.68864e-07
 Reference value :  4.69165e-07
 Reference value :  4.69649e-07
 Reference value :  4.70299e-07
 Reference value :  4.71354e-07
 Reference value :  4.72012e-07
 Reference value :  4.72815e-07
 Reference value :  4.73328e-07
 Reference value :  4.74001e-07
 Reference value :  4.74793e-07
 Reference value :  4.75278e-07
 Reference value :  4.76092e-07
 Reference value :  4.76770e-07
 Reference value :  4.77284e-07
 Reference value :  4.77916e-07
 Reference value :  4.78741e-07
 Reference value :  4.79598e-07
 Reference value :  4.80093e-07
 Reference value :  4.80240e-07
 Reference value :  4.80728e-07
 Reference value :  4.80874e-07
 Reference value :  4.81512e-07
 Reference value :  4.82009e-07
 Reference value :  4.82320e-07
 Reference value :  4.82666e-07
 Reference value :  4.83373e-07
 Reference value :  4.84013e-07
 Reference value :  4.84661e-07
 Reference value :  4.85708e-07
 Reference value :  4.86361e-07
 Reference value :  4.87002e-07
 Reference value :  4.87491e-07
 Reference value :  4.87978e-07
 Reference value :  4.88840e-07
 Reference value :  4.89313e-07
 Reference value :  4.89949e-07
 Reference value :  4.90753e-07
 Reference value :  4.91171e-07
 Reference value :  4.91216e-07
 Reference value :  4.91251e-07
 Reference value :  4.91305e-07
 Reference value :  4.91384e-07
 Reference value :  4.91483e-07
 Reference value :  4.91726e-07
 Reference value :  4.91934e-07
 Reference value :  4.92180e-07
 Reference value :  4.92339e-07
 Reference value :  4.92519e-07
 Reference value :  4.93142e-07
 Reference value :  4.93881e-07
 Reference value :  4.95066e-07
 Reference value :  4.95717e-07
 Reference value :  4.96662e-07
 Reference value :  4.97544e-07
 Reference value :  4.98201e-07
 Reference value :  4.98678e-07
 Reference value :  4.98986e-07
 Reference value :  4.99635e-07
 Reference value :  5.00468e-07
 Reference value :  5.01350e-07
 Reference value :  5.02002e-07
 Reference value :  5.03034e-07
 Reference value :  5.03835e-07
 Reference value :  5.04481e-07
 Reference value :  5.05141e-07
 Reference value :  5.06026e-07
 Reference value :  5.06506e-07
 Reference value :  5.07555e-07
 Reference value :  5.08361e-07
 Reference value :  5.09354e-07
 Reference value :  5.10231e-07
 Reference value :  5.10878e-07
 Reference value :  5.11708e-07
 Reference value :  5.12579e-07
 Reference value :  5.13369e-07
 Reference value :  5.13870e-07
 Reference value :  5.14378e-07
 Reference value :  5.15053e-07
 Reference value :  5.15536e-07
 Reference value :  5.15847e-07
 Reference value :  5.16342e-07
 Reference value :  5.16652e-07
 Reference value :  5.16996e-07
 Reference value :  5.17866e-07
 Reference value :  5.18673e-07
 Reference value :  5.19487e-07
 Reference value :  5.20518e-07
 Reference value :  5.20985e-07
 Reference value :  5.21471e-07
 Reference value :  5.22464e-07
 Reference value :  5.23341e-07
 Reference value :  5.23989e-07
 Reference value :  5.25196e-07
 Reference value :  5.25839e-07
 Reference value :  5.26985e-07
 Reference value :  5.28181e-07
 Reference value :  5.28823e-07
 Reference value :  5.29467e-07
 Reference value :  5.29971e-07
 Reference value :  5.30460e-07
 Reference value :  5.30820e-07
 Reference value :  5.31465e-07
 Reference value :  5.32113e-07
 Reference value :  5.32833e-07
 Reference value :  5.32854e-07
 Reference value :  5.32951e-07
 Reference value :  5.33055e-07
 Reference value :  5.33191e-07
 Reference value :  5.33444e-07
 Reference value :  5.33738e-07
 Reference value :  5.33868e-07
 Reference value :  5.33906e-07
 Reference value :  5.33940e-07
 Reference value :  5.34019e-07
 Reference value :  5.34108e-07
 Reference value :  5.34717e-07
 Reference value :  5.35529e-07
 Reference value :  5.36308e-07
 Reference value :  5.37322e-07
 Reference value :  5.38104e-07
 Reference value :  5.38898e-07
 Reference value :  5.39389e-07
 Reference value :  5.40226e-07
 Reference value :  5.41112e-07
 Reference value :  5.41423e-07
 Reference value :  5.41769e-07
 Reference value :  5.42806e-07
 Reference value :  5.43611e-07
 Reference value :  5.44102e-07
 Reference value :  5.45136e-07
 Reference value :  5.45611e-07
 Reference value :  5.46255e-07
 Reference value :  5.46910e-07
 Reference value :  5.47938e-07
 Reference value :  5.48729e-07
 Reference value :  5.49531e-07
 Reference value :  5.50190e-07
 Reference value :  5.51058e-07
 Reference value :  5.51541e-07
 Reference value :  5.51851e-07
 Reference value :  5.52496e-07
 Reference value :  5.52998e-07
 Reference value :  5.54031e-07
 Reference value :  5.54672e-07
 Reference value :  5.55319e-07
 Reference value :  5.55979e-07
 Reference value :  5.57027e-07
 Reference value :  5.57847e-07
 Reference value :  5.58718e-07
 Reference value :  5.59517e-07
 Reference value :  5.60349e-07
 Reference value :  5.61056e-07
 Reference value :  5.61551e-07
 Reference value :  5.62358e-07
 Reference value :  5.63184e-07
 Reference value :  5.63885e-07
 Reference value :  5.64516e-07
 Reference value :  5.65006e-07
 Reference value :  5.65344e-07
 Reference value :  5.65680e-07
 Reference value :  5.66210e-07
 Reference value :  5.66542e-07
 Reference value :  5.66854e-07
 Reference value :  5.67184e-07
 Reference value :  5.67495e-07
 Reference value :  5.67831e-07
 Reference value :  5.68147e-07
 Reference value :  5.68656e-07
 Reference value :  5.68984e-07
 Reference value :  5.69376e-07
 Reference value :  5.69712e-07
 Reference value :  5.70026e-07
 Reference value :  5.70369e-07
 Reference value :  5.70703e-07
 Reference value :  5.71248e-07
 Reference value :  5.71582e-07
 Reference value :  5.71895e-07
 Reference value :  5.72398e-07
 Reference value :  5.72937e-07
 Reference value :  5.73101e-07
 Reference value :  5.73433e-07
 Reference value :  5.73744e-07
 Reference value :  5.74244e-07
 Reference value :  5.74508e-07
 Reference value :  5.74539e-07
 Reference value :  5.74573e-07
 Reference value :  5.74612e-07
 Reference value :  5.74646e-07
 Reference value :  5.74679e-07
 Reference value :  5.74694e-07
 Reference value :  5.74727e-07
 Reference value :  5.74801e-07
 Reference value :  5.74929e-07
 Reference value :  5.75121e-07
 Reference value :  5.75284e-07
 Reference value :  5.75372e-07
 Reference value :  5.75484e-07
 Reference value :  5.75535e-07
 Reference value :  5.75663e-07
 Reference value :  5.76092e-07
 Reference value :  5.76572e-07
 Reference value :  5.76892e-07
 Reference value :  5.77331e-07
 Reference value :  5.77957e-07
 Reference value :  5.78437e-07
 Reference value :  5.79272e-07
 Reference value :  5.79759e-07
 Reference value :  5.80235e-07
 Reference value :  5.80868e-07
 Reference value :  5.81493e-07
 Reference value :  5.82128e-07
 Reference value :  5.82766e-07
 Reference value :  5.83442e-07
 Reference value :  5.83858e-07
 Reference value :  5.84673e-07
 Reference value :  5.85475e-07
 Reference value :  5.86100e-07
 Reference value :  5.86584e-07
 Reference value :  5.87074e-07
 Reference value :  5.87550e-07
 Reference value :  5.88023e-07
 Reference value :  5.89070e-07
 Reference value :  5.89711e-07
 Reference value :  5.90355e-07
 Reference value :  5.90859e-07
 Reference value :  5.91892e-07
 Reference value :  5.92358e-07
 Reference value :  5.93004e-07
 Reference value :  5.93500e-07
 Reference value :  5.94345e-07
 Reference value :  5.94844e-07
 Reference value :  5.95176e-07
 Reference value :  5.95656e-07
 Reference value :  5.95970e-07
 Reference value :  5.96473e-07
 Reference value :  5.97014e-07
 Reference value :  5.97344e-07
 Reference value :  5.97974e-07
 Reference value :  5.98313e-07
 Reference value :  5.98621e-07
 Reference value :  5.99474e-07
 Reference value :  6.00145e-07
 Reference value :  6.00627e-07
 Reference value :  6.00937e-07
 Reference value :  6.01432e-07
 Reference value :  6.01741e-07
 Reference value :  6.02256e-07
 Reference value :  6.02787e-07
 Reference value :  6.03430e-07
 Reference value :  6.03923e-07
 Reference value :  6.04572e-07
 Reference value :  6.05075e-07
 Reference value :  6.05406e-07
 Reference value :  6.05762e-07
 Reference value :  6.06250e-07
 Reference value :  6.06718e-07
 Reference value :  6.07210e-07
 Reference value :  6.07886e-07
 Reference value :  6.08595e-07
 Reference value :  6.09231e-07
 Reference value :  6.09575e-07
 Reference value :  6.09890e-07
 Reference value :  6.10413e-07
 Reference value :  6.10913e-07
 Reference value :  6.11405e-07
 Reference value :  6.11709e-07
 Reference value :  6.12049e-07
 Reference value :  6.12539e-07
 Reference value :  6.12874e-07
 Reference value :  6.13575e-07
 Reference value :  6.14050e-07
 Reference value :  6.14696e-07
 Reference value :  6.15200e-07
 Reference value :  6.16035e-07
 Reference value :  6.16172e-07
 Reference value :  6.16196e-07
 Reference value :  6.16220e-07
 Reference value :  6.16239e-07
 Reference value :  6.16265e-07
 Reference value :  6.16300e-07
 Reference value :  6.16326e-07
 Reference value :  6.16385e-07
 Reference value :  6.16586e-07
 Reference value :  6.16635e-07
 Reference value :  6.16742e-07
 Reference value :  6.16887e-07
 Reference value :  6.17167e-07
 Reference value :  6.17242e-07
 Reference value :  6.17361e-07
 Reference value :  6.17451e-07
 Reference value :  6.17576e-07
 Reference value :  6.17678e-07
 Reference value :  6.17759e-07
 Reference value :  6.17912e-07
 Reference value :  6.18112e-07
 Reference value :  6.18343e-07
 Reference value :  6.18581e-07
 Reference value :  6.18977e-07
 Reference value :  6.19439e-07
 Reference value :  6.19908e-07
 Reference value :  6.20056e-07
 Reference value :  6.20691e-07
 Reference value :  6.21314e-07
 Reference value :  6.21929e-07
 Reference value :  6.22560e-07
 Reference value :  6.23187e-07
 Reference value :  6.23971e-07
 Reference value :  6.24789e-07
 Reference value :  6.25604e-07
 Reference value :  6.26637e-07
 Reference value :  6.27436e-07
 Reference value :  6.28084e-07
 Reference value :  6.28916e-07
 Reference value :  6.29913e-07
 Reference value :  6.30552e-07
 Reference value :  6.31201e-07
 Reference value :  6.31867e-07
 Reference value :  6.32544e-07
 Reference value :  6.33515e-07
 Reference value :  6.34328e-07
 Reference value :  6.35195e-07
 Reference value :  6.35671e-07
 Reference value :  6.36162e-07
 Reference value :  6.36642e-07
 Reference value :  6.36956e-07
 Reference value :  6.37460e-07
 Reference value :  6.38165e-07
 Reference value :  6.38659e-07
 Reference value :  6.39301e-07
 Reference value :  6.39789e-07
 Reference value :  6.39953e-07
 Reference value :  6.40489e-07
 Reference value :  6.41147e-07
 Reference value :  6.41622e-07
 Reference value :  6.42089e-07
 Reference value :  6.42739e-07
 Reference value :  6.43411e-07
 Reference value :  6.43956e-07
 Reference value :  6.44283e-07
 Reference value :  6.44926e-07
 Reference value :  6.45416e-07
 Reference value :  6.46118e-07
 Reference value :  6.46612e-07
 Reference value :  6.47250e-07
 Reference value :  6.48057e-07
 Reference value :  6.48883e-07
 Reference value :  6.49424e-07
 Reference value :  6.49918e-07
 Reference value :  6.50564e-07
 Reference value :  6.51225e-07
 Reference value :  6.51940e-07
 Reference value :  6.52587e-07
 Reference value :  6.53090e-07
 Reference value :  6.53793e-07
 Reference value :  6.54432e-07
 Reference value :  6.54925e-07
 Reference value :  6.55231e-07
 Reference value :  6.55725e-07
 Reference value :  6.56402e-07
 Reference value :  6.56765e-07
 Reference value :  6.57415e-07
 Reference value :  6.57833e-07
 Reference value :  6.57869e-07
 Reference value :  6.57884e-07
 Reference value :  6.57932e-07
 Reference value :  6.57982e-07
 Reference value :  6.58079e-07
 Reference value :  6.58238e-07
 Reference value :  6.58345e-07
 Reference value :  6.58451e-07
 Reference value :  6.58655e-07
 Reference value :  6.58846e-07
 Reference value :  6.58966e-07
 Reference value :  6.59464e-07
 Reference value :  6.59785e-07
 Reference value :  6.60254e-07
 Reference value :  6.60552e-07
 Reference value :  6.61040e-07
 Reference value :  6.61704e-07
 Reference value :  6.62355e-07
 Reference value :  6.62823e-07
 Reference value :  6.63447e-07
 Reference value :  6.63758e-07
 Reference value :  6.64396e-07
 Reference value :  6.64893e-07
 Reference value :  6.65391e-07
 Reference value :  6.65722e-07
 Reference value :  6.66084e-07
 Reference value :  6.66405e-07
 Reference value :  6.66732e-07
 Reference value :  6.67371e-07
 Reference value :  6.67857e-07
 Reference value :  6.68345e-07
 Reference value :  6.68882e-07
 Reference value :  6.69210e-07
 Reference value :  6.69511e-07
 Reference value :  6.69996e-07
 Reference value :  6.70640e-07
 Reference value :  6.71680e-07
 Reference value :  6.72336e-07
 Reference value :  6.73125e-07
 Reference value :  6.73621e-07
 Reference value :  6.74457e-07
 Reference value :  6.75310e-07
 Reference value :  6.75615e-07
 Reference value :  6.75743e-07
 Reference value :  6.76014e-07
 Reference value :  6.76292e-07
 Reference value :  6.76609e-07
 Reference value :  6.76759e-07
 Reference value :  6.77237e-07
 Reference value :  6.77537e-07
 Reference value :  6.78018e-07
 Reference value :  6.78507e-07
 Reference value :  6.79161e-07
 Reference value :  6.79314e-07
 Reference value :  6.79832e-07
 Reference value :  6.80344e-07
 Reference value :  6.80499e-07
 Reference value :  6.80988e-07
 Reference value :  6.81293e-07
 Reference value :  6.81632e-07
 Reference value :  6.81782e-07
 Reference value :  6.82121e-07
 Reference value :  6.82285e-07
 Reference value :  6.82824e-07
 Reference value :  6.82988e-07
 Reference value :  6.83482e-07
 Reference value :  6.83785e-07
 Reference value :  6.84124e-07
 Reference value :  6.84273e-07
 Reference value :  6.84610e-07
 Reference value :  6.84928e-07
 Reference value :  6.85281e-07
 Reference value :  6.85611e-07
 Reference value :  6.85959e-07
 Reference value :  6.86275e-07
 Reference value :  6.86606e-07
 Reference value :  6.86753e-07
 Reference value :  6.87248e-07
 Reference value :  6.87558e-07
 Reference value :  6.87903e-07
 Reference value :  6.88443e-07
 Reference value :  6.88773e-07
 Reference value :  6.89101e-07
 Reference value :  6.89404e-07
 Reference value :  6.89743e-07
 Reference value :  6.90051e-07
 Reference value :  6.90395e-07
 Reference value :  6.90722e-07
 Reference value :  6.91095e-07
 Reference value :  6.91427e-07
 Reference value :  6.91739e-07
 Reference value :  6.92232e-07
 Reference value :  6.92380e-07
 Reference value :  6.92715e-07
 Reference value :  6.92879e-07
 Reference value :  6.93031e-07
 Reference value :  6.93377e-07
 Reference value :  6.93709e-07
 Reference value :  6.94075e-07
 Reference value :  6.94398e-07
 Reference value :  6.94728e-07
 Reference value :  6.94876e-07
 Reference value :  6.95211e-07
 Reference value :  6.95375e-07
 Reference value :  6.95688e-07
 Reference value :  6.96036e-07
 Reference value :  6.96363e-07
 Reference value :  6.96753e-07
 Reference value :  6.97250e-07
 Reference value :  6.97402e-07
 Reference value :  6.97744e-07
 Reference value :  6.97908e-07
 Reference value :  6.98236e-07
 Reference value :  6.98619e-07
 Reference value :  6.99116e-07
 Reference value :  6.99383e-07
 Reference value :  6.99507e-07
 Reference value :  6.99536e-07
 Reference value :  6.99568e-07
 Reference value :  6.99613e-07
 Reference value :  6.99652e-07
 Reference value :  6.99687e-07
 Reference value :  6.99742e-07
 Reference value :  6.99842e-07
 Reference value :  6.99892e-07
 Reference value :  7.00002e-07
 Reference value :  7.00166e-07
 Reference value :  7.00243e-07
 Reference value :  7.00330e-07
 Reference value :  7.00415e-07
 Reference value :  7.00516e-07
 Reference value :  7.00586e-07
 Reference value :  7.00667e-07
 Reference value :  7.00768e-07
 Reference value :  7.01014e-07
 Reference value :  7.01100e-07
 Reference value :  7.01261e-07
 Reference value :  7.01367e-07
 Reference value :  7.01466e-07
 Reference value :  7.01594e-07
 Reference value :  7.01724e-07
 Reference value :  7.01983e-07
 Reference value :  7.02118e-07
 Reference value :  7.02376e-07
 Reference value :  7.02540e-07
 Reference value :  7.02855e-07
 Reference value :  7.03164e-07
 Reference value :  7.03312e-07
 Reference value :  7.03617e-07
 Reference value :  7.03936e-07
 Reference value :  7.04241e-07
 Reference value :  7.04594e-07
 Reference value :  7.04917e-07
 Reference value :  7.05285e-07
 Reference value :  7.05614e-07
 Reference value :  7.05915e-07
 Reference value :  7.06236e-07
 Reference value :  7.06396e-07
 Reference value :  7.06543e-07
 Reference value :  7.07030e-07
 Reference value :  7.07177e-07
 Reference value :  7.07511e-07
 Reference value :  7.07820e-07
 Reference value :  7.08319e-07
 Reference value :  7.08642e-07
 Reference value :  7.09012e-07
 Reference value :  7.09342e-07
 Reference value :  7.09653e-07
 Reference value :  7.09978e-07
 Reference value :  7.10286e-07
 Reference value :  7.10776e-07
 Reference value :  7.11080e-07
 Reference value :  7.11419e-07
 Reference value :  7.11571e-07
 Reference value :  7.12074e-07
 Reference value :  7.12616e-07
 Reference value :  7.12779e-07
 Reference value :  7.13111e-07
 Reference value :  7.13419e-07
 Reference value :  7.13913e-07
 Reference value :  7.14063e-07
 Reference value :  7.14402e-07
 Reference value :  7.14736e-07
 Reference value :  7.15104e-07
 Reference value :  7.15266e-07
 Reference value :  7.15597e-07
 Reference value :  7.15759e-07
 Reference value :  7.15906e-07
 Reference value :  7.16234e-07
 Reference value :  7.16396e-07
 Reference value :  7.16544e-07
 Reference value :  7.17040e-07
 Reference value :  7.17350e-07
 Reference value :  7.17695e-07
 Reference value :  7.18022e-07
 Reference value :  7.18403e-07
 Reference value :  7.18896e-07
 Reference value :  7.19199e-07
 Reference value :  7.19538e-07
 Reference value :  7.19689e-07
 Reference value :  7.20029e-07
 Reference value :  7.20192e-07
 Reference value :  7.20518e-07
 Reference value :  7.20894e-07
 Reference value :  7.21225e-07
 Reference value :  7.21387e-07
 Reference value :  7.21533e-07
 Reference value :  7.21863e-07
 Reference value :  7.22173e-07
 Reference value :  7.22509e-07
 Reference value :  7.22671e-07
 Reference value :  7.22984e-07
 Reference value :  7.23331e-07
 Reference value :  7.23883e-07
 Reference value :  7.24045e-07
 Reference value :  7.24380e-07
 Reference value :  7.24691e-07
 Reference value :  7.25030e-07
 Reference value :  7.25193e-07
 Reference value :  7.25519e-07
 Reference value :  7.25893e-07
 Reference value :  7.26386e-07
 Reference value :  7.26533e-07
 Reference value :  7.26862e-07
 Reference value :  7.27023e-07
 Reference value :  7.27327e-07
 Reference value :  7.27666e-07
 Reference value :  7.27817e-07
 Reference value :  7.28321e-07
 Reference value :  7.28862e-07
 Reference value :  7.29189e-07
 Reference value :  7.29517e-07
 Reference value :  7.29663e-07
 Reference value :  7.29994e-07
 Reference value :  7.30156e-07
 Reference value :  7.30304e-07
 Reference value :  7.30641e-07
 Reference value :  7.30804e-07
 Reference value :  7.30957e-07
 Reference value :  7.31307e-07
 Reference value :  7.31469e-07
 Reference value :  7.31796e-07
 Reference value :  7.32148e-07
 Reference value :  7.32477e-07
 Reference value :  7.32638e-07
 Reference value :  7.32785e-07
 Reference value :  7.33278e-07
 Reference value :  7.33585e-07
 Reference value :  7.33926e-07
 Reference value :  7.34251e-07
 Reference value :  7.34619e-07
 Reference value :  7.34949e-07
 Reference value :  7.35265e-07
 Reference value :  7.35591e-07
 Reference value :  7.35752e-07
 Reference value :  7.35898e-07
 Reference value :  7.36389e-07
 Reference value :  7.36535e-07
 Reference value :  7.36870e-07
 Reference value :  7.37031e-07
 Reference value :  7.37183e-07
 Reference value :  7.37687e-07
 Reference value :  7.38013e-07
 Reference value :  7.38391e-07
 Reference value :  7.38883e-07
 Reference value :  7.39030e-07
 Reference value :  7.39362e-07
 Reference value :  7.39673e-07
 Reference value :  7.40011e-07
 Reference value :  7.40173e-07
 Reference value :  7.40498e-07
 Reference value :  7.40867e-07
 Reference value :  7.41167e-07
 Reference value :  7.41172e-07
 Reference value :  7.41195e-07
 Reference value :  7.41218e-07
 Reference value :  7.41226e-07
 Reference value :  7.41256e-07
 Reference value :  7.41267e-07
 Reference value :  7.41304e-07
 Reference value :  7.41349e-07
 Reference value :  7.41390e-07
 Reference value :  7.41442e-07
 Reference value :  7.41500e-07
 Reference value :  7.41570e-07
 Reference value :  7.41706e-07
 Reference value :  7.41815e-07
 Reference value :  7.41969e-07
 Reference value :  7.42055e-07
 Reference value :  7.42202e-07
 Reference value :  7.42243e-07
 Reference value :  7.42318e-07
 Reference value :  7.42388e-07
 Reference value :  7.42484e-07
 Reference value :  7.42610e-07
 Reference value :  7.43010e-07
 Reference value :  7.43168e-07
 Reference value :  7.43315e-07
 Reference value :  7.43751e-07
 Reference value :  7.44051e-07
 Reference value :  7.44550e-07
 Reference value :  7.44868e-07
 Reference value :  7.45043e-07
 Reference value :  7.45192e-07
 Reference value :  7.45668e-07
 Reference value :  7.45812e-07
 Reference value :  7.46295e-07
 Reference value :  7.46928e-07
 Reference value :  7.47073e-07
 Reference value :  7.47404e-07
 Reference value :  7.47564e-07
 Reference value :  7.47867e-07
 Reference value :  7.48205e-07
 Reference value :  7.48515e-07
 Reference value :  7.49025e-07
 Reference value :  7.49400e-07
 Reference value :  7.50053e-07
 Reference value :  7.50693e-07
 Reference value :  7.51001e-07
 Reference value :  7.51344e-07
 Reference value :  7.51878e-07
 Reference value :  7.52207e-07
 Reference value :  7.52535e-07
 Reference value :  7.53173e-07
 Reference value :  7.53321e-07
 Reference value :  7.53654e-07
 Reference value :  7.53967e-07
 Reference value :  7.54307e-07
 Reference value :  7.54471e-07
 Reference value :  7.55015e-07
 Reference value :  7.55343e-07
 Reference value :  7.55671e-07
 Reference value :  7.55975e-07
 Reference value :  7.56315e-07
 Reference value :  7.56626e-07
 Reference value :  7.56971e-07
 Reference value :  7.57516e-07
 Reference value :  7.57679e-07
 Reference value :  7.58172e-07
 Reference value :  7.58320e-07
 Reference value :  7.58654e-07
 Reference value :  7.58970e-07
 Reference value :  7.59475e-07
 Reference value :  7.60024e-07
 Reference value :  7.60352e-07
 Reference value :  7.60681e-07
 Reference value :  7.60831e-07
 Reference value :  7.61332e-07
 Reference value :  7.61646e-07
 Reference value :  7.62001e-07
 Reference value :  7.62515e-07
 Reference value :  7.62828e-07
 Reference value :  7.63160e-07
 Reference value :  7.63642e-07
 Reference value :  7.63806e-07
 Reference value :  7.63955e-07
 Reference value :  7.64456e-07
 Reference value :  7.64998e-07
 Reference value :  7.65328e-07
 Reference value :  7.65653e-07
 Reference value :  7.65801e-07
 Reference value :  7.66299e-07
 Reference value :  7.66603e-07
 Reference value :  7.66942e-07
 Reference value :  7.67478e-07
 Reference value :  7.67643e-07
 Reference value :  7.68135e-07
 Reference value :  7.68442e-07
 Reference value :  7.68782e-07
 Reference value :  7.69081e-07
 Reference value :  7.69413e-07
 Reference value :  7.69558e-07
 Reference value :  7.69898e-07
 Reference value :  7.70214e-07
 Reference value :  7.70524e-07
 Reference value :  7.70680e-07
 Reference value :  7.70976e-07
 Reference value :  7.71309e-07
 Reference value :  7.71456e-07
 Reference value :  7.71779e-07
 Reference value :  7.71940e-07
 Reference value :  7.72241e-07
 Reference value :  7.72584e-07
 Reference value :  7.72733e-07
 Reference value :  7.73235e-07
 Reference value :  7.73775e-07
 Reference value :  7.73939e-07
 Reference value :  7.74432e-07
 Reference value :  7.74580e-07
 Reference value :  7.75075e-07
 Reference value :  7.75224e-07
 Reference value :  7.75562e-07
 Reference value :  7.75725e-07
 Reference value :  7.76052e-07
 Reference value :  7.76425e-07
 Reference value :  7.76920e-07
 Reference value :  7.77222e-07
 Reference value :  7.77559e-07
 Reference value :  7.77864e-07
 Reference value :  7.78204e-07
 Reference value :  7.78515e-07
 Reference value :  7.78861e-07
 Reference value :  7.79188e-07
 Reference value :  7.79571e-07
 Reference value :  7.79904e-07
 Reference value :  7.80067e-07
 Reference value :  7.80373e-07
 Reference value :  7.80715e-07
 Reference value :  7.81029e-07
 Reference value :  7.81381e-07
 Reference value :  7.81904e-07
 Reference value :  7.82224e-07
 Reference value :  7.82560e-07
 Reference value :  7.82833e-07
 Reference value :  7.82846e-07
 Reference value :  7.82924e-07
 Reference value :  7.83000e-07
 Reference value :  7.83051e-07
 Reference value :  7.83091e-07
 Reference value :  7.83161e-07
 Reference value :  7.83227e-07
 Reference value :  7.83263e-07
 Reference value :  7.83349e-07
 Reference value :  7.83490e-07
 Reference value :  7.83574e-07
 Reference value :  7.83685e-07
 Reference value :  7.83759e-07
 Reference value :  7.83833e-07
 Reference value :  7.83878e-07
 Reference value :  7.83920e-07
 Reference value :  7.84012e-07
 Reference value :  7.84185e-07
 Reference value :  7.84378e-07
 Reference value :  7.84470e-07
 Reference value :  7.84552e-07
 Reference value :  7.84756e-07
 Reference value :  7.84988e-07
 Reference value :  7.85199e-07
 Reference value :  7.85410e-07
 Reference value :  7.85827e-07
 Reference value :  7.85972e-07
 Reference value :  7.86103e-07
 Reference value :  7.86560e-07
 Reference value :  7.86860e-07
 Reference value :  7.87183e-07
 Reference value :  7.87327e-07
 Reference value :  7.87799e-07
 Reference value :  7.88081e-07
 Reference value :  7.88411e-07
 Reference value :  7.88712e-07
 Reference value :  7.89047e-07
 Reference value :  7.89193e-07
 Reference value :  7.89675e-07
 Reference value :  7.89966e-07
 Reference value :  7.90294e-07
 Reference value :  7.90590e-07
 Reference value :  7.90922e-07
 Reference value :  7.91223e-07
 Reference value :  7.91557e-07
 Reference value :  7.91859e-07
 Reference value :  7.92195e-07
 Reference value :  7.92501e-07
 Reference value :  7.92843e-07
 Reference value :  7.93382e-07
 Reference value :  7.93707e-07
 Reference value :  7.94033e-07
 Reference value :  7.94331e-07
 Reference value :  7.94665e-07
 Reference value :  7.94813e-07
 Reference value :  7.95307e-07
 Reference value :  7.95455e-07
 Reference value :  7.95792e-07
 Reference value :  7.96125e-07
 Reference value :  7.96483e-07
 Reference value :  7.96647e-07
 Reference value :  7.97142e-07
 Reference value :  7.97291e-07
 Reference value :  7.97779e-07
 Reference value :  7.97926e-07
 Reference value :  7.98417e-07
 Reference value :  7.98723e-07
 Reference value :  7.99062e-07
 Reference value :  7.99215e-07
 Reference value :  7.99721e-07
 Reference value :  8.00270e-07
 Reference value :  8.00433e-07
 Reference value :  8.00767e-07
 Reference value :  8.01079e-07
 Reference value :  8.01581e-07
 Reference value :  8.02117e-07
 Reference value :  8.02281e-07
 Reference value :  8.02612e-07
 Reference value :  8.02924e-07
 Reference value :  8.03415e-07
 Reference value :  8.03564e-07
 Reference value :  8.04061e-07
 Reference value :  8.04372e-07
 Reference value :  8.04718e-07
 Reference value :  8.05264e-07
 Reference value :  8.05428e-07
 Reference value :  8.05922e-07
 Reference value :  8.06070e-07
 Reference value :  8.06405e-07
 Reference value :  8.06721e-07
 Reference value :  8.07228e-07
 Reference value :  8.07555e-07
 Reference value :  8.07943e-07
 Reference value :  8.08440e-07
 Reference value :  8.08590e-07
 Reference value :  8.09094e-07
 Reference value :  8.09421e-07
 Reference value :  8.09798e-07
 Reference value :  8.10293e-07
 Reference value :  8.10596e-07
 Reference value :  8.10934e-07
 Reference value :  8.11241e-07
 Reference value :  8.11584e-07
 Reference value :  8.11899e-07
 Reference value :  8.12254e-07
 Reference value :  8.12582e-07
 Reference value :  8.12926e-07
 Reference value :  8.13255e-07
 Reference value :  8.13565e-07
 Reference value :  8.13897e-07
 Reference value :  8.14061e-07
 Reference value :  8.14370e-07
 Reference value :  8.14715e-07
 Reference value :  8.15254e-07
 Reference value :  8.15418e-07
 Reference value :  8.15912e-07
 Reference value :  8.16214e-07
 Reference value :  8.16552e-07
 Reference value :  8.16859e-07
 Reference value :  8.17201e-07
 Reference value :  8.17515e-07
 Reference value :  8.17866e-07
 Reference value :  8.18194e-07
 Reference value :  8.18549e-07
 Reference value :  8.19041e-07
 Reference value :  8.19346e-07
 Reference value :  8.19686e-07
 Reference value :  8.19837e-07
 Reference value :  8.20178e-07
 Reference value :  8.20512e-07
 Reference value :  8.21048e-07
 Reference value :  8.21380e-07
 Reference value :  8.21542e-07
 Reference value :  8.21846e-07
 Reference value :  8.22186e-07
 Reference value :  8.22337e-07
 Reference value :  8.22677e-07
 Reference value :  8.23012e-07
 Reference value :  8.23546e-07
 Reference value :  8.23877e-07
 Reference value :  8.24342e-07
 Reference value :  8.24504e-07
 Reference value :  8.24525e-07
 Reference value :  8.24550e-07
 Reference value :  8.24585e-07
 Reference value :  8.24605e-07
 Reference value :  8.24642e-07
 Reference value :  8.24673e-07
 Reference value :  8.24741e-07
 Reference value :  8.24788e-07
 Reference value :  8.24879e-07
 Reference value :  8.25048e-07
 Reference value :  8.25192e-07
 Reference value :  8.25362e-07
 Reference value :  8.25500e-07
 Reference value :  8.25571e-07
 Reference value :  8.25664e-07
 Reference value :  8.25721e-07
 Reference value :  8.25768e-07
 Reference value :  8.25882e-07
 Reference value :  8.26537e-07
 Reference value :  8.26685e-07
 Reference value :  8.27144e-07
 Reference value :  8.27755e-07
 Reference value :  8.27900e-07
 Reference value :  8.28369e-07
 Reference value :  8.29003e-07
 Reference value :  8.29148e-07
 Reference value :  8.29778e-07
 Reference value :  8.30102e-07
 Reference value :  8.30262e-07
 Reference value :  8.30409e-07
 Reference value :  8.30903e-07
 Reference value :  8.31052e-07
 Reference value :  8.31550e-07
 Reference value :  8.32408e-07
 Reference value :  8.33207e-07
 Reference value :  8.33515e-07
 Reference value :  8.34486e-07
 Reference value :  8.34648e-07
 Reference value :  8.35140e-07
 Reference value :  8.36008e-07
 Reference value :  8.36805e-07
 Reference value :  8.37799e-07
 Reference value :  8.38998e-07
 Reference value :  8.39479e-07
 Reference value :  8.40297e-07
 Reference value :  8.41497e-07
 Reference value :  8.42142e-07
 Reference value :  8.42452e-07
 Reference value :  8.42967e-07
 Reference value :  8.43505e-07
 Reference value :  8.43999e-07
 Reference value :  8.44796e-07
 Reference value :  8.46013e-07
 Reference value :  8.46508e-07
 Reference value :  8.46658e-07
 Reference value :  8.47313e-07
 Reference value :  8.47828e-07
 Reference value :  8.48655e-07
 Reference value :  8.49468e-07
 Reference value :  8.49632e-07
 Reference value :  8.49941e-07
 Reference value :  8.50612e-07
 Reference value :  8.50988e-07
 Reference value :  8.51482e-07
 Reference value :  8.52125e-07
 Reference value :  8.53102e-07
 Reference value :  8.53475e-07
 Reference value :  8.53969e-07
 Reference value :  8.54118e-07
 Reference value :  8.54761e-07
 Reference value :  8.55255e-07
 Reference value :  8.55920e-07
 Reference value :  8.56468e-07
 Reference value :  8.57280e-07
 Reference value :  8.57777e-07
 Reference value :  8.58321e-07
 Reference value :  8.58652e-07
 Reference value :  8.59121e-07
 Reference value :  8.59624e-07
 Reference value :  8.59925e-07
 Reference value :  8.60590e-07
 Reference value :  8.60939e-07
 Reference value :  8.61041e-07
 Reference value :  8.61176e-07
 Reference value :  8.61303e-07
 Reference value :  8.61413e-07
 Reference value :  8.61825e-07
 Reference value :  8.62131e-07
 Reference value :  8.62593e-07
 Reference value :  8.62736e-07
 Reference value :  8.63210e-07
 Reference value :  8.63507e-07
 Reference value :  8.63831e-07
 Reference value :  8.64131e-07
 Reference value :  8.64605e-07
 Reference value :  8.65247e-07
 Reference value :  8.65750e-07
 Reference value :  8.66171e-07
 Reference value :  8.66193e-07
 Reference value :  8.66203e-07
 Reference value :  8.66219e-07
 Reference value :  8.66235e-07
 Reference value :  8.66254e-07
 Reference value :  8.66276e-07
 Reference value :  8.66310e-07
 Reference value :  8.66363e-07
 Reference value :  8.66407e-07
 Reference value :  8.66671e-07
 Reference value :  8.66811e-07
 Reference value :  8.66871e-07
 Reference value :  8.66935e-07
 Reference value :  8.66994e-07
 Reference value :  8.67176e-07
 Reference value :  8.67252e-07
 Reference value :  8.67325e-07
 Reference value :  8.67390e-07
 Reference value :  8.67483e-07
 Reference value :  8.67657e-07
 Reference value :  8.67829e-07
 Reference value :  8.68056e-07
 Reference value :  8.68226e-07
 Reference value :  8.68435e-07
 Reference value :  8.68826e-07
 Reference value :  8.69108e-07
 Reference value :  8.69564e-07
 Reference value :  8.69877e-07
 Reference value :  8.70340e-07
 Reference value :  8.70979e-07
 Reference value :  8.71336e-07
 Reference value :  8.72152e-07
 Reference value :  8.72481e-07
 Reference value :  8.73113e-07
 Reference value :  8.73258e-07
 Reference value :  8.73751e-07
 Reference value :  8.74056e-07
 Reference value :  8.74397e-07
 Reference value :  8.74710e-07
 Reference value :  8.75389e-07
 Reference value :  8.75739e-07
 Reference value :  8.76529e-07
 Reference value :  8.76865e-07
 Reference value :  8.77014e-07
 Reference value :  8.77350e-07
 Reference value :  8.77665e-07
 Reference value :  8.78342e-07
 Reference value :  8.78703e-07
 Reference value :  8.79354e-07
 Reference value :  8.79657e-07
 Reference value :  8.80147e-07
 Reference value :  8.81351e-07
 Reference value :  8.82145e-07
 Reference value :  8.82788e-07
 Reference value :  8.83627e-07
 Reference value :  8.84506e-07
 Reference value :  8.85494e-07
 Reference value :  8.86364e-07
 Reference value :  8.87339e-07
 Reference value :  8.88156e-07
 Reference value :  8.89192e-07
 Reference value :  8.89996e-07
 Reference value :  8.90646e-07
 Reference value :  8.91644e-07
 Reference value :  8.92479e-07
 Reference value :  8.92959e-07
 Reference value :  8.93431e-07
 Reference value :  8.94477e-07
 Reference value :  8.95118e-07
 Reference value :  8.95759e-07
 Reference value :  8.96410e-07
 Reference value :  8.97636e-07
 Reference value :  8.98442e-07
 Reference value :  8.99496e-07
 Reference value :  9.00294e-07
 Reference value :  9.01127e-07
 Reference value :  9.02163e-07
 Reference value :  9.02973e-07
 Reference value :  9.03628e-07
 Reference value :  9.04497e-07
 Reference value :  9.05138e-07
 Reference value :  9.05784e-07
 Reference value :  9.06458e-07
 Reference value :  9.07487e-07
 Reference value :  9.07833e-07
 Reference value :  9.07858e-07
 Reference value :  9.07897e-07
 Reference value :  9.07961e-07
 Reference value :  9.08018e-07
 Reference value :  9.08194e-07
 Reference value :  9.08455e-07
 Reference value :  9.08674e-07
 Reference value :  9.08928e-07
 Reference value :  9.09392e-07
 Reference value :  9.09988e-07
 Reference value :  9.11072e-07
 Reference value :  9.11840e-07
 Reference value :  9.12798e-07
 Reference value :  9.13580e-07
 Reference value :  9.14358e-07
 Reference value :  9.14995e-07
 Reference value :  9.15801e-07
 Reference value :  9.16861e-07
 Reference value :  9.17504e-07
 Reference value :  9.18174e-07
 Reference value :  9.19193e-07
 Reference value :  9.19668e-07
 Reference value :  9.20134e-07
 Reference value :  9.20623e-07
 Reference value :  9.21125e-07
 Reference value :  9.21826e-07
 Reference value :  9.22466e-07
 Reference value :  9.23107e-07
 Reference value :  9.24108e-07
 Reference value :  9.24796e-07
 Reference value :  9.25446e-07
 Reference value :  9.26091e-07
 Reference value :  9.26747e-07
 Reference value :  9.27293e-07
 Reference value :  9.27622e-07
 Reference value :  9.28433e-07
 Reference value :  9.29094e-07
 Reference value :  9.29976e-07
 Reference value :  9.30624e-07
 Reference value :  9.31679e-07
 Reference value :  9.32337e-07
 Reference value :  9.33141e-07
 Reference value :  9.34326e-07
 Reference value :  9.35121e-07
 Reference value :  9.36115e-07
 Reference value :  9.36986e-07
 Reference value :  9.37617e-07
 Reference value :  9.38609e-07
 Reference value :  9.39806e-07
 Reference value :  9.40596e-07
 Reference value :  9.41248e-07
 Reference value :  9.41932e-07
 Reference value :  9.42772e-07
 Reference value :  9.43238e-07
 Reference value :  9.43891e-07
 Reference value :  9.44565e-07
 Reference value :  9.45448e-07
 Reference value :  9.46086e-07
 Reference value :  9.46956e-07
 Reference value :  9.47585e-07
 Reference value :  9.48073e-07
 Reference value :  9.48708e-07
 Reference value :  9.49500e-07
 Reference value :  9.49538e-07
 Reference value :  9.49578e-07
 Reference value :  9.49637e-07
 Reference value :  9.49712e-07
 Reference value :  9.49810e-07
 Reference value :  9.50133e-07
 Reference value :  9.50424e-07
 Reference value :  9.50506e-07
 Reference value :  9.50581e-07
 Reference value :  9.50656e-07
 Reference value :  9.50758e-07
 Reference value :  9.51030e-07
 Reference value :  9.51140e-07
 Reference value :  9.51347e-07
 Reference value :  9.51397e-07
 Reference value :  9.51513e-07
 Reference value :  9.51647e-07
 Reference value :  9.51712e-07
 Reference value :  9.52143e-07
 Reference value :  9.52889e-07
 Reference value :  9.53348e-07
 Reference value :  9.53976e-07
 Reference value :  9.54606e-07
 Reference value :  9.55083e-07
 Reference value :  9.55383e-07
 Reference value :  9.55717e-07
 Reference value :  9.56016e-07
 Reference value :  9.56658e-07
 Reference value :  9.57316e-07
 Reference value :  9.57838e-07
 Reference value :  9.58184e-07
 Reference value :  9.58495e-07
 Reference value :  9.58826e-07
 Reference value :  9.59128e-07
 Reference value :  9.59613e-07
 Reference value :  9.60264e-07
 Reference value :  9.61488e-07
 Reference value :  9.62476e-07
 Reference value :  9.63511e-07
 Reference value :  9.64319e-07
 Reference value :  9.64632e-07
 Reference value :  9.65136e-07
 Reference value :  9.65839e-07
 Reference value :  9.66480e-07
 Reference value :  9.67281e-07
 Reference value :  9.67938e-07
 Reference value :  9.68620e-07
 Reference value :  9.69459e-07
 Reference value :  9.70103e-07
 Reference value :  9.70594e-07
 Reference value :  9.71463e-07
 Reference value :  9.71958e-07
 Reference value :  9.72260e-07
 Reference value :  9.72600e-07
 Reference value :  9.72908e-07
 Reference value :  9.73252e-07
 Reference value :  9.73579e-07
 Reference value :  9.73953e-07
 Reference value :  9.74284e-07
 Reference value :  9.74448e-07
 Reference value :  9.74751e-07
 Reference value :  9.75089e-07
 Reference value :  9.75237e-07
 Reference value :  9.75572e-07
 Reference value :  9.75888e-07
 Reference value :  9.76395e-07
 Reference value :  9.76946e-07
 Reference value :  9.77110e-07
 Reference value :  9.77444e-07
 Reference value :  9.77606e-07
 Reference value :  9.77757e-07
 Reference value :  9.78096e-07
 Reference value :  9.78432e-07
 Reference value :  9.78964e-07
 Reference value :  9.79296e-07
 Reference value :  9.79606e-07
 Reference value :  9.80100e-07
 Reference value :  9.80249e-07
 Reference value :  9.80587e-07
 Reference value :  9.80904e-07
 Reference value :  9.81419e-07
 Reference value :  9.81748e-07
 Reference value :  9.82094e-07
 Reference value :  9.82586e-07
 Reference value :  9.82734e-07
 Reference value :  9.83230e-07
 Reference value :  9.83381e-07
 Reference value :  9.83721e-07
 Reference value :  9.83885e-07
 Reference value :  9.84428e-07
 Reference value :  9.84591e-07
 Reference value :  9.84923e-07
 Reference value :  9.85086e-07
 Reference value :  9.85389e-07
 Reference value :  9.85729e-07
 Reference value :  9.85879e-07
 Reference value :  9.86382e-07
 Reference value :  9.86921e-07
 Reference value :  9.87085e-07
 Reference value :  9.87580e-07
 Reference value :  9.87882e-07
 Reference value :  9.88220e-07
 Reference value :  9.88527e-07
 Reference value :  9.88868e-07
 Reference value :  9.89370e-07
 Reference value :  9.89861e-07
 Reference value :  9.90220e-07
 Reference value :  9.90714e-07
 Reference value :  9.91019e-07
 Reference value :  9.91170e-07
 Reference value :  9.91195e-07
 Reference value :  9.91221e-07
 Reference value :  9.91239e-07
 Reference value :  9.91259e-07
 Reference value :  9.91290e-07
 Reference value :  9.91314e-07
 Reference value :  9.91363e-07
 Reference value :  9.91430e-07
 Reference value :  9.91504e-07
 Reference value :  9.91560e-07
 Reference value :  9.91603e-07
 Reference value :  9.91780e-07
 Reference value :  9.91868e-07
 Reference value :  9.91948e-07
 Reference value :  9.92167e-07
 Reference value :  9.92252e-07
 Reference value :  9.92336e-07
 Reference value :  9.92414e-07
 Reference value :  9.92525e-07
 Reference value :  9.92782e-07
 Reference value :  9.93263e-07
 Reference value :  9.93536e-07
 Reference value :  9.94023e-07
 Reference value :  9.94512e-07
 Reference value :  9.94825e-07
 Reference value :  9.95171e-07
 Reference value :  9.95671e-07
 Reference value :  9.95981e-07
 Reference value :  9.96308e-07
 Reference value :  9.96604e-07
 Reference value :  9.96935e-07
 Reference value :  9.97231e-07
 Reference value :  9.97565e-07
 Reference value :  9.97712e-07
 Reference value :  9.98205e-07
 Reference value :  9.98355e-07
 Reference value :  9.98853e-07
 Reference value :  9.99175e-07
 Reference value :  9.99544e-07
 Reference value :  1.00004e-06
 Reference value :  1.00034e-06
 Reference value :  1.00067e-06
 Reference value :  1.00131e-06
 Reference value :  1.00179e-06
 Reference value :  1.00226e-06
 Reference value :  1.00331e-06
 Reference value :  1.00395e-06
 Reference value :  1.00445e-06
 Reference value :  1.00476e-06
 Reference value :  1.00543e-06
 Reference value :  1.00581e-06
 Reference value :  1.00646e-06
 Reference value :  1.00727e-06
 Reference value :  1.00795e-06
 Reference value :  1.00880e-06
 Reference value :  1.00959e-06
 Reference value :  1.01027e-06
 Reference value :  1.01097e-06
 Reference value :  1.01145e-06
 Reference value :  1.01210e-06
 Reference value :  1.01261e-06
 Reference value :  1.01330e-06
 Reference value :  1.01410e-06
 Reference value :  1.01494e-06
 Reference value :  1.01543e-06
 Reference value :  1.01598e-06
 Reference value :  1.01662e-06
 Reference value :  1.01729e-06
 Reference value :  1.01830e-06
 Reference value :  1.01910e-06
 Reference value :  1.01976e-06
 Reference value :  1.02043e-06
 Reference value :  1.02113e-06
 Reference value :  1.02177e-06
 Reference value :  1.02243e-06
 Reference value :  1.02348e-06
 Reference value :  1.02396e-06
 Reference value :  1.02516e-06
 Reference value :  1.02565e-06
 Reference value :  1.02644e-06
 Reference value :  1.02726e-06
 Reference value :  1.02778e-06
 Reference value :  1.02878e-06
 Reference value :  1.02957e-06
 Reference value :  1.03024e-06
 Reference value :  1.03126e-06
 Reference value :  1.03204e-06
 Reference value :  1.03284e-06
 Reference value :  1.03292e-06
 Reference value :  1.03299e-06
 Reference value :  1.03307e-06
 Reference value :  1.03319e-06
 Reference value :  1.03341e-06
 Reference value :  1.03375e-06
 Reference value :  1.03387e-06
 Reference value :  1.03394e-06
 Reference value :  1.03408e-06
 Reference value :  1.03438e-06
 Reference value :  1.03478e-06
 Reference value :  1.03528e-06
 Reference value :  1.03592e-06
 Reference value :  1.03656e-06
 Reference value :  1.03715e-06
 Reference value :  1.03763e-06
 Reference value :  1.03791e-06
 Reference value :  1.03851e-06
 Reference value :  1.03898e-06
 Reference value :  1.03945e-06
 Reference value :  1.03989e-06
 Reference value :  1.04035e-06
 Reference value :  1.04098e-06
 Reference value :  1.04146e-06
 Reference value :  1.04160e-06
 Reference value :  1.04208e-06
 Reference value :  1.04254e-06
 Reference value :  1.04300e-06
 Reference value :  1.04348e-06
 Reference value :  1.04396e-06
 Reference value :  1.04459e-06
 Reference value :  1.04490e-06
 Reference value :  1.04539e-06
 Reference value :  1.04590e-06
 Reference value :  1.04661e-06
 Reference value :  1.04710e-06
 Reference value :  1.04776e-06
 Reference value :  1.04845e-06
 Reference value :  1.04894e-06
 Reference value :  1.04942e-06
 Reference value :  1.04973e-06
 Reference value :  1.05022e-06
 Reference value :  1.05053e-06
 Reference value :  1.05104e-06
 Reference value :  1.05157e-06
 Reference value :  1.05190e-06
 Reference value :  1.05206e-06
 Reference value :  1.05221e-06
 Reference value :  1.05270e-06
 Reference value :  1.05300e-06
 Reference value :  1.05349e-06
 Reference value :  1.05398e-06
 Reference value :  1.05465e-06
 Reference value :  1.05517e-06
 Reference value :  1.05582e-06
 Reference value :  1.05646e-06
 Reference value :  1.05712e-06
 Reference value :  1.05765e-06
 Reference value :  1.05831e-06
 Reference value :  1.05861e-06
 Reference value :  1.05895e-06
 Reference value :  1.05910e-06
 Reference value :  1.05959e-06
 Reference value :  1.05991e-06
 Reference value :  1.06042e-06
 Reference value :  1.06096e-06
 Reference value :  1.06145e-06
 Reference value :  1.06176e-06
 Reference value :  1.06210e-06
 Reference value :  1.06225e-06
 Reference value :  1.06275e-06
 Reference value :  1.06330e-06
 Reference value :  1.06396e-06
 Reference value :  1.06444e-06
 Reference value :  1.06510e-06
 Reference value :  1.06597e-06
 Reference value :  1.06647e-06
 Reference value :  1.06696e-06
 Reference value :  1.06765e-06
 Reference value :  1.06815e-06
 Reference value :  1.06846e-06
 Reference value :  1.06909e-06
 Reference value :  1.06959e-06
 Reference value :  1.07007e-06
 Reference value :  1.07039e-06
 Reference value :  1.07107e-06
 Reference value :  1.07142e-06
 Reference value :  1.07174e-06
 Reference value :  1.07206e-06
 Reference value :  1.07237e-06
 Reference value :  1.07270e-06
 Reference value :  1.07319e-06
 Reference value :  1.07350e-06
 Reference value :  1.07402e-06
 Reference value :  1.07451e-06
 Reference value :  1.07453e-06
 Reference value :  1.07455e-06
 Reference value :  1.07459e-06
 Reference value :  1.07464e-06
 Reference value :  1.07469e-06
 Reference value :  1.07480e-06
 Reference value :  1.07490e-06
 Reference value :  1.07503e-06
 Reference value :  1.07536e-06
 Reference value :  1.07548e-06
 Reference value :  1.07551e-06
 Reference value :  1.07563e-06
 Reference value :  1.07578e-06
 Reference value :  1.07598e-06
 Reference value :  1.07652e-06
 Reference value :  1.07731e-06
 Reference value :  1.07793e-06
 Reference value :  1.07842e-06
 Reference value :  1.07905e-06
 Reference value :  1.07968e-06
 Reference value :  1.08016e-06
 Reference value :  1.08048e-06
 Reference value :  1.08115e-06
 Reference value :  1.08170e-06
 Reference value :  1.08234e-06
 Reference value :  1.08284e-06
 Reference value :  1.08353e-06
 Reference value :  1.08418e-06
 Reference value :  1.08466e-06
 Reference value :  1.08531e-06
 Reference value :  1.08579e-06
 Reference value :  1.08665e-06
 Reference value :  1.08715e-06
 Reference value :  1.08778e-06
 Reference value :  1.08858e-06
 Reference value :  1.08941e-06
 Reference value :  1.09028e-06
 Reference value :  1.09107e-06
 Reference value :  1.09211e-06
 Reference value :  1.09277e-06
 Reference value :  1.09341e-06
 Reference value :  1.09406e-06
 Reference value :  1.09489e-06
 Reference value :  1.09541e-06
 Reference value :  1.09590e-06
 Reference value :  1.09655e-06
 Reference value :  1.09704e-06
 Reference value :  1.09792e-06
 Reference value :  1.09857e-06
 Reference value :  1.09961e-06
 Reference value :  1.10027e-06
 Reference value :  1.10091e-06
 Reference value :  1.10156e-06
 Reference value :  1.10226e-06
 Reference value :  1.10291e-06
 Reference value :  1.10340e-06
 Reference value :  1.10405e-06
 Reference value :  1.10488e-06
 Reference value :  1.10540e-06
 Reference value :  1.10604e-06
 Reference value :  1.10669e-06
 Reference value :  1.10737e-06
 Reference value :  1.10824e-06
 Reference value :  1.10889e-06
 Reference value :  1.10938e-06
 Reference value :  1.11025e-06
 Reference value :  1.11073e-06
 Reference value :  1.11105e-06
 Reference value :  1.11208e-06
 Reference value :  1.11273e-06
 Reference value :  1.11338e-06
 Reference value :  1.11385e-06
 Reference value :  1.11468e-06
 Reference value :  1.11499e-06
 Reference value :  1.11551e-06
 Reference value :  1.11585e-06
 Reference value :  1.11623e-06
 Reference value :  1.11635e-06
 Reference value :  1.11650e-06
 Reference value :  1.11666e-06
 Reference value :  1.11704e-06
 Reference value :  1.11717e-06
 Reference value :  1.11720e-06
 Reference value :  1.11725e-06
 Reference value :  1.11728e-06
 Reference value :  1.11732e-06
 Reference value :  1.11734e-06
 Reference value :  1.11739e-06
 Reference value :  1.11744e-06
 Reference value :  1.11749e-06
 Reference value :  1.11753e-06
 Reference value :  1.11756e-06
 Reference value :  1.11759e-06
 Reference value :  1.11765e-06
 Reference value :  1.11772e-06
 Reference value :  1.11801e-06
 Reference value :  1.11845e-06
 Reference value :  1.11929e-06
 Reference value :  1.11982e-06
 Reference value :  1.12061e-06
 Reference value :  1.12136e-06
 Reference value :  1.12213e-06
 Reference value :  1.12307e-06
 Reference value :  1.12385e-06
 Reference value :  1.12448e-06
 Reference value :  1.12558e-06
 Reference value :  1.12621e-06
 Reference value :  1.12684e-06
 Reference value :  1.12714e-06
 Reference value :  1.12813e-06
 Reference value :  1.12898e-06
 Reference value :  1.12978e-06
 Reference value :  1.13008e-06
 Reference value :  1.13072e-06
 Reference value :  1.13152e-06
 Reference value :  1.13219e-06
 Reference value :  1.13289e-06
 Reference value :  1.13320e-06
 Reference value :  1.13399e-06
 Reference value :  1.13447e-06
 Reference value :  1.13528e-06
 Reference value :  1.13651e-06
 Reference value :  1.13732e-06
 Reference value :  1.13818e-06
 Reference value :  1.13932e-06
 Reference value :  1.14011e-06
 Reference value :  1.14114e-06
 Reference value :  1.14195e-06
 Reference value :  1.14292e-06
 Reference value :  1.14357e-06
 Reference value :  1.14427e-06
 Reference value :  1.14493e-06
 Reference value :  1.14571e-06
 Reference value :  1.14687e-06
 Reference value :  1.14758e-06
 Reference value :  1.14822e-06
 Reference value :  1.14921e-06
 Reference value :  1.14970e-06
 Reference value :  1.15026e-06
 Reference value :  1.15074e-06
 Reference value :  1.15124e-06
 Reference value :  1.15228e-06
 Reference value :  1.15259e-06
 Reference value :  1.15323e-06
 Reference value :  1.15388e-06
 Reference value :  1.15472e-06
 Reference value :  1.15540e-06
 Reference value :  1.15587e-06
 Reference value :  1.15652e-06
 Reference value :  1.15703e-06
 Reference value :  1.15783e-06
 Reference value :  1.15787e-06
 Reference value :  1.15791e-06
 Reference value :  1.15796e-06
 Reference value :  1.15801e-06
 Reference value :  1.15806e-06
 Reference value :  1.15816e-06
 Reference value :  1.15834e-06
 Reference value :  1.15844e-06
 Reference value :  1.15864e-06
 Reference value :  1.15886e-06
 Reference value :  1.15902e-06
 Reference value :  1.15958e-06
 Reference value :  1.15994e-06
 Reference value :  1.16024e-06
 Reference value :  1.16055e-06
 Reference value :  1.16087e-06
 Reference value :  1.16133e-06
 Reference value :  1.16164e-06
 Reference value :  1.16196e-06
 Reference value :  1.16258e-06
 Reference value :  1.16321e-06
 Reference value :  1.16353e-06
 Reference value :  1.16369e-06
 Reference value :  1.16383e-06
 Reference value :  1.16432e-06
 Reference value :  1.16463e-06
 Reference value :  1.16497e-06
 Reference value :  1.16512e-06
 Reference value :  1.16562e-06
 Reference value :  1.16616e-06
 Reference value :  1.16682e-06
 Reference value :  1.16746e-06
 Reference value :  1.16795e-06
 Reference value :  1.16865e-06
 Reference value :  1.16931e-06
 Reference value :  1.16978e-06
 Reference value :  1.16995e-06
 Reference value :  1.17025e-06
 Reference value :  1.17059e-06
 Reference value :  1.17091e-06
 Reference value :  1.17126e-06
 Reference value :  1.17181e-06
 Reference value :  1.17198e-06
 Reference value :  1.17247e-06
 Reference value :  1.17279e-06
 Reference value :  1.17313e-06
 Reference value :  1.17369e-06
 Reference value :  1.17385e-06
 Reference value :  1.17435e-06
 Reference value :  1.17466e-06
 Reference value :  1.17501e-06
 Reference value :  1.17555e-06
 Reference value :  1.17588e-06
 Reference value :  1.17621e-06
 Reference value :  1.17652e-06
 Reference value :  1.17686e-06
 Reference value :  1.17717e-06
 Reference value :  1.17752e-06
 Reference value :  1.17806e-06
 Reference value :  1.17855e-06
 Reference value :  1.17886e-06
 Reference value :  1.17936e-06
 Reference value :  1.17985e-06
 Reference value :  1.18018e-06
 Reference value :  1.18057e-06
 Reference value :  1.18073e-06
 Reference value :  1.18107e-06
 Reference value :  1.18123e-06
 Reference value :  1.18138e-06
 Reference value :  1.18188e-06
 Reference value :  1.18243e-06
 Reference value :  1.18276e-06
 Reference value :  1.18309e-06
 Reference value :  1.18339e-06
 Reference value :  1.18373e-06
 Reference value :  1.18388e-06
 Reference value :  1.18439e-06
 Reference value :  1.18494e-06
 Reference value :  1.18543e-06
 Reference value :  1.18560e-06
 Reference value :  1.18574e-06
 Reference value :  1.18624e-06
 Reference value :  1.18656e-06
 Reference value :  1.18691e-06
 Reference value :  1.18724e-06
 Reference value :  1.18760e-06
 Reference value :  1.18809e-06
 Reference value :  1.18840e-06
 Reference value :  1.18874e-06
 Reference value :  1.18889e-06
 Reference value :  1.18940e-06
 Reference value :  1.18996e-06
 Reference value :  1.19029e-06
 Reference value :  1.19062e-06
 Reference value :  1.19093e-06
 Reference value :  1.19127e-06
 Reference value :  1.19182e-06
 Reference value :  1.19215e-06
 Reference value :  1.19248e-06
 Reference value :  1.19263e-06
 Reference value :  1.19313e-06
 Reference value :  1.19328e-06
 Reference value :  1.19362e-06
 Reference value :  1.19396e-06
 Reference value :  1.19451e-06
 Reference value :  1.19500e-06
 Reference value :  1.19532e-06
 Reference value :  1.19567e-06
 Reference value :  1.19622e-06
 Reference value :  1.19638e-06
 Reference value :  1.19672e-06
 Reference value :  1.19703e-06
 Reference value :  1.19753e-06
 Reference value :  1.19808e-06
 Reference value :  1.19841e-06
 Reference value :  1.19873e-06
 Reference value :  1.19904e-06
 Reference value :  1.19938e-06
 Reference value :  1.19951e-06
 Reference value :  1.19955e-06
 Reference value :  1.19960e-06
 Reference value :  1.19965e-06
 Reference value :  1.19972e-06
 Reference value :  1.19981e-06
 Reference value :  1.19990e-06
 Reference value :  1.20007e-06
 Reference value :  1.20020e-06
 Reference value :  1.20035e-06
 Reference value :  1.20050e-06
 Reference value :  1.20055e-06
 Reference value :  1.20058e-06
 Reference value :  1.20064e-06
 Reference value :  1.20075e-06
 Reference value :  1.20087e-06
 Reference value :  1.20092e-06
 Reference value :  1.20095e-06
 Reference value :  1.20103e-06
 Reference value :  1.20111e-06
 Reference value :  1.20116e-06
 Reference value :  1.20121e-06
 Reference value :  1.20134e-06
 Reference value :  1.20142e-06
 Reference value :  1.20150e-06
 Reference value :  1.20166e-06
 Reference value :  1.20195e-06
 Reference value :  1.20206e-06
 Reference value :  1.20229e-06
 Reference value :  1.20250e-06
 Reference value :  1.20275e-06
 Reference value :  1.20303e-06
 Reference value :  1.20315e-06
 Reference value :  1.20340e-06
 Reference value :  1.20366e-06
 Reference value :  1.20406e-06
 Reference value :  1.20436e-06
 Reference value :  1.20465e-06
 Reference value :  1.20493e-06
 Reference value :  1.20538e-06
 Reference value :  1.20571e-06
 Reference value :  1.20604e-06
 Reference value :  1.20633e-06
 Reference value :  1.20665e-06
 Reference value :  1.20679e-06
 Reference value :  1.20726e-06
 Reference value :  1.20757e-06
 Reference value :  1.20790e-06
 Reference value :  1.20804e-06
 Reference value :  1.20836e-06
 Reference value :  1.20852e-06
 Reference value :  1.20881e-06
 Reference value :  1.20914e-06
 Reference value :  1.20945e-06
 Reference value :  1.20977e-06
 Reference value :  1.20991e-06
 Reference value :  1.21039e-06
 Reference value :  1.21053e-06
 Reference value :  1.21101e-06
 Reference value :  1.21116e-06
 Reference value :  1.21148e-06
 Reference value :  1.21164e-06
 Reference value :  1.21179e-06
 Reference value :  1.21228e-06
 Reference value :  1.21258e-06
 Reference value :  1.21292e-06
 Reference value :  1.21307e-06
 Reference value :  1.21341e-06
 Reference value :  1.21374e-06
 Reference value :  1.21427e-06
 Reference value :  1.21460e-06
 Reference value :  1.21476e-06
 Reference value :  1.21506e-06
 Reference value :  1.21540e-06
 Reference value :  1.21554e-06
 Reference value :  1.21588e-06
 Reference value :  1.21619e-06
 Reference value :  1.21669e-06
 Reference value :  1.21702e-06
 Reference value :  1.21740e-06
 Reference value :  1.21789e-06
 Reference value :  1.21803e-06
 Reference value :  1.21836e-06
 Reference value :  1.21852e-06
 Reference value :  1.21867e-06
 Reference value :  1.21900e-06
 Reference value :  1.21931e-06
 Reference value :  1.21966e-06
 Reference value :  1.21999e-06
 Reference value :  1.22037e-06
 Reference value :  1.22053e-06
 Reference value :  1.22102e-06
 Reference value :  1.22132e-06
 Reference value :  1.22166e-06
 Reference value :  1.22197e-06
 Reference value :  1.22231e-06
 Reference value :  1.22264e-06
 Reference value :  1.22302e-06
 Reference value :  1.22351e-06
 Reference value :  1.22381e-06
 Reference value :  1.22414e-06
 Reference value :  1.22445e-06
 Reference value :  1.22478e-06
 Reference value :  1.22509e-06
 Reference value :  1.22544e-06
 Reference value :  1.22598e-06
 Reference value :  1.22631e-06
 Reference value :  1.22663e-06
 Reference value :  1.22693e-06
 Reference value :  1.22727e-06
 Reference value :  1.22741e-06
 Reference value :  1.22791e-06
 Reference value :  1.22822e-06
 Reference value :  1.22856e-06
 Reference value :  1.22911e-06
 Reference value :  1.22944e-06
 Reference value :  1.22976e-06
 Reference value :  1.22990e-06
 Reference value :  1.23040e-06
 Reference value :  1.23054e-06
 Reference value :  1.23088e-06
 Reference value :  1.23104e-06
 Reference value :  1.23135e-06
 Reference value :  1.23170e-06
 Reference value :  1.23225e-06
 Reference value :  1.23258e-06
 Reference value :  1.23290e-06
 Reference value :  1.23321e-06
 Reference value :  1.23355e-06
 Reference value :  1.23408e-06
 Reference value :  1.23424e-06
 Reference value :  1.23474e-06
 Reference value :  1.23504e-06
 Reference value :  1.23537e-06
 Reference value :  1.23567e-06
 Reference value :  1.23600e-06
 Reference value :  1.23630e-06
 Reference value :  1.23664e-06
 Reference value :  1.23694e-06
 Reference value :  1.23728e-06
 Reference value :  1.23759e-06
 Reference value :  1.23793e-06
 Reference value :  1.23847e-06
 Reference value :  1.23880e-06
 Reference value :  1.23912e-06
 Reference value :  1.23942e-06
 Reference value :  1.23975e-06
 Reference value :  1.24005e-06
 Reference value :  1.24038e-06
 Reference value :  1.24069e-06
 Reference value :  1.24103e-06
 Reference value :  1.24117e-06
 Reference value :  1.24119e-06
 Reference value :  1.24121e-06
 Reference value :  1.24122e-06
 Reference value :  1.24125e-06
 Reference value :  1.24126e-06
 Reference value :  1.24130e-06
 Reference value :  1.24134e-06
 Reference value :  1.24140e-06
 Reference value :  1.24145e-06
 Reference value :  1.24155e-06
 Reference value :  1.24166e-06
 Reference value :  1.24180e-06
 Reference value :  1.24205e-06
 Reference value :  1.24219e-06
 Reference value :  1.24229e-06
 Reference value :  1.24234e-06
 Reference value :  1.24256e-06
 Reference value :  1.24298e-06
 Reference value :  1.24329e-06
 Reference value :  1.24360e-06
 Reference value :  1.24376e-06
 Reference value :  1.24391e-06
 Reference value :  1.24406e-06
 Reference value :  1.24436e-06
 Reference value :  1.24452e-06
 Reference value :  1.24467e-06
 Reference value :  1.24499e-06
 Reference value :  1.24529e-06
 Reference value :  1.24561e-06
 Reference value :  1.24577e-06
 Reference value :  1.24607e-06
 Reference value :  1.24641e-06
 Reference value :  1.24655e-06
 Reference value :  1.24705e-06
 Reference value :  1.24720e-06
 Reference value :  1.24754e-06
 Reference value :  1.24787e-06
 Reference value :  1.24841e-06
 Reference value :  1.24890e-06
 Reference value :  1.24905e-06
 Reference value :  1.24954e-06
 Reference value :  1.24985e-06
 Reference value :  1.25019e-06
 Reference value :  1.25073e-06
 Reference value :  1.25106e-06
 Reference value :  1.25139e-06
 Reference value :  1.25154e-06
 Reference value :  1.25203e-06
 Reference value :  1.25218e-06
 Reference value :  1.25251e-06
 Reference value :  1.25267e-06
 Reference value :  1.25283e-06
 Reference value :  1.25333e-06
 Reference value :  1.25366e-06
 Reference value :  1.25405e-06
 Reference value :  1.25438e-06
 Reference value :  1.25469e-06
 Reference value :  1.25503e-06
 Reference value :  1.25520e-06
 Reference value :  1.25552e-06
 Reference value :  1.25590e-06
 Reference value :  1.25640e-06
 Reference value :  1.25654e-06
 Reference value :  1.25687e-06
 Reference value :  1.25704e-06
 Reference value :  1.25719e-06
 Reference value :  1.25752e-06
 Reference value :  1.25784e-06
 Reference value :  1.25835e-06
 Reference value :  1.25888e-06
 Reference value :  1.25904e-06
 Reference value :  1.25937e-06
 Reference value :  1.25968e-06
 Reference value :  1.26001e-06
 Reference value :  1.26018e-06
 Reference value :  1.26033e-06
 Reference value :  1.26067e-06
 Reference value :  1.26084e-06
 Reference value :  1.26116e-06
 Reference value :  1.26155e-06
 Reference value :  1.26189e-06
 Reference value :  1.26220e-06
 Reference value :  1.26270e-06
 Reference value :  1.26325e-06
 Reference value :  1.26358e-06
 Reference value :  1.26391e-06
 Reference value :  1.26405e-06
 Reference value :  1.26438e-06
 Reference value :  1.26455e-06
 Reference value :  1.26486e-06
 Reference value :  1.26520e-06
 Reference value :  1.26574e-06
 Reference value :  1.26591e-06
 Reference value :  1.26640e-06
 Reference value :  1.26671e-06
 Reference value :  1.26705e-06
 Reference value :  1.26735e-06
 Reference value :  1.26770e-06
 Reference value :  1.26801e-06
 Reference value :  1.26837e-06
 Reference value :  1.26888e-06
 Reference value :  1.26903e-06
 Reference value :  1.26953e-06
 Reference value :  1.26967e-06
 Reference value :  1.27017e-06
 Reference value :  1.27048e-06
 Reference value :  1.27082e-06
 Reference value :  1.27115e-06
 Reference value :  1.27153e-06
 Reference value :  1.27202e-06
 Reference value :  1.27217e-06
 Reference value :  1.27250e-06
 Reference value :  1.27267e-06
 Reference value :  1.27282e-06
 Reference value :  1.27316e-06
 Reference value :  1.27349e-06
 Reference value :  1.27386e-06
 Reference value :  1.27402e-06
 Reference value :  1.27452e-06
 Reference value :  1.27482e-06
 Reference value :  1.27516e-06
 Reference value :  1.27547e-06
 Reference value :  1.27581e-06
 Reference value :  1.27597e-06
 Reference value :  1.27632e-06
 Reference value :  1.27648e-06
 Reference value :  1.27681e-06
 Reference value :  1.27716e-06
 Reference value :  1.27749e-06
 Reference value :  1.27780e-06
 Reference value :  1.27813e-06
 Reference value :  1.27830e-06
 Reference value :  1.27879e-06
 Reference value :  1.27913e-06
 Reference value :  1.27967e-06
 Reference value :  1.28000e-06
 Reference value :  1.28031e-06
 Reference value :  1.28082e-06
 Reference value :  1.28113e-06
 Reference value :  1.28149e-06
 Reference value :  1.28182e-06
 Reference value :  1.28216e-06
 Reference value :  1.28266e-06
 Reference value :  1.28283e-06
 Reference value :  1.28284e-06
 Reference value :  1.28287e-06
 Reference value :  1.28290e-06
 Reference value :  1.28298e-06
 Reference value :  1.28309e-06
 Reference value :  1.28320e-06
 Reference value :  1.28329e-06
 Reference value :  1.28334e-06
 Reference value :  1.28350e-06
 Reference value :  1.28360e-06
 Reference value :  1.28372e-06
 Reference value :  1.28383e-06
 Reference value :  1.28385e-06
 Reference value :  1.28387e-06
 Reference value :  1.28390e-06
 Reference value :  1.28391e-06
 Reference value :  1.28397e-06
 Reference value :  1.28400e-06
 Reference value :  1.28404e-06
 Reference value :  1.28409e-06
 Reference value :  1.28416e-06
 Reference value :  1.28431e-06
 Reference value :  1.28447e-06
 Reference value :  1.28472e-06
 Reference value :  1.28495e-06
 Reference value :  1.28519e-06
 Reference value :  1.28560e-06
 Reference value :  1.28590e-06
 Reference value :  1.28634e-06
 Reference value :  1.28668e-06
 Reference value :  1.28735e-06
 Reference value :  1.28798e-06
 Reference value :  1.28861e-06
 Reference value :  1.28925e-06
 Reference value :  1.28974e-06
 Reference value :  1.29039e-06
 Reference value :  1.29093e-06
 Reference value :  1.29159e-06
 Reference value :  1.29206e-06
 Reference value :  1.29237e-06
 Reference value :  1.29286e-06
 Reference value :  1.29335e-06
 Reference value :  1.29384e-06
 Reference value :  1.29422e-06
 Reference value :  1.29486e-06
 Reference value :  1.29535e-06
 Reference value :  1.29550e-06
 Reference value :  1.29600e-06
 Reference value :  1.29650e-06
 Reference value :  1.29683e-06
 Reference value :  1.29738e-06
 Reference value :  1.29788e-06
 Reference value :  1.29837e-06
 Reference value :  1.29925e-06
 Reference value :  1.29975e-06
 Reference value :  1.30006e-06
 Reference value :  1.30040e-06
 Reference value :  1.30094e-06
 Reference value :  1.30127e-06
 Reference value :  1.30160e-06
 Reference value :  1.30190e-06
 Reference value :  1.30224e-06
 Reference value :  1.30239e-06
 Reference value :  1.30289e-06
 Reference value :  1.30320e-06
 Reference value :  1.30408e-06
 Reference value :  1.30473e-06
 Reference value :  1.30538e-06
 Reference value :  1.30621e-06
 Reference value :  1.30724e-06
 Reference value :  1.30772e-06
 Reference value :  1.30804e-06
 Reference value :  1.30872e-06
 Reference value :  1.30926e-06
 Reference value :  1.30991e-06
 Reference value :  1.31042e-06
 Reference value :  1.31112e-06
 Reference value :  1.31177e-06
 Reference value :  1.31226e-06
 Reference value :  1.31309e-06
 Reference value :  1.31412e-06
 Reference value :  1.31492e-06
 Reference value :  1.31542e-06
 Reference value :  1.31613e-06
 Reference value :  1.31693e-06
 Reference value :  1.31742e-06
 Reference value :  1.31793e-06
 Reference value :  1.31897e-06
 Reference value :  1.31944e-06
 Reference value :  1.32010e-06
 Reference value :  1.32098e-06
 Reference value :  1.32178e-06
 Reference value :  1.32227e-06
 Reference value :  1.32293e-06
 Reference value :  1.32397e-06
 Reference value :  1.32451e-06
 Reference value :  1.32455e-06
 Reference value :  1.32460e-06
 Reference value :  1.32466e-06
 Reference value :  1.32474e-06
 Reference value :  1.32488e-06
 Reference value :  1.32511e-06
 Reference value :  1.32533e-06
 Reference value :  1.32541e-06
 Reference value :  1.32558e-06
 Reference value :  1.32595e-06
 Reference value :  1.32652e-06
 Reference value :  1.32712e-06
 Reference value :  1.32757e-06
 Reference value :  1.32804e-06
 Reference value :  1.32852e-06
 Reference value :  1.32915e-06
 Reference value :  1.32978e-06
 Reference value :  1.33025e-06
 Reference value :  1.33073e-06
 Reference value :  1.33119e-06
 Reference value :  1.33152e-06
 Reference value :  1.33217e-06
 Reference value :  1.33284e-06
 Reference value :  1.33300e-06
 Reference value :  1.33316e-06
 Reference value :  1.33350e-06
 Reference value :  1.33402e-06
 Reference value :  1.33451e-06
 Reference value :  1.33482e-06
 Reference value :  1.33531e-06
 Reference value :  1.33595e-06
 Reference value :  1.33610e-06
 Reference value :  1.33660e-06
 Reference value :  1.33748e-06
 Reference value :  1.33795e-06
 Reference value :  1.33861e-06
 Reference value :  1.33944e-06
 Reference value :  1.34014e-06
 Reference value :  1.34094e-06
 Reference value :  1.34177e-06
 Reference value :  1.34281e-06
 Reference value :  1.34312e-06
 Reference value :  1.34346e-06
 Reference value :  1.34397e-06
 Reference value :  1.34447e-06
 Reference value :  1.34495e-06
 Reference value :  1.34559e-06
 Reference value :  1.34624e-06
 Reference value :  1.34709e-06
 Reference value :  1.34776e-06
 Reference value :  1.34840e-06
 Reference value :  1.34871e-06
 Reference value :  1.34953e-06
 Reference value :  1.35002e-06
 Reference value :  1.35040e-06
 Reference value :  1.35090e-06
 Reference value :  1.35154e-06
 Reference value :  1.35202e-06
 Reference value :  1.35234e-06
 Reference value :  1.35285e-06
 Reference value :  1.35338e-06
 Reference value :  1.35370e-06
 Reference value :  1.35403e-06
 Reference value :  1.35418e-06
 Reference value :  1.35451e-06
 Reference value :  1.35482e-06
 Reference value :  1.35533e-06
 Reference value :  1.35604e-06
 Reference value :  1.35669e-06
 Reference value :  1.35735e-06
 Reference value :  1.35787e-06
 Reference value :  1.35837e-06
 Reference value :  1.35902e-06
 Reference value :  1.35966e-06
 Reference value :  1.35997e-06
 Reference value :  1.36031e-06
 Reference value :  1.36085e-06
 Reference value :  1.36134e-06
 Reference value :  1.36166e-06
 Reference value :  1.36198e-06
 Reference value :  1.36230e-06
 Reference value :  1.36263e-06
 Reference value :  1.36295e-06
 Reference value :  1.36346e-06
 Reference value :  1.36415e-06
 Reference value :  1.36479e-06
 Reference value :  1.36544e-06
 Reference value :  1.36617e-06
 Reference value :  1.36619e-06
 Reference value :  1.36625e-06
 Reference value :  1.36631e-06
 Reference value :  1.36636e-06
 Reference value :  1.36640e-06
 Reference value :  1.36650e-06
 Reference value :  1.36666e-06
 Reference value :  1.36682e-06
 Reference value :  1.36702e-06
 Reference value :  1.36709e-06
 Reference value :  1.36717e-06
 Reference value :  1.36724e-06
 Reference value :  1.36736e-06
 Reference value :  1.36769e-06
 Reference value :  1.36786e-06
 Reference value :  1.36802e-06
 Reference value :  1.36838e-06
 Reference value :  1.36879e-06
 Reference value :  1.36928e-06
 Reference value :  1.36959e-06
 Reference value :  1.36992e-06
 Reference value :  1.37039e-06
 Reference value :  1.37083e-06
 Reference value :  1.37115e-06
 Reference value :  1.37161e-06
 Reference value :  1.37208e-06
 Reference value :  1.37241e-06
 Reference value :  1.37287e-06
 Reference value :  1.37318e-06
 Reference value :  1.37381e-06
 Reference value :  1.37431e-06
 Reference value :  1.37462e-06
 Reference value :  1.37496e-06
 Reference value :  1.37550e-06
 Reference value :  1.37582e-06
 Reference value :  1.37615e-06
 Reference value :  1.37662e-06
 Reference value :  1.37743e-06
 Reference value :  1.37791e-06
 Reference value :  1.37808e-06
 Reference value :  1.37861e-06
 Reference value :  1.37927e-06
 Reference value :  1.37991e-06
 Reference value :  1.38039e-06
 Reference value :  1.38070e-06
 Reference value :  1.38120e-06
 Reference value :  1.38207e-06
 Reference value :  1.38288e-06
 Reference value :  1.38304e-06
 Reference value :  1.38335e-06
 Reference value :  1.38384e-06
 Reference value :  1.38468e-06
 Reference value :  1.38504e-06
 Reference value :  1.38553e-06
 Reference value :  1.38618e-06
 Reference value :  1.38667e-06
 Reference value :  1.38737e-06
 Reference value :  1.38818e-06
 Reference value :  1.38899e-06
 Reference value :  1.38933e-06
 Reference value :  1.39020e-06
 Reference value :  1.39068e-06
 Reference value :  1.39132e-06
 Reference value :  1.39182e-06
 Reference value :  1.39252e-06
 Reference value :  1.39302e-06
 Reference value :  1.39366e-06
 Reference value :  1.39381e-06
 Reference value :  1.39430e-06
 Reference value :  1.39496e-06
 Reference value :  1.39567e-06
 Reference value :  1.39631e-06
 Reference value :  1.39696e-06
 Reference value :  1.39764e-06
 Reference value :  1.39835e-06
 Reference value :  1.39868e-06
 Reference value :  1.39933e-06
 Reference value :  1.39983e-06
 Reference value :  1.40033e-06
 Reference value :  1.40066e-06
 Reference value :  1.40130e-06
 Reference value :  1.40179e-06
 Reference value :  1.40244e-06
 Reference value :  1.40295e-06
 Reference value :  1.40344e-06
 Reference value :  1.40379e-06
 Reference value :  1.40442e-06
 Reference value :  1.40492e-06
 Reference value :  1.40557e-06
 Reference value :  1.40610e-06
 Reference value :  1.40643e-06
 Reference value :  1.40706e-06
 Reference value :  1.40755e-06
 Reference value :  1.40784e-06
 Reference value :  1.40788e-06
 Reference value :  1.40789e-06
 Reference value :  1.40794e-06
 Reference value :  1.40801e-06
 Reference value :  1.40811e-06
 Reference value :  1.40833e-06
 Reference value :  1.40845e-06
 Reference value :  1.40857e-06
 Reference value :  1.40873e-06
 Reference value :  1.40883e-06
 Reference value :  1.40894e-06
 Reference value :  1.40899e-06
 Reference value :  1.40904e-06
 Reference value :  1.40914e-06
 Reference value :  1.40967e-06
 Reference value :  1.41028e-06
 Reference value :  1.41074e-06
 Reference value :  1.41125e-06
 Reference value :  1.41172e-06
 Reference value :  1.41236e-06
 Reference value :  1.41266e-06
 Reference value :  1.41330e-06
 Reference value :  1.41395e-06
 Reference value :  1.41447e-06
 Reference value :  1.41518e-06
 Reference value :  1.41551e-06
 Reference value :  1.41566e-06
 Reference value :  1.41633e-06
 Reference value :  1.41687e-06
 Reference value :  1.41736e-06
 Reference value :  1.41767e-06
 Reference value :  1.41815e-06
 Reference value :  1.41919e-06
 Reference value :  1.41969e-06
 Reference value :  1.42049e-06
 Reference value :  1.42114e-06
 Reference value :  1.42180e-06
 Reference value :  1.42266e-06
 Reference value :  1.42347e-06
 Reference value :  1.42429e-06
 Reference value :  1.42500e-06
 Reference value :  1.42550e-06
 Reference value :  1.42648e-06
 Reference value :  1.42736e-06
 Reference value :  1.42815e-06
 Reference value :  1.42919e-06
 Reference value :  1.42985e-06
 Reference value :  1.43033e-06
 Reference value :  1.43114e-06
 Reference value :  1.43145e-06
 Reference value :  1.43232e-06
 Reference value :  1.43312e-06
 Reference value :  1.43362e-06
 Reference value :  1.43444e-06
 Reference value :  1.43548e-06
 Reference value :  1.43643e-06
 Reference value :  1.43749e-06
 Reference value :  1.43864e-06
 Reference value :  1.43984e-06
 Reference value :  1.44062e-06
 Reference value :  1.44128e-06
 Reference value :  1.44234e-06
 Reference value :  1.44331e-06
 Reference value :  1.44420e-06
 Reference value :  1.44470e-06
 Reference value :  1.44551e-06
 Reference value :  1.44618e-06
 Reference value :  1.44670e-06
 Reference value :  1.44718e-06
 Reference value :  1.44749e-06
 Reference value :  1.44799e-06
 Reference value :  1.44919e-06
 Reference value :  1.44956e-06
 Reference value :  1.44969e-06
 Reference value :  1.44976e-06
 Reference value :  1.44994e-06
 Reference value :  1.44999e-06
 Reference value :  1.45026e-06
 Reference value :  1.45044e-06
 Reference value :  1.45050e-06
 Reference value :  1.45054e-06
 Reference value :  1.45060e-06
 Reference value :  1.45076e-06
 Reference value :  1.45156e-06
 Reference value :  1.45229e-06
 Reference value :  1.45326e-06
 Reference value :  1.45411e-06
 Reference value :  1.45490e-06
 Reference value :  1.45588e-06
 Reference value :  1.45654e-06
 Reference value :  1.45739e-06
 Reference value :  1.45820e-06
 Reference value :  1.45867e-06
 Reference value :  1.45956e-06
 Reference value :  1.46036e-06
 Reference value :  1.46100e-06
 Reference value :  1.46150e-06
 Reference value :  1.46250e-06
 Reference value :  1.46334e-06
 Reference value :  1.46398e-06
 Reference value :  1.46481e-06
 Reference value :  1.46568e-06
 Reference value :  1.46648e-06
 Reference value :  1.46713e-06
 Reference value :  1.46813e-06
 Reference value :  1.46896e-06
 Reference value :  1.46944e-06
 Reference value :  1.47025e-06
 Reference value :  1.47145e-06
 Reference value :  1.47209e-06
 Reference value :  1.47274e-06
 Reference value :  1.47289e-06
 Reference value :  1.47340e-06
 Reference value :  1.47411e-06
 Reference value :  1.47476e-06
 Reference value :  1.47526e-06
 Reference value :  1.47580e-06
 Reference value :  1.47613e-06
 Reference value :  1.47693e-06
 Reference value :  1.47725e-06
 Reference value :  1.47790e-06
 Reference value :  1.47913e-06
 Reference value :  1.47994e-06
 Reference value :  1.48100e-06
 Reference value :  1.48180e-06
 Reference value :  1.48302e-06
 Reference value :  1.48399e-06
 Reference value :  1.48479e-06
 Reference value :  1.48599e-06
 Reference value :  1.48713e-06
 Reference value :  1.48795e-06
 Reference value :  1.48914e-06
 Reference value :  1.49048e-06
 Reference value :  1.49118e-06
 Reference value :  1.49124e-06
 Reference value :  1.49129e-06
 Reference value :  1.49134e-06
 Reference value :  1.49140e-06
 Reference value :  1.49151e-06
 Reference value :  1.49177e-06
 Reference value :  1.49194e-06
 Reference value :  1.49214e-06
 Reference value :  1.49224e-06
 Reference value :  1.49231e-06
 Reference value :  1.49241e-06
 Reference value :  1.49263e-06
 Reference value :  1.49322e-06
 Reference value :  1.49367e-06
 Reference value :  1.49397e-06
 Reference value :  1.49446e-06
 Reference value :  1.49524e-06
 Reference value :  1.49591e-06
 Reference value :  1.49678e-06
 Reference value :  1.49759e-06
 Reference value :  1.49826e-06
 Reference value :  1.49878e-06
 Reference value :  1.49943e-06
 Reference value :  1.50008e-06
 Reference value :  1.50039e-06
 Reference value :  1.50073e-06
 Reference value :  1.50143e-06
 Reference value :  1.50193e-06
 Reference value :  1.50256e-06
 Reference value :  1.50287e-06
 Reference value :  1.50337e-06
 Reference value :  1.50421e-06
 Reference value :  1.50456e-06
 Reference value :  1.50505e-06
 Reference value :  1.50553e-06
 Reference value :  1.50600e-06
 Reference value :  1.50651e-06
 Reference value :  1.50754e-06
 Reference value :  1.50834e-06
 Reference value :  1.50901e-06
 Reference value :  1.50954e-06
 Reference value :  1.51051e-06
 Reference value :  1.51116e-06
 Reference value :  1.51199e-06
 Reference value :  1.51283e-06
 Reference value :  1.51331e-06
 Reference value :  1.51381e-06
 Reference value :  1.51412e-06
 Reference value :  1.51446e-06
 Reference value :  1.51501e-06
 Reference value :  1.51567e-06
 Reference value :  1.51647e-06
 Reference value :  1.51753e-06
 Reference value :  1.51819e-06
 Reference value :  1.51885e-06
 Reference value :  1.51940e-06
 Reference value :  1.51973e-06
 Reference value :  1.52021e-06
 Reference value :  1.52088e-06
 Reference value :  1.52175e-06
 Reference value :  1.52206e-06
 Reference value :  1.52255e-06
 Reference value :  1.52304e-06
 Reference value :  1.52352e-06
 Reference value :  1.52439e-06
 Reference value :  1.52503e-06
 Reference value :  1.52568e-06
 Reference value :  1.52633e-06
 Reference value :  1.52704e-06
 Reference value :  1.52768e-06
 Reference value :  1.52818e-06
 Reference value :  1.52901e-06
 Reference value :  1.52955e-06
 Reference value :  1.53019e-06
 Reference value :  1.53069e-06
 Reference value :  1.53136e-06
 Reference value :  1.53204e-06
 Reference value :  1.53283e-06
 Reference value :  1.53286e-06
 Reference value :  1.53291e-06
 Reference value :  1.53297e-06
 Reference value :  1.53300e-06
 Reference value :  1.53307e-06
 Reference value :  1.53316e-06
 Reference value :  1.53333e-06
 Reference value :  1.53349e-06
 Reference value :  1.53376e-06
 Reference value :  1.53387e-06
 Reference value :  1.53391e-06
 Reference value :  1.53399e-06
 Reference value :  1.53415e-06
 Reference value :  1.53470e-06
 Reference value :  1.53559e-06
 Reference value :  1.53621e-06
 Reference value :  1.53683e-06
 Reference value :  1.53731e-06
 Reference value :  1.53761e-06
 Reference value :  1.53794e-06
 Reference value :  1.53857e-06
 Reference value :  1.53920e-06
 Reference value :  1.53969e-06
 Reference value :  1.54016e-06
 Reference value :  1.54084e-06
 Reference value :  1.54156e-06
 Reference value :  1.54221e-06
 Reference value :  1.54270e-06
 Reference value :  1.54340e-06
 Reference value :  1.54371e-06
 Reference value :  1.54435e-06
 Reference value :  1.54500e-06
 Reference value :  1.54568e-06
 Reference value :  1.54672e-06
 Reference value :  1.54720e-06
 Reference value :  1.54752e-06
 Reference value :  1.54804e-06
 Reference value :  1.54887e-06
 Reference value :  1.54934e-06
 Reference value :  1.54984e-06
 Reference value :  1.55015e-06
 Reference value :  1.55049e-06
 Reference value :  1.55082e-06
 Reference value :  1.55119e-06
 Reference value :  1.55169e-06
 Reference value :  1.55199e-06
 Reference value :  1.55233e-06
 Reference value :  1.55281e-06
 Reference value :  1.55348e-06
 Reference value :  1.55436e-06
 Reference value :  1.55517e-06
 Reference value :  1.55606e-06
 Reference value :  1.55656e-06
 Reference value :  1.55687e-06
 Reference value :  1.55753e-06
 Reference value :  1.55804e-06
 Reference value :  1.55856e-06
 Reference value :  1.55888e-06
 Reference value :  1.55921e-06
 Reference value :  1.55951e-06
 Reference value :  1.55985e-06
 Reference value :  1.56034e-06
 Reference value :  1.56051e-06
 Reference value :  1.56105e-06
 Reference value :  1.56155e-06
 Reference value :  1.56201e-06
 Reference value :  1.56266e-06
 Reference value :  1.56371e-06
 Reference value :  1.56451e-06
 Reference value :  1.56534e-06
 Reference value :  1.56601e-06
 Reference value :  1.56650e-06
 Reference value :  1.56684e-06
 Reference value :  1.56733e-06
 Reference value :  1.56763e-06
 Reference value :  1.56797e-06
 Reference value :  1.56828e-06
 Reference value :  1.56862e-06
 Reference value :  1.56916e-06
 Reference value :  1.56997e-06
 Reference value :  1.57061e-06
 Reference value :  1.57160e-06
 Reference value :  1.57265e-06
 Reference value :  1.57313e-06
 Reference value :  1.57434e-06
 Reference value :  1.57455e-06
 Reference value :  1.57465e-06
 Reference value :  1.57473e-06
 Reference value :  1.57478e-06
 Reference value :  1.57483e-06
 Reference value :  1.57498e-06
 Reference value :  1.57515e-06
 Reference value :  1.57535e-06
 Reference value :  1.57552e-06
 Reference value :  1.57565e-06
 Reference value :  1.57590e-06
 Reference value :  1.57628e-06
 Reference value :  1.57661e-06
 Reference value :  1.57674e-06
 Reference value :  1.57705e-06
 Reference value :  1.57737e-06
 Reference value :  1.57801e-06
 Reference value :  1.57853e-06
 Reference value :  1.57915e-06
 Reference value :  1.57963e-06
 Reference value :  1.58011e-06
 Reference value :  1.58041e-06
 Reference value :  1.58089e-06
 Reference value :  1.58104e-06
 Reference value :  1.58137e-06
 Reference value :  1.58153e-06
 Reference value :  1.58184e-06
 Reference value :  1.58218e-06
 Reference value :  1.58287e-06
 Reference value :  1.58384e-06
 Reference value :  1.58448e-06
 Reference value :  1.58479e-06
 Reference value :  1.58578e-06
 Reference value :  1.58666e-06
 Reference value :  1.58746e-06
 Reference value :  1.58835e-06
 Reference value :  1.58916e-06
 Reference value :  1.58996e-06
 Reference value :  1.59101e-06
 Reference value :  1.59166e-06
 Reference value :  1.59230e-06
 Reference value :  1.59352e-06
 Reference value :  1.59416e-06
 Reference value :  1.59531e-06
 Reference value :  1.59652e-06
 Reference value :  1.59717e-06
 Reference value :  1.59728e-06
 Reference value :  1.59753e-06
 Reference value :  1.59840e-06
 Reference value :  1.59903e-06
 Reference value :  1.59951e-06
 Reference value :  1.60014e-06
 Reference value :  1.60078e-06
 Reference value :  1.60158e-06
 Reference value :  1.60209e-06
 Reference value :  1.60277e-06
 Reference value :  1.60390e-06
 Reference value :  1.60455e-06
 Reference value :  1.60558e-06
 Reference value :  1.60639e-06
 Reference value :  1.60703e-06
 Reference value :  1.60787e-06
 Reference value :  1.60888e-06
 Reference value :  1.60968e-06
 Reference value :  1.61035e-06
 Reference value :  1.61138e-06
 Reference value :  1.61219e-06
 Reference value :  1.61270e-06
 Reference value :  1.61338e-06
 Reference value :  1.61387e-06
 Reference value :  1.61452e-06
 Reference value :  1.61534e-06
 Reference value :  1.61588e-06
 Reference value :  1.61620e-06
 Reference value :  1.61624e-06
 Reference value :  1.61631e-06
 Reference value :  1.61647e-06
 Reference value :  1.61669e-06
 Reference value :  1.61695e-06
 Reference value :  1.61714e-06
 Reference value :  1.61718e-06
 Reference value :  1.61738e-06
 Reference value :  1.61768e-06
 Reference value :  1.61792e-06
 Reference value :  1.61810e-06
 Reference value :  1.61856e-06
 Reference value :  1.61886e-06
 Reference value :  1.61949e-06
 Reference value :  1.61996e-06
 Reference value :  1.62056e-06
 Reference value :  1.62134e-06
 Reference value :  1.62211e-06
 Reference value :  1.62308e-06
 Reference value :  1.62373e-06
 Reference value :  1.62472e-06
 Reference value :  1.62556e-06
 Reference value :  1.62620e-06
 Reference value :  1.62685e-06
 Reference value :  1.62752e-06
 Reference value :  1.62804e-06
 Reference value :  1.62869e-06
 Reference value :  1.62933e-06
 Reference value :  1.63030e-06
 Reference value :  1.63117e-06
 Reference value :  1.63196e-06
 Reference value :  1.63295e-06
 Reference value :  1.63344e-06
 Reference value :  1.63399e-06
 Reference value :  1.63497e-06
 Reference value :  1.63597e-06
 Reference value :  1.63665e-06
 Reference value :  1.63712e-06
 Reference value :  1.63777e-06
 Reference value :  1.63844e-06
 Reference value :  1.63899e-06
 Reference value :  1.63980e-06
 Reference value :  1.64062e-06
 Reference value :  1.64133e-06
 Reference value :  1.64198e-06
 Reference value :  1.64263e-06
 Reference value :  1.64332e-06
 Reference value :  1.64415e-06
 Reference value :  1.64496e-06
 Reference value :  1.64594e-06
 Reference value :  1.64696e-06
 Reference value :  1.64776e-06
 Reference value :  1.64881e-06
 Reference value :  1.64978e-06
 Reference value :  1.65043e-06
 Reference value :  1.65125e-06
 Reference value :  1.65230e-06
 Reference value :  1.65312e-06
 Reference value :  1.65367e-06
 Reference value :  1.65400e-06
 Reference value :  1.65447e-06
 Reference value :  1.65512e-06
 Reference value :  1.65633e-06
 Reference value :  1.65698e-06
 Reference value :  1.65763e-06
 Reference value :  1.65787e-06
 Reference value :  1.65793e-06
 Reference value :  1.65802e-06
 Reference value :  1.65818e-06
 Reference value :  1.65848e-06
 Reference value :  1.65878e-06
 Reference value :  1.65889e-06
 Reference value :  1.65897e-06
 Reference value :  1.65905e-06
 Reference value :  1.65945e-06
 Reference value :  1.66009e-06
 Reference value :  1.66119e-06
 Reference value :  1.66236e-06
 Reference value :  1.66265e-06
 Reference value :  1.66329e-06
 Reference value :  1.66378e-06
 Reference value :  1.66482e-06
 Reference value :  1.66563e-06
 Reference value :  1.66643e-06
 Reference value :  1.66710e-06
 Reference value :  1.66796e-06
 Reference value :  1.66860e-06
 Reference value :  1.66924e-06
 Reference value :  1.66989e-06
 Reference value :  1.67076e-06
 Reference value :  1.67173e-06
 Reference value :  1.67237e-06
 Reference value :  1.67303e-06
 Reference value :  1.67408e-06
 Reference value :  1.67490e-06
 Reference value :  1.67610e-06
 Reference value :  1.67690e-06
 Reference value :  1.67740e-06
 Reference value :  1.67795e-06
 Reference value :  1.67876e-06
 Reference value :  1.67926e-06
 Reference value :  1.67976e-06
 Reference value :  1.68009e-06
 Reference value :  1.68045e-06
 Reference value :  1.68060e-06
 Reference value :  1.68109e-06
 Reference value :  1.68140e-06
 Reference value :  1.68174e-06
 Reference value :  1.68205e-06
 Reference value :  1.68257e-06
 Reference value :  1.68360e-06
 Reference value :  1.68440e-06
 Reference value :  1.68546e-06
 Reference value :  1.68579e-06
 Reference value :  1.68612e-06
 Reference value :  1.68677e-06
 Reference value :  1.68765e-06
 Reference value :  1.68846e-06
 Reference value :  1.68928e-06
 Reference value :  1.69015e-06
 Reference value :  1.69113e-06
 Reference value :  1.69196e-06
 Reference value :  1.69248e-06
 Reference value :  1.69345e-06
 Reference value :  1.69411e-06
 Reference value :  1.69444e-06
 Reference value :  1.69532e-06
 Reference value :  1.69563e-06
 Reference value :  1.69664e-06
 Reference value :  1.69747e-06
 Reference value :  1.69826e-06
 Reference value :  1.69875e-06
 Reference value :  1.69950e-06
 Reference value :  1.69955e-06
 Reference value :  1.69965e-06
 Reference value :  1.69973e-06
 Reference value :  1.69998e-06
 Reference value :  1.70031e-06
 Reference value :  1.70050e-06
 Reference value :  1.70057e-06
 Reference value :  1.70068e-06
 Reference value :  1.70130e-06
 Reference value :  1.70204e-06
 Reference value :  1.70232e-06
 Reference value :  1.70342e-06
 Reference value :  1.70439e-06
 Reference value :  1.70488e-06
 Reference value :  1.70567e-06
 Reference value :  1.70646e-06
 Reference value :  1.70724e-06
 Reference value :  1.70789e-06
 Reference value :  1.70893e-06
 Reference value :  1.70958e-06
 Reference value :  1.71021e-06
 Reference value :  1.71086e-06
 Reference value :  1.71151e-06
 Reference value :  1.71238e-06
 Reference value :  1.71301e-06
 Reference value :  1.71384e-06
 Reference value :  1.71487e-06
 Reference value :  1.71584e-06
 Reference value :  1.71663e-06
 Reference value :  1.71785e-06
 Reference value :  1.71865e-06
 Reference value :  1.71966e-06
 Reference value :  1.72034e-06
 Reference value :  1.72131e-06
 Reference value :  1.72213e-06
 Reference value :  1.72333e-06
 Reference value :  1.72398e-06
 Reference value :  1.72463e-06
 Reference value :  1.72583e-06
 Reference value :  1.72647e-06
 Reference value :  1.72728e-06
 Reference value :  1.72831e-06
 Reference value :  1.72926e-06
 Reference value :  1.72975e-06
 Reference value :  1.73095e-06
 Reference value :  1.73175e-06
 Reference value :  1.73223e-06
 Reference value :  1.73289e-06
 Reference value :  1.73393e-06
 Reference value :  1.73458e-06
 Reference value :  1.73523e-06
 Reference value :  1.73589e-06
 Reference value :  1.73710e-06
 Reference value :  1.73790e-06
 Reference value :  1.73875e-06
 Reference value :  1.73924e-06
 Reference value :  1.74022e-06
 Reference value :  1.74102e-06
 Reference value :  1.74119e-06
 Reference value :  1.74124e-06
 Reference value :  1.74130e-06
 Reference value :  1.74140e-06
 Reference value :  1.74155e-06
 Reference value :  1.74188e-06
 Reference value :  1.74217e-06
 Reference value :  1.74224e-06
 Reference value :  1.74245e-06
 Reference value :  1.74281e-06
 Reference value :  1.74342e-06
 Reference value :  1.74457e-06
 Reference value :  1.74520e-06
 Reference value :  1.74567e-06
 Reference value :  1.74630e-06
 Reference value :  1.74694e-06
 Reference value :  1.74757e-06
 Reference value :  1.74806e-06
 Reference value :  1.74875e-06
 Reference value :  1.74940e-06
 Reference value :  1.75004e-06
 Reference value :  1.75068e-06
 Reference value :  1.75132e-06
 Reference value :  1.75231e-06
 Reference value :  1.75319e-06
 Reference value :  1.75399e-06
 Reference value :  1.75502e-06
 Reference value :  1.75566e-06
 Reference value :  1.75630e-06
 Reference value :  1.75728e-06
 Reference value :  1.75782e-06
 Reference value :  1.75863e-06
 Reference value :  1.75894e-06
 Reference value :  1.75959e-06
 Reference value :  1.76081e-06
 Reference value :  1.76146e-06
 Reference value :  1.76229e-06
 Reference value :  1.76316e-06
 Reference value :  1.76396e-06
 Reference value :  1.76446e-06
 Reference value :  1.76517e-06
 Reference value :  1.76581e-06
 Reference value :  1.76631e-06
 Reference value :  1.76662e-06
 Reference value :  1.76730e-06
 Reference value :  1.76833e-06
 Reference value :  1.76954e-06
 Reference value :  1.77068e-06
 Reference value :  1.77164e-06
 Reference value :  1.77251e-06
 Reference value :  1.77315e-06
 Reference value :  1.77379e-06
 Reference value :  1.77461e-06
 Reference value :  1.77563e-06
 Reference value :  1.77628e-06
 Reference value :  1.77706e-06
 Reference value :  1.77773e-06
 Reference value :  1.77841e-06
 Reference value :  1.77872e-06
 Reference value :  1.77929e-06
 Reference value :  1.77993e-06
 Reference value :  1.78072e-06
 Reference value :  1.78120e-06
 Reference value :  1.78200e-06
 Reference value :  1.78283e-06
 Reference value :  1.78291e-06
 Reference value :  1.78299e-06
 Reference value :  1.78311e-06
 Reference value :  1.78330e-06
 Reference value :  1.78365e-06
 Reference value :  1.78383e-06
 Reference value :  1.78396e-06
 Reference value :  1.78414e-06
 Reference value :  1.78442e-06
 Reference value :  1.78465e-06
 Reference value :  1.78476e-06
 Reference value :  1.78511e-06
 Reference value :  1.78576e-06
 Reference value :  1.78669e-06
 Reference value :  1.78767e-06
 Reference value :  1.78828e-06
 Reference value :  1.78906e-06
 Reference value :  1.78969e-06
 Reference value :  1.79045e-06
 Reference value :  1.79123e-06
 Reference value :  1.79171e-06
 Reference value :  1.79219e-06
 Reference value :  1.79266e-06
 Reference value :  1.79297e-06
 Reference value :  1.79378e-06
 Reference value :  1.79483e-06
 Reference value :  1.79547e-06
 Reference value :  1.79628e-06
 Reference value :  1.79696e-06
 Reference value :  1.79784e-06
 Reference value :  1.79866e-06
 Reference value :  1.79968e-06
 Reference value :  1.80047e-06
 Reference value :  1.80128e-06
 Reference value :  1.80233e-06
 Reference value :  1.80297e-06
 Reference value :  1.80362e-06
 Reference value :  1.80483e-06
 Reference value :  1.80581e-06
 Reference value :  1.80662e-06
 Reference value :  1.80750e-06
 Reference value :  1.80847e-06
 Reference value :  1.80913e-06
 Reference value :  1.81033e-06
 Reference value :  1.81113e-06
 Reference value :  1.81218e-06
 Reference value :  1.81299e-06
 Reference value :  1.81381e-06
 Reference value :  1.81449e-06
 Reference value :  1.81517e-06
 Reference value :  1.81598e-06
 Reference value :  1.81663e-06
 Reference value :  1.81767e-06
 Reference value :  1.81848e-06
 Reference value :  1.81931e-06
 Reference value :  1.82034e-06
 Reference value :  1.82099e-06
 Reference value :  1.82182e-06
 Reference value :  1.82287e-06
 Reference value :  1.82370e-06
 Reference value :  1.82451e-06
 Reference value :  1.82455e-06
 Reference value :  1.82463e-06
 Reference value :  1.82468e-06
 Reference value :  1.82480e-06
 Reference value :  1.82506e-06
 Reference value :  1.82532e-06
 Reference value :  1.82554e-06
 Reference value :  1.82574e-06
 Reference value :  1.82651e-06
 Reference value :  1.82692e-06
 Reference value :  1.82741e-06
 Reference value :  1.82823e-06
 Reference value :  1.82869e-06
 Reference value :  1.82947e-06
 Reference value :  1.83027e-06
 Reference value :  1.83090e-06
 Reference value :  1.83169e-06
 Reference value :  1.83288e-06
 Reference value :  1.83367e-06
 Reference value :  1.83431e-06
 Reference value :  1.83496e-06
 Reference value :  1.83600e-06
 Reference value :  1.83664e-06
 Reference value :  1.83743e-06
 Reference value :  1.83826e-06
 Reference value :  1.83897e-06
 Reference value :  1.83962e-06
 Reference value :  1.84026e-06
 Reference value :  1.84107e-06
 Reference value :  1.84209e-06
 Reference value :  1.84289e-06
 Reference value :  1.84369e-06
 Reference value :  1.84473e-06
 Reference value :  1.84553e-06
 Reference value :  1.84635e-06
 Reference value :  1.84717e-06
 Reference value :  1.84839e-06
 Reference value :  1.84922e-06
 Reference value :  1.85040e-06
 Reference value :  1.85156e-06
 Reference value :  1.85225e-06
 Reference value :  1.85305e-06
 Reference value :  1.85404e-06
 Reference value :  1.85492e-06
 Reference value :  1.85540e-06
 Reference value :  1.85605e-06
 Reference value :  1.85724e-06
 Reference value :  1.85821e-06
 Reference value :  1.85869e-06
 Reference value :  1.86023e-06
 Reference value :  1.86103e-06
 Reference value :  1.86224e-06
 Reference value :  1.86339e-06
 Reference value :  1.86437e-06
 Reference value :  1.86540e-06
 Reference value :  1.86618e-06
 Reference value :  1.86625e-06
 Reference value :  1.86634e-06
 Reference value :  1.86643e-06
 Reference value :  1.86658e-06
 Reference value :  1.86687e-06
 Reference value :  1.86717e-06
 Reference value :  1.86720e-06
 Reference value :  1.86725e-06
 Reference value :  1.86730e-06
 Reference value :  1.86736e-06
 Reference value :  1.86747e-06
 Reference value :  1.86780e-06
 Reference value :  1.86843e-06
 Reference value :  1.86916e-06
 Reference value :  1.87009e-06
 Reference value :  1.87088e-06
 Reference value :  1.87190e-06
 Reference value :  1.87268e-06
 Reference value :  1.87331e-06
 Reference value :  1.87410e-06
 Reference value :  1.87509e-06
 Reference value :  1.87595e-06
 Reference value :  1.87675e-06
 Reference value :  1.87738e-06
 Reference value :  1.87819e-06
 Reference value :  1.87902e-06
 Reference value :  1.88006e-06
 Reference value :  1.88089e-06
 Reference value :  1.88142e-06
 Reference value :  1.88206e-06
 Reference value :  1.88287e-06
 Reference value :  1.88375e-06
 Reference value :  1.88392e-06
 Reference value :  1.88456e-06
 Reference value :  1.88536e-06
 Reference value :  1.88620e-06
 Reference value :  1.88705e-06
 Reference value :  1.88769e-06
 Reference value :  1.88834e-06
 Reference value :  1.88885e-06
 Reference value :  1.88989e-06
 Reference value :  1.89070e-06
 Reference value :  1.89169e-06
 Reference value :  1.89258e-06
 Reference value :  1.89340e-06
 Reference value :  1.89428e-06
 Reference value :  1.89509e-06
 Reference value :  1.89576e-06
 Reference value :  1.89659e-06
 Reference value :  1.89741e-06
 Reference value :  1.89822e-06
 Reference value :  1.89942e-06
 Reference value :  1.90022e-06
 Reference value :  1.90087e-06
 Reference value :  1.90156e-06
 Reference value :  1.90206e-06
 Reference value :  1.90285e-06
 Reference value :  1.90368e-06
 Reference value :  1.90438e-06
 Reference value :  1.90519e-06
 Reference value :  1.90583e-06
 Reference value :  1.90683e-06
 Reference value :  1.90752e-06
 Reference value :  1.90792e-06
 Reference value :  1.90799e-06
 Reference value :  1.90805e-06
 Reference value :  1.90821e-06
 Reference value :  1.90841e-06
 Reference value :  1.90867e-06
 Reference value :  1.90888e-06
 Reference value :  1.90923e-06
 Reference value :  1.90996e-06
 Reference value :  1.91109e-06
 Reference value :  1.91173e-06
 Reference value :  1.91236e-06
 Reference value :  1.91283e-06
 Reference value :  1.91314e-06
 Reference value :  1.91363e-06
 Reference value :  1.91446e-06
 Reference value :  1.91550e-06
 Reference value :  1.91648e-06
 Reference value :  1.91734e-06
 Reference value :  1.91798e-06
 Reference value :  1.91877e-06
 Reference value :  1.91944e-06
 Reference value :  1.92047e-06
 Reference value :  1.92095e-06
 Reference value :  1.92177e-06
 Reference value :  1.92247e-06
 Reference value :  1.92297e-06
 Reference value :  1.92345e-06
 Reference value :  1.92376e-06
 Reference value :  1.92443e-06
 Reference value :  1.92496e-06
 Reference value :  1.92546e-06
 Reference value :  1.92610e-06
 Reference value :  1.92690e-06
 Reference value :  1.92741e-06
 Reference value :  1.92825e-06
 Reference value :  1.92889e-06
 Reference value :  1.92938e-06
 Reference value :  1.93006e-06
 Reference value :  1.93109e-06
 Reference value :  1.93205e-06
 Reference value :  1.93293e-06
 Reference value :  1.93373e-06
 Reference value :  1.93472e-06
 Reference value :  1.93593e-06
 Reference value :  1.93624e-06
 Reference value :  1.93726e-06
 Reference value :  1.93824e-06
 Reference value :  1.93887e-06
 Reference value :  1.93952e-06
 Reference value :  1.94073e-06
 Reference value :  1.94121e-06
 Reference value :  1.94170e-06
 Reference value :  1.94201e-06
 Reference value :  1.94302e-06
 Reference value :  1.94370e-06
 Reference value :  1.94450e-06
 Reference value :  1.94551e-06
 Reference value :  1.94621e-06
 Reference value :  1.94672e-06
 Reference value :  1.94719e-06
 Reference value :  1.94735e-06
 Reference value :  1.94823e-06
 Reference value :  1.94870e-06
 Reference value :  1.94920e-06
 Reference value :  1.94955e-06
 Reference value :  1.94963e-06
 Reference value :  1.94968e-06
 Reference value :  1.94975e-06
 Reference value :  1.94993e-06
 Reference value :  1.94999e-06
 Reference value :  1.95002e-06
 Reference value :  1.95014e-06
 Reference value :  1.95033e-06
 Reference value :  1.95041e-06
 Reference value :  1.95052e-06
 Reference value :  1.95056e-06
 Reference value :  1.95060e-06
 Reference value :  1.95070e-06
 Reference value :  1.95082e-06
 Reference value :  1.95094e-06
 Reference value :  1.95101e-06
 Reference value :  1.95115e-06
 Reference value :  1.95125e-06
 Reference value :  1.95147e-06
 Reference value :  1.95186e-06
 Reference value :  1.95214e-06
 Reference value :  1.95289e-06
 Reference value :  1.95367e-06
 Reference value :  1.95451e-06
 Reference value :  1.95520e-06
 Reference value :  1.95569e-06
 Reference value :  1.95599e-06
 Reference value :  1.95697e-06
 Reference value :  1.95781e-06
 Reference value :  1.95879e-06
 Reference value :  1.95960e-06
 Reference value :  1.96024e-06
 Reference value :  1.96091e-06
 Reference value :  1.96176e-06
 Reference value :  1.96273e-06
 Reference value :  1.96339e-06
 Reference value :  1.96426e-06
 Reference value :  1.96490e-06
 Reference value :  1.96555e-06
 Reference value :  1.96622e-06
 Reference value :  1.96710e-06
 Reference value :  1.96775e-06
 Reference value :  1.96825e-06
 Reference value :  1.96910e-06
 Reference value :  1.96974e-06
 Reference value :  1.97039e-06
 Reference value :  1.97145e-06
 Reference value :  1.97226e-06
 Reference value :  1.97291e-06
 Reference value :  1.97376e-06
 Reference value :  1.97426e-06
 Reference value :  1.97474e-06
 Reference value :  1.97538e-06
 Reference value :  1.97659e-06
 Reference value :  1.97708e-06
 Reference value :  1.97772e-06
 Reference value :  1.97868e-06
 Reference value :  1.97975e-06
 Reference value :  1.98056e-06
 Reference value :  1.98162e-06
 Reference value :  1.98278e-06
 Reference value :  1.98348e-06
 Reference value :  1.98412e-06
 Reference value :  1.98510e-06
 Reference value :  1.98577e-06
 Reference value :  1.98645e-06
 Reference value :  1.98725e-06
 Reference value :  1.98840e-06
 Reference value :  1.98961e-06
 Reference value :  1.99040e-06
 Reference value :  1.99117e-06
 Reference value :  1.99123e-06
 Reference value :  1.99130e-06
 Reference value :  1.99140e-06
 Reference value :  1.99150e-06
 Reference value :  1.99158e-06
 Reference value :  1.99177e-06
 Reference value :  1.99193e-06
 Reference value :  1.99202e-06
 Reference value :  1.99213e-06
 Reference value :  1.99217e-06
 Reference value :  1.99220e-06
 Reference value :  1.99230e-06
 Reference value :  1.99267e-06
 Reference value :  1.99294e-06
 Reference value :  1.99328e-06
 Reference value :  1.99353e-06
 Reference value :  1.99400e-06
 Reference value :  1.99448e-06
 Reference value :  1.99512e-06
 Reference value :  1.99543e-06
 Reference value :  1.99581e-06
 Reference value :  1.99613e-06
 Reference value :  1.99630e-06
 Reference value :  1.99645e-06
 Reference value :  1.99693e-06
 Reference value :  1.99756e-06
 Reference value :  1.99771e-06
 Reference value :  1.99820e-06
 Reference value :  1.99835e-06
 Reference value :  1.99885e-06
 Reference value :  1.99955e-06
 Reference value :  2.00019e-06
 Reference value :  2.00067e-06
 Reference value :  2.00098e-06
 Reference value :  2.00163e-06
 Reference value :  2.00230e-06
 Reference value :  2.00267e-06
 Reference value :  2.00316e-06
 Reference value :  2.00347e-06
 Reference value :  2.00380e-06
 Reference value :  2.00411e-06
 Reference value :  2.00476e-06
 Reference value :  2.00511e-06
 Reference value :  2.00564e-06
 Reference value :  2.00597e-06
 Reference value :  2.00629e-06
 Reference value :  2.00660e-06
 Reference value :  2.00694e-06
 Reference value :  2.00709e-06
 Reference value :  2.00760e-06
 Reference value :  2.00848e-06
 Reference value :  2.00880e-06
 Reference value :  2.00929e-06
 Reference value :  2.00961e-06
 Reference value :  2.01029e-06
 Reference value :  2.01079e-06
 Reference value :  2.01128e-06
 Reference value :  2.01176e-06
 Reference value :  2.01207e-06
 Reference value :  2.01275e-06
 Reference value :  2.01328e-06
 Reference value :  2.01361e-06
 Reference value :  2.01392e-06
 Reference value :  2.01442e-06
 Reference value :  2.01472e-06
 Reference value :  2.01557e-06
 Reference value :  2.01590e-06
 Reference value :  2.01656e-06
 Reference value :  2.01705e-06
 Reference value :  2.01754e-06
 Reference value :  2.01803e-06
 Reference value :  2.01837e-06
 Reference value :  2.01907e-06
 Reference value :  2.01940e-06
 Reference value :  2.02004e-06
 Reference value :  2.02035e-06
 Reference value :  2.02087e-06
 Reference value :  2.02190e-06
 Reference value :  2.02220e-06
 Reference value :  2.02303e-06
 Reference value :  2.02374e-06
 Reference value :  2.02407e-06
 Reference value :  2.02454e-06
 Reference value :  2.02505e-06
 Reference value :  2.02535e-06
 Reference value :  2.02569e-06
 Reference value :  2.02641e-06
 Reference value :  2.02690e-06
 Reference value :  2.02756e-06
 Reference value :  2.02804e-06
 Reference value :  2.02853e-06
 Reference value :  2.02892e-06
 Reference value :  2.02941e-06
 Reference value :  2.03010e-06
 Reference value :  2.03025e-06
 Reference value :  2.03062e-06
 Reference value :  2.03078e-06
 Reference value :  2.03110e-06
 Reference value :  2.03124e-06
 Reference value :  2.03163e-06
 Reference value :  2.03211e-06
 Reference value :  2.03283e-06
 Reference value :  2.03289e-06
 Reference value :  2.03299e-06
 Reference value :  2.03305e-06
 Reference value :  2.03321e-06
 Reference value :  2.03335e-06
 Reference value :  2.03349e-06
 Reference value :  2.03369e-06
 Reference value :  2.03376e-06
 Reference value :  2.03385e-06
 Reference value :  2.03393e-06
 Reference value :  2.03399e-06
 Reference value :  2.03418e-06
 Reference value :  2.03430e-06
 Reference value :  2.03437e-06
 Reference value :  2.03458e-06
 Reference value :  2.03509e-06
 Reference value :  2.03551e-06
 Reference value :  2.03582e-06
 Reference value :  2.03596e-06
 Reference value :  2.03626e-06
 Reference value :  2.03684e-06
 Reference value :  2.03716e-06
 Reference value :  2.03763e-06
 Reference value :  2.03808e-06
 Reference value :  2.03838e-06
 Reference value :  2.03886e-06
 Reference value :  2.03901e-06
 Reference value :  2.03949e-06
 Reference value :  2.03963e-06
 Reference value :  2.04011e-06
 Reference value :  2.04040e-06
 Reference value :  2.04073e-06
 Reference value :  2.04088e-06
 Reference value :  2.04121e-06
 Reference value :  2.04150e-06
 Reference value :  2.04199e-06
 Reference value :  2.04213e-06
 Reference value :  2.04261e-06
 Reference value :  2.04276e-06
 Reference value :  2.04309e-06
 Reference value :  2.04340e-06
 Reference value :  2.04390e-06
 Reference value :  2.04421e-06
 Reference value :  2.04456e-06
 Reference value :  2.04489e-06
 Reference value :  2.04524e-06
 Reference value :  2.04573e-06
 Reference value :  2.04587e-06
 Reference value :  2.04620e-06
 Reference value :  2.04651e-06
 Reference value :  2.04684e-06
 Reference value :  2.04701e-06
 Reference value :  2.04732e-06
 Reference value :  2.04783e-06
 Reference value :  2.04837e-06
 Reference value :  2.04887e-06
 Reference value :  2.04901e-06
 Reference value :  2.04951e-06
 Reference value :  2.04966e-06
 Reference value :  2.05017e-06
 Reference value :  2.05071e-06
 Reference value :  2.05088e-06
 Reference value :  2.05137e-06
 Reference value :  2.05168e-06
 Reference value :  2.05218e-06
 Reference value :  2.05269e-06
 Reference value :  2.05353e-06
 Reference value :  2.05386e-06
 Reference value :  2.05434e-06
 Reference value :  2.05465e-06
 Reference value :  2.05569e-06
 Reference value :  2.05634e-06
 Reference value :  2.05649e-06
 Reference value :  2.05713e-06
 Reference value :  2.05763e-06
 Reference value :  2.05778e-06
 Reference value :  2.05828e-06
 Reference value :  2.05861e-06
 Reference value :  2.05899e-06
 Reference value :  2.05932e-06
 Reference value :  2.05948e-06
 Reference value :  2.05978e-06
 Reference value :  2.06012e-06
 Reference value :  2.06027e-06
 Reference value :  2.06061e-06
 Reference value :  2.06077e-06
 Reference value :  2.06110e-06
 Reference value :  2.06147e-06
 Reference value :  2.06196e-06
 Reference value :  2.06211e-06
 Reference value :  2.06244e-06
 Reference value :  2.06275e-06
 Reference value :  2.06308e-06
 Reference value :  2.06339e-06
 Reference value :  2.06373e-06
 Reference value :  2.06407e-06
 Reference value :  2.06459e-06
 Reference value :  2.06509e-06
 Reference value :  2.06523e-06
 Reference value :  2.06556e-06
 Reference value :  2.06587e-06
 Reference value :  2.06637e-06
 Reference value :  2.06652e-06
 Reference value :  2.06686e-06
 Reference value :  2.06702e-06
 Reference value :  2.06756e-06
 Reference value :  2.06789e-06
 Reference value :  2.06822e-06
 Reference value :  2.06836e-06
 Reference value :  2.06869e-06
 Reference value :  2.06900e-06
 Reference value :  2.06934e-06
 Reference value :  2.06965e-06
 Reference value :  2.07016e-06
 Reference value :  2.07071e-06
 Reference value :  2.07087e-06
 Reference value :  2.07136e-06
 Reference value :  2.07151e-06
 Reference value :  2.07185e-06
 Reference value :  2.07218e-06
 Reference value :  2.07255e-06
 Reference value :  2.07287e-06
 Reference value :  2.07320e-06
 Reference value :  2.07350e-06
 Reference value :  2.07384e-06
 Reference value :  2.07398e-06
 Reference value :  2.07431e-06
 Reference value :  2.07450e-06
 Reference value :  2.07452e-06
 Reference value :  2.07455e-06
 Reference value :  2.07456e-06
 Reference value :  2.07459e-06
 Reference value :  2.07462e-06
 Reference value :  2.07463e-06
 Reference value :  2.07466e-06
 Reference value :  2.07469e-06
 Reference value :  2.07473e-06
 Reference value :  2.07483e-06
 Reference value :  2.07492e-06
 Reference value :  2.07507e-06
 Reference value :  2.07534e-06
 Reference value :  2.07542e-06
 Reference value :  2.07551e-06
 Reference value :  2.07560e-06
 Reference value :  2.07571e-06
 Reference value :  2.07586e-06
 Reference value :  2.07637e-06
 Reference value :  2.07653e-06
 Reference value :  2.07667e-06
 Reference value :  2.07696e-06
 Reference value :  2.07730e-06
 Reference value :  2.07760e-06
 Reference value :  2.07777e-06
 Reference value :  2.07807e-06
 Reference value :  2.07839e-06
 Reference value :  2.07869e-06
 Reference value :  2.07902e-06
 Reference value :  2.07932e-06
 Reference value :  2.07965e-06
 Reference value :  2.07994e-06
 Reference value :  2.08027e-06
 Reference value :  2.08057e-06
 Reference value :  2.08091e-06
 Reference value :  2.08120e-06
 Reference value :  2.08154e-06
 Reference value :  2.08168e-06
 Reference value :  2.08202e-06
 Reference value :  2.08233e-06
 Reference value :  2.08283e-06
 Reference value :  2.08315e-06
 Reference value :  2.08353e-06
 Reference value :  2.08386e-06
 Reference value :  2.08402e-06
 Reference value :  2.08432e-06
 Reference value :  2.08466e-06
 Reference value :  2.08497e-06
 Reference value :  2.08531e-06
 Reference value :  2.08584e-06
 Reference value :  2.08600e-06
 Reference value :  2.08650e-06
 Reference value :  2.08680e-06
 Reference value :  2.08713e-06
 Reference value :  2.08761e-06
 Reference value :  2.08777e-06
 Reference value :  2.08826e-06
 Reference value :  2.08857e-06
 Reference value :  2.08908e-06
 Reference value :  2.08961e-06
 Reference value :  2.08977e-06
 Reference value :  2.09010e-06
 Reference value :  2.09026e-06
 Reference value :  2.09057e-06
 Reference value :  2.09091e-06
 Reference value :  2.09140e-06
 Reference value :  2.09173e-06
 Reference value :  2.09227e-06
 Reference value :  2.09291e-06
 Reference value :  2.09391e-06
 Reference value :  2.09440e-06
 Reference value :  2.09495e-06
 Reference value :  2.09543e-06
 Reference value :  2.09611e-06
 Reference value :  2.09665e-06
 Reference value :  2.09729e-06
 Reference value :  2.09779e-06
 Reference value :  2.09810e-06
 Reference value :  2.09845e-06
 Reference value :  2.09916e-06
 Reference value :  2.09966e-06
 Reference value :  2.10015e-06
 Reference value :  2.10086e-06
 Reference value :  2.10182e-06
 Reference value :  2.10265e-06
 Reference value :  2.10352e-06
 Reference value :  2.10432e-06
 Reference value :  2.10481e-06
 Reference value :  2.10603e-06
 Reference value :  2.10668e-06
 Reference value :  2.10749e-06
 Reference value :  2.10836e-06
 Reference value :  2.10900e-06
 Reference value :  2.10979e-06
 Reference value :  2.11099e-06
 Reference value :  2.11179e-06
 Reference value :  2.11228e-06
 Reference value :  2.11277e-06
 Reference value :  2.11344e-06
 Reference value :  2.11412e-06
 Reference value :  2.11462e-06
 Reference value :  2.11540e-06
 Reference value :  2.11591e-06
 Reference value :  2.11618e-06
 Reference value :  2.11627e-06
 Reference value :  2.11631e-06
 Reference value :  2.11637e-06
 Reference value :  2.11641e-06
 Reference value :  2.11654e-06
 Reference value :  2.11687e-06
 Reference value :  2.11715e-06
 Reference value :  2.11717e-06
 Reference value :  2.11719e-06
 Reference value :  2.11721e-06
 Reference value :  2.11723e-06
 Reference value :  2.11725e-06
 Reference value :  2.11730e-06
 Reference value :  2.11734e-06
 Reference value :  2.11738e-06
 Reference value :  2.11746e-06
 Reference value :  2.11751e-06
 Reference value :  2.11755e-06
 Reference value :  2.11759e-06
 Reference value :  2.11760e-06
 Reference value :  2.11765e-06
 Reference value :  2.11766e-06
 Reference value :  2.11770e-06
 Reference value :  2.11783e-06
 Reference value :  2.11790e-06
 Reference value :  2.11797e-06
 Reference value :  2.11801e-06
 Reference value :  2.11809e-06
 Reference value :  2.11816e-06
 Reference value :  2.11831e-06
 Reference value :  2.11852e-06
 Reference value :  2.11876e-06
 Reference value :  2.11915e-06
 Reference value :  2.11953e-06
 Reference value :  2.11997e-06
 Reference value :  2.12042e-06
 Reference value :  2.12170e-06
 Reference value :  2.12215e-06
 Reference value :  2.12245e-06
 Reference value :  2.12294e-06
 Reference value :  2.12356e-06
 Reference value :  2.12433e-06
 Reference value :  2.12481e-06
 Reference value :  2.12558e-06
 Reference value :  2.12621e-06
 Reference value :  2.12684e-06
 Reference value :  2.12749e-06
 Reference value :  2.12868e-06
 Reference value :  2.12932e-06
 Reference value :  2.13029e-06
 Reference value :  2.13060e-06
 Reference value :  2.13180e-06
 Reference value :  2.13244e-06
 Reference value :  2.13308e-06
 Reference value :  2.13373e-06
 Reference value :  2.13423e-06
 Reference value :  2.13494e-06
 Reference value :  2.13573e-06
 Reference value :  2.13672e-06
 Reference value :  2.13792e-06
 Reference value :  2.13822e-06
 Reference value :  2.13870e-06
 Reference value :  2.13920e-06
 Reference value :  2.13969e-06
 Reference value :  2.14040e-06
 Reference value :  2.14073e-06
 Reference value :  2.14106e-06
 Reference value :  2.14154e-06
 Reference value :  2.14186e-06
 Reference value :  2.14236e-06
 Reference value :  2.14307e-06
 Reference value :  2.14405e-06
 Reference value :  2.14436e-06
 Reference value :  2.14542e-06
 Reference value :  2.14592e-06
 Reference value :  2.14657e-06
 Reference value :  2.14691e-06
 Reference value :  2.14777e-06
 Reference value :  2.14808e-06
 Reference value :  2.14872e-06
 Reference value :  2.14921e-06
 Reference value :  2.14971e-06
 Reference value :  2.15058e-06
 Reference value :  2.15108e-06
 Reference value :  2.15173e-06
 Reference value :  2.15226e-06
 Reference value :  2.15322e-06
 Reference value :  2.15386e-06
 Reference value :  2.15434e-06
 Reference value :  2.15567e-06
 Reference value :  2.15655e-06
 Reference value :  2.15686e-06
 Reference value :  2.15769e-06
 Reference value :  2.15784e-06
 Reference value :  2.15790e-06
 Reference value :  2.15794e-06
 Reference value :  2.15798e-06
 Reference value :  2.15801e-06
 Reference value :  2.15802e-06
 Reference value :  2.15805e-06
 Reference value :  2.15814e-06
 Reference value :  2.15823e-06
 Reference value :  2.15841e-06
 Reference value :  2.15866e-06
 Reference value :  2.15887e-06
 Reference value :  2.15896e-06
 Reference value :  2.15910e-06
 Reference value :  2.15930e-06
 Reference value :  2.15954e-06
 Reference value :  2.15969e-06
 Reference value :  2.15985e-06
 Reference value :  2.16018e-06
 Reference value :  2.16067e-06
 Reference value :  2.16113e-06
 Reference value :  2.16141e-06
 Reference value :  2.16188e-06
 Reference value :  2.16220e-06
 Reference value :  2.16303e-06
 Reference value :  2.16379e-06
 Reference value :  2.16442e-06
 Reference value :  2.16504e-06
 Reference value :  2.16583e-06
 Reference value :  2.16631e-06
 Reference value :  2.16680e-06
 Reference value :  2.16745e-06
 Reference value :  2.16848e-06
 Reference value :  2.16912e-06
 Reference value :  2.16943e-06
 Reference value :  2.16993e-06
 Reference value :  2.17008e-06
 Reference value :  2.17112e-06
 Reference value :  2.17177e-06
 Reference value :  2.17257e-06
 Reference value :  2.17307e-06
 Reference value :  2.17361e-06
 Reference value :  2.17394e-06
 Reference value :  2.17427e-06
 Reference value :  2.17492e-06
 Reference value :  2.17574e-06
 Reference value :  2.17628e-06
 Reference value :  2.17678e-06
 Reference value :  2.17758e-06
 Reference value :  2.17808e-06
 Reference value :  2.17914e-06
 Reference value :  2.17945e-06
 Reference value :  2.18012e-06
 Reference value :  2.18066e-06
 Reference value :  2.18116e-06
 Reference value :  2.18130e-06
 Reference value :  2.18180e-06
 Reference value :  2.18230e-06
 Reference value :  2.18263e-06
 Reference value :  2.18367e-06
 Reference value :  2.18398e-06
 Reference value :  2.18483e-06
 Reference value :  2.18516e-06
 Reference value :  2.18566e-06
 Reference value :  2.18615e-06
 Reference value :  2.18646e-06
 Reference value :  2.18680e-06
 Reference value :  2.18711e-06
 Reference value :  2.18745e-06
 Reference value :  2.18849e-06
 Reference value :  2.18930e-06
 Reference value :  2.18996e-06
 Reference value :  2.19100e-06
 Reference value :  2.19116e-06
 Reference value :  2.19181e-06
 Reference value :  2.19196e-06
 Reference value :  2.19319e-06
 Reference value :  2.19384e-06
 Reference value :  2.19435e-06
 Reference value :  2.19524e-06
 Reference value :  2.19572e-06
 Reference value :  2.19655e-06
 Reference value :  2.19694e-06
 Reference value :  2.19758e-06
 Reference value :  2.19792e-06
 Reference value :  2.19824e-06
 Reference value :  2.19876e-06
 Reference value :  2.19909e-06
 Reference value :  2.19950e-06
 Reference value :  2.19952e-06
 Reference value :  2.19965e-06
 Reference value :  2.19971e-06
 Reference value :  2.19979e-06
 Reference value :  2.19992e-06
 Reference value :  2.20003e-06
 Reference value :  2.20040e-06
 Reference value :  2.20051e-06
 Reference value :  2.20056e-06
 Reference value :  2.20058e-06
 Reference value :  2.20060e-06
 Reference value :  2.20065e-06
 Reference value :  2.20070e-06
 Reference value :  2.20081e-06
 Reference value :  2.20094e-06
 Reference value :  2.20100e-06
 Reference value :  2.20112e-06
 Reference value :  2.20117e-06
 Reference value :  2.20127e-06
 Reference value :  2.20131e-06
 Reference value :  2.20135e-06
 Reference value :  2.20156e-06
 Reference value :  2.20182e-06
 Reference value :  2.20251e-06
 Reference value :  2.20292e-06
 Reference value :  2.20351e-06
 Reference value :  2.20382e-06
 Reference value :  2.20412e-06
 Reference value :  2.20459e-06
 Reference value :  2.20539e-06
 Reference value :  2.20569e-06
 Reference value :  2.20633e-06
 Reference value :  2.20681e-06
 Reference value :  2.20732e-06
 Reference value :  2.20852e-06
 Reference value :  2.20867e-06
 Reference value :  2.20932e-06
 Reference value :  2.20983e-06
 Reference value :  2.21036e-06
 Reference value :  2.21067e-06
 Reference value :  2.21149e-06
 Reference value :  2.21165e-06
 Reference value :  2.21247e-06
 Reference value :  2.21300e-06
 Reference value :  2.21350e-06
 Reference value :  2.21398e-06
 Reference value :  2.21429e-06
 Reference value :  2.21494e-06
 Reference value :  2.21546e-06
 Reference value :  2.21598e-06
 Reference value :  2.21614e-06
 Reference value :  2.21678e-06
 Reference value :  2.21742e-06
 Reference value :  2.21810e-06
 Reference value :  2.21863e-06
 Reference value :  2.21927e-06
 Reference value :  2.21977e-06
 Reference value :  2.22026e-06
 Reference value :  2.22112e-06
 Reference value :  2.22176e-06
 Reference value :  2.22256e-06
 Reference value :  2.22356e-06
 Reference value :  2.22476e-06
 Reference value :  2.22541e-06
 Reference value :  2.22640e-06
 Reference value :  2.22726e-06
 Reference value :  2.22806e-06
 Reference value :  2.22927e-06
 Reference value :  2.23025e-06
 Reference value :  2.23092e-06
 Reference value :  2.23141e-06
 Reference value :  2.23226e-06
 Reference value :  2.23290e-06
 Reference value :  2.23321e-06
 Reference value :  2.23389e-06
 Reference value :  2.23476e-06
 Reference value :  2.23540e-06
 Reference value :  2.23571e-06
 Reference value :  2.23638e-06
 Reference value :  2.23725e-06
 Reference value :  2.23773e-06
 Reference value :  2.23855e-06
 Reference value :  2.23938e-06
 Reference value :  2.24022e-06
 Reference value :  2.24068e-06
 Reference value :  2.24118e-06
 Reference value :  2.24122e-06
 Reference value :  2.24126e-06
 Reference value :  2.24134e-06
 Reference value :  2.24150e-06
 Reference value :  2.24184e-06
 Reference value :  2.24222e-06
 Reference value :  2.24281e-06
 Reference value :  2.24345e-06
 Reference value :  2.24390e-06
 Reference value :  2.24432e-06
 Reference value :  2.24445e-06
 Reference value :  2.24520e-06
 Reference value :  2.24585e-06
 Reference value :  2.24678e-06
 Reference value :  2.24742e-06
 Reference value :  2.24787e-06
 Reference value :  2.24850e-06
 Reference value :  2.24931e-06
 Reference value :  2.24978e-06
 Reference value :  2.25029e-06
 Reference value :  2.25098e-06
 Reference value :  2.25194e-06
 Reference value :  2.25272e-06
 Reference value :  2.25371e-06
 Reference value :  2.25475e-06
 Reference value :  2.25556e-06
 Reference value :  2.25639e-06
 Reference value :  2.25711e-06
 Reference value :  2.25810e-06
 Reference value :  2.25882e-06
 Reference value :  2.25963e-06
 Reference value :  2.26067e-06
 Reference value :  2.26117e-06
 Reference value :  2.26164e-06
 Reference value :  2.26247e-06
 Reference value :  2.26334e-06
 Reference value :  2.26398e-06
 Reference value :  2.26478e-06
 Reference value :  2.26583e-06
 Reference value :  2.26647e-06
 Reference value :  2.26697e-06
 Reference value :  2.26745e-06
 Reference value :  2.26829e-06
 Reference value :  2.26929e-06
 Reference value :  2.27010e-06
 Reference value :  2.27093e-06
 Reference value :  2.27197e-06
 Reference value :  2.27262e-06
 Reference value :  2.27347e-06
 Reference value :  2.27429e-06
 Reference value :  2.27509e-06
 Reference value :  2.27592e-06
 Reference value :  2.27695e-06
 Reference value :  2.27759e-06
 Reference value :  2.27824e-06
 Reference value :  2.27892e-06
 Reference value :  2.27974e-06
 Reference value :  2.28037e-06
 Reference value :  2.28102e-06
 Reference value :  2.28170e-06
 Reference value :  2.28258e-06
 Reference value :  2.28290e-06
 Reference value :  2.28300e-06
 Reference value :  2.28308e-06
 Reference value :  2.28330e-06
 Reference value :  2.28375e-06
 Reference value :  2.28392e-06
 Reference value :  2.28407e-06
 Reference value :  2.28435e-06
 Reference value :  2.28469e-06
 Reference value :  2.28504e-06
 Reference value :  2.28544e-06
 Reference value :  2.28643e-06
 Reference value :  2.28703e-06
 Reference value :  2.28799e-06
 Reference value :  2.28892e-06
 Reference value :  2.28971e-06
 Reference value :  2.29034e-06
 Reference value :  2.29048e-06
 Reference value :  2.29081e-06
 Reference value :  2.29112e-06
 Reference value :  2.29161e-06
 Reference value :  2.29192e-06
 Reference value :  2.29243e-06
 Reference value :  2.29296e-06
 Reference value :  2.29359e-06
 Reference value :  2.29438e-06
 Reference value :  2.29537e-06
 Reference value :  2.29636e-06
 Reference value :  2.29720e-06
 Reference value :  2.29799e-06
 Reference value :  2.29919e-06
 Reference value :  2.29999e-06
 Reference value :  2.30097e-06
 Reference value :  2.30195e-06
 Reference value :  2.30296e-06
 Reference value :  2.30360e-06
 Reference value :  2.30459e-06
 Reference value :  2.30546e-06
 Reference value :  2.30626e-06
 Reference value :  2.30675e-06
 Reference value :  2.30779e-06
 Reference value :  2.30860e-06
 Reference value :  2.30909e-06
 Reference value :  2.30974e-06
 Reference value :  2.31093e-06
 Reference value :  2.31157e-06
 Reference value :  2.31236e-06
 Reference value :  2.31357e-06
 Reference value :  2.31421e-06
 Reference value :  2.31484e-06
 Reference value :  2.31565e-06
 Reference value :  2.31670e-06
 Reference value :  2.31734e-06
 Reference value :  2.31799e-06
 Reference value :  2.31882e-06
 Reference value :  2.31952e-06
 Reference value :  2.32032e-06
 Reference value :  2.32097e-06
 Reference value :  2.32146e-06
 Reference value :  2.32266e-06
 Reference value :  2.32361e-06
 Reference value :  2.32450e-06
 Reference value :  2.32454e-06
 Reference value :  2.32458e-06
 Reference value :  2.32465e-06
 Reference value :  2.32476e-06
 Reference value :  2.32489e-06
 Reference value :  2.32512e-06
 Reference value :  2.32527e-06
 Reference value :  2.32546e-06
 Reference value :  2.32561e-06
 Reference value :  2.32574e-06
 Reference value :  2.32613e-06
 Reference value :  2.32661e-06
 Reference value :  2.32736e-06
 Reference value :  2.32817e-06
 Reference value :  2.32901e-06
 Reference value :  2.32979e-06
 Reference value :  2.33057e-06
 Reference value :  2.33155e-06
 Reference value :  2.33238e-06
 Reference value :  2.33341e-06
 Reference value :  2.33421e-06
 Reference value :  2.33504e-06
 Reference value :  2.33593e-06
 Reference value :  2.33675e-06
 Reference value :  2.33728e-06
 Reference value :  2.33778e-06
 Reference value :  2.33857e-06
 Reference value :  2.33978e-06
 Reference value :  2.34058e-06
 Reference value :  2.34141e-06
 Reference value :  2.34228e-06
 Reference value :  2.34307e-06
 Reference value :  2.34390e-06
 Reference value :  2.34460e-06
 Reference value :  2.34541e-06
 Reference value :  2.34620e-06
 Reference value :  2.34686e-06
 Reference value :  2.34776e-06
 Reference value :  2.34857e-06
 Reference value :  2.34940e-06
 Reference value :  2.35027e-06
 Reference value :  2.35092e-06
 Reference value :  2.35141e-06
 Reference value :  2.35244e-06
 Reference value :  2.35325e-06
 Reference value :  2.35407e-06
 Reference value :  2.35494e-06
 Reference value :  2.35557e-06
 Reference value :  2.35657e-06
 Reference value :  2.35727e-06
 Reference value :  2.35807e-06
 Reference value :  2.35856e-06
 Reference value :  2.35939e-06
 Reference value :  2.36027e-06
 Reference value :  2.36057e-06
 Reference value :  2.36106e-06
 Reference value :  2.36226e-06
 Reference value :  2.36324e-06
 Reference value :  2.36405e-06
 Reference value :  2.36505e-06
 Reference value :  2.36539e-06
 Reference value :  2.36617e-06
 Reference value :  2.36626e-06
 Reference value :  2.36632e-06
 Reference value :  2.36638e-06
 Reference value :  2.36648e-06
 Reference value :  2.36666e-06
 Reference value :  2.36699e-06
 Reference value :  2.36717e-06
 Reference value :  2.36724e-06
 Reference value :  2.36730e-06
 Reference value :  2.36756e-06
 Reference value :  2.36775e-06
 Reference value :  2.36827e-06
 Reference value :  2.36926e-06
 Reference value :  2.37005e-06
 Reference value :  2.37069e-06
 Reference value :  2.37136e-06
 Reference value :  2.37185e-06
 Reference value :  2.37262e-06
 Reference value :  2.37341e-06
 Reference value :  2.37424e-06
 Reference value :  2.37494e-06
 Reference value :  2.37574e-06
 Reference value :  2.37671e-06
 Reference value :  2.37753e-06
 Reference value :  2.37857e-06
 Reference value :  2.37938e-06
 Reference value :  2.38004e-06
 Reference value :  2.38125e-06
 Reference value :  2.38223e-06
 Reference value :  2.38310e-06
 Reference value :  2.38373e-06
 Reference value :  2.38453e-06
 Reference value :  2.38558e-06
 Reference value :  2.38624e-06
 Reference value :  2.38688e-06
 Reference value :  2.38771e-06
 Reference value :  2.38858e-06
 Reference value :  2.38922e-06
 Reference value :  2.38987e-06
 Reference value :  2.39074e-06
 Reference value :  2.39154e-06
 Reference value :  2.39219e-06
 Reference value :  2.39324e-06
 Reference value :  2.39403e-06
 Reference value :  2.39485e-06
 Reference value :  2.39567e-06
 Reference value :  2.39671e-06
 Reference value :  2.39736e-06
 Reference value :  2.39818e-06
 Reference value :  2.39936e-06
 Reference value :  2.40000e-06
 Reference value :  2.40065e-06
 Reference value :  2.40168e-06
 Reference value :  2.40248e-06
 Reference value :  2.40312e-06
 Reference value :  2.40392e-06
 Reference value :  2.40511e-06
 Reference value :  2.40590e-06
 Reference value :  2.40623e-06
 Reference value :  2.40703e-06
 Reference value :  2.40784e-06
 Reference value :  2.40790e-06
 Reference value :  2.40799e-06
 Reference value :  2.40811e-06
 Reference value :  2.40833e-06
 Reference value :  2.40849e-06
 Reference value :  2.40874e-06
 Reference value :  2.40897e-06
 Reference value :  2.40968e-06
 Reference value :  2.40999e-06
 Reference value :  2.41076e-06
 Reference value :  2.41138e-06
 Reference value :  2.41233e-06
 Reference value :  2.41311e-06
 Reference value :  2.41359e-06
 Reference value :  2.41388e-06
 Reference value :  2.41422e-06
 Reference value :  2.41451e-06
 Reference value :  2.41485e-06
 Reference value :  2.41549e-06
 Reference value :  2.41564e-06
 Reference value :  2.41631e-06
 Reference value :  2.41684e-06
 Reference value :  2.41748e-06
 Reference value :  2.41812e-06
 Reference value :  2.41879e-06
 Reference value :  2.41980e-06
 Reference value :  2.41996e-06
 Reference value :  2.42042e-06
 Reference value :  2.42105e-06
 Reference value :  2.42184e-06
 Reference value :  2.42264e-06
 Reference value :  2.42370e-06
 Reference value :  2.42451e-06
 Reference value :  2.42553e-06
 Reference value :  2.42652e-06
 Reference value :  2.42698e-06
 Reference value :  2.42781e-06
 Reference value :  2.42884e-06
 Reference value :  2.42981e-06
 Reference value :  2.43030e-06
 Reference value :  2.43112e-06
 Reference value :  2.43214e-06
 Reference value :  2.43295e-06
 Reference value :  2.43361e-06
 Reference value :  2.43449e-06
 Reference value :  2.43530e-06
 Reference value :  2.43614e-06
 Reference value :  2.43680e-06
 Reference value :  2.43777e-06
 Reference value :  2.43859e-06
 Reference value :  2.43946e-06
 Reference value :  2.43993e-06
 Reference value :  2.44057e-06
 Reference value :  2.44139e-06
 Reference value :  2.44242e-06
 Reference value :  2.44322e-06
 Reference value :  2.44422e-06
 Reference value :  2.44493e-06
 Reference value :  2.44573e-06
 Reference value :  2.44673e-06
 Reference value :  2.44775e-06
 Reference value :  2.44856e-06
 Reference value :  2.44936e-06
 Reference value :  2.44959e-06
 Reference value :  2.44967e-06
 Reference value :  2.44976e-06
 Reference value :  2.45001e-06
 Reference value :  2.45042e-06
 Reference value :  2.45064e-06
 Reference value :  2.45103e-06
 Reference value :  2.45117e-06
 Reference value :  2.45132e-06
 Reference value :  2.45167e-06
 Reference value :  2.45203e-06
 Reference value :  2.45295e-06
 Reference value :  2.45376e-06
 Reference value :  2.45456e-06
 Reference value :  2.45509e-06
 Reference value :  2.45589e-06
 Reference value :  2.45684e-06
 Reference value :  2.45764e-06
 Reference value :  2.45813e-06
 Reference value :  2.45862e-06
 Reference value :  2.45948e-06
 Reference value :  2.46026e-06
 Reference value :  2.46091e-06
 Reference value :  2.46141e-06
 Reference value :  2.46227e-06
 Reference value :  2.46307e-06
 Reference value :  2.46354e-06
 Reference value :  2.46437e-06
 Reference value :  2.46486e-06
 Reference value :  2.46573e-06
 Reference value :  2.46652e-06
 Reference value :  2.46753e-06
 Reference value :  2.46821e-06
 Reference value :  2.46886e-06
 Reference value :  2.46965e-06
 Reference value :  2.47070e-06
 Reference value :  2.47135e-06
 Reference value :  2.47214e-06
 Reference value :  2.47315e-06
 Reference value :  2.47399e-06
 Reference value :  2.47448e-06
 Reference value :  2.47527e-06
 Reference value :  2.47610e-06
 Reference value :  2.47697e-06
 Reference value :  2.47761e-06
 Reference value :  2.47826e-06
 Reference value :  2.47858e-06
 Reference value :  2.47945e-06
 Reference value :  2.47977e-06
 Reference value :  2.48025e-06
 Reference value :  2.48123e-06
 Reference value :  2.48172e-06
 Reference value :  2.48243e-06
 Reference value :  2.48274e-06
 Reference value :  2.48338e-06
 Reference value :  2.48403e-06
 Reference value :  2.48471e-06
 Reference value :  2.48560e-06
 Reference value :  2.48625e-06
 Reference value :  2.48712e-06
 Reference value :  2.48762e-06
 Reference value :  2.48827e-06
 Reference value :  2.48909e-06
 Reference value :  2.48946e-06
 Reference value :  2.49026e-06
 Reference value :  2.49104e-06
 Reference value :  2.49119e-06
 Reference value :  2.49122e-06
 Reference value :  2.49129e-06
 Reference value :  2.49137e-06
 Reference value :  2.49150e-06
 Reference value :  2.49185e-06
 Reference value :  2.49213e-06
 Reference value :  2.49230e-06
 Reference value :  2.49243e-06
 Reference value :  2.49301e-06
 Reference value :  2.49349e-06
 Reference value :  2.49427e-06
 Reference value :  2.49491e-06
 Reference value :  2.49522e-06
 Reference value :  2.49585e-06
 Reference value :  2.49664e-06
 Reference value :  2.49729e-06
 Reference value :  2.49833e-06
 Reference value :  2.49897e-06
 Reference value :  2.49962e-06
 Reference value :  2.50067e-06
 Reference value :  2.50147e-06
 Reference value :  2.50228e-06
 Reference value :  2.50318e-06
 Reference value :  2.50398e-06
 Reference value :  2.50480e-06
 Reference value :  2.50567e-06
 Reference value :  2.50646e-06
 Reference value :  2.50726e-06
 Reference value :  2.50776e-06
 Reference value :  2.50878e-06
 Reference value :  2.50942e-06
 Reference value :  2.51007e-06
 Reference value :  2.51072e-06
 Reference value :  2.51191e-06
 Reference value :  2.51270e-06
 Reference value :  2.51335e-06
 Reference value :  2.51474e-06
 Reference value :  2.51572e-06
 Reference value :  2.51659e-06
 Reference value :  2.51755e-06
 Reference value :  2.51851e-06
 Reference value :  2.51958e-06
 Reference value :  2.52074e-06
 Reference value :  2.52194e-06
 Reference value :  2.52275e-06
 Reference value :  2.52378e-06
 Reference value :  2.52457e-06
 Reference value :  2.52555e-06
 Reference value :  2.52642e-06
 Reference value :  2.52706e-06
 Reference value :  2.52755e-06
 Reference value :  2.52820e-06
 Reference value :  2.52903e-06
 Reference value :  2.53005e-06
 Reference value :  2.53069e-06
 Reference value :  2.53168e-06
 Reference value :  2.53257e-06
 Reference value :  2.53292e-06
 Reference value :  2.53300e-06
 Reference value :  2.53309e-06
 Reference value :  2.53333e-06
 Reference value :  2.53348e-06
 Reference value :  2.53375e-06
 Reference value :  2.53384e-06
 Reference value :  2.53395e-06
 Reference value :  2.53424e-06
 Reference value :  2.53433e-06
 Reference value :  2.53459e-06
 Reference value :  2.53521e-06
 Reference value :  2.53605e-06
 Reference value :  2.53668e-06
 Reference value :  2.53747e-06
 Reference value :  2.53795e-06
 Reference value :  2.53880e-06
 Reference value :  2.53929e-06
 Reference value :  2.53977e-06
 Reference value :  2.54024e-06
 Reference value :  2.54055e-06
 Reference value :  2.54119e-06
 Reference value :  2.54169e-06
 Reference value :  2.54238e-06
 Reference value :  2.54288e-06
 Reference value :  2.54318e-06
 Reference value :  2.54352e-06
 Reference value :  2.54399e-06
 Reference value :  2.54446e-06
 Reference value :  2.54495e-06
 Reference value :  2.54545e-06
 Reference value :  2.54616e-06
 Reference value :  2.54680e-06
 Reference value :  2.54730e-06
 Reference value :  2.54779e-06
 Reference value :  2.54850e-06
 Reference value :  2.54916e-06
 Reference value :  2.54947e-06
 Reference value :  2.54981e-06
 Reference value :  2.55030e-06
 Reference value :  2.55118e-06
 Reference value :  2.55168e-06
 Reference value :  2.55217e-06
 Reference value :  2.55266e-06
 Reference value :  2.55304e-06
 Reference value :  2.55367e-06
 Reference value :  2.55432e-06
 Reference value :  2.55482e-06
 Reference value :  2.55548e-06
 Reference value :  2.55601e-06
 Reference value :  2.55649e-06
 Reference value :  2.55680e-06
 Reference value :  2.55730e-06
 Reference value :  2.55779e-06
 Reference value :  2.55812e-06
 Reference value :  2.55882e-06
 Reference value :  2.55929e-06
 Reference value :  2.55962e-06
 Reference value :  2.55993e-06
 Reference value :  2.56058e-06
 Reference value :  2.56109e-06
 Reference value :  2.56164e-06
 Reference value :  2.56197e-06
 Reference value :  2.56229e-06
 Reference value :  2.56244e-06
 Reference value :  2.56294e-06
 Reference value :  2.56309e-06
 Reference value :  2.56361e-06
 Reference value :  2.56393e-06
 Reference value :  2.56429e-06
 Reference value :  2.56462e-06
 Reference value :  2.56478e-06
 Reference value :  2.56493e-06
 Reference value :  2.56526e-06
 Reference value :  2.56542e-06
 Reference value :  2.56557e-06
 Reference value :  2.56607e-06
 Reference value :  2.56640e-06
 Reference value :  2.56677e-06
 Reference value :  2.56726e-06
 Reference value :  2.56741e-06
 Reference value :  2.56790e-06
 Reference value :  2.56804e-06
 Reference value :  2.56854e-06
 Reference value :  2.56869e-06
 Reference value :  2.56902e-06
 Reference value :  2.56936e-06
 Reference value :  2.56988e-06
 Reference value :  2.57021e-06
 Reference value :  2.57037e-06
 Reference value :  2.57052e-06
 Reference value :  2.57101e-06
 Reference value :  2.57116e-06
 Reference value :  2.57148e-06
 Reference value :  2.57179e-06
 Reference value :  2.57213e-06
 Reference value :  2.57229e-06
 Reference value :  2.57244e-06
 Reference value :  2.57278e-06
 Reference value :  2.57311e-06
 Reference value :  2.57364e-06
 Reference value :  2.57414e-06
 Reference value :  2.57428e-06
 Reference value :  2.57450e-06
 Reference value :  2.57453e-06
 Reference value :  2.57455e-06
 Reference value :  2.57456e-06
 Reference value :  2.57459e-06
 Reference value :  2.57461e-06
 Reference value :  2.57464e-06
 Reference value :  2.57467e-06
 Reference value :  2.57470e-06
 Reference value :  2.57472e-06
 Reference value :  2.57477e-06
 Reference value :  2.57484e-06
 Reference value :  2.57492e-06
 Reference value :  2.57507e-06
 Reference value :  2.57512e-06
 Reference value :  2.57526e-06
 Reference value :  2.57533e-06
 Reference value :  2.57541e-06
 Reference value :  2.57550e-06
 Reference value :  2.57554e-06
 Reference value :  2.57565e-06
 Reference value :  2.57589e-06
 Reference value :  2.57630e-06
 Reference value :  2.57664e-06
 Reference value :  2.57695e-06
 Reference value :  2.57726e-06
 Reference value :  2.57776e-06
 Reference value :  2.57807e-06
 Reference value :  2.57840e-06
 Reference value :  2.57855e-06
 Reference value :  2.57902e-06
 Reference value :  2.57932e-06
 Reference value :  2.57965e-06
 Reference value :  2.57994e-06
 Reference value :  2.58027e-06
 Reference value :  2.58057e-06
 Reference value :  2.58091e-06
 Reference value :  2.58122e-06
 Reference value :  2.58156e-06
 Reference value :  2.58188e-06
 Reference value :  2.58225e-06
 Reference value :  2.58258e-06
 Reference value :  2.58274e-06
 Reference value :  2.58289e-06
 Reference value :  2.58322e-06
 Reference value :  2.58338e-06
 Reference value :  2.58352e-06
 Reference value :  2.58401e-06
 Reference value :  2.58432e-06
 Reference value :  2.58466e-06
 Reference value :  2.58496e-06
 Reference value :  2.58531e-06
 Reference value :  2.58585e-06
 Reference value :  2.58601e-06
 Reference value :  2.58634e-06
 Reference value :  2.58650e-06
 Reference value :  2.58665e-06
 Reference value :  2.58715e-06
 Reference value :  2.58730e-06
 Reference value :  2.58780e-06
 Reference value :  2.58834e-06
 Reference value :  2.58867e-06
 Reference value :  2.58899e-06
 Reference value :  2.58929e-06
 Reference value :  2.58963e-06
 Reference value :  2.58994e-06
 Reference value :  2.59028e-06
 Reference value :  2.59059e-06
 Reference value :  2.59094e-06
 Reference value :  2.59127e-06
 Reference value :  2.59166e-06
 Reference value :  2.59215e-06
 Reference value :  2.59230e-06
 Reference value :  2.59281e-06
 Reference value :  2.59336e-06
 Reference value :  2.59368e-06
 Reference value :  2.59401e-06
 Reference value :  2.59432e-06
 Reference value :  2.59466e-06
 Reference value :  2.59516e-06
 Reference value :  2.59549e-06
 Reference value :  2.59586e-06
 Reference value :  2.59618e-06
 Reference value :  2.59651e-06
 Reference value :  2.59681e-06
 Reference value :  2.59715e-06
 Reference value :  2.59747e-06
 Reference value :  2.59781e-06
 Reference value :  2.59853e-06
 Reference value :  2.59902e-06
 Reference value :  2.59918e-06
 Reference value :  2.59968e-06
 Reference value :  2.60001e-06
 Reference value :  2.60039e-06
 Reference value :  2.60088e-06
 Reference value :  2.60103e-06
 Reference value :  2.60152e-06
 Reference value :  2.60183e-06
 Reference value :  2.60218e-06
 Reference value :  2.60272e-06
 Reference value :  2.60305e-06
 Reference value :  2.60338e-06
 Reference value :  2.60368e-06
 Reference value :  2.60402e-06
 Reference value :  2.60417e-06
 Reference value :  2.60467e-06
 Reference value :  2.60521e-06
 Reference value :  2.60538e-06
 Reference value :  2.60587e-06
 Reference value :  2.60617e-06
 Reference value :  2.60651e-06
 Reference value :  2.60682e-06
 Reference value :  2.60716e-06
 Reference value :  2.60748e-06
 Reference value :  2.60783e-06
 Reference value :  2.60816e-06
 Reference value :  2.60850e-06
 Reference value :  2.60899e-06
 Reference value :  2.60914e-06
 Reference value :  2.60964e-06
 Reference value :  2.60995e-06
 Reference value :  2.61029e-06
 Reference value :  2.61084e-06
 Reference value :  2.61100e-06
 Reference value :  2.61149e-06
 Reference value :  2.61180e-06
 Reference value :  2.61214e-06
 Reference value :  2.61229e-06
 Reference value :  2.61279e-06
 Reference value :  2.61333e-06
 Reference value :  2.61366e-06
 Reference value :  2.61399e-06
 Reference value :  2.61414e-06
 Reference value :  2.61464e-06
 Reference value :  2.61495e-06
 Reference value :  2.61529e-06
 Reference value :  2.61583e-06
 Reference value :  2.61617e-06
 Reference value :  2.61619e-06
 Reference value :  2.61620e-06
 Reference value :  2.61624e-06
 Reference value :  2.61631e-06
 Reference value :  2.61637e-06
 Reference value :  2.61641e-06
 Reference value :  2.61650e-06
 Reference value :  2.61659e-06
 Reference value :  2.61664e-06
 Reference value :  2.61676e-06
 Reference value :  2.61686e-06
 Reference value :  2.61696e-06
 Reference value :  2.61706e-06
 Reference value :  2.61717e-06
 Reference value :  2.61717e-06
 Reference value :  2.61720e-06
 Reference value :  2.61722e-06
 Reference value :  2.61726e-06
 Reference value :  2.61730e-06
 Reference value :  2.61735e-06
 Reference value :  2.61744e-06
 Reference value :  2.61757e-06
 Reference value :  2.61758e-06
 Reference value :  2.61773e-06
 Reference value :  2.61838e-06
 Reference value :  2.61891e-06
 Reference value :  2.61952e-06
 Reference value :  2.61999e-06
 Reference value :  2.62063e-06
 Reference value :  2.62127e-06
 Reference value :  2.62230e-06
 Reference value :  2.62310e-06
 Reference value :  2.62358e-06
 Reference value :  2.62424e-06
 Reference value :  2.62511e-06
 Reference value :  2.62560e-06
 Reference value :  2.62624e-06
 Reference value :  2.62690e-06
 Reference value :  2.62793e-06
 Reference value :  2.62873e-06
 Reference value :  2.62953e-06
 Reference value :  2.63076e-06
 Reference value :  2.63140e-06
 Reference value :  2.63245e-06
 Reference value :  2.63311e-06
 Reference value :  2.63359e-06
 Reference value :  2.63440e-06
 Reference value :  2.63543e-06
 Reference value :  2.63574e-06
 Reference value :  2.63638e-06
 Reference value :  2.63703e-06
 Reference value :  2.63786e-06
 Reference value :  2.63857e-06
 Reference value :  2.63937e-06
 Reference value :  2.64003e-06
 Reference value :  2.64073e-06
 Reference value :  2.64137e-06
 Reference value :  2.64186e-06
 Reference value :  2.64235e-06
 Reference value :  2.64282e-06
 Reference value :  2.64371e-06
 Reference value :  2.64450e-06
 Reference value :  2.64549e-06
 Reference value :  2.64598e-06
 Reference value :  2.64652e-06
 Reference value :  2.64749e-06
 Reference value :  2.64847e-06
 Reference value :  2.64933e-06
 Reference value :  2.64997e-06
 Reference value :  2.65075e-06
 Reference value :  2.65140e-06
 Reference value :  2.65246e-06
 Reference value :  2.65327e-06
 Reference value :  2.65394e-06
 Reference value :  2.65480e-06
 Reference value :  2.65560e-06
 Reference value :  2.65640e-06
 Reference value :  2.65760e-06
 Reference value :  2.65787e-06
 Reference value :  2.65792e-06
 Reference value :  2.65797e-06
 Reference value :  2.65800e-06
 Reference value :  2.65810e-06
 Reference value :  2.65836e-06
 Reference value :  2.65861e-06
 Reference value :  2.65883e-06
 Reference value :  2.65898e-06
 Reference value :  2.65910e-06
 Reference value :  2.65970e-06
 Reference value :  2.66045e-06
 Reference value :  2.66107e-06
 Reference value :  2.66137e-06
 Reference value :  2.66171e-06
 Reference value :  2.66201e-06
 Reference value :  2.66233e-06
 Reference value :  2.66263e-06
 Reference value :  2.66296e-06
 Reference value :  2.66373e-06
 Reference value :  2.66436e-06
 Reference value :  2.66516e-06
 Reference value :  2.66618e-06
 Reference value :  2.66716e-06
 Reference value :  2.66779e-06
 Reference value :  2.66859e-06
 Reference value :  2.66908e-06
 Reference value :  2.66925e-06
 Reference value :  2.67028e-06
 Reference value :  2.67108e-06
 Reference value :  2.67156e-06
 Reference value :  2.67223e-06
 Reference value :  2.67292e-06
 Reference value :  2.67371e-06
 Reference value :  2.67470e-06
 Reference value :  2.67557e-06
 Reference value :  2.67606e-06
 Reference value :  2.67671e-06
 Reference value :  2.67720e-06
 Reference value :  2.67807e-06
 Reference value :  2.67887e-06
 Reference value :  2.67970e-06
 Reference value :  2.68073e-06
 Reference value :  2.68171e-06
 Reference value :  2.68236e-06
 Reference value :  2.68323e-06
 Reference value :  2.68371e-06
 Reference value :  2.68436e-06
 Reference value :  2.68557e-06
 Reference value :  2.68672e-06
 Reference value :  2.68755e-06
 Reference value :  2.68823e-06
 Reference value :  2.68905e-06
 Reference value :  2.68987e-06
 Reference value :  2.69075e-06
 Reference value :  2.69123e-06
 Reference value :  2.69190e-06
 Reference value :  2.69293e-06
 Reference value :  2.69372e-06
 Reference value :  2.69488e-06
 Reference value :  2.69590e-06
 Reference value :  2.69670e-06
 Reference value :  2.69769e-06
 Reference value :  2.69857e-06
 Reference value :  2.69922e-06
 Reference value :  2.69951e-06
 Reference value :  2.69960e-06
 Reference value :  2.69962e-06
 Reference value :  2.69965e-06
 Reference value :  2.69968e-06
 Reference value :  2.69988e-06
 Reference value :  2.69999e-06
 Reference value :  2.70032e-06
 Reference value :  2.70053e-06
 Reference value :  2.70060e-06
 Reference value :  2.70069e-06
 Reference value :  2.70099e-06
 Reference value :  2.70125e-06
 Reference value :  2.70173e-06
 Reference value :  2.70210e-06
 Reference value :  2.70310e-06
 Reference value :  2.70405e-06
 Reference value :  2.70469e-06
 Reference value :  2.70531e-06
 Reference value :  2.70626e-06
 Reference value :  2.70706e-06
 Reference value :  2.70771e-06
 Reference value :  2.70873e-06
 Reference value :  2.70953e-06
 Reference value :  2.71017e-06
 Reference value :  2.71096e-06
 Reference value :  2.71218e-06
 Reference value :  2.71297e-06
 Reference value :  2.71380e-06
 Reference value :  2.71484e-06
 Reference value :  2.71581e-06
 Reference value :  2.71663e-06
 Reference value :  2.71717e-06
 Reference value :  2.71781e-06
 Reference value :  2.71861e-06
 Reference value :  2.71945e-06
 Reference value :  2.72030e-06
 Reference value :  2.72127e-06
 Reference value :  2.72208e-06
 Reference value :  2.72278e-06
 Reference value :  2.72375e-06
 Reference value :  2.72455e-06
 Reference value :  2.72521e-06
 Reference value :  2.72575e-06
 Reference value :  2.72640e-06
 Reference value :  2.72704e-06
 Reference value :  2.72768e-06
 Reference value :  2.72834e-06
 Reference value :  2.72905e-06
 Reference value :  2.72984e-06
 Reference value :  2.73067e-06
 Reference value :  2.73154e-06
 Reference value :  2.73233e-06
 Reference value :  2.73315e-06
 Reference value :  2.73397e-06
 Reference value :  2.73469e-06
 Reference value :  2.73533e-06
 Reference value :  2.73601e-06
 Reference value :  2.73703e-06
 Reference value :  2.73766e-06
 Reference value :  2.73845e-06
 Reference value :  2.73965e-06
 Reference value :  2.74061e-06
 Reference value :  2.74117e-06
 Reference value :  2.74122e-06
 Reference value :  2.74127e-06
 Reference value :  2.74135e-06
 Reference value :  2.74151e-06
 Reference value :  2.74175e-06
 Reference value :  2.74197e-06
 Reference value :  2.74225e-06
 Reference value :  2.74243e-06
 Reference value :  2.74303e-06
 Reference value :  2.74379e-06
 Reference value :  2.74457e-06
 Reference value :  2.74551e-06
 Reference value :  2.74582e-06
 Reference value :  2.74660e-06
 Reference value :  2.74740e-06
 Reference value :  2.74821e-06
 Reference value :  2.74903e-06
 Reference value :  2.74990e-06
 Reference value :  2.75054e-06
 Reference value :  2.75119e-06
 Reference value :  2.75190e-06
 Reference value :  2.75256e-06
 Reference value :  2.75335e-06
 Reference value :  2.75418e-06
 Reference value :  2.75505e-06
 Reference value :  2.75584e-06
 Reference value :  2.75665e-06
 Reference value :  2.75752e-06
 Reference value :  2.75831e-06
 Reference value :  2.75946e-06
 Reference value :  2.76066e-06
 Reference value :  2.76161e-06
 Reference value :  2.76210e-06
 Reference value :  2.76313e-06
 Reference value :  2.76378e-06
 Reference value :  2.76458e-06
 Reference value :  2.76562e-06
 Reference value :  2.76643e-06
 Reference value :  2.76724e-06
 Reference value :  2.76791e-06
 Reference value :  2.76879e-06
 Reference value :  2.76943e-06
 Reference value :  2.77026e-06
 Reference value :  2.77081e-06
 Reference value :  2.77146e-06
 Reference value :  2.77267e-06
 Reference value :  2.77381e-06
 Reference value :  2.77430e-06
 Reference value :  2.77501e-06
 Reference value :  2.77551e-06
 Reference value :  2.77632e-06
 Reference value :  2.77714e-06
 Reference value :  2.77834e-06
 Reference value :  2.77902e-06
 Reference value :  2.77973e-06
 Reference value :  2.78055e-06
 Reference value :  2.78122e-06
 Reference value :  2.78189e-06
 Reference value :  2.78254e-06
 Reference value :  2.78289e-06
 Reference value :  2.78296e-06
 Reference value :  2.78307e-06
 Reference value :  2.78332e-06
 Reference value :  2.78365e-06
 Reference value :  2.78386e-06
 Reference value :  2.78394e-06
 Reference value :  2.78419e-06
 Reference value :  2.78437e-06
 Reference value :  2.78473e-06
 Reference value :  2.78528e-06
 Reference value :  2.78610e-06
 Reference value :  2.78706e-06
 Reference value :  2.78786e-06
 Reference value :  2.78832e-06
 Reference value :  2.78911e-06
 Reference value :  2.78988e-06
 Reference value :  2.79068e-06
 Reference value :  2.79151e-06
 Reference value :  2.79238e-06
 Reference value :  2.79302e-06
 Reference value :  2.79351e-06
 Reference value :  2.79433e-06
 Reference value :  2.79520e-06
 Reference value :  2.79600e-06
 Reference value :  2.79680e-06
 Reference value :  2.79784e-06
 Reference value :  2.79864e-06
 Reference value :  2.79944e-06
 Reference value :  2.80033e-06
 Reference value :  2.80114e-06
 Reference value :  2.80194e-06
 Reference value :  2.80299e-06
 Reference value :  2.80396e-06
 Reference value :  2.80477e-06
 Reference value :  2.80576e-06
 Reference value :  2.80645e-06
 Reference value :  2.80726e-06
 Reference value :  2.80824e-06
 Reference value :  2.80926e-06
 Reference value :  2.81024e-06
 Reference value :  2.81127e-06
 Reference value :  2.81223e-06
 Reference value :  2.81303e-06
 Reference value :  2.81423e-06
 Reference value :  2.81502e-06
 Reference value :  2.81584e-06
 Reference value :  2.81666e-06
 Reference value :  2.81770e-06
 Reference value :  2.81850e-06
 Reference value :  2.81932e-06
 Reference value :  2.82034e-06
 Reference value :  2.82097e-06
 Reference value :  2.82161e-06
 Reference value :  2.82210e-06
 Reference value :  2.82293e-06
 Reference value :  2.82361e-06
 Reference value :  2.82437e-06
 Reference value :  2.82452e-06
 Reference value :  2.82457e-06
 Reference value :  2.82460e-06
 Reference value :  2.82466e-06
 Reference value :  2.82480e-06
 Reference value :  2.82494e-06
 Reference value :  2.82533e-06
 Reference value :  2.82554e-06
 Reference value :  2.82610e-06
 Reference value :  2.82687e-06
 Reference value :  2.82774e-06
 Reference value :  2.82885e-06
 Reference value :  2.82962e-06
 Reference value :  2.83039e-06
 Reference value :  2.83101e-06
 Reference value :  2.83179e-06
 Reference value :  2.83260e-06
 Reference value :  2.83341e-06
 Reference value :  2.83407e-06
 Reference value :  2.83475e-06
 Reference value :  2.83572e-06
 Reference value :  2.83618e-06
 Reference value :  2.83721e-06
 Reference value :  2.83819e-06
 Reference value :  2.83899e-06
 Reference value :  2.83929e-06
 Reference value :  2.83994e-06
 Reference value :  2.84029e-06
 Reference value :  2.84150e-06
 Reference value :  2.84248e-06
 Reference value :  2.84335e-06
 Reference value :  2.84399e-06
 Reference value :  2.84479e-06
 Reference value :  2.84531e-06
 Reference value :  2.84614e-06
 Reference value :  2.84695e-06
 Reference value :  2.84777e-06
 Reference value :  2.84898e-06
 Reference value :  2.84962e-06
 Reference value :  2.85045e-06
 Reference value :  2.85099e-06
 Reference value :  2.85148e-06
 Reference value :  2.85229e-06
 Reference value :  2.85332e-06
 Reference value :  2.85412e-06
 Reference value :  2.85477e-06
 Reference value :  2.85583e-06
 Reference value :  2.85663e-06
 Reference value :  2.85745e-06
 Reference value :  2.85832e-06
 Reference value :  2.85927e-06
 Reference value :  2.85992e-06
 Reference value :  2.86114e-06
 Reference value :  2.86195e-06
 Reference value :  2.86260e-06
 Reference value :  2.86348e-06
 Reference value :  2.86412e-06
 Reference value :  2.86477e-06
 Reference value :  2.86560e-06
 Reference value :  2.86619e-06
 Reference value :  2.86630e-06
 Reference value :  2.86637e-06
 Reference value :  2.86659e-06
 Reference value :  2.86685e-06
 Reference value :  2.86717e-06
 Reference value :  2.86720e-06
 Reference value :  2.86726e-06
 Reference value :  2.86736e-06
 Reference value :  2.86767e-06
 Reference value :  2.86791e-06
 Reference value :  2.86839e-06
 Reference value :  2.86859e-06
 Reference value :  2.86914e-06
 Reference value :  2.86971e-06
 Reference value :  2.87070e-06
 Reference value :  2.87186e-06
 Reference value :  2.87249e-06
 Reference value :  2.87327e-06
 Reference value :  2.87376e-06
 Reference value :  2.87440e-06
 Reference value :  2.87538e-06
 Reference value :  2.87641e-06
 Reference value :  2.87706e-06
 Reference value :  2.87790e-06
 Reference value :  2.87875e-06
 Reference value :  2.87954e-06
 Reference value :  2.88037e-06
 Reference value :  2.88124e-06
 Reference value :  2.88188e-06
 Reference value :  2.88253e-06
 Reference value :  2.88303e-06
 Reference value :  2.88372e-06
 Reference value :  2.88438e-06
 Reference value :  2.88502e-06
 Reference value :  2.88568e-06
 Reference value :  2.88655e-06
 Reference value :  2.88718e-06
 Reference value :  2.88768e-06
 Reference value :  2.88851e-06
 Reference value :  2.88889e-06
 Reference value :  2.88938e-06
 Reference value :  2.88969e-06
 Reference value :  2.89003e-06
 Reference value :  2.89052e-06
 Reference value :  2.89086e-06
 Reference value :  2.89140e-06
 Reference value :  2.89204e-06
 Reference value :  2.89270e-06
 Reference value :  2.89373e-06
 Reference value :  2.89452e-06
 Reference value :  2.89517e-06
 Reference value :  2.89599e-06
 Reference value :  2.89686e-06
 Reference value :  2.89764e-06
 Reference value :  2.89829e-06
 Reference value :  2.89879e-06
 Reference value :  2.89945e-06
 Reference value :  2.90028e-06
 Reference value :  2.90125e-06
 Reference value :  2.90190e-06
 Reference value :  2.90273e-06
 Reference value :  2.90341e-06
 Reference value :  2.90389e-06
 Reference value :  2.90453e-06
 Reference value :  2.90536e-06
 Reference value :  2.90606e-06
 Reference value :  2.90652e-06
 Reference value :  2.90716e-06
 Reference value :  2.90784e-06
 Reference value :  2.90789e-06
 Reference value :  2.90792e-06
 Reference value :  2.90797e-06
 Reference value :  2.90805e-06
 Reference value :  2.90824e-06
 Reference value :  2.90858e-06
 Reference value :  2.90885e-06
 Reference value :  2.90920e-06
 Reference value :  2.90991e-06
 Reference value :  2.91065e-06
 Reference value :  2.91126e-06
 Reference value :  2.91202e-06
 Reference value :  2.91248e-06
 Reference value :  2.91295e-06
 Reference value :  2.91325e-06
 Reference value :  2.91358e-06
 Reference value :  2.91388e-06
 Reference value :  2.91421e-06
 Reference value :  2.91435e-06
 Reference value :  2.91483e-06
 Reference value :  2.91498e-06
 Reference value :  2.91562e-06
 Reference value :  2.91644e-06
 Reference value :  2.91714e-06
 Reference value :  2.91778e-06
 Reference value :  2.91824e-06
 Reference value :  2.91857e-06
 Reference value :  2.91922e-06
 Reference value :  2.91986e-06
 Reference value :  2.92105e-06
 Reference value :  2.92170e-06
 Reference value :  2.92250e-06
 Reference value :  2.92353e-06
 Reference value :  2.92419e-06
 Reference value :  2.92498e-06
 Reference value :  2.92581e-06
 Reference value :  2.92653e-06
 Reference value :  2.92699e-06
 Reference value :  2.92783e-06
 Reference value :  2.92905e-06
 Reference value :  2.92986e-06
 Reference value :  2.93091e-06
 Reference value :  2.93155e-06
 Reference value :  2.93237e-06
 Reference value :  2.93309e-06
 Reference value :  2.93389e-06
 Reference value :  2.93494e-06
 Reference value :  2.93559e-06
 Reference value :  2.93674e-06
 Reference value :  2.93794e-06
 Reference value :  2.93889e-06
 Reference value :  2.93993e-06
 Reference value :  2.94091e-06
 Reference value :  2.94138e-06
 Reference value :  2.94203e-06
 Reference value :  2.94291e-06
 Reference value :  2.94386e-06
 Reference value :  2.94486e-06
 Reference value :  2.94607e-06
 Reference value :  2.94704e-06
 Reference value :  2.94806e-06
 Reference value :  2.94870e-06
 Reference value :  2.94951e-06
 Reference value :  2.94958e-06
 Reference value :  2.94966e-06
 Reference value :  2.94987e-06
 Reference value :  2.95011e-06
 Reference value :  2.95039e-06
 Reference value :  2.95051e-06
 Reference value :  2.95057e-06
 Reference value :  2.95068e-06
 Reference value :  2.95100e-06
 Reference value :  2.95138e-06
 Reference value :  2.95170e-06
 Reference value :  2.95249e-06
 Reference value :  2.95308e-06
 Reference value :  2.95387e-06
 Reference value :  2.95466e-06
 Reference value :  2.95561e-06
 Reference value :  2.95592e-06
 Reference value :  2.95690e-06
 Reference value :  2.95777e-06
 Reference value :  2.95857e-06
 Reference value :  2.95921e-06
 Reference value :  2.96006e-06
 Reference value :  2.96074e-06
 Reference value :  2.96139e-06
 Reference value :  2.96187e-06
 Reference value :  2.96268e-06
 Reference value :  2.96372e-06
 Reference value :  2.96452e-06
 Reference value :  2.96500e-06
 Reference value :  2.96582e-06
 Reference value :  2.96687e-06
 Reference value :  2.96733e-06
 Reference value :  2.96834e-06
 Reference value :  2.96935e-06
 Reference value :  2.97000e-06
 Reference value :  2.97065e-06
 Reference value :  2.97169e-06
 Reference value :  2.97266e-06
 Reference value :  2.97364e-06
 Reference value :  2.97436e-06
 Reference value :  2.97516e-06
 Reference value :  2.97599e-06
 Reference value :  2.97685e-06
 Reference value :  2.97731e-06
 Reference value :  2.97830e-06
 Reference value :  2.97896e-06
 Reference value :  2.97965e-06
 Reference value :  2.98062e-06
 Reference value :  2.98144e-06
 Reference value :  2.98248e-06
 Reference value :  2.98328e-06
 Reference value :  2.98448e-06
 Reference value :  2.98528e-06
 Reference value :  2.98608e-06
 Reference value :  2.98673e-06
 Reference value :  2.98779e-06
 Reference value :  2.98860e-06
 Reference value :  2.98965e-06
 Reference value :  2.99062e-06
 Reference value :  2.99117e-06
 Reference value :  2.99121e-06
 Reference value :  2.99121e-06
 Reference value :  2.99128e-06
 Reference value :  2.99135e-06
 Reference value :  2.99148e-06
 Reference value :  2.99180e-06
 Reference value :  2.99204e-06
 Reference value :  2.99224e-06
 Reference value :  2.99238e-06
 Reference value :  2.99245e-06
 Reference value :  2.99304e-06
 Reference value :  2.99366e-06
 Reference value :  2.99440e-06
 Reference value :  2.99518e-06
 Reference value :  2.99580e-06
 Reference value :  2.99643e-06
 Reference value :  2.99705e-06
 Reference value :  2.99754e-06
 Reference value :  2.99832e-06
 Reference value :  2.99912e-06
 Reference value :  3.00016e-06
 Reference value :  3.00096e-06
 Reference value :  3.00194e-06
 Reference value :  3.00296e-06
 Reference value :  3.00328e-06
 Reference value :  3.00392e-06
 Reference value :  3.00455e-06
 Reference value :  3.00536e-06
 Reference value :  3.00641e-06
 Reference value :  3.00705e-06
 Reference value :  3.00755e-06
 Reference value :  3.00821e-06
 Reference value :  3.00941e-06
 Reference value :  3.01022e-06
 Reference value :  3.01125e-06
 Reference value :  3.01204e-06
 Reference value :  3.01302e-06
 Reference value :  3.01385e-06
 Reference value :  3.01467e-06
 Reference value :  3.01515e-06
 Reference value :  3.01580e-06
 Reference value :  3.01717e-06
 Reference value :  3.01814e-06
 Reference value :  3.01894e-06
 Reference value :  3.01998e-06
 Reference value :  3.02078e-06
 Reference value :  3.02159e-06
 Reference value :  3.02249e-06
 Reference value :  3.02329e-06
 Reference value :  3.02450e-06
 Reference value :  3.02499e-06
 Reference value :  3.02547e-06
 Reference value :  3.02628e-06
 Reference value :  3.02728e-06
 Reference value :  3.02827e-06
 Reference value :  3.02892e-06
 Reference value :  3.03014e-06
 Reference value :  3.03079e-06
 Reference value :  3.03144e-06
 Reference value :  3.03263e-06
 Reference value :  3.03287e-06
 Reference value :  3.03295e-06
 Reference value :  3.03300e-06
 Reference value :  3.03307e-06
 Reference value :  3.03332e-06
 Reference value :  3.03363e-06
 Reference value :  3.03384e-06
 Reference value :  3.03392e-06
 Reference value :  3.03396e-06
 Reference value :  3.03408e-06
 Reference value :  3.03421e-06
 Reference value :  3.03448e-06
 Reference value :  3.03489e-06
 Reference value :  3.03554e-06
 Reference value :  3.03603e-06
 Reference value :  3.03665e-06
 Reference value :  3.03756e-06
 Reference value :  3.03819e-06
 Reference value :  3.03866e-06
 Reference value :  3.03912e-06
 Reference value :  3.03975e-06
 Reference value :  3.04037e-06
 Reference value :  3.04085e-06
 Reference value :  3.04132e-06
 Reference value :  3.04179e-06
 Reference value :  3.04228e-06
 Reference value :  3.04310e-06
 Reference value :  3.04396e-06
 Reference value :  3.04474e-06
 Reference value :  3.04572e-06
 Reference value :  3.04638e-06
 Reference value :  3.04671e-06
 Reference value :  3.04709e-06
 Reference value :  3.04726e-06
 Reference value :  3.04806e-06
 Reference value :  3.04910e-06
 Reference value :  3.04974e-06
 Reference value :  3.05038e-06
 Reference value :  3.05118e-06
 Reference value :  3.05223e-06
 Reference value :  3.05287e-06
 Reference value :  3.05366e-06
 Reference value :  3.05416e-06
 Reference value :  3.05499e-06
 Reference value :  3.05587e-06
 Reference value :  3.05653e-06
 Reference value :  3.05723e-06
 Reference value :  3.05802e-06
 Reference value :  3.05850e-06
 Reference value :  3.05930e-06
 Reference value :  3.05997e-06
 Reference value :  3.06067e-06
 Reference value :  3.06113e-06
 Reference value :  3.06194e-06
 Reference value :  3.06275e-06
 Reference value :  3.06373e-06
 Reference value :  3.06460e-06
 Reference value :  3.06508e-06
 Reference value :  3.06574e-06
 Reference value :  3.06660e-06
 Reference value :  3.06724e-06
 Reference value :  3.06803e-06
 Reference value :  3.06902e-06
 Reference value :  3.07021e-06
 Reference value :  3.07085e-06
 Reference value :  3.07164e-06
 Reference value :  3.07215e-06
 Reference value :  3.07285e-06
 Reference value :  3.07382e-06
 Reference value :  3.07450e-06
 Reference value :  3.07455e-06
 Reference value :  3.07459e-06
 Reference value :  3.07467e-06
 Reference value :  3.07478e-06
 Reference value :  3.07486e-06
 Reference value :  3.07506e-06
 Reference value :  3.07550e-06
 Reference value :  3.07566e-06
 Reference value :  3.07579e-06
 Reference value :  3.07629e-06
 Reference value :  3.07724e-06
 Reference value :  3.07840e-06
 Reference value :  3.07932e-06
 Reference value :  3.08013e-06
 Reference value :  3.08093e-06
 Reference value :  3.08175e-06
 Reference value :  3.08277e-06
 Reference value :  3.08390e-06
 Reference value :  3.08475e-06
 Reference value :  3.08555e-06
 Reference value :  3.08636e-06
 Reference value :  3.08718e-06
 Reference value :  3.08800e-06
 Reference value :  3.08901e-06
 Reference value :  3.09015e-06
 Reference value :  3.09103e-06
 Reference value :  3.09183e-06
 Reference value :  3.09283e-06
 Reference value :  3.09416e-06
 Reference value :  3.09531e-06
 Reference value :  3.09652e-06
 Reference value :  3.09748e-06
 Reference value :  3.09836e-06
 Reference value :  3.09915e-06
 Reference value :  3.10031e-06
 Reference value :  3.10151e-06
 Reference value :  3.10231e-06
 Reference value :  3.10353e-06
 Reference value :  3.10469e-06
 Reference value :  3.10540e-06
 Reference value :  3.10620e-06
 Reference value :  3.10670e-06
 Reference value :  3.10721e-06
 Reference value :  3.10805e-06
 Reference value :  3.10869e-06
 Reference value :  3.10969e-06
 Reference value :  3.11089e-06
 Reference value :  3.11154e-06
 Reference value :  3.11273e-06
 Reference value :  3.11368e-06
 Reference value :  3.11468e-06
 Reference value :  3.11589e-06
 Reference value :  3.11622e-06
 Reference value :  3.11632e-06
 Reference value :  3.11637e-06
 Reference value :  3.11655e-06
 Reference value :  3.11695e-06
 Reference value :  3.11712e-06
 Reference value :  3.11722e-06
 Reference value :  3.11736e-06
 Reference value :  3.11752e-06
 Reference value :  3.11767e-06
 Reference value :  3.11776e-06
 Reference value :  3.11785e-06
 Reference value :  3.11808e-06
 Reference value :  3.11882e-06
 Reference value :  3.11985e-06
 Reference value :  3.12046e-06
 Reference value :  3.12156e-06
 Reference value :  3.12269e-06
 Reference value :  3.12352e-06
 Reference value :  3.12448e-06
 Reference value :  3.12477e-06
 Reference value :  3.12508e-06
 Reference value :  3.12525e-06
 Reference value :  3.12540e-06
 Reference value :  3.12588e-06
 Reference value :  3.12602e-06
 Reference value :  3.12651e-06
 Reference value :  3.12680e-06
 Reference value :  3.12714e-06
 Reference value :  3.12744e-06
 Reference value :  3.12778e-06
 Reference value :  3.12793e-06
 Reference value :  3.12827e-06
 Reference value :  3.12843e-06
 Reference value :  3.12897e-06
 Reference value :  3.12913e-06
 Reference value :  3.12962e-06
 Reference value :  3.12992e-06
 Reference value :  3.13026e-06
 Reference value :  3.13041e-06
 Reference value :  3.13091e-06
 Reference value :  3.13106e-06
 Reference value :  3.13157e-06
 Reference value :  3.13189e-06
 Reference value :  3.13228e-06
 Reference value :  3.13262e-06
 Reference value :  3.13293e-06
 Reference value :  3.13327e-06
 Reference value :  3.13360e-06
 Reference value :  3.13398e-06
 Reference value :  3.13414e-06
 Reference value :  3.13447e-06
 Reference value :  3.13478e-06
 Reference value :  3.13528e-06
 Reference value :  3.13559e-06
 Reference value :  3.13593e-06
 Reference value :  3.13626e-06
 Reference value :  3.13664e-06
 Reference value :  3.13713e-06
 Reference value :  3.13728e-06
 Reference value :  3.13777e-06
 Reference value :  3.13792e-06
 Reference value :  3.13842e-06
 Reference value :  3.13896e-06
 Reference value :  3.13929e-06
 Reference value :  3.13962e-06
 Reference value :  3.13992e-06
 Reference value :  3.14025e-06
 Reference value :  3.14056e-06
 Reference value :  3.14090e-06
 Reference value :  3.14105e-06
 Reference value :  3.14139e-06
 Reference value :  3.14172e-06
 Reference value :  3.14226e-06
 Reference value :  3.14259e-06
 Reference value :  3.14290e-06
 Reference value :  3.14340e-06
 Reference value :  3.14371e-06
 Reference value :  3.14405e-06
 Reference value :  3.14438e-06
 Reference value :  3.14476e-06
 Reference value :  3.14525e-06
 Reference value :  3.14556e-06
 Reference value :  3.14589e-06
 Reference value :  3.14620e-06
 Reference value :  3.14655e-06
 Reference value :  3.14708e-06
 Reference value :  3.14741e-06
 Reference value :  3.14774e-06
 Reference value :  3.14804e-06
 Reference value :  3.14838e-06
 Reference value :  3.14868e-06
 Reference value :  3.14902e-06
 Reference value :  3.14918e-06
 Reference value :  3.14952e-06
 Reference value :  3.14985e-06
 Reference value :  3.15023e-06
 Reference value :  3.15056e-06
 Reference value :  3.15088e-06
 Reference value :  3.15119e-06
 Reference value :  3.15153e-06
 Reference value :  3.15168e-06
 Reference value :  3.15219e-06
 Reference value :  3.15274e-06
 Reference value :  3.15290e-06
 Reference value :  3.15323e-06
 Reference value :  3.15354e-06
 Reference value :  3.15388e-06
 Reference value :  3.15405e-06
 Reference value :  3.15420e-06
 Reference value :  3.15455e-06
 Reference value :  3.15472e-06
 Reference value :  3.15504e-06
 Reference value :  3.15523e-06
 Reference value :  3.15539e-06
 Reference value :  3.15571e-06
 Reference value :  3.15602e-06
 Reference value :  3.15652e-06
 Reference value :  3.15683e-06
 Reference value :  3.15717e-06
 Reference value :  3.15750e-06
 Reference value :  3.15784e-06
 Reference value :  3.15787e-06
 Reference value :  3.15792e-06
 Reference value :  3.15796e-06
 Reference value :  3.15801e-06
 Reference value :  3.15807e-06
 Reference value :  3.15815e-06
 Reference value :  3.15824e-06
 Reference value :  3.15828e-06
 Reference value :  3.15838e-06
 Reference value :  3.15848e-06
 Reference value :  3.15868e-06
 Reference value :  3.15878e-06
 Reference value :  3.15885e-06
 Reference value :  3.15892e-06
 Reference value :  3.15902e-06
 Reference value :  3.15910e-06
 Reference value :  3.15919e-06
 Reference value :  3.15942e-06
 Reference value :  3.15972e-06
 Reference value :  3.15987e-06
 Reference value :  3.16018e-06
 Reference value :  3.16051e-06
 Reference value :  3.16065e-06
 Reference value :  3.16076e-06
 Reference value :  3.16104e-06
 Reference value :  3.16134e-06
 Reference value :  3.16168e-06
 Reference value :  3.16183e-06
 Reference value :  3.16195e-06
 Reference value :  3.16225e-06
 Reference value :  3.16239e-06
 Reference value :  3.16269e-06
 Reference value :  3.16303e-06
 Reference value :  3.16318e-06
 Reference value :  3.16352e-06
 Reference value :  3.16367e-06
 Reference value :  3.16399e-06
 Reference value :  3.16435e-06
 Reference value :  3.16485e-06
 Reference value :  3.16515e-06
 Reference value :  3.16548e-06
 Reference value :  3.16577e-06
 Reference value :  3.16610e-06
 Reference value :  3.16640e-06
 Reference value :  3.16674e-06
 Reference value :  3.16689e-06
 Reference value :  3.16738e-06
 Reference value :  3.16770e-06
 Reference value :  3.16806e-06
 Reference value :  3.16839e-06
 Reference value :  3.16872e-06
 Reference value :  3.16921e-06
 Reference value :  3.16951e-06
 Reference value :  3.16985e-06
 Reference value :  3.17015e-06
 Reference value :  3.17049e-06
 Reference value :  3.17065e-06
 Reference value :  3.17115e-06
 Reference value :  3.17169e-06
 Reference value :  3.17186e-06
 Reference value :  3.17219e-06
 Reference value :  3.17235e-06
 Reference value :  3.17266e-06
 Reference value :  3.17300e-06
 Reference value :  3.17331e-06
 Reference value :  3.17366e-06
 Reference value :  3.17399e-06
 Reference value :  3.17419e-06
 Reference value :  3.17452e-06
 Reference value :  3.17485e-06
 Reference value :  3.17515e-06
 Reference value :  3.17549e-06
 Reference value :  3.17564e-06
 Reference value :  3.17598e-06
 Reference value :  3.17632e-06
 Reference value :  3.17670e-06
 Reference value :  3.17686e-06
 Reference value :  3.17719e-06
 Reference value :  3.17750e-06
 Reference value :  3.17800e-06
 Reference value :  3.17816e-06
 Reference value :  3.17851e-06
 Reference value :  3.17867e-06
 Reference value :  3.17900e-06
 Reference value :  3.17935e-06
 Reference value :  3.17984e-06
 Reference value :  3.17999e-06
 Reference value :  3.18048e-06
 Reference value :  3.18079e-06
 Reference value :  3.18114e-06
 Reference value :  3.18168e-06
 Reference value :  3.18201e-06
 Reference value :  3.18234e-06
 Reference value :  3.18249e-06
 Reference value :  3.18298e-06
 Reference value :  3.18314e-06
 Reference value :  3.18348e-06
 Reference value :  3.18381e-06
 Reference value :  3.18435e-06
 Reference value :  3.18484e-06
 Reference value :  3.18549e-06
 Reference value :  3.18598e-06
 Reference value :  3.18670e-06
 Reference value :  3.18720e-06
 Reference value :  3.18751e-06
 Reference value :  3.18855e-06
 Reference value :  3.18904e-06
 Reference value :  3.18936e-06
 Reference value :  3.19000e-06
 Reference value :  3.19081e-06
 Reference value :  3.19169e-06
 Reference value :  3.19234e-06
 Reference value :  3.19299e-06
 Reference value :  3.19348e-06
 Reference value :  3.19397e-06
 Reference value :  3.19485e-06
 Reference value :  3.19551e-06
 Reference value :  3.19582e-06
 Reference value :  3.19651e-06
 Reference value :  3.19700e-06
 Reference value :  3.19781e-06
 Reference value :  3.19862e-06
 Reference value :  3.19951e-06
 Reference value :  3.19956e-06
 Reference value :  3.19963e-06
 Reference value :  3.19972e-06
 Reference value :  3.19994e-06
 Reference value :  3.20023e-06
 Reference value :  3.20050e-06
 Reference value :  3.20061e-06
 Reference value :  3.20066e-06
 Reference value :  3.20074e-06
 Reference value :  3.20080e-06
 Reference value :  3.20090e-06
 Reference value :  3.20097e-06
 Reference value :  3.20110e-06
 Reference value :  3.20128e-06
 Reference value :  3.20163e-06
 Reference value :  3.20211e-06
 Reference value :  3.20283e-06
 Reference value :  3.20354e-06
 Reference value :  3.20433e-06
 Reference value :  3.20481e-06
 Reference value :  3.20558e-06
 Reference value :  3.20622e-06
 Reference value :  3.20684e-06
 Reference value :  3.20747e-06
 Reference value :  3.20810e-06
 Reference value :  3.20874e-06
 Reference value :  3.20956e-06
 Reference value :  3.21043e-06
 Reference value :  3.21123e-06
 Reference value :  3.21187e-06
 Reference value :  3.21238e-06
 Reference value :  3.21340e-06
 Reference value :  3.21419e-06
 Reference value :  3.21517e-06
 Reference value :  3.21549e-06
 Reference value :  3.21668e-06
 Reference value :  3.21747e-06
 Reference value :  3.21847e-06
 Reference value :  3.21967e-06
 Reference value :  3.22046e-06
 Reference value :  3.22147e-06
 Reference value :  3.22246e-06
 Reference value :  3.22343e-06
 Reference value :  3.22426e-06
 Reference value :  3.22528e-06
 Reference value :  3.22623e-06
 Reference value :  3.22723e-06
 Reference value :  3.22842e-06
 Reference value :  3.22922e-06
 Reference value :  3.23043e-06
 Reference value :  3.23123e-06
 Reference value :  3.23208e-06
 Reference value :  3.23293e-06
 Reference value :  3.23390e-06
 Reference value :  3.23472e-06
 Reference value :  3.23592e-06
 Reference value :  3.23657e-06
 Reference value :  3.23755e-06
 Reference value :  3.23842e-06
 Reference value :  3.23921e-06
 Reference value :  3.24041e-06
 Reference value :  3.24117e-06
 Reference value :  3.24121e-06
 Reference value :  3.24128e-06
 Reference value :  3.24135e-06
 Reference value :  3.24149e-06
 Reference value :  3.24196e-06
 Reference value :  3.24227e-06
 Reference value :  3.24278e-06
 Reference value :  3.24357e-06
 Reference value :  3.24437e-06
 Reference value :  3.24512e-06
 Reference value :  3.24560e-06
 Reference value :  3.24607e-06
 Reference value :  3.24672e-06
 Reference value :  3.24754e-06
 Reference value :  3.24831e-06
 Reference value :  3.24941e-06
 Reference value :  3.25019e-06
 Reference value :  3.25099e-06
 Reference value :  3.25202e-06
 Reference value :  3.25281e-06
 Reference value :  3.25363e-06
 Reference value :  3.25427e-06
 Reference value :  3.25493e-06
 Reference value :  3.25580e-06
 Reference value :  3.25660e-06
 Reference value :  3.25765e-06
 Reference value :  3.25845e-06
 Reference value :  3.25927e-06
 Reference value :  3.26009e-06
 Reference value :  3.26097e-06
 Reference value :  3.26179e-06
 Reference value :  3.26266e-06
 Reference value :  3.26330e-06
 Reference value :  3.26428e-06
 Reference value :  3.26495e-06
 Reference value :  3.26563e-06
 Reference value :  3.26643e-06
 Reference value :  3.26707e-06
 Reference value :  3.26790e-06
 Reference value :  3.26878e-06
 Reference value :  3.26942e-06
 Reference value :  3.27008e-06
 Reference value :  3.27111e-06
 Reference value :  3.27192e-06
 Reference value :  3.27257e-06
 Reference value :  3.27344e-06
 Reference value :  3.27424e-06
 Reference value :  3.27471e-06
 Reference value :  3.27520e-06
 Reference value :  3.27627e-06
 Reference value :  3.27692e-06
 Reference value :  3.27742e-06
 Reference value :  3.27812e-06
 Reference value :  3.27893e-06
 Reference value :  3.27958e-06
 Reference value :  3.28008e-06
 Reference value :  3.28063e-06
 Reference value :  3.28079e-06
 Reference value :  3.28128e-06
 Reference value :  3.28159e-06
 Reference value :  3.28193e-06
 Reference value :  3.28242e-06
 Reference value :  3.28271e-06
 Reference value :  3.28288e-06
 Reference value :  3.28297e-06
 Reference value :  3.28306e-06
 Reference value :  3.28329e-06
 Reference value :  3.28373e-06
 Reference value :  3.28391e-06
 Reference value :  3.28426e-06
 Reference value :  3.28443e-06
 Reference value :  3.28459e-06
 Reference value :  3.28478e-06
 Reference value :  3.28485e-06
 Reference value :  3.28495e-06
 Reference value :  3.28507e-06
 Reference value :  3.28589e-06
 Reference value :  3.28698e-06
 Reference value :  3.28800e-06
 Reference value :  3.28863e-06
 Reference value :  3.28944e-06
 Reference value :  3.29049e-06
 Reference value :  3.29113e-06
 Reference value :  3.29194e-06
 Reference value :  3.29316e-06
 Reference value :  3.29413e-06
 Reference value :  3.29493e-06
 Reference value :  3.29578e-06
 Reference value :  3.29660e-06
 Reference value :  3.29724e-06
 Reference value :  3.29804e-06
 Reference value :  3.29889e-06
 Reference value :  3.29924e-06
 Reference value :  3.29973e-06
 Reference value :  3.30052e-06
 Reference value :  3.30157e-06
 Reference value :  3.30206e-06
 Reference value :  3.30287e-06
 Reference value :  3.30367e-06
 Reference value :  3.30436e-06
 Reference value :  3.30518e-06
 Reference value :  3.30583e-06
 Reference value :  3.30614e-06
 Reference value :  3.30681e-06
 Reference value :  3.30734e-06
 Reference value :  3.30784e-06
 Reference value :  3.30848e-06
 Reference value :  3.30912e-06
 Reference value :  3.30962e-06
 Reference value :  3.31011e-06
 Reference value :  3.31083e-06
 Reference value :  3.31130e-06
 Reference value :  3.31164e-06
 Reference value :  3.31248e-06
 Reference value :  3.31298e-06
 Reference value :  3.31331e-06
 Reference value :  3.31347e-06
 Reference value :  3.31378e-06
 Reference value :  3.31427e-06
 Reference value :  3.31494e-06
 Reference value :  3.31564e-06
 Reference value :  3.31611e-06
 Reference value :  3.31661e-06
 Reference value :  3.31709e-06
 Reference value :  3.31757e-06
 Reference value :  3.31845e-06
 Reference value :  3.31877e-06
 Reference value :  3.31910e-06
 Reference value :  3.31940e-06
 Reference value :  3.31974e-06
 Reference value :  3.32023e-06
 Reference value :  3.32057e-06
 Reference value :  3.32094e-06
 Reference value :  3.32143e-06
 Reference value :  3.32174e-06
 Reference value :  3.32239e-06
 Reference value :  3.32306e-06
 Reference value :  3.32359e-06
 Reference value :  3.32408e-06
 Reference value :  3.32450e-06
 Reference value :  3.32451e-06
 Reference value :  3.32453e-06
 Reference value :  3.32456e-06
 Reference value :  3.32459e-06
 Reference value :  3.32463e-06
 Reference value :  3.32473e-06
 Reference value :  3.32493e-06
 Reference value :  3.32524e-06
 Reference value :  3.32553e-06
 Reference value :  3.32576e-06
 Reference value :  3.32640e-06
 Reference value :  3.32671e-06
 Reference value :  3.32747e-06
 Reference value :  3.32826e-06
 Reference value :  3.32871e-06
 Reference value :  3.32950e-06
 Reference value :  3.32996e-06
 Reference value :  3.33030e-06
 Reference value :  3.33094e-06
 Reference value :  3.33161e-06
 Reference value :  3.33213e-06
 Reference value :  3.33262e-06
 Reference value :  3.33308e-06
 Reference value :  3.33342e-06
 Reference value :  3.33406e-06
 Reference value :  3.33476e-06
 Reference value :  3.33540e-06
 Reference value :  3.33589e-06
 Reference value :  3.33653e-06
 Reference value :  3.33684e-06
 Reference value :  3.33734e-06
 Reference value :  3.33802e-06
 Reference value :  3.33853e-06
 Reference value :  3.33902e-06
 Reference value :  3.33932e-06
 Reference value :  3.33966e-06
 Reference value :  3.33997e-06
 Reference value :  3.34064e-06
 Reference value :  3.34166e-06
 Reference value :  3.34231e-06
 Reference value :  3.34299e-06
 Reference value :  3.34352e-06
 Reference value :  3.34401e-06
 Reference value :  3.34466e-06
 Reference value :  3.34531e-06
 Reference value :  3.34601e-06
 Reference value :  3.34651e-06
 Reference value :  3.34729e-06
 Reference value :  3.34779e-06
 Reference value :  3.34811e-06
 Reference value :  3.34899e-06
 Reference value :  3.34931e-06
 Reference value :  3.35013e-06
 Reference value :  3.35060e-06
 Reference value :  3.35112e-06
 Reference value :  3.35216e-06
 Reference value :  3.35282e-06
 Reference value :  3.35353e-06
 Reference value :  3.35417e-06
 Reference value :  3.35467e-06
 Reference value :  3.35498e-06
 Reference value :  3.35533e-06
 Reference value :  3.35604e-06
 Reference value :  3.35668e-06
 Reference value :  3.35734e-06
 Reference value :  3.35818e-06
 Reference value :  3.35853e-06
 Reference value :  3.35902e-06
 Reference value :  3.35950e-06
 Reference value :  3.35966e-06
 Reference value :  3.35998e-06
 Reference value :  3.36065e-06
 Reference value :  3.36152e-06
 Reference value :  3.36232e-06
 Reference value :  3.36316e-06
 Reference value :  3.36404e-06
 Reference value :  3.36435e-06
 Reference value :  3.36487e-06
 Reference value :  3.36557e-06
 Reference value :  3.36618e-06
 Reference value :  3.36626e-06
 Reference value :  3.36634e-06
 Reference value :  3.36640e-06
 Reference value :  3.36643e-06
 Reference value :  3.36666e-06
 Reference value :  3.36691e-06
 Reference value :  3.36709e-06
 Reference value :  3.36717e-06
 Reference value :  3.36724e-06
 Reference value :  3.36730e-06
 Reference value :  3.36760e-06
 Reference value :  3.36773e-06
 Reference value :  3.36799e-06
 Reference value :  3.36831e-06
 Reference value :  3.36914e-06
 Reference value :  3.36995e-06
 Reference value :  3.37044e-06
 Reference value :  3.37074e-06
 Reference value :  3.37151e-06
 Reference value :  3.37214e-06
 Reference value :  3.37295e-06
 Reference value :  3.37377e-06
 Reference value :  3.37464e-06
 Reference value :  3.37545e-06
 Reference value :  3.37610e-06
 Reference value :  3.37696e-06
 Reference value :  3.37760e-06
 Reference value :  3.37824e-06
 Reference value :  3.37873e-06
 Reference value :  3.37938e-06
 Reference value :  3.38026e-06
 Reference value :  3.38058e-06
 Reference value :  3.38106e-06
 Reference value :  3.38187e-06
 Reference value :  3.38286e-06
 Reference value :  3.38371e-06
 Reference value :  3.38436e-06
 Reference value :  3.38502e-06
 Reference value :  3.38622e-06
 Reference value :  3.38702e-06
 Reference value :  3.38786e-06
 Reference value :  3.38890e-06
 Reference value :  3.38957e-06
 Reference value :  3.39012e-06
 Reference value :  3.39061e-06
 Reference value :  3.39126e-06
 Reference value :  3.39210e-06
 Reference value :  3.39261e-06
 Reference value :  3.39341e-06
 Reference value :  3.39406e-06
 Reference value :  3.39473e-06
 Reference value :  3.39561e-06
 Reference value :  3.39640e-06
 Reference value :  3.39724e-06
 Reference value :  3.39826e-06
 Reference value :  3.39908e-06
 Reference value :  3.39996e-06
 Reference value :  3.40061e-06
 Reference value :  3.40125e-06
 Reference value :  3.40191e-06
 Reference value :  3.40262e-06
 Reference value :  3.40342e-06
 Reference value :  3.40391e-06
 Reference value :  3.40459e-06
 Reference value :  3.40530e-06
 Reference value :  3.40578e-06
 Reference value :  3.40629e-06
 Reference value :  3.40683e-06
 Reference value :  3.40732e-06
 Reference value :  3.40774e-06
 Reference value :  3.40786e-06
 Reference value :  3.40790e-06
 Reference value :  3.40796e-06
 Reference value :  3.40804e-06
 Reference value :  3.40811e-06
 Reference value :  3.40826e-06
 Reference value :  3.40849e-06
 Reference value :  3.40874e-06
 Reference value :  3.40887e-06
 Reference value :  3.40896e-06
 Reference value :  3.40911e-06
 Reference value :  3.40965e-06
 Reference value :  3.41015e-06
 Reference value :  3.41095e-06
 Reference value :  3.41140e-06
 Reference value :  3.41189e-06
 Reference value :  3.41251e-06
 Reference value :  3.41314e-06
 Reference value :  3.41364e-06
 Reference value :  3.41413e-06
 Reference value :  3.41462e-06
 Reference value :  3.41549e-06
 Reference value :  3.41628e-06
 Reference value :  3.41694e-06
 Reference value :  3.41797e-06
 Reference value :  3.41876e-06
 Reference value :  3.41975e-06
 Reference value :  3.42061e-06
 Reference value :  3.42141e-06
 Reference value :  3.42223e-06
 Reference value :  3.42307e-06
 Reference value :  3.42374e-06
 Reference value :  3.42439e-06
 Reference value :  3.42503e-06
 Reference value :  3.42571e-06
 Reference value :  3.42659e-06
 Reference value :  3.42690e-06
 Reference value :  3.42755e-06
 Reference value :  3.42807e-06
 Reference value :  3.42859e-06
 Reference value :  3.42890e-06
 Reference value :  3.42924e-06
 Reference value :  3.42938e-06
 Reference value :  3.42988e-06
 Reference value :  3.43019e-06
 Reference value :  3.43054e-06
 Reference value :  3.43109e-06
 Reference value :  3.43158e-06
 Reference value :  3.43223e-06
 Reference value :  3.43271e-06
 Reference value :  3.43323e-06
 Reference value :  3.43408e-06
 Reference value :  3.43488e-06
 Reference value :  3.43554e-06
 Reference value :  3.43643e-06
 Reference value :  3.43690e-06
 Reference value :  3.43811e-06
 Reference value :  3.43875e-06
 Reference value :  3.43925e-06
 Reference value :  3.43940e-06
 Reference value :  3.43990e-06
 Reference value :  3.44005e-06
 Reference value :  3.44073e-06
 Reference value :  3.44109e-06
 Reference value :  3.44140e-06
 Reference value :  3.44188e-06
 Reference value :  3.44238e-06
 Reference value :  3.44304e-06
 Reference value :  3.44392e-06
 Reference value :  3.44425e-06
 Reference value :  3.44456e-06
 Reference value :  3.44541e-06
 Reference value :  3.44624e-06
 Reference value :  3.44721e-06
 Reference value :  3.44803e-06
 Reference value :  3.44924e-06
 Reference value :  3.44955e-06
 Reference value :  3.44967e-06
 Reference value :  3.44975e-06
 Reference value :  3.44999e-06
 Reference value :  3.45034e-06
 Reference value :  3.45050e-06
 Reference value :  3.45059e-06
 Reference value :  3.45077e-06
 Reference value :  3.45106e-06
 Reference value :  3.45130e-06
 Reference value :  3.45186e-06
 Reference value :  3.45271e-06
 Reference value :  3.45360e-06
 Reference value :  3.45440e-06
 Reference value :  3.45518e-06
 Reference value :  3.45597e-06
 Reference value :  3.45680e-06
 Reference value :  3.45751e-06
 Reference value :  3.45782e-06
 Reference value :  3.45862e-06
 Reference value :  3.45929e-06
 Reference value :  3.46031e-06
 Reference value :  3.46095e-06
 Reference value :  3.46159e-06
 Reference value :  3.46265e-06
 Reference value :  3.46330e-06
 Reference value :  3.46411e-06
 Reference value :  3.46514e-06
 Reference value :  3.46579e-06
 Reference value :  3.46658e-06
 Reference value :  3.46726e-06
 Reference value :  3.46828e-06
 Reference value :  3.46907e-06
 Reference value :  3.46957e-06
 Reference value :  3.47040e-06
 Reference value :  3.47144e-06
 Reference value :  3.47242e-06
 Reference value :  3.47313e-06
 Reference value :  3.47393e-06
 Reference value :  3.47512e-06
 Reference value :  3.47593e-06
 Reference value :  3.47690e-06
 Reference value :  3.47772e-06
 Reference value :  3.47891e-06
 Reference value :  3.47970e-06
 Reference value :  3.48051e-06
 Reference value :  3.48103e-06
 Reference value :  3.48171e-06
 Reference value :  3.48268e-06
 Reference value :  3.48351e-06
 Reference value :  3.48453e-06
 Reference value :  3.48517e-06
 Reference value :  3.48582e-06
 Reference value :  3.48680e-06
 Reference value :  3.48768e-06
 Reference value :  3.48866e-06
 Reference value :  3.48953e-06
 Reference value :  3.49017e-06
 Reference value :  3.49096e-06
 Reference value :  3.49119e-06
 Reference value :  3.49125e-06
 Reference value :  3.49131e-06
 Reference value :  3.49135e-06
 Reference value :  3.49144e-06
 Reference value :  3.49165e-06
 Reference value :  3.49191e-06
 Reference value :  3.49218e-06
 Reference value :  3.49252e-06
 Reference value :  3.49319e-06
 Reference value :  3.49380e-06
 Reference value :  3.49434e-06
 Reference value :  3.49516e-06
 Reference value :  3.49614e-06
 Reference value :  3.49693e-06
 Reference value :  3.49769e-06
 Reference value :  3.49865e-06
 Reference value :  3.49944e-06
 Reference value :  3.50023e-06
 Reference value :  3.50127e-06
 Reference value :  3.50207e-06
 Reference value :  3.50256e-06
 Reference value :  3.50336e-06
 Reference value :  3.50459e-06
 Reference value :  3.50558e-06
 Reference value :  3.50662e-06
 Reference value :  3.50759e-06
 Reference value :  3.50826e-06
 Reference value :  3.50895e-06
 Reference value :  3.50992e-06
 Reference value :  3.51075e-06
 Reference value :  3.51130e-06
 Reference value :  3.51211e-06
 Reference value :  3.51294e-06
 Reference value :  3.51381e-06
 Reference value :  3.51445e-06
 Reference value :  3.51542e-06
 Reference value :  3.51644e-06
 Reference value :  3.51723e-06
 Reference value :  3.51806e-06
 Reference value :  3.51893e-06
 Reference value :  3.51957e-06
 Reference value :  3.52037e-06
 Reference value :  3.52087e-06
 Reference value :  3.52191e-06
 Reference value :  3.52270e-06
 Reference value :  3.52351e-06
 Reference value :  3.52456e-06
 Reference value :  3.52536e-06
 Reference value :  3.52636e-06
 Reference value :  3.52757e-06
 Reference value :  3.52856e-06
 Reference value :  3.52943e-06
 Reference value :  3.53007e-06
 Reference value :  3.53088e-06
 Reference value :  3.53139e-06
 Reference value :  3.53206e-06
 Reference value :  3.53283e-06
 Reference value :  3.53284e-06
 Reference value :  3.53288e-06
 Reference value :  3.53298e-06
 Reference value :  3.53304e-06
 Reference value :  3.53309e-06
 Reference value :  3.53318e-06
 Reference value :  3.53349e-06
 Reference value :  3.53358e-06
 Reference value :  3.53368e-06
 Reference value :  3.53375e-06
 Reference value :  3.53383e-06
 Reference value :  3.53384e-06
 Reference value :  3.53388e-06
 Reference value :  3.53396e-06
 Reference value :  3.53403e-06
 Reference value :  3.53408e-06
 Reference value :  3.53422e-06
 Reference value :  3.53435e-06
 Reference value :  3.53444e-06
 Reference value :  3.53462e-06
 Reference value :  3.53512e-06
 Reference value :  3.53535e-06
 Reference value :  3.53560e-06
 Reference value :  3.53585e-06
 Reference value :  3.53613e-06
 Reference value :  3.53690e-06
 Reference value :  3.53724e-06
 Reference value :  3.53755e-06
 Reference value :  3.53788e-06
 Reference value :  3.53818e-06
 Reference value :  3.53865e-06
 Reference value :  3.53913e-06
 Reference value :  3.53928e-06
 Reference value :  3.53960e-06
 Reference value :  3.53991e-06
 Reference value :  3.54040e-06
 Reference value :  3.54071e-06
 Reference value :  3.54105e-06
 Reference value :  3.54157e-06
 Reference value :  3.54173e-06
 Reference value :  3.54206e-06
 Reference value :  3.54239e-06
 Reference value :  3.54288e-06
 Reference value :  3.54302e-06
 Reference value :  3.54351e-06
 Reference value :  3.54382e-06
 Reference value :  3.54416e-06
 Reference value :  3.54447e-06
 Reference value :  3.54481e-06
 Reference value :  3.54514e-06
 Reference value :  3.54552e-06
 Reference value :  3.54585e-06
 Reference value :  3.54616e-06
 Reference value :  3.54649e-06
 Reference value :  3.54680e-06
 Reference value :  3.54731e-06
 Reference value :  3.54763e-06
 Reference value :  3.54801e-06
 Reference value :  3.54851e-06
 Reference value :  3.54881e-06
 Reference value :  3.54915e-06
 Reference value :  3.54945e-06
 Reference value :  3.54980e-06
 Reference value :  3.55011e-06
 Reference value :  3.55046e-06
 Reference value :  3.55079e-06
 Reference value :  3.55098e-06
 Reference value :  3.55114e-06
 Reference value :  3.55163e-06
 Reference value :  3.55178e-06
 Reference value :  3.55227e-06
 Reference value :  3.55258e-06
 Reference value :  3.55292e-06
 Reference value :  3.55325e-06
 Reference value :  3.55362e-06
 Reference value :  3.55395e-06
 Reference value :  3.55426e-06
 Reference value :  3.55459e-06
 Reference value :  3.55475e-06
 Reference value :  3.55506e-06
 Reference value :  3.55540e-06
 Reference value :  3.55555e-06
 Reference value :  3.55589e-06
 Reference value :  3.55622e-06
 Reference value :  3.55676e-06
 Reference value :  3.55725e-06
 Reference value :  3.55755e-06
 Reference value :  3.55789e-06
 Reference value :  3.55820e-06
 Reference value :  3.55854e-06
 Reference value :  3.55869e-06
 Reference value :  3.55904e-06
 Reference value :  3.55937e-06
 Reference value :  3.55972e-06
 Reference value :  3.55988e-06
 Reference value :  3.56037e-06
 Reference value :  3.56067e-06
 Reference value :  3.56101e-06
 Reference value :  3.56116e-06
 Reference value :  3.56166e-06
 Reference value :  3.56181e-06
 Reference value :  3.56232e-06
 Reference value :  3.56265e-06
 Reference value :  3.56284e-06
 Reference value :  3.56300e-06
 Reference value :  3.56333e-06
 Reference value :  3.56364e-06
 Reference value :  3.56397e-06
 Reference value :  3.56428e-06
 Reference value :  3.56461e-06
 Reference value :  3.56478e-06
 Reference value :  3.56531e-06
 Reference value :  3.56564e-06
 Reference value :  3.56597e-06
 Reference value :  3.56627e-06
 Reference value :  3.56660e-06
 Reference value :  3.56691e-06
 Reference value :  3.56724e-06
 Reference value :  3.56755e-06
 Reference value :  3.56804e-06
 Reference value :  3.56838e-06
 Reference value :  3.56871e-06
 Reference value :  3.56908e-06
 Reference value :  3.56941e-06
 Reference value :  3.56974e-06
 Reference value :  3.56988e-06
 Reference value :  3.57038e-06
 Reference value :  3.57053e-06
 Reference value :  3.57103e-06
 Reference value :  3.57156e-06
 Reference value :  3.57189e-06
 Reference value :  3.57221e-06
 Reference value :  3.57236e-06
 Reference value :  3.57285e-06
 Reference value :  3.57299e-06
 Reference value :  3.57348e-06
 Reference value :  3.57378e-06
 Reference value :  3.57412e-06
 Reference value :  3.57427e-06
 Reference value :  3.57450e-06
 Reference value :  3.57450e-06
 Reference value :  3.57452e-06
 Reference value :  3.57454e-06
 Reference value :  3.57456e-06
 Reference value :  3.57459e-06
 Reference value :  3.57461e-06
 Reference value :  3.57463e-06
 Reference value :  3.57468e-06
 Reference value :  3.57472e-06
 Reference value :  3.57477e-06
 Reference value :  3.57484e-06
 Reference value :  3.57492e-06
 Reference value :  3.57501e-06
 Reference value :  3.57514e-06
 Reference value :  3.57531e-06
 Reference value :  3.57540e-06
 Reference value :  3.57550e-06
 Reference value :  3.57554e-06
 Reference value :  3.57558e-06
 Reference value :  3.57562e-06
 Reference value :  3.57573e-06
 Reference value :  3.57579e-06
 Reference value :  3.57590e-06
 Reference value :  3.57630e-06
 Reference value :  3.57662e-06
 Reference value :  3.57675e-06
 Reference value :  3.57709e-06
 Reference value :  3.57726e-06
 Reference value :  3.57740e-06
 Reference value :  3.57770e-06
 Reference value :  3.57784e-06
 Reference value :  3.57813e-06
 Reference value :  3.57847e-06
 Reference value :  3.57862e-06
 Reference value :  3.57910e-06
 Reference value :  3.57963e-06
 Reference value :  3.57995e-06
 Reference value :  3.58027e-06
 Reference value :  3.58057e-06
 Reference value :  3.58090e-06
 Reference value :  3.58120e-06
 Reference value :  3.58153e-06
 Reference value :  3.58183e-06
 Reference value :  3.58216e-06
 Reference value :  3.58247e-06
 Reference value :  3.58280e-06
 Reference value :  3.58295e-06
 Reference value :  3.58346e-06
 Reference value :  3.58399e-06
 Reference value :  3.58416e-06
 Reference value :  3.58449e-06
 Reference value :  3.58479e-06
 Reference value :  3.58512e-06
 Reference value :  3.58543e-06
 Reference value :  3.58593e-06
 Reference value :  3.58608e-06
 Reference value :  3.58658e-06
 Reference value :  3.58713e-06
 Reference value :  3.58746e-06
 Reference value :  3.58779e-06
 Reference value :  3.58809e-06
 Reference value :  3.58843e-06
 Reference value :  3.58858e-06
 Reference value :  3.58909e-06
 Reference value :  3.58941e-06
 Reference value :  3.58979e-06
 Reference value :  3.59029e-06
 Reference value :  3.59059e-06
 Reference value :  3.59093e-06
 Reference value :  3.59125e-06
 Reference value :  3.59160e-06
 Reference value :  3.59215e-06
 Reference value :  3.59248e-06
 Reference value :  3.59281e-06
 Reference value :  3.59296e-06
 Reference value :  3.59347e-06
 Reference value :  3.59402e-06
 Reference value :  3.59418e-06
 Reference value :  3.59452e-06
 Reference value :  3.59483e-06
 Reference value :  3.59533e-06
 Reference value :  3.59565e-06
 Reference value :  3.59600e-06
 Reference value :  3.59651e-06
 Reference value :  3.59667e-06
 Reference value :  3.59716e-06
 Reference value :  3.59731e-06
 Reference value :  3.59764e-06
 Reference value :  3.59795e-06
 Reference value :  3.59829e-06
 Reference value :  3.59862e-06
 Reference value :  3.59915e-06
 Reference value :  3.59965e-06
 Reference value :  3.59995e-06
 Reference value :  3.60029e-06
 Reference value :  3.60060e-06
 Reference value :  3.60094e-06
 Reference value :  3.60109e-06
 Reference value :  3.60160e-06
 Reference value :  3.60213e-06
 Reference value :  3.60246e-06
 Reference value :  3.60279e-06
 Reference value :  3.60294e-06
 Reference value :  3.60343e-06
 Reference value :  3.60375e-06
 Reference value :  3.60410e-06
 Reference value :  3.60465e-06
 Reference value :  3.60498e-06
 Reference value :  3.60531e-06
 Reference value :  3.60546e-06
 Reference value :  3.60580e-06
 Reference value :  3.60614e-06
 Reference value :  3.60668e-06
 Reference value :  3.60718e-06
 Reference value :  3.60748e-06
 Reference value :  3.60782e-06
 Reference value :  3.60814e-06
 Reference value :  3.60849e-06
 Reference value :  3.60902e-06
 Reference value :  3.60934e-06
 Reference value :  3.60982e-06
 Reference value :  3.61031e-06
 Reference value :  3.61097e-06
 Reference value :  3.61152e-06
 Reference value :  3.61168e-06
 Reference value :  3.61218e-06
 Reference value :  3.61249e-06
 Reference value :  3.61283e-06
 Reference value :  3.61298e-06
 Reference value :  3.61350e-06
 Reference value :  3.61417e-06
 Reference value :  3.61466e-06
 Reference value :  3.61530e-06
 Reference value :  3.61579e-06
 Reference value :  3.61617e-06
 Reference value :  3.61620e-06
 Reference value :  3.61629e-06
 Reference value :  3.61633e-06
 Reference value :  3.61638e-06
 Reference value :  3.61642e-06
 Reference value :  3.61646e-06
 Reference value :  3.61656e-06
 Reference value :  3.61662e-06
 Reference value :  3.61677e-06
 Reference value :  3.61688e-06
 Reference value :  3.61701e-06
 Reference value :  3.61709e-06
 Reference value :  3.61717e-06
 Reference value :  3.61719e-06
 Reference value :  3.61723e-06
 Reference value :  3.61726e-06
 Reference value :  3.61735e-06
 Reference value :  3.61744e-06
 Reference value :  3.61764e-06
 Reference value :  3.61773e-06
 Reference value :  3.61792e-06
 Reference value :  3.61820e-06
 Reference value :  3.61829e-06
 Reference value :  3.61857e-06
 Reference value :  3.61943e-06
 Reference value :  3.62006e-06
 Reference value :  3.62056e-06
 Reference value :  3.62071e-06
 Reference value :  3.62135e-06
 Reference value :  3.62198e-06
 Reference value :  3.62277e-06
 Reference value :  3.62327e-06
 Reference value :  3.62378e-06
 Reference value :  3.62431e-06
 Reference value :  3.62495e-06
 Reference value :  3.62560e-06
 Reference value :  3.62625e-06
 Reference value :  3.62695e-06
 Reference value :  3.62792e-06
 Reference value :  3.62823e-06
 Reference value :  3.62873e-06
 Reference value :  3.62904e-06
 Reference value :  3.62938e-06
 Reference value :  3.62993e-06
 Reference value :  3.63026e-06
 Reference value :  3.63089e-06
 Reference value :  3.63155e-06
 Reference value :  3.63206e-06
 Reference value :  3.63261e-06
 Reference value :  3.63311e-06
 Reference value :  3.63377e-06
 Reference value :  3.63480e-06
 Reference value :  3.63511e-06
 Reference value :  3.63561e-06
 Reference value :  3.63610e-06
 Reference value :  3.63626e-06
 Reference value :  3.63659e-06
 Reference value :  3.63746e-06
 Reference value :  3.63760e-06
 Reference value :  3.63810e-06
 Reference value :  3.63840e-06
 Reference value :  3.63924e-06
 Reference value :  3.63957e-06
 Reference value :  3.64061e-06
 Reference value :  3.64076e-06
 Reference value :  3.64127e-06
 Reference value :  3.64197e-06
 Reference value :  3.64246e-06
 Reference value :  3.64261e-06
 Reference value :  3.64340e-06
 Reference value :  3.64390e-06
 Reference value :  3.64440e-06
 Reference value :  3.64495e-06
 Reference value :  3.64544e-06
 Reference value :  3.64575e-06
 Reference value :  3.64656e-06
 Reference value :  3.64724e-06
 Reference value :  3.64809e-06
 Reference value :  3.64873e-06
 Reference value :  3.64971e-06
 Reference value :  3.65008e-06
 Reference value :  3.65057e-06
 Reference value :  3.65104e-06
 Reference value :  3.65168e-06
 Reference value :  3.65214e-06
 Reference value :  3.65248e-06
 Reference value :  3.65313e-06
 Reference value :  3.65383e-06
 Reference value :  3.65432e-06
 Reference value :  3.65462e-06
 Reference value :  3.65510e-06
 Reference value :  3.65560e-06
 Reference value :  3.65590e-06
 Reference value :  3.65657e-06
 Reference value :  3.65727e-06
 Reference value :  3.65758e-06
 Reference value :  3.65785e-06
 Reference value :  3.65789e-06
 Reference value :  3.65793e-06
 Reference value :  3.65796e-06
 Reference value :  3.65800e-06
 Reference value :  3.65806e-06
 Reference value :  3.65812e-06
 Reference value :  3.65841e-06
 Reference value :  3.65852e-06
 Reference value :  3.65860e-06
 Reference value :  3.65867e-06
 Reference value :  3.65875e-06
 Reference value :  3.65887e-06
 Reference value :  3.65897e-06
 Reference value :  3.65907e-06
 Reference value :  3.65936e-06
 Reference value :  3.65965e-06
 Reference value :  3.65998e-06
 Reference value :  3.66045e-06
 Reference value :  3.66101e-06
 Reference value :  3.66132e-06
 Reference value :  3.66183e-06
 Reference value :  3.66214e-06
 Reference value :  3.66266e-06
 Reference value :  3.66314e-06
 Reference value :  3.66363e-06
 Reference value :  3.66377e-06
 Reference value :  3.66426e-06
 Reference value :  3.66456e-06
 Reference value :  3.66505e-06
 Reference value :  3.66556e-06
 Reference value :  3.66626e-06
 Reference value :  3.66690e-06
 Reference value :  3.66724e-06
 Reference value :  3.66806e-06
 Reference value :  3.66860e-06
 Reference value :  3.66941e-06
 Reference value :  3.66990e-06
 Reference value :  3.67056e-06
 Reference value :  3.67111e-06
 Reference value :  3.67127e-06
 Reference value :  3.67177e-06
 Reference value :  3.67225e-06
 Reference value :  3.67273e-06
 Reference value :  3.67309e-06
 Reference value :  3.67342e-06
 Reference value :  3.67376e-06
 Reference value :  3.67440e-06
 Reference value :  3.67489e-06
 Reference value :  3.67538e-06
 Reference value :  3.67571e-06
 Reference value :  3.67641e-06
 Reference value :  3.67674e-06
 Reference value :  3.67738e-06
 Reference value :  3.67769e-06
 Reference value :  3.67803e-06
 Reference value :  3.67834e-06
 Reference value :  3.67870e-06
 Reference value :  3.67922e-06
 Reference value :  3.67971e-06
 Reference value :  3.68002e-06
 Reference value :  3.68052e-06
 Reference value :  3.68118e-06
 Reference value :  3.68239e-06
 Reference value :  3.68319e-06
 Reference value :  3.68422e-06
 Reference value :  3.68501e-06
 Reference value :  3.68582e-06
 Reference value :  3.68649e-06
 Reference value :  3.68719e-06
 Reference value :  3.68766e-06
 Reference value :  3.68815e-06
 Reference value :  3.68864e-06
 Reference value :  3.68964e-06
 Reference value :  3.69000e-06
 Reference value :  3.69064e-06
 Reference value :  3.69145e-06
 Reference value :  3.69252e-06
 Reference value :  3.69317e-06
 Reference value :  3.69367e-06
 Reference value :  3.69421e-06
 Reference value :  3.69471e-06
 Reference value :  3.69502e-06
 Reference value :  3.69552e-06
 Reference value :  3.69650e-06
 Reference value :  3.69689e-06
 Reference value :  3.69738e-06
 Reference value :  3.69818e-06
 Reference value :  3.69869e-06
 Reference value :  3.69951e-06
 Reference value :  3.69958e-06
 Reference value :  3.69971e-06
 Reference value :  3.69977e-06
 Reference value :  3.69996e-06
 Reference value :  3.70023e-06
 Reference value :  3.70034e-06
 Reference value :  3.70050e-06
 Reference value :  3.70055e-06
 Reference value :  3.70058e-06
 Reference value :  3.70070e-06
 Reference value :  3.70091e-06
 Reference value :  3.70110e-06
 Reference value :  3.70128e-06
 Reference value :  3.70150e-06
 Reference value :  3.70155e-06
 Reference value :  3.70159e-06
 Reference value :  3.70169e-06
 Reference value :  3.70189e-06
 Reference value :  3.70282e-06
 Reference value :  3.70345e-06
 Reference value :  3.70392e-06
 Reference value :  3.70422e-06
 Reference value :  3.70455e-06
 Reference value :  3.70484e-06
 Reference value :  3.70566e-06
 Reference value :  3.70598e-06
 Reference value :  3.70701e-06
 Reference value :  3.70731e-06
 Reference value :  3.70779e-06
 Reference value :  3.70812e-06
 Reference value :  3.70843e-06
 Reference value :  3.70892e-06
 Reference value :  3.70924e-06
 Reference value :  3.70990e-06
 Reference value :  3.71029e-06
 Reference value :  3.71078e-06
 Reference value :  3.71093e-06
 Reference value :  3.71174e-06
 Reference value :  3.71208e-06
 Reference value :  3.71295e-06
 Reference value :  3.71328e-06
 Reference value :  3.71375e-06
 Reference value :  3.71407e-06
 Reference value :  3.71474e-06
 Reference value :  3.71576e-06
 Reference value :  3.71606e-06
 Reference value :  3.71670e-06
 Reference value :  3.71704e-06
 Reference value :  3.71770e-06
 Reference value :  3.71857e-06
 Reference value :  3.71889e-06
 Reference value :  3.71953e-06
 Reference value :  3.71968e-06
 Reference value :  3.72033e-06
 Reference value :  3.72084e-06
 Reference value :  3.72153e-06
 Reference value :  3.72186e-06
 Reference value :  3.72233e-06
 Reference value :  3.72316e-06
 Reference value :  3.72402e-06
 Reference value :  3.72466e-06
 Reference value :  3.72530e-06
 Reference value :  3.72580e-06
 Reference value :  3.72629e-06
 Reference value :  3.72678e-06
 Reference value :  3.72750e-06
 Reference value :  3.72766e-06
 Reference value :  3.72846e-06
 Reference value :  3.72881e-06
 Reference value :  3.72930e-06
 Reference value :  3.72965e-06
 Reference value :  3.73029e-06
 Reference value :  3.73093e-06
 Reference value :  3.73161e-06
 Reference value :  3.73197e-06
 Reference value :  3.73277e-06
 Reference value :  3.73326e-06
 Reference value :  3.73374e-06
 Reference value :  3.73404e-06
 Reference value :  3.73454e-06
 Reference value :  3.73485e-06
 Reference value :  3.73537e-06
 Reference value :  3.73591e-06
 Reference value :  3.73641e-06
 Reference value :  3.73656e-06
 Reference value :  3.73706e-06
 Reference value :  3.73775e-06
 Reference value :  3.73888e-06
 Reference value :  3.73918e-06
 Reference value :  3.73982e-06
 Reference value :  3.74031e-06
 Reference value :  3.74098e-06
 Reference value :  3.74119e-06
 Reference value :  3.74124e-06
 Reference value :  3.74130e-06
 Reference value :  3.74139e-06
 Reference value :  3.74148e-06
 Reference value :  3.74151e-06
 Reference value :  3.74179e-06
 Reference value :  3.74208e-06
 Reference value :  3.74226e-06
 Reference value :  3.74264e-06
 Reference value :  3.74323e-06
 Reference value :  3.74385e-06
 Reference value :  3.74433e-06
 Reference value :  3.74526e-06
 Reference value :  3.74616e-06
 Reference value :  3.74694e-06
 Reference value :  3.74755e-06
 Reference value :  3.74802e-06
 Reference value :  3.74880e-06
 Reference value :  3.74942e-06
 Reference value :  3.75020e-06
 Reference value :  3.75069e-06
 Reference value :  3.75133e-06
 Reference value :  3.75183e-06
 Reference value :  3.75216e-06
 Reference value :  3.75268e-06
 Reference value :  3.75332e-06
 Reference value :  3.75396e-06
 Reference value :  3.75478e-06
 Reference value :  3.75532e-06
 Reference value :  3.75580e-06
 Reference value :  3.75629e-06
 Reference value :  3.75659e-06
 Reference value :  3.75724e-06
 Reference value :  3.75829e-06
 Reference value :  3.75927e-06
 Reference value :  3.76009e-06
 Reference value :  3.76129e-06
 Reference value :  3.76208e-06
 Reference value :  3.76291e-06
 Reference value :  3.76362e-06
 Reference value :  3.76442e-06
 Reference value :  3.76523e-06
 Reference value :  3.76626e-06
 Reference value :  3.76705e-06
 Reference value :  3.76803e-06
 Reference value :  3.76907e-06
 Reference value :  3.76939e-06
 Reference value :  3.76954e-06
 Reference value :  3.77034e-06
 Reference value :  3.77118e-06
 Reference value :  3.77204e-06
 Reference value :  3.77284e-06
 Reference value :  3.77318e-06
 Reference value :  3.77349e-06
 Reference value :  3.77439e-06
 Reference value :  3.77489e-06
 Reference value :  3.77570e-06
 Reference value :  3.77690e-06
 Reference value :  3.77769e-06
 Reference value :  3.77851e-06
 Reference value :  3.77938e-06
 Reference value :  3.78017e-06
 Reference value :  3.78082e-06
 Reference value :  3.78203e-06
 Reference value :  3.78283e-06
 Reference value :  3.78292e-06
 Reference value :  3.78299e-06
 Reference value :  3.78313e-06
 Reference value :  3.78335e-06
 Reference value :  3.78365e-06
 Reference value :  3.78386e-06
 Reference value :  3.78394e-06
 Reference value :  3.78407e-06
 Reference value :  3.78433e-06
 Reference value :  3.78468e-06
 Reference value :  3.78543e-06
 Reference value :  3.78643e-06
 Reference value :  3.78723e-06
 Reference value :  3.78802e-06
 Reference value :  3.78864e-06
 Reference value :  3.78960e-06
 Reference value :  3.79041e-06
 Reference value :  3.79124e-06
 Reference value :  3.79227e-06
 Reference value :  3.79293e-06
 Reference value :  3.79377e-06
 Reference value :  3.79441e-06
 Reference value :  3.79522e-06
 Reference value :  3.79602e-06
 Reference value :  3.79685e-06
 Reference value :  3.79771e-06
 Reference value :  3.79818e-06
 Reference value :  3.79916e-06
 Reference value :  3.80019e-06
 Reference value :  3.80099e-06
 Reference value :  3.80193e-06
 Reference value :  3.80293e-06
 Reference value :  3.80380e-06
 Reference value :  3.80477e-06
 Reference value :  3.80560e-06
 Reference value :  3.80647e-06
 Reference value :  3.80727e-06
 Reference value :  3.80825e-06
 Reference value :  3.80912e-06
 Reference value :  3.80990e-06
 Reference value :  3.81089e-06
 Reference value :  3.81176e-06
 Reference value :  3.81239e-06
 Reference value :  3.81320e-06
 Reference value :  3.81386e-06
 Reference value :  3.81473e-06
 Reference value :  3.81536e-06
 Reference value :  3.81614e-06
 Reference value :  3.81694e-06
 Reference value :  3.81799e-06
 Reference value :  3.81895e-06
 Reference value :  3.81991e-06
 Reference value :  3.82094e-06
 Reference value :  3.82174e-06
 Reference value :  3.82237e-06
 Reference value :  3.82316e-06
 Reference value :  3.82399e-06
 Reference value :  3.82450e-06
 Reference value :  3.82456e-06
 Reference value :  3.82462e-06
 Reference value :  3.82467e-06
 Reference value :  3.82486e-06
 Reference value :  3.82504e-06
 Reference value :  3.82516e-06
 Reference value :  3.82550e-06
 Reference value :  3.82562e-06
 Reference value :  3.82585e-06
 Reference value :  3.82645e-06
 Reference value :  3.82675e-06
 Reference value :  3.82753e-06
 Reference value :  3.82825e-06
 Reference value :  3.82904e-06
 Reference value :  3.82994e-06
 Reference value :  3.83074e-06
 Reference value :  3.83136e-06
 Reference value :  3.83215e-06
 Reference value :  3.83279e-06
 Reference value :  3.83358e-06
 Reference value :  3.83478e-06
 Reference value :  3.83542e-06
 Reference value :  3.83622e-06
 Reference value :  3.83722e-06
 Reference value :  3.83823e-06
 Reference value :  3.83870e-06
 Reference value :  3.83969e-06
 Reference value :  3.84088e-06
 Reference value :  3.84152e-06
 Reference value :  3.84232e-06
 Reference value :  3.84337e-06
 Reference value :  3.84417e-06
 Reference value :  3.84516e-06
 Reference value :  3.84604e-06
 Reference value :  3.84684e-06
 Reference value :  3.84718e-06
 Reference value :  3.84805e-06
 Reference value :  3.84902e-06
 Reference value :  3.84982e-06
 Reference value :  3.85088e-06
 Reference value :  3.85169e-06
 Reference value :  3.85252e-06
 Reference value :  3.85306e-06
 Reference value :  3.85369e-06
 Reference value :  3.85468e-06
 Reference value :  3.85555e-06
 Reference value :  3.85636e-06
 Reference value :  3.85717e-06
 Reference value :  3.85837e-06
 Reference value :  3.85918e-06
 Reference value :  3.86019e-06
 Reference value :  3.86052e-06
 Reference value :  3.86102e-06
 Reference value :  3.86199e-06
 Reference value :  3.86298e-06
 Reference value :  3.86351e-06
 Reference value :  3.86415e-06
 Reference value :  3.86513e-06
 Reference value :  3.86595e-06
 Reference value :  3.86620e-06
 Reference value :  3.86628e-06
 Reference value :  3.86637e-06
 Reference value :  3.86642e-06
 Reference value :  3.86664e-06
 Reference value :  3.86698e-06
 Reference value :  3.86717e-06
 Reference value :  3.86720e-06
 Reference value :  3.86724e-06
 Reference value :  3.86730e-06
 Reference value :  3.86738e-06
 Reference value :  3.86762e-06
 Reference value :  3.86778e-06
 Reference value :  3.86815e-06
 Reference value :  3.86904e-06
 Reference value :  3.86979e-06
 Reference value :  3.87043e-06
 Reference value :  3.87122e-06
 Reference value :  3.87200e-06
 Reference value :  3.87297e-06
 Reference value :  3.87344e-06
 Reference value :  3.87449e-06
 Reference value :  3.87513e-06
 Reference value :  3.87593e-06
 Reference value :  3.87679e-06
 Reference value :  3.87761e-06
 Reference value :  3.87825e-06
 Reference value :  3.87905e-06
 Reference value :  3.87990e-06
 Reference value :  3.88058e-06
 Reference value :  3.88123e-06
 Reference value :  3.88202e-06
 Reference value :  3.88306e-06
 Reference value :  3.88387e-06
 Reference value :  3.88451e-06
 Reference value :  3.88516e-06
 Reference value :  3.88583e-06
 Reference value :  3.88687e-06
 Reference value :  3.88753e-06
 Reference value :  3.88856e-06
 Reference value :  3.88936e-06
 Reference value :  3.89001e-06
 Reference value :  3.89083e-06
 Reference value :  3.89171e-06
 Reference value :  3.89252e-06
 Reference value :  3.89352e-06
 Reference value :  3.89436e-06
 Reference value :  3.89515e-06
 Reference value :  3.89619e-06
 Reference value :  3.89699e-06
 Reference value :  3.89763e-06
 Reference value :  3.89844e-06
 Reference value :  3.89950e-06
 Reference value :  3.90030e-06
 Reference value :  3.90079e-06
 Reference value :  3.90130e-06
 Reference value :  3.90235e-06
 Reference value :  3.90317e-06
 Reference value :  3.90420e-06
 Reference value :  3.90500e-06
 Reference value :  3.90598e-06
 Reference value :  3.90685e-06
 Reference value :  3.90764e-06
 Reference value :  3.90786e-06
 Reference value :  3.90791e-06
 Reference value :  3.90797e-06
 Reference value :  3.90803e-06
 Reference value :  3.90816e-06
 Reference value :  3.90838e-06
 Reference value :  3.90874e-06
 Reference value :  3.90897e-06
 Reference value :  3.90953e-06
 Reference value :  3.91001e-06
 Reference value :  3.91061e-06
 Reference value :  3.91114e-06
 Reference value :  3.91180e-06
 Reference value :  3.91249e-06
 Reference value :  3.91310e-06
 Reference value :  3.91388e-06
 Reference value :  3.91449e-06
 Reference value :  3.91498e-06
 Reference value :  3.91560e-06
 Reference value :  3.91637e-06
 Reference value :  3.91685e-06
 Reference value :  3.91748e-06
 Reference value :  3.91828e-06
 Reference value :  3.91915e-06
 Reference value :  3.91981e-06
 Reference value :  3.92044e-06
 Reference value :  3.92092e-06
 Reference value :  3.92156e-06
 Reference value :  3.92221e-06
 Reference value :  3.92324e-06
 Reference value :  3.92405e-06
 Reference value :  3.92487e-06
 Reference value :  3.92541e-06
 Reference value :  3.92606e-06
 Reference value :  3.92685e-06
 Reference value :  3.92751e-06
 Reference value :  3.92819e-06
 Reference value :  3.92919e-06
 Reference value :  3.92999e-06
 Reference value :  3.93104e-06
 Reference value :  3.93184e-06
 Reference value :  3.93249e-06
 Reference value :  3.93355e-06
 Reference value :  3.93436e-06
 Reference value :  3.93557e-06
 Reference value :  3.93636e-06
 Reference value :  3.93735e-06
 Reference value :  3.93835e-06
 Reference value :  3.93919e-06
 Reference value :  3.94015e-06
 Reference value :  3.94121e-06
 Reference value :  3.94202e-06
 Reference value :  3.94290e-06
 Reference value :  3.94371e-06
 Reference value :  3.94451e-06
 Reference value :  3.94536e-06
 Reference value :  3.94620e-06
 Reference value :  3.94717e-06
 Reference value :  3.94783e-06
 Reference value :  3.94871e-06
 Reference value :  3.94951e-06
 Reference value :  3.94959e-06
 Reference value :  3.94967e-06
 Reference value :  3.94973e-06
 Reference value :  3.94993e-06
 Reference value :  3.95012e-06
 Reference value :  3.95030e-06
 Reference value :  3.95053e-06
 Reference value :  3.95061e-06
 Reference value :  3.95070e-06
 Reference value :  3.95100e-06
 Reference value :  3.95125e-06
 Reference value :  3.95193e-06
 Reference value :  3.95264e-06
 Reference value :  3.95343e-06
 Reference value :  3.95437e-06
 Reference value :  3.95517e-06
 Reference value :  3.95600e-06
 Reference value :  3.95688e-06
 Reference value :  3.95770e-06
 Reference value :  3.95890e-06
 Reference value :  3.95969e-06
 Reference value :  3.96073e-06
 Reference value :  3.96154e-06
 Reference value :  3.96233e-06
 Reference value :  3.96333e-06
 Reference value :  3.96453e-06
 Reference value :  3.96534e-06
 Reference value :  3.96640e-06
 Reference value :  3.96721e-06
 Reference value :  3.96827e-06
 Reference value :  3.96908e-06
 Reference value :  3.96973e-06
 Reference value :  3.97076e-06
 Reference value :  3.97156e-06
 Reference value :  3.97221e-06
 Reference value :  3.97271e-06
 Reference value :  3.97391e-06
 Reference value :  3.97470e-06
 Reference value :  3.97591e-06
 Reference value :  3.97670e-06
 Reference value :  3.97769e-06
 Reference value :  3.97868e-06
 Reference value :  3.97956e-06
 Reference value :  3.98039e-06
 Reference value :  3.98126e-06
 Reference value :  3.98207e-06
 Reference value :  3.98273e-06
 Reference value :  3.98377e-06
 Reference value :  3.98442e-06
 Reference value :  3.98524e-06
 Reference value :  3.98610e-06
 Reference value :  3.98673e-06
 Reference value :  3.98739e-06
 Reference value :  3.98845e-06
 Reference value :  3.98925e-06
 Reference value :  3.98975e-06
 Reference value :  3.99043e-06
 Reference value :  3.99093e-06
 Reference value :  3.99119e-06
 Reference value :  3.99122e-06
 Reference value :  3.99124e-06
 Reference value :  3.99129e-06
 Reference value :  3.99134e-06
 Reference value :  3.99144e-06
 Reference value :  3.99176e-06
 Reference value :  3.99217e-06
 Reference value :  3.99233e-06
 Reference value :  3.99265e-06
 Reference value :  3.99328e-06
 Reference value :  3.99394e-06
 Reference value :  3.99450e-06
 Reference value :  3.99516e-06
 Reference value :  3.99573e-06
 Reference value :  3.99636e-06
 Reference value :  3.99719e-06
 Reference value :  3.99822e-06
 Reference value :  3.99887e-06
 Reference value :  3.99956e-06
 Reference value :  4.00005e-06
 Reference value :  4.00035e-06
 Reference value :  4.00069e-06
 Reference value :  4.00132e-06
 Reference value :  4.00147e-06
 Reference value :  4.00180e-06
 Reference value :  4.00211e-06
 Reference value :  4.00245e-06
 Reference value :  4.00278e-06
 Reference value :  4.00381e-06
 Reference value :  4.00445e-06
 Reference value :  4.00509e-06
 Reference value :  4.00575e-06
 Reference value :  4.00646e-06
 Reference value :  4.00726e-06
 Reference value :  4.00827e-06
 Reference value :  4.00895e-06
 Reference value :  4.00959e-06
 Reference value :  4.01008e-06
 Reference value :  4.01074e-06
 Reference value :  4.01194e-06
 Reference value :  4.01274e-06
 Reference value :  4.01395e-06
 Reference value :  4.01459e-06
 Reference value :  4.01524e-06
 Reference value :  4.01574e-06
 Reference value :  4.01661e-06
 Reference value :  4.01709e-06
 Reference value :  4.01774e-06
 Reference value :  4.01824e-06
 Reference value :  4.01857e-06
 Reference value :  4.01912e-06
 Reference value :  4.01959e-06
 Reference value :  4.02040e-06
 Reference value :  4.02146e-06
 Reference value :  4.02195e-06
 Reference value :  4.02226e-06
 Reference value :  4.02276e-06
 Reference value :  4.02327e-06
 Reference value :  4.02379e-06
 Reference value :  4.02444e-06
 Reference value :  4.02509e-06
 Reference value :  4.02574e-06
 Reference value :  4.02679e-06
 Reference value :  4.02743e-06
 Reference value :  4.02825e-06
 Reference value :  4.02929e-06
 Reference value :  4.03010e-06
 Reference value :  4.03109e-06
 Reference value :  4.03194e-06
 Reference value :  4.03283e-06
 Reference value :  4.03290e-06
 Reference value :  4.03299e-06
 Reference value :  4.03308e-06
 Reference value :  4.03326e-06
 Reference value :  4.03363e-06
 Reference value :  4.03383e-06
 Reference value :  4.03388e-06
 Reference value :  4.03399e-06
 Reference value :  4.03427e-06
 Reference value :  4.03444e-06
 Reference value :  4.03495e-06
 Reference value :  4.03533e-06
 Reference value :  4.03599e-06
 Reference value :  4.03709e-06
 Reference value :  4.03788e-06
 Reference value :  4.03852e-06
 Reference value :  4.03913e-06
 Reference value :  4.03976e-06
 Reference value :  4.04038e-06
 Reference value :  4.04101e-06
 Reference value :  4.04164e-06
 Reference value :  4.04227e-06
 Reference value :  4.04291e-06
 Reference value :  4.04372e-06
 Reference value :  4.04424e-06
 Reference value :  4.04474e-06
 Reference value :  4.04571e-06
 Reference value :  4.04602e-06
 Reference value :  4.04667e-06
 Reference value :  4.04751e-06
 Reference value :  4.04854e-06
 Reference value :  4.04975e-06
 Reference value :  4.05055e-06
 Reference value :  4.05120e-06
 Reference value :  4.05226e-06
 Reference value :  4.05290e-06
 Reference value :  4.05355e-06
 Reference value :  4.05460e-06
 Reference value :  4.05540e-06
 Reference value :  4.05605e-06
 Reference value :  4.05711e-06
 Reference value :  4.05791e-06
 Reference value :  4.05872e-06
 Reference value :  4.05976e-06
 Reference value :  4.06074e-06
 Reference value :  4.06156e-06
 Reference value :  4.06260e-06
 Reference value :  4.06341e-06
 Reference value :  4.06424e-06
 Reference value :  4.06478e-06
 Reference value :  4.06558e-06
 Reference value :  4.06663e-06
 Reference value :  4.06712e-06
 Reference value :  4.06760e-06
 Reference value :  4.06806e-06
 Reference value :  4.06890e-06
 Reference value :  4.06960e-06
 Reference value :  4.07040e-06
 Reference value :  4.07121e-06
 Reference value :  4.07209e-06
 Reference value :  4.07289e-06
 Reference value :  4.07369e-06
 Reference value :  4.07403e-06
 Reference value :  4.07451e-06
 Reference value :  4.07456e-06
 Reference value :  4.07462e-06
 Reference value :  4.07472e-06
 Reference value :  4.07481e-06
 Reference value :  4.07498e-06
 Reference value :  4.07533e-06
 Reference value :  4.07554e-06
 Reference value :  4.07591e-06
 Reference value :  4.07676e-06
 Reference value :  4.07755e-06
 Reference value :  4.07798e-06
 Reference value :  4.07859e-06
 Reference value :  4.07934e-06
 Reference value :  4.07999e-06
 Reference value :  4.08086e-06
 Reference value :  4.08165e-06
 Reference value :  4.08244e-06
 Reference value :  4.08326e-06
 Reference value :  4.08409e-06
 Reference value :  4.08509e-06
 Reference value :  4.08572e-06
 Reference value :  4.08637e-06
 Reference value :  4.08719e-06
 Reference value :  4.08824e-06
 Reference value :  4.08906e-06
 Reference value :  4.08977e-06
 Reference value :  4.09041e-06
 Reference value :  4.09106e-06
 Reference value :  4.09229e-06
 Reference value :  4.09344e-06
 Reference value :  4.09463e-06
 Reference value :  4.09527e-06
 Reference value :  4.09624e-06
 Reference value :  4.09727e-06
 Reference value :  4.09791e-06
 Reference value :  4.09890e-06
 Reference value :  4.10010e-06
 Reference value :  4.10090e-06
 Reference value :  4.10189e-06
 Reference value :  4.10276e-06
 Reference value :  4.10341e-06
 Reference value :  4.10423e-06
 Reference value :  4.10527e-06
 Reference value :  4.10607e-06
 Reference value :  4.10729e-06
 Reference value :  4.10845e-06
 Reference value :  4.10965e-06
 Reference value :  4.11045e-06
 Reference value :  4.11150e-06
 Reference value :  4.11216e-06
 Reference value :  4.11297e-06
 Reference value :  4.11415e-06
 Reference value :  4.11512e-06
 Reference value :  4.11577e-06
 Reference value :  4.11617e-06
 Reference value :  4.11620e-06
 Reference value :  4.11628e-06
 Reference value :  4.11636e-06
 Reference value :  4.11649e-06
 Reference value :  4.11689e-06
 Reference value :  4.11708e-06
 Reference value :  4.11733e-06
 Reference value :  4.11760e-06
 Reference value :  4.11792e-06
 Reference value :  4.11834e-06
 Reference value :  4.11872e-06
 Reference value :  4.11918e-06
 Reference value :  4.12006e-06
 Reference value :  4.12082e-06
 Reference value :  4.12167e-06
 Reference value :  4.12257e-06
 Reference value :  4.12338e-06
 Reference value :  4.12413e-06
 Reference value :  4.12492e-06
 Reference value :  4.12553e-06
 Reference value :  4.12634e-06
 Reference value :  4.12712e-06
 Reference value :  4.12790e-06
 Reference value :  4.12888e-06
 Reference value :  4.12974e-06
 Reference value :  4.13070e-06
 Reference value :  4.13133e-06
 Reference value :  4.13214e-06
 Reference value :  4.13312e-06
 Reference value :  4.13414e-06
 Reference value :  4.13513e-06
 Reference value :  4.13616e-06
 Reference value :  4.13664e-06
 Reference value :  4.13762e-06
 Reference value :  4.13865e-06
 Reference value :  4.13946e-06
 Reference value :  4.14027e-06
 Reference value :  4.14077e-06
 Reference value :  4.14148e-06
 Reference value :  4.14214e-06
 Reference value :  4.14280e-06
 Reference value :  4.14367e-06
 Reference value :  4.14430e-06
 Reference value :  4.14479e-06
 Reference value :  4.14584e-06
 Reference value :  4.14665e-06
 Reference value :  4.14714e-06
 Reference value :  4.14745e-06
 Reference value :  4.14797e-06
 Reference value :  4.14900e-06
 Reference value :  4.14980e-06
 Reference value :  4.15047e-06
 Reference value :  4.15117e-06
 Reference value :  4.15198e-06
 Reference value :  4.15280e-06
 Reference value :  4.15350e-06
 Reference value :  4.15414e-06
 Reference value :  4.15478e-06
 Reference value :  4.15560e-06
 Reference value :  4.15647e-06
 Reference value :  4.15712e-06
 Reference value :  4.15783e-06
 Reference value :  4.15788e-06
 Reference value :  4.15801e-06
 Reference value :  4.15827e-06
 Reference value :  4.15867e-06
 Reference value :  4.15892e-06
 Reference value :  4.15917e-06
 Reference value :  4.15960e-06
 Reference value :  4.15992e-06
 Reference value :  4.16024e-06
 Reference value :  4.16110e-06
 Reference value :  4.16190e-06
 Reference value :  4.16259e-06
 Reference value :  4.16354e-06
 Reference value :  4.16435e-06
 Reference value :  4.16521e-06
 Reference value :  4.16569e-06
 Reference value :  4.16632e-06
 Reference value :  4.16696e-06
 Reference value :  4.16795e-06
 Reference value :  4.16844e-06
 Reference value :  4.16883e-06
 Reference value :  4.16947e-06
 Reference value :  4.17051e-06
 Reference value :  4.17117e-06
 Reference value :  4.17181e-06
 Reference value :  4.17261e-06
 Reference value :  4.17382e-06
 Reference value :  4.17446e-06
 Reference value :  4.17511e-06
 Reference value :  4.17594e-06
 Reference value :  4.17683e-06
 Reference value :  4.17748e-06
 Reference value :  4.17832e-06
 Reference value :  4.17931e-06
 Reference value :  4.18010e-06
 Reference value :  4.18078e-06
 Reference value :  4.18180e-06
 Reference value :  4.18260e-06
 Reference value :  4.18310e-06
 Reference value :  4.18364e-06
 Reference value :  4.18430e-06
 Reference value :  4.18494e-06
 Reference value :  4.18574e-06
 Reference value :  4.18678e-06
 Reference value :  4.18744e-06
 Reference value :  4.18808e-06
 Reference value :  4.18907e-06
 Reference value :  4.19011e-06
 Reference value :  4.19079e-06
 Reference value :  4.19133e-06
 Reference value :  4.19213e-06
 Reference value :  4.19279e-06
 Reference value :  4.19366e-06
 Reference value :  4.19446e-06
 Reference value :  4.19510e-06
 Reference value :  4.19615e-06
 Reference value :  4.19695e-06
 Reference value :  4.19776e-06
 Reference value :  4.19880e-06
 Reference value :  4.19950e-06
 Reference value :  4.19957e-06
 Reference value :  4.19971e-06
 Reference value :  4.19984e-06
 Reference value :  4.20004e-06
 Reference value :  4.20030e-06
 Reference value :  4.20054e-06
 Reference value :  4.20059e-06
 Reference value :  4.20064e-06
 Reference value :  4.20071e-06
 Reference value :  4.20081e-06
 Reference value :  4.20095e-06
 Reference value :  4.20104e-06
 Reference value :  4.20114e-06
 Reference value :  4.20125e-06
 Reference value :  4.20149e-06
 Reference value :  4.20205e-06
 Reference value :  4.20277e-06
 Reference value :  4.20347e-06
 Reference value :  4.20422e-06
 Reference value :  4.20498e-06
 Reference value :  4.20578e-06
 Reference value :  4.20655e-06
 Reference value :  4.20733e-06
 Reference value :  4.20797e-06
 Reference value :  4.20876e-06
 Reference value :  4.20965e-06
 Reference value :  4.21045e-06
 Reference value :  4.21124e-06
 Reference value :  4.21189e-06
 Reference value :  4.21294e-06
 Reference value :  4.21374e-06
 Reference value :  4.21423e-06
 Reference value :  4.21506e-06
 Reference value :  4.21593e-06
 Reference value :  4.21657e-06
 Reference value :  4.21722e-06
 Reference value :  4.21806e-06
 Reference value :  4.21889e-06
 Reference value :  4.21969e-06
 Reference value :  4.22051e-06
 Reference value :  4.22153e-06
 Reference value :  4.22217e-06
 Reference value :  4.22296e-06
 Reference value :  4.22346e-06
 Reference value :  4.22433e-06
 Reference value :  4.22480e-06
 Reference value :  4.22529e-06
 Reference value :  4.22577e-06
 Reference value :  4.22642e-06
 Reference value :  4.22674e-06
 Reference value :  4.22758e-06
 Reference value :  4.22825e-06
 Reference value :  4.22889e-06
 Reference value :  4.22954e-06
 Reference value :  4.23036e-06
 Reference value :  4.23137e-06
 Reference value :  4.23153e-06
 Reference value :  4.23201e-06
 Reference value :  4.23282e-06
 Reference value :  4.23368e-06
 Reference value :  4.23431e-06
 Reference value :  4.23528e-06
 Reference value :  4.23608e-06
 Reference value :  4.23675e-06
 Reference value :  4.23729e-06
 Reference value :  4.23793e-06
 Reference value :  4.23858e-06
 Reference value :  4.23941e-06
 Reference value :  4.24028e-06
 Reference value :  4.24105e-06
 Reference value :  4.24120e-06
 Reference value :  4.24125e-06
 Reference value :  4.24137e-06
 Reference value :  4.24146e-06
 Reference value :  4.24173e-06
 Reference value :  4.24206e-06
 Reference value :  4.24222e-06
 Reference value :  4.24239e-06
 Reference value :  4.24312e-06
 Reference value :  4.24359e-06
 Reference value :  4.24385e-06
 Reference value :  4.24445e-06
 Reference value :  4.24508e-06
 Reference value :  4.24585e-06
 Reference value :  4.24663e-06
 Reference value :  4.24744e-06
 Reference value :  4.24840e-06
 Reference value :  4.24943e-06
 Reference value :  4.25022e-06
 Reference value :  4.25086e-06
 Reference value :  4.25151e-06
 Reference value :  4.25255e-06
 Reference value :  4.25321e-06
 Reference value :  4.25400e-06
 Reference value :  4.25506e-06
 Reference value :  4.25572e-06
 Reference value :  4.25637e-06
 Reference value :  4.25668e-06
 Reference value :  4.25720e-06
 Reference value :  4.25771e-06
 Reference value :  4.25851e-06
 Reference value :  4.25900e-06
 Reference value :  4.25983e-06
 Reference value :  4.26038e-06
 Reference value :  4.26102e-06
 Reference value :  4.26186e-06
 Reference value :  4.26274e-06
 Reference value :  4.26339e-06
 Reference value :  4.26374e-06
 Reference value :  4.26407e-06
 Reference value :  4.26479e-06
 Reference value :  4.26527e-06
 Reference value :  4.26611e-06
 Reference value :  4.26683e-06
 Reference value :  4.26730e-06
 Reference value :  4.26818e-06
 Reference value :  4.26852e-06
 Reference value :  4.26915e-06
 Reference value :  4.26964e-06
 Reference value :  4.27045e-06
 Reference value :  4.27132e-06
 Reference value :  4.27164e-06
 Reference value :  4.27212e-06
 Reference value :  4.27261e-06
 Reference value :  4.27327e-06
 Reference value :  4.27398e-06
 Reference value :  4.27495e-06
 Reference value :  4.27578e-06
 Reference value :  4.27665e-06
 Reference value :  4.27747e-06
 Reference value :  4.27846e-06
 Reference value :  4.27915e-06
 Reference value :  4.28013e-06
 Reference value :  4.28096e-06
 Reference value :  4.28149e-06
 Reference value :  4.28198e-06
 Reference value :  4.28283e-06
 Reference value :  4.28287e-06
 Reference value :  4.28295e-06
 Reference value :  4.28308e-06
 Reference value :  4.28314e-06
 Reference value :  4.28330e-06
 Reference value :  4.28375e-06
 Reference value :  4.28388e-06
 Reference value :  4.28396e-06
 Reference value :  4.28400e-06
 Reference value :  4.28403e-06
 Reference value :  4.28407e-06
 Reference value :  4.28413e-06
 Reference value :  4.28417e-06
 Reference value :  4.28423e-06
 Reference value :  4.28425e-06
 Reference value :  4.28429e-06
 Reference value :  4.28434e-06
 Reference value :  4.28443e-06
 Reference value :  4.28449e-06
 Reference value :  4.28456e-06
 Reference value :  4.28461e-06
 Reference value :  4.28517e-06
 Reference value :  4.28576e-06
 Reference value :  4.28637e-06
 Reference value :  4.28715e-06
 Reference value :  4.28793e-06
 Reference value :  4.28898e-06
 Reference value :  4.28995e-06
 Reference value :  4.29094e-06
 Reference value :  4.29197e-06
 Reference value :  4.29276e-06
 Reference value :  4.29357e-06
 Reference value :  4.29463e-06
 Reference value :  4.29561e-06
 Reference value :  4.29647e-06
 Reference value :  4.29727e-06
 Reference value :  4.29809e-06
 Reference value :  4.29891e-06
 Reference value :  4.30012e-06
 Reference value :  4.30076e-06
 Reference value :  4.30175e-06
 Reference value :  4.30278e-06
 Reference value :  4.30383e-06
 Reference value :  4.30448e-06
 Reference value :  4.30527e-06
 Reference value :  4.30609e-06
 Reference value :  4.30697e-06
 Reference value :  4.30762e-06
 Reference value :  4.30842e-06
 Reference value :  4.30947e-06
 Reference value :  4.31012e-06
 Reference value :  4.31092e-06
 Reference value :  4.31176e-06
 Reference value :  4.31248e-06
 Reference value :  4.31279e-06
 Reference value :  4.31361e-06
 Reference value :  4.31447e-06
 Reference value :  4.31512e-06
 Reference value :  4.31576e-06
 Reference value :  4.31674e-06
 Reference value :  4.31761e-06
 Reference value :  4.31825e-06
 Reference value :  4.31889e-06
 Reference value :  4.31972e-06
 Reference value :  4.32076e-06
 Reference value :  4.32156e-06
 Reference value :  4.32260e-06
 Reference value :  4.32340e-06
 Reference value :  4.32421e-06
 Reference value :  4.32452e-06
 Reference value :  4.32457e-06
 Reference value :  4.32460e-06
 Reference value :  4.32470e-06
 Reference value :  4.32482e-06
 Reference value :  4.32496e-06
 Reference value :  4.32529e-06
 Reference value :  4.32553e-06
 Reference value :  4.32571e-06
 Reference value :  4.32583e-06
 Reference value :  4.32645e-06
 Reference value :  4.32676e-06
 Reference value :  4.32752e-06
 Reference value :  4.32837e-06
 Reference value :  4.32914e-06
 Reference value :  4.32962e-06
 Reference value :  4.33026e-06
 Reference value :  4.33090e-06
 Reference value :  4.33121e-06
 Reference value :  4.33188e-06
 Reference value :  4.33242e-06
 Reference value :  4.33339e-06
 Reference value :  4.33403e-06
 Reference value :  4.33490e-06
 Reference value :  4.33537e-06
 Reference value :  4.33616e-06
 Reference value :  4.33665e-06
 Reference value :  4.33717e-06
 Reference value :  4.33745e-06
 Reference value :  4.33812e-06
 Reference value :  4.33911e-06
 Reference value :  4.34007e-06
 Reference value :  4.34087e-06
 Reference value :  4.34152e-06
 Reference value :  4.34254e-06
 Reference value :  4.34334e-06
 Reference value :  4.34382e-06
 Reference value :  4.34447e-06
 Reference value :  4.34530e-06
 Reference value :  4.34582e-06
 Reference value :  4.34661e-06
 Reference value :  4.34760e-06
 Reference value :  4.34846e-06
 Reference value :  4.34926e-06
 Reference value :  4.34991e-06
 Reference value :  4.35056e-06
 Reference value :  4.35092e-06
 Reference value :  4.35159e-06
 Reference value :  4.35256e-06
 Reference value :  4.35338e-06
 Reference value :  4.35442e-06
 Reference value :  4.35523e-06
 Reference value :  4.35572e-06
 Reference value :  4.35643e-06
 Reference value :  4.35693e-06
 Reference value :  4.35709e-06
 Reference value :  4.35774e-06
 Reference value :  4.35857e-06
 Reference value :  4.35926e-06
 Reference value :  4.35989e-06
 Reference value :  4.36073e-06
 Reference value :  4.36160e-06
 Reference value :  4.36241e-06
 Reference value :  4.36329e-06
 Reference value :  4.36410e-06
 Reference value :  4.36490e-06
 Reference value :  4.36539e-06
 Reference value :  4.36617e-06
 Reference value :  4.36624e-06
 Reference value :  4.36631e-06
 Reference value :  4.36650e-06
 Reference value :  4.36666e-06
 Reference value :  4.36697e-06
 Reference value :  4.36721e-06
 Reference value :  4.36743e-06
 Reference value :  4.36778e-06
 Reference value :  4.36791e-06
 Reference value :  4.36810e-06
 Reference value :  4.36814e-06
 Reference value :  4.36853e-06
 Reference value :  4.36940e-06
 Reference value :  4.37003e-06
 Reference value :  4.37054e-06
 Reference value :  4.37070e-06
 Reference value :  4.37119e-06
 Reference value :  4.37165e-06
 Reference value :  4.37211e-06
 Reference value :  4.37260e-06
 Reference value :  4.37310e-06
 Reference value :  4.37359e-06
 Reference value :  4.37431e-06
 Reference value :  4.37481e-06
 Reference value :  4.37527e-06
 Reference value :  4.37616e-06
 Reference value :  4.37681e-06
 Reference value :  4.37729e-06
 Reference value :  4.37776e-06
 Reference value :  4.37859e-06
 Reference value :  4.37908e-06
 Reference value :  4.37980e-06
 Reference value :  4.38011e-06
 Reference value :  4.38060e-06
 Reference value :  4.38075e-06
 Reference value :  4.38126e-06
 Reference value :  4.38159e-06
 Reference value :  4.38197e-06
 Reference value :  4.38247e-06
 Reference value :  4.38312e-06
 Reference value :  4.38378e-06
 Reference value :  4.38463e-06
 Reference value :  4.38526e-06
 Reference value :  4.38576e-06
 Reference value :  4.38659e-06
 Reference value :  4.38713e-06
 Reference value :  4.38761e-06
 Reference value :  4.38826e-06
 Reference value :  4.38860e-06
 Reference value :  4.38931e-06
 Reference value :  4.38981e-06
 Reference value :  4.39046e-06
 Reference value :  4.39129e-06
 Reference value :  4.39197e-06
 Reference value :  4.39261e-06
 Reference value :  4.39326e-06
 Reference value :  4.39409e-06
 Reference value :  4.39497e-06
 Reference value :  4.39527e-06
 Reference value :  4.39576e-06
 Reference value :  4.39627e-06
 Reference value :  4.39698e-06
 Reference value :  4.39747e-06
 Reference value :  4.39795e-06
 Reference value :  4.39861e-06
 Reference value :  4.39932e-06
 Reference value :  4.39964e-06
 Reference value :  4.40028e-06
 Reference value :  4.40111e-06
 Reference value :  4.40160e-06
 Reference value :  4.40231e-06
 Reference value :  4.40296e-06
 Reference value :  4.40361e-06
 Reference value :  4.40394e-06
 Reference value :  4.40481e-06
 Reference value :  4.40561e-06
 Reference value :  4.40627e-06
 Reference value :  4.40730e-06
 Reference value :  4.40761e-06
 Reference value :  4.40784e-06
 Reference value :  4.40787e-06
 Reference value :  4.40790e-06
 Reference value :  4.40795e-06
 Reference value :  4.40804e-06
 Reference value :  4.40808e-06
 Reference value :  4.40818e-06
 Reference value :  4.40843e-06
 Reference value :  4.40856e-06
 Reference value :  4.40883e-06
 Reference value :  4.40895e-06
 Reference value :  4.40899e-06
 Reference value :  4.40903e-06
 Reference value :  4.40909e-06
 Reference value :  4.40962e-06
 Reference value :  4.41041e-06
 Reference value :  4.41124e-06
 Reference value :  4.41187e-06
 Reference value :  4.41282e-06
 Reference value :  4.41362e-06
 Reference value :  4.41442e-06
 Reference value :  4.41545e-06
 Reference value :  4.41623e-06
 Reference value :  4.41672e-06
 Reference value :  4.41752e-06
 Reference value :  4.41874e-06
 Reference value :  4.41924e-06
 Reference value :  4.41954e-06
 Reference value :  4.42055e-06
 Reference value :  4.42138e-06
 Reference value :  4.42235e-06
 Reference value :  4.42333e-06
 Reference value :  4.42435e-06
 Reference value :  4.42532e-06
 Reference value :  4.42614e-06
 Reference value :  4.42735e-06
 Reference value :  4.42854e-06
 Reference value :  4.42920e-06
 Reference value :  4.42999e-06
 Reference value :  4.43099e-06
 Reference value :  4.43184e-06
 Reference value :  4.43298e-06
 Reference value :  4.43419e-06
 Reference value :  4.43500e-06
 Reference value :  4.43620e-06
 Reference value :  4.43734e-06
 Reference value :  4.43830e-06
 Reference value :  4.43954e-06
 Reference value :  4.44018e-06
 Reference value :  4.44124e-06
 Reference value :  4.44205e-06
 Reference value :  4.44327e-06
 Reference value :  4.44424e-06
 Reference value :  4.44545e-06
 Reference value :  4.44626e-06
 Reference value :  4.44727e-06
 Reference value :  4.44826e-06
 Reference value :  4.44907e-06
 Reference value :  4.44955e-06
 Reference value :  4.44967e-06
 Reference value :  4.44974e-06
 Reference value :  4.44999e-06
 Reference value :  4.45042e-06
 Reference value :  4.45072e-06
 Reference value :  4.45094e-06
 Reference value :  4.45117e-06
 Reference value :  4.45166e-06
 Reference value :  4.45224e-06
 Reference value :  4.45298e-06
 Reference value :  4.45414e-06
 Reference value :  4.45509e-06
 Reference value :  4.45586e-06
 Reference value :  4.45649e-06
 Reference value :  4.45760e-06
 Reference value :  4.45839e-06
 Reference value :  4.45959e-06
 Reference value :  4.46072e-06
 Reference value :  4.46151e-06
 Reference value :  4.46253e-06
 Reference value :  4.46334e-06
 Reference value :  4.46383e-06
 Reference value :  4.46447e-06
 Reference value :  4.46527e-06
 Reference value :  4.46648e-06
 Reference value :  4.46746e-06
 Reference value :  4.46829e-06
 Reference value :  4.46947e-06
 Reference value :  4.46995e-06
 Reference value :  4.47076e-06
 Reference value :  4.47163e-06
 Reference value :  4.47244e-06
 Reference value :  4.47340e-06
 Reference value :  4.47423e-06
 Reference value :  4.47512e-06
 Reference value :  4.47561e-06
 Reference value :  4.47681e-06
 Reference value :  4.47761e-06
 Reference value :  4.47841e-06
 Reference value :  4.47960e-06
 Reference value :  4.48025e-06
 Reference value :  4.48105e-06
 Reference value :  4.48194e-06
 Reference value :  4.48274e-06
 Reference value :  4.48371e-06
 Reference value :  4.48454e-06
 Reference value :  4.48575e-06
 Reference value :  4.48641e-06
 Reference value :  4.48744e-06
 Reference value :  4.48825e-06
 Reference value :  4.48890e-06
 Reference value :  4.48960e-06
 Reference value :  4.49073e-06
 Reference value :  4.49119e-06
 Reference value :  4.49124e-06
 Reference value :  4.49129e-06
 Reference value :  4.49140e-06
 Reference value :  4.49150e-06
 Reference value :  4.49164e-06
 Reference value :  4.49194e-06
 Reference value :  4.49204e-06
 Reference value :  4.49220e-06
 Reference value :  4.49251e-06
 Reference value :  4.49307e-06
 Reference value :  4.49368e-06
 Reference value :  4.49411e-06
 Reference value :  4.49457e-06
 Reference value :  4.49534e-06
 Reference value :  4.49581e-06
 Reference value :  4.49659e-06
 Reference value :  4.49722e-06
 Reference value :  4.49802e-06
 Reference value :  4.49883e-06
 Reference value :  4.49981e-06
 Reference value :  4.50069e-06
 Reference value :  4.50133e-06
 Reference value :  4.50200e-06
 Reference value :  4.50268e-06
 Reference value :  4.50317e-06
 Reference value :  4.50332e-06
 Reference value :  4.50383e-06
 Reference value :  4.50411e-06
 Reference value :  4.50445e-06
 Reference value :  4.50528e-06
 Reference value :  4.50612e-06
 Reference value :  4.50643e-06
 Reference value :  4.50675e-06
 Reference value :  4.50721e-06
 Reference value :  4.50769e-06
 Reference value :  4.50850e-06
 Reference value :  4.50917e-06
 Reference value :  4.51004e-06
 Reference value :  4.51034e-06
 Reference value :  4.51068e-06
 Reference value :  4.51148e-06
 Reference value :  4.51232e-06
 Reference value :  4.51316e-06
 Reference value :  4.51381e-06
 Reference value :  4.51446e-06
 Reference value :  4.51567e-06
 Reference value :  4.51631e-06
 Reference value :  4.51714e-06
 Reference value :  4.51802e-06
 Reference value :  4.51866e-06
 Reference value :  4.51950e-06
 Reference value :  4.52049e-06
 Reference value :  4.52130e-06
 Reference value :  4.52213e-06
 Reference value :  4.52315e-06
 Reference value :  4.52379e-06
 Reference value :  4.52444e-06
 Reference value :  4.52544e-06
 Reference value :  4.52594e-06
 Reference value :  4.52658e-06
 Reference value :  4.52741e-06
 Reference value :  4.52877e-06
 Reference value :  4.52956e-06
 Reference value :  4.53039e-06
 Reference value :  4.53141e-06
 Reference value :  4.53221e-06
 Reference value :  4.53283e-06
 Reference value :  4.53289e-06
 Reference value :  4.53298e-06
 Reference value :  4.53314e-06
 Reference value :  4.53333e-06
 Reference value :  4.53348e-06
 Reference value :  4.53383e-06
 Reference value :  4.53390e-06
 Reference value :  4.53399e-06
 Reference value :  4.53412e-06
 Reference value :  4.53438e-06
 Reference value :  4.53462e-06
 Reference value :  4.53492e-06
 Reference value :  4.53525e-06
 Reference value :  4.53597e-06
 Reference value :  4.53678e-06
 Reference value :  4.53757e-06
 Reference value :  4.53819e-06
 Reference value :  4.53900e-06
 Reference value :  4.53965e-06
 Reference value :  4.54069e-06
 Reference value :  4.54116e-06
 Reference value :  4.54165e-06
 Reference value :  4.54245e-06
 Reference value :  4.54364e-06
 Reference value :  4.54428e-06
 Reference value :  4.54525e-06
 Reference value :  4.54608e-06
 Reference value :  4.54693e-06
 Reference value :  4.54791e-06
 Reference value :  4.54889e-06
 Reference value :  4.54976e-06
 Reference value :  4.55024e-06
 Reference value :  4.55106e-06
 Reference value :  4.55225e-06
 Reference value :  4.55304e-06
 Reference value :  4.55403e-06
 Reference value :  4.55508e-06
 Reference value :  4.55589e-06
 Reference value :  4.55637e-06
 Reference value :  4.55739e-06
 Reference value :  4.55803e-06
 Reference value :  4.55868e-06
 Reference value :  4.55950e-06
 Reference value :  4.56021e-06
 Reference value :  4.56101e-06
 Reference value :  4.56181e-06
 Reference value :  4.56285e-06
 Reference value :  4.56381e-06
 Reference value :  4.56464e-06
 Reference value :  4.56511e-06
 Reference value :  4.56547e-06
 Reference value :  4.56614e-06
 Reference value :  4.56711e-06
 Reference value :  4.56792e-06
 Reference value :  4.56892e-06
 Reference value :  4.56959e-06
 Reference value :  4.57039e-06
 Reference value :  4.57119e-06
 Reference value :  4.57222e-06
 Reference value :  4.57302e-06
 Reference value :  4.57382e-06
 Reference value :  4.57450e-06
 Reference value :  4.57455e-06
 Reference value :  4.57459e-06
 Reference value :  4.57464e-06
 Reference value :  4.57467e-06
 Reference value :  4.57473e-06
 Reference value :  4.57492e-06
 Reference value :  4.57523e-06
 Reference value :  4.57550e-06
 Reference value :  4.57561e-06
 Reference value :  4.57571e-06
 Reference value :  4.57606e-06
 Reference value :  4.57669e-06
 Reference value :  4.57729e-06
 Reference value :  4.57822e-06
 Reference value :  4.57885e-06
 Reference value :  4.57965e-06
 Reference value :  4.58029e-06
 Reference value :  4.58078e-06
 Reference value :  4.58183e-06
 Reference value :  4.58246e-06
 Reference value :  4.58334e-06
 Reference value :  4.58400e-06
 Reference value :  4.58478e-06
 Reference value :  4.58559e-06
 Reference value :  4.58664e-06
 Reference value :  4.58715e-06
 Reference value :  4.58779e-06
 Reference value :  4.58857e-06
 Reference value :  4.58920e-06
 Reference value :  4.59000e-06
 Reference value :  4.59105e-06
 Reference value :  4.59218e-06
 Reference value :  4.59301e-06
 Reference value :  4.59404e-06
 Reference value :  4.59483e-06
 Reference value :  4.59605e-06
 Reference value :  4.59669e-06
 Reference value :  4.59750e-06
 Reference value :  4.59855e-06
 Reference value :  4.59935e-06
 Reference value :  4.60019e-06
 Reference value :  4.60124e-06
 Reference value :  4.60172e-06
 Reference value :  4.60277e-06
 Reference value :  4.60342e-06
 Reference value :  4.60373e-06
 Reference value :  4.60457e-06
 Reference value :  4.60528e-06
 Reference value :  4.60625e-06
 Reference value :  4.60714e-06
 Reference value :  4.60780e-06
 Reference value :  4.60876e-06
 Reference value :  4.60981e-06
 Reference value :  4.61045e-06
 Reference value :  4.61127e-06
 Reference value :  4.61233e-06
 Reference value :  4.61332e-06
 Reference value :  4.61436e-06
 Reference value :  4.61533e-06
 Reference value :  4.61608e-06
 Reference value :  4.61620e-06
 Reference value :  4.61634e-06
 Reference value :  4.61644e-06
 Reference value :  4.61678e-06
 Reference value :  4.61717e-06
 Reference value :  4.61720e-06
 Reference value :  4.61723e-06
 Reference value :  4.61726e-06
 Reference value :  4.61734e-06
 Reference value :  4.61767e-06
 Reference value :  4.61793e-06
 Reference value :  4.61826e-06
 Reference value :  4.61862e-06
 Reference value :  4.61906e-06
 Reference value :  4.61997e-06
 Reference value :  4.62094e-06
 Reference value :  4.62180e-06
 Reference value :  4.62259e-06
 Reference value :  4.62338e-06
 Reference value :  4.62422e-06
 Reference value :  4.62492e-06
 Reference value :  4.62541e-06
 Reference value :  4.62621e-06
 Reference value :  4.62704e-06
 Reference value :  4.62806e-06
 Reference value :  4.62870e-06
 Reference value :  4.62935e-06
 Reference value :  4.63001e-06
 Reference value :  4.63034e-06
 Reference value :  4.63123e-06
 Reference value :  4.63189e-06
 Reference value :  4.63260e-06
 Reference value :  4.63324e-06
 Reference value :  4.63390e-06
 Reference value :  4.63442e-06
 Reference value :  4.63524e-06
 Reference value :  4.63572e-06
 Reference value :  4.63622e-06
 Reference value :  4.63740e-06
 Reference value :  4.63790e-06
 Reference value :  4.63836e-06
 Reference value :  4.63870e-06
 Reference value :  4.63901e-06
 Reference value :  4.63965e-06
 Reference value :  4.64017e-06
 Reference value :  4.64134e-06
 Reference value :  4.64214e-06
 Reference value :  4.64279e-06
 Reference value :  4.64331e-06
 Reference value :  4.64402e-06
 Reference value :  4.64483e-06
 Reference value :  4.64553e-06
 Reference value :  4.64634e-06
 Reference value :  4.64698e-06
 Reference value :  4.64762e-06
 Reference value :  4.64845e-06
 Reference value :  4.64883e-06
 Reference value :  4.64932e-06
 Reference value :  4.64980e-06
 Reference value :  4.65044e-06
 Reference value :  4.65075e-06
 Reference value :  4.65143e-06
 Reference value :  4.65246e-06
 Reference value :  4.65294e-06
 Reference value :  4.65341e-06
 Reference value :  4.65430e-06
 Reference value :  4.65496e-06
 Reference value :  4.65575e-06
 Reference value :  4.65643e-06
 Reference value :  4.65712e-06
 Reference value :  4.65783e-06
 Reference value :  4.65787e-06
 Reference value :  4.65794e-06
 Reference value :  4.65801e-06
 Reference value :  4.65812e-06
 Reference value :  4.65827e-06
 Reference value :  4.65847e-06
 Reference value :  4.65862e-06
 Reference value :  4.65884e-06
 Reference value :  4.65895e-06
 Reference value :  4.65899e-06
 Reference value :  4.65905e-06
 Reference value :  4.65930e-06
 Reference value :  4.65990e-06
 Reference value :  4.66065e-06
 Reference value :  4.66175e-06
 Reference value :  4.66205e-06
 Reference value :  4.66289e-06
 Reference value :  4.66337e-06
 Reference value :  4.66422e-06
 Reference value :  4.66500e-06
 Reference value :  4.66598e-06
 Reference value :  4.66684e-06
 Reference value :  4.66748e-06
 Reference value :  4.66812e-06
 Reference value :  4.66876e-06
 Reference value :  4.66927e-06
 Reference value :  4.66975e-06
 Reference value :  4.67024e-06
 Reference value :  4.67105e-06
 Reference value :  4.67170e-06
 Reference value :  4.67251e-06
 Reference value :  4.67353e-06
 Reference value :  4.67417e-06
 Reference value :  4.67496e-06
 Reference value :  4.67596e-06
 Reference value :  4.67665e-06
 Reference value :  4.67744e-06
 Reference value :  4.67842e-06
 Reference value :  4.67929e-06
 Reference value :  4.67993e-06
 Reference value :  4.68058e-06
 Reference value :  4.68123e-06
 Reference value :  4.68226e-06
 Reference value :  4.68306e-06
 Reference value :  4.68404e-06
 Reference value :  4.68507e-06
 Reference value :  4.68588e-06
 Reference value :  4.68669e-06
 Reference value :  4.68737e-06
 Reference value :  4.68803e-06
 Reference value :  4.68901e-06
 Reference value :  4.68966e-06
 Reference value :  4.69053e-06
 Reference value :  4.69117e-06
 Reference value :  4.69215e-06
 Reference value :  4.69285e-06
 Reference value :  4.69382e-06
 Reference value :  4.69480e-06
 Reference value :  4.69600e-06
 Reference value :  4.69680e-06
 Reference value :  4.69730e-06
 Reference value :  4.69828e-06
 Reference value :  4.69932e-06
 Reference value :  4.69953e-06
 Reference value :  4.69964e-06
 Reference value :  4.69986e-06
 Reference value :  4.70006e-06
 Reference value :  4.70032e-06
 Reference value :  4.70051e-06
 Reference value :  4.70062e-06
 Reference value :  4.70084e-06
 Reference value :  4.70110e-06
 Reference value :  4.70127e-06
 Reference value :  4.70148e-06
 Reference value :  4.70168e-06
 Reference value :  4.70188e-06
 Reference value :  4.70258e-06
 Reference value :  4.70334e-06
 Reference value :  4.70384e-06
 Reference value :  4.70482e-06
 Reference value :  4.70561e-06
 Reference value :  4.70640e-06
 Reference value :  4.70719e-06
 Reference value :  4.70786e-06
 Reference value :  4.70889e-06
 Reference value :  4.70967e-06
 Reference value :  4.71048e-06
 Reference value :  4.71153e-06
 Reference value :  4.71250e-06
 Reference value :  4.71331e-06
 Reference value :  4.71434e-06
 Reference value :  4.71481e-06
 Reference value :  4.71545e-06
 Reference value :  4.71644e-06
 Reference value :  4.71732e-06
 Reference value :  4.71812e-06
 Reference value :  4.71844e-06
 Reference value :  4.71947e-06
 Reference value :  4.72013e-06
 Reference value :  4.72077e-06
 Reference value :  4.72157e-06
 Reference value :  4.72241e-06
 Reference value :  4.72329e-06
 Reference value :  4.72410e-06
 Reference value :  4.72512e-06
 Reference value :  4.72528e-06
 Reference value :  4.72625e-06
 Reference value :  4.72706e-06
 Reference value :  4.72774e-06
 Reference value :  4.72840e-06
 Reference value :  4.72937e-06
 Reference value :  4.73018e-06
 Reference value :  4.73102e-06
 Reference value :  4.73185e-06
 Reference value :  4.73265e-06
 Reference value :  4.73314e-06
 Reference value :  4.73384e-06
 Reference value :  4.73450e-06
 Reference value :  4.73514e-06
 Reference value :  4.73594e-06
 Reference value :  4.73699e-06
 Reference value :  4.73779e-06
 Reference value :  4.73860e-06
 Reference value :  4.73966e-06
 Reference value :  4.74081e-06
 Reference value :  4.74117e-06
 Reference value :  4.74121e-06
 Reference value :  4.74122e-06
 Reference value :  4.74128e-06
 Reference value :  4.74133e-06
 Reference value :  4.74150e-06
 Reference value :  4.74177e-06
 Reference value :  4.74207e-06
 Reference value :  4.74225e-06
 Reference value :  4.74267e-06
 Reference value :  4.74315e-06
 Reference value :  4.74330e-06
 Reference value :  4.74342e-06
 Reference value :  4.74374e-06
 Reference value :  4.74421e-06
 Reference value :  4.74456e-06
 Reference value :  4.74506e-06
 Reference value :  4.74583e-06
 Reference value :  4.74632e-06
 Reference value :  4.74709e-06
 Reference value :  4.74773e-06
 Reference value :  4.74874e-06
 Reference value :  4.74941e-06
 Reference value :  4.75021e-06
 Reference value :  4.75118e-06
 Reference value :  4.75200e-06
 Reference value :  4.75268e-06
 Reference value :  4.75314e-06
 Reference value :  4.75362e-06
 Reference value :  4.75441e-06
 Reference value :  4.75541e-06
 Reference value :  4.75630e-06
 Reference value :  4.75751e-06
 Reference value :  4.75831e-06
 Reference value :  4.75932e-06
 Reference value :  4.76031e-06
 Reference value :  4.76129e-06
 Reference value :  4.76211e-06
 Reference value :  4.76314e-06
 Reference value :  4.76393e-06
 Reference value :  4.76509e-06
 Reference value :  4.76610e-06
 Reference value :  4.76641e-06
 Reference value :  4.76722e-06
 Reference value :  4.76790e-06
 Reference value :  4.76892e-06
 Reference value :  4.76974e-06
 Reference value :  4.77061e-06
 Reference value :  4.77127e-06
 Reference value :  4.77191e-06
 Reference value :  4.77257e-06
 Reference value :  4.77345e-06
 Reference value :  4.77426e-06
 Reference value :  4.77458e-06
 Reference value :  4.77542e-06
 Reference value :  4.77577e-06
 Reference value :  4.77641e-06
 Reference value :  4.77739e-06
 Reference value :  4.77826e-06
 Reference value :  4.77891e-06
 Reference value :  4.77989e-06
 Reference value :  4.78093e-06
 Reference value :  4.78190e-06
 Reference value :  4.78269e-06
 Reference value :  4.78290e-06
 Reference value :  4.78298e-06
 Reference value :  4.78307e-06
 Reference value :  4.78334e-06
 Reference value :  4.78349e-06
 Reference value :  4.78383e-06
 Reference value :  4.78388e-06
 Reference value :  4.78409e-06
 Reference value :  4.78438e-06
 Reference value :  4.78476e-06
 Reference value :  4.78552e-06
 Reference value :  4.78596e-06
 Reference value :  4.78705e-06
 Reference value :  4.78721e-06
 Reference value :  4.78750e-06
 Reference value :  4.78814e-06
 Reference value :  4.78876e-06
 Reference value :  4.78971e-06
 Reference value :  4.79049e-06
 Reference value :  4.79112e-06
 Reference value :  4.79177e-06
 Reference value :  4.79281e-06
 Reference value :  4.79347e-06
 Reference value :  4.79441e-06
 Reference value :  4.79544e-06
 Reference value :  4.79625e-06
 Reference value :  4.79688e-06
 Reference value :  4.79786e-06
 Reference value :  4.79884e-06
 Reference value :  4.79986e-06
 Reference value :  4.80084e-06
 Reference value :  4.80170e-06
 Reference value :  4.80250e-06
 Reference value :  4.80347e-06
 Reference value :  4.80445e-06
 Reference value :  4.80532e-06
 Reference value :  4.80610e-06
 Reference value :  4.80725e-06
 Reference value :  4.80778e-06
 Reference value :  4.80844e-06
 Reference value :  4.80922e-06
 Reference value :  4.80955e-06
 Reference value :  4.81036e-06
 Reference value :  4.81135e-06
 Reference value :  4.81235e-06
 Reference value :  4.81333e-06
 Reference value :  4.81382e-06
 Reference value :  4.81468e-06
 Reference value :  4.81531e-06
 Reference value :  4.81579e-06
 Reference value :  4.81660e-06
 Reference value :  4.81742e-06
 Reference value :  4.81830e-06
 Reference value :  4.81895e-06
 Reference value :  4.81981e-06
 Reference value :  4.82030e-06
 Reference value :  4.82108e-06
 Reference value :  4.82221e-06
 Reference value :  4.82320e-06
 Reference value :  4.82406e-06
 Reference value :  4.82453e-06
 Reference value :  4.82457e-06
 Reference value :  4.82462e-06
 Reference value :  4.82464e-06
 Reference value :  4.82479e-06
 Reference value :  4.82504e-06
 Reference value :  4.82530e-06
 Reference value :  4.82554e-06
 Reference value :  4.82567e-06
 Reference value :  4.82579e-06
 Reference value :  4.82653e-06
 Reference value :  4.82713e-06
 Reference value :  4.82790e-06
 Reference value :  4.82901e-06
 Reference value :  4.82979e-06
 Reference value :  4.83043e-06
 Reference value :  4.83144e-06
 Reference value :  4.83227e-06
 Reference value :  4.83323e-06
 Reference value :  4.83370e-06
 Reference value :  4.83471e-06
 Reference value :  4.83539e-06
 Reference value :  4.83603e-06
 Reference value :  4.83650e-06
 Reference value :  4.83682e-06
 Reference value :  4.83733e-06
 Reference value :  4.83816e-06
 Reference value :  4.83867e-06
 Reference value :  4.83964e-06
 Reference value :  4.84044e-06
 Reference value :  4.84150e-06
 Reference value :  4.84231e-06
 Reference value :  4.84337e-06
 Reference value :  4.84418e-06
 Reference value :  4.84451e-06
 Reference value :  4.84483e-06
 Reference value :  4.84568e-06
 Reference value :  4.84650e-06
 Reference value :  4.84730e-06
 Reference value :  4.84813e-06
 Reference value :  4.84900e-06
 Reference value :  4.84994e-06
 Reference value :  4.85095e-06
 Reference value :  4.85197e-06
 Reference value :  4.85278e-06
 Reference value :  4.85343e-06
 Reference value :  4.85414e-06
 Reference value :  4.85464e-06
 Reference value :  4.85544e-06
 Reference value :  4.85663e-06
 Reference value :  4.85777e-06
 Reference value :  4.85875e-06
 Reference value :  4.85977e-06
 Reference value :  4.86041e-06
 Reference value :  4.86162e-06
 Reference value :  4.86212e-06
 Reference value :  4.86291e-06
 Reference value :  4.86356e-06
 Reference value :  4.86459e-06
 Reference value :  4.86524e-06
 Reference value :  4.86572e-06
 Reference value :  4.86620e-06
 Reference value :  4.86632e-06
 Reference value :  4.86656e-06
 Reference value :  4.86698e-06
 Reference value :  4.86720e-06
 Reference value :  4.86726e-06
 Reference value :  4.86729e-06
 Reference value :  4.86742e-06
 Reference value :  4.86777e-06
 Reference value :  4.86811e-06
 Reference value :  4.86865e-06
 Reference value :  4.86951e-06
 Reference value :  4.87026e-06
 Reference value :  4.87106e-06
 Reference value :  4.87201e-06
 Reference value :  4.87323e-06
 Reference value :  4.87403e-06
 Reference value :  4.87507e-06
 Reference value :  4.87586e-06
 Reference value :  4.87650e-06
 Reference value :  4.87698e-06
 Reference value :  4.87798e-06
 Reference value :  4.87885e-06
 Reference value :  4.87950e-06
 Reference value :  4.88051e-06
 Reference value :  4.88149e-06
 Reference value :  4.88230e-06
 Reference value :  4.88295e-06
 Reference value :  4.88394e-06
 Reference value :  4.88496e-06
 Reference value :  4.88575e-06
 Reference value :  4.88659e-06
 Reference value :  4.88746e-06
 Reference value :  4.88826e-06
 Reference value :  4.88910e-06
 Reference value :  4.89014e-06
 Reference value :  4.89119e-06
 Reference value :  4.89185e-06
 Reference value :  4.89249e-06
 Reference value :  4.89348e-06
 Reference value :  4.89436e-06
 Reference value :  4.89500e-06
 Reference value :  4.89567e-06
 Reference value :  4.89599e-06
 Reference value :  4.89636e-06
 Reference value :  4.89685e-06
 Reference value :  4.89750e-06
 Reference value :  4.89799e-06
 Reference value :  4.89903e-06
 Reference value :  4.90000e-06
 Reference value :  4.90099e-06
 Reference value :  4.90201e-06
 Reference value :  4.90302e-06
 Reference value :  4.90370e-06
 Reference value :  4.90435e-06
 Reference value :  4.90500e-06
 Reference value :  4.90565e-06
 Reference value :  4.90684e-06
 Reference value :  4.90748e-06
 Reference value :  4.90773e-06
 Reference value :  4.90785e-06
 Reference value :  4.90790e-06
 Reference value :  4.90796e-06
 Reference value :  4.90803e-06
 Reference value :  4.90817e-06
 Reference value :  4.90838e-06
 Reference value :  4.90863e-06
 Reference value :  4.90885e-06
 Reference value :  4.90897e-06
 Reference value :  4.90903e-06
 Reference value :  4.90913e-06
 Reference value :  4.90980e-06
 Reference value :  4.91008e-06
 Reference value :  4.91105e-06
 Reference value :  4.91187e-06
 Reference value :  4.91265e-06
 Reference value :  4.91363e-06
 Reference value :  4.91428e-06
 Reference value :  4.91512e-06
 Reference value :  4.91609e-06
 Reference value :  4.91673e-06
 Reference value :  4.91703e-06
 Reference value :  4.91769e-06
 Reference value :  4.91820e-06
 Reference value :  4.91908e-06
 Reference value :  4.91972e-06
 Reference value :  4.92021e-06
 Reference value :  4.92059e-06
 Reference value :  4.92087e-06
 Reference value :  4.92119e-06
 Reference value :  4.92216e-06
 Reference value :  4.92247e-06
 Reference value :  4.92310e-06
 Reference value :  4.92373e-06
 Reference value :  4.92438e-06
 Reference value :  4.92521e-06
 Reference value :  4.92623e-06
 Reference value :  4.92704e-06
 Reference value :  4.92809e-06
 Reference value :  4.92906e-06
 Reference value :  4.92972e-06
 Reference value :  4.93059e-06
 Reference value :  4.93123e-06
 Reference value :  4.93204e-06
 Reference value :  4.93271e-06
 Reference value :  4.93342e-06
 Reference value :  4.93389e-06
 Reference value :  4.93473e-06
 Reference value :  4.93561e-06
 Reference value :  4.93626e-06
 Reference value :  4.93748e-06
 Reference value :  4.93846e-06
 Reference value :  4.93929e-06
 Reference value :  4.94013e-06
 Reference value :  4.94061e-06
 Reference value :  4.94125e-06
 Reference value :  4.94193e-06
 Reference value :  4.94263e-06
 Reference value :  4.94360e-06
 Reference value :  4.94458e-06
 Reference value :  4.94559e-06
 Reference value :  4.94674e-06
 Reference value :  4.94773e-06
 Reference value :  4.94858e-06
 Reference value :  4.94950e-06
 Reference value :  4.94957e-06
 Reference value :  4.94964e-06
 Reference value :  4.94973e-06
 Reference value :  4.94999e-06
 Reference value :  4.95009e-06
 Reference value :  4.95025e-06
 Reference value :  4.95044e-06
 Reference value :  4.95052e-06
 Reference value :  4.95055e-06
 Reference value :  4.95062e-06
 Reference value :  4.95084e-06
 Reference value :  4.95101e-06
 Reference value :  4.95118e-06
 Reference value :  4.95132e-06
 Reference value :  4.95171e-06
 Reference value :  4.95224e-06
 Reference value :  4.95286e-06
 Reference value :  4.95334e-06
 Reference value :  4.95416e-06
 Reference value :  4.95478e-06
 Reference value :  4.95559e-06
 Reference value :  4.95623e-06
 Reference value :  4.95655e-06
 Reference value :  4.95705e-06
 Reference value :  4.95776e-06
 Reference value :  4.95826e-06
 Reference value :  4.95905e-06
 Reference value :  4.96011e-06
 Reference value :  4.96076e-06
 Reference value :  4.96157e-06
 Reference value :  4.96260e-06
 Reference value :  4.96340e-06
 Reference value :  4.96420e-06
 Reference value :  4.96525e-06
 Reference value :  4.96574e-06
 Reference value :  4.96653e-06
 Reference value :  4.96753e-06
 Reference value :  4.96839e-06
 Reference value :  4.96903e-06
 Reference value :  4.96953e-06
 Reference value :  4.97035e-06
 Reference value :  4.97139e-06
 Reference value :  4.97219e-06
 Reference value :  4.97287e-06
 Reference value :  4.97388e-06
 Reference value :  4.97468e-06
 Reference value :  4.97590e-06
 Reference value :  4.97670e-06
 Reference value :  4.97770e-06
 Reference value :  4.97841e-06
 Reference value :  4.97921e-06
 Reference value :  4.97973e-06
 Reference value :  4.98059e-06
 Reference value :  4.98139e-06
 Reference value :  4.98219e-06
 Reference value :  4.98325e-06
 Reference value :  4.98405e-06
 Reference value :  4.98487e-06
 Reference value :  4.98574e-06
 Reference value :  4.98639e-06
 Reference value :  4.98704e-06
 Reference value :  4.98786e-06
 Reference value :  4.98889e-06
 Reference value :  4.98968e-06
 Reference value :  4.99033e-06
 Reference value :  4.99101e-06
 Reference value :  4.99121e-06
 Reference value :  4.99127e-06
 Reference value :  4.99134e-06
 Reference value :  4.99158e-06
 Reference value :  4.99174e-06
 Reference value :  4.99200e-06
 Reference value :  4.99221e-06
 Reference value :  4.99235e-06
 Reference value :  4.99277e-06
 Reference value :  4.99339e-06
 Reference value :  4.99400e-06
 Reference value :  4.99477e-06
 Reference value :  4.99541e-06
 Reference value :  4.99629e-06
 Reference value :  4.99708e-06
 Reference value :  4.99772e-06
 Reference value :  4.99852e-06
 Reference value :  4.99955e-06
 Reference value :  5.00034e-06
 Reference value :  5.00098e-06
 Reference value :  5.00195e-06
 Reference value :  5.00265e-06
 Reference value :  5.00330e-06
 Reference value :  5.00379e-06
 Reference value :  5.00442e-06
 Reference value :  5.00522e-06
 Reference value :  5.00626e-06
 Reference value :  5.00707e-06
 Reference value :  5.00787e-06
 Reference value :  5.00892e-06
 Reference value :  5.00957e-06
 Reference value :  5.01037e-06
 Reference value :  5.01142e-06
 Reference value :  5.01222e-06
 Reference value :  5.01287e-06
 Reference value :  5.01392e-06
 Reference value :  5.01457e-06
 Reference value :  5.01522e-06
 Reference value :  5.01605e-06
 Reference value :  5.01708e-06
 Reference value :  5.01773e-06
 Reference value :  5.01877e-06
 Reference value :  5.01957e-06
 Reference value :  5.02037e-06
 Reference value :  5.02143e-06
 Reference value :  5.02208e-06
 Reference value :  5.02258e-06
 Reference value :  5.02341e-06
 Reference value :  5.02392e-06
 Reference value :  5.02489e-06
 Reference value :  5.02571e-06
 Reference value :  5.02675e-06
 Reference value :  5.02756e-06
 Reference value :  5.02839e-06
 Reference value :  5.02926e-06
 Reference value :  5.02973e-06
 Reference value :  5.03058e-06
 Reference value :  5.03142e-06
 Reference value :  5.03239e-06
 Reference value :  5.03286e-06
 Reference value :  5.03295e-06
 Reference value :  5.03299e-06
 Reference value :  5.03310e-06
 Reference value :  5.03333e-06
 Reference value :  5.03367e-06
 Reference value :  5.03385e-06
 Reference value :  5.03404e-06
 Reference value :  5.03424e-06
 Reference value :  5.03464e-06
 Reference value :  5.03535e-06
 Reference value :  5.03607e-06
 Reference value :  5.03685e-06
 Reference value :  5.03764e-06
 Reference value :  5.03825e-06
 Reference value :  5.03871e-06
 Reference value :  5.03903e-06
 Reference value :  5.03966e-06
 Reference value :  5.04029e-06
 Reference value :  5.04109e-06
 Reference value :  5.04174e-06
 Reference value :  5.04276e-06
 Reference value :  5.04325e-06
 Reference value :  5.04389e-06
 Reference value :  5.04468e-06
 Reference value :  5.04589e-06
 Reference value :  5.04703e-06
 Reference value :  5.04785e-06
 Reference value :  5.04854e-06
 Reference value :  5.04887e-06
 Reference value :  5.04935e-06
 Reference value :  5.04966e-06
 Reference value :  5.05031e-06
 Reference value :  5.05152e-06
 Reference value :  5.05231e-06
 Reference value :  5.05296e-06
 Reference value :  5.05363e-06
 Reference value :  5.05450e-06
 Reference value :  5.05514e-06
 Reference value :  5.05593e-06
 Reference value :  5.05714e-06
 Reference value :  5.05812e-06
 Reference value :  5.05894e-06
 Reference value :  5.05964e-06
 Reference value :  5.06044e-06
 Reference value :  5.06143e-06
 Reference value :  5.06246e-06
 Reference value :  5.06310e-06
 Reference value :  5.06390e-06
 Reference value :  5.06439e-06
 Reference value :  5.06526e-06
 Reference value :  5.06590e-06
 Reference value :  5.06639e-06
 Reference value :  5.06734e-06
 Reference value :  5.06857e-06
 Reference value :  5.06954e-06
 Reference value :  5.07020e-06
 Reference value :  5.07141e-06
 Reference value :  5.07260e-06
 Reference value :  5.07326e-06
 Reference value :  5.07420e-06
 Reference value :  5.07453e-06
 Reference value :  5.07456e-06
 Reference value :  5.07459e-06
 Reference value :  5.07467e-06
 Reference value :  5.07479e-06
 Reference value :  5.07495e-06
 Reference value :  5.07524e-06
 Reference value :  5.07552e-06
 Reference value :  5.07567e-06
 Reference value :  5.07632e-06
 Reference value :  5.07724e-06
 Reference value :  5.07840e-06
 Reference value :  5.07917e-06
 Reference value :  5.08011e-06
 Reference value :  5.08104e-06
 Reference value :  5.08201e-06
 Reference value :  5.08281e-06
 Reference value :  5.08367e-06
 Reference value :  5.08430e-06
 Reference value :  5.08510e-06
 Reference value :  5.08591e-06
 Reference value :  5.08639e-06
 Reference value :  5.08725e-06
 Reference value :  5.08804e-06
 Reference value :  5.08885e-06
 Reference value :  5.08981e-06
 Reference value :  5.09085e-06
 Reference value :  5.09164e-06
 Reference value :  5.09245e-06
 Reference value :  5.09350e-06
 Reference value :  5.09448e-06
 Reference value :  5.09530e-06
 Reference value :  5.09633e-06
 Reference value :  5.09714e-06
 Reference value :  5.09745e-06
 Reference value :  5.09851e-06
 Reference value :  5.09915e-06
 Reference value :  5.09980e-06
 Reference value :  5.10085e-06
 Reference value :  5.10165e-06
 Reference value :  5.10246e-06
 Reference value :  5.10336e-06
 Reference value :  5.10402e-06
 Reference value :  5.10500e-06
 Reference value :  5.10587e-06
 Reference value :  5.10666e-06
 Reference value :  5.10783e-06
 Reference value :  5.10865e-06
 Reference value :  5.10963e-06
 Reference value :  5.11082e-06
 Reference value :  5.11178e-06
 Reference value :  5.11277e-06
 Reference value :  5.11361e-06
 Reference value :  5.11461e-06
 Reference value :  5.11540e-06
 Reference value :  5.11618e-06
 Reference value :  5.11629e-06
 Reference value :  5.11642e-06
 Reference value :  5.11669e-06
 Reference value :  5.11694e-06
 Reference value :  5.11717e-06
 Reference value :  5.11720e-06
 Reference value :  5.11725e-06
 Reference value :  5.11736e-06
 Reference value :  5.11742e-06
 Reference value :  5.11754e-06
 Reference value :  5.11758e-06
 Reference value :  5.11767e-06
 Reference value :  5.11771e-06
 Reference value :  5.11778e-06
 Reference value :  5.11807e-06
 Reference value :  5.11866e-06
 Reference value :  5.11921e-06
 Reference value :  5.11947e-06
 Reference value :  5.11973e-06
 Reference value :  5.12009e-06
 Reference value :  5.12097e-06
 Reference value :  5.12188e-06
 Reference value :  5.12260e-06
 Reference value :  5.12357e-06
 Reference value :  5.12432e-06
 Reference value :  5.12529e-06
 Reference value :  5.12605e-06
 Reference value :  5.12701e-06
 Reference value :  5.12779e-06
 Reference value :  5.12856e-06
 Reference value :  5.12954e-06
 Reference value :  5.13019e-06
 Reference value :  5.13123e-06
 Reference value :  5.13170e-06
 Reference value :  5.13235e-06
 Reference value :  5.13341e-06
 Reference value :  5.13422e-06
 Reference value :  5.13489e-06
 Reference value :  5.13558e-06
 Reference value :  5.13606e-06
 Reference value :  5.13685e-06
 Reference value :  5.13750e-06
 Reference value :  5.13854e-06
 Reference value :  5.13933e-06
 Reference value :  5.14032e-06
 Reference value :  5.14097e-06
 Reference value :  5.14217e-06
 Reference value :  5.14312e-06
 Reference value :  5.14434e-06
 Reference value :  5.14530e-06
 Reference value :  5.14610e-06
 Reference value :  5.14716e-06
 Reference value :  5.14797e-06
 Reference value :  5.14879e-06
 Reference value :  5.14966e-06
 Reference value :  5.15060e-06
 Reference value :  5.15159e-06
 Reference value :  5.15279e-06
 Reference value :  5.15357e-06
 Reference value :  5.15407e-06
 Reference value :  5.15506e-06
 Reference value :  5.15544e-06
 Reference value :  5.15609e-06
 Reference value :  5.15676e-06
 Reference value :  5.15729e-06
 Reference value :  5.15783e-06
 Reference value :  5.15786e-06
 Reference value :  5.15791e-06
 Reference value :  5.15797e-06
 Reference value :  5.15815e-06
 Reference value :  5.15831e-06
 Reference value :  5.15867e-06
 Reference value :  5.15885e-06
 Reference value :  5.15910e-06
 Reference value :  5.15972e-06
 Reference value :  5.16017e-06
 Reference value :  5.16116e-06
 Reference value :  5.16229e-06
 Reference value :  5.16307e-06
 Reference value :  5.16383e-06
 Reference value :  5.16477e-06
 Reference value :  5.16556e-06
 Reference value :  5.16634e-06
 Reference value :  5.16731e-06
 Reference value :  5.16812e-06
 Reference value :  5.16932e-06
 Reference value :  5.16997e-06
 Reference value :  5.17028e-06
 Reference value :  5.17096e-06
 Reference value :  5.17152e-06
 Reference value :  5.17200e-06
 Reference value :  5.17305e-06
 Reference value :  5.17385e-06
 Reference value :  5.17484e-06
 Reference value :  5.17589e-06
 Reference value :  5.17652e-06
 Reference value :  5.17718e-06
 Reference value :  5.17805e-06
 Reference value :  5.17870e-06
 Reference value :  5.17950e-06
 Reference value :  5.18071e-06
 Reference value :  5.18168e-06
 Reference value :  5.18250e-06
 Reference value :  5.18338e-06
 Reference value :  5.18385e-06
 Reference value :  5.18435e-06
 Reference value :  5.18534e-06
 Reference value :  5.18621e-06
 Reference value :  5.18686e-06
 Reference value :  5.18736e-06
 Reference value :  5.18769e-06
 Reference value :  5.18824e-06
 Reference value :  5.18940e-06
 Reference value :  5.19060e-06
 Reference value :  5.19141e-06
 Reference value :  5.19244e-06
 Reference value :  5.19309e-06
 Reference value :  5.19404e-06
 Reference value :  5.19508e-06
 Reference value :  5.19558e-06
 Reference value :  5.19637e-06
 Reference value :  5.19718e-06
 Reference value :  5.19806e-06
 Reference value :  5.19886e-06
 Reference value :  5.19957e-06
 Reference value :  5.19973e-06
 Reference value :  5.19989e-06
 Reference value :  5.20027e-06
 Reference value :  5.20051e-06
 Reference value :  5.20055e-06
 Reference value :  5.20057e-06
 Reference value :  5.20070e-06
 Reference value :  5.20082e-06
 Reference value :  5.20094e-06
 Reference value :  5.20108e-06
 Reference value :  5.20121e-06
 Reference value :  5.20133e-06
 Reference value :  5.20143e-06
 Reference value :  5.20209e-06
 Reference value :  5.20264e-06
 Reference value :  5.20348e-06
 Reference value :  5.20457e-06
 Reference value :  5.20489e-06
 Reference value :  5.20552e-06
 Reference value :  5.20647e-06
 Reference value :  5.20739e-06
 Reference value :  5.20851e-06
 Reference value :  5.20915e-06
 Reference value :  5.20995e-06
 Reference value :  5.21098e-06
 Reference value :  5.21162e-06
 Reference value :  5.21210e-06
 Reference value :  5.21291e-06
 Reference value :  5.21390e-06
 Reference value :  5.21475e-06
 Reference value :  5.21570e-06
 Reference value :  5.21674e-06
 Reference value :  5.21786e-06
 Reference value :  5.21865e-06
 Reference value :  5.21981e-06
 Reference value :  5.22101e-06
 Reference value :  5.22199e-06
 Reference value :  5.22252e-06
 Reference value :  5.22332e-06
 Reference value :  5.22412e-06
 Reference value :  5.22460e-06
 Reference value :  5.22526e-06
 Reference value :  5.22629e-06
 Reference value :  5.22726e-06
 Reference value :  5.22808e-06
 Reference value :  5.22894e-06
 Reference value :  5.22974e-06
 Reference value :  5.23038e-06
 Reference value :  5.23136e-06
 Reference value :  5.23237e-06
 Reference value :  5.23333e-06
 Reference value :  5.23380e-06
 Reference value :  5.23445e-06
 Reference value :  5.23512e-06
 Reference value :  5.23614e-06
 Reference value :  5.23695e-06
 Reference value :  5.23800e-06
 Reference value :  5.23880e-06
 Reference value :  5.23980e-06
 Reference value :  5.24084e-06
 Reference value :  5.24117e-06
 Reference value :  5.24117e-06
 Reference value :  5.24119e-06
 Reference value :  5.24122e-06
 Reference value :  5.24125e-06
 Reference value :  5.24131e-06
 Reference value :  5.24141e-06
 Reference value :  5.24160e-06
 Reference value :  5.24217e-06
 Reference value :  5.24233e-06
 Reference value :  5.24295e-06
 Reference value :  5.24327e-06
 Reference value :  5.24371e-06
 Reference value :  5.24450e-06
 Reference value :  5.24529e-06
 Reference value :  5.24624e-06
 Reference value :  5.24688e-06
 Reference value :  5.24735e-06
 Reference value :  5.24769e-06
 Reference value :  5.24856e-06
 Reference value :  5.24953e-06
 Reference value :  5.25049e-06
 Reference value :  5.25137e-06
 Reference value :  5.25217e-06
 Reference value :  5.25332e-06
 Reference value :  5.25436e-06
 Reference value :  5.25517e-06
 Reference value :  5.25615e-06
 Reference value :  5.25718e-06
 Reference value :  5.25783e-06
 Reference value :  5.25851e-06
 Reference value :  5.25920e-06
 Reference value :  5.26001e-06
 Reference value :  5.26049e-06
 Reference value :  5.26101e-06
 Reference value :  5.26206e-06
 Reference value :  5.26272e-06
 Reference value :  5.26376e-06
 Reference value :  5.26458e-06
 Reference value :  5.26528e-06
 Reference value :  5.26608e-06
 Reference value :  5.26690e-06
 Reference value :  5.26757e-06
 Reference value :  5.26806e-06
 Reference value :  5.26875e-06
 Reference value :  5.26922e-06
 Reference value :  5.26956e-06
 Reference value :  5.27022e-06
 Reference value :  5.27127e-06
 Reference value :  5.27208e-06
 Reference value :  5.27296e-06
 Reference value :  5.27376e-06
 Reference value :  5.27457e-06
 Reference value :  5.27541e-06
 Reference value :  5.27609e-06
 Reference value :  5.27706e-06
 Reference value :  5.27805e-06
 Reference value :  5.27860e-06
 Reference value :  5.27924e-06
 Reference value :  5.28009e-06
 Reference value :  5.28108e-06
 Reference value :  5.28156e-06
 Reference value :  5.28221e-06
 Reference value :  5.28286e-06
 Reference value :  5.28305e-06
 Reference value :  5.28326e-06
 Reference value :  5.28362e-06
 Reference value :  5.28384e-06
 Reference value :  5.28392e-06
 Reference value :  5.28399e-06
 Reference value :  5.28414e-06
 Reference value :  5.28432e-06
 Reference value :  5.28455e-06
 Reference value :  5.28500e-06
 Reference value :  5.28565e-06
 Reference value :  5.28613e-06
 Reference value :  5.28674e-06
 Reference value :  5.28737e-06
 Reference value :  5.28799e-06
 Reference value :  5.28847e-06
 Reference value :  5.28910e-06
 Reference value :  5.28974e-06
 Reference value :  5.29022e-06
 Reference value :  5.29054e-06
 Reference value :  5.29105e-06
 Reference value :  5.29172e-06
 Reference value :  5.29221e-06
 Reference value :  5.29251e-06
 Reference value :  5.29285e-06
 Reference value :  5.29299e-06
 Reference value :  5.29333e-06
 Reference value :  5.29349e-06
 Reference value :  5.29380e-06
 Reference value :  5.29415e-06
 Reference value :  5.29447e-06
 Reference value :  5.29486e-06
 Reference value :  5.29550e-06
 Reference value :  5.29583e-06
 Reference value :  5.29648e-06
 Reference value :  5.29682e-06
 Reference value :  5.29719e-06
 Reference value :  5.29752e-06
 Reference value :  5.29785e-06
 Reference value :  5.29815e-06
 Reference value :  5.29849e-06
 Reference value :  5.29864e-06
 Reference value :  5.29898e-06
 Reference value :  5.29931e-06
 Reference value :  5.30001e-06
 Reference value :  5.30034e-06
 Reference value :  5.30082e-06
 Reference value :  5.30113e-06
 Reference value :  5.30194e-06
 Reference value :  5.30282e-06
 Reference value :  5.30314e-06
 Reference value :  5.30347e-06
 Reference value :  5.30377e-06
 Reference value :  5.30411e-06
 Reference value :  5.30426e-06
 Reference value :  5.30460e-06
 Reference value :  5.30509e-06
 Reference value :  5.30547e-06
 Reference value :  5.30580e-06
 Reference value :  5.30611e-06
 Reference value :  5.30660e-06
 Reference value :  5.30690e-06
 Reference value :  5.30755e-06
 Reference value :  5.30790e-06
 Reference value :  5.30878e-06
 Reference value :  5.30910e-06
 Reference value :  5.30975e-06
 Reference value :  5.31041e-06
 Reference value :  5.31073e-06
 Reference value :  5.31162e-06
 Reference value :  5.31177e-06
 Reference value :  5.31227e-06
 Reference value :  5.31280e-06
 Reference value :  5.31329e-06
 Reference value :  5.31361e-06
 Reference value :  5.31410e-06
 Reference value :  5.31440e-06
 Reference value :  5.31489e-06
 Reference value :  5.31556e-06
 Reference value :  5.31625e-06
 Reference value :  5.31658e-06
 Reference value :  5.31688e-06
 Reference value :  5.31722e-06
 Reference value :  5.31785e-06
 Reference value :  5.31816e-06
 Reference value :  5.31850e-06
 Reference value :  5.31866e-06
 Reference value :  5.31917e-06
 Reference value :  5.32018e-06
 Reference value :  5.32049e-06
 Reference value :  5.32129e-06
 Reference value :  5.32163e-06
 Reference value :  5.32249e-06
 Reference value :  5.32282e-06
 Reference value :  5.32346e-06
 Reference value :  5.32376e-06
 Reference value :  5.32450e-06
 Reference value :  5.32450e-06
 Reference value :  5.32453e-06
 Reference value :  5.32455e-06
 Reference value :  5.32459e-06
 Reference value :  5.32462e-06
 Reference value :  5.32464e-06
 Reference value :  5.32467e-06
 Reference value :  5.32475e-06
 Reference value :  5.32484e-06
 Reference value :  5.32496e-06
 Reference value :  5.32506e-06
 Reference value :  5.32526e-06
 Reference value :  5.32550e-06
 Reference value :  5.32559e-06
 Reference value :  5.32569e-06
 Reference value :  5.32573e-06
 Reference value :  5.32592e-06
 Reference value :  5.32615e-06
 Reference value :  5.32666e-06
 Reference value :  5.32693e-06
 Reference value :  5.32725e-06
 Reference value :  5.32756e-06
 Reference value :  5.32792e-06
 Reference value :  5.32824e-06
 Reference value :  5.32840e-06
 Reference value :  5.32870e-06
 Reference value :  5.32903e-06
 Reference value :  5.32933e-06
 Reference value :  5.32981e-06
 Reference value :  5.33045e-06
 Reference value :  5.33150e-06
 Reference value :  5.33216e-06
 Reference value :  5.33230e-06
 Reference value :  5.33295e-06
 Reference value :  5.33345e-06
 Reference value :  5.33415e-06
 Reference value :  5.33464e-06
 Reference value :  5.33512e-06
 Reference value :  5.33559e-06
 Reference value :  5.33593e-06
 Reference value :  5.33659e-06
 Reference value :  5.33712e-06
 Reference value :  5.33743e-06
 Reference value :  5.33776e-06
 Reference value :  5.33791e-06
 Reference value :  5.33856e-06
 Reference value :  5.33906e-06
 Reference value :  5.33960e-06
 Reference value :  5.33993e-06
 Reference value :  5.34026e-06
 Reference value :  5.34041e-06
 Reference value :  5.34090e-06
 Reference value :  5.34105e-06
 Reference value :  5.34156e-06
 Reference value :  5.34226e-06
 Reference value :  5.34275e-06
 Reference value :  5.34339e-06
 Reference value :  5.34370e-06
 Reference value :  5.34435e-06
 Reference value :  5.34542e-06
 Reference value :  5.34591e-06
 Reference value :  5.34622e-06
 Reference value :  5.34674e-06
 Reference value :  5.34728e-06
 Reference value :  5.34843e-06
 Reference value :  5.34874e-06
 Reference value :  5.34909e-06
 Reference value :  5.34962e-06
 Reference value :  5.34994e-06
 Reference value :  5.35057e-06
 Reference value :  5.35106e-06
 Reference value :  5.35157e-06
 Reference value :  5.35190e-06
 Reference value :  5.35228e-06
 Reference value :  5.35278e-06
 Reference value :  5.35293e-06
 Reference value :  5.35343e-06
 Reference value :  5.35409e-06
 Reference value :  5.35462e-06
 Reference value :  5.35493e-06
 Reference value :  5.35527e-06
 Reference value :  5.35541e-06
 Reference value :  5.35591e-06
 Reference value :  5.35641e-06
 Reference value :  5.35728e-06
 Reference value :  5.35792e-06
 Reference value :  5.35826e-06
 Reference value :  5.35858e-06
 Reference value :  5.35926e-06
 Reference value :  5.35961e-06
 Reference value :  5.36026e-06
 Reference value :  5.36041e-06
 Reference value :  5.36091e-06
 Reference value :  5.36140e-06
 Reference value :  5.36157e-06
 Reference value :  5.36189e-06
 Reference value :  5.36244e-06
 Reference value :  5.36277e-06
 Reference value :  5.36326e-06
 Reference value :  5.36357e-06
 Reference value :  5.36461e-06
 Reference value :  5.36510e-06
 Reference value :  5.36592e-06
 Reference value :  5.36617e-06
 Reference value :  5.36621e-06
 Reference value :  5.36633e-06
 Reference value :  5.36642e-06
 Reference value :  5.36666e-06
 Reference value :  5.36682e-06
 Reference value :  5.36717e-06
 Reference value :  5.36724e-06
 Reference value :  5.36756e-06
 Reference value :  5.36794e-06
 Reference value :  5.36825e-06
 Reference value :  5.36853e-06
 Reference value :  5.36880e-06
 Reference value :  5.36926e-06
 Reference value :  5.36941e-06
 Reference value :  5.36990e-06
 Reference value :  5.37020e-06
 Reference value :  5.37055e-06
 Reference value :  5.37085e-06
 Reference value :  5.37116e-06
 Reference value :  5.37179e-06
 Reference value :  5.37257e-06
 Reference value :  5.37289e-06
 Reference value :  5.37305e-06
 Reference value :  5.37335e-06
 Reference value :  5.37383e-06
 Reference value :  5.37417e-06
 Reference value :  5.37463e-06
 Reference value :  5.37530e-06
 Reference value :  5.37567e-06
 Reference value :  5.37600e-06
 Reference value :  5.37631e-06
 Reference value :  5.37695e-06
 Reference value :  5.37744e-06
 Reference value :  5.37759e-06
 Reference value :  5.37826e-06
 Reference value :  5.37879e-06
 Reference value :  5.37943e-06
 Reference value :  5.37992e-06
 Reference value :  5.38056e-06
 Reference value :  5.38072e-06
 Reference value :  5.38105e-06
 Reference value :  5.38122e-06
 Reference value :  5.38192e-06
 Reference value :  5.38242e-06
 Reference value :  5.38272e-06
 Reference value :  5.38321e-06
 Reference value :  5.38371e-06
 Reference value :  5.38402e-06
 Reference value :  5.38437e-06
 Reference value :  5.38505e-06
 Reference value :  5.38555e-06
 Reference value :  5.38585e-06
 Reference value :  5.38634e-06
 Reference value :  5.38685e-06
 Reference value :  5.38755e-06
 Reference value :  5.38805e-06
 Reference value :  5.38900e-06
 Reference value :  5.38934e-06
 Reference value :  5.39021e-06
 Reference value :  5.39069e-06
 Reference value :  5.39118e-06
 Reference value :  5.39182e-06
 Reference value :  5.39198e-06
 Reference value :  5.39265e-06
 Reference value :  5.39319e-06
 Reference value :  5.39369e-06
 Reference value :  5.39399e-06
 Reference value :  5.39484e-06
 Reference value :  5.39533e-06
 Reference value :  5.39552e-06
 Reference value :  5.39632e-06
 Reference value :  5.39681e-06
 Reference value :  5.39712e-06
 Reference value :  5.39763e-06
 Reference value :  5.39816e-06
 Reference value :  5.39865e-06
 Reference value :  5.39895e-06
 Reference value :  5.39959e-06
 Reference value :  5.39993e-06
 Reference value :  5.40057e-06
 Reference value :  5.40089e-06
 Reference value :  5.40156e-06
 Reference value :  5.40177e-06
 Reference value :  5.40226e-06
 Reference value :  5.40257e-06
 Reference value :  5.40306e-06
 Reference value :  5.40337e-06
 Reference value :  5.40372e-06
 Reference value :  5.40404e-06
 Reference value :  5.40442e-06
 Reference value :  5.40506e-06
 Reference value :  5.40538e-06
 Reference value :  5.40603e-06
 Reference value :  5.40634e-06
 Reference value :  5.40685e-06
 Reference value :  5.40739e-06
 Reference value :  5.40769e-06
 Reference value :  5.40786e-06
 Reference value :  5.40788e-06
 Reference value :  5.40790e-06
 Reference value :  5.40792e-06
 Reference value :  5.40794e-06
 Reference value :  5.40797e-06
 Reference value :  5.40800e-06
 Reference value :  5.40803e-06
 Reference value :  5.40808e-06
 Reference value :  5.40811e-06
 Reference value :  5.40821e-06
 Reference value :  5.40844e-06
 Reference value :  5.40858e-06
 Reference value :  5.40875e-06
 Reference value :  5.40883e-06
 Reference value :  5.40912e-06
 Reference value :  5.40982e-06
 Reference value :  5.41044e-06
 Reference value :  5.41126e-06
 Reference value :  5.41190e-06
 Reference value :  5.41269e-06
 Reference value :  5.41302e-06
 Reference value :  5.41368e-06
 Reference value :  5.41440e-06
 Reference value :  5.41504e-06
 Reference value :  5.41587e-06
 Reference value :  5.41624e-06
 Reference value :  5.41688e-06
 Reference value :  5.41737e-06
 Reference value :  5.41801e-06
 Reference value :  5.41866e-06
 Reference value :  5.41937e-06
 Reference value :  5.42001e-06
 Reference value :  5.42065e-06
 Reference value :  5.42130e-06
 Reference value :  5.42213e-06
 Reference value :  5.42266e-06
 Reference value :  5.42299e-06
 Reference value :  5.42347e-06
 Reference value :  5.42379e-06
 Reference value :  5.42462e-06
 Reference value :  5.42550e-06
 Reference value :  5.42615e-06
 Reference value :  5.42681e-06
 Reference value :  5.42749e-06
 Reference value :  5.42813e-06
 Reference value :  5.42863e-06
 Reference value :  5.42912e-06
 Reference value :  5.42983e-06
 Reference value :  5.43049e-06
 Reference value :  5.43129e-06
 Reference value :  5.43179e-06
 Reference value :  5.43268e-06
 Reference value :  5.43300e-06
 Reference value :  5.43383e-06
 Reference value :  5.43469e-06
 Reference value :  5.43485e-06
 Reference value :  5.43516e-06
 Reference value :  5.43549e-06
 Reference value :  5.43580e-06
 Reference value :  5.43614e-06
 Reference value :  5.43646e-06
 Reference value :  5.43698e-06
 Reference value :  5.43749e-06
 Reference value :  5.43798e-06
 Reference value :  5.43829e-06
 Reference value :  5.43878e-06
 Reference value :  5.43945e-06
 Reference value :  5.44033e-06
 Reference value :  5.44049e-06
 Reference value :  5.44114e-06
 Reference value :  5.44145e-06
 Reference value :  5.44213e-06
 Reference value :  5.44298e-06
 Reference value :  5.44378e-06
 Reference value :  5.44500e-06
 Reference value :  5.44550e-06
 Reference value :  5.44599e-06
 Reference value :  5.44670e-06
 Reference value :  5.44703e-06
 Reference value :  5.44784e-06
 Reference value :  5.44800e-06
 Reference value :  5.44865e-06
 Reference value :  5.44950e-06
 Reference value :  5.44953e-06
 Reference value :  5.44959e-06
 Reference value :  5.44971e-06
 Reference value :  5.44975e-06
 Reference value :  5.44976e-06
 Reference value :  5.44988e-06
 Reference value :  5.44999e-06
 Reference value :  5.45023e-06
 Reference value :  5.45052e-06
 Reference value :  5.45070e-06
 Reference value :  5.45133e-06
 Reference value :  5.45207e-06
 Reference value :  5.45266e-06
 Reference value :  5.45330e-06
 Reference value :  5.45392e-06
 Reference value :  5.45420e-06
 Reference value :  5.45468e-06
 Reference value :  5.45562e-06
 Reference value :  5.45640e-06
 Reference value :  5.45704e-06
 Reference value :  5.45767e-06
 Reference value :  5.45781e-06
 Reference value :  5.45845e-06
 Reference value :  5.45912e-06
 Reference value :  5.45964e-06
 Reference value :  5.46028e-06
 Reference value :  5.46092e-06
 Reference value :  5.46125e-06
 Reference value :  5.46189e-06
 Reference value :  5.46271e-06
 Reference value :  5.46325e-06
 Reference value :  5.46357e-06
 Reference value :  5.46390e-06
 Reference value :  5.46469e-06
 Reference value :  5.46519e-06
 Reference value :  5.46534e-06
 Reference value :  5.46586e-06
 Reference value :  5.46618e-06
 Reference value :  5.46654e-06
 Reference value :  5.46703e-06
 Reference value :  5.46733e-06
 Reference value :  5.46782e-06
 Reference value :  5.46833e-06
 Reference value :  5.46887e-06
 Reference value :  5.46903e-06
 Reference value :  5.46953e-06
 Reference value :  5.46983e-06
 Reference value :  5.47032e-06
 Reference value :  5.47100e-06
 Reference value :  5.47152e-06
 Reference value :  5.47217e-06
 Reference value :  5.47266e-06
 Reference value :  5.47314e-06
 Reference value :  5.47346e-06
 Reference value :  5.47468e-06
 Reference value :  5.47518e-06
 Reference value :  5.47549e-06
 Reference value :  5.47583e-06
 Reference value :  5.47703e-06
 Reference value :  5.47751e-06
 Reference value :  5.47816e-06
 Reference value :  5.47847e-06
 Reference value :  5.47899e-06
 Reference value :  5.47951e-06
 Reference value :  5.47983e-06
 Reference value :  5.48031e-06
 Reference value :  5.48130e-06
 Reference value :  5.48267e-06
 Reference value :  5.48332e-06
 Reference value :  5.48453e-06
 Reference value :  5.48503e-06
 Reference value :  5.48585e-06
 Reference value :  5.48655e-06
 Reference value :  5.48752e-06
 Reference value :  5.48834e-06
 Reference value :  5.48952e-06
 Reference value :  5.49032e-06
 Reference value :  5.49117e-06
 Reference value :  5.49120e-06
 Reference value :  5.49122e-06
 Reference value :  5.49127e-06
 Reference value :  5.49131e-06
 Reference value :  5.49147e-06
 Reference value :  5.49163e-06
 Reference value :  5.49195e-06
 Reference value :  5.49210e-06
 Reference value :  5.49217e-06
 Reference value :  5.49220e-06
 Reference value :  5.49229e-06
 Reference value :  5.49234e-06
 Reference value :  5.49238e-06
 Reference value :  5.49263e-06
 Reference value :  5.49305e-06
 Reference value :  5.49365e-06
 Reference value :  5.49410e-06
 Reference value :  5.49457e-06
 Reference value :  5.49551e-06
 Reference value :  5.49581e-06
 Reference value :  5.49630e-06
 Reference value :  5.49660e-06
 Reference value :  5.49694e-06
 Reference value :  5.49725e-06
 Reference value :  5.49759e-06
 Reference value :  5.49829e-06
 Reference value :  5.49879e-06
 Reference value :  5.49893e-06
 Reference value :  5.49926e-06
 Reference value :  5.49943e-06
 Reference value :  5.49973e-06
 Reference value :  5.50007e-06
 Reference value :  5.50056e-06
 Reference value :  5.50160e-06
 Reference value :  5.50257e-06
 Reference value :  5.50288e-06
 Reference value :  5.50377e-06
 Reference value :  5.50426e-06
 Reference value :  5.50457e-06
 Reference value :  5.50507e-06
 Reference value :  5.50573e-06
 Reference value :  5.50605e-06
 Reference value :  5.50693e-06
 Reference value :  5.50758e-06
 Reference value :  5.50790e-06
 Reference value :  5.50825e-06
 Reference value :  5.50858e-06
 Reference value :  5.50877e-06
 Reference value :  5.50908e-06
 Reference value :  5.50942e-06
 Reference value :  5.50972e-06
 Reference value :  5.51006e-06
 Reference value :  5.51037e-06
 Reference value :  5.51089e-06
 Reference value :  5.51142e-06
 Reference value :  5.51191e-06
 Reference value :  5.51271e-06
 Reference value :  5.51321e-06
 Reference value :  5.51391e-06
 Reference value :  5.51441e-06
 Reference value :  5.51520e-06
 Reference value :  5.51570e-06
 Reference value :  5.51670e-06
 Reference value :  5.51704e-06
 Reference value :  5.51753e-06
 Reference value :  5.51817e-06
 Reference value :  5.51848e-06
 Reference value :  5.51883e-06
 Reference value :  5.52002e-06
 Reference value :  5.52033e-06
 Reference value :  5.52115e-06
 Reference value :  5.52198e-06
 Reference value :  5.52266e-06
 Reference value :  5.52363e-06
 Reference value :  5.52428e-06
 Reference value :  5.52462e-06
 Reference value :  5.52516e-06
 Reference value :  5.52565e-06
 Reference value :  5.52630e-06
 Reference value :  5.52679e-06
 Reference value :  5.52712e-06
 Reference value :  5.52800e-06
 Reference value :  5.52831e-06
 Reference value :  5.52947e-06
 Reference value :  5.53000e-06
 Reference value :  5.53130e-06
 Reference value :  5.53161e-06
 Reference value :  5.53228e-06
 Reference value :  5.53284e-06
 Reference value :  5.53291e-06
 Reference value :  5.53298e-06
 Reference value :  5.53300e-06
 Reference value :  5.53303e-06
 Reference value :  5.53309e-06
 Reference value :  5.53320e-06
 Reference value :  5.53333e-06
 Reference value :  5.53356e-06
 Reference value :  5.53365e-06
 Reference value :  5.53374e-06
 Reference value :  5.53387e-06
 Reference value :  5.53393e-06
 Reference value :  5.53402e-06
 Reference value :  5.53449e-06
 Reference value :  5.53468e-06
 Reference value :  5.53489e-06
 Reference value :  5.53545e-06
 Reference value :  5.53604e-06
 Reference value :  5.53681e-06
 Reference value :  5.53742e-06
 Reference value :  5.53837e-06
 Reference value :  5.53916e-06
 Reference value :  5.53995e-06
 Reference value :  5.54114e-06
 Reference value :  5.54227e-06
 Reference value :  5.54305e-06
 Reference value :  5.54355e-06
 Reference value :  5.54437e-06
 Reference value :  5.54540e-06
 Reference value :  5.54620e-06
 Reference value :  5.54687e-06
 Reference value :  5.54724e-06
 Reference value :  5.54790e-06
 Reference value :  5.54869e-06
 Reference value :  5.54970e-06
 Reference value :  5.55038e-06
 Reference value :  5.55103e-06
 Reference value :  5.55182e-06
 Reference value :  5.55265e-06
 Reference value :  5.55352e-06
 Reference value :  5.55416e-06
 Reference value :  5.55497e-06
 Reference value :  5.55548e-06
 Reference value :  5.55616e-06
 Reference value :  5.55695e-06
 Reference value :  5.55760e-06
 Reference value :  5.55828e-06
 Reference value :  5.55915e-06
 Reference value :  5.55979e-06
 Reference value :  5.56098e-06
 Reference value :  5.56179e-06
 Reference value :  5.56259e-06
 Reference value :  5.56359e-06
 Reference value :  5.56479e-06
 Reference value :  5.56545e-06
 Reference value :  5.56629e-06
 Reference value :  5.56728e-06
 Reference value :  5.56823e-06
 Reference value :  5.56911e-06
 Reference value :  5.56977e-06
 Reference value :  5.57041e-06
 Reference value :  5.57121e-06
 Reference value :  5.57227e-06
 Reference value :  5.57293e-06
 Reference value :  5.57359e-06
 Reference value :  5.57441e-06
 Reference value :  5.57452e-06
 Reference value :  5.57457e-06
 Reference value :  5.57463e-06
 Reference value :  5.57471e-06
 Reference value :  5.57475e-06
 Reference value :  5.57488e-06
 Reference value :  5.57523e-06
 Reference value :  5.57550e-06
 Reference value :  5.57575e-06
 Reference value :  5.57662e-06
 Reference value :  5.57720e-06
 Reference value :  5.57836e-06
 Reference value :  5.57916e-06
 Reference value :  5.57995e-06
 Reference value :  5.58093e-06
 Reference value :  5.58191e-06
 Reference value :  5.58295e-06
 Reference value :  5.58345e-06
 Reference value :  5.58448e-06
 Reference value :  5.58528e-06
 Reference value :  5.58592e-06
 Reference value :  5.58675e-06
 Reference value :  5.58778e-06
 Reference value :  5.58843e-06
 Reference value :  5.58909e-06
 Reference value :  5.58962e-06
 Reference value :  5.59042e-06
 Reference value :  5.59157e-06
 Reference value :  5.59278e-06
 Reference value :  5.59392e-06
 Reference value :  5.59497e-06
 Reference value :  5.59561e-06
 Reference value :  5.59666e-06
 Reference value :  5.59764e-06
 Reference value :  5.59846e-06
 Reference value :  5.59967e-06
 Reference value :  5.60087e-06
 Reference value :  5.60183e-06
 Reference value :  5.60283e-06
 Reference value :  5.60403e-06
 Reference value :  5.60468e-06
 Reference value :  5.60550e-06
 Reference value :  5.60668e-06
 Reference value :  5.60733e-06
 Reference value :  5.60855e-06
 Reference value :  5.60970e-06
 Reference value :  5.61103e-06
 Reference value :  5.61217e-06
 Reference value :  5.61315e-06
 Reference value :  5.61386e-06
 Reference value :  5.61466e-06
 Reference value :  5.61546e-06
 Reference value :  5.61619e-06
 Reference value :  5.61629e-06
 Reference value :  5.61641e-06
 Reference value :  5.61676e-06
 Reference value :  5.61717e-06
 Reference value :  5.61725e-06
 Reference value :  5.61758e-06
 Reference value :  5.61802e-06
 Reference value :  5.61861e-06
 Reference value :  5.61933e-06
 Reference value :  5.62011e-06
 Reference value :  5.62073e-06
 Reference value :  5.62120e-06
 Reference value :  5.62183e-06
 Reference value :  5.62260e-06
 Reference value :  5.62338e-06
 Reference value :  5.62386e-06
 Reference value :  5.62449e-06
 Reference value :  5.62514e-06
 Reference value :  5.62581e-06
 Reference value :  5.62667e-06
 Reference value :  5.62730e-06
 Reference value :  5.62811e-06
 Reference value :  5.62909e-06
 Reference value :  5.62997e-06
 Reference value :  5.63061e-06
 Reference value :  5.63159e-06
 Reference value :  5.63262e-06
 Reference value :  5.63343e-06
 Reference value :  5.63448e-06
 Reference value :  5.63512e-06
 Reference value :  5.63578e-06
 Reference value :  5.63661e-06
 Reference value :  5.63765e-06
 Reference value :  5.63886e-06
 Reference value :  5.63950e-06
 Reference value :  5.64064e-06
 Reference value :  5.64149e-06
 Reference value :  5.64247e-06
 Reference value :  5.64311e-06
 Reference value :  5.64376e-06
 Reference value :  5.64443e-06
 Reference value :  5.64526e-06
 Reference value :  5.64624e-06
 Reference value :  5.64743e-06
 Reference value :  5.64856e-06
 Reference value :  5.64937e-06
 Reference value :  5.65075e-06
 Reference value :  5.65190e-06
 Reference value :  5.65294e-06
 Reference value :  5.65340e-06
 Reference value :  5.65374e-06
 Reference value :  5.65405e-06
 Reference value :  5.65471e-06
 Reference value :  5.65539e-06
 Reference value :  5.65573e-06
 Reference value :  5.65637e-06
 Reference value :  5.65702e-06
 Reference value :  5.65786e-06
 Reference value :  5.65792e-06
 Reference value :  5.65798e-06
 Reference value :  5.65808e-06
 Reference value :  5.65835e-06
 Reference value :  5.65863e-06
 Reference value :  5.65878e-06
 Reference value :  5.65892e-06
 Reference value :  5.65898e-06
 Reference value :  5.65906e-06
 Reference value :  5.65922e-06
 Reference value :  5.66005e-06
 Reference value :  5.66115e-06
 Reference value :  5.66212e-06
 Reference value :  5.66300e-06
 Reference value :  5.66379e-06
 Reference value :  5.66486e-06
 Reference value :  5.66551e-06
 Reference value :  5.66634e-06
 Reference value :  5.66720e-06
 Reference value :  5.66767e-06
 Reference value :  5.66849e-06
 Reference value :  5.66932e-06
 Reference value :  5.66999e-06
 Reference value :  5.67079e-06
 Reference value :  5.67178e-06
 Reference value :  5.67265e-06
 Reference value :  5.67346e-06
 Reference value :  5.67410e-06
 Reference value :  5.67477e-06
 Reference value :  5.67561e-06
 Reference value :  5.67641e-06
 Reference value :  5.67740e-06
 Reference value :  5.67860e-06
 Reference value :  5.67939e-06
 Reference value :  5.68023e-06
 Reference value :  5.68060e-06
 Reference value :  5.68158e-06
 Reference value :  5.68223e-06
 Reference value :  5.68309e-06
 Reference value :  5.68423e-06
 Reference value :  5.68503e-06
 Reference value :  5.68607e-06
 Reference value :  5.68672e-06
 Reference value :  5.68737e-06
 Reference value :  5.68803e-06
 Reference value :  5.68908e-06
 Reference value :  5.68924e-06
 Reference value :  5.68989e-06
 Reference value :  5.69060e-06
 Reference value :  5.69124e-06
 Reference value :  5.69204e-06
 Reference value :  5.69271e-06
 Reference value :  5.69358e-06
 Reference value :  5.69471e-06
 Reference value :  5.69553e-06
 Reference value :  5.69642e-06
 Reference value :  5.69706e-06
 Reference value :  5.69773e-06
 Reference value :  5.69861e-06
 Reference value :  5.69926e-06
 Reference value :  5.69955e-06
 Reference value :  5.69962e-06
 Reference value :  5.69971e-06
 Reference value :  5.69981e-06
 Reference value :  5.69997e-06
 Reference value :  5.70011e-06
 Reference value :  5.70040e-06
 Reference value :  5.70055e-06
 Reference value :  5.70078e-06
 Reference value :  5.70129e-06
 Reference value :  5.70184e-06
 Reference value :  5.70272e-06
 Reference value :  5.70351e-06
 Reference value :  5.70431e-06
 Reference value :  5.70498e-06
 Reference value :  5.70580e-06
 Reference value :  5.70643e-06
 Reference value :  5.70736e-06
 Reference value :  5.70818e-06
 Reference value :  5.70900e-06
 Reference value :  5.70985e-06
 Reference value :  5.71082e-06
 Reference value :  5.71178e-06
 Reference value :  5.71266e-06
 Reference value :  5.71330e-06
 Reference value :  5.71410e-06
 Reference value :  5.71530e-06
 Reference value :  5.71594e-06
 Reference value :  5.71692e-06
 Reference value :  5.71757e-06
 Reference value :  5.71845e-06
 Reference value :  5.71909e-06
 Reference value :  5.71991e-06
 Reference value :  5.72078e-06
 Reference value :  5.72174e-06
 Reference value :  5.72273e-06
 Reference value :  5.72394e-06
 Reference value :  5.72507e-06
 Reference value :  5.72628e-06
 Reference value :  5.72709e-06
 Reference value :  5.72846e-06
 Reference value :  5.72960e-06
 Reference value :  5.73027e-06
 Reference value :  5.73128e-06
 Reference value :  5.73159e-06
 Reference value :  5.73240e-06
 Reference value :  5.73346e-06
 Reference value :  5.73395e-06
 Reference value :  5.73509e-06
 Reference value :  5.73630e-06
 Reference value :  5.73727e-06
 Reference value :  5.73846e-06
 Reference value :  5.73959e-06
 Reference value :  5.74095e-06
 Reference value :  5.74121e-06
 Reference value :  5.74128e-06
 Reference value :  5.74136e-06
 Reference value :  5.74144e-06
 Reference value :  5.74162e-06
 Reference value :  5.74184e-06
 Reference value :  5.74200e-06
 Reference value :  5.74217e-06
 Reference value :  5.74236e-06
 Reference value :  5.74278e-06
 Reference value :  5.74326e-06
 Reference value :  5.74436e-06
 Reference value :  5.74518e-06
 Reference value :  5.74597e-06
 Reference value :  5.74693e-06
 Reference value :  5.74772e-06
 Reference value :  5.74837e-06
 Reference value :  5.74920e-06
 Reference value :  5.75005e-06
 Reference value :  5.75084e-06
 Reference value :  5.75188e-06
 Reference value :  5.75268e-06
 Reference value :  5.75347e-06
 Reference value :  5.75446e-06
 Reference value :  5.75566e-06
 Reference value :  5.75644e-06
 Reference value :  5.75760e-06
 Reference value :  5.75880e-06
 Reference value :  5.75961e-06
 Reference value :  5.76064e-06
 Reference value :  5.76159e-06
 Reference value :  5.76259e-06
 Reference value :  5.76379e-06
 Reference value :  5.76474e-06
 Reference value :  5.76579e-06
 Reference value :  5.76659e-06
 Reference value :  5.76759e-06
 Reference value :  5.76879e-06
 Reference value :  5.76975e-06
 Reference value :  5.77081e-06
 Reference value :  5.77197e-06
 Reference value :  5.77316e-06
 Reference value :  5.77396e-06
 Reference value :  5.77516e-06
 Reference value :  5.77613e-06
 Reference value :  5.77645e-06
 Reference value :  5.77744e-06
 Reference value :  5.77830e-06
 Reference value :  5.77944e-06
 Reference value :  5.78026e-06
 Reference value :  5.78130e-06
 Reference value :  5.78211e-06
 Reference value :  5.78283e-06
 Reference value :  5.78287e-06
 Reference value :  5.78297e-06
 Reference value :  5.78307e-06
 Reference value :  5.78324e-06
 Reference value :  5.78340e-06
 Reference value :  5.78373e-06
 Reference value :  5.78392e-06
 Reference value :  5.78426e-06
 Reference value :  5.78506e-06
 Reference value :  5.78550e-06
 Reference value :  5.78613e-06
 Reference value :  5.78679e-06
 Reference value :  5.78775e-06
 Reference value :  5.78853e-06
 Reference value :  5.78931e-06
 Reference value :  5.79027e-06
 Reference value :  5.79108e-06
 Reference value :  5.79226e-06
 Reference value :  5.79305e-06
 Reference value :  5.79384e-06
 Reference value :  5.79483e-06
 Reference value :  5.79586e-06
 Reference value :  5.79632e-06
 Reference value :  5.79681e-06
 Reference value :  5.79796e-06
 Reference value :  5.79867e-06
 Reference value :  5.79947e-06
 Reference value :  5.80031e-06
 Reference value :  5.80136e-06
 Reference value :  5.80235e-06
 Reference value :  5.80355e-06
 Reference value :  5.80435e-06
 Reference value :  5.80540e-06
 Reference value :  5.80621e-06
 Reference value :  5.80671e-06
 Reference value :  5.80806e-06
 Reference value :  5.80920e-06
 Reference value :  5.81002e-06
 Reference value :  5.81056e-06
 Reference value :  5.81185e-06
 Reference value :  5.81306e-06
 Reference value :  5.81420e-06
 Reference value :  5.81556e-06
 Reference value :  5.81670e-06
 Reference value :  5.81736e-06
 Reference value :  5.81871e-06
 Reference value :  5.81986e-06
 Reference value :  5.82106e-06
 Reference value :  5.82218e-06
 Reference value :  5.82318e-06
 Reference value :  5.82385e-06
 Reference value :  5.82453e-06
 Reference value :  5.82457e-06
 Reference value :  5.82464e-06
 Reference value :  5.82468e-06
 Reference value :  5.82478e-06
 Reference value :  5.82503e-06
 Reference value :  5.82523e-06
 Reference value :  5.82551e-06
 Reference value :  5.82583e-06
 Reference value :  5.82665e-06
 Reference value :  5.82756e-06
 Reference value :  5.82788e-06
 Reference value :  5.82837e-06
 Reference value :  5.82866e-06
 Reference value :  5.82899e-06
 Reference value :  5.82962e-06
 Reference value :  5.82992e-06
 Reference value :  5.83039e-06
 Reference value :  5.83089e-06
 Reference value :  5.83153e-06
 Reference value :  5.83218e-06
 Reference value :  5.83289e-06
 Reference value :  5.83353e-06
 Reference value :  5.83417e-06
 Reference value :  5.83500e-06
 Reference value :  5.83554e-06
 Reference value :  5.83617e-06
 Reference value :  5.83681e-06
 Reference value :  5.83730e-06
 Reference value :  5.83852e-06
 Reference value :  5.83917e-06
 Reference value :  5.83984e-06
 Reference value :  5.84087e-06
 Reference value :  5.84165e-06
 Reference value :  5.84231e-06
 Reference value :  5.84282e-06
 Reference value :  5.84335e-06
 Reference value :  5.84400e-06
 Reference value :  5.84464e-06
 Reference value :  5.84563e-06
 Reference value :  5.84618e-06
 Reference value :  5.84665e-06
 Reference value :  5.84747e-06
 Reference value :  5.84799e-06
 Reference value :  5.84850e-06
 Reference value :  5.84899e-06
 Reference value :  5.84930e-06
 Reference value :  5.84995e-06
 Reference value :  5.85084e-06
 Reference value :  5.85149e-06
 Reference value :  5.85214e-06
 Reference value :  5.85297e-06
 Reference value :  5.85368e-06
 Reference value :  5.85449e-06
 Reference value :  5.85532e-06
 Reference value :  5.85633e-06
 Reference value :  5.85697e-06
 Reference value :  5.85713e-06
 Reference value :  5.85744e-06
 Reference value :  5.85779e-06
 Reference value :  5.85850e-06
 Reference value :  5.85899e-06
 Reference value :  5.85947e-06
 Reference value :  5.85995e-06
 Reference value :  5.86046e-06
 Reference value :  5.86150e-06
 Reference value :  5.86230e-06
 Reference value :  5.86297e-06
 Reference value :  5.86369e-06
 Reference value :  5.86485e-06
 Reference value :  5.86572e-06
 Reference value :  5.86618e-06
 Reference value :  5.86627e-06
 Reference value :  5.86638e-06
 Reference value :  5.86643e-06
 Reference value :  5.86658e-06
 Reference value :  5.86684e-06
 Reference value :  5.86705e-06
 Reference value :  5.86725e-06
 Reference value :  5.86732e-06
 Reference value :  5.86751e-06
 Reference value :  5.86797e-06
 Reference value :  5.86853e-06
 Reference value :  5.86941e-06
 Reference value :  5.87002e-06
 Reference value :  5.87078e-06
 Reference value :  5.87155e-06
 Reference value :  5.87236e-06
 Reference value :  5.87299e-06
 Reference value :  5.87346e-06
 Reference value :  5.87450e-06
 Reference value :  5.87513e-06
 Reference value :  5.87592e-06
 Reference value :  5.87690e-06
 Reference value :  5.87755e-06
 Reference value :  5.87826e-06
 Reference value :  5.87875e-06
 Reference value :  5.87940e-06
 Reference value :  5.88005e-06
 Reference value :  5.88109e-06
 Reference value :  5.88189e-06
 Reference value :  5.88272e-06
 Reference value :  5.88359e-06
 Reference value :  5.88405e-06
 Reference value :  5.88488e-06
 Reference value :  5.88575e-06
 Reference value :  5.88689e-06
 Reference value :  5.88785e-06
 Reference value :  5.88888e-06
 Reference value :  5.88968e-06
 Reference value :  5.89017e-06
 Reference value :  5.89100e-06
 Reference value :  5.89187e-06
 Reference value :  5.89267e-06
 Reference value :  5.89371e-06
 Reference value :  5.89452e-06
 Reference value :  5.89550e-06
 Reference value :  5.89650e-06
 Reference value :  5.89750e-06
 Reference value :  5.89830e-06
 Reference value :  5.89935e-06
 Reference value :  5.90001e-06
 Reference value :  5.90066e-06
 Reference value :  5.90164e-06
 Reference value :  5.90219e-06
 Reference value :  5.90252e-06
 Reference value :  5.90368e-06
 Reference value :  5.90436e-06
 Reference value :  5.90549e-06
 Reference value :  5.90631e-06
 Reference value :  5.90752e-06
 Reference value :  5.90788e-06
 Reference value :  5.90795e-06
 Reference value :  5.90802e-06
 Reference value :  5.90810e-06
 Reference value :  5.90832e-06
 Reference value :  5.90849e-06
 Reference value :  5.90885e-06
 Reference value :  5.90905e-06
 Reference value :  5.90943e-06
 Reference value :  5.91006e-06
 Reference value :  5.91099e-06
 Reference value :  5.91179e-06
 Reference value :  5.91281e-06
 Reference value :  5.91361e-06
 Reference value :  5.91455e-06
 Reference value :  5.91555e-06
 Reference value :  5.91656e-06
 Reference value :  5.91751e-06
 Reference value :  5.91870e-06
 Reference value :  5.91935e-06
 Reference value :  5.92014e-06
 Reference value :  5.92062e-06
 Reference value :  5.92112e-06
 Reference value :  5.92178e-06
 Reference value :  5.92264e-06
 Reference value :  5.92345e-06
 Reference value :  5.92410e-06
 Reference value :  5.92514e-06
 Reference value :  5.92562e-06
 Reference value :  5.92627e-06
 Reference value :  5.92678e-06
 Reference value :  5.92797e-06
 Reference value :  5.92861e-06
 Reference value :  5.92960e-06
 Reference value :  5.93063e-06
 Reference value :  5.93183e-06
 Reference value :  5.93297e-06
 Reference value :  5.93393e-06
 Reference value :  5.93499e-06
 Reference value :  5.93615e-06
 Reference value :  5.93685e-06
 Reference value :  5.93750e-06
 Reference value :  5.93865e-06
 Reference value :  5.94001e-06
 Reference value :  5.94084e-06
 Reference value :  5.94171e-06
 Reference value :  5.94284e-06
 Reference value :  5.94399e-06
 Reference value :  5.94499e-06
 Reference value :  5.94615e-06
 Reference value :  5.94766e-06
 Reference value :  5.94866e-06
 Reference value :  5.94919e-06
 Reference value :  5.94956e-06
 Reference value :  5.94968e-06
 Reference value :  5.94982e-06
 Reference value :  5.94995e-06
 Reference value :  5.95026e-06
 Reference value :  5.95056e-06
 Reference value :  5.95066e-06
 Reference value :  5.95090e-06
 Reference value :  5.95141e-06
 Reference value :  5.95258e-06
 Reference value :  5.95336e-06
 Reference value :  5.95399e-06
 Reference value :  5.95498e-06
 Reference value :  5.95592e-06
 Reference value :  5.95669e-06
 Reference value :  5.95703e-06
 Reference value :  5.95765e-06
 Reference value :  5.95842e-06
 Reference value :  5.95905e-06
 Reference value :  5.96002e-06
 Reference value :  5.96083e-06
 Reference value :  5.96153e-06
 Reference value :  5.96202e-06
 Reference value :  5.96281e-06
 Reference value :  5.96330e-06
 Reference value :  5.96396e-06
 Reference value :  5.96530e-06
 Reference value :  5.96611e-06
 Reference value :  5.96645e-06
 Reference value :  5.96732e-06
 Reference value :  5.96828e-06
 Reference value :  5.96908e-06
 Reference value :  5.96975e-06
 Reference value :  5.97094e-06
 Reference value :  5.97159e-06
 Reference value :  5.97264e-06
 Reference value :  5.97379e-06
 Reference value :  5.97479e-06
 Reference value :  5.97578e-06
 Reference value :  5.97657e-06
 Reference value :  5.97775e-06
 Reference value :  5.97874e-06
 Reference value :  5.97955e-06
 Reference value :  5.98074e-06
 Reference value :  5.98139e-06
 Reference value :  5.98204e-06
 Reference value :  5.98284e-06
 Reference value :  5.98406e-06
 Reference value :  5.98455e-06
 Reference value :  5.98538e-06
 Reference value :  5.98655e-06
 Reference value :  5.98753e-06
 Reference value :  5.98835e-06
 Reference value :  5.98957e-06
 Reference value :  5.99094e-06
 Reference value :  5.99118e-06
 Reference value :  5.99122e-06
 Reference value :  5.99127e-06
 Reference value :  5.99132e-06
 Reference value :  5.99135e-06
 Reference value :  5.99153e-06
 Reference value :  5.99164e-06
 Reference value :  5.99173e-06
 Reference value :  5.99176e-06
 Reference value :  5.99217e-06
 Reference value :  5.99231e-06
 Reference value :  5.99241e-06
 Reference value :  5.99294e-06
 Reference value :  5.99386e-06
 Reference value :  5.99451e-06
 Reference value :  5.99533e-06
 Reference value :  5.99629e-06
 Reference value :  5.99707e-06
 Reference value :  5.99786e-06
 Reference value :  5.99850e-06
 Reference value :  5.99901e-06
 Reference value :  5.99986e-06
 Reference value :  6.00050e-06
 Reference value :  6.00129e-06
 Reference value :  6.00209e-06
 Reference value :  6.00259e-06
 Reference value :  6.00329e-06
 Reference value :  6.00426e-06
 Reference value :  6.00473e-06
 Reference value :  6.00523e-06
 Reference value :  6.00626e-06
 Reference value :  6.00691e-06
 Reference value :  6.00770e-06
 Reference value :  6.00891e-06
 Reference value :  6.00955e-06
 Reference value :  6.01005e-06
 Reference value :  6.01053e-06
 Reference value :  6.01140e-06
 Reference value :  6.01237e-06
 Reference value :  6.01318e-06
 Reference value :  6.01384e-06
 Reference value :  6.01455e-06
 Reference value :  6.01536e-06
 Reference value :  6.01624e-06
 Reference value :  6.01690e-06
 Reference value :  6.01754e-06
 Reference value :  6.01834e-06
 Reference value :  6.01938e-06
 Reference value :  6.02018e-06
 Reference value :  6.02082e-06
 Reference value :  6.02150e-06
 Reference value :  6.02237e-06
 Reference value :  6.02318e-06
 Reference value :  6.02439e-06
 Reference value :  6.02505e-06
 Reference value :  6.02536e-06
 Reference value :  6.02658e-06
 Reference value :  6.02755e-06
 Reference value :  6.02876e-06
 Reference value :  6.02941e-06
 Reference value :  6.03006e-06
 Reference value :  6.03072e-06
 Reference value :  6.03127e-06
 Reference value :  6.03160e-06
 Reference value :  6.03259e-06
 Reference value :  6.03284e-06
 Reference value :  6.03288e-06
 Reference value :  6.03291e-06
 Reference value :  6.03297e-06
 Reference value :  6.03307e-06
 Reference value :  6.03327e-06
 Reference value :  6.03358e-06
 Reference value :  6.03385e-06
 Reference value :  6.03419e-06
 Reference value :  6.03457e-06
 Reference value :  6.03529e-06
 Reference value :  6.03633e-06
 Reference value :  6.03695e-06
 Reference value :  6.03722e-06
 Reference value :  6.03820e-06
 Reference value :  6.03881e-06
 Reference value :  6.03942e-06
 Reference value :  6.04020e-06
 Reference value :  6.04114e-06
 Reference value :  6.04193e-06
 Reference value :  6.04255e-06
 Reference value :  6.04333e-06
 Reference value :  6.04396e-06
 Reference value :  6.04460e-06
 Reference value :  6.04563e-06
 Reference value :  6.04643e-06
 Reference value :  6.04722e-06
 Reference value :  6.04820e-06
 Reference value :  6.04918e-06
 Reference value :  6.05020e-06
 Reference value :  6.05135e-06
 Reference value :  6.05238e-06
 Reference value :  6.05284e-06
 Reference value :  6.05383e-06
 Reference value :  6.05482e-06
 Reference value :  6.05551e-06
 Reference value :  6.05632e-06
 Reference value :  6.05698e-06
 Reference value :  6.05769e-06
 Reference value :  6.05849e-06
 Reference value :  6.05914e-06
 Reference value :  6.06004e-06
 Reference value :  6.06054e-06
 Reference value :  6.06135e-06
 Reference value :  6.06206e-06
 Reference value :  6.06255e-06
 Reference value :  6.06303e-06
 Reference value :  6.06368e-06
 Reference value :  6.06451e-06
 Reference value :  6.06568e-06
 Reference value :  6.06648e-06
 Reference value :  6.06731e-06
 Reference value :  6.06818e-06
 Reference value :  6.06897e-06
 Reference value :  6.06980e-06
 Reference value :  6.07051e-06
 Reference value :  6.07097e-06
 Reference value :  6.07146e-06
 Reference value :  6.07211e-06
 Reference value :  6.07262e-06
 Reference value :  6.07351e-06
 Reference value :  6.07414e-06
 Reference value :  6.07452e-06
 Reference value :  6.07457e-06
 Reference value :  6.07462e-06
 Reference value :  6.07471e-06
 Reference value :  6.07481e-06
 Reference value :  6.07502e-06
 Reference value :  6.07534e-06
 Reference value :  6.07567e-06
 Reference value :  6.07593e-06
 Reference value :  6.07673e-06
 Reference value :  6.07747e-06
 Reference value :  6.07826e-06
 Reference value :  6.07905e-06
 Reference value :  6.07967e-06
 Reference value :  6.08031e-06
 Reference value :  6.08113e-06
 Reference value :  6.08214e-06
 Reference value :  6.08308e-06
 Reference value :  6.08405e-06
 Reference value :  6.08503e-06
 Reference value :  6.08604e-06
 Reference value :  6.08701e-06
 Reference value :  6.08749e-06
 Reference value :  6.08838e-06
 Reference value :  6.08918e-06
 Reference value :  6.08983e-06
 Reference value :  6.09066e-06
 Reference value :  6.09104e-06
 Reference value :  6.09202e-06
 Reference value :  6.09285e-06
 Reference value :  6.09370e-06
 Reference value :  6.09417e-06
 Reference value :  6.09482e-06
 Reference value :  6.09587e-06
 Reference value :  6.09668e-06
 Reference value :  6.09749e-06
 Reference value :  6.09856e-06
 Reference value :  6.09936e-06
 Reference value :  6.10042e-06
 Reference value :  6.10091e-06
 Reference value :  6.10122e-06
 Reference value :  6.10172e-06
 Reference value :  6.10240e-06
 Reference value :  6.10340e-06
 Reference value :  6.10420e-06
 Reference value :  6.10541e-06
 Reference value :  6.10639e-06
 Reference value :  6.10722e-06
 Reference value :  6.10807e-06
 Reference value :  6.10905e-06
 Reference value :  6.10971e-06
 Reference value :  6.11091e-06
 Reference value :  6.11210e-06
 Reference value :  6.11291e-06
 Reference value :  6.11355e-06
 Reference value :  6.11420e-06
 Reference value :  6.11471e-06
 Reference value :  6.11543e-06
 Reference value :  6.11617e-06
 Reference value :  6.11628e-06
 Reference value :  6.11640e-06
 Reference value :  6.11648e-06
 Reference value :  6.11665e-06
 Reference value :  6.11689e-06
 Reference value :  6.11717e-06
 Reference value :  6.11720e-06
 Reference value :  6.11723e-06
 Reference value :  6.11726e-06
 Reference value :  6.11729e-06
 Reference value :  6.11735e-06
 Reference value :  6.11740e-06
 Reference value :  6.11745e-06
 Reference value :  6.11751e-06
 Reference value :  6.11753e-06
 Reference value :  6.11756e-06
 Reference value :  6.11759e-06
 Reference value :  6.11769e-06
 Reference value :  6.11778e-06
 Reference value :  6.11795e-06
 Reference value :  6.11806e-06
 Reference value :  6.11833e-06
 Reference value :  6.11900e-06
 Reference value :  6.11947e-06
 Reference value :  6.12008e-06
 Reference value :  6.12086e-06
 Reference value :  6.12180e-06
 Reference value :  6.12243e-06
 Reference value :  6.12322e-06
 Reference value :  6.12401e-06
 Reference value :  6.12503e-06
 Reference value :  6.12584e-06
 Reference value :  6.12633e-06
 Reference value :  6.12711e-06
 Reference value :  6.12761e-06
 Reference value :  6.12843e-06
 Reference value :  6.12913e-06
 Reference value :  6.12976e-06
 Reference value :  6.13025e-06
 Reference value :  6.13093e-06
 Reference value :  6.13195e-06
 Reference value :  6.13259e-06
 Reference value :  6.13290e-06
 Reference value :  6.13355e-06
 Reference value :  6.13406e-06
 Reference value :  6.13460e-06
 Reference value :  6.13510e-06
 Reference value :  6.13590e-06
 Reference value :  6.13674e-06
 Reference value :  6.13743e-06
 Reference value :  6.13823e-06
 Reference value :  6.13906e-06
 Reference value :  6.13992e-06
 Reference value :  6.14073e-06
 Reference value :  6.14155e-06
 Reference value :  6.14258e-06
 Reference value :  6.14336e-06
 Reference value :  6.14401e-06
 Reference value :  6.14452e-06
 Reference value :  6.14556e-06
 Reference value :  6.14637e-06
 Reference value :  6.14736e-06
 Reference value :  6.14821e-06
 Reference value :  6.14886e-06
 Reference value :  6.14984e-06
 Reference value :  6.15086e-06
 Reference value :  6.15166e-06
 Reference value :  6.15271e-06
 Reference value :  6.15350e-06
 Reference value :  6.15399e-06
 Reference value :  6.15432e-06
 Reference value :  6.15449e-06
 Reference value :  6.15480e-06
 Reference value :  6.15569e-06
 Reference value :  6.15635e-06
 Reference value :  6.15714e-06
 Reference value :  6.15786e-06
 Reference value :  6.15805e-06
 Reference value :  6.15815e-06
 Reference value :  6.15835e-06
 Reference value :  6.15883e-06
 Reference value :  6.15902e-06
 Reference value :  6.15966e-06
 Reference value :  6.16010e-06
 Reference value :  6.16071e-06
 Reference value :  6.16159e-06
 Reference value :  6.16240e-06
 Reference value :  6.16301e-06
 Reference value :  6.16378e-06
 Reference value :  6.16455e-06
 Reference value :  6.16502e-06
 Reference value :  6.16580e-06
 Reference value :  6.16642e-06
 Reference value :  6.16705e-06
 Reference value :  6.16802e-06
 Reference value :  6.16881e-06
 Reference value :  6.16985e-06
 Reference value :  6.17050e-06
 Reference value :  6.17130e-06
 Reference value :  6.17211e-06
 Reference value :  6.17298e-06
 Reference value :  6.17377e-06
 Reference value :  6.17427e-06
 Reference value :  6.17492e-06
 Reference value :  6.17595e-06
 Reference value :  6.17659e-06
 Reference value :  6.17724e-06
 Reference value :  6.17756e-06
 Reference value :  6.17862e-06
 Reference value :  6.17928e-06
 Reference value :  6.18011e-06
 Reference value :  6.18114e-06
 Reference value :  6.18194e-06
 Reference value :  6.18316e-06
 Reference value :  6.18397e-06
 Reference value :  6.18502e-06
 Reference value :  6.18616e-06
 Reference value :  6.18715e-06
 Reference value :  6.18803e-06
 Reference value :  6.18883e-06
 Reference value :  6.18950e-06
 Reference value :  6.19055e-06
 Reference value :  6.19138e-06
 Reference value :  6.19242e-06
 Reference value :  6.19323e-06
 Reference value :  6.19391e-06
 Reference value :  6.19474e-06
 Reference value :  6.19538e-06
 Reference value :  6.19603e-06
 Reference value :  6.19690e-06
 Reference value :  6.19770e-06
 Reference value :  6.19853e-06
 Reference value :  6.19951e-06
 Reference value :  6.19960e-06
 Reference value :  6.19970e-06
 Reference value :  6.19993e-06
 Reference value :  6.20021e-06
 Reference value :  6.20052e-06
 Reference value :  6.20060e-06
 Reference value :  6.20069e-06
 Reference value :  6.20080e-06
 Reference value :  6.20090e-06
 Reference value :  6.20100e-06
 Reference value :  6.20118e-06
 Reference value :  6.20134e-06
 Reference value :  6.20169e-06
 Reference value :  6.20250e-06
 Reference value :  6.20348e-06
 Reference value :  6.20439e-06
 Reference value :  6.20535e-06
 Reference value :  6.20612e-06
 Reference value :  6.20691e-06
 Reference value :  6.20775e-06
 Reference value :  6.20823e-06
 Reference value :  6.20925e-06
 Reference value :  6.21006e-06
 Reference value :  6.21112e-06
 Reference value :  6.21177e-06
 Reference value :  6.21280e-06
 Reference value :  6.21346e-06
 Reference value :  6.21376e-06
 Reference value :  6.21439e-06
 Reference value :  6.21521e-06
 Reference value :  6.21588e-06
 Reference value :  6.21673e-06
 Reference value :  6.21752e-06
 Reference value :  6.21834e-06
 Reference value :  6.21937e-06
 Reference value :  6.22017e-06
 Reference value :  6.22096e-06
 Reference value :  6.22161e-06
 Reference value :  6.22259e-06
 Reference value :  6.22346e-06
 Reference value :  6.22424e-06
 Reference value :  6.22490e-06
 Reference value :  6.22593e-06
 Reference value :  6.22673e-06
 Reference value :  6.22753e-06
 Reference value :  6.22840e-06
 Reference value :  6.22921e-06
 Reference value :  6.22984e-06
 Reference value :  6.23081e-06
 Reference value :  6.23162e-06
 Reference value :  6.23232e-06
 Reference value :  6.23345e-06
 Reference value :  6.23423e-06
 Reference value :  6.23527e-06
 Reference value :  6.23592e-06
 Reference value :  6.23685e-06
 Reference value :  6.23783e-06
 Reference value :  6.23814e-06
 Reference value :  6.23917e-06
 Reference value :  6.23996e-06
 Reference value :  6.24094e-06
 Reference value :  6.24119e-06
 Reference value :  6.24125e-06
 Reference value :  6.24134e-06
 Reference value :  6.24146e-06
 Reference value :  6.24173e-06
 Reference value :  6.24195e-06
 Reference value :  6.24217e-06
 Reference value :  6.24239e-06
 Reference value :  6.24312e-06
 Reference value :  6.24356e-06
 Reference value :  6.24433e-06
 Reference value :  6.24528e-06
 Reference value :  6.24623e-06
 Reference value :  6.24687e-06
 Reference value :  6.24718e-06
 Reference value :  6.24768e-06
 Reference value :  6.24838e-06
 Reference value :  6.24903e-06
 Reference value :  6.24982e-06
 Reference value :  6.25082e-06
 Reference value :  6.25202e-06
 Reference value :  6.25281e-06
 Reference value :  6.25402e-06
 Reference value :  6.25466e-06
 Reference value :  6.25564e-06
 Reference value :  6.25651e-06
 Reference value :  6.25748e-06
 Reference value :  6.25813e-06
 Reference value :  6.25895e-06
 Reference value :  6.25967e-06
 Reference value :  6.26066e-06
 Reference value :  6.26154e-06
 Reference value :  6.26234e-06
 Reference value :  6.26335e-06
 Reference value :  6.26419e-06
 Reference value :  6.26501e-06
 Reference value :  6.26583e-06
 Reference value :  6.26654e-06
 Reference value :  6.26735e-06
 Reference value :  6.26820e-06
 Reference value :  6.26888e-06
 Reference value :  6.26919e-06
 Reference value :  6.27001e-06
 Reference value :  6.27083e-06
 Reference value :  6.27203e-06
 Reference value :  6.27283e-06
 Reference value :  6.27388e-06
 Reference value :  6.27454e-06
 Reference value :  6.27519e-06
 Reference value :  6.27603e-06
 Reference value :  6.27654e-06
 Reference value :  6.27703e-06
 Reference value :  6.27767e-06
 Reference value :  6.27817e-06
 Reference value :  6.27937e-06
 Reference value :  6.28002e-06
 Reference value :  6.28049e-06
 Reference value :  6.28084e-06
 Reference value :  6.28172e-06
 Reference value :  6.28204e-06
 Reference value :  6.28269e-06
 Reference value :  6.28293e-06
 Reference value :  6.28312e-06
 Reference value :  6.28323e-06
No. of Data Rows : 43026

  Measurements for Transient Analysis

d9_c1               =  -3.44105e-04
d8_c1               =  -3.01209e-04
d7_c1               =  1.80006e+00
d6_c1               =  1.80006e+00
d5_c1               =  -3.00937e-04
d4_c1               =  1.80006e+00
d3_c1               =  -3.01206e-04
d2_c1               =  1.80006e+00
d1_c1               =  1.80006e+00
d0_c1               =  -3.01206e-04
d9_c2               =  -2.60806e-04
d8_c2               =  1.79996e+00
d7_c2               =  -2.31823e-04
d6_c2               =  1.79996e+00
d5_c2               =  1.79996e+00
d4_c2               =  1.79996e+00
d3_c2               =  1.79996e+00
d2_c2               =  1.79996e+00
d1_c2               =  1.79996e+00
d0_c2               =  1.79996e+00
d9_c3               =  -2.15360e-04
d8_c3               =  1.79995e+00
d7_c3               =  1.79995e+00
d6_c3               =  1.79995e+00
d5_c3               =  1.79995e+00
d4_c3               =  1.79995e+00
d3_c3               =  1.79995e+00
d2_c3               =  1.79995e+00
d1_c3               =  1.79995e+00
d0_c3               =  1.79995e+00
d9_c4               =  1.80003e+00
d8_c4               =  -2.16170e-04
d7_c4               =  1.80002e+00
d6_c4               =  -2.16170e-04
d5_c4               =  -2.16169e-04
d4_c4               =  -2.16170e-04
d3_c4               =  -2.16170e-04
d2_c4               =  -2.16170e-04
d1_c4               =  -2.16170e-04
d0_c4               =  1.80002e+00
d9_c5               =  1.80009e+00
d8_c5               =  1.80006e+00
d7_c5               =  1.80006e+00
d6_c5               =  1.80006e+00
d5_c5               =  1.80006e+00
d4_c5               =  1.80006e+00
d3_c5               =  1.80006e+00
d2_c5               =  1.80006e+00
d1_c5               =  1.80006e+00
d0_c5               =  1.80006e+00
busy_c1_p0          =  1.79990e+00
smpl_c1_p0          =  -1.30391e-04
busy_c1_p1          =  1.79980e+00
smpl_c1_p1          =  -5.43300e-05
busy_c1_p2          =  1.79991e+00
smpl_c1_p2          =  -1.40626e-04
busy_c1_p3          =  1.79966e+00
smpl_c1_p3          =  9.68905e-05
busy_c1_p4          =  1.79959e+00
smpl_c1_p4          =  1.43815e-04
busy_c1_p5          =  1.79983e+00
smpl_c1_p5          =  -6.77582e-05
busy_c1_p6          =  1.79974e+00
smpl_c1_p6          =  2.54149e-05
busy_c1_p7          =  1.79990e+00
smpl_c1_p7          =  -7.44505e-05
busy_c1_p8          =  1.79963e+00
smpl_c1_p8          =  1.39030e-04
busy_c1_p9          =  1.79974e+00
smpl_c1_p9          =  7.92834e-05
busy_c1_p10         =  1.80005e+00
smpl_c1_p10         =  -2.86357e-04
busy_c1_p11         =  -3.00290e-04
smpl_c1_p11         =  1.79993e+00
busy_c2_p0          =  1.79998e+00
smpl_c2_p0          =  -1.77338e-04
busy_c2_p1          =  1.79994e+00
smpl_c2_p1          =  -1.35828e-04
busy_c2_p2          =  1.79979e+00
smpl_c2_p2          =  -2.37236e-05
busy_c2_p3          =  1.79993e+00
smpl_c2_p3          =  -1.16528e-04
busy_c2_p4          =  1.79981e+00
smpl_c2_p4          =  -8.97995e-06
busy_c2_p5          =  1.79980e+00
smpl_c2_p5          =  -7.80147e-06
busy_c2_p6          =  1.79985e+00
smpl_c2_p6          =  -5.75931e-05
busy_c2_p7          =  1.79988e+00
smpl_c2_p7          =  -7.65452e-05
busy_c2_p8          =  1.79982e+00
smpl_c2_p8          =  1.28836e-05
busy_c2_p9          =  1.79985e+00
smpl_c2_p9          =  -7.38246e-05
busy_c2_p10         =  1.79995e+00
smpl_c2_p10         =  -2.02426e-04
busy_c2_p11         =  -4.48116e-04
smpl_c2_p11         =  1.80024e+00
busy_c3_p0          =  1.79994e+00
smpl_c3_p0          =  -1.55950e-04
busy_c3_p1          =  1.79986e+00
smpl_c3_p1          =  -8.54531e-05
busy_c3_p2          =  1.79976e+00
smpl_c3_p2          =  4.12779e-06
busy_c3_p3          =  1.79982e+00
smpl_c3_p3          =  -5.58791e-05
busy_c3_p4          =  1.79988e+00
smpl_c3_p4          =  -7.18373e-05
busy_c3_p5          =  1.79980e+00
smpl_c3_p5          =  -3.94346e-05
busy_c3_p6          =  1.79987e+00
smpl_c3_p6          =  -9.35521e-05
busy_c3_p7          =  1.79988e+00
smpl_c3_p7          =  -7.87236e-05
busy_c3_p8          =  1.79982e+00
smpl_c3_p8          =  1.52089e-05
busy_c3_p9          =  1.79981e+00
smpl_c3_p9          =  -2.61942e-05
busy_c3_p10         =  1.79994e+00
smpl_c3_p10         =  -1.64654e-04
busy_c3_p11         =  -6.03571e-04
smpl_c3_p11         =  1.80027e+00
busy_c4_p0          =  1.79993e+00
smpl_c4_p0          =  -1.22939e-04
busy_c4_p1          =  1.79951e+00
smpl_c4_p1          =  1.88045e-04
busy_c4_p2          =  1.79978e+00
smpl_c4_p2          =  -1.80920e-05
busy_c4_p3          =  1.79991e+00
smpl_c4_p3          =  -1.20710e-04
busy_c4_p4          =  1.79982e+00
smpl_c4_p4          =  -5.24383e-05
busy_c4_p5          =  1.79978e+00
smpl_c4_p5          =  -2.50751e-05
busy_c4_p6          =  1.79991e+00
smpl_c4_p6          =  -7.02163e-05
busy_c4_p7          =  1.79992e+00
smpl_c4_p7          =  -1.22442e-04
busy_c4_p8          =  1.79983e+00
smpl_c4_p8          =  1.49538e-06
busy_c4_p9          =  1.79986e+00
smpl_c4_p9          =  -7.14732e-05
busy_c4_p10         =  1.80001e+00
smpl_c4_p10         =  -2.12153e-04
busy_c4_p11         =  -4.32954e-04
smpl_c4_p11         =  1.80010e+00
busy_c5_p0          =  1.80000e+00
smpl_c5_p0          =  -1.82726e-04
busy_c5_p1          =  1.79993e+00
smpl_c5_p1          =  -9.79842e-05
busy_c5_p2          =  1.79986e+00
smpl_c5_p2          =  -9.67861e-05
busy_c5_p3          =  1.79980e+00
smpl_c5_p3          =  -2.29497e-05
busy_c5_p4          =  1.79972e+00
smpl_c5_p4          =  3.62098e-05
busy_c5_p5          =  1.79976e+00
smpl_c5_p5          =  4.28647e-06
busy_c5_p6          =  1.79979e+00
smpl_c5_p6          =  4.74746e-05
busy_c5_p7          =  1.79968e+00
smpl_c5_p7          =  7.86999e-05
busy_c5_p8          =  1.79973e+00
smpl_c5_p8          =  7.90229e-05
busy_c5_p9          =  1.79985e+00
smpl_c5_p9          =  -3.35120e-06
busy_c5_p10         =  1.80005e+00
smpl_c5_p10         =  -2.28640e-04
busy_c5_p11         =  3.51745e-04
smpl_c5_p11         =  1.79942e+00
i_vdd               =  -2.11415e-06 from=  3.20000e-06 to=  4.20004e-06
i_vpwr              =  -6.55549e-06 from=  3.20000e-06 to=  4.20004e-06
i_vrefp             =  -6.50185e-06 from=  3.20000e-06 to=  4.20004e-06
i_vrefn             =  6.49027e-06 from=  3.20000e-06 to=  4.20004e-06
i_vcm               =  1.16433e-08 from=  3.20000e-06 to=  4.20004e-06
gnd_die_pp          =  9.85369e-03 from=  3.20000e-06 to=  4.20000e-06
gnd_die_max         =  5.12464e-03 at=  4.11778e-06
gnd_die_min         =  -4.72905e-03 at=  3.20061e-06
vgnd_die_pp         =  1.13261e-02 from=  3.20000e-06 to=  4.20000e-06
vgnd_die_max        =  5.19281e-03 at=  3.95030e-06
vgnd_die_min        =  -6.13334e-03 at=  3.28416e-06
vdd_die_pp          =  9.15631e-03 from=  3.20000e-06 to=  4.20000e-06
vdd_die_max         =  1.80433e+00 at=  4.11834e-06
vdd_die_min         =  1.79517e+00 at=  3.20061e-06
vpwr_die_pp         =  1.21352e-02 from=  3.20000e-06 to=  4.20000e-06
vpwr_die_max        =  1.80678e+00 at=  3.28410e-06
vpwr_die_min        =  1.79465e+00 at=  3.74200e-06
i_gnda              =  2.19966e-06 from=  3.20000e-06 to=  4.20004e-06


Total analysis time (seconds) = 3563.97

Total elapsed time (seconds) = 3582.240 

Total DRAM available = 31552.219 MB.
DRAM currently available = 11100.395 MB.
Maximum ngspice program size =  834.930 MB.
Current ngspice program size =  772.098 MB.

Shared ngspice pages =    8.891 MB.
Text (code) pages =    6.355 MB.
Stack = 0 bytes.
Library pages =  820.242 MB.

Note: Starting dynamic gmin stepping
Note: Dynamic gmin stepping completed
