
Note: Compatibility modes selected: hs a


Circuit: * sim/ground-return-impedance (issue #378) arm 'pkg-sub10' -- reusing

option SCALE: Scale is set to 1e-06 for instance and model parameters
option SCALE: Scale is set to 1e-06 for instance and model parameters
option SCALE: Scale is set to 1e-06 for instance and model parameters
option SCALE: Scale is set to 1e-06 for instance and model parameters
Doing analysis at TEMP = -40.000000 and TNOM = 27.000000

Using KLU as Direct Linear Solver
 Reference value :  0.00000e+00
 Reference value :  3.14000e-09
 Reference value :  9.64000e-09
 Reference value :  1.76400e-08
 Reference value :  2.00951e-08
 Reference value :  2.02293e-08
 Reference value :  2.04085e-08
 Reference value :  2.05456e-08
 Reference value :  2.07035e-08
 Reference value :  2.09460e-08
 Reference value :  2.10567e-08
 Reference value :  2.11415e-08
 Reference value :  2.12364e-08
 Reference value :  2.13580e-08
 Reference value :  2.15009e-08
 Reference value :  2.16803e-08
 Reference value :  2.19319e-08
 Reference value :  2.25537e-08
 Reference value :  2.38494e-08
 Reference value :  2.81761e-08
 Reference value :  3.31761e-08
 Reference value :  3.81761e-08
 Reference value :  4.31761e-08
 Reference value :  4.86761e-08
 Reference value :  5.36761e-08
 Reference value :  5.96761e-08
 Reference value :  6.71761e-08
 Reference value :  7.21761e-08
 Reference value :  7.86761e-08
 Reference value :  8.51761e-08
 Reference value :  9.06761e-08
 Reference value :  9.56761e-08
 Reference value :  1.00676e-07
 Reference value :  1.05676e-07
 Reference value :  1.13176e-07
 Reference value :  1.19676e-07
 Reference value :  1.26676e-07
 Reference value :  1.33676e-07
 Reference value :  1.40676e-07
 Reference value :  1.47176e-07
 Reference value :  1.52176e-07
 Reference value :  1.57676e-07
 Reference value :  1.62676e-07
 Reference value :  1.67676e-07
 Reference value :  1.74176e-07
 Reference value :  1.79176e-07
 Reference value :  1.84676e-07
 Reference value :  1.89676e-07
 Reference value :  1.94676e-07
 Reference value :  1.99506e-07
 Reference value :  1.99585e-07
 Reference value :  1.99693e-07
 Reference value :  1.99819e-07
 Reference value :  1.99964e-07
 Reference value :  2.00238e-07
 Reference value :  2.00334e-07
 Reference value :  2.00500e-07
 Reference value :  2.00576e-07
 Reference value :  2.00680e-07
 Reference value :  2.00781e-07
 Reference value :  2.00905e-07
 Reference value :  2.01028e-07
 Reference value :  2.01107e-07
 Reference value :  2.01269e-07
 Reference value :  2.01449e-07
 Reference value :  2.01604e-07
 Reference value :  2.01754e-07
 Reference value :  2.01992e-07
 Reference value :  2.02385e-07
 Reference value :  2.05303e-07
 Reference value :  2.10803e-07
 Reference value :  2.16303e-07
 Reference value :  2.21803e-07
 Reference value :  2.27303e-07
 Reference value :  2.32803e-07
 Reference value :  2.37803e-07
 Reference value :  2.41198e-07
 Reference value :  2.41285e-07
 Reference value :  2.41408e-07
 Reference value :  2.41645e-07
 Reference value :  2.42130e-07
 Reference value :  2.42251e-07
 Reference value :  2.42515e-07
 Reference value :  2.42762e-07
 Reference value :  2.42954e-07
 Reference value :  2.43263e-07
 Reference value :  2.43426e-07
 Reference value :  2.43663e-07
 Reference value :  2.43995e-07
 Reference value :  2.44278e-07
 Reference value :  2.44557e-07
 Reference value :  2.44867e-07
 Reference value :  2.45311e-07
 Reference value :  2.47572e-07
 Reference value :  2.53072e-07
 Reference value :  2.58072e-07
 Reference value :  2.63572e-07
 Reference value :  2.68572e-07
 Reference value :  2.76572e-07
 Reference value :  2.82851e-07
 Reference value :  2.82965e-07
 Reference value :  2.83126e-07
 Reference value :  2.83535e-07
 Reference value :  2.83733e-07
 Reference value :  2.83889e-07
 Reference value :  2.84001e-07
 Reference value :  2.84143e-07
 Reference value :  2.84317e-07
 Reference value :  2.84461e-07
 Reference value :  2.84627e-07
 Reference value :  2.84790e-07
 Reference value :  2.84902e-07
 Reference value :  2.85141e-07
 Reference value :  2.85500e-07
 Reference value :  2.87245e-07
 Reference value :  2.98180e-07
 Reference value :  3.08680e-07
 Reference value :  3.20180e-07
 Reference value :  3.24585e-07
 Reference value :  3.24864e-07
 Reference value :  3.25427e-07
 Reference value :  3.25732e-07
 Reference value :  3.26152e-07
 Reference value :  3.27086e-07
 Reference value :  3.29132e-07
 Reference value :  3.32618e-07
 Reference value :  3.42354e-07
 Reference value :  3.50854e-07
 Reference value :  3.60354e-07
 Reference value :  3.66196e-07
 Reference value :  3.66349e-07
 Reference value :  3.66655e-07
 Reference value :  3.66950e-07
 Reference value :  3.67110e-07
 Reference value :  3.67286e-07
 Reference value :  3.67629e-07
 Reference value :  3.67968e-07
 Reference value :  3.68432e-07
 Reference value :  3.69623e-07
 Reference value :  3.78930e-07
 Reference value :  3.89430e-07
 Reference value :  4.00430e-07
 Reference value :  4.07877e-07
 Reference value :  4.08100e-07
 Reference value :  4.08785e-07
 Reference value :  4.09069e-07
 Reference value :  4.09433e-07
 Reference value :  4.10218e-07
 Reference value :  4.11355e-07
 Reference value :  4.12145e-07
 Reference value :  4.15660e-07
 Reference value :  4.25160e-07
 Reference value :  4.35160e-07
 Reference value :  4.45160e-07
 Reference value :  4.49593e-07
 Reference value :  4.49792e-07
 Reference value :  4.50233e-07
 Reference value :  4.50454e-07
 Reference value :  4.50630e-07
 Reference value :  4.50934e-07
 Reference value :  4.51374e-07
 Reference value :  4.51909e-07
 Reference value :  4.54791e-07
 Reference value :  4.65189e-07
 Reference value :  4.76689e-07
 Reference value :  4.87189e-07
 Reference value :  4.91256e-07
 Reference value :  4.91512e-07
 Reference value :  4.92047e-07
 Reference value :  4.92116e-07
 Reference value :  4.92210e-07
 Reference value :  4.92422e-07
 Reference value :  4.92653e-07
 Reference value :  4.92858e-07
 Reference value :  4.93315e-07
 Reference value :  4.93601e-07
 Reference value :  4.93875e-07
 Reference value :  4.94129e-07
 Reference value :  4.94432e-07
 Reference value :  4.95075e-07
 Reference value :  4.97752e-07
 Reference value :  4.98910e-07
 Reference value :  4.99232e-07
 Reference value :  4.99380e-07
 Reference value :  4.99594e-07
 Reference value :  4.99931e-07
 Reference value :  5.00517e-07
 Reference value :  5.01844e-07
 Reference value :  5.05718e-07
 Reference value :  5.12218e-07
 Reference value :  5.17218e-07
 Reference value :  5.22218e-07
 Reference value :  5.27718e-07
 Reference value :  5.32857e-07
 Reference value :  5.32943e-07
 Reference value :  5.33065e-07
 Reference value :  5.33184e-07
 Reference value :  5.33397e-07
 Reference value :  5.33641e-07
 Reference value :  5.33722e-07
 Reference value :  5.33854e-07
 Reference value :  5.34033e-07
 Reference value :  5.34237e-07
 Reference value :  5.34378e-07
 Reference value :  5.34569e-07
 Reference value :  5.34704e-07
 Reference value :  5.34827e-07
 Reference value :  5.34964e-07
 Reference value :  5.35110e-07
 Reference value :  5.35352e-07
 Reference value :  5.35586e-07
 Reference value :  5.36089e-07
 Reference value :  5.39440e-07
 Reference value :  5.44940e-07
 Reference value :  5.50940e-07
 Reference value :  5.56940e-07
 Reference value :  5.62440e-07
 Reference value :  5.67940e-07
 Reference value :  5.72940e-07
 Reference value :  5.74542e-07
 Reference value :  5.74626e-07
 Reference value :  5.74808e-07
 Reference value :  5.75028e-07
 Reference value :  5.75392e-07
 Reference value :  5.75503e-07
 Reference value :  5.75668e-07
 Reference value :  5.75851e-07
 Reference value :  5.76058e-07
 Reference value :  5.76251e-07
 Reference value :  5.76722e-07
 Reference value :  5.77130e-07
 Reference value :  5.77656e-07
 Reference value :  5.78194e-07
 Reference value :  5.78622e-07
 Reference value :  5.79442e-07
 Reference value :  5.83407e-07
 Reference value :  5.88407e-07
 Reference value :  5.94407e-07
 Reference value :  6.00407e-07
 Reference value :  6.05407e-07
 Reference value :  6.06328e-07
 Reference value :  6.08176e-07
 Reference value :  6.08486e-07
 Reference value :  6.08679e-07
 Reference value :  6.08919e-07
 Reference value :  6.09269e-07
 Reference value :  6.10261e-07
 Reference value :  6.15805e-07
 Reference value :  6.16265e-07
 Reference value :  6.16425e-07
 Reference value :  6.16575e-07
 Reference value :  6.16849e-07
 Reference value :  6.16955e-07
 Reference value :  6.17007e-07
 Reference value :  6.17145e-07
 Reference value :  6.17365e-07
 Reference value :  6.17553e-07
 Reference value :  6.17682e-07
 Reference value :  6.17901e-07
 Reference value :  6.18053e-07
 Reference value :  6.18230e-07
 Reference value :  6.18440e-07
 Reference value :  6.18655e-07
 Reference value :  6.19174e-07
 Reference value :  6.20121e-07
 Reference value :  6.25132e-07
 Reference value :  6.31132e-07
 Reference value :  6.36132e-07
 Reference value :  6.41632e-07
 Reference value :  6.46632e-07
 Reference value :  6.51632e-07
 Reference value :  6.57132e-07
 Reference value :  6.57903e-07
 Reference value :  6.58013e-07
 Reference value :  6.58232e-07
 Reference value :  6.58735e-07
 Reference value :  6.58856e-07
 Reference value :  6.59043e-07
 Reference value :  6.59207e-07
 Reference value :  6.59489e-07
 Reference value :  6.59884e-07
 Reference value :  6.60352e-07
 Reference value :  6.60711e-07
 Reference value :  6.61193e-07
 Reference value :  6.61550e-07
 Reference value :  6.62024e-07
 Reference value :  6.63211e-07
 Reference value :  6.67372e-07
 Reference value :  6.72872e-07
 Reference value :  6.77872e-07
 Reference value :  6.83372e-07
 Reference value :  6.88372e-07
 Reference value :  6.93872e-07
 Reference value :  6.99186e-07
 Reference value :  6.99553e-07
 Reference value :  6.99632e-07
 Reference value :  6.99791e-07
 Reference value :  6.99963e-07
 Reference value :  7.00155e-07
 Reference value :  7.00250e-07
 Reference value :  7.00332e-07
 Reference value :  7.00445e-07
 Reference value :  7.00542e-07
 Reference value :  7.00641e-07
 Reference value :  7.00839e-07
 Reference value :  7.01067e-07
 Reference value :  7.01239e-07
 Reference value :  7.01575e-07
 Reference value :  7.02349e-07
 Reference value :  7.05919e-07
 Reference value :  7.10919e-07
 Reference value :  7.16919e-07
 Reference value :  7.22419e-07
 Reference value :  7.27419e-07
 Reference value :  7.32919e-07
 Reference value :  7.37919e-07
 Reference value :  7.41184e-07
 Reference value :  7.41294e-07
 Reference value :  7.41441e-07
 Reference value :  7.41646e-07
 Reference value :  7.42120e-07
 Reference value :  7.42230e-07
 Reference value :  7.42446e-07
 Reference value :  7.42676e-07
 Reference value :  7.42882e-07
 Reference value :  7.43242e-07
 Reference value :  7.43695e-07
 Reference value :  7.44097e-07
 Reference value :  7.44630e-07
 Reference value :  7.45083e-07
 Reference value :  7.45600e-07
 Reference value :  7.47261e-07
 Reference value :  7.52282e-07
 Reference value :  7.57282e-07
 Reference value :  7.62282e-07
 Reference value :  7.68282e-07
 Reference value :  7.73282e-07
 Reference value :  7.78282e-07
 Reference value :  7.82838e-07
 Reference value :  7.82914e-07
 Reference value :  7.82986e-07
 Reference value :  7.83178e-07
 Reference value :  7.83352e-07
 Reference value :  7.83567e-07
 Reference value :  7.83673e-07
 Reference value :  7.83765e-07
 Reference value :  7.83858e-07
 Reference value :  7.83960e-07
 Reference value :  7.84189e-07
 Reference value :  7.84412e-07
 Reference value :  7.84619e-07
 Reference value :  7.84940e-07
 Reference value :  7.85487e-07
 Reference value :  7.88568e-07
 Reference value :  7.94568e-07
 Reference value :  8.00068e-07
 Reference value :  8.06068e-07
 Reference value :  8.12068e-07
 Reference value :  8.18568e-07
 Reference value :  8.24500e-07
 Reference value :  8.24600e-07
 Reference value :  8.24727e-07
 Reference value :  8.24915e-07
 Reference value :  8.25335e-07
 Reference value :  8.25448e-07
 Reference value :  8.25539e-07
 Reference value :  8.25753e-07
 Reference value :  8.26010e-07
 Reference value :  8.26436e-07
 Reference value :  8.26812e-07
 Reference value :  8.27268e-07
 Reference value :  8.27718e-07
 Reference value :  8.28222e-07
 Reference value :  8.28641e-07
 Reference value :  8.29741e-07
 Reference value :  8.34991e-07
 Reference value :  8.40491e-07
 Reference value :  8.45991e-07
 Reference value :  8.52491e-07
 Reference value :  8.57991e-07
 Reference value :  8.63991e-07
 Reference value :  8.66201e-07
 Reference value :  8.66304e-07
 Reference value :  8.66453e-07
 Reference value :  8.66599e-07
 Reference value :  8.66753e-07
 Reference value :  8.66880e-07
 Reference value :  8.66991e-07
 Reference value :  8.67122e-07
 Reference value :  8.67257e-07
 Reference value :  8.67363e-07
 Reference value :  8.67454e-07
 Reference value :  8.67584e-07
 Reference value :  8.67804e-07
 Reference value :  8.67966e-07
 Reference value :  8.68068e-07
 Reference value :  8.68235e-07
 Reference value :  8.68449e-07
 Reference value :  8.68953e-07
 Reference value :  8.70064e-07
 Reference value :  8.76576e-07
 Reference value :  8.85576e-07
 Reference value :  8.95576e-07
 Reference value :  9.01576e-07
 Reference value :  9.07839e-07
 Reference value :  9.07997e-07
 Reference value :  9.08176e-07
 Reference value :  9.08396e-07
 Reference value :  9.08791e-07
 Reference value :  9.08892e-07
 Reference value :  9.09134e-07
 Reference value :  9.09378e-07
 Reference value :  9.09578e-07
 Reference value :  9.09981e-07
 Reference value :  9.10473e-07
 Reference value :  9.10859e-07
 Reference value :  9.11380e-07
 Reference value :  9.11814e-07
 Reference value :  9.12393e-07
 Reference value :  9.14628e-07
 Reference value :  9.20128e-07
 Reference value :  9.26128e-07
 Reference value :  9.32128e-07
 Reference value :  9.37128e-07
 Reference value :  9.43128e-07
 Reference value :  9.44550e-07
 Reference value :  9.46390e-07
 Reference value :  9.46713e-07
 Reference value :  9.46870e-07
 Reference value :  9.47079e-07
 Reference value :  9.47326e-07
 Reference value :  9.47837e-07
 Reference value :  9.49245e-07
 Reference value :  9.49548e-07
 Reference value :  9.49629e-07
 Reference value :  9.49774e-07
 Reference value :  9.49889e-07
 Reference value :  9.50175e-07
 Reference value :  9.50333e-07
 Reference value :  9.50473e-07
 Reference value :  9.50597e-07
 Reference value :  9.50697e-07
 Reference value :  9.50885e-07
 Reference value :  9.51053e-07
 Reference value :  9.51195e-07
 Reference value :  9.51328e-07
 Reference value :  9.51523e-07
 Reference value :  9.51681e-07
 Reference value :  9.51818e-07
 Reference value :  9.52024e-07
 Reference value :  9.52485e-07
 Reference value :  9.54309e-07
 Reference value :  9.59309e-07
 Reference value :  9.64809e-07
 Reference value :  9.69809e-07
 Reference value :  9.76309e-07
 Reference value :  9.81809e-07
 Reference value :  9.87309e-07
 Reference value :  9.91173e-07
 Reference value :  9.91264e-07
 Reference value :  9.91363e-07
 Reference value :  9.91563e-07
 Reference value :  9.91960e-07
 Reference value :  9.92211e-07
 Reference value :  9.92399e-07
 Reference value :  9.92655e-07
 Reference value :  9.92881e-07
 Reference value :  9.93311e-07
 Reference value :  9.93743e-07
 Reference value :  9.94138e-07
 Reference value :  9.94648e-07
 Reference value :  9.95093e-07
 Reference value :  9.95727e-07
 Reference value :  9.97781e-07
 Reference value :  1.00271e-06
 Reference value :  1.00921e-06
 Reference value :  1.01521e-06
 Reference value :  1.02121e-06
 Reference value :  1.02771e-06
 Reference value :  1.03021e-06
 Reference value :  1.03168e-06
 Reference value :  1.03272e-06
 Reference value :  1.03283e-06
 Reference value :  1.03290e-06
 Reference value :  1.03298e-06
 Reference value :  1.03311e-06
 Reference value :  1.03324e-06
 Reference value :  1.03351e-06
 Reference value :  1.03365e-06
 Reference value :  1.03373e-06
 Reference value :  1.03384e-06
 Reference value :  1.03406e-06
 Reference value :  1.03422e-06
 Reference value :  1.03432e-06
 Reference value :  1.03451e-06
 Reference value :  1.03469e-06
 Reference value :  1.03492e-06
 Reference value :  1.03518e-06
 Reference value :  1.03551e-06
 Reference value :  1.03645e-06
 Reference value :  1.04109e-06
 Reference value :  1.04659e-06
 Reference value :  1.05159e-06
 Reference value :  1.05659e-06
 Reference value :  1.06209e-06
 Reference value :  1.06859e-06
 Reference value :  1.07451e-06
 Reference value :  1.07461e-06
 Reference value :  1.07476e-06
 Reference value :  1.07493e-06
 Reference value :  1.07535e-06
 Reference value :  1.07548e-06
 Reference value :  1.07566e-06
 Reference value :  1.07589e-06
 Reference value :  1.07614e-06
 Reference value :  1.07651e-06
 Reference value :  1.07684e-06
 Reference value :  1.07717e-06
 Reference value :  1.07765e-06
 Reference value :  1.07812e-06
 Reference value :  1.07855e-06
 Reference value :  1.07996e-06
 Reference value :  1.08601e-06
 Reference value :  1.09351e-06
 Reference value :  1.10101e-06
 Reference value :  1.10801e-06
 Reference value :  1.11451e-06
 Reference value :  1.11623e-06
 Reference value :  1.11635e-06
 Reference value :  1.11655e-06
 Reference value :  1.11683e-06
 Reference value :  1.11697e-06
 Reference value :  1.11706e-06
 Reference value :  1.11716e-06
 Reference value :  1.11722e-06
 Reference value :  1.11732e-06
 Reference value :  1.11740e-06
 Reference value :  1.11751e-06
 Reference value :  1.11765e-06
 Reference value :  1.11773e-06
 Reference value :  1.11787e-06
 Reference value :  1.11799e-06
 Reference value :  1.11812e-06
 Reference value :  1.11819e-06
 Reference value :  1.11829e-06
 Reference value :  1.11843e-06
 Reference value :  1.11855e-06
 Reference value :  1.11869e-06
 Reference value :  1.11884e-06
 Reference value :  1.11903e-06
 Reference value :  1.11932e-06
 Reference value :  1.12048e-06
 Reference value :  1.12529e-06
 Reference value :  1.13029e-06
 Reference value :  1.13579e-06
 Reference value :  1.14129e-06
 Reference value :  1.14679e-06
 Reference value :  1.15279e-06
 Reference value :  1.15756e-06
 Reference value :  1.15789e-06
 Reference value :  1.15798e-06
 Reference value :  1.15814e-06
 Reference value :  1.15837e-06
 Reference value :  1.15873e-06
 Reference value :  1.15887e-06
 Reference value :  1.15905e-06
 Reference value :  1.15922e-06
 Reference value :  1.15945e-06
 Reference value :  1.15969e-06
 Reference value :  1.16009e-06
 Reference value :  1.16052e-06
 Reference value :  1.16077e-06
 Reference value :  1.16115e-06
 Reference value :  1.16150e-06
 Reference value :  1.16183e-06
 Reference value :  1.16251e-06
 Reference value :  1.16532e-06
 Reference value :  1.17132e-06
 Reference value :  1.17682e-06
 Reference value :  1.18232e-06
 Reference value :  1.18832e-06
 Reference value :  1.19382e-06
 Reference value :  1.19916e-06
 Reference value :  1.19958e-06
 Reference value :  1.19966e-06
 Reference value :  1.19987e-06
 Reference value :  1.20016e-06
 Reference value :  1.20028e-06
 Reference value :  1.20038e-06
 Reference value :  1.20050e-06
 Reference value :  1.20060e-06
 Reference value :  1.20070e-06
 Reference value :  1.20082e-06
 Reference value :  1.20097e-06
 Reference value :  1.20111e-06
 Reference value :  1.20129e-06
 Reference value :  1.20153e-06
 Reference value :  1.20176e-06
 Reference value :  1.20196e-06
 Reference value :  1.20247e-06
 Reference value :  1.20395e-06
 Reference value :  1.20902e-06
 Reference value :  1.21502e-06
 Reference value :  1.22052e-06
 Reference value :  1.22552e-06
 Reference value :  1.23152e-06
 Reference value :  1.23702e-06
 Reference value :  1.24117e-06
 Reference value :  1.24126e-06
 Reference value :  1.24139e-06
 Reference value :  1.24159e-06
 Reference value :  1.24205e-06
 Reference value :  1.24218e-06
 Reference value :  1.24229e-06
 Reference value :  1.24247e-06
 Reference value :  1.24271e-06
 Reference value :  1.24301e-06
 Reference value :  1.24353e-06
 Reference value :  1.24380e-06
 Reference value :  1.24388e-06
 Reference value :  1.24402e-06
 Reference value :  1.24429e-06
 Reference value :  1.24455e-06
 Reference value :  1.24490e-06
 Reference value :  1.24566e-06
 Reference value :  1.24885e-06
 Reference value :  1.25435e-06
 Reference value :  1.26035e-06
 Reference value :  1.26585e-06
 Reference value :  1.27185e-06
 Reference value :  1.27835e-06
 Reference value :  1.28284e-06
 Reference value :  1.28293e-06
 Reference value :  1.28307e-06
 Reference value :  1.28327e-06
 Reference value :  1.28355e-06
 Reference value :  1.28368e-06
 Reference value :  1.28377e-06
 Reference value :  1.28389e-06
 Reference value :  1.28404e-06
 Reference value :  1.28422e-06
 Reference value :  1.28441e-06
 Reference value :  1.28464e-06
 Reference value :  1.28476e-06
 Reference value :  1.28486e-06
 Reference value :  1.28501e-06
 Reference value :  1.28516e-06
 Reference value :  1.28540e-06
 Reference value :  1.28577e-06
 Reference value :  1.28653e-06
 Reference value :  1.29090e-06
 Reference value :  1.29690e-06
 Reference value :  1.30340e-06
 Reference value :  1.30940e-06
 Reference value :  1.31490e-06
 Reference value :  1.31990e-06
 Reference value :  1.32450e-06
 Reference value :  1.32459e-06
 Reference value :  1.32469e-06
 Reference value :  1.32491e-06
 Reference value :  1.32533e-06
 Reference value :  1.32545e-06
 Reference value :  1.32554e-06
 Reference value :  1.32576e-06
 Reference value :  1.32602e-06
 Reference value :  1.32627e-06
 Reference value :  1.32670e-06
 Reference value :  1.32692e-06
 Reference value :  1.32718e-06
 Reference value :  1.32752e-06
 Reference value :  1.32788e-06
 Reference value :  1.32814e-06
 Reference value :  1.32852e-06
 Reference value :  1.32933e-06
 Reference value :  1.33340e-06
 Reference value :  1.33940e-06
 Reference value :  1.34086e-06
 Reference value :  1.34193e-06
 Reference value :  1.34209e-06
 Reference value :  1.34228e-06
 Reference value :  1.34247e-06
 Reference value :  1.34281e-06
 Reference value :  1.34340e-06
 Reference value :  1.34614e-06
 Reference value :  1.35212e-06
 Reference value :  1.35762e-06
 Reference value :  1.36262e-06
 Reference value :  1.36619e-06
 Reference value :  1.36627e-06
 Reference value :  1.36638e-06
 Reference value :  1.36651e-06
 Reference value :  1.36674e-06
 Reference value :  1.36694e-06
 Reference value :  1.36705e-06
 Reference value :  1.36717e-06
 Reference value :  1.36739e-06
 Reference value :  1.36764e-06
 Reference value :  1.36778e-06
 Reference value :  1.36793e-06
 Reference value :  1.36807e-06
 Reference value :  1.36821e-06
 Reference value :  1.36838e-06
 Reference value :  1.36853e-06
 Reference value :  1.36879e-06
 Reference value :  1.36909e-06
 Reference value :  1.36970e-06
 Reference value :  1.37458e-06
 Reference value :  1.37958e-06
 Reference value :  1.38558e-06
 Reference value :  1.39358e-06
 Reference value :  1.40408e-06
 Reference value :  1.40789e-06
 Reference value :  1.40797e-06
 Reference value :  1.40825e-06
 Reference value :  1.40871e-06
 Reference value :  1.40886e-06
 Reference value :  1.40906e-06
 Reference value :  1.40927e-06
 Reference value :  1.40949e-06
 Reference value :  1.41012e-06
 Reference value :  1.41118e-06
 Reference value :  1.41201e-06
 Reference value :  1.41270e-06
 Reference value :  1.41399e-06
 Reference value :  1.41830e-06
 Reference value :  1.42380e-06
 Reference value :  1.42880e-06
 Reference value :  1.43430e-06
 Reference value :  1.43980e-06
 Reference value :  1.44530e-06
 Reference value :  1.44951e-06
 Reference value :  1.44960e-06
 Reference value :  1.44973e-06
 Reference value :  1.44985e-06
 Reference value :  1.45007e-06
 Reference value :  1.45027e-06
 Reference value :  1.45036e-06
 Reference value :  1.45050e-06
 Reference value :  1.45061e-06
 Reference value :  1.45072e-06
 Reference value :  1.45093e-06
 Reference value :  1.45114e-06
 Reference value :  1.45138e-06
 Reference value :  1.45162e-06
 Reference value :  1.45191e-06
 Reference value :  1.45274e-06
 Reference value :  1.45736e-06
 Reference value :  1.46236e-06
 Reference value :  1.46836e-06
 Reference value :  1.47536e-06
 Reference value :  1.48486e-06
 Reference value :  1.49117e-06
 Reference value :  1.49126e-06
 Reference value :  1.49145e-06
 Reference value :  1.49170e-06
 Reference value :  1.49206e-06
 Reference value :  1.49217e-06
 Reference value :  1.49231e-06
 Reference value :  1.49249e-06
 Reference value :  1.49280e-06
 Reference value :  1.49316e-06
 Reference value :  1.49355e-06
 Reference value :  1.49428e-06
 Reference value :  1.49481e-06
 Reference value :  1.49510e-06
 Reference value :  1.49550e-06
 Reference value :  1.49709e-06
 Reference value :  1.50170e-06
 Reference value :  1.50670e-06
 Reference value :  1.51220e-06
 Reference value :  1.51820e-06
 Reference value :  1.52420e-06
 Reference value :  1.52970e-06
 Reference value :  1.53286e-06
 Reference value :  1.53296e-06
 Reference value :  1.53307e-06
 Reference value :  1.53323e-06
 Reference value :  1.53345e-06
 Reference value :  1.53364e-06
 Reference value :  1.53372e-06
 Reference value :  1.53386e-06
 Reference value :  1.53398e-06
 Reference value :  1.53421e-06
 Reference value :  1.53441e-06
 Reference value :  1.53458e-06
 Reference value :  1.53484e-06
 Reference value :  1.53528e-06
 Reference value :  1.53688e-06
 Reference value :  1.54196e-06
 Reference value :  1.54746e-06
 Reference value :  1.55346e-06
 Reference value :  1.55996e-06
 Reference value :  1.56746e-06
 Reference value :  1.57423e-06
 Reference value :  1.57458e-06
 Reference value :  1.57473e-06
 Reference value :  1.57490e-06
 Reference value :  1.57529e-06
 Reference value :  1.57544e-06
 Reference value :  1.57562e-06
 Reference value :  1.57582e-06
 Reference value :  1.57603e-06
 Reference value :  1.57653e-06
 Reference value :  1.57702e-06
 Reference value :  1.57746e-06
 Reference value :  1.57805e-06
 Reference value :  1.57855e-06
 Reference value :  1.57944e-06
 Reference value :  1.58563e-06
 Reference value :  1.59313e-06
 Reference value :  1.59913e-06
 Reference value :  1.60613e-06
 Reference value :  1.61590e-06
 Reference value :  1.61626e-06
 Reference value :  1.61642e-06
 Reference value :  1.61663e-06
 Reference value :  1.61689e-06
 Reference value :  1.61704e-06
 Reference value :  1.61718e-06
 Reference value :  1.61730e-06
 Reference value :  1.61757e-06
 Reference value :  1.61776e-06
 Reference value :  1.61793e-06
 Reference value :  1.61817e-06
 Reference value :  1.61872e-06
 Reference value :  1.62115e-06
 Reference value :  1.62615e-06
 Reference value :  1.63315e-06
 Reference value :  1.63865e-06
 Reference value :  1.64465e-06
 Reference value :  1.64965e-06
 Reference value :  1.65515e-06
 Reference value :  1.65787e-06
 Reference value :  1.65798e-06
 Reference value :  1.65815e-06
 Reference value :  1.65839e-06
 Reference value :  1.65880e-06
 Reference value :  1.65895e-06
 Reference value :  1.65917e-06
 Reference value :  1.65941e-06
 Reference value :  1.65970e-06
 Reference value :  1.66021e-06
 Reference value :  1.66067e-06
 Reference value :  1.66111e-06
 Reference value :  1.66151e-06
 Reference value :  1.66199e-06
 Reference value :  1.66284e-06
 Reference value :  1.66675e-06
 Reference value :  1.67275e-06
 Reference value :  1.67975e-06
 Reference value :  1.68475e-06
 Reference value :  1.68625e-06
 Reference value :  1.68739e-06
 Reference value :  1.68822e-06
 Reference value :  1.68835e-06
 Reference value :  1.68848e-06
 Reference value :  1.68866e-06
 Reference value :  1.68896e-06
 Reference value :  1.68937e-06
 Reference value :  1.69024e-06
 Reference value :  1.69519e-06
 Reference value :  1.69951e-06
 Reference value :  1.69958e-06
 Reference value :  1.69967e-06
 Reference value :  1.69983e-06
 Reference value :  1.69998e-06
 Reference value :  1.70023e-06
 Reference value :  1.70034e-06
 Reference value :  1.70048e-06
 Reference value :  1.70065e-06
 Reference value :  1.70088e-06
 Reference value :  1.70097e-06
 Reference value :  1.70110e-06
 Reference value :  1.70125e-06
 Reference value :  1.70140e-06
 Reference value :  1.70161e-06
 Reference value :  1.70179e-06
 Reference value :  1.70209e-06
 Reference value :  1.70252e-06
 Reference value :  1.70383e-06
 Reference value :  1.70880e-06
 Reference value :  1.71480e-06
 Reference value :  1.71980e-06
 Reference value :  1.72530e-06
 Reference value :  1.73130e-06
 Reference value :  1.73730e-06
 Reference value :  1.74117e-06
 Reference value :  1.74125e-06
 Reference value :  1.74135e-06
 Reference value :  1.74158e-06
 Reference value :  1.74196e-06
 Reference value :  1.74210e-06
 Reference value :  1.74220e-06
 Reference value :  1.74233e-06
 Reference value :  1.74252e-06
 Reference value :  1.74279e-06
 Reference value :  1.74332e-06
 Reference value :  1.74376e-06
 Reference value :  1.74427e-06
 Reference value :  1.74480e-06
 Reference value :  1.74530e-06
 Reference value :  1.74667e-06
 Reference value :  1.75112e-06
 Reference value :  1.75612e-06
 Reference value :  1.76212e-06
 Reference value :  1.76712e-06
 Reference value :  1.77312e-06
 Reference value :  1.77812e-06
 Reference value :  1.78284e-06
 Reference value :  1.78293e-06
 Reference value :  1.78305e-06
 Reference value :  1.78320e-06
 Reference value :  1.78338e-06
 Reference value :  1.78363e-06
 Reference value :  1.78371e-06
 Reference value :  1.78381e-06
 Reference value :  1.78394e-06
 Reference value :  1.78412e-06
 Reference value :  1.78436e-06
 Reference value :  1.78453e-06
 Reference value :  1.78478e-06
 Reference value :  1.78509e-06
 Reference value :  1.78539e-06
 Reference value :  1.78712e-06
 Reference value :  1.79312e-06
 Reference value :  1.79862e-06
 Reference value :  1.80412e-06
 Reference value :  1.81012e-06
 Reference value :  1.81512e-06
 Reference value :  1.82062e-06
 Reference value :  1.82452e-06
 Reference value :  1.82460e-06
 Reference value :  1.82472e-06
 Reference value :  1.82495e-06
 Reference value :  1.82531e-06
 Reference value :  1.82554e-06
 Reference value :  1.82572e-06
 Reference value :  1.82592e-06
 Reference value :  1.82615e-06
 Reference value :  1.82652e-06
 Reference value :  1.82687e-06
 Reference value :  1.82723e-06
 Reference value :  1.82775e-06
 Reference value :  1.82812e-06
 Reference value :  1.82851e-06
 Reference value :  1.82948e-06
 Reference value :  1.83289e-06
 Reference value :  1.83789e-06
 Reference value :  1.84439e-06
 Reference value :  1.84939e-06
 Reference value :  1.85439e-06
 Reference value :  1.85989e-06
 Reference value :  1.86239e-06
 Reference value :  1.86387e-06
 Reference value :  1.86485e-06
 Reference value :  1.86501e-06
 Reference value :  1.86519e-06
 Reference value :  1.86544e-06
 Reference value :  1.86586e-06
 Reference value :  1.86619e-06
 Reference value :  1.86629e-06
 Reference value :  1.86645e-06
 Reference value :  1.86657e-06
 Reference value :  1.86681e-06
 Reference value :  1.86698e-06
 Reference value :  1.86713e-06
 Reference value :  1.86725e-06
 Reference value :  1.86739e-06
 Reference value :  1.86758e-06
 Reference value :  1.86773e-06
 Reference value :  1.86785e-06
 Reference value :  1.86800e-06
 Reference value :  1.86820e-06
 Reference value :  1.86838e-06
 Reference value :  1.86862e-06
 Reference value :  1.86886e-06
 Reference value :  1.86932e-06
 Reference value :  1.87304e-06
 Reference value :  1.87854e-06
 Reference value :  1.88354e-06
 Reference value :  1.88904e-06
 Reference value :  1.89654e-06
 Reference value :  1.90154e-06
 Reference value :  1.90654e-06
 Reference value :  1.90790e-06
 Reference value :  1.90800e-06
 Reference value :  1.90816e-06
 Reference value :  1.90853e-06
 Reference value :  1.90878e-06
 Reference value :  1.90893e-06
 Reference value :  1.90918e-06
 Reference value :  1.90943e-06
 Reference value :  1.90962e-06
 Reference value :  1.91006e-06
 Reference value :  1.91053e-06
 Reference value :  1.91097e-06
 Reference value :  1.91146e-06
 Reference value :  1.91193e-06
 Reference value :  1.91263e-06
 Reference value :  1.91541e-06
 Reference value :  1.92091e-06
 Reference value :  1.92741e-06
 Reference value :  1.93341e-06
 Reference value :  1.93941e-06
 Reference value :  1.94591e-06
 Reference value :  1.94951e-06
 Reference value :  1.94958e-06
 Reference value :  1.94967e-06
 Reference value :  1.94984e-06
 Reference value :  1.95000e-06
 Reference value :  1.95022e-06
 Reference value :  1.95033e-06
 Reference value :  1.95040e-06
 Reference value :  1.95050e-06
 Reference value :  1.95060e-06
 Reference value :  1.95068e-06
 Reference value :  1.95085e-06
 Reference value :  1.95106e-06
 Reference value :  1.95131e-06
 Reference value :  1.95149e-06
 Reference value :  1.95183e-06
 Reference value :  1.95243e-06
 Reference value :  1.95599e-06
 Reference value :  1.96149e-06
 Reference value :  1.96799e-06
 Reference value :  1.97299e-06
 Reference value :  1.97799e-06
 Reference value :  1.98399e-06
 Reference value :  1.99117e-06
 Reference value :  1.99126e-06
 Reference value :  1.99138e-06
 Reference value :  1.99157e-06
 Reference value :  1.99197e-06
 Reference value :  1.99217e-06
 Reference value :  1.99234e-06
 Reference value :  1.99255e-06
 Reference value :  1.99280e-06
 Reference value :  1.99319e-06
 Reference value :  1.99361e-06
 Reference value :  1.99393e-06
 Reference value :  1.99435e-06
 Reference value :  1.99487e-06
 Reference value :  1.99530e-06
 Reference value :  1.99658e-06
 Reference value :  2.00075e-06
 Reference value :  2.00575e-06
 Reference value :  2.01075e-06
 Reference value :  2.01775e-06
 Reference value :  2.02275e-06
 Reference value :  2.02825e-06
 Reference value :  2.03175e-06
 Reference value :  2.03284e-06
 Reference value :  2.03290e-06
 Reference value :  2.03298e-06
 Reference value :  2.03314e-06
 Reference value :  2.03328e-06
 Reference value :  2.03359e-06
 Reference value :  2.03373e-06
 Reference value :  2.03383e-06
 Reference value :  2.03396e-06
 Reference value :  2.03412e-06
 Reference value :  2.03428e-06
 Reference value :  2.03447e-06
 Reference value :  2.03468e-06
 Reference value :  2.03491e-06
 Reference value :  2.03513e-06
 Reference value :  2.03548e-06
 Reference value :  2.03680e-06
 Reference value :  2.04166e-06
 Reference value :  2.04666e-06
 Reference value :  2.05266e-06
 Reference value :  2.05766e-06
 Reference value :  2.06266e-06
 Reference value :  2.06866e-06
 Reference value :  2.07366e-06
 Reference value :  2.07455e-06
 Reference value :  2.07467e-06
 Reference value :  2.07482e-06
 Reference value :  2.07507e-06
 Reference value :  2.07544e-06
 Reference value :  2.07555e-06
 Reference value :  2.07575e-06
 Reference value :  2.07590e-06
 Reference value :  2.07619e-06
 Reference value :  2.07659e-06
 Reference value :  2.07702e-06
 Reference value :  2.07739e-06
 Reference value :  2.07787e-06
 Reference value :  2.07823e-06
 Reference value :  2.07865e-06
 Reference value :  2.07975e-06
 Reference value :  2.08301e-06
 Reference value :  2.08901e-06
 Reference value :  2.09601e-06
 Reference value :  2.10251e-06
 Reference value :  2.10851e-06
 Reference value :  2.11451e-06
 Reference value :  2.11622e-06
 Reference value :  2.11630e-06
 Reference value :  2.11646e-06
 Reference value :  2.11665e-06
 Reference value :  2.11688e-06
 Reference value :  2.11696e-06
 Reference value :  2.11706e-06
 Reference value :  2.11717e-06
 Reference value :  2.11721e-06
 Reference value :  2.11731e-06
 Reference value :  2.11743e-06
 Reference value :  2.11756e-06
 Reference value :  2.11766e-06
 Reference value :  2.11775e-06
 Reference value :  2.11790e-06
 Reference value :  2.11803e-06
 Reference value :  2.11812e-06
 Reference value :  2.11820e-06
 Reference value :  2.11831e-06
 Reference value :  2.11841e-06
 Reference value :  2.11853e-06
 Reference value :  2.11866e-06
 Reference value :  2.11881e-06
 Reference value :  2.11894e-06
 Reference value :  2.11917e-06
 Reference value :  2.11980e-06
 Reference value :  2.12454e-06
 Reference value :  2.13154e-06
 Reference value :  2.13854e-06
 Reference value :  2.14554e-06
 Reference value :  2.15304e-06
 Reference value :  2.15786e-06
 Reference value :  2.15798e-06
 Reference value :  2.15816e-06
 Reference value :  2.15870e-06
 Reference value :  2.15891e-06
 Reference value :  2.15909e-06
 Reference value :  2.15925e-06
 Reference value :  2.15948e-06
 Reference value :  2.15972e-06
 Reference value :  2.16027e-06
 Reference value :  2.16056e-06
 Reference value :  2.16078e-06
 Reference value :  2.16099e-06
 Reference value :  2.16128e-06
 Reference value :  2.16159e-06
 Reference value :  2.16222e-06
 Reference value :  2.16430e-06
 Reference value :  2.16930e-06
 Reference value :  2.17530e-06
 Reference value :  2.18030e-06
 Reference value :  2.18580e-06
 Reference value :  2.19180e-06
 Reference value :  2.19680e-06
 Reference value :  2.19953e-06
 Reference value :  2.19961e-06
 Reference value :  2.19980e-06
 Reference value :  2.19997e-06
 Reference value :  2.20024e-06
 Reference value :  2.20041e-06
 Reference value :  2.20053e-06
 Reference value :  2.20063e-06
 Reference value :  2.20075e-06
 Reference value :  2.20093e-06
 Reference value :  2.20102e-06
 Reference value :  2.20113e-06
 Reference value :  2.20135e-06
 Reference value :  2.20159e-06
 Reference value :  2.20182e-06
 Reference value :  2.20209e-06
 Reference value :  2.20283e-06
 Reference value :  2.20598e-06
 Reference value :  2.21198e-06
 Reference value :  2.21748e-06
 Reference value :  2.22248e-06
 Reference value :  2.22798e-06
 Reference value :  2.23398e-06
 Reference value :  2.24048e-06
 Reference value :  2.24126e-06
 Reference value :  2.24143e-06
 Reference value :  2.24171e-06
 Reference value :  2.24217e-06
 Reference value :  2.24234e-06
 Reference value :  2.24257e-06
 Reference value :  2.24282e-06
 Reference value :  2.24317e-06
 Reference value :  2.24343e-06
 Reference value :  2.24371e-06
 Reference value :  2.24395e-06
 Reference value :  2.24405e-06
 Reference value :  2.24419e-06
 Reference value :  2.24434e-06
 Reference value :  2.24459e-06
 Reference value :  2.24499e-06
 Reference value :  2.24582e-06
 Reference value :  2.24980e-06
 Reference value :  2.25580e-06
 Reference value :  2.26080e-06
 Reference value :  2.26630e-06
 Reference value :  2.27230e-06
 Reference value :  2.27830e-06
 Reference value :  2.28284e-06
 Reference value :  2.28292e-06
 Reference value :  2.28303e-06
 Reference value :  2.28318e-06
 Reference value :  2.28342e-06
 Reference value :  2.28358e-06
 Reference value :  2.28366e-06
 Reference value :  2.28379e-06
 Reference value :  2.28389e-06
 Reference value :  2.28399e-06
 Reference value :  2.28415e-06
 Reference value :  2.28435e-06
 Reference value :  2.28450e-06
 Reference value :  2.28469e-06
 Reference value :  2.28481e-06
 Reference value :  2.28494e-06
 Reference value :  2.28508e-06
 Reference value :  2.28530e-06
 Reference value :  2.28552e-06
 Reference value :  2.28593e-06
 Reference value :  2.28788e-06
 Reference value :  2.29288e-06
 Reference value :  2.29838e-06
 Reference value :  2.30388e-06
 Reference value :  2.30938e-06
 Reference value :  2.31488e-06
 Reference value :  2.31988e-06
 Reference value :  2.32450e-06
 Reference value :  2.32459e-06
 Reference value :  2.32467e-06
 Reference value :  2.32487e-06
 Reference value :  2.32511e-06
 Reference value :  2.32547e-06
 Reference value :  2.32559e-06
 Reference value :  2.32580e-06
 Reference value :  2.32604e-06
 Reference value :  2.32627e-06
 Reference value :  2.32664e-06
 Reference value :  2.32707e-06
 Reference value :  2.32746e-06
 Reference value :  2.32789e-06
 Reference value :  2.32823e-06
 Reference value :  2.32875e-06
 Reference value :  2.33033e-06
 Reference value :  2.33474e-06
 Reference value :  2.34074e-06
 Reference value :  2.34574e-06
 Reference value :  2.35024e-06
 Reference value :  2.35424e-06
 Reference value :  2.35974e-06
 Reference value :  2.36474e-06
 Reference value :  2.36622e-06
 Reference value :  2.36631e-06
 Reference value :  2.36646e-06
 Reference value :  2.36660e-06
 Reference value :  2.36689e-06
 Reference value :  2.36700e-06
 Reference value :  2.36712e-06
 Reference value :  2.36725e-06
 Reference value :  2.36739e-06
 Reference value :  2.36756e-06
 Reference value :  2.36766e-06
 Reference value :  2.36785e-06
 Reference value :  2.36805e-06
 Reference value :  2.36823e-06
 Reference value :  2.36858e-06
 Reference value :  2.36907e-06
 Reference value :  2.37205e-06
 Reference value :  2.37705e-06
 Reference value :  2.38255e-06
 Reference value :  2.38755e-06
 Reference value :  2.39255e-06
 Reference value :  2.39755e-06
 Reference value :  2.40255e-06
 Reference value :  2.40744e-06
 Reference value :  2.40790e-06
 Reference value :  2.40800e-06
 Reference value :  2.40821e-06
 Reference value :  2.40850e-06
 Reference value :  2.40874e-06
 Reference value :  2.40887e-06
 Reference value :  2.40908e-06
 Reference value :  2.40930e-06
 Reference value :  2.40950e-06
 Reference value :  2.40992e-06
 Reference value :  2.41019e-06
 Reference value :  2.41042e-06
 Reference value :  2.41077e-06
 Reference value :  2.41118e-06
 Reference value :  2.41155e-06
 Reference value :  2.41208e-06
 Reference value :  2.41371e-06
 Reference value :  2.41971e-06
 Reference value :  2.42571e-06
 Reference value :  2.43071e-06
 Reference value :  2.43313e-06
 Reference value :  2.43490e-06
 Reference value :  2.43515e-06
 Reference value :  2.43533e-06
 Reference value :  2.43550e-06
 Reference value :  2.43577e-06
 Reference value :  2.43611e-06
 Reference value :  2.43737e-06
 Reference value :  2.44138e-06
 Reference value :  2.44638e-06
 Reference value :  2.44952e-06
 Reference value :  2.44959e-06
 Reference value :  2.44968e-06
 Reference value :  2.44981e-06
 Reference value :  2.45002e-06
 Reference value :  2.45023e-06
 Reference value :  2.45038e-06
 Reference value :  2.45050e-06
 Reference value :  2.45063e-06
 Reference value :  2.45083e-06
 Reference value :  2.45095e-06
 Reference value :  2.45109e-06
 Reference value :  2.45122e-06
 Reference value :  2.45135e-06
 Reference value :  2.45149e-06
 Reference value :  2.45163e-06
 Reference value :  2.45185e-06
 Reference value :  2.45211e-06
 Reference value :  2.45256e-06
 Reference value :  2.45501e-06
 Reference value :  2.46101e-06
 Reference value :  2.46651e-06
 Reference value :  2.47201e-06
 Reference value :  2.47751e-06
 Reference value :  2.48301e-06
 Reference value :  2.48851e-06
 Reference value :  2.49119e-06
 Reference value :  2.49126e-06
 Reference value :  2.49139e-06
 Reference value :  2.49162e-06
 Reference value :  2.49205e-06
 Reference value :  2.49217e-06
 Reference value :  2.49235e-06
 Reference value :  2.49257e-06
 Reference value :  2.49284e-06
 Reference value :  2.49323e-06
 Reference value :  2.49373e-06
 Reference value :  2.49410e-06
 Reference value :  2.49453e-06
 Reference value :  2.49486e-06
 Reference value :  2.49529e-06
 Reference value :  2.49617e-06
 Reference value :  2.50020e-06
 Reference value :  2.50570e-06
 Reference value :  2.51070e-06
 Reference value :  2.51570e-06
 Reference value :  2.51970e-06
 Reference value :  2.52520e-06
 Reference value :  2.53020e-06
 Reference value :  2.53286e-06
 Reference value :  2.53293e-06
 Reference value :  2.53305e-06
 Reference value :  2.53321e-06
 Reference value :  2.53345e-06
 Reference value :  2.53360e-06
 Reference value :  2.53370e-06
 Reference value :  2.53381e-06
 Reference value :  2.53393e-06
 Reference value :  2.53406e-06
 Reference value :  2.53424e-06
 Reference value :  2.53433e-06
 Reference value :  2.53453e-06
 Reference value :  2.53471e-06
 Reference value :  2.53489e-06
 Reference value :  2.53514e-06
 Reference value :  2.53550e-06
 Reference value :  2.53746e-06
 Reference value :  2.54289e-06
 Reference value :  2.54939e-06
 Reference value :  2.55489e-06
 Reference value :  2.55989e-06
 Reference value :  2.56539e-06
 Reference value :  2.57039e-06
 Reference value :  2.57450e-06
 Reference value :  2.57459e-06
 Reference value :  2.57471e-06
 Reference value :  2.57489e-06
 Reference value :  2.57517e-06
 Reference value :  2.57539e-06
 Reference value :  2.57550e-06
 Reference value :  2.57562e-06
 Reference value :  2.57581e-06
 Reference value :  2.57608e-06
 Reference value :  2.57633e-06
 Reference value :  2.57672e-06
 Reference value :  2.57712e-06
 Reference value :  2.57755e-06
 Reference value :  2.57800e-06
 Reference value :  2.57837e-06
 Reference value :  2.57892e-06
 Reference value :  2.58091e-06
 Reference value :  2.58641e-06
 Reference value :  2.59241e-06
 Reference value :  2.59741e-06
 Reference value :  2.60091e-06
 Reference value :  2.60641e-06
 Reference value :  2.61191e-06
 Reference value :  2.61617e-06
 Reference value :  2.61626e-06
 Reference value :  2.61637e-06
 Reference value :  2.61652e-06
 Reference value :  2.61673e-06
 Reference value :  2.61689e-06
 Reference value :  2.61700e-06
 Reference value :  2.61712e-06
 Reference value :  2.61728e-06
 Reference value :  2.61738e-06
 Reference value :  2.61757e-06
 Reference value :  2.61766e-06
 Reference value :  2.61787e-06
 Reference value :  2.61811e-06
 Reference value :  2.61837e-06
 Reference value :  2.61870e-06
 Reference value :  2.61983e-06
 Reference value :  2.62483e-06
 Reference value :  2.63033e-06
 Reference value :  2.63583e-06
 Reference value :  2.64333e-06
 Reference value :  2.65033e-06
 Reference value :  2.65583e-06
 Reference value :  2.65786e-06
 Reference value :  2.65796e-06
 Reference value :  2.65811e-06
 Reference value :  2.65835e-06
 Reference value :  2.65871e-06
 Reference value :  2.65883e-06
 Reference value :  2.65900e-06
 Reference value :  2.65917e-06
 Reference value :  2.65938e-06
 Reference value :  2.65957e-06
 Reference value :  2.66001e-06
 Reference value :  2.66041e-06
 Reference value :  2.66097e-06
 Reference value :  2.66163e-06
 Reference value :  2.66238e-06
 Reference value :  2.66736e-06
 Reference value :  2.67636e-06
 Reference value :  2.68286e-06
 Reference value :  2.68873e-06
 Reference value :  2.69623e-06
 Reference value :  2.69953e-06
 Reference value :  2.69961e-06
 Reference value :  2.69979e-06
 Reference value :  2.69993e-06
 Reference value :  2.70024e-06
 Reference value :  2.70032e-06
 Reference value :  2.70041e-06
 Reference value :  2.70054e-06
 Reference value :  2.70064e-06
 Reference value :  2.70083e-06
 Reference value :  2.70097e-06
 Reference value :  2.70114e-06
 Reference value :  2.70135e-06
 Reference value :  2.70159e-06
 Reference value :  2.70196e-06
 Reference value :  2.70342e-06
 Reference value :  2.70861e-06
 Reference value :  2.71361e-06
 Reference value :  2.71911e-06
 Reference value :  2.72461e-06
 Reference value :  2.73011e-06
 Reference value :  2.73561e-06
 Reference value :  2.74089e-06
 Reference value :  2.74122e-06
 Reference value :  2.74133e-06
 Reference value :  2.74152e-06
 Reference value :  2.74189e-06
 Reference value :  2.74211e-06
 Reference value :  2.74221e-06
 Reference value :  2.74240e-06
 Reference value :  2.74261e-06
 Reference value :  2.74282e-06
 Reference value :  2.74327e-06
 Reference value :  2.74356e-06
 Reference value :  2.74388e-06
 Reference value :  2.74446e-06
 Reference value :  2.74493e-06
 Reference value :  2.74566e-06
 Reference value :  2.74885e-06
 Reference value :  2.75435e-06
 Reference value :  2.75985e-06
 Reference value :  2.76435e-06
 Reference value :  2.76812e-06
 Reference value :  2.77360e-06
 Reference value :  2.77860e-06
 Reference value :  2.78284e-06
 Reference value :  2.78292e-06
 Reference value :  2.78303e-06
 Reference value :  2.78317e-06
 Reference value :  2.78336e-06
 Reference value :  2.78356e-06
 Reference value :  2.78368e-06
 Reference value :  2.78380e-06
 Reference value :  2.78390e-06
 Reference value :  2.78398e-06
 Reference value :  2.78415e-06
 Reference value :  2.78426e-06
 Reference value :  2.78438e-06
 Reference value :  2.78459e-06
 Reference value :  2.78479e-06
 Reference value :  2.78513e-06
 Reference value :  2.78576e-06
 Reference value :  2.78849e-06
 Reference value :  2.79399e-06
 Reference value :  2.79949e-06
 Reference value :  2.80499e-06
 Reference value :  2.81049e-06
 Reference value :  2.81649e-06
 Reference value :  2.82199e-06
 Reference value :  2.82453e-06
 Reference value :  2.82462e-06
 Reference value :  2.82477e-06
 Reference value :  2.82498e-06
 Reference value :  2.82539e-06
 Reference value :  2.82546e-06
 Reference value :  2.82555e-06
 Reference value :  2.82577e-06
 Reference value :  2.82594e-06
 Reference value :  2.82619e-06
 Reference value :  2.82657e-06
 Reference value :  2.82703e-06
 Reference value :  2.82755e-06
 Reference value :  2.82799e-06
 Reference value :  2.82831e-06
 Reference value :  2.82890e-06
 Reference value :  2.83169e-06
 Reference value :  2.83819e-06
 Reference value :  2.84519e-06
 Reference value :  2.84961e-06
 Reference value :  2.85455e-06
 Reference value :  2.86005e-06
 Reference value :  2.86505e-06
 Reference value :  2.86621e-06
 Reference value :  2.86630e-06
 Reference value :  2.86645e-06
 Reference value :  2.86658e-06
 Reference value :  2.86689e-06
 Reference value :  2.86703e-06
 Reference value :  2.86715e-06
 Reference value :  2.86726e-06
 Reference value :  2.86737e-06
 Reference value :  2.86755e-06
 Reference value :  2.86765e-06
 Reference value :  2.86784e-06
 Reference value :  2.86808e-06
 Reference value :  2.86834e-06
 Reference value :  2.86873e-06
 Reference value :  2.87008e-06
 Reference value :  2.87574e-06
 Reference value :  2.88124e-06
 Reference value :  2.88624e-06
 Reference value :  2.89224e-06
 Reference value :  2.89774e-06
 Reference value :  2.90324e-06
 Reference value :  2.90783e-06
 Reference value :  2.90790e-06
 Reference value :  2.90802e-06
 Reference value :  2.90821e-06
 Reference value :  2.90859e-06
 Reference value :  2.90886e-06
 Reference value :  2.90907e-06
 Reference value :  2.90925e-06
 Reference value :  2.90949e-06
 Reference value :  2.90990e-06
 Reference value :  2.91036e-06
 Reference value :  2.91075e-06
 Reference value :  2.91124e-06
 Reference value :  2.91152e-06
 Reference value :  2.91212e-06
 Reference value :  2.91403e-06
 Reference value :  2.92153e-06
 Reference value :  2.92853e-06
 Reference value :  2.93303e-06
 Reference value :  2.93676e-06
 Reference value :  2.94191e-06
 Reference value :  2.94741e-06
 Reference value :  2.94953e-06
 Reference value :  2.94961e-06
 Reference value :  2.94972e-06
 Reference value :  2.94985e-06
 Reference value :  2.95002e-06
 Reference value :  2.95028e-06
 Reference value :  2.95037e-06
 Reference value :  2.95050e-06
 Reference value :  2.95061e-06
 Reference value :  2.95076e-06
 Reference value :  2.95096e-06
 Reference value :  2.95104e-06
 Reference value :  2.95130e-06
 Reference value :  2.95153e-06
 Reference value :  2.95186e-06
 Reference value :  2.95298e-06
 Reference value :  2.95867e-06
 Reference value :  2.96467e-06
 Reference value :  2.97117e-06
 Reference value :  2.97717e-06
 Reference value :  2.98317e-06
 Reference value :  2.98867e-06
 Reference value :  2.99120e-06
 Reference value :  2.99129e-06
 Reference value :  2.99141e-06
 Reference value :  2.99158e-06
 Reference value :  2.99205e-06
 Reference value :  2.99226e-06
 Reference value :  2.99245e-06
 Reference value :  2.99268e-06
 Reference value :  2.99293e-06
 Reference value :  2.99347e-06
 Reference value :  2.99399e-06
 Reference value :  2.99444e-06
 Reference value :  2.99494e-06
 Reference value :  2.99594e-06
 Reference value :  3.00130e-06
 Reference value :  3.00980e-06
 Reference value :  3.01530e-06
 Reference value :  3.01880e-06
 Reference value :  3.02070e-06
 Reference value :  3.02307e-06
 Reference value :  3.02627e-06
 Reference value :  3.03127e-06
 Reference value :  3.03286e-06
 Reference value :  3.03294e-06
 Reference value :  3.03307e-06
 Reference value :  3.03323e-06
 Reference value :  3.03353e-06
 Reference value :  3.03365e-06
 Reference value :  3.03379e-06
 Reference value :  3.03392e-06
 Reference value :  3.03415e-06
 Reference value :  3.03425e-06
 Reference value :  3.03432e-06
 Reference value :  3.03459e-06
 Reference value :  3.03478e-06
 Reference value :  3.03504e-06
 Reference value :  3.03534e-06
 Reference value :  3.03598e-06
 Reference value :  3.03944e-06
 Reference value :  3.04494e-06
 Reference value :  3.04994e-06
 Reference value :  3.05494e-06
 Reference value :  3.06044e-06
 Reference value :  3.06594e-06
 Reference value :  3.07144e-06
 Reference value :  3.07452e-06
 Reference value :  3.07462e-06
 Reference value :  3.07476e-06
 Reference value :  3.07493e-06
 Reference value :  3.07547e-06
 Reference value :  3.07559e-06
 Reference value :  3.07580e-06
 Reference value :  3.07600e-06
 Reference value :  3.07622e-06
 Reference value :  3.07658e-06
 Reference value :  3.07696e-06
 Reference value :  3.07730e-06
 Reference value :  3.07779e-06
 Reference value :  3.07827e-06
 Reference value :  3.07873e-06
 Reference value :  3.07997e-06
 Reference value :  3.08499e-06
 Reference value :  3.09249e-06
 Reference value :  3.09749e-06
 Reference value :  3.10137e-06
 Reference value :  3.10611e-06
 Reference value :  3.11211e-06
 Reference value :  3.11617e-06
 Reference value :  3.11626e-06
 Reference value :  3.11635e-06
 Reference value :  3.11650e-06
 Reference value :  3.11667e-06
 Reference value :  3.11696e-06
 Reference value :  3.11700e-06
 Reference value :  3.11716e-06
 Reference value :  3.11722e-06
 Reference value :  3.11736e-06
 Reference value :  3.11752e-06
 Reference value :  3.11765e-06
 Reference value :  3.11778e-06
 Reference value :  3.11794e-06
 Reference value :  3.11806e-06
 Reference value :  3.11815e-06
 Reference value :  3.11829e-06
 Reference value :  3.11840e-06
 Reference value :  3.11852e-06
 Reference value :  3.11865e-06
 Reference value :  3.11878e-06
 Reference value :  3.11893e-06
 Reference value :  3.11909e-06
 Reference value :  3.11946e-06
 Reference value :  3.12105e-06
 Reference value :  3.12599e-06
 Reference value :  3.13149e-06
 Reference value :  3.13699e-06
 Reference value :  3.14199e-06
 Reference value :  3.14749e-06
 Reference value :  3.15299e-06
 Reference value :  3.15783e-06
 Reference value :  3.15790e-06
 Reference value :  3.15799e-06
 Reference value :  3.15815e-06
 Reference value :  3.15833e-06
 Reference value :  3.15872e-06
 Reference value :  3.15884e-06
 Reference value :  3.15906e-06
 Reference value :  3.15937e-06
 Reference value :  3.15986e-06
 Reference value :  3.16011e-06
 Reference value :  3.16035e-06
 Reference value :  3.16063e-06
 Reference value :  3.16103e-06
 Reference value :  3.16127e-06
 Reference value :  3.16153e-06
 Reference value :  3.16204e-06
 Reference value :  3.16294e-06
 Reference value :  3.16332e-06
 Reference value :  3.16362e-06
 Reference value :  3.16389e-06
 Reference value :  3.16436e-06
 Reference value :  3.16523e-06
 Reference value :  3.16946e-06
 Reference value :  3.17696e-06
 Reference value :  3.18396e-06
 Reference value :  3.19146e-06
 Reference value :  3.19896e-06
 Reference value :  3.19958e-06
 Reference value :  3.19973e-06
 Reference value :  3.19986e-06
 Reference value :  3.20006e-06
 Reference value :  3.20027e-06
 Reference value :  3.20039e-06
 Reference value :  3.20054e-06
 Reference value :  3.20065e-06
 Reference value :  3.20075e-06
 Reference value :  3.20093e-06
 Reference value :  3.20102e-06
 Reference value :  3.20116e-06
 Reference value :  3.20130e-06
 Reference value :  3.20146e-06
 Reference value :  3.20164e-06
 Reference value :  3.20188e-06
 Reference value :  3.20215e-06
 Reference value :  3.20323e-06
 Reference value :  3.20685e-06
 Reference value :  3.21235e-06
 Reference value :  3.21785e-06
 Reference value :  3.22285e-06
 Reference value :  3.22835e-06
 Reference value :  3.23385e-06
 Reference value :  3.24076e-06
 Reference value :  3.24126e-06
 Reference value :  3.24141e-06
 Reference value :  3.24158e-06
 Reference value :  3.24205e-06
 Reference value :  3.24217e-06
 Reference value :  3.24233e-06
 Reference value :  3.24253e-06
 Reference value :  3.24277e-06
 Reference value :  3.24299e-06
 Reference value :  3.24333e-06
 Reference value :  3.24352e-06
 Reference value :  3.24377e-06
 Reference value :  3.24416e-06
 Reference value :  3.24454e-06
 Reference value :  3.24490e-06
 Reference value :  3.24547e-06
 Reference value :  3.24595e-06
 Reference value :  3.24622e-06
 Reference value :  3.24641e-06
 Reference value :  3.24671e-06
 Reference value :  3.24736e-06
 Reference value :  3.24827e-06
 Reference value :  3.24864e-06
 Reference value :  3.24880e-06
 Reference value :  3.24922e-06
 Reference value :  3.24955e-06
 Reference value :  3.25011e-06
 Reference value :  3.25327e-06
 Reference value :  3.25877e-06
 Reference value :  3.26377e-06
 Reference value :  3.26877e-06
 Reference value :  3.27377e-06
 Reference value :  3.27927e-06
 Reference value :  3.28284e-06
 Reference value :  3.28292e-06
 Reference value :  3.28301e-06
 Reference value :  3.28316e-06
 Reference value :  3.28332e-06
 Reference value :  3.28358e-06
 Reference value :  3.28368e-06
 Reference value :  3.28383e-06
 Reference value :  3.28393e-06
 Reference value :  3.28409e-06
 Reference value :  3.28423e-06
 Reference value :  3.28435e-06
 Reference value :  3.28447e-06
 Reference value :  3.28458e-06
 Reference value :  3.28472e-06
 Reference value :  3.28482e-06
 Reference value :  3.28491e-06
 Reference value :  3.28504e-06
 Reference value :  3.28522e-06
 Reference value :  3.28546e-06
 Reference value :  3.28593e-06
 Reference value :  3.28742e-06
 Reference value :  3.29284e-06
 Reference value :  3.29834e-06
 Reference value :  3.30384e-06
 Reference value :  3.30934e-06
 Reference value :  3.31484e-06
 Reference value :  3.32184e-06
 Reference value :  3.32453e-06
 Reference value :  3.32460e-06
 Reference value :  3.32473e-06
 Reference value :  3.32492e-06
 Reference value :  3.32538e-06
 Reference value :  3.32550e-06
 Reference value :  3.32563e-06
 Reference value :  3.32586e-06
 Reference value :  3.32611e-06
 Reference value :  3.32634e-06
 Reference value :  3.32674e-06
 Reference value :  3.32687e-06
 Reference value :  3.32701e-06
 Reference value :  3.32725e-06
 Reference value :  3.32784e-06
 Reference value :  3.32830e-06
 Reference value :  3.32902e-06
 Reference value :  3.32965e-06
 Reference value :  3.33163e-06
 Reference value :  3.33713e-06
 Reference value :  3.34313e-06
 Reference value :  3.34813e-06
 Reference value :  3.35313e-06
 Reference value :  3.35813e-06
 Reference value :  3.36363e-06
 Reference value :  3.36619e-06
 Reference value :  3.36627e-06
 Reference value :  3.36638e-06
 Reference value :  3.36652e-06
 Reference value :  3.36675e-06
 Reference value :  3.36695e-06
 Reference value :  3.36706e-06
 Reference value :  3.36719e-06
 Reference value :  3.36731e-06
 Reference value :  3.36751e-06
 Reference value :  3.36770e-06
 Reference value :  3.36781e-06
 Reference value :  3.36804e-06
 Reference value :  3.36821e-06
 Reference value :  3.36842e-06
 Reference value :  3.36886e-06
 Reference value :  3.36996e-06
 Reference value :  3.37494e-06
 Reference value :  3.38044e-06
 Reference value :  3.38644e-06
 Reference value :  3.39244e-06
 Reference value :  3.39994e-06
 Reference value :  3.40544e-06
 Reference value :  3.40786e-06
 Reference value :  3.40796e-06
 Reference value :  3.40810e-06
 Reference value :  3.40830e-06
 Reference value :  3.40868e-06
 Reference value :  3.40878e-06
 Reference value :  3.40887e-06
 Reference value :  3.40906e-06
 Reference value :  3.40923e-06
 Reference value :  3.40947e-06
 Reference value :  3.40991e-06
 Reference value :  3.41016e-06
 Reference value :  3.41028e-06
 Reference value :  3.41047e-06
 Reference value :  3.41072e-06
 Reference value :  3.41132e-06
 Reference value :  3.41172e-06
 Reference value :  3.41244e-06
 Reference value :  3.41327e-06
 Reference value :  3.41526e-06
 Reference value :  3.42024e-06
 Reference value :  3.42574e-06
 Reference value :  3.43074e-06
 Reference value :  3.43574e-06
 Reference value :  3.44124e-06
 Reference value :  3.44624e-06
 Reference value :  3.44953e-06
 Reference value :  3.44961e-06
 Reference value :  3.44973e-06
 Reference value :  3.44990e-06
 Reference value :  3.45018e-06
 Reference value :  3.45030e-06
 Reference value :  3.45041e-06
 Reference value :  3.45055e-06
 Reference value :  3.45064e-06
 Reference value :  3.45084e-06
 Reference value :  3.45103e-06
 Reference value :  3.45110e-06
 Reference value :  3.45132e-06
 Reference value :  3.45152e-06
 Reference value :  3.45173e-06
 Reference value :  3.45200e-06
 Reference value :  3.45260e-06
 Reference value :  3.45670e-06
 Reference value :  3.46220e-06
 Reference value :  3.46770e-06
 Reference value :  3.47320e-06
 Reference value :  3.47920e-06
 Reference value :  3.48670e-06
 Reference value :  3.49119e-06
 Reference value :  3.49127e-06
 Reference value :  3.49139e-06
 Reference value :  3.49159e-06
 Reference value :  3.49205e-06
 Reference value :  3.49217e-06
 Reference value :  3.49237e-06
 Reference value :  3.49264e-06
 Reference value :  3.49291e-06
 Reference value :  3.49328e-06
 Reference value :  3.49350e-06
 Reference value :  3.49364e-06
 Reference value :  3.49381e-06
 Reference value :  3.49423e-06
 Reference value :  3.49464e-06
 Reference value :  3.49537e-06
 Reference value :  3.49583e-06
 Reference value :  3.49630e-06
 Reference value :  3.49803e-06
 Reference value :  3.50208e-06
 Reference value :  3.50758e-06
 Reference value :  3.51258e-06
 Reference value :  3.51758e-06
 Reference value :  3.52308e-06
 Reference value :  3.52808e-06
 Reference value :  3.53283e-06
 Reference value :  3.53291e-06
 Reference value :  3.53298e-06
 Reference value :  3.53313e-06
 Reference value :  3.53330e-06
 Reference value :  3.53357e-06
 Reference value :  3.53373e-06
 Reference value :  3.53383e-06
 Reference value :  3.53393e-06
 Reference value :  3.53415e-06
 Reference value :  3.53443e-06
 Reference value :  3.53468e-06
 Reference value :  3.53485e-06
 Reference value :  3.53498e-06
 Reference value :  3.53517e-06
 Reference value :  3.53566e-06
 Reference value :  3.53864e-06
 Reference value :  3.54464e-06
 Reference value :  3.55214e-06
 Reference value :  3.56014e-06
 Reference value :  3.56814e-06
 Reference value :  3.57452e-06
 Reference value :  3.57464e-06
 Reference value :  3.57487e-06
 Reference value :  3.57544e-06
 Reference value :  3.57574e-06
 Reference value :  3.57604e-06
 Reference value :  3.57653e-06
 Reference value :  3.57678e-06
 Reference value :  3.57692e-06
 Reference value :  3.57707e-06
 Reference value :  3.57752e-06
 Reference value :  3.57839e-06
 Reference value :  3.58021e-06
 Reference value :  3.58745e-06
 Reference value :  3.59345e-06
 Reference value :  3.60245e-06
 Reference value :  3.61045e-06
 Reference value :  3.61622e-06
 Reference value :  3.61638e-06
 Reference value :  3.61653e-06
 Reference value :  3.61681e-06
 Reference value :  3.61698e-06
 Reference value :  3.61715e-06
 Reference value :  3.61731e-06
 Reference value :  3.61759e-06
 Reference value :  3.61771e-06
 Reference value :  3.61799e-06
 Reference value :  3.61826e-06
 Reference value :  3.61860e-06
 Reference value :  3.62024e-06
 Reference value :  3.62558e-06
 Reference value :  3.63158e-06
 Reference value :  3.64008e-06
 Reference value :  3.64958e-06
 Reference value :  3.65708e-06
 Reference value :  3.65794e-06
 Reference value :  3.65812e-06
 Reference value :  3.65871e-06
 Reference value :  3.65905e-06
 Reference value :  3.65934e-06
 Reference value :  3.65975e-06
 Reference value :  3.66010e-06
 Reference value :  3.66027e-06
 Reference value :  3.66051e-06
 Reference value :  3.66095e-06
 Reference value :  3.66164e-06
 Reference value :  3.66228e-06
 Reference value :  3.66347e-06
 Reference value :  3.66969e-06
 Reference value :  3.67719e-06
 Reference value :  3.68519e-06
 Reference value :  3.69219e-06
 Reference value :  3.69951e-06
 Reference value :  3.69962e-06
 Reference value :  3.69981e-06
 Reference value :  3.70014e-06
 Reference value :  3.70031e-06
 Reference value :  3.70046e-06
 Reference value :  3.70059e-06
 Reference value :  3.70082e-06
 Reference value :  3.70099e-06
 Reference value :  3.70128e-06
 Reference value :  3.70161e-06
 Reference value :  3.70209e-06
 Reference value :  3.70336e-06
 Reference value :  3.71029e-06
 Reference value :  3.71879e-06
 Reference value :  3.72729e-06
 Reference value :  3.73629e-06
 Reference value :  3.74120e-06
 Reference value :  3.74131e-06
 Reference value :  3.74158e-06
 Reference value :  3.74213e-06
 Reference value :  3.74228e-06
 Reference value :  3.74251e-06
 Reference value :  3.74281e-06
 Reference value :  3.74329e-06
 Reference value :  3.74360e-06
 Reference value :  3.74434e-06
 Reference value :  3.74493e-06
 Reference value :  3.74546e-06
 Reference value :  3.74599e-06
 Reference value :  3.74774e-06
 Reference value :  3.75580e-06
 Reference value :  3.76630e-06
 Reference value :  3.77530e-06
 Reference value :  3.78285e-06
 Reference value :  3.78297e-06
 Reference value :  3.78319e-06
 Reference value :  3.78358e-06
 Reference value :  3.78371e-06
 Reference value :  3.78382e-06
 Reference value :  3.78397e-06
 Reference value :  3.78422e-06
 Reference value :  3.78442e-06
 Reference value :  3.78467e-06
 Reference value :  3.78498e-06
 Reference value :  3.78553e-06
 Reference value :  3.78859e-06
 Reference value :  3.79659e-06
 Reference value :  3.80209e-06
 Reference value :  3.80859e-06
 Reference value :  3.81609e-06
 Reference value :  3.82451e-06
 Reference value :  3.82464e-06
 Reference value :  3.82491e-06
 Reference value :  3.82536e-06
 Reference value :  3.82555e-06
 Reference value :  3.82585e-06
 Reference value :  3.82619e-06
 Reference value :  3.82669e-06
 Reference value :  3.82693e-06
 Reference value :  3.82771e-06
 Reference value :  3.82821e-06
 Reference value :  3.82886e-06
 Reference value :  3.82977e-06
 Reference value :  3.83390e-06
 Reference value :  3.84340e-06
 Reference value :  3.85240e-06
 Reference value :  3.86190e-06
 Reference value :  3.86623e-06
 Reference value :  3.86636e-06
 Reference value :  3.86660e-06
 Reference value :  3.86695e-06
 Reference value :  3.86716e-06
 Reference value :  3.86733e-06
 Reference value :  3.86755e-06
 Reference value :  3.86769e-06
 Reference value :  3.86801e-06
 Reference value :  3.86833e-06
 Reference value :  3.86866e-06
 Reference value :  3.87149e-06
 Reference value :  3.87699e-06
 Reference value :  3.88499e-06
 Reference value :  3.89299e-06
 Reference value :  3.90199e-06
 Reference value :  3.90786e-06
 Reference value :  3.90797e-06
 Reference value :  3.90823e-06
 Reference value :  3.90886e-06
 Reference value :  3.90916e-06
 Reference value :  3.90949e-06
 Reference value :  3.90992e-06
 Reference value :  3.91026e-06
 Reference value :  3.91086e-06
 Reference value :  3.91168e-06
 Reference value :  3.91236e-06
 Reference value :  3.91315e-06
 Reference value :  3.91660e-06
 Reference value :  3.92604e-06
 Reference value :  3.93604e-06
 Reference value :  3.94504e-06
 Reference value :  3.94953e-06
 Reference value :  3.94965e-06
 Reference value :  3.94984e-06
 Reference value :  3.95009e-06
 Reference value :  3.95030e-06
 Reference value :  3.95050e-06
 Reference value :  3.95065e-06
 Reference value :  3.95089e-06
 Reference value :  3.95109e-06
 Reference value :  3.95134e-06
 Reference value :  3.95171e-06
 Reference value :  3.95237e-06
 Reference value :  3.95774e-06
 Reference value :  3.96474e-06
 Reference value :  3.97374e-06
 Reference value :  3.98424e-06
 Reference value :  3.99070e-06
 Reference value :  3.99124e-06
 Reference value :  3.99141e-06
 Reference value :  3.99183e-06
 Reference value :  3.99229e-06
 Reference value :  3.99260e-06
 Reference value :  3.99298e-06
 Reference value :  3.99341e-06
 Reference value :  3.99403e-06
 Reference value :  3.99454e-06
 Reference value :  3.99514e-06
 Reference value :  3.99561e-06
 Reference value :  3.99601e-06
 Reference value :  3.99663e-06
 Reference value :  4.00013e-06
 Reference value :  4.00913e-06
 Reference value :  4.01863e-06
 Reference value :  4.02763e-06
 Reference value :  4.03288e-06
 Reference value :  4.03296e-06
 Reference value :  4.03318e-06
 Reference value :  4.03358e-06
 Reference value :  4.03378e-06
 Reference value :  4.03391e-06
 Reference value :  4.03417e-06
 Reference value :  4.03437e-06
 Reference value :  4.03471e-06
 Reference value :  4.03501e-06
 Reference value :  4.03554e-06
 Reference value :  4.03754e-06
 Reference value :  4.04498e-06
 Reference value :  4.05398e-06
 Reference value :  4.06248e-06
 Reference value :  4.07148e-06
 Reference value :  4.07455e-06
 Reference value :  4.07467e-06
 Reference value :  4.07499e-06
 Reference value :  4.07547e-06
 Reference value :  4.07568e-06
 Reference value :  4.07601e-06
 Reference value :  4.07640e-06
 Reference value :  4.07667e-06
 Reference value :  4.07712e-06
 Reference value :  4.07770e-06
 Reference value :  4.07813e-06
 Reference value :  4.07870e-06
 Reference value :  4.07915e-06
 Reference value :  4.07979e-06
 Reference value :  4.08039e-06
 Reference value :  4.08346e-06
 Reference value :  4.09146e-06
 Reference value :  4.09896e-06
 Reference value :  4.10596e-06
 Reference value :  4.11146e-06
 Reference value :  4.11621e-06
 Reference value :  4.11633e-06
 Reference value :  4.11655e-06
 Reference value :  4.11689e-06
 Reference value :  4.11703e-06
 Reference value :  4.11727e-06
 Reference value :  4.11755e-06
 Reference value :  4.11769e-06
 Reference value :  4.11790e-06
 Reference value :  4.11805e-06
 Reference value :  4.11814e-06
 Reference value :  4.11825e-06
 Reference value :  4.11842e-06
 Reference value :  4.11860e-06
 Reference value :  4.11880e-06
 Reference value :  4.11927e-06
 Reference value :  4.12044e-06
 Reference value :  4.12826e-06
 Reference value :  4.13526e-06
 Reference value :  4.14326e-06
 Reference value :  4.15126e-06
 Reference value :  4.15784e-06
 Reference value :  4.15793e-06
 Reference value :  4.15806e-06
 Reference value :  4.15837e-06
 Reference value :  4.15879e-06
 Reference value :  4.15902e-06
 Reference value :  4.15928e-06
 Reference value :  4.15954e-06
 Reference value :  4.16020e-06
 Reference value :  4.16065e-06
 Reference value :  4.16100e-06
 Reference value :  4.16168e-06
 Reference value :  4.16329e-06
 Reference value :  4.17007e-06
 Reference value :  4.17707e-06
 Reference value :  4.18307e-06
 Reference value :  4.19257e-06
 Reference value :  4.19952e-06
 Reference value :  4.19964e-06
 Reference value :  4.19988e-06
 Reference value :  4.20023e-06
 Reference value :  4.20039e-06
 Reference value :  4.20058e-06
 Reference value :  4.20075e-06
 Reference value :  4.20098e-06
 Reference value :  4.20112e-06
 Reference value :  4.20136e-06
 Reference value :  4.20159e-06
 Reference value :  4.20199e-06
 Reference value :  4.20608e-06
 Reference value :  4.21558e-06
 Reference value :  4.22458e-06
 Reference value :  4.23108e-06
 Reference value :  4.23908e-06
 Reference value :  4.24126e-06
 Reference value :  4.24153e-06
 Reference value :  4.24218e-06
 Reference value :  4.24248e-06
 Reference value :  4.24273e-06
 Reference value :  4.24311e-06
 Reference value :  4.24355e-06
 Reference value :  4.24395e-06
 Reference value :  4.24423e-06
 Reference value :  4.24460e-06
 Reference value :  4.24647e-06
 Reference value :  4.25525e-06
 Reference value :  4.26375e-06
 Reference value :  4.27375e-06
 Reference value :  4.27975e-06
 Reference value :  4.28288e-06
 Reference value :  4.28305e-06
 Reference value :  4.28344e-06
 Reference value :  4.28369e-06
 Reference value :  4.28383e-06
 Reference value :  4.28396e-06
 Reference value :  4.28408e-06
 Reference value :  4.28424e-06
 Reference value :  4.28436e-06
 Reference value :  4.28459e-06
 Reference value :  4.28482e-06
 Reference value :  4.28505e-06
 Reference value :  4.28539e-06
 Reference value :  4.28721e-06
 Reference value :  4.29470e-06
 Reference value :  4.30270e-06
 Reference value :  4.30970e-06
 Reference value :  4.31870e-06
 Reference value :  4.32454e-06
 Reference value :  4.32472e-06
 Reference value :  4.32511e-06
 Reference value :  4.32550e-06
 Reference value :  4.32566e-06
 Reference value :  4.32595e-06
 Reference value :  4.32655e-06
 Reference value :  4.32727e-06
 Reference value :  4.32813e-06
 Reference value :  4.32864e-06
 Reference value :  4.33190e-06
 Reference value :  4.34240e-06
 Reference value :  4.35090e-06
 Reference value :  4.35159e-06
 Reference value :  4.35238e-06
 Reference value :  4.35272e-06
 Reference value :  4.35329e-06
 Reference value :  4.35584e-06
 Reference value :  4.36427e-06
 Reference value :  4.36624e-06
 Reference value :  4.36633e-06
 Reference value :  4.36666e-06
 Reference value :  4.36697e-06
 Reference value :  4.36708e-06
 Reference value :  4.36718e-06
 Reference value :  4.36734e-06
 Reference value :  4.36753e-06
 Reference value :  4.36767e-06
 Reference value :  4.36785e-06
 Reference value :  4.36807e-06
 Reference value :  4.36830e-06
 Reference value :  4.36868e-06
 Reference value :  4.36958e-06
 Reference value :  4.37809e-06
 Reference value :  4.38659e-06
 Reference value :  4.39509e-06
 Reference value :  4.40459e-06
 Reference value :  4.40790e-06
 Reference value :  4.40800e-06
 Reference value :  4.40826e-06
 Reference value :  4.40878e-06
 Reference value :  4.40900e-06
 Reference value :  4.40931e-06
 Reference value :  4.40954e-06
 Reference value :  4.41014e-06
 Reference value :  4.41091e-06
 Reference value :  4.41164e-06
 Reference value :  4.41283e-06
 Reference value :  4.42079e-06
 Reference value :  4.42979e-06
 Reference value :  4.43070e-06
 Reference value :  4.43173e-06
 Reference value :  4.43698e-06
 Reference value :  4.44848e-06
 Reference value :  4.44958e-06
 Reference value :  4.44973e-06
 Reference value :  4.44993e-06
 Reference value :  4.45022e-06
 Reference value :  4.45038e-06
 Reference value :  4.45056e-06
 Reference value :  4.45082e-06
 Reference value :  4.45092e-06
 Reference value :  4.45108e-06
 Reference value :  4.45149e-06
 Reference value :  4.45198e-06
 Reference value :  4.45518e-06
 Reference value :  4.46118e-06
 Reference value :  4.46768e-06
 Reference value :  4.47568e-06
 Reference value :  4.48368e-06
 Reference value :  4.49119e-06
 Reference value :  4.49131e-06
 Reference value :  4.49149e-06
 Reference value :  4.49179e-06
 Reference value :  4.49217e-06
 Reference value :  4.49244e-06
 Reference value :  4.49285e-06
 Reference value :  4.49333e-06
 Reference value :  4.49387e-06
 Reference value :  4.49464e-06
 Reference value :  4.49522e-06
 Reference value :  4.49972e-06
 Reference value :  4.51122e-06
 Reference value :  4.51672e-06
 Reference value :  4.51814e-06
 Reference value :  4.51989e-06
 Reference value :  4.52013e-06
 Reference value :  4.52042e-06
 Reference value :  4.52108e-06
 Reference value :  4.52355e-06
 Reference value :  4.52995e-06
 Reference value :  4.53293e-06
 Reference value :  4.53319e-06
 Reference value :  4.53356e-06
 Reference value :  4.53370e-06
 Reference value :  4.53380e-06
 Reference value :  4.53394e-06
 Reference value :  4.53427e-06
 Reference value :  4.53444e-06
 Reference value :  4.53459e-06
 Reference value :  4.53476e-06
 Reference value :  4.53501e-06
 Reference value :  4.53542e-06
 Reference value :  4.53903e-06
 Reference value :  4.54803e-06
 Reference value :  4.55903e-06
 Reference value :  4.56503e-06
 Reference value :  4.57203e-06
 Reference value :  4.57460e-06
 Reference value :  4.57477e-06
 Reference value :  4.57539e-06
 Reference value :  4.57556e-06
 Reference value :  4.57595e-06
 Reference value :  4.57635e-06
 Reference value :  4.57701e-06
 Reference value :  4.57793e-06
 Reference value :  4.57831e-06
 Reference value :  4.57979e-06
 Reference value :  4.58753e-06
 Reference value :  4.59703e-06
 Reference value :  4.60144e-06
 Reference value :  4.60292e-06
 Reference value :  4.60320e-06
 Reference value :  4.60366e-06
 Reference value :  4.60477e-06
 Reference value :  4.61172e-06
 Reference value :  4.61619e-06
 Reference value :  4.61628e-06
 Reference value :  4.61649e-06
 Reference value :  4.61674e-06
 Reference value :  4.61697e-06
 Reference value :  4.61713e-06
 Reference value :  4.61722e-06
 Reference value :  4.61743e-06
 Reference value :  4.61765e-06
 Reference value :  4.61782e-06
 Reference value :  4.61808e-06
 Reference value :  4.61832e-06
 Reference value :  4.61858e-06
 Reference value :  4.61979e-06
 Reference value :  4.62768e-06
 Reference value :  4.63618e-06
 Reference value :  4.64368e-06
 Reference value :  4.65018e-06
 Reference value :  4.65783e-06
 Reference value :  4.65793e-06
 Reference value :  4.65820e-06
 Reference value :  4.65881e-06
 Reference value :  4.65893e-06
 Reference value :  4.65926e-06
 Reference value :  4.65964e-06
 Reference value :  4.66027e-06
 Reference value :  4.66109e-06
 Reference value :  4.66163e-06
 Reference value :  4.66250e-06
 Reference value :  4.67021e-06
 Reference value :  4.68121e-06
 Reference value :  4.68345e-06
 Reference value :  4.68441e-06
 Reference value :  4.68475e-06
 Reference value :  4.68513e-06
 Reference value :  4.68693e-06
 Reference value :  4.69540e-06
 Reference value :  4.69954e-06
 Reference value :  4.69976e-06
 Reference value :  4.70002e-06
 Reference value :  4.70030e-06
 Reference value :  4.70046e-06
 Reference value :  4.70060e-06
 Reference value :  4.70086e-06
 Reference value :  4.70107e-06
 Reference value :  4.70121e-06
 Reference value :  4.70133e-06
 Reference value :  4.70159e-06
 Reference value :  4.70192e-06
 Reference value :  4.70307e-06
 Reference value :  4.71124e-06
 Reference value :  4.72124e-06
 Reference value :  4.73274e-06
 Reference value :  4.74117e-06
 Reference value :  4.74131e-06
 Reference value :  4.74159e-06
 Reference value :  4.74217e-06
 Reference value :  4.74244e-06
 Reference value :  4.74282e-06
 Reference value :  4.74340e-06
 Reference value :  4.74399e-06
 Reference value :  4.74486e-06
 Reference value :  4.74559e-06
 Reference value :  4.75256e-06
 Reference value :  4.76356e-06
 Reference value :  4.76632e-06
 Reference value :  4.76775e-06
 Reference value :  4.76795e-06
 Reference value :  4.76826e-06
 Reference value :  4.76921e-06
 Reference value :  4.77530e-06
 Reference value :  4.78283e-06
 Reference value :  4.78292e-06
 Reference value :  4.78311e-06
 Reference value :  4.78340e-06
 Reference value :  4.78366e-06
 Reference value :  4.78379e-06
 Reference value :  4.78389e-06
 Reference value :  4.78401e-06
 Reference value :  4.78419e-06
 Reference value :  4.78432e-06
 Reference value :  4.78450e-06
 Reference value :  4.78463e-06
 Reference value :  4.78487e-06
 Reference value :  4.78516e-06
 Reference value :  4.78609e-06
 Reference value :  4.79101e-06
 Reference value :  4.79901e-06
 Reference value :  4.80801e-06
 Reference value :  4.81701e-06
 Reference value :  4.82453e-06
 Reference value :  4.82464e-06
 Reference value :  4.82485e-06
 Reference value :  4.82529e-06
 Reference value :  4.82545e-06
 Reference value :  4.82570e-06
 Reference value :  4.82603e-06
 Reference value :  4.82655e-06
 Reference value :  4.82724e-06
 Reference value :  4.82787e-06
 Reference value :  4.82855e-06
 Reference value :  4.83146e-06
 Reference value :  4.84396e-06
 Reference value :  4.84996e-06
 Reference value :  4.85105e-06
 Reference value :  4.85213e-06
 Reference value :  4.85237e-06
 Reference value :  4.85276e-06
 Reference value :  4.85427e-06
 Reference value :  4.86327e-06
 Reference value :  4.86625e-06
 Reference value :  4.86640e-06
 Reference value :  4.86656e-06
 Reference value :  4.86689e-06
 Reference value :  4.86706e-06
 Reference value :  4.86724e-06
 Reference value :  4.86735e-06
 Reference value :  4.86757e-06
 Reference value :  4.86774e-06
 Reference value :  4.86790e-06
 Reference value :  4.86806e-06
 Reference value :  4.86824e-06
 Reference value :  4.86856e-06
 Reference value :  4.86925e-06
 Reference value :  4.87640e-06
 Reference value :  4.88590e-06
 Reference value :  4.89240e-06
 Reference value :  4.90190e-06
 Reference value :  4.90787e-06
 Reference value :  4.90806e-06
 Reference value :  4.90851e-06
 Reference value :  4.90886e-06
 Reference value :  4.90908e-06
 Reference value :  4.90930e-06
 Reference value :  4.90954e-06
 Reference value :  4.90995e-06
 Reference value :  4.91026e-06
 Reference value :  4.91069e-06
 Reference value :  4.91125e-06
 Reference value :  4.91172e-06
 Reference value :  4.91236e-06
 Reference value :  4.91561e-06
 Reference value :  4.92211e-06
 Reference value :  4.92861e-06
 Reference value :  4.93361e-06
 Reference value :  4.93453e-06
 Reference value :  4.93544e-06
 Reference value :  4.93581e-06
 Reference value :  4.93598e-06
 Reference value :  4.93616e-06
 Reference value :  4.93649e-06
 Reference value :  4.93716e-06
 Reference value :  4.93932e-06
 Reference value :  4.94341e-06
 Reference value :  4.94815e-06
 Reference value :  4.94955e-06
 Reference value :  4.94963e-06
 Reference value :  4.94978e-06
 Reference value :  4.94993e-06
 Reference value :  4.95021e-06
 Reference value :  4.95030e-06
 Reference value :  4.95038e-06
 Reference value :  4.95046e-06
 Reference value :  4.95058e-06
 Reference value :  4.95070e-06
 Reference value :  4.95089e-06
 Reference value :  4.95098e-06
 Reference value :  4.95107e-06
 Reference value :  4.95119e-06
 Reference value :  4.95129e-06
 Reference value :  4.95150e-06
 Reference value :  4.95168e-06
 Reference value :  4.95191e-06
 Reference value :  4.95238e-06
 Reference value :  4.95432e-06
 Reference value :  4.95932e-06
 Reference value :  4.96482e-06
 Reference value :  4.96982e-06
 Reference value :  4.97532e-06
 Reference value :  4.98082e-06
 Reference value :  4.98632e-06
 Reference value :  4.99117e-06
 Reference value :  4.99125e-06
 Reference value :  4.99136e-06
 Reference value :  4.99154e-06
 Reference value :  4.99190e-06
 Reference value :  4.99212e-06
 Reference value :  4.99220e-06
 Reference value :  4.99239e-06
 Reference value :  4.99251e-06
 Reference value :  4.99279e-06
 Reference value :  4.99309e-06
 Reference value :  4.99347e-06
 Reference value :  4.99381e-06
 Reference value :  4.99417e-06
 Reference value :  4.99464e-06
 Reference value :  4.99496e-06
 Reference value :  4.99561e-06
 Reference value :  4.99720e-06
 Reference value :  5.00322e-06
 Reference value :  5.00922e-06
 Reference value :  5.01522e-06
 Reference value :  5.01700e-06
 Reference value :  5.01840e-06
 Reference value :  5.01910e-06
 Reference value :  5.02366e-06
 Reference value :  5.02966e-06
 Reference value :  5.03285e-06
 Reference value :  5.03292e-06
 Reference value :  5.03301e-06
 Reference value :  5.03317e-06
 Reference value :  5.03332e-06
 Reference value :  5.03356e-06
 Reference value :  5.03368e-06
 Reference value :  5.03381e-06
 Reference value :  5.03396e-06
 Reference value :  5.03412e-06
 Reference value :  5.03425e-06
 Reference value :  5.03439e-06
 Reference value :  5.03458e-06
 Reference value :  5.03482e-06
 Reference value :  5.03515e-06
 Reference value :  5.03551e-06
 Reference value :  5.03858e-06
 Reference value :  5.04608e-06
 Reference value :  5.05158e-06
 Reference value :  5.05708e-06
 Reference value :  5.06258e-06
 Reference value :  5.06808e-06
 Reference value :  5.07358e-06
 Reference value :  5.07456e-06
 Reference value :  5.07464e-06
 Reference value :  5.07479e-06
 Reference value :  5.07500e-06
 Reference value :  5.07543e-06
 Reference value :  5.07553e-06
 Reference value :  5.07566e-06
 Reference value :  5.07580e-06
 Reference value :  5.07605e-06
 Reference value :  5.07626e-06
 Reference value :  5.07670e-06
 Reference value :  5.07713e-06
 Reference value :  5.07749e-06
 Reference value :  5.07805e-06
 Reference value :  5.07846e-06
 Reference value :  5.07913e-06
 Reference value :  5.08334e-06
 Reference value :  5.09084e-06
 Reference value :  5.09734e-06
 Reference value :  5.09902e-06
 Reference value :  5.10023e-06
 Reference value :  5.10091e-06
 Reference value :  5.10391e-06
 Reference value :  5.10934e-06
 Reference value :  5.11454e-06
 Reference value :  5.11620e-06
 Reference value :  5.11626e-06
 Reference value :  5.11638e-06
 Reference value :  5.11658e-06
 Reference value :  5.11685e-06
 Reference value :  5.11697e-06
 Reference value :  5.11706e-06
 Reference value :  5.11715e-06
 Reference value :  5.11722e-06
 Reference value :  5.11735e-06
 Reference value :  5.11744e-06
 Reference value :  5.11751e-06
 Reference value :  5.11764e-06
 Reference value :  5.11770e-06
 Reference value :  5.11787e-06
 Reference value :  5.11804e-06
 Reference value :  5.11814e-06
 Reference value :  5.11824e-06
 Reference value :  5.11840e-06
 Reference value :  5.11856e-06
 Reference value :  5.11876e-06
 Reference value :  5.11914e-06
 Reference value :  5.12162e-06
 Reference value :  5.12812e-06
 Reference value :  5.13362e-06
 Reference value :  5.13912e-06
 Reference value :  5.14412e-06
 Reference value :  5.14912e-06
 Reference value :  5.15412e-06
 Reference value :  5.15784e-06
 Reference value :  5.15793e-06
 Reference value :  5.15802e-06
 Reference value :  5.15819e-06
 Reference value :  5.15875e-06
 Reference value :  5.15888e-06
 Reference value :  5.15907e-06
 Reference value :  5.15920e-06
 Reference value :  5.15944e-06
 Reference value :  5.15971e-06
 Reference value :  5.16023e-06
 Reference value :  5.16044e-06
 Reference value :  5.16059e-06
 Reference value :  5.16086e-06
 Reference value :  5.16114e-06
 Reference value :  5.16147e-06
 Reference value :  5.16183e-06
 Reference value :  5.16284e-06
 Reference value :  5.16694e-06
 Reference value :  5.17244e-06
 Reference value :  5.17794e-06
 Reference value :  5.18344e-06
 Reference value :  5.18844e-06
 Reference value :  5.19344e-06
 Reference value :  5.19844e-06
 Reference value :  5.19953e-06
 Reference value :  5.19963e-06
 Reference value :  5.19975e-06
 Reference value :  5.19990e-06
 Reference value :  5.20015e-06
 Reference value :  5.20029e-06
 Reference value :  5.20038e-06
 Reference value :  5.20051e-06
 Reference value :  5.20057e-06
 Reference value :  5.20066e-06
 Reference value :  5.20074e-06
 Reference value :  5.20087e-06
 Reference value :  5.20097e-06
 Reference value :  5.20110e-06
 Reference value :  5.20124e-06
 Reference value :  5.20137e-06
 Reference value :  5.20159e-06
 Reference value :  5.20183e-06
 Reference value :  5.20223e-06
 Reference value :  5.20407e-06
 Reference value :  5.20920e-06
 Reference value :  5.21470e-06
 Reference value :  5.22020e-06
 Reference value :  5.22570e-06
 Reference value :  5.23120e-06
 Reference value :  5.23670e-06
 Reference value :  5.24117e-06
 Reference value :  5.24127e-06
 Reference value :  5.24139e-06
 Reference value :  5.24163e-06
 Reference value :  5.24214e-06
 Reference value :  5.24225e-06
 Reference value :  5.24250e-06
 Reference value :  5.24267e-06
 Reference value :  5.24290e-06
 Reference value :  5.24323e-06
 Reference value :  5.24362e-06
 Reference value :  5.24376e-06
 Reference value :  5.24387e-06
 Reference value :  5.24408e-06
 Reference value :  5.24439e-06
 Reference value :  5.24485e-06
 Reference value :  5.24547e-06
 Reference value :  5.24866e-06
 Reference value :  5.25416e-06
 Reference value :  5.26066e-06
 Reference value :  5.26616e-06
 Reference value :  5.27166e-06
 Reference value :  5.27716e-06
 Reference value :  5.28250e-06
 Reference value :  5.28289e-06
 Reference value :  5.28297e-06
 Reference value :  5.28312e-06
 Reference value :  5.28330e-06
 Reference value :  5.28355e-06
 Reference value :  5.28366e-06
 Reference value :  5.28377e-06
 Reference value :  5.28385e-06
 Reference value :  5.28398e-06
 Reference value :  5.28408e-06
 Reference value :  5.28425e-06
 Reference value :  5.28441e-06
 Reference value :  5.28457e-06
 Reference value :  5.28473e-06
 Reference value :  5.28494e-06
 Reference value :  5.28526e-06
 Reference value :  5.28582e-06
 Reference value :  5.28814e-06
 Reference value :  5.29364e-06
 Reference value :  5.29914e-06
 Reference value :  5.30464e-06
 Reference value :  5.31014e-06
 Reference value :  5.31514e-06
 Reference value :  5.32014e-06
 Reference value :  5.32451e-06
 Reference value :  5.32459e-06
 Reference value :  5.32468e-06
 Reference value :  5.32490e-06
 Reference value :  5.32526e-06
 Reference value :  5.32547e-06
 Reference value :  5.32555e-06
 Reference value :  5.32570e-06
 Reference value :  5.32593e-06
 Reference value :  5.32615e-06
 Reference value :  5.32648e-06
 Reference value :  5.32674e-06
 Reference value :  5.32697e-06
 Reference value :  5.32718e-06
 Reference value :  5.32756e-06
 Reference value :  5.32791e-06
 Reference value :  5.32823e-06
 Reference value :  5.32859e-06
 Reference value :  5.32960e-06
 Reference value :  5.33389e-06
 Reference value :  5.33831e-06
 Reference value :  5.34054e-06
 Reference value :  5.34107e-06
 Reference value :  5.34208e-06
 Reference value :  5.34642e-06
 Reference value :  5.35192e-06
 Reference value :  5.35742e-06
 Reference value :  5.36292e-06
 Reference value :  5.36620e-06
 Reference value :  5.36627e-06
 Reference value :  5.36644e-06
 Reference value :  5.36658e-06
 Reference value :  5.36685e-06
 Reference value :  5.36696e-06
 Reference value :  5.36701e-06
 Reference value :  5.36715e-06
 Reference value :  5.36729e-06
 Reference value :  5.36749e-06
 Reference value :  5.36762e-06
 Reference value :  5.36770e-06
 Reference value :  5.36788e-06
 Reference value :  5.36809e-06
 Reference value :  5.36825e-06
 Reference value :  5.36855e-06
 Reference value :  5.36895e-06
 Reference value :  5.37053e-06
 Reference value :  5.37669e-06
 Reference value :  5.38369e-06
 Reference value :  5.39119e-06
 Reference value :  5.39869e-06
 Reference value :  5.40669e-06
 Reference value :  5.40792e-06
 Reference value :  5.40810e-06
 Reference value :  5.40843e-06
 Reference value :  5.40876e-06
 Reference value :  5.40892e-06
 Reference value :  5.40915e-06
 Reference value :  5.40938e-06
 Reference value :  5.40957e-06
 Reference value :  5.41046e-06
 Reference value :  5.41190e-06
 Reference value :  5.41298e-06
 Reference value :  5.41467e-06
 Reference value :  5.41868e-06
 Reference value :  5.42418e-06
 Reference value :  5.42968e-06
 Reference value :  5.43518e-06
 Reference value :  5.44018e-06
 Reference value :  5.44518e-06
 Reference value :  5.44951e-06
 Reference value :  5.44958e-06
 Reference value :  5.44964e-06
 Reference value :  5.44979e-06
 Reference value :  5.44996e-06
 Reference value :  5.45018e-06
 Reference value :  5.45030e-06
 Reference value :  5.45038e-06
 Reference value :  5.45046e-06
 Reference value :  5.45058e-06
 Reference value :  5.45083e-06
 Reference value :  5.45106e-06
 Reference value :  5.45121e-06
 Reference value :  5.45143e-06
 Reference value :  5.45176e-06
 Reference value :  5.45216e-06
 Reference value :  5.45407e-06
 Reference value :  5.45907e-06
 Reference value :  5.46407e-06
 Reference value :  5.46957e-06
 Reference value :  5.47457e-06
 Reference value :  5.47957e-06
 Reference value :  5.48457e-06
 Reference value :  5.48957e-06
 Reference value :  5.49120e-06
 Reference value :  5.49130e-06
 Reference value :  5.49143e-06
 Reference value :  5.49169e-06
 Reference value :  5.49212e-06
 Reference value :  5.49223e-06
 Reference value :  5.49242e-06
 Reference value :  5.49261e-06
 Reference value :  5.49289e-06
 Reference value :  5.49347e-06
 Reference value :  5.49411e-06
 Reference value :  5.49499e-06
 Reference value :  5.49540e-06
 Reference value :  5.49610e-06
 Reference value :  5.49787e-06
 Reference value :  5.50243e-06
 Reference value :  5.50743e-06
 Reference value :  5.51243e-06
 Reference value :  5.51743e-06
 Reference value :  5.52393e-06
 Reference value :  5.52943e-06
 Reference value :  5.53286e-06
 Reference value :  5.53294e-06
 Reference value :  5.53304e-06
 Reference value :  5.53318e-06
 Reference value :  5.53335e-06
 Reference value :  5.53353e-06
 Reference value :  5.53365e-06
 Reference value :  5.53371e-06
 Reference value :  5.53381e-06
 Reference value :  5.53396e-06
 Reference value :  5.53411e-06
 Reference value :  5.53436e-06
 Reference value :  5.53453e-06
 Reference value :  5.53474e-06
 Reference value :  5.53500e-06
 Reference value :  5.53534e-06
 Reference value :  5.53648e-06
 Reference value :  5.54145e-06
 Reference value :  5.54645e-06
 Reference value :  5.55145e-06
 Reference value :  5.55645e-06
 Reference value :  5.56145e-06
 Reference value :  5.56645e-06
 Reference value :  5.57145e-06
 Reference value :  5.57452e-06
 Reference value :  5.57462e-06
 Reference value :  5.57472e-06
 Reference value :  5.57487e-06
 Reference value :  5.57518e-06
 Reference value :  5.57545e-06
 Reference value :  5.57557e-06
 Reference value :  5.57580e-06
 Reference value :  5.57601e-06
 Reference value :  5.57618e-06
 Reference value :  5.57655e-06
 Reference value :  5.57709e-06
 Reference value :  5.57808e-06
 Reference value :  5.57885e-06
 Reference value :  5.57938e-06
 Reference value :  5.58026e-06
 Reference value :  5.58479e-06
 Reference value :  5.59129e-06
 Reference value :  5.59629e-06
 Reference value :  5.60129e-06
 Reference value :  5.60629e-06
 Reference value :  5.61129e-06
 Reference value :  5.61617e-06
 Reference value :  5.61623e-06
 Reference value :  5.61631e-06
 Reference value :  5.61644e-06
 Reference value :  5.61659e-06
 Reference value :  5.61681e-06
 Reference value :  5.61695e-06
 Reference value :  5.61705e-06
 Reference value :  5.61717e-06
 Reference value :  5.61736e-06
 Reference value :  5.61754e-06
 Reference value :  5.61778e-06
 Reference value :  5.61799e-06
 Reference value :  5.61820e-06
 Reference value :  5.61845e-06
 Reference value :  5.61892e-06
 Reference value :  5.62133e-06
 Reference value :  5.62633e-06
 Reference value :  5.63133e-06
 Reference value :  5.63633e-06
 Reference value :  5.64133e-06
 Reference value :  5.64683e-06
 Reference value :  5.65183e-06
 Reference value :  5.65683e-06
 Reference value :  5.65789e-06
 Reference value :  5.65798e-06
 Reference value :  5.65816e-06
 Reference value :  5.65841e-06
 Reference value :  5.65884e-06
 Reference value :  5.65909e-06
 Reference value :  5.65925e-06
 Reference value :  5.65946e-06
 Reference value :  5.65972e-06
 Reference value :  5.66045e-06
 Reference value :  5.66159e-06
 Reference value :  5.66234e-06
 Reference value :  5.66318e-06
 Reference value :  5.66633e-06
 Reference value :  5.67128e-06
 Reference value :  5.67678e-06
 Reference value :  5.68178e-06
 Reference value :  5.68678e-06
 Reference value :  5.69228e-06
 Reference value :  5.69728e-06
 Reference value :  5.69954e-06
 Reference value :  5.69962e-06
 Reference value :  5.69971e-06
 Reference value :  5.69983e-06
 Reference value :  5.69998e-06
 Reference value :  5.70023e-06
 Reference value :  5.70032e-06
 Reference value :  5.70041e-06
 Reference value :  5.70052e-06
 Reference value :  5.70079e-06
 Reference value :  5.70096e-06
 Reference value :  5.70119e-06
 Reference value :  5.70135e-06
 Reference value :  5.70158e-06
 Reference value :  5.70192e-06
 Reference value :  5.70320e-06
 Reference value :  5.70767e-06
 Reference value :  5.71267e-06
 Reference value :  5.71767e-06
 Reference value :  5.72267e-06
 Reference value :  5.72767e-06
 Reference value :  5.73267e-06
 Reference value :  5.73767e-06
 Reference value :  5.74120e-06
 Reference value :  5.74129e-06
 Reference value :  5.74142e-06
 Reference value :  5.74162e-06
 Reference value :  5.74198e-06
 Reference value :  5.74209e-06
 Reference value :  5.74217e-06
 Reference value :  5.74233e-06
 Reference value :  5.74252e-06
 Reference value :  5.74274e-06
 Reference value :  5.74298e-06
 Reference value :  5.74371e-06
 Reference value :  5.74480e-06
 Reference value :  5.74555e-06
 Reference value :  5.74652e-06
 Reference value :  5.75043e-06
 Reference value :  5.75543e-06
 Reference value :  5.76043e-06
 Reference value :  5.76543e-06
 Reference value :  5.77043e-06
 Reference value :  5.77543e-06
 Reference value :  5.78043e-06
 Reference value :  5.78286e-06
 Reference value :  5.78295e-06
 Reference value :  5.78307e-06
 Reference value :  5.78318e-06
 Reference value :  5.78333e-06
 Reference value :  5.78357e-06
 Reference value :  5.78371e-06
 Reference value :  5.78385e-06
 Reference value :  5.78405e-06
 Reference value :  5.78427e-06
 Reference value :  5.78451e-06
 Reference value :  5.78469e-06
 Reference value :  5.78496e-06
 Reference value :  5.78534e-06
 Reference value :  5.78718e-06
 Reference value :  5.79253e-06
 Reference value :  5.79753e-06
 Reference value :  5.80353e-06
 Reference value :  5.80903e-06
 Reference value :  5.81403e-06
 Reference value :  5.81903e-06
 Reference value :  5.82450e-06
 Reference value :  5.82458e-06
 Reference value :  5.82466e-06
 Reference value :  5.82482e-06
 Reference value :  5.82503e-06
 Reference value :  5.82542e-06
 Reference value :  5.82550e-06
 Reference value :  5.82567e-06
 Reference value :  5.82586e-06
 Reference value :  5.82605e-06
 Reference value :  5.82627e-06
 Reference value :  5.82672e-06
 Reference value :  5.82796e-06
 Reference value :  5.82847e-06
 Reference value :  5.82882e-06
 Reference value :  5.82939e-06
 Reference value :  5.83130e-06
 Reference value :  5.83630e-06
 Reference value :  5.84130e-06
 Reference value :  5.84630e-06
 Reference value :  5.85130e-06
 Reference value :  5.85680e-06
 Reference value :  5.86230e-06
 Reference value :  5.86617e-06
 Reference value :  5.86628e-06
 Reference value :  5.86642e-06
 Reference value :  5.86657e-06
 Reference value :  5.86681e-06
 Reference value :  5.86698e-06
 Reference value :  5.86708e-06
 Reference value :  5.86724e-06
 Reference value :  5.86737e-06
 Reference value :  5.86758e-06
 Reference value :  5.86786e-06
 Reference value :  5.86816e-06
 Reference value :  5.86845e-06
 Reference value :  5.86905e-06
 Reference value :  5.87309e-06
 Reference value :  5.87809e-06
 Reference value :  5.88309e-06
 Reference value :  5.88909e-06
 Reference value :  5.89609e-06
 Reference value :  5.90309e-06
 Reference value :  5.90786e-06
 Reference value :  5.90800e-06
 Reference value :  5.90819e-06
 Reference value :  5.90872e-06
 Reference value :  5.90895e-06
 Reference value :  5.90918e-06
 Reference value :  5.90941e-06
 Reference value :  5.90975e-06
 Reference value :  5.91058e-06
 Reference value :  5.91197e-06
 Reference value :  5.91501e-06
 Reference value :  5.92004e-06
 Reference value :  5.92498e-06
 Reference value :  5.92997e-06
 Reference value :  5.93497e-06
 Reference value :  5.93997e-06
 Reference value :  5.94497e-06
 Reference value :  5.94950e-06
 Reference value :  5.94956e-06
 Reference value :  5.94963e-06
 Reference value :  5.94972e-06
 Reference value :  5.94985e-06
 Reference value :  5.94998e-06
 Reference value :  5.95024e-06
 Reference value :  5.95039e-06
 Reference value :  5.95050e-06
 Reference value :  5.95065e-06
 Reference value :  5.95081e-06
 Reference value :  5.95100e-06
 Reference value :  5.95117e-06
 Reference value :  5.95144e-06
 Reference value :  5.95179e-06
 Reference value :  5.95257e-06
 Reference value :  5.95660e-06
 Reference value :  5.96160e-06
 Reference value :  5.96660e-06
 Reference value :  5.97160e-06
 Reference value :  5.97660e-06
 Reference value :  5.98210e-06
 Reference value :  5.98760e-06
 Reference value :  5.99118e-06
 Reference value :  5.99126e-06
 Reference value :  5.99139e-06
 Reference value :  5.99156e-06
 Reference value :  5.99205e-06
 Reference value :  5.99218e-06
 Reference value :  5.99238e-06
 Reference value :  5.99261e-06
 Reference value :  5.99284e-06
 Reference value :  5.99322e-06
 Reference value :  5.99411e-06
 Reference value :  5.99606e-06
 Reference value :  5.99889e-06
 Reference value :  6.00371e-06
 Reference value :  6.00853e-06
 Reference value :  6.01403e-06
 Reference value :  6.01903e-06
 Reference value :  6.02403e-06
 Reference value :  6.02953e-06
 Reference value :  6.03286e-06
 Reference value :  6.03294e-06
 Reference value :  6.03304e-06
 Reference value :  6.03317e-06
 Reference value :  6.03331e-06
 Reference value :  6.03354e-06
 Reference value :  6.03365e-06
 Reference value :  6.03377e-06
 Reference value :  6.03386e-06
 Reference value :  6.03405e-06
 Reference value :  6.03426e-06
 Reference value :  6.03440e-06
 Reference value :  6.03457e-06
 Reference value :  6.03485e-06
 Reference value :  6.03515e-06
 Reference value :  6.03552e-06
 Reference value :  6.03629e-06
 Reference value :  6.04044e-06
 Reference value :  6.04544e-06
 Reference value :  6.05094e-06
 Reference value :  6.05644e-06
 Reference value :  6.06144e-06
 Reference value :  6.06694e-06
 Reference value :  6.07294e-06
 Reference value :  6.07455e-06
 Reference value :  6.07469e-06
 Reference value :  6.07484e-06
 Reference value :  6.07518e-06
 Reference value :  6.07546e-06
 Reference value :  6.07562e-06
 Reference value :  6.07582e-06
 Reference value :  6.07610e-06
 Reference value :  6.07632e-06
 Reference value :  6.07740e-06
 Reference value :  6.07842e-06
 Reference value :  6.08155e-06
 Reference value :  6.08705e-06
 Reference value :  6.09255e-06
 Reference value :  6.09805e-06
 Reference value :  6.10355e-06
 Reference value :  6.10855e-06
 Reference value :  6.11405e-06
 Reference value :  6.11619e-06
 Reference value :  6.11628e-06
 Reference value :  6.11639e-06
 Reference value :  6.11654e-06
 Reference value :  6.11671e-06
 Reference value :  6.11689e-06
 Reference value :  6.11703e-06
 Reference value :  6.11714e-06
 Reference value :  6.11721e-06
 Reference value :  6.11728e-06
 Reference value :  6.11739e-06
 Reference value :  6.11749e-06
 Reference value :  6.11759e-06
 Reference value :  6.11769e-06
 Reference value :  6.11778e-06
 Reference value :  6.11794e-06
 Reference value :  6.11805e-06
 Reference value :  6.11816e-06
 Reference value :  6.11825e-06
 Reference value :  6.11835e-06
 Reference value :  6.11847e-06
 Reference value :  6.11860e-06
 Reference value :  6.11876e-06
 Reference value :  6.11895e-06
 Reference value :  6.11940e-06
 Reference value :  6.12128e-06
 Reference value :  6.12728e-06
 Reference value :  6.13278e-06
 Reference value :  6.13778e-06
 Reference value :  6.14328e-06
 Reference value :  6.14828e-06
 Reference value :  6.15328e-06
 Reference value :  6.15784e-06
 Reference value :  6.15792e-06
 Reference value :  6.15802e-06
 Reference value :  6.15819e-06
 Reference value :  6.15858e-06
 Reference value :  6.15878e-06
 Reference value :  6.15887e-06
 Reference value :  6.15904e-06
 Reference value :  6.15918e-06
 Reference value :  6.15943e-06
 Reference value :  6.15959e-06
 Reference value :  6.16004e-06
 Reference value :  6.16032e-06
 Reference value :  6.16057e-06
 Reference value :  6.16092e-06
 Reference value :  6.16158e-06
 Reference value :  6.16225e-06
 Reference value :  6.16489e-06
 Reference value :  6.17039e-06
 Reference value :  6.17589e-06
 Reference value :  6.18139e-06
 Reference value :  6.18689e-06
 Reference value :  6.19239e-06
 Reference value :  6.19839e-06
 Reference value :  6.19955e-06
 Reference value :  6.19966e-06
 Reference value :  6.19984e-06
 Reference value :  6.20004e-06
 Reference value :  6.20025e-06
 Reference value :  6.20038e-06
 Reference value :  6.20051e-06
 Reference value :  6.20060e-06
 Reference value :  6.20071e-06
 Reference value :  6.20083e-06
 Reference value :  6.20093e-06
 Reference value :  6.20103e-06
 Reference value :  6.20118e-06
 Reference value :  6.20138e-06
 Reference value :  6.20158e-06
 Reference value :  6.20180e-06
 Reference value :  6.20218e-06
 Reference value :  6.20323e-06
 Reference value :  6.20699e-06
 Reference value :  6.21249e-06
 Reference value :  6.21799e-06
 Reference value :  6.22399e-06
 Reference value :  6.22949e-06
 Reference value :  6.23499e-06
 Reference value :  6.24083e-06
 Reference value :  6.24124e-06
 Reference value :  6.24132e-06
 Reference value :  6.24151e-06
 Reference value :  6.24192e-06
 Reference value :  6.24220e-06
 Reference value :  6.24241e-06
 Reference value :  6.24263e-06
 Reference value :  6.24287e-06
 Reference value :  6.24321e-06
 Reference value :  6.24358e-06
 Reference value :  6.24387e-06
 Reference value :  6.24410e-06
 Reference value :  6.24453e-06
 Reference value :  6.24492e-06
 Reference value :  6.24592e-06
 Reference value :  6.25117e-06
 Reference value :  6.25667e-06
 Reference value :  6.26217e-06
 Reference value :  6.26767e-06
 Reference value :  6.27317e-06
 Reference value :  6.27867e-06
 Reference value :  6.28284e-06
 Reference value :  6.28293e-06
 Reference value :  6.28301e-06
 Reference value :  6.28318e-06
No. of Data Rows : 30802

  Measurements for Transient Analysis

d9_c1               =  -6.14602e-06
d8_c1               =  7.67411e-05
d7_c1               =  1.79971e+00
d6_c1               =  1.79971e+00
d5_c1               =  1.79971e+00
d4_c1               =  7.68187e-05
d3_c1               =  1.79971e+00
d2_c1               =  7.69186e-05
d1_c1               =  1.79971e+00
d0_c1               =  7.72787e-05
d9_c2               =  -1.10075e-05
d8_c2               =  1.79971e+00
d7_c2               =  7.17764e-05
d6_c2               =  1.79971e+00
d5_c2               =  1.79971e+00
d4_c2               =  1.79971e+00
d3_c2               =  1.79971e+00
d2_c2               =  1.79971e+00
d1_c2               =  1.79971e+00
d0_c2               =  1.79971e+00
d9_c3               =  -1.04963e-05
d8_c3               =  1.79971e+00
d7_c3               =  1.79971e+00
d6_c3               =  1.79971e+00
d5_c3               =  1.79971e+00
d4_c3               =  1.79971e+00
d3_c3               =  1.79971e+00
d2_c3               =  1.79971e+00
d1_c3               =  1.79971e+00
d0_c3               =  1.79971e+00
d9_c4               =  1.79977e+00
d8_c4               =  7.04623e-05
d7_c4               =  1.79970e+00
d6_c4               =  7.04618e-05
d5_c4               =  7.04614e-05
d4_c4               =  7.04610e-05
d3_c4               =  7.04605e-05
d2_c4               =  7.04594e-05
d1_c4               =  7.04572e-05
d0_c4               =  1.79970e+00
d9_c5               =  1.79980e+00
d8_c5               =  1.79969e+00
d7_c5               =  1.79969e+00
d6_c5               =  1.79969e+00
d5_c5               =  1.79969e+00
d4_c5               =  1.79969e+00
d3_c5               =  1.79969e+00
d2_c5               =  1.79969e+00
d1_c5               =  1.79969e+00
d0_c5               =  1.79969e+00
busy_c1_p0          =  1.79969e+00
smpl_c1_p0          =  5.36844e-05
busy_c1_p1          =  1.79969e+00
smpl_c1_p1          =  4.00860e-05
busy_c1_p2          =  1.79970e+00
smpl_c1_p2          =  4.66791e-05
busy_c1_p3          =  1.79970e+00
smpl_c1_p3          =  5.17584e-05
busy_c1_p4          =  1.79969e+00
smpl_c1_p4          =  5.33206e-05
busy_c1_p5          =  1.79969e+00
smpl_c1_p5          =  5.31840e-05
busy_c1_p6          =  1.79970e+00
smpl_c1_p6          =  5.03357e-05
busy_c1_p7          =  1.79970e+00
smpl_c1_p7          =  5.29101e-05
busy_c1_p8          =  1.79969e+00
smpl_c1_p8          =  5.47943e-05
busy_c1_p9          =  1.79968e+00
smpl_c1_p9          =  5.23180e-05
busy_c1_p10         =  1.79969e+00
smpl_c1_p10         =  5.30931e-05
busy_c1_p11         =  9.77353e-05
smpl_c1_p11         =  1.79994e+00
busy_c2_p0          =  1.79970e+00
smpl_c2_p0          =  4.21792e-05
busy_c2_p1          =  1.79969e+00
smpl_c2_p1          =  5.06631e-05
busy_c2_p2          =  1.79970e+00
smpl_c2_p2          =  5.12016e-05
busy_c2_p3          =  1.79969e+00
smpl_c2_p3          =  5.05370e-05
busy_c2_p4          =  1.79969e+00
smpl_c2_p4          =  3.71023e-05
busy_c2_p5          =  1.79969e+00
smpl_c2_p5          =  5.21917e-05
busy_c2_p6          =  1.79969e+00
smpl_c2_p6          =  5.34708e-05
busy_c2_p7          =  1.79968e+00
smpl_c2_p7          =  4.34080e-05
busy_c2_p8          =  1.79968e+00
smpl_c2_p8          =  5.20079e-05
busy_c2_p9          =  1.79969e+00
smpl_c2_p9          =  4.02975e-05
busy_c2_p10         =  1.79969e+00
smpl_c2_p10         =  5.15674e-05
busy_c2_p11         =  9.36438e-05
smpl_c2_p11         =  1.79994e+00
busy_c3_p0          =  1.79970e+00
smpl_c3_p0          =  4.28177e-05
busy_c3_p1          =  1.79969e+00
smpl_c3_p1          =  4.58785e-05
busy_c3_p2          =  1.79969e+00
smpl_c3_p2          =  4.19634e-05
busy_c3_p3          =  1.79969e+00
smpl_c3_p3          =  5.32702e-05
busy_c3_p4          =  1.79970e+00
smpl_c3_p4          =  3.98866e-05
busy_c3_p5          =  1.79970e+00
smpl_c3_p5          =  5.27910e-05
busy_c3_p6          =  1.79969e+00
smpl_c3_p6          =  4.43924e-05
busy_c3_p7          =  1.79969e+00
smpl_c3_p7          =  4.84857e-05
busy_c3_p8          =  1.79969e+00
smpl_c3_p8          =  5.31895e-05
busy_c3_p9          =  1.79968e+00
smpl_c3_p9          =  4.70739e-05
busy_c3_p10         =  1.79969e+00
smpl_c3_p10         =  5.23243e-05
busy_c3_p11         =  9.44232e-05
smpl_c3_p11         =  1.79994e+00
busy_c4_p0          =  1.79969e+00
smpl_c4_p0          =  4.10279e-05
busy_c4_p1          =  1.79970e+00
smpl_c4_p1          =  5.13541e-05
busy_c4_p2          =  1.79969e+00
smpl_c4_p2          =  5.40911e-05
busy_c4_p3          =  1.79970e+00
smpl_c4_p3          =  5.66420e-05
busy_c4_p4          =  1.79969e+00
smpl_c4_p4          =  4.88428e-05
busy_c4_p5          =  1.79969e+00
smpl_c4_p5          =  3.87737e-05
busy_c4_p6          =  1.79969e+00
smpl_c4_p6          =  4.48040e-05
busy_c4_p7          =  1.79970e+00
smpl_c4_p7          =  5.76882e-05
busy_c4_p8          =  1.79969e+00
smpl_c4_p8          =  4.10375e-05
busy_c4_p9          =  1.79969e+00
smpl_c4_p9          =  5.36976e-05
busy_c4_p10         =  1.79969e+00
smpl_c4_p10         =  4.45244e-05
busy_c4_p11         =  1.00079e-04
smpl_c4_p11         =  1.79994e+00
busy_c5_p0          =  1.79971e+00
smpl_c5_p0          =  5.82959e-05
busy_c5_p1          =  1.79970e+00
smpl_c5_p1          =  5.35480e-05
busy_c5_p2          =  1.79969e+00
smpl_c5_p2          =  4.52619e-05
busy_c5_p3          =  1.79971e+00
smpl_c5_p3          =  6.28683e-05
busy_c5_p4          =  1.79970e+00
smpl_c5_p4          =  5.62214e-05
busy_c5_p5          =  1.79972e+00
smpl_c5_p5          =  6.28798e-05
busy_c5_p6          =  1.79970e+00
smpl_c5_p6          =  5.46100e-05
busy_c5_p7          =  1.79970e+00
smpl_c5_p7          =  5.49088e-05
busy_c5_p8          =  1.79969e+00
smpl_c5_p8          =  5.12999e-05
busy_c5_p9          =  1.79967e+00
smpl_c5_p9          =  3.69212e-05
busy_c5_p10         =  1.79967e+00
smpl_c5_p10         =  3.61330e-05
busy_c5_p11         =  9.61162e-05
smpl_c5_p11         =  1.79994e+00
i_vdd               =  -2.02572e-06 from=  3.20000e-06 to=  4.20002e-06
i_vpwr              =  -6.17864e-06 from=  3.20000e-06 to=  4.20002e-06
i_vrefp             =  -6.50017e-06 from=  3.20000e-06 to=  4.20002e-06
i_vrefn             =  6.48864e-06 from=  3.20000e-06 to=  4.20002e-06
i_vcm               =  1.15840e-08 from=  3.20000e-06 to=  4.20002e-06
gnd_die_max         =  3.68349e-02 at=  6.11712e-06
gnd_die_min         =  -6.18624e-02 at=  6.11717e-06
vgnd_max            =  4.11578e-02 at=  6.11712e-06
vgnd_min            =  -6.11390e-02 at=  6.11717e-06
vdd_max             =  1.86530e+00 at=  6.11727e-06
vdd_min             =  1.73550e+00 at=  6.11721e-06
vpwr_max            =  1.85818e+00 at=  6.11721e-06
vpwr_min            =  1.73586e+00 at=  6.11717e-06
vdda_min            =  1.71118e+00 at=  6.11721e-06
vdda_max            =  1.88995e+00 at=  6.11715e-06
i_vgnda             =  2.13326e-06 from=  3.20000e-06 to=  4.20002e-06
i_vgnd              =  6.13825e-06 from=  3.20000e-06 to=  4.20002e-06
i_sub               =  -3.80753e-08 from=  3.20000e-06 to=  4.20002e-06


Total analysis time (seconds) = 6836.56

Total elapsed time (seconds) = 7318.323 

Total DRAM available = 98304.000 MB.
DRAM currently available = 2202.500 MB.
Maximum ngspice program size =  766.562 MB.
Current ngspice program size =   36.375 MB.

Note: Starting dynamic gmin stepping
Note: Dynamic gmin stepping completed
