
Note: Compatibility modes selected: hs a


Circuit: * sim/ground-return-impedance (issue #378) arm 'pkg-sub1k' -- reusing

option SCALE: Scale is set to 1e-06 for instance and model parameters
option SCALE: Scale is set to 1e-06 for instance and model parameters
option SCALE: Scale is set to 1e-06 for instance and model parameters
option SCALE: Scale is set to 1e-06 for instance and model parameters
Doing analysis at TEMP = 27.000000 and TNOM = 27.000000

Using KLU as Direct Linear Solver
 Reference value :  0.00000e+00
 Reference value :  3.64000e-09
 Reference value :  1.11400e-08
 Reference value :  1.86400e-08
 Reference value :  2.00549e-08
 Reference value :  2.01392e-08
 Reference value :  2.02430e-08
 Reference value :  2.04291e-08
 Reference value :  2.06018e-08
 Reference value :  2.07255e-08
 Reference value :  2.09614e-08
 Reference value :  2.10517e-08
 Reference value :  2.11319e-08
 Reference value :  2.12630e-08
 Reference value :  2.13936e-08
 Reference value :  2.16860e-08
 Reference value :  2.22894e-08
 Reference value :  2.62493e-08
 Reference value :  3.27493e-08
 Reference value :  3.77493e-08
 Reference value :  4.27493e-08
 Reference value :  4.82493e-08
 Reference value :  5.32493e-08
 Reference value :  5.87493e-08
 Reference value :  6.37493e-08
 Reference value :  6.92493e-08
 Reference value :  7.42493e-08
 Reference value :  7.97493e-08
 Reference value :  8.52493e-08
 Reference value :  9.02493e-08
 Reference value :  9.62493e-08
 Reference value :  1.02249e-07
 Reference value :  1.08249e-07
 Reference value :  1.14249e-07
 Reference value :  1.20249e-07
 Reference value :  1.26249e-07
 Reference value :  1.32249e-07
 Reference value :  1.37749e-07
 Reference value :  1.43749e-07
 Reference value :  1.49749e-07
 Reference value :  1.55249e-07
 Reference value :  1.61249e-07
 Reference value :  1.67249e-07
 Reference value :  1.72749e-07
 Reference value :  1.78749e-07
 Reference value :  1.84249e-07
 Reference value :  1.89249e-07
 Reference value :  1.94249e-07
 Reference value :  1.99500e-07
 Reference value :  1.99557e-07
 Reference value :  1.99640e-07
 Reference value :  1.99756e-07
 Reference value :  1.99996e-07
 Reference value :  2.00251e-07
 Reference value :  2.00474e-07
 Reference value :  2.00559e-07
 Reference value :  2.00676e-07
 Reference value :  2.00811e-07
 Reference value :  2.01024e-07
 Reference value :  2.01280e-07
 Reference value :  2.01517e-07
 Reference value :  2.01800e-07
 Reference value :  2.02083e-07
 Reference value :  2.02562e-07
 Reference value :  2.04529e-07
 Reference value :  2.09529e-07
 Reference value :  2.14529e-07
 Reference value :  2.20029e-07
 Reference value :  2.25029e-07
 Reference value :  2.30529e-07
 Reference value :  2.35529e-07
 Reference value :  2.40529e-07
 Reference value :  2.41211e-07
 Reference value :  2.41294e-07
 Reference value :  2.41424e-07
 Reference value :  2.41848e-07
 Reference value :  2.42018e-07
 Reference value :  2.42188e-07
 Reference value :  2.42269e-07
 Reference value :  2.42391e-07
 Reference value :  2.42519e-07
 Reference value :  2.42773e-07
 Reference value :  2.42933e-07
 Reference value :  2.43086e-07
 Reference value :  2.43330e-07
 Reference value :  2.43656e-07
 Reference value :  2.43861e-07
 Reference value :  2.44066e-07
 Reference value :  2.44309e-07
 Reference value :  2.44685e-07
 Reference value :  2.46203e-07
 Reference value :  2.51588e-07
 Reference value :  2.56588e-07
 Reference value :  2.62088e-07
 Reference value :  2.67588e-07
 Reference value :  2.73088e-07
 Reference value :  2.78588e-07
 Reference value :  2.82839e-07
 Reference value :  2.82918e-07
 Reference value :  2.83007e-07
 Reference value :  2.83150e-07
 Reference value :  2.83401e-07
 Reference value :  2.83542e-07
 Reference value :  2.83633e-07
 Reference value :  2.83774e-07
 Reference value :  2.83841e-07
 Reference value :  2.83914e-07
 Reference value :  2.84026e-07
 Reference value :  2.84218e-07
 Reference value :  2.84345e-07
 Reference value :  2.84429e-07
 Reference value :  2.84504e-07
 Reference value :  2.84629e-07
 Reference value :  2.84747e-07
 Reference value :  2.84860e-07
 Reference value :  2.84964e-07
 Reference value :  2.85247e-07
 Reference value :  2.85489e-07
 Reference value :  2.85988e-07
 Reference value :  2.87520e-07
 Reference value :  2.92520e-07
 Reference value :  2.97520e-07
 Reference value :  3.02520e-07
 Reference value :  3.07520e-07
 Reference value :  3.12520e-07
 Reference value :  3.18020e-07
 Reference value :  3.24020e-07
 Reference value :  3.24569e-07
 Reference value :  3.24648e-07
 Reference value :  3.24806e-07
 Reference value :  3.25198e-07
 Reference value :  3.25343e-07
 Reference value :  3.25503e-07
 Reference value :  3.25590e-07
 Reference value :  3.25665e-07
 Reference value :  3.25811e-07
 Reference value :  3.26012e-07
 Reference value :  3.26266e-07
 Reference value :  3.26535e-07
 Reference value :  3.26891e-07
 Reference value :  3.27648e-07
 Reference value :  3.28233e-07
 Reference value :  3.28996e-07
 Reference value :  3.30973e-07
 Reference value :  3.35435e-07
 Reference value :  3.40435e-07
 Reference value :  3.45435e-07
 Reference value :  3.50435e-07
 Reference value :  3.55935e-07
 Reference value :  3.60935e-07
 Reference value :  3.65801e-07
 Reference value :  3.66220e-07
 Reference value :  3.66302e-07
 Reference value :  3.66480e-07
 Reference value :  3.66733e-07
 Reference value :  3.66940e-07
 Reference value :  3.67097e-07
 Reference value :  3.67180e-07
 Reference value :  3.67332e-07
 Reference value :  3.67536e-07
 Reference value :  3.67780e-07
 Reference value :  3.68033e-07
 Reference value :  3.68410e-07
 Reference value :  3.69371e-07
 Reference value :  3.73849e-07
 Reference value :  3.78849e-07
 Reference value :  3.84349e-07
 Reference value :  3.91349e-07
 Reference value :  3.97849e-07
 Reference value :  4.04349e-07
 Reference value :  4.07892e-07
 Reference value :  4.07994e-07
 Reference value :  4.08276e-07
 Reference value :  4.08587e-07
 Reference value :  4.08779e-07
 Reference value :  4.08940e-07
 Reference value :  4.09064e-07
 Reference value :  4.09270e-07
 Reference value :  4.09497e-07
 Reference value :  4.09738e-07
 Reference value :  4.09914e-07
 Reference value :  4.10217e-07
 Reference value :  4.10581e-07
 Reference value :  4.11110e-07
 Reference value :  4.11330e-07
 Reference value :  4.11549e-07
 Reference value :  4.11793e-07
 Reference value :  4.12041e-07
 Reference value :  4.12313e-07
 Reference value :  4.12784e-07
 Reference value :  4.14040e-07
 Reference value :  4.18913e-07
 Reference value :  4.23913e-07
 Reference value :  4.29413e-07
 Reference value :  4.34913e-07
 Reference value :  4.39913e-07
 Reference value :  4.45413e-07
 Reference value :  4.49523e-07
 Reference value :  4.49623e-07
 Reference value :  4.49720e-07
 Reference value :  4.49880e-07
 Reference value :  4.50074e-07
 Reference value :  4.50222e-07
 Reference value :  4.50332e-07
 Reference value :  4.50455e-07
 Reference value :  4.50585e-07
 Reference value :  4.50702e-07
 Reference value :  4.50937e-07
 Reference value :  4.51065e-07
 Reference value :  4.51151e-07
 Reference value :  4.51258e-07
 Reference value :  4.51390e-07
 Reference value :  4.51511e-07
 Reference value :  4.51639e-07
 Reference value :  4.51924e-07
 Reference value :  4.52199e-07
 Reference value :  4.52641e-07
 Reference value :  4.53730e-07
 Reference value :  4.59131e-07
 Reference value :  4.64131e-07
 Reference value :  4.69131e-07
 Reference value :  4.74131e-07
 Reference value :  4.79631e-07
 Reference value :  4.84631e-07
 Reference value :  4.89631e-07
 Reference value :  4.91198e-07
 Reference value :  4.91268e-07
 Reference value :  4.91349e-07
 Reference value :  4.91484e-07
 Reference value :  4.91841e-07
 Reference value :  4.91985e-07
 Reference value :  4.92167e-07
 Reference value :  4.92273e-07
 Reference value :  4.92399e-07
 Reference value :  4.92638e-07
 Reference value :  4.92899e-07
 Reference value :  4.93123e-07
 Reference value :  4.93494e-07
 Reference value :  4.94008e-07
 Reference value :  4.94978e-07
 Reference value :  4.96172e-07
 Reference value :  4.98966e-07
 Reference value :  5.03012e-07
 Reference value :  5.04444e-07
 Reference value :  5.06037e-07
 Reference value :  5.06317e-07
 Reference value :  5.06490e-07
 Reference value :  5.06819e-07
 Reference value :  5.07247e-07
 Reference value :  5.09422e-07
 Reference value :  5.14422e-07
 Reference value :  5.19422e-07
 Reference value :  5.24422e-07
 Reference value :  5.29922e-07
 Reference value :  5.32866e-07
 Reference value :  5.32950e-07
 Reference value :  5.33052e-07
 Reference value :  5.33281e-07
 Reference value :  5.33512e-07
 Reference value :  5.33592e-07
 Reference value :  5.33756e-07
 Reference value :  5.33848e-07
 Reference value :  5.33979e-07
 Reference value :  5.34058e-07
 Reference value :  5.34282e-07
 Reference value :  5.34414e-07
 Reference value :  5.34485e-07
 Reference value :  5.34581e-07
 Reference value :  5.34683e-07
 Reference value :  5.34804e-07
 Reference value :  5.34973e-07
 Reference value :  5.35291e-07
 Reference value :  5.35579e-07
 Reference value :  5.36045e-07
 Reference value :  5.38525e-07
 Reference value :  5.44025e-07
 Reference value :  5.49025e-07
 Reference value :  5.54025e-07
 Reference value :  5.60025e-07
 Reference value :  5.65025e-07
 Reference value :  5.70025e-07
 Reference value :  5.74507e-07
 Reference value :  5.74591e-07
 Reference value :  5.74674e-07
 Reference value :  5.74871e-07
 Reference value :  5.75259e-07
 Reference value :  5.75400e-07
 Reference value :  5.75559e-07
 Reference value :  5.75633e-07
 Reference value :  5.75769e-07
 Reference value :  5.75999e-07
 Reference value :  5.76292e-07
 Reference value :  5.76528e-07
 Reference value :  5.76922e-07
 Reference value :  5.77797e-07
 Reference value :  5.78548e-07
 Reference value :  5.80248e-07
 Reference value :  5.85905e-07
 Reference value :  5.90905e-07
 Reference value :  5.97905e-07
 Reference value :  6.02905e-07
 Reference value :  6.07905e-07
 Reference value :  6.12905e-07
 Reference value :  6.16183e-07
 Reference value :  6.16274e-07
 Reference value :  6.16384e-07
 Reference value :  6.16604e-07
 Reference value :  6.16784e-07
 Reference value :  6.16891e-07
 Reference value :  6.17009e-07
 Reference value :  6.17106e-07
 Reference value :  6.17217e-07
 Reference value :  6.17341e-07
 Reference value :  6.17411e-07
 Reference value :  6.17504e-07
 Reference value :  6.17721e-07
 Reference value :  6.18028e-07
 Reference value :  6.18397e-07
 Reference value :  6.19203e-07
 Reference value :  6.24234e-07
 Reference value :  6.30234e-07
 Reference value :  6.35234e-07
 Reference value :  6.40234e-07
 Reference value :  6.45234e-07
 Reference value :  6.50234e-07
 Reference value :  6.55234e-07
 Reference value :  6.57857e-07
 Reference value :  6.57927e-07
 Reference value :  6.58021e-07
 Reference value :  6.58259e-07
 Reference value :  6.58483e-07
 Reference value :  6.58635e-07
 Reference value :  6.58748e-07
 Reference value :  6.58900e-07
 Reference value :  6.59027e-07
 Reference value :  6.59216e-07
 Reference value :  6.59477e-07
 Reference value :  6.59729e-07
 Reference value :  6.60079e-07
 Reference value :  6.60537e-07
 Reference value :  6.61596e-07
 Reference value :  6.62420e-07
 Reference value :  6.64996e-07
 Reference value :  6.70996e-07
 Reference value :  6.76996e-07
 Reference value :  6.81996e-07
 Reference value :  6.87996e-07
 Reference value :  6.89930e-07
 Reference value :  6.91338e-07
 Reference value :  6.91503e-07
 Reference value :  6.91712e-07
 Reference value :  6.92023e-07
 Reference value :  6.92398e-07
 Reference value :  6.93330e-07
 Reference value :  6.99500e-07
 Reference value :  6.99597e-07
 Reference value :  6.99692e-07
 Reference value :  6.99853e-07
 Reference value :  7.00116e-07
 Reference value :  7.00242e-07
 Reference value :  7.00390e-07
 Reference value :  7.00533e-07
 Reference value :  7.00653e-07
 Reference value :  7.00867e-07
 Reference value :  7.00987e-07
 Reference value :  7.01090e-07
 Reference value :  7.01248e-07
 Reference value :  7.01362e-07
 Reference value :  7.01501e-07
 Reference value :  7.01707e-07
 Reference value :  7.01985e-07
 Reference value :  7.02320e-07
 Reference value :  7.02999e-07
 Reference value :  7.07112e-07
 Reference value :  7.12612e-07
 Reference value :  7.17612e-07
 Reference value :  7.22612e-07
 Reference value :  7.27612e-07
 Reference value :  7.32612e-07
 Reference value :  7.38112e-07
 Reference value :  7.41180e-07
 Reference value :  7.41237e-07
 Reference value :  7.41328e-07
 Reference value :  7.41447e-07
 Reference value :  7.41776e-07
 Reference value :  7.41953e-07
 Reference value :  7.42108e-07
 Reference value :  7.42248e-07
 Reference value :  7.42341e-07
 Reference value :  7.42495e-07
 Reference value :  7.42811e-07
 Reference value :  7.43200e-07
 Reference value :  7.43695e-07
 Reference value :  7.44479e-07
 Reference value :  7.45774e-07
 Reference value :  7.48901e-07
 Reference value :  7.53901e-07
 Reference value :  7.58901e-07
 Reference value :  7.65901e-07
 Reference value :  7.72901e-07
 Reference value :  7.81901e-07
 Reference value :  7.82956e-07
 Reference value :  7.83109e-07
 Reference value :  7.83423e-07
 Reference value :  7.83552e-07
 Reference value :  7.83780e-07
 Reference value :  7.83919e-07
 Reference value :  7.84133e-07
 Reference value :  7.84334e-07
 Reference value :  7.84472e-07
 Reference value :  7.84761e-07
 Reference value :  7.85218e-07
 Reference value :  7.88427e-07
 Reference value :  7.97427e-07
 Reference value :  8.05427e-07
 Reference value :  8.13927e-07
 Reference value :  8.20427e-07
 Reference value :  8.24542e-07
 Reference value :  8.24662e-07
 Reference value :  8.25111e-07
 Reference value :  8.25311e-07
 Reference value :  8.25463e-07
 Reference value :  8.25607e-07
 Reference value :  8.25830e-07
 Reference value :  8.26167e-07
 Reference value :  8.26530e-07
 Reference value :  8.27326e-07
 Reference value :  8.28803e-07
 Reference value :  8.34311e-07
 Reference value :  8.42811e-07
 Reference value :  8.50811e-07
 Reference value :  8.59811e-07
 Reference value :  8.65311e-07
 Reference value :  8.66200e-07
 Reference value :  8.66332e-07
 Reference value :  8.66674e-07
 Reference value :  8.66915e-07
 Reference value :  8.67092e-07
 Reference value :  8.67185e-07
 Reference value :  8.67340e-07
 Reference value :  8.67601e-07
 Reference value :  8.67732e-07
 Reference value :  8.67903e-07
 Reference value :  8.68094e-07
 Reference value :  8.68378e-07
 Reference value :  8.68622e-07
 Reference value :  8.68980e-07
 Reference value :  8.70156e-07
 Reference value :  8.75890e-07
 Reference value :  8.85390e-07
 Reference value :  8.93390e-07
 Reference value :  9.01390e-07
 Reference value :  9.07855e-07
 Reference value :  9.07945e-07
 Reference value :  9.08110e-07
 Reference value :  9.08486e-07
 Reference value :  9.08684e-07
 Reference value :  9.08916e-07
 Reference value :  9.09151e-07
 Reference value :  9.09475e-07
 Reference value :  9.09701e-07
 Reference value :  9.09976e-07
 Reference value :  9.11023e-07
 Reference value :  9.13120e-07
 Reference value :  9.19601e-07
 Reference value :  9.28101e-07
 Reference value :  9.36101e-07
 Reference value :  9.43601e-07
 Reference value :  9.49545e-07
 Reference value :  9.49663e-07
 Reference value :  9.49969e-07
 Reference value :  9.50231e-07
 Reference value :  9.50294e-07
 Reference value :  9.50448e-07
 Reference value :  9.50561e-07
 Reference value :  9.50710e-07
 Reference value :  9.50904e-07
 Reference value :  9.51031e-07
 Reference value :  9.51271e-07
 Reference value :  9.51739e-07
 Reference value :  9.53228e-07
 Reference value :  9.60616e-07
 Reference value :  9.69116e-07
 Reference value :  9.74616e-07
 Reference value :  9.81116e-07
 Reference value :  9.89116e-07
 Reference value :  9.91248e-07
 Reference value :  9.91422e-07
 Reference value :  9.91916e-07
 Reference value :  9.92223e-07
 Reference value :  9.92398e-07
 Reference value :  9.92804e-07
 Reference value :  9.93173e-07
 Reference value :  9.93557e-07
 Reference value :  9.94428e-07
 Reference value :  9.95984e-07
 Reference value :  1.00279e-06
 Reference value :  1.01229e-06
 Reference value :  1.01829e-06
 Reference value :  1.02629e-06
 Reference value :  1.03286e-06
 Reference value :  1.03297e-06
 Reference value :  1.03316e-06
 Reference value :  1.03344e-06
 Reference value :  1.03359e-06
 Reference value :  1.03376e-06
 Reference value :  1.03390e-06
 Reference value :  1.03406e-06
 Reference value :  1.03422e-06
 Reference value :  1.03438e-06
 Reference value :  1.03458e-06
 Reference value :  1.03511e-06
 Reference value :  1.03624e-06
 Reference value :  1.04325e-06
 Reference value :  1.04875e-06
 Reference value :  1.05825e-06
 Reference value :  1.06775e-06
 Reference value :  1.07452e-06
 Reference value :  1.07466e-06
 Reference value :  1.07492e-06
 Reference value :  1.07532e-06
 Reference value :  1.07554e-06
 Reference value :  1.07571e-06
 Reference value :  1.07611e-06
 Reference value :  1.07642e-06
 Reference value :  1.07698e-06
 Reference value :  1.07884e-06
 Reference value :  1.08468e-06
 Reference value :  1.09518e-06
 Reference value :  1.10318e-06
 Reference value :  1.11268e-06
 Reference value :  1.11622e-06
 Reference value :  1.11634e-06
 Reference value :  1.11661e-06
 Reference value :  1.11687e-06
 Reference value :  1.11697e-06
 Reference value :  1.11707e-06
 Reference value :  1.11717e-06
 Reference value :  1.11732e-06
 Reference value :  1.11743e-06
 Reference value :  1.11761e-06
 Reference value :  1.11787e-06
 Reference value :  1.11806e-06
 Reference value :  1.11827e-06
 Reference value :  1.11847e-06
 Reference value :  1.11865e-06
 Reference value :  1.11904e-06
 Reference value :  1.12047e-06
 Reference value :  1.12806e-06
 Reference value :  1.13606e-06
 Reference value :  1.14256e-06
 Reference value :  1.15156e-06
 Reference value :  1.15786e-06
 Reference value :  1.15802e-06
 Reference value :  1.15852e-06
 Reference value :  1.15875e-06
 Reference value :  1.15894e-06
 Reference value :  1.15911e-06
 Reference value :  1.15939e-06
 Reference value :  1.15972e-06
 Reference value :  1.16020e-06
 Reference value :  1.16061e-06
 Reference value :  1.16116e-06
 Reference value :  1.16190e-06
 Reference value :  1.16547e-06
 Reference value :  1.17497e-06
 Reference value :  1.18297e-06
 Reference value :  1.18947e-06
 Reference value :  1.19697e-06
 Reference value :  1.19959e-06
 Reference value :  1.19975e-06
 Reference value :  1.20004e-06
 Reference value :  1.20026e-06
 Reference value :  1.20050e-06
 Reference value :  1.20064e-06
 Reference value :  1.20089e-06
 Reference value :  1.20104e-06
 Reference value :  1.20125e-06
 Reference value :  1.20152e-06
 Reference value :  1.20203e-06
 Reference value :  1.20266e-06
 Reference value :  1.20694e-06
 Reference value :  1.21444e-06
 Reference value :  1.22194e-06
 Reference value :  1.23094e-06
 Reference value :  1.23894e-06
 Reference value :  1.24126e-06
 Reference value :  1.24142e-06
 Reference value :  1.24192e-06
 Reference value :  1.24209e-06
 Reference value :  1.24225e-06
 Reference value :  1.24245e-06
 Reference value :  1.24280e-06
 Reference value :  1.24306e-06
 Reference value :  1.24351e-06
 Reference value :  1.24386e-06
 Reference value :  1.24422e-06
 Reference value :  1.24476e-06
 Reference value :  1.24853e-06
 Reference value :  1.25703e-06
 Reference value :  1.26253e-06
 Reference value :  1.26853e-06
 Reference value :  1.27703e-06
 Reference value :  1.28286e-06
 Reference value :  1.28299e-06
 Reference value :  1.28326e-06
 Reference value :  1.28349e-06
 Reference value :  1.28364e-06
 Reference value :  1.28382e-06
 Reference value :  1.28391e-06
 Reference value :  1.28420e-06
 Reference value :  1.28442e-06
 Reference value :  1.28452e-06
 Reference value :  1.28470e-06
 Reference value :  1.28491e-06
 Reference value :  1.28517e-06
 Reference value :  1.28556e-06
 Reference value :  1.28645e-06
 Reference value :  1.29056e-06
 Reference value :  1.29856e-06
 Reference value :  1.30606e-06
 Reference value :  1.31406e-06
 Reference value :  1.32156e-06
 Reference value :  1.32457e-06
 Reference value :  1.32467e-06
 Reference value :  1.32513e-06
 Reference value :  1.32537e-06
 Reference value :  1.32559e-06
 Reference value :  1.32574e-06
 Reference value :  1.32601e-06
 Reference value :  1.32633e-06
 Reference value :  1.32674e-06
 Reference value :  1.32752e-06
 Reference value :  1.32826e-06
 Reference value :  1.33141e-06
 Reference value :  1.33278e-06
 Reference value :  1.33350e-06
 Reference value :  1.33379e-06
 Reference value :  1.33416e-06
 Reference value :  1.33590e-06
 Reference value :  1.34376e-06
 Reference value :  1.34976e-06
 Reference value :  1.35776e-06
 Reference value :  1.36526e-06
 Reference value :  1.36626e-06
 Reference value :  1.36640e-06
 Reference value :  1.36673e-06
 Reference value :  1.36690e-06
 Reference value :  1.36708e-06
 Reference value :  1.36726e-06
 Reference value :  1.36741e-06
 Reference value :  1.36769e-06
 Reference value :  1.36782e-06
 Reference value :  1.36794e-06
 Reference value :  1.36818e-06
 Reference value :  1.36859e-06
 Reference value :  1.36922e-06
 Reference value :  1.37265e-06
 Reference value :  1.37865e-06
 Reference value :  1.38565e-06
 Reference value :  1.39465e-06
 Reference value :  1.40265e-06
 Reference value :  1.40786e-06
 Reference value :  1.40797e-06
 Reference value :  1.40818e-06
 Reference value :  1.40862e-06
 Reference value :  1.40884e-06
 Reference value :  1.40907e-06
 Reference value :  1.40940e-06
 Reference value :  1.40976e-06
 Reference value :  1.41019e-06
 Reference value :  1.41110e-06
 Reference value :  1.41575e-06
 Reference value :  1.42525e-06
 Reference value :  1.43475e-06
 Reference value :  1.44325e-06
 Reference value :  1.44950e-06
 Reference value :  1.44961e-06
 Reference value :  1.44979e-06
 Reference value :  1.45014e-06
 Reference value :  1.45034e-06
 Reference value :  1.45050e-06
 Reference value :  1.45063e-06
 Reference value :  1.45084e-06
 Reference value :  1.45126e-06
 Reference value :  1.45203e-06
 Reference value :  1.45849e-06
 Reference value :  1.46549e-06
 Reference value :  1.47599e-06
 Reference value :  1.48499e-06
 Reference value :  1.49118e-06
 Reference value :  1.49134e-06
 Reference value :  1.49159e-06
 Reference value :  1.49196e-06
 Reference value :  1.49223e-06
 Reference value :  1.49241e-06
 Reference value :  1.49281e-06
 Reference value :  1.49313e-06
 Reference value :  1.49348e-06
 Reference value :  1.49465e-06
 Reference value :  1.49788e-06
 Reference value :  1.50488e-06
 Reference value :  1.51288e-06
 Reference value :  1.52088e-06
 Reference value :  1.52638e-06
 Reference value :  1.53284e-06
 Reference value :  1.53296e-06
 Reference value :  1.53316e-06
 Reference value :  1.53348e-06
 Reference value :  1.53361e-06
 Reference value :  1.53379e-06
 Reference value :  1.53398e-06
 Reference value :  1.53418e-06
 Reference value :  1.53454e-06
 Reference value :  1.53499e-06
 Reference value :  1.53593e-06
 Reference value :  1.54087e-06
 Reference value :  1.54987e-06
 Reference value :  1.55887e-06
 Reference value :  1.56887e-06
 Reference value :  1.57452e-06
 Reference value :  1.57465e-06
 Reference value :  1.57505e-06
 Reference value :  1.57534e-06
 Reference value :  1.57557e-06
 Reference value :  1.57575e-06
 Reference value :  1.57600e-06
 Reference value :  1.57647e-06
 Reference value :  1.57722e-06
 Reference value :  1.57832e-06
 Reference value :  1.58054e-06
 Reference value :  1.58639e-06
 Reference value :  1.58914e-06
 Reference value :  1.59033e-06
 Reference value :  1.59073e-06
 Reference value :  1.59138e-06
 Reference value :  1.59776e-06
 Reference value :  1.60476e-06
 Reference value :  1.60926e-06
 Reference value :  1.61619e-06
 Reference value :  1.61630e-06
 Reference value :  1.61649e-06
 Reference value :  1.61682e-06
 Reference value :  1.61697e-06
 Reference value :  1.61715e-06
 Reference value :  1.61732e-06
 Reference value :  1.61754e-06
 Reference value :  1.61777e-06
 Reference value :  1.61792e-06
 Reference value :  1.61805e-06
 Reference value :  1.61823e-06
 Reference value :  1.61861e-06
 Reference value :  1.61920e-06
 Reference value :  1.62428e-06
 Reference value :  1.63078e-06
 Reference value :  1.63778e-06
 Reference value :  1.64678e-06
 Reference value :  1.65528e-06
 Reference value :  1.65789e-06
 Reference value :  1.65806e-06
 Reference value :  1.65849e-06
 Reference value :  1.65870e-06
 Reference value :  1.65887e-06
 Reference value :  1.65905e-06
 Reference value :  1.65944e-06
 Reference value :  1.65993e-06
 Reference value :  1.66131e-06
 Reference value :  1.66225e-06
 Reference value :  1.66674e-06
 Reference value :  1.67469e-06
 Reference value :  1.68269e-06
 Reference value :  1.69069e-06
 Reference value :  1.69314e-06
 Reference value :  1.69479e-06
 Reference value :  1.69504e-06
 Reference value :  1.69549e-06
 Reference value :  1.69893e-06
 Reference value :  1.69959e-06
 Reference value :  1.69975e-06
 Reference value :  1.69999e-06
 Reference value :  1.70024e-06
 Reference value :  1.70044e-06
 Reference value :  1.70063e-06
 Reference value :  1.70091e-06
 Reference value :  1.70101e-06
 Reference value :  1.70112e-06
 Reference value :  1.70128e-06
 Reference value :  1.70146e-06
 Reference value :  1.70193e-06
 Reference value :  1.70263e-06
 Reference value :  1.70509e-06
 Reference value :  1.71309e-06
 Reference value :  1.72159e-06
 Reference value :  1.73009e-06
 Reference value :  1.74059e-06
 Reference value :  1.74123e-06
 Reference value :  1.74133e-06
 Reference value :  1.74178e-06
 Reference value :  1.74201e-06
 Reference value :  1.74224e-06
 Reference value :  1.74243e-06
 Reference value :  1.74277e-06
 Reference value :  1.74297e-06
 Reference value :  1.74331e-06
 Reference value :  1.74478e-06
 Reference value :  1.74952e-06
 Reference value :  1.75902e-06
 Reference value :  1.76802e-06
 Reference value :  1.77352e-06
 Reference value :  1.77852e-06
 Reference value :  1.78293e-06
 Reference value :  1.78307e-06
 Reference value :  1.78340e-06
 Reference value :  1.78359e-06
 Reference value :  1.78373e-06
 Reference value :  1.78391e-06
 Reference value :  1.78415e-06
 Reference value :  1.78439e-06
 Reference value :  1.78521e-06
 Reference value :  1.78663e-06
 Reference value :  1.79292e-06
 Reference value :  1.80142e-06
 Reference value :  1.80892e-06
 Reference value :  1.81842e-06
 Reference value :  1.82452e-06
 Reference value :  1.82469e-06
 Reference value :  1.82511e-06
 Reference value :  1.82534e-06
 Reference value :  1.82558e-06
 Reference value :  1.82574e-06
 Reference value :  1.82604e-06
 Reference value :  1.82651e-06
 Reference value :  1.82722e-06
 Reference value :  1.82886e-06
 Reference value :  1.83213e-06
 Reference value :  1.84213e-06
 Reference value :  1.85113e-06
 Reference value :  1.85913e-06
 Reference value :  1.86619e-06
 Reference value :  1.86627e-06
 Reference value :  1.86639e-06
 Reference value :  1.86669e-06
 Reference value :  1.86681e-06
 Reference value :  1.86705e-06
 Reference value :  1.86722e-06
 Reference value :  1.86734e-06
 Reference value :  1.86759e-06
 Reference value :  1.86777e-06
 Reference value :  1.86804e-06
 Reference value :  1.86866e-06
 Reference value :  1.87222e-06
 Reference value :  1.87722e-06
 Reference value :  1.88422e-06
 Reference value :  1.89372e-06
 Reference value :  1.90172e-06
 Reference value :  1.90786e-06
 Reference value :  1.90797e-06
 Reference value :  1.90815e-06
 Reference value :  1.90852e-06
 Reference value :  1.90872e-06
 Reference value :  1.90897e-06
 Reference value :  1.90929e-06
 Reference value :  1.90948e-06
 Reference value :  1.90984e-06
 Reference value :  1.91066e-06
 Reference value :  1.91234e-06
 Reference value :  1.91767e-06
 Reference value :  1.92517e-06
 Reference value :  1.93367e-06
 Reference value :  1.94517e-06
 Reference value :  1.94828e-06
 Reference value :  1.94917e-06
 Reference value :  1.94951e-06
 Reference value :  1.94963e-06
 Reference value :  1.94979e-06
 Reference value :  1.95010e-06
 Reference value :  1.95025e-06
 Reference value :  1.95046e-06
 Reference value :  1.95067e-06
 Reference value :  1.95091e-06
 Reference value :  1.95106e-06
 Reference value :  1.95121e-06
 Reference value :  1.95142e-06
 Reference value :  1.95180e-06
 Reference value :  1.95233e-06
 Reference value :  1.95504e-06
 Reference value :  1.96054e-06
 Reference value :  1.96704e-06
 Reference value :  1.97604e-06
 Reference value :  1.98404e-06
 Reference value :  1.99117e-06
 Reference value :  1.99129e-06
 Reference value :  1.99154e-06
 Reference value :  1.99202e-06
 Reference value :  1.99227e-06
 Reference value :  1.99249e-06
 Reference value :  1.99291e-06
 Reference value :  1.99338e-06
 Reference value :  1.99401e-06
 Reference value :  1.99567e-06
 Reference value :  2.00207e-06
 Reference value :  2.01207e-06
 Reference value :  2.02207e-06
 Reference value :  2.03157e-06
 Reference value :  2.03295e-06
 Reference value :  2.03316e-06
 Reference value :  2.03353e-06
 Reference value :  2.03371e-06
 Reference value :  2.03386e-06
 Reference value :  2.03395e-06
 Reference value :  2.03412e-06
 Reference value :  2.03431e-06
 Reference value :  2.03448e-06
 Reference value :  2.03468e-06
 Reference value :  2.03520e-06
 Reference value :  2.03699e-06
 Reference value :  2.04607e-06
 Reference value :  2.05307e-06
 Reference value :  2.05907e-06
 Reference value :  2.06457e-06
 Reference value :  2.07007e-06
 Reference value :  2.07454e-06
 Reference value :  2.07466e-06
 Reference value :  2.07498e-06
 Reference value :  2.07534e-06
 Reference value :  2.07554e-06
 Reference value :  2.07576e-06
 Reference value :  2.07597e-06
 Reference value :  2.07636e-06
 Reference value :  2.07688e-06
 Reference value :  2.07823e-06
 Reference value :  2.08026e-06
 Reference value :  2.08428e-06
 Reference value :  2.09078e-06
 Reference value :  2.09728e-06
 Reference value :  2.10328e-06
 Reference value :  2.11228e-06
 Reference value :  2.11621e-06
 Reference value :  2.11636e-06
 Reference value :  2.11660e-06
 Reference value :  2.11687e-06
 Reference value :  2.11699e-06
 Reference value :  2.11712e-06
 Reference value :  2.11726e-06
 Reference value :  2.11737e-06
 Reference value :  2.11750e-06
 Reference value :  2.11773e-06
 Reference value :  2.11785e-06
 Reference value :  2.11796e-06
 Reference value :  2.11812e-06
 Reference value :  2.11836e-06
 Reference value :  2.11858e-06
 Reference value :  2.11892e-06
 Reference value :  2.11934e-06
 Reference value :  2.12415e-06
 Reference value :  2.13165e-06
 Reference value :  2.14015e-06
 Reference value :  2.14815e-06
 Reference value :  2.15465e-06
 Reference value :  2.15788e-06
 Reference value :  2.15798e-06
 Reference value :  2.15810e-06
 Reference value :  2.15842e-06
 Reference value :  2.15869e-06
 Reference value :  2.15893e-06
 Reference value :  2.15914e-06
 Reference value :  2.15951e-06
 Reference value :  2.15970e-06
 Reference value :  2.15993e-06
 Reference value :  2.16042e-06
 Reference value :  2.16069e-06
 Reference value :  2.16094e-06
 Reference value :  2.16121e-06
 Reference value :  2.16165e-06
 Reference value :  2.16262e-06
 Reference value :  2.16699e-06
 Reference value :  2.17199e-06
 Reference value :  2.17749e-06
 Reference value :  2.18249e-06
 Reference value :  2.18749e-06
 Reference value :  2.19249e-06
 Reference value :  2.19799e-06
 Reference value :  2.19953e-06
 Reference value :  2.19963e-06
 Reference value :  2.19972e-06
 Reference value :  2.19992e-06
 Reference value :  2.20017e-06
 Reference value :  2.20029e-06
 Reference value :  2.20047e-06
 Reference value :  2.20054e-06
 Reference value :  2.20061e-06
 Reference value :  2.20074e-06
 Reference value :  2.20087e-06
 Reference value :  2.20102e-06
 Reference value :  2.20112e-06
 Reference value :  2.20125e-06
 Reference value :  2.20138e-06
 Reference value :  2.20155e-06
 Reference value :  2.20183e-06
 Reference value :  2.20219e-06
 Reference value :  2.20286e-06
 Reference value :  2.20495e-06
 Reference value :  2.20995e-06
 Reference value :  2.21545e-06
 Reference value :  2.22095e-06
 Reference value :  2.22595e-06
 Reference value :  2.23095e-06
 Reference value :  2.23595e-06
 Reference value :  2.24081e-06
 Reference value :  2.24122e-06
 Reference value :  2.24131e-06
 Reference value :  2.24144e-06
 Reference value :  2.24193e-06
 Reference value :  2.24209e-06
 Reference value :  2.24224e-06
 Reference value :  2.24230e-06
 Reference value :  2.24243e-06
 Reference value :  2.24267e-06
 Reference value :  2.24293e-06
 Reference value :  2.24310e-06
 Reference value :  2.24329e-06
 Reference value :  2.24359e-06
 Reference value :  2.24387e-06
 Reference value :  2.24417e-06
 Reference value :  2.24444e-06
 Reference value :  2.24480e-06
 Reference value :  2.24568e-06
 Reference value :  2.24964e-06
 Reference value :  2.25464e-06
 Reference value :  2.25964e-06
 Reference value :  2.26464e-06
 Reference value :  2.27014e-06
 Reference value :  2.27514e-06
 Reference value :  2.28014e-06
 Reference value :  2.28285e-06
 Reference value :  2.28292e-06
 Reference value :  2.28302e-06
 Reference value :  2.28314e-06
 Reference value :  2.28338e-06
 Reference value :  2.28354e-06
 Reference value :  2.28364e-06
 Reference value :  2.28377e-06
 Reference value :  2.28384e-06
 Reference value :  2.28391e-06
 Reference value :  2.28405e-06
 Reference value :  2.28421e-06
 Reference value :  2.28440e-06
 Reference value :  2.28448e-06
 Reference value :  2.28460e-06
 Reference value :  2.28472e-06
 Reference value :  2.28484e-06
 Reference value :  2.28493e-06
 Reference value :  2.28519e-06
 Reference value :  2.28544e-06
 Reference value :  2.28598e-06
 Reference value :  2.28739e-06
 Reference value :  2.29231e-06
 Reference value :  2.29731e-06
 Reference value :  2.30231e-06
 Reference value :  2.30731e-06
 Reference value :  2.31281e-06
 Reference value :  2.31881e-06
 Reference value :  2.32450e-06
 Reference value :  2.32459e-06
 Reference value :  2.32472e-06
 Reference value :  2.32512e-06
 Reference value :  2.32535e-06
 Reference value :  2.32552e-06
 Reference value :  2.32561e-06
 Reference value :  2.32573e-06
 Reference value :  2.32592e-06
 Reference value :  2.32615e-06
 Reference value :  2.32639e-06
 Reference value :  2.32665e-06
 Reference value :  2.32714e-06
 Reference value :  2.32774e-06
 Reference value :  2.32834e-06
 Reference value :  2.32980e-06
 Reference value :  2.33356e-06
 Reference value :  2.33520e-06
 Reference value :  2.33705e-06
 Reference value :  2.34081e-06
 Reference value :  2.34631e-06
 Reference value :  2.35181e-06
 Reference value :  2.35681e-06
 Reference value :  2.36181e-06
 Reference value :  2.36619e-06
 Reference value :  2.36626e-06
 Reference value :  2.36635e-06
 Reference value :  2.36650e-06
 Reference value :  2.36671e-06
 Reference value :  2.36681e-06
 Reference value :  2.36691e-06
 Reference value :  2.36703e-06
 Reference value :  2.36711e-06
 Reference value :  2.36723e-06
 Reference value :  2.36734e-06
 Reference value :  2.36755e-06
 Reference value :  2.36772e-06
 Reference value :  2.36782e-06
 Reference value :  2.36795e-06
 Reference value :  2.36806e-06
 Reference value :  2.36828e-06
 Reference value :  2.36858e-06
 Reference value :  2.36900e-06
 Reference value :  2.37019e-06
 Reference value :  2.37467e-06
 Reference value :  2.37967e-06
 Reference value :  2.38467e-06
 Reference value :  2.38967e-06
 Reference value :  2.39517e-06
 Reference value :  2.40017e-06
 Reference value :  2.40517e-06
 Reference value :  2.40786e-06
 Reference value :  2.40793e-06
 Reference value :  2.40804e-06
 Reference value :  2.40838e-06
 Reference value :  2.40862e-06
 Reference value :  2.40883e-06
 Reference value :  2.40893e-06
 Reference value :  2.40903e-06
 Reference value :  2.40919e-06
 Reference value :  2.40944e-06
 Reference value :  2.40963e-06
 Reference value :  2.40988e-06
 Reference value :  2.41020e-06
 Reference value :  2.41077e-06
 Reference value :  2.41438e-06
 Reference value :  2.41727e-06
 Reference value :  2.41871e-06
 Reference value :  2.41891e-06
 Reference value :  2.41912e-06
 Reference value :  2.41932e-06
 Reference value :  2.41961e-06
 Reference value :  2.42045e-06
 Reference value :  2.42457e-06
 Reference value :  2.42957e-06
 Reference value :  2.43457e-06
 Reference value :  2.44007e-06
 Reference value :  2.44557e-06
 Reference value :  2.44951e-06
 Reference value :  2.44959e-06
 Reference value :  2.44968e-06
 Reference value :  2.44983e-06
 Reference value :  2.45004e-06
 Reference value :  2.45019e-06
 Reference value :  2.45026e-06
 Reference value :  2.45041e-06
 Reference value :  2.45051e-06
 Reference value :  2.45061e-06
 Reference value :  2.45075e-06
 Reference value :  2.45100e-06
 Reference value :  2.45108e-06
 Reference value :  2.45117e-06
 Reference value :  2.45127e-06
 Reference value :  2.45143e-06
 Reference value :  2.45151e-06
 Reference value :  2.45162e-06
 Reference value :  2.45191e-06
 Reference value :  2.45224e-06
 Reference value :  2.45283e-06
 Reference value :  2.45509e-06
 Reference value :  2.46009e-06
 Reference value :  2.46509e-06
 Reference value :  2.47009e-06
 Reference value :  2.47509e-06
 Reference value :  2.48009e-06
 Reference value :  2.48509e-06
 Reference value :  2.49117e-06
 Reference value :  2.49122e-06
 Reference value :  2.49130e-06
 Reference value :  2.49145e-06
 Reference value :  2.49178e-06
 Reference value :  2.49199e-06
 Reference value :  2.49217e-06
 Reference value :  2.49227e-06
 Reference value :  2.49240e-06
 Reference value :  2.49257e-06
 Reference value :  2.49284e-06
 Reference value :  2.49306e-06
 Reference value :  2.49336e-06
 Reference value :  2.49390e-06
 Reference value :  2.49478e-06
 Reference value :  2.49626e-06
 Reference value :  2.50016e-06
 Reference value :  2.50192e-06
 Reference value :  2.50378e-06
 Reference value :  2.50736e-06
 Reference value :  2.51236e-06
 Reference value :  2.51736e-06
 Reference value :  2.52236e-06
 Reference value :  2.52786e-06
 Reference value :  2.53283e-06
 Reference value :  2.53290e-06
 Reference value :  2.53301e-06
 Reference value :  2.53319e-06
 Reference value :  2.53346e-06
 Reference value :  2.53355e-06
 Reference value :  2.53363e-06
 Reference value :  2.53374e-06
 Reference value :  2.53384e-06
 Reference value :  2.53393e-06
 Reference value :  2.53408e-06
 Reference value :  2.53429e-06
 Reference value :  2.53442e-06
 Reference value :  2.53452e-06
 Reference value :  2.53464e-06
 Reference value :  2.53480e-06
 Reference value :  2.53497e-06
 Reference value :  2.53528e-06
 Reference value :  2.53577e-06
 Reference value :  2.53783e-06
 Reference value :  2.54276e-06
 Reference value :  2.54876e-06
 Reference value :  2.55676e-06
 Reference value :  2.56276e-06
 Reference value :  2.56776e-06
 Reference value :  2.57326e-06
 Reference value :  2.57456e-06
 Reference value :  2.57466e-06
 Reference value :  2.57478e-06
 Reference value :  2.57512e-06
 Reference value :  2.57535e-06
 Reference value :  2.57548e-06
 Reference value :  2.57559e-06
 Reference value :  2.57565e-06
 Reference value :  2.57578e-06
 Reference value :  2.57601e-06
 Reference value :  2.57627e-06
 Reference value :  2.57657e-06
 Reference value :  2.57693e-06
 Reference value :  2.57789e-06
 Reference value :  2.57979e-06
 Reference value :  2.58369e-06
 Reference value :  2.58490e-06
 Reference value :  2.58793e-06
 Reference value :  2.59284e-06
 Reference value :  2.59774e-06
 Reference value :  2.60274e-06
 Reference value :  2.60774e-06
 Reference value :  2.61274e-06
 Reference value :  2.61620e-06
 Reference value :  2.61628e-06
 Reference value :  2.61637e-06
 Reference value :  2.61659e-06
 Reference value :  2.61679e-06
 Reference value :  2.61691e-06
 Reference value :  2.61699e-06
 Reference value :  2.61711e-06
 Reference value :  2.61724e-06
 Reference value :  2.61736e-06
 Reference value :  2.61755e-06
 Reference value :  2.61770e-06
 Reference value :  2.61783e-06
 Reference value :  2.61796e-06
 Reference value :  2.61809e-06
 Reference value :  2.61823e-06
 Reference value :  2.61850e-06
 Reference value :  2.61880e-06
 Reference value :  2.61972e-06
 Reference value :  2.62440e-06
 Reference value :  2.62940e-06
 Reference value :  2.63440e-06
 Reference value :  2.63940e-06
 Reference value :  2.64440e-06
 Reference value :  2.64940e-06
 Reference value :  2.65440e-06
 Reference value :  2.65785e-06
 Reference value :  2.65795e-06
 Reference value :  2.65807e-06
 Reference value :  2.65850e-06
 Reference value :  2.65865e-06
 Reference value :  2.65887e-06
 Reference value :  2.65901e-06
 Reference value :  2.65933e-06
 Reference value :  2.65969e-06
 Reference value :  2.66002e-06
 Reference value :  2.66075e-06
 Reference value :  2.66272e-06
 Reference value :  2.66653e-06
 Reference value :  2.66821e-06
 Reference value :  2.67107e-06
 Reference value :  2.67607e-06
 Reference value :  2.68107e-06
 Reference value :  2.68607e-06
 Reference value :  2.69107e-06
 Reference value :  2.69657e-06
 Reference value :  2.69953e-06
 Reference value :  2.69964e-06
 Reference value :  2.69978e-06
 Reference value :  2.69996e-06
 Reference value :  2.70015e-06
 Reference value :  2.70026e-06
 Reference value :  2.70037e-06
 Reference value :  2.70047e-06
 Reference value :  2.70057e-06
 Reference value :  2.70065e-06
 Reference value :  2.70087e-06
 Reference value :  2.70108e-06
 Reference value :  2.70118e-06
 Reference value :  2.70129e-06
 Reference value :  2.70145e-06
 Reference value :  2.70165e-06
 Reference value :  2.70191e-06
 Reference value :  2.70234e-06
 Reference value :  2.70458e-06
 Reference value :  2.70958e-06
 Reference value :  2.71458e-06
 Reference value :  2.71958e-06
 Reference value :  2.72458e-06
 Reference value :  2.72958e-06
 Reference value :  2.73458e-06
 Reference value :  2.73908e-06
 Reference value :  2.74119e-06
 Reference value :  2.74126e-06
 Reference value :  2.74135e-06
 Reference value :  2.74154e-06
 Reference value :  2.74189e-06
 Reference value :  2.74200e-06
 Reference value :  2.74218e-06
 Reference value :  2.74227e-06
 Reference value :  2.74238e-06
 Reference value :  2.74252e-06
 Reference value :  2.74280e-06
 Reference value :  2.74299e-06
 Reference value :  2.74322e-06
 Reference value :  2.74357e-06
 Reference value :  2.74411e-06
 Reference value :  2.74509e-06
 Reference value :  2.74922e-06
 Reference value :  2.75058e-06
 Reference value :  2.75160e-06
 Reference value :  2.75306e-06
 Reference value :  2.75780e-06
 Reference value :  2.76280e-06
 Reference value :  2.76830e-06
 Reference value :  2.77430e-06
 Reference value :  2.77930e-06
 Reference value :  2.78284e-06
 Reference value :  2.78289e-06
 Reference value :  2.78298e-06
 Reference value :  2.78307e-06
 Reference value :  2.78329e-06
 Reference value :  2.78353e-06
 Reference value :  2.78362e-06
 Reference value :  2.78370e-06
 Reference value :  2.78377e-06
 Reference value :  2.78388e-06
 Reference value :  2.78398e-06
 Reference value :  2.78420e-06
 Reference value :  2.78442e-06
 Reference value :  2.78452e-06
 Reference value :  2.78463e-06
 Reference value :  2.78477e-06
 Reference value :  2.78497e-06
 Reference value :  2.78529e-06
 Reference value :  2.78570e-06
 Reference value :  2.78787e-06
 Reference value :  2.79287e-06
 Reference value :  2.79787e-06
 Reference value :  2.80287e-06
 Reference value :  2.80837e-06
 Reference value :  2.81387e-06
 Reference value :  2.81887e-06
 Reference value :  2.82387e-06
 Reference value :  2.82454e-06
 Reference value :  2.82464e-06
 Reference value :  2.82476e-06
 Reference value :  2.82505e-06
 Reference value :  2.82520e-06
 Reference value :  2.82535e-06
 Reference value :  2.82552e-06
 Reference value :  2.82562e-06
 Reference value :  2.82573e-06
 Reference value :  2.82590e-06
 Reference value :  2.82617e-06
 Reference value :  2.82637e-06
 Reference value :  2.82666e-06
 Reference value :  2.82723e-06
 Reference value :  2.82795e-06
 Reference value :  2.83049e-06
 Reference value :  2.83299e-06
 Reference value :  2.83418e-06
 Reference value :  2.83563e-06
 Reference value :  2.83635e-06
 Reference value :  2.83718e-06
 Reference value :  2.83899e-06
 Reference value :  2.84320e-06
 Reference value :  2.84870e-06
 Reference value :  2.85370e-06
 Reference value :  2.85870e-06
 Reference value :  2.86420e-06
 Reference value :  2.86621e-06
 Reference value :  2.86629e-06
 Reference value :  2.86640e-06
 Reference value :  2.86663e-06
 Reference value :  2.86681e-06
 Reference value :  2.86692e-06
 Reference value :  2.86707e-06
 Reference value :  2.86714e-06
 Reference value :  2.86722e-06
 Reference value :  2.86733e-06
 Reference value :  2.86752e-06
 Reference value :  2.86770e-06
 Reference value :  2.86779e-06
 Reference value :  2.86790e-06
 Reference value :  2.86803e-06
 Reference value :  2.86824e-06
 Reference value :  2.86849e-06
 Reference value :  2.86885e-06
 Reference value :  2.87073e-06
 Reference value :  2.87547e-06
 Reference value :  2.88047e-06
 Reference value :  2.88547e-06
 Reference value :  2.89047e-06
 Reference value :  2.89547e-06
 Reference value :  2.90047e-06
 Reference value :  2.90547e-06
 Reference value :  2.90788e-06
 Reference value :  2.90797e-06
 Reference value :  2.90807e-06
 Reference value :  2.90847e-06
 Reference value :  2.90869e-06
 Reference value :  2.90886e-06
 Reference value :  2.90896e-06
 Reference value :  2.90906e-06
 Reference value :  2.90931e-06
 Reference value :  2.90953e-06
 Reference value :  2.90974e-06
 Reference value :  2.91002e-06
 Reference value :  2.91046e-06
 Reference value :  2.91168e-06
 Reference value :  2.91601e-06
 Reference value :  2.91764e-06
 Reference value :  2.91846e-06
 Reference value :  2.91934e-06
 Reference value :  2.92017e-06
 Reference value :  2.92323e-06
 Reference value :  2.92798e-06
 Reference value :  2.93298e-06
 Reference value :  2.93798e-06
 Reference value :  2.94298e-06
 Reference value :  2.94798e-06
 Reference value :  2.94953e-06
 Reference value :  2.94960e-06
 Reference value :  2.94968e-06
 Reference value :  2.94980e-06
 Reference value :  2.95000e-06
 Reference value :  2.95012e-06
 Reference value :  2.95025e-06
 Reference value :  2.95035e-06
 Reference value :  2.95042e-06
 Reference value :  2.95045e-06
 Reference value :  2.95053e-06
 Reference value :  2.95062e-06
 Reference value :  2.95072e-06
 Reference value :  2.95100e-06
 Reference value :  2.95110e-06
 Reference value :  2.95120e-06
 Reference value :  2.95133e-06
 Reference value :  2.95146e-06
 Reference value :  2.95168e-06
 Reference value :  2.95204e-06
 Reference value :  2.95409e-06
 Reference value :  2.95937e-06
 Reference value :  2.96437e-06
 Reference value :  2.96937e-06
 Reference value :  2.97437e-06
 Reference value :  2.97937e-06
 Reference value :  2.98437e-06
 Reference value :  2.98937e-06
 Reference value :  2.99122e-06
 Reference value :  2.99130e-06
 Reference value :  2.99142e-06
 Reference value :  2.99188e-06
 Reference value :  2.99203e-06
 Reference value :  2.99221e-06
 Reference value :  2.99229e-06
 Reference value :  2.99241e-06
 Reference value :  2.99267e-06
 Reference value :  2.99295e-06
 Reference value :  2.99320e-06
 Reference value :  2.99354e-06
 Reference value :  2.99411e-06
 Reference value :  2.99527e-06
 Reference value :  2.99973e-06
 Reference value :  3.00206e-06
 Reference value :  3.00304e-06
 Reference value :  3.00466e-06
 Reference value :  3.00977e-06
 Reference value :  3.01465e-06
 Reference value :  3.02015e-06
 Reference value :  3.02615e-06
 Reference value :  3.03115e-06
 Reference value :  3.03286e-06
 Reference value :  3.03292e-06
 Reference value :  3.03301e-06
 Reference value :  3.03316e-06
 Reference value :  3.03337e-06
 Reference value :  3.03354e-06
 Reference value :  3.03366e-06
 Reference value :  3.03376e-06
 Reference value :  3.03387e-06
 Reference value :  3.03395e-06
 Reference value :  3.03408e-06
 Reference value :  3.03426e-06
 Reference value :  3.03442e-06
 Reference value :  3.03452e-06
 Reference value :  3.03463e-06
 Reference value :  3.03479e-06
 Reference value :  3.03504e-06
 Reference value :  3.03545e-06
 Reference value :  3.03679e-06
 Reference value :  3.04161e-06
 Reference value :  3.04811e-06
 Reference value :  3.05511e-06
 Reference value :  3.06211e-06
 Reference value :  3.06761e-06
 Reference value :  3.07261e-06
 Reference value :  3.07455e-06
 Reference value :  3.07463e-06
 Reference value :  3.07472e-06
 Reference value :  3.07505e-06
 Reference value :  3.07532e-06
 Reference value :  3.07552e-06
 Reference value :  3.07562e-06
 Reference value :  3.07575e-06
 Reference value :  3.07595e-06
 Reference value :  3.07617e-06
 Reference value :  3.07638e-06
 Reference value :  3.07666e-06
 Reference value :  3.07771e-06
 Reference value :  3.08131e-06
 Reference value :  3.08461e-06
 Reference value :  3.08798e-06
 Reference value :  3.09368e-06
 Reference value :  3.10009e-06
 Reference value :  3.10706e-06
 Reference value :  3.11306e-06
 Reference value :  3.11618e-06
 Reference value :  3.11626e-06
 Reference value :  3.11638e-06
 Reference value :  3.11653e-06
 Reference value :  3.11671e-06
 Reference value :  3.11690e-06
 Reference value :  3.11701e-06
 Reference value :  3.11710e-06
 Reference value :  3.11719e-06
 Reference value :  3.11734e-06
 Reference value :  3.11744e-06
 Reference value :  3.11751e-06
 Reference value :  3.11774e-06
 Reference value :  3.11787e-06
 Reference value :  3.11798e-06
 Reference value :  3.11813e-06
 Reference value :  3.11826e-06
 Reference value :  3.11835e-06
 Reference value :  3.11852e-06
 Reference value :  3.11866e-06
 Reference value :  3.11884e-06
 Reference value :  3.11919e-06
 Reference value :  3.11976e-06
 Reference value :  3.12305e-06
 Reference value :  3.12755e-06
 Reference value :  3.13305e-06
 Reference value :  3.13855e-06
 Reference value :  3.14355e-06
 Reference value :  3.14855e-06
 Reference value :  3.15355e-06
 Reference value :  3.15784e-06
 Reference value :  3.15792e-06
 Reference value :  3.15802e-06
 Reference value :  3.15819e-06
 Reference value :  3.15851e-06
 Reference value :  3.15865e-06
 Reference value :  3.15884e-06
 Reference value :  3.15894e-06
 Reference value :  3.15907e-06
 Reference value :  3.15926e-06
 Reference value :  3.15952e-06
 Reference value :  3.15973e-06
 Reference value :  3.15991e-06
 Reference value :  3.16007e-06
 Reference value :  3.16029e-06
 Reference value :  3.16057e-06
 Reference value :  3.16091e-06
 Reference value :  3.16125e-06
 Reference value :  3.16194e-06
 Reference value :  3.16226e-06
 Reference value :  3.16252e-06
 Reference value :  3.16292e-06
 Reference value :  3.16328e-06
 Reference value :  3.16382e-06
 Reference value :  3.16638e-06
 Reference value :  3.17138e-06
 Reference value :  3.17738e-06
 Reference value :  3.18238e-06
 Reference value :  3.18788e-06
 Reference value :  3.19338e-06
 Reference value :  3.19838e-06
 Reference value :  3.19955e-06
 Reference value :  3.19963e-06
 Reference value :  3.19972e-06
 Reference value :  3.19992e-06
 Reference value :  3.20022e-06
 Reference value :  3.20035e-06
 Reference value :  3.20051e-06
 Reference value :  3.20059e-06
 Reference value :  3.20072e-06
 Reference value :  3.20085e-06
 Reference value :  3.20096e-06
 Reference value :  3.20103e-06
 Reference value :  3.20114e-06
 Reference value :  3.20128e-06
 Reference value :  3.20146e-06
 Reference value :  3.20169e-06
 Reference value :  3.20217e-06
 Reference value :  3.20399e-06
 Reference value :  3.20845e-06
 Reference value :  3.21345e-06
 Reference value :  3.21845e-06
 Reference value :  3.22345e-06
 Reference value :  3.22895e-06
 Reference value :  3.23395e-06
 Reference value :  3.23895e-06
 Reference value :  3.24119e-06
 Reference value :  3.24126e-06
 Reference value :  3.24137e-06
 Reference value :  3.24164e-06
 Reference value :  3.24192e-06
 Reference value :  3.24204e-06
 Reference value :  3.24220e-06
 Reference value :  3.24229e-06
 Reference value :  3.24243e-06
 Reference value :  3.24264e-06
 Reference value :  3.24290e-06
 Reference value :  3.24309e-06
 Reference value :  3.24328e-06
 Reference value :  3.24352e-06
 Reference value :  3.24390e-06
 Reference value :  3.24443e-06
 Reference value :  3.24513e-06
 Reference value :  3.24553e-06
 Reference value :  3.24575e-06
 Reference value :  3.24610e-06
 Reference value :  3.24671e-06
 Reference value :  3.24727e-06
 Reference value :  3.24905e-06
 Reference value :  3.25405e-06
 Reference value :  3.25905e-06
 Reference value :  3.26405e-06
 Reference value :  3.26905e-06
 Reference value :  3.27405e-06
 Reference value :  3.27905e-06
 Reference value :  3.28285e-06
 Reference value :  3.28293e-06
 Reference value :  3.28302e-06
 Reference value :  3.28316e-06
 Reference value :  3.28340e-06
 Reference value :  3.28354e-06
 Reference value :  3.28369e-06
 Reference value :  3.28381e-06
 Reference value :  3.28387e-06
 Reference value :  3.28395e-06
 Reference value :  3.28407e-06
 Reference value :  3.28428e-06
 Reference value :  3.28441e-06
 Reference value :  3.28450e-06
 Reference value :  3.28459e-06
 Reference value :  3.28468e-06
 Reference value :  3.28480e-06
 Reference value :  3.28491e-06
 Reference value :  3.28514e-06
 Reference value :  3.28546e-06
 Reference value :  3.28589e-06
 Reference value :  3.28796e-06
 Reference value :  3.29296e-06
 Reference value :  3.29796e-06
 Reference value :  3.30296e-06
 Reference value :  3.30846e-06
 Reference value :  3.31346e-06
 Reference value :  3.31846e-06
 Reference value :  3.32346e-06
 Reference value :  3.32455e-06
 Reference value :  3.32463e-06
 Reference value :  3.32478e-06
 Reference value :  3.32511e-06
 Reference value :  3.32534e-06
 Reference value :  3.32552e-06
 Reference value :  3.32563e-06
 Reference value :  3.32585e-06
 Reference value :  3.32617e-06
 Reference value :  3.32642e-06
 Reference value :  3.32665e-06
 Reference value :  3.32686e-06
 Reference value :  3.32725e-06
 Reference value :  3.32758e-06
 Reference value :  3.32820e-06
 Reference value :  3.32954e-06
 Reference value :  3.33417e-06
 Reference value :  3.33917e-06
 Reference value :  3.34417e-06
 Reference value :  3.34917e-06
 Reference value :  3.35417e-06
 Reference value :  3.35917e-06
 Reference value :  3.36417e-06
 Reference value :  3.36620e-06
 Reference value :  3.36630e-06
 Reference value :  3.36639e-06
 Reference value :  3.36659e-06
 Reference value :  3.36678e-06
 Reference value :  3.36690e-06
 Reference value :  3.36699e-06
 Reference value :  3.36716e-06
 Reference value :  3.36727e-06
 Reference value :  3.36750e-06
 Reference value :  3.36768e-06
 Reference value :  3.36777e-06
 Reference value :  3.36788e-06
 Reference value :  3.36800e-06
 Reference value :  3.36811e-06
 Reference value :  3.36833e-06
 Reference value :  3.36856e-06
 Reference value :  3.36897e-06
 Reference value :  3.37042e-06
 Reference value :  3.37542e-06
 Reference value :  3.38042e-06
 Reference value :  3.38542e-06
 Reference value :  3.39142e-06
 Reference value :  3.39742e-06
 Reference value :  3.40242e-06
 Reference value :  3.40738e-06
 Reference value :  3.40790e-06
 Reference value :  3.40800e-06
 Reference value :  3.40815e-06
 Reference value :  3.40851e-06
 Reference value :  3.40867e-06
 Reference value :  3.40886e-06
 Reference value :  3.40894e-06
 Reference value :  3.40907e-06
 Reference value :  3.40924e-06
 Reference value :  3.40949e-06
 Reference value :  3.40974e-06
 Reference value :  3.40989e-06
 Reference value :  3.41015e-06
 Reference value :  3.41043e-06
 Reference value :  3.41077e-06
 Reference value :  3.41117e-06
 Reference value :  3.41198e-06
 Reference value :  3.41417e-06
 Reference value :  3.42017e-06
 Reference value :  3.42517e-06
 Reference value :  3.43067e-06
 Reference value :  3.43617e-06
 Reference value :  3.44117e-06
 Reference value :  3.44617e-06
 Reference value :  3.44953e-06
 Reference value :  3.44961e-06
 Reference value :  3.44971e-06
 Reference value :  3.44989e-06
 Reference value :  3.45012e-06
 Reference value :  3.45022e-06
 Reference value :  3.45033e-06
 Reference value :  3.45044e-06
 Reference value :  3.45055e-06
 Reference value :  3.45065e-06
 Reference value :  3.45086e-06
 Reference value :  3.45103e-06
 Reference value :  3.45113e-06
 Reference value :  3.45123e-06
 Reference value :  3.45134e-06
 Reference value :  3.45151e-06
 Reference value :  3.45173e-06
 Reference value :  3.45197e-06
 Reference value :  3.45247e-06
 Reference value :  3.45587e-06
 Reference value :  3.46087e-06
 Reference value :  3.46587e-06
 Reference value :  3.47087e-06
 Reference value :  3.47587e-06
 Reference value :  3.48087e-06
 Reference value :  3.48637e-06
 Reference value :  3.49117e-06
 Reference value :  3.49125e-06
 Reference value :  3.49134e-06
 Reference value :  3.49154e-06
 Reference value :  3.49197e-06
 Reference value :  3.49210e-06
 Reference value :  3.49225e-06
 Reference value :  3.49233e-06
 Reference value :  3.49250e-06
 Reference value :  3.49274e-06
 Reference value :  3.49301e-06
 Reference value :  3.49321e-06
 Reference value :  3.49342e-06
 Reference value :  3.49374e-06
 Reference value :  3.49413e-06
 Reference value :  3.49465e-06
 Reference value :  3.49552e-06
 Reference value :  3.49892e-06
 Reference value :  3.50492e-06
 Reference value :  3.51042e-06
 Reference value :  3.51642e-06
 Reference value :  3.52192e-06
 Reference value :  3.52742e-06
 Reference value :  3.53283e-06
 Reference value :  3.53290e-06
 Reference value :  3.53301e-06
 Reference value :  3.53316e-06
 Reference value :  3.53341e-06
 Reference value :  3.53355e-06
 Reference value :  3.53363e-06
 Reference value :  3.53375e-06
 Reference value :  3.53383e-06
 Reference value :  3.53394e-06
 Reference value :  3.53411e-06
 Reference value :  3.53432e-06
 Reference value :  3.53445e-06
 Reference value :  3.53457e-06
 Reference value :  3.53468e-06
 Reference value :  3.53485e-06
 Reference value :  3.53512e-06
 Reference value :  3.53545e-06
 Reference value :  3.53688e-06
 Reference value :  3.54179e-06
 Reference value :  3.54729e-06
 Reference value :  3.55229e-06
 Reference value :  3.55779e-06
 Reference value :  3.56329e-06
 Reference value :  3.56879e-06
 Reference value :  3.57450e-06
 Reference value :  3.57457e-06
 Reference value :  3.57465e-06
 Reference value :  3.57475e-06
 Reference value :  3.57512e-06
 Reference value :  3.57534e-06
 Reference value :  3.57554e-06
 Reference value :  3.57565e-06
 Reference value :  3.57581e-06
 Reference value :  3.57604e-06
 Reference value :  3.57626e-06
 Reference value :  3.57648e-06
 Reference value :  3.57666e-06
 Reference value :  3.57682e-06
 Reference value :  3.57729e-06
 Reference value :  3.57775e-06
 Reference value :  3.57817e-06
 Reference value :  3.57899e-06
 Reference value :  3.58297e-06
 Reference value :  3.58797e-06
 Reference value :  3.59347e-06
 Reference value :  3.59897e-06
 Reference value :  3.60397e-06
 Reference value :  3.60897e-06
 Reference value :  3.61397e-06
 Reference value :  3.61620e-06
 Reference value :  3.61629e-06
 Reference value :  3.61639e-06
 Reference value :  3.61661e-06
 Reference value :  3.61678e-06
 Reference value :  3.61689e-06
 Reference value :  3.61701e-06
 Reference value :  3.61713e-06
 Reference value :  3.61723e-06
 Reference value :  3.61731e-06
 Reference value :  3.61750e-06
 Reference value :  3.61768e-06
 Reference value :  3.61777e-06
 Reference value :  3.61788e-06
 Reference value :  3.61802e-06
 Reference value :  3.61822e-06
 Reference value :  3.61858e-06
 Reference value :  3.61908e-06
 Reference value :  3.62171e-06
 Reference value :  3.62721e-06
 Reference value :  3.63271e-06
 Reference value :  3.63821e-06
 Reference value :  3.64321e-06
 Reference value :  3.64821e-06
 Reference value :  3.65371e-06
 Reference value :  3.65784e-06
 Reference value :  3.65793e-06
 Reference value :  3.65803e-06
 Reference value :  3.65824e-06
 Reference value :  3.65866e-06
 Reference value :  3.65885e-06
 Reference value :  3.65897e-06
 Reference value :  3.65918e-06
 Reference value :  3.65951e-06
 Reference value :  3.65981e-06
 Reference value :  3.66004e-06
 Reference value :  3.66032e-06
 Reference value :  3.66090e-06
 Reference value :  3.66135e-06
 Reference value :  3.66229e-06
 Reference value :  3.66425e-06
 Reference value :  3.66910e-06
 Reference value :  3.67460e-06
 Reference value :  3.68010e-06
 Reference value :  3.68510e-06
 Reference value :  3.69010e-06
 Reference value :  3.69560e-06
 Reference value :  3.69952e-06
 Reference value :  3.69959e-06
 Reference value :  3.69970e-06
 Reference value :  3.69988e-06
 Reference value :  3.70007e-06
 Reference value :  3.70024e-06
 Reference value :  3.70037e-06
 Reference value :  3.70053e-06
 Reference value :  3.70064e-06
 Reference value :  3.70091e-06
 Reference value :  3.70109e-06
 Reference value :  3.70122e-06
 Reference value :  3.70139e-06
 Reference value :  3.70161e-06
 Reference value :  3.70196e-06
 Reference value :  3.70269e-06
 Reference value :  3.70626e-06
 Reference value :  3.71126e-06
 Reference value :  3.71676e-06
 Reference value :  3.72176e-06
 Reference value :  3.72726e-06
 Reference value :  3.73276e-06
 Reference value :  3.73826e-06
 Reference value :  3.74123e-06
 Reference value :  3.74134e-06
 Reference value :  3.74147e-06
 Reference value :  3.74185e-06
 Reference value :  3.74203e-06
 Reference value :  3.74219e-06
 Reference value :  3.74227e-06
 Reference value :  3.74240e-06
 Reference value :  3.74264e-06
 Reference value :  3.74290e-06
 Reference value :  3.74312e-06
 Reference value :  3.74330e-06
 Reference value :  3.74353e-06
 Reference value :  3.74408e-06
 Reference value :  3.74443e-06
 Reference value :  3.74493e-06
 Reference value :  3.74554e-06
 Reference value :  3.74653e-06
 Reference value :  3.75038e-06
 Reference value :  3.75588e-06
 Reference value :  3.76138e-06
 Reference value :  3.76688e-06
 Reference value :  3.77188e-06
 Reference value :  3.77738e-06
 Reference value :  3.78238e-06
 Reference value :  3.78290e-06
 Reference value :  3.78301e-06
 Reference value :  3.78319e-06
 Reference value :  3.78341e-06
 Reference value :  3.78355e-06
 Reference value :  3.78363e-06
 Reference value :  3.78378e-06
 Reference value :  3.78391e-06
 Reference value :  3.78406e-06
 Reference value :  3.78426e-06
 Reference value :  3.78439e-06
 Reference value :  3.78449e-06
 Reference value :  3.78461e-06
 Reference value :  3.78474e-06
 Reference value :  3.78492e-06
 Reference value :  3.78517e-06
 Reference value :  3.78547e-06
 Reference value :  3.78627e-06
 Reference value :  3.79128e-06
 Reference value :  3.79628e-06
 Reference value :  3.80178e-06
 Reference value :  3.80678e-06
 Reference value :  3.81178e-06
 Reference value :  3.81728e-06
 Reference value :  3.82228e-06
 Reference value :  3.82454e-06
 Reference value :  3.82463e-06
 Reference value :  3.82474e-06
 Reference value :  3.82514e-06
 Reference value :  3.82537e-06
 Reference value :  3.82558e-06
 Reference value :  3.82566e-06
 Reference value :  3.82586e-06
 Reference value :  3.82612e-06
 Reference value :  3.82634e-06
 Reference value :  3.82654e-06
 Reference value :  3.82671e-06
 Reference value :  3.82705e-06
 Reference value :  3.82773e-06
 Reference value :  3.82812e-06
 Reference value :  3.82882e-06
 Reference value :  3.83011e-06
 Reference value :  3.83356e-06
 Reference value :  3.83906e-06
 Reference value :  3.84506e-06
 Reference value :  3.85056e-06
 Reference value :  3.85606e-06
 Reference value :  3.86156e-06
 Reference value :  3.86617e-06
 Reference value :  3.86625e-06
 Reference value :  3.86634e-06
 Reference value :  3.86647e-06
 Reference value :  3.86672e-06
 Reference value :  3.86686e-06
 Reference value :  3.86699e-06
 Reference value :  3.86715e-06
 Reference value :  3.86723e-06
 Reference value :  3.86738e-06
 Reference value :  3.86756e-06
 Reference value :  3.86768e-06
 Reference value :  3.86779e-06
 Reference value :  3.86791e-06
 Reference value :  3.86804e-06
 Reference value :  3.86820e-06
 Reference value :  3.86847e-06
 Reference value :  3.86882e-06
 Reference value :  3.87063e-06
 Reference value :  3.87695e-06
 Reference value :  3.88395e-06
 Reference value :  3.89045e-06
 Reference value :  3.89695e-06
 Reference value :  3.90295e-06
 Reference value :  3.90787e-06
 Reference value :  3.90799e-06
 Reference value :  3.90811e-06
 Reference value :  3.90847e-06
 Reference value :  3.90864e-06
 Reference value :  3.90881e-06
 Reference value :  3.90891e-06
 Reference value :  3.90900e-06
 Reference value :  3.90918e-06
 Reference value :  3.90947e-06
 Reference value :  3.90970e-06
 Reference value :  3.90989e-06
 Reference value :  3.91012e-06
 Reference value :  3.91057e-06
 Reference value :  3.91101e-06
 Reference value :  3.91140e-06
 Reference value :  3.91205e-06
 Reference value :  3.91248e-06
 Reference value :  3.91308e-06
 Reference value :  3.91676e-06
 Reference value :  3.92326e-06
 Reference value :  3.92826e-06
 Reference value :  3.93326e-06
 Reference value :  3.93876e-06
 Reference value :  3.94426e-06
 Reference value :  3.94950e-06
 Reference value :  3.94955e-06
 Reference value :  3.94966e-06
 Reference value :  3.94979e-06
 Reference value :  3.95000e-06
 Reference value :  3.95012e-06
 Reference value :  3.95025e-06
 Reference value :  3.95037e-06
 Reference value :  3.95044e-06
 Reference value :  3.95050e-06
 Reference value :  3.95059e-06
 Reference value :  3.95072e-06
 Reference value :  3.95100e-06
 Reference value :  3.95112e-06
 Reference value :  3.95122e-06
 Reference value :  3.95134e-06
 Reference value :  3.95147e-06
 Reference value :  3.95167e-06
 Reference value :  3.95204e-06
 Reference value :  3.95270e-06
 Reference value :  3.95647e-06
 Reference value :  3.96147e-06
 Reference value :  3.96647e-06
 Reference value :  3.97147e-06
 Reference value :  3.97647e-06
 Reference value :  3.98147e-06
 Reference value :  3.98647e-06
 Reference value :  3.99117e-06
 Reference value :  3.99125e-06
 Reference value :  3.99136e-06
 Reference value :  3.99158e-06
 Reference value :  3.99200e-06
 Reference value :  3.99217e-06
 Reference value :  3.99228e-06
 Reference value :  3.99241e-06
 Reference value :  3.99273e-06
 Reference value :  3.99296e-06
 Reference value :  3.99323e-06
 Reference value :  3.99345e-06
 Reference value :  3.99381e-06
 Reference value :  3.99422e-06
 Reference value :  3.99473e-06
 Reference value :  3.99519e-06
 Reference value :  3.99576e-06
 Reference value :  3.99614e-06
 Reference value :  3.99746e-06
 Reference value :  4.00220e-06
 Reference value :  4.00720e-06
 Reference value :  4.01220e-06
 Reference value :  4.01770e-06
 Reference value :  4.02320e-06
 Reference value :  4.02820e-06
 Reference value :  4.03284e-06
 Reference value :  4.03293e-06
 Reference value :  4.03302e-06
 Reference value :  4.03320e-06
 Reference value :  4.03338e-06
 Reference value :  4.03354e-06
 Reference value :  4.03365e-06
 Reference value :  4.03376e-06
 Reference value :  4.03386e-06
 Reference value :  4.03397e-06
 Reference value :  4.03416e-06
 Reference value :  4.03437e-06
 Reference value :  4.03447e-06
 Reference value :  4.03455e-06
 Reference value :  4.03470e-06
 Reference value :  4.03487e-06
 Reference value :  4.03514e-06
 Reference value :  4.03542e-06
 Reference value :  4.03642e-06
 Reference value :  4.04065e-06
 Reference value :  4.04615e-06
 Reference value :  4.05215e-06
 Reference value :  4.05715e-06
 Reference value :  4.06215e-06
 Reference value :  4.06765e-06
 Reference value :  4.07365e-06
 Reference value :  4.07456e-06
 Reference value :  4.07466e-06
 Reference value :  4.07478e-06
 Reference value :  4.07518e-06
 Reference value :  4.07538e-06
 Reference value :  4.07554e-06
 Reference value :  4.07563e-06
 Reference value :  4.07576e-06
 Reference value :  4.07597e-06
 Reference value :  4.07623e-06
 Reference value :  4.07645e-06
 Reference value :  4.07664e-06
 Reference value :  4.07688e-06
 Reference value :  4.07728e-06
 Reference value :  4.07786e-06
 Reference value :  4.07841e-06
 Reference value :  4.07864e-06
 Reference value :  4.07921e-06
 Reference value :  4.07977e-06
 Reference value :  4.08181e-06
 Reference value :  4.08739e-06
 Reference value :  4.09289e-06
 Reference value :  4.09839e-06
 Reference value :  4.10389e-06
 Reference value :  4.11039e-06
 Reference value :  4.11617e-06
 Reference value :  4.11626e-06
 Reference value :  4.11634e-06
 Reference value :  4.11652e-06
 Reference value :  4.11674e-06
 Reference value :  4.11690e-06
 Reference value :  4.11706e-06
 Reference value :  4.11721e-06
 Reference value :  4.11733e-06
 Reference value :  4.11744e-06
 Reference value :  4.11749e-06
 Reference value :  4.11767e-06
 Reference value :  4.11779e-06
 Reference value :  4.11794e-06
 Reference value :  4.11810e-06
 Reference value :  4.11822e-06
 Reference value :  4.11835e-06
 Reference value :  4.11847e-06
 Reference value :  4.11861e-06
 Reference value :  4.11882e-06
 Reference value :  4.11919e-06
 Reference value :  4.12026e-06
 Reference value :  4.12447e-06
 Reference value :  4.12947e-06
 Reference value :  4.13447e-06
 Reference value :  4.13947e-06
 Reference value :  4.14447e-06
 Reference value :  4.14947e-06
 Reference value :  4.15547e-06
 Reference value :  4.15787e-06
 Reference value :  4.15796e-06
 Reference value :  4.15809e-06
 Reference value :  4.15846e-06
 Reference value :  4.15872e-06
 Reference value :  4.15885e-06
 Reference value :  4.15894e-06
 Reference value :  4.15902e-06
 Reference value :  4.15917e-06
 Reference value :  4.15941e-06
 Reference value :  4.15962e-06
 Reference value :  4.15979e-06
 Reference value :  4.15992e-06
 Reference value :  4.16010e-06
 Reference value :  4.16037e-06
 Reference value :  4.16058e-06
 Reference value :  4.16073e-06
 Reference value :  4.16089e-06
 Reference value :  4.16110e-06
 Reference value :  4.16155e-06
 Reference value :  4.16295e-06
 Reference value :  4.16712e-06
 Reference value :  4.17212e-06
 Reference value :  4.17762e-06
 Reference value :  4.18262e-06
 Reference value :  4.18912e-06
 Reference value :  4.19612e-06
 Reference value :  4.19956e-06
 Reference value :  4.19964e-06
 Reference value :  4.19978e-06
 Reference value :  4.20008e-06
 Reference value :  4.20028e-06
 Reference value :  4.20050e-06
 Reference value :  4.20056e-06
 Reference value :  4.20065e-06
 Reference value :  4.20080e-06
 Reference value :  4.20093e-06
 Reference value :  4.20107e-06
 Reference value :  4.20118e-06
 Reference value :  4.20130e-06
 Reference value :  4.20143e-06
 Reference value :  4.20164e-06
 Reference value :  4.20193e-06
 Reference value :  4.20245e-06
 Reference value :  4.20391e-06
 Reference value :  4.20753e-06
 Reference value :  4.21253e-06
 Reference value :  4.21753e-06
 Reference value :  4.22253e-06
 Reference value :  4.22753e-06
 Reference value :  4.23303e-06
 Reference value :  4.23803e-06
 Reference value :  4.24118e-06
 Reference value :  4.24126e-06
 Reference value :  4.24136e-06
 Reference value :  4.24149e-06
 Reference value :  4.24181e-06
 Reference value :  4.24198e-06
 Reference value :  4.24209e-06
 Reference value :  4.24223e-06
 Reference value :  4.24236e-06
 Reference value :  4.24251e-06
 Reference value :  4.24281e-06
 Reference value :  4.24303e-06
 Reference value :  4.24318e-06
 Reference value :  4.24339e-06
 Reference value :  4.24374e-06
 Reference value :  4.24395e-06
 Reference value :  4.24423e-06
 Reference value :  4.24462e-06
 Reference value :  4.24617e-06
 Reference value :  4.25049e-06
 Reference value :  4.25549e-06
 Reference value :  4.26199e-06
 Reference value :  4.26749e-06
 Reference value :  4.27299e-06
 Reference value :  4.27849e-06
 Reference value :  4.28284e-06
 Reference value :  4.28292e-06
 Reference value :  4.28300e-06
 Reference value :  4.28314e-06
 Reference value :  4.28339e-06
 Reference value :  4.28357e-06
 Reference value :  4.28370e-06
 Reference value :  4.28383e-06
 Reference value :  4.28392e-06
 Reference value :  4.28401e-06
 Reference value :  4.28407e-06
 Reference value :  4.28421e-06
 Reference value :  4.28434e-06
 Reference value :  4.28445e-06
 Reference value :  4.28460e-06
 Reference value :  4.28473e-06
 Reference value :  4.28498e-06
 Reference value :  4.28529e-06
 Reference value :  4.28579e-06
 Reference value :  4.28768e-06
 Reference value :  4.29307e-06
 Reference value :  4.29807e-06
 Reference value :  4.30307e-06
 Reference value :  4.30907e-06
 Reference value :  4.31457e-06
 Reference value :  4.32057e-06
 Reference value :  4.32452e-06
 Reference value :  4.32461e-06
 Reference value :  4.32472e-06
 Reference value :  4.32512e-06
 Reference value :  4.32538e-06
 Reference value :  4.32557e-06
 Reference value :  4.32566e-06
 Reference value :  4.32586e-06
 Reference value :  4.32612e-06
 Reference value :  4.32634e-06
 Reference value :  4.32664e-06
 Reference value :  4.32717e-06
 Reference value :  4.32786e-06
 Reference value :  4.32857e-06
 Reference value :  4.33196e-06
 Reference value :  4.33396e-06
 Reference value :  4.33503e-06
 Reference value :  4.33555e-06
 Reference value :  4.33577e-06
 Reference value :  4.33602e-06
 Reference value :  4.33637e-06
 Reference value :  4.33736e-06
 Reference value :  4.34228e-06
 Reference value :  4.34728e-06
 Reference value :  4.35228e-06
 Reference value :  4.35928e-06
 Reference value :  4.36617e-06
 Reference value :  4.36626e-06
 Reference value :  4.36635e-06
 Reference value :  4.36654e-06
 Reference value :  4.36676e-06
 Reference value :  4.36686e-06
 Reference value :  4.36695e-06
 Reference value :  4.36707e-06
 Reference value :  4.36717e-06
 Reference value :  4.36728e-06
 Reference value :  4.36753e-06
 Reference value :  4.36771e-06
 Reference value :  4.36779e-06
 Reference value :  4.36788e-06
 Reference value :  4.36798e-06
 Reference value :  4.36816e-06
 Reference value :  4.36839e-06
 Reference value :  4.36876e-06
 Reference value :  4.36933e-06
 Reference value :  4.37253e-06
 Reference value :  4.37853e-06
 Reference value :  4.38403e-06
 Reference value :  4.38953e-06
 Reference value :  4.39603e-06
 Reference value :  4.40303e-06
 Reference value :  4.40786e-06
 Reference value :  4.40797e-06
 Reference value :  4.40814e-06
 Reference value :  4.40859e-06
 Reference value :  4.40881e-06
 Reference value :  4.40893e-06
 Reference value :  4.40912e-06
 Reference value :  4.40948e-06
 Reference value :  4.40981e-06
 Reference value :  4.41031e-06
 Reference value :  4.41104e-06
 Reference value :  4.41463e-06
 Reference value :  4.41766e-06
 Reference value :  4.41843e-06
 Reference value :  4.41886e-06
 Reference value :  4.41961e-06
 Reference value :  4.42272e-06
 Reference value :  4.42872e-06
 Reference value :  4.43372e-06
 Reference value :  4.43922e-06
 Reference value :  4.44472e-06
 Reference value :  4.44951e-06
 Reference value :  4.44959e-06
 Reference value :  4.44968e-06
 Reference value :  4.44996e-06
 Reference value :  4.45015e-06
 Reference value :  4.45026e-06
 Reference value :  4.45042e-06
 Reference value :  4.45053e-06
 Reference value :  4.45065e-06
 Reference value :  4.45084e-06
 Reference value :  4.45103e-06
 Reference value :  4.45114e-06
 Reference value :  4.45126e-06
 Reference value :  4.45138e-06
 Reference value :  4.45154e-06
 Reference value :  4.45190e-06
 Reference value :  4.45223e-06
 Reference value :  4.45342e-06
 Reference value :  4.45824e-06
 Reference value :  4.46374e-06
 Reference value :  4.46924e-06
 Reference value :  4.47474e-06
 Reference value :  4.48024e-06
 Reference value :  4.48574e-06
 Reference value :  4.49070e-06
 Reference value :  4.49123e-06
 Reference value :  4.49134e-06
 Reference value :  4.49149e-06
 Reference value :  4.49184e-06
 Reference value :  4.49201e-06
 Reference value :  4.49219e-06
 Reference value :  4.49229e-06
 Reference value :  4.49244e-06
 Reference value :  4.49266e-06
 Reference value :  4.49291e-06
 Reference value :  4.49324e-06
 Reference value :  4.49370e-06
 Reference value :  4.49436e-06
 Reference value :  4.49504e-06
 Reference value :  4.49698e-06
 Reference value :  4.50048e-06
 Reference value :  4.50127e-06
 Reference value :  4.50237e-06
 Reference value :  4.50260e-06
 Reference value :  4.50285e-06
 Reference value :  4.50314e-06
 Reference value :  4.50377e-06
 Reference value :  4.50727e-06
 Reference value :  4.51227e-06
 Reference value :  4.51777e-06
 Reference value :  4.52277e-06
 Reference value :  4.52827e-06
 Reference value :  4.53283e-06
 Reference value :  4.53288e-06
 Reference value :  4.53298e-06
 Reference value :  4.53309e-06
 Reference value :  4.53329e-06
 Reference value :  4.53349e-06
 Reference value :  4.53360e-06
 Reference value :  4.53368e-06
 Reference value :  4.53382e-06
 Reference value :  4.53393e-06
 Reference value :  4.53417e-06
 Reference value :  4.53438e-06
 Reference value :  4.53447e-06
 Reference value :  4.53454e-06
 Reference value :  4.53467e-06
 Reference value :  4.53491e-06
 Reference value :  4.53518e-06
 Reference value :  4.53561e-06
 Reference value :  4.53644e-06
 Reference value :  4.54060e-06
 Reference value :  4.54610e-06
 Reference value :  4.55160e-06
 Reference value :  4.55660e-06
 Reference value :  4.56210e-06
 Reference value :  4.56710e-06
 Reference value :  4.57260e-06
 Reference value :  4.57456e-06
 Reference value :  4.57466e-06
 Reference value :  4.57479e-06
 Reference value :  4.57505e-06
 Reference value :  4.57529e-06
 Reference value :  4.57547e-06
 Reference value :  4.57557e-06
 Reference value :  4.57571e-06
 Reference value :  4.57589e-06
 Reference value :  4.57615e-06
 Reference value :  4.57638e-06
 Reference value :  4.57670e-06
 Reference value :  4.57726e-06
 Reference value :  4.57800e-06
 Reference value :  4.57944e-06
 Reference value :  4.58347e-06
 Reference value :  4.58426e-06
 Reference value :  4.58544e-06
 Reference value :  4.58567e-06
 Reference value :  4.58590e-06
 Reference value :  4.58624e-06
 Reference value :  4.58706e-06
 Reference value :  4.59254e-06
 Reference value :  4.59754e-06
 Reference value :  4.60254e-06
 Reference value :  4.60754e-06
 Reference value :  4.61304e-06
 Reference value :  4.61619e-06
 Reference value :  4.61627e-06
 Reference value :  4.61637e-06
 Reference value :  4.61657e-06
 Reference value :  4.61674e-06
 Reference value :  4.61687e-06
 Reference value :  4.61696e-06
 Reference value :  4.61712e-06
 Reference value :  4.61724e-06
 Reference value :  4.61740e-06
 Reference value :  4.61765e-06
 Reference value :  4.61773e-06
 Reference value :  4.61781e-06
 Reference value :  4.61788e-06
 Reference value :  4.61799e-06
 Reference value :  4.61829e-06
 Reference value :  4.61850e-06
 Reference value :  4.61878e-06
 Reference value :  4.61967e-06
 Reference value :  4.62362e-06
 Reference value :  4.62912e-06
 Reference value :  4.63412e-06
 Reference value :  4.63912e-06
 Reference value :  4.64412e-06
 Reference value :  4.64962e-06
 Reference value :  4.65462e-06
 Reference value :  4.65786e-06
 Reference value :  4.65793e-06
 Reference value :  4.65803e-06
 Reference value :  4.65822e-06
 Reference value :  4.65849e-06
 Reference value :  4.65868e-06
 Reference value :  4.65884e-06
 Reference value :  4.65896e-06
 Reference value :  4.65917e-06
 Reference value :  4.65944e-06
 Reference value :  4.65964e-06
 Reference value :  4.65995e-06
 Reference value :  4.66043e-06
 Reference value :  4.66099e-06
 Reference value :  4.66177e-06
 Reference value :  4.66455e-06
 Reference value :  4.66691e-06
 Reference value :  4.66802e-06
 Reference value :  4.66828e-06
 Reference value :  4.66850e-06
 Reference value :  4.66878e-06
 Reference value :  4.66934e-06
 Reference value :  4.67151e-06
 Reference value :  4.67651e-06
 Reference value :  4.68151e-06
 Reference value :  4.69051e-06
 Reference value :  4.69651e-06
 Reference value :  4.69953e-06
 Reference value :  4.69963e-06
 Reference value :  4.69972e-06
 Reference value :  4.69996e-06
 Reference value :  4.70015e-06
 Reference value :  4.70025e-06
 Reference value :  4.70045e-06
 Reference value :  4.70062e-06
 Reference value :  4.70088e-06
 Reference value :  4.70106e-06
 Reference value :  4.70114e-06
 Reference value :  4.70121e-06
 Reference value :  4.70134e-06
 Reference value :  4.70161e-06
 Reference value :  4.70182e-06
 Reference value :  4.70220e-06
 Reference value :  4.70293e-06
 Reference value :  4.70754e-06
 Reference value :  4.71354e-06
 Reference value :  4.72004e-06
 Reference value :  4.72754e-06
 Reference value :  4.73354e-06
 Reference value :  4.73904e-06
 Reference value :  4.74120e-06
 Reference value :  4.74131e-06
 Reference value :  4.74142e-06
 Reference value :  4.74178e-06
 Reference value :  4.74195e-06
 Reference value :  4.74210e-06
 Reference value :  4.74223e-06
 Reference value :  4.74234e-06
 Reference value :  4.74250e-06
 Reference value :  4.74271e-06
 Reference value :  4.74298e-06
 Reference value :  4.74330e-06
 Reference value :  4.74385e-06
 Reference value :  4.74453e-06
 Reference value :  4.74698e-06
 Reference value :  4.74998e-06
 Reference value :  4.75113e-06
 Reference value :  4.75199e-06
 Reference value :  4.75221e-06
 Reference value :  4.75241e-06
 Reference value :  4.75269e-06
 Reference value :  4.75342e-06
 Reference value :  4.75651e-06
 Reference value :  4.76201e-06
 Reference value :  4.76801e-06
 Reference value :  4.77451e-06
 Reference value :  4.77951e-06
 Reference value :  4.78285e-06
 Reference value :  4.78293e-06
 Reference value :  4.78302e-06
 Reference value :  4.78316e-06
 Reference value :  4.78341e-06
 Reference value :  4.78357e-06
 Reference value :  4.78369e-06
 Reference value :  4.78384e-06
 Reference value :  4.78399e-06
 Reference value :  4.78421e-06
 Reference value :  4.78441e-06
 Reference value :  4.78451e-06
 Reference value :  4.78457e-06
 Reference value :  4.78468e-06
 Reference value :  4.78492e-06
 Reference value :  4.78524e-06
 Reference value :  4.78558e-06
 Reference value :  4.78664e-06
 Reference value :  4.79128e-06
 Reference value :  4.79628e-06
 Reference value :  4.80178e-06
 Reference value :  4.80728e-06
 Reference value :  4.81278e-06
 Reference value :  4.81778e-06
 Reference value :  4.82328e-06
 Reference value :  4.82454e-06
 Reference value :  4.82462e-06
 Reference value :  4.82471e-06
 Reference value :  4.82492e-06
 Reference value :  4.82515e-06
 Reference value :  4.82532e-06
 Reference value :  4.82547e-06
 Reference value :  4.82557e-06
 Reference value :  4.82565e-06
 Reference value :  4.82579e-06
 Reference value :  4.82602e-06
 Reference value :  4.82628e-06
 Reference value :  4.82659e-06
 Reference value :  4.82704e-06
 Reference value :  4.82765e-06
 Reference value :  4.82893e-06
 Reference value :  4.83337e-06
 Reference value :  4.83453e-06
 Reference value :  4.83545e-06
 Reference value :  4.83564e-06
 Reference value :  4.83587e-06
 Reference value :  4.83614e-06
 Reference value :  4.83684e-06
 Reference value :  4.83978e-06
 Reference value :  4.84528e-06
 Reference value :  4.85128e-06
 Reference value :  4.85628e-06
 Reference value :  4.86178e-06
 Reference value :  4.86617e-06
 Reference value :  4.86625e-06
 Reference value :  4.86634e-06
 Reference value :  4.86649e-06
 Reference value :  4.86673e-06
 Reference value :  4.86685e-06
 Reference value :  4.86692e-06
 Reference value :  4.86710e-06
 Reference value :  4.86723e-06
 Reference value :  4.86747e-06
 Reference value :  4.86767e-06
 Reference value :  4.86775e-06
 Reference value :  4.86785e-06
 Reference value :  4.86796e-06
 Reference value :  4.86810e-06
 Reference value :  4.86834e-06
 Reference value :  4.86865e-06
 Reference value :  4.86920e-06
 Reference value :  4.87068e-06
 Reference value :  4.87658e-06
 Reference value :  4.88158e-06
 Reference value :  4.88708e-06
 Reference value :  4.89208e-06
 Reference value :  4.89758e-06
 Reference value :  4.90258e-06
 Reference value :  4.90746e-06
 Reference value :  4.90793e-06
 Reference value :  4.90806e-06
 Reference value :  4.90839e-06
 Reference value :  4.90869e-06
 Reference value :  4.90893e-06
 Reference value :  4.90906e-06
 Reference value :  4.90934e-06
 Reference value :  4.90960e-06
 Reference value :  4.90983e-06
 Reference value :  4.91024e-06
 Reference value :  4.91105e-06
 Reference value :  4.91406e-06
 Reference value :  4.91688e-06
 Reference value :  4.91803e-06
 Reference value :  4.91912e-06
 Reference value :  4.91932e-06
 Reference value :  4.91956e-06
 Reference value :  4.91992e-06
 Reference value :  4.92051e-06
 Reference value :  4.92370e-06
 Reference value :  4.92870e-06
 Reference value :  4.93420e-06
 Reference value :  4.93920e-06
 Reference value :  4.94420e-06
 Reference value :  4.94950e-06
 Reference value :  4.94956e-06
 Reference value :  4.94966e-06
 Reference value :  4.94978e-06
 Reference value :  4.95000e-06
 Reference value :  4.95012e-06
 Reference value :  4.95025e-06
 Reference value :  4.95034e-06
 Reference value :  4.95046e-06
 Reference value :  4.95055e-06
 Reference value :  4.95067e-06
 Reference value :  4.95085e-06
 Reference value :  4.95102e-06
 Reference value :  4.95109e-06
 Reference value :  4.95117e-06
 Reference value :  4.95128e-06
 Reference value :  4.95138e-06
 Reference value :  4.95158e-06
 Reference value :  4.95185e-06
 Reference value :  4.95213e-06
 Reference value :  4.95266e-06
 Reference value :  4.95532e-06
 Reference value :  4.96082e-06
 Reference value :  4.96632e-06
 Reference value :  4.97132e-06
 Reference value :  4.97682e-06
 Reference value :  4.98232e-06
 Reference value :  4.98882e-06
 Reference value :  4.99121e-06
 Reference value :  4.99130e-06
 Reference value :  4.99143e-06
 Reference value :  4.99178e-06
 Reference value :  4.99198e-06
 Reference value :  4.99212e-06
 Reference value :  4.99224e-06
 Reference value :  4.99230e-06
 Reference value :  4.99246e-06
 Reference value :  4.99269e-06
 Reference value :  4.99292e-06
 Reference value :  4.99317e-06
 Reference value :  4.99358e-06
 Reference value :  4.99414e-06
 Reference value :  4.99524e-06
 Reference value :  5.00024e-06
 Reference value :  5.00260e-06
 Reference value :  5.00323e-06
 Reference value :  5.00393e-06
 Reference value :  5.00685e-06
 Reference value :  5.01232e-06
 Reference value :  5.01882e-06
 Reference value :  5.02532e-06
 Reference value :  5.03182e-06
 Reference value :  5.03287e-06
 Reference value :  5.03293e-06
 Reference value :  5.03301e-06
 Reference value :  5.03319e-06
 Reference value :  5.03340e-06
 Reference value :  5.03357e-06
 Reference value :  5.03380e-06
 Reference value :  5.03390e-06
 Reference value :  5.03399e-06
 Reference value :  5.03420e-06
 Reference value :  5.03440e-06
 Reference value :  5.03449e-06
 Reference value :  5.03463e-06
 Reference value :  5.03490e-06
 Reference value :  5.03528e-06
 Reference value :  5.03608e-06
 Reference value :  5.04031e-06
 Reference value :  5.04781e-06
 Reference value :  5.05481e-06
 Reference value :  5.06231e-06
 Reference value :  5.06831e-06
 Reference value :  5.07416e-06
 Reference value :  5.07457e-06
 Reference value :  5.07464e-06
 Reference value :  5.07475e-06
 Reference value :  5.07511e-06
 Reference value :  5.07534e-06
 Reference value :  5.07551e-06
 Reference value :  5.07562e-06
 Reference value :  5.07582e-06
 Reference value :  5.07606e-06
 Reference value :  5.07631e-06
 Reference value :  5.07658e-06
 Reference value :  5.07700e-06
 Reference value :  5.07751e-06
 Reference value :  5.07813e-06
 Reference value :  5.08209e-06
 Reference value :  5.08435e-06
 Reference value :  5.08607e-06
 Reference value :  5.08669e-06
 Reference value :  5.08764e-06
 Reference value :  5.09145e-06
 Reference value :  5.09845e-06
 Reference value :  5.10495e-06
 Reference value :  5.11245e-06
 Reference value :  5.11619e-06
 Reference value :  5.11630e-06
 Reference value :  5.11647e-06
 Reference value :  5.11674e-06
 Reference value :  5.11690e-06
 Reference value :  5.11702e-06
 Reference value :  5.11710e-06
 Reference value :  5.11718e-06
 Reference value :  5.11729e-06
 Reference value :  5.11736e-06
 Reference value :  5.11745e-06
 Reference value :  5.11754e-06
 Reference value :  5.11774e-06
 Reference value :  5.11786e-06
 Reference value :  5.11798e-06
 Reference value :  5.11811e-06
 Reference value :  5.11822e-06
 Reference value :  5.11836e-06
 Reference value :  5.11850e-06
 Reference value :  5.11866e-06
 Reference value :  5.11888e-06
 Reference value :  5.11919e-06
 Reference value :  5.12016e-06
 Reference value :  5.12374e-06
 Reference value :  5.12874e-06
 Reference value :  5.13374e-06
 Reference value :  5.13874e-06
 Reference value :  5.14374e-06
 Reference value :  5.14874e-06
 Reference value :  5.15424e-06
 Reference value :  5.15785e-06
 Reference value :  5.15791e-06
 Reference value :  5.15799e-06
 Reference value :  5.15810e-06
 Reference value :  5.15846e-06
 Reference value :  5.15863e-06
 Reference value :  5.15880e-06
 Reference value :  5.15891e-06
 Reference value :  5.15899e-06
 Reference value :  5.15915e-06
 Reference value :  5.15933e-06
 Reference value :  5.15955e-06
 Reference value :  5.15971e-06
 Reference value :  5.15987e-06
 Reference value :  5.16012e-06
 Reference value :  5.16039e-06
 Reference value :  5.16064e-06
 Reference value :  5.16096e-06
 Reference value :  5.16177e-06
 Reference value :  5.16504e-06
 Reference value :  5.17054e-06
 Reference value :  5.17604e-06
 Reference value :  5.18154e-06
 Reference value :  5.18704e-06
 Reference value :  5.19304e-06
 Reference value :  5.19854e-06
 Reference value :  5.19958e-06
 Reference value :  5.19968e-06
 Reference value :  5.19985e-06
 Reference value :  5.20013e-06
 Reference value :  5.20031e-06
 Reference value :  5.20050e-06
 Reference value :  5.20055e-06
 Reference value :  5.20070e-06
 Reference value :  5.20085e-06
 Reference value :  5.20094e-06
 Reference value :  5.20103e-06
 Reference value :  5.20116e-06
 Reference value :  5.20130e-06
 Reference value :  5.20147e-06
 Reference value :  5.20174e-06
 Reference value :  5.20215e-06
 Reference value :  5.20344e-06
 Reference value :  5.20805e-06
 Reference value :  5.21505e-06
 Reference value :  5.22205e-06
 Reference value :  5.22755e-06
 Reference value :  5.23305e-06
 Reference value :  5.23855e-06
 Reference value :  5.24120e-06
 Reference value :  5.24128e-06
 Reference value :  5.24138e-06
 Reference value :  5.24171e-06
 Reference value :  5.24191e-06
 Reference value :  5.24203e-06
 Reference value :  5.24220e-06
 Reference value :  5.24230e-06
 Reference value :  5.24244e-06
 Reference value :  5.24270e-06
 Reference value :  5.24294e-06
 Reference value :  5.24311e-06
 Reference value :  5.24340e-06
 Reference value :  5.24364e-06
 Reference value :  5.24388e-06
 Reference value :  5.24427e-06
 Reference value :  5.24547e-06
 Reference value :  5.25099e-06
 Reference value :  5.25599e-06
 Reference value :  5.26149e-06
 Reference value :  5.26699e-06
 Reference value :  5.27249e-06
 Reference value :  5.27799e-06
 Reference value :  5.28284e-06
 Reference value :  5.28293e-06
 Reference value :  5.28303e-06
 Reference value :  5.28330e-06
 Reference value :  5.28348e-06
 Reference value :  5.28359e-06
 Reference value :  5.28379e-06
 Reference value :  5.28388e-06
 Reference value :  5.28398e-06
 Reference value :  5.28418e-06
 Reference value :  5.28432e-06
 Reference value :  5.28442e-06
 Reference value :  5.28454e-06
 Reference value :  5.28472e-06
 Reference value :  5.28494e-06
 Reference value :  5.28530e-06
 Reference value :  5.28582e-06
 Reference value :  5.28822e-06
 Reference value :  5.29322e-06
 Reference value :  5.29822e-06
 Reference value :  5.30322e-06
 Reference value :  5.30822e-06
 Reference value :  5.31322e-06
 Reference value :  5.31822e-06
 Reference value :  5.32322e-06
 Reference value :  5.32455e-06
 Reference value :  5.32462e-06
 Reference value :  5.32472e-06
 Reference value :  5.32505e-06
 Reference value :  5.32528e-06
 Reference value :  5.32546e-06
 Reference value :  5.32556e-06
 Reference value :  5.32567e-06
 Reference value :  5.32585e-06
 Reference value :  5.32611e-06
 Reference value :  5.32630e-06
 Reference value :  5.32659e-06
 Reference value :  5.32689e-06
 Reference value :  5.32735e-06
 Reference value :  5.32776e-06
 Reference value :  5.32840e-06
 Reference value :  5.33097e-06
 Reference value :  5.33191e-06
 Reference value :  5.33231e-06
 Reference value :  5.33353e-06
 Reference value :  5.33915e-06
 Reference value :  5.34565e-06
 Reference value :  5.35165e-06
 Reference value :  5.35665e-06
 Reference value :  5.36215e-06
 Reference value :  5.36617e-06
 Reference value :  5.36622e-06
 Reference value :  5.36631e-06
 Reference value :  5.36642e-06
 Reference value :  5.36662e-06
 Reference value :  5.36683e-06
 Reference value :  5.36693e-06
 Reference value :  5.36708e-06
 Reference value :  5.36720e-06
 Reference value :  5.36732e-06
 Reference value :  5.36748e-06
 Reference value :  5.36767e-06
 Reference value :  5.36781e-06
 Reference value :  5.36795e-06
 Reference value :  5.36815e-06
 Reference value :  5.36836e-06
 Reference value :  5.36863e-06
 Reference value :  5.36912e-06
 Reference value :  5.37195e-06
 Reference value :  5.37695e-06
 Reference value :  5.38245e-06
 Reference value :  5.38795e-06
 Reference value :  5.39295e-06
 Reference value :  5.39845e-06
 Reference value :  5.40345e-06
 Reference value :  5.40784e-06
 Reference value :  5.40793e-06
 Reference value :  5.40805e-06
 Reference value :  5.40839e-06
 Reference value :  5.40866e-06
 Reference value :  5.40882e-06
 Reference value :  5.40893e-06
 Reference value :  5.40905e-06
 Reference value :  5.40918e-06
 Reference value :  5.40948e-06
 Reference value :  5.40971e-06
 Reference value :  5.41001e-06
 Reference value :  5.41034e-06
 Reference value :  5.41138e-06
 Reference value :  5.41483e-06
 Reference value :  5.41983e-06
 Reference value :  5.42533e-06
 Reference value :  5.43033e-06
 Reference value :  5.43583e-06
 Reference value :  5.44083e-06
 Reference value :  5.44583e-06
 Reference value :  5.44950e-06
 Reference value :  5.44962e-06
 Reference value :  5.44972e-06
 Reference value :  5.44988e-06
 Reference value :  5.45010e-06
 Reference value :  5.45021e-06
 Reference value :  5.45033e-06
 Reference value :  5.45050e-06
 Reference value :  5.45067e-06
 Reference value :  5.45088e-06
 Reference value :  5.45110e-06
 Reference value :  5.45134e-06
 Reference value :  5.45157e-06
 Reference value :  5.45229e-06
 Reference value :  5.45528e-06
 Reference value :  5.46028e-06
 Reference value :  5.46528e-06
 Reference value :  5.47028e-06
 Reference value :  5.47578e-06
 Reference value :  5.48078e-06
 Reference value :  5.48678e-06
 Reference value :  5.49117e-06
 Reference value :  5.49127e-06
 Reference value :  5.49139e-06
 Reference value :  5.49175e-06
 Reference value :  5.49195e-06
 Reference value :  5.49210e-06
 Reference value :  5.49224e-06
 Reference value :  5.49233e-06
 Reference value :  5.49249e-06
 Reference value :  5.49269e-06
 Reference value :  5.49292e-06
 Reference value :  5.49314e-06
 Reference value :  5.49343e-06
 Reference value :  5.49409e-06
 Reference value :  5.49686e-06
 Reference value :  5.50186e-06
 Reference value :  5.50736e-06
 Reference value :  5.51236e-06
 Reference value :  5.51836e-06
 Reference value :  5.52386e-06
 Reference value :  5.52936e-06
 Reference value :  5.53285e-06
 Reference value :  5.53293e-06
 Reference value :  5.53303e-06
 Reference value :  5.53321e-06
 Reference value :  5.53344e-06
 Reference value :  5.53357e-06
 Reference value :  5.53373e-06
 Reference value :  5.53384e-06
 Reference value :  5.53402e-06
 Reference value :  5.53428e-06
 Reference value :  5.53457e-06
 Reference value :  5.53487e-06
 Reference value :  5.53535e-06
 Reference value :  5.53656e-06
 Reference value :  5.54156e-06
 Reference value :  5.54706e-06
 Reference value :  5.55306e-06
 Reference value :  5.55856e-06
 Reference value :  5.56406e-06
 Reference value :  5.56956e-06
 Reference value :  5.57450e-06
 Reference value :  5.57458e-06
 Reference value :  5.57466e-06
 Reference value :  5.57490e-06
 Reference value :  5.57524e-06
 Reference value :  5.57534e-06
 Reference value :  5.57554e-06
 Reference value :  5.57564e-06
 Reference value :  5.57583e-06
 Reference value :  5.57611e-06
 Reference value :  5.57632e-06
 Reference value :  5.57655e-06
 Reference value :  5.57689e-06
 Reference value :  5.57767e-06
 Reference value :  5.58065e-06
 Reference value :  5.58565e-06
 Reference value :  5.59115e-06
 Reference value :  5.59665e-06
 Reference value :  5.60165e-06
 Reference value :  5.60665e-06
 Reference value :  5.61165e-06
 Reference value :  5.61617e-06
 Reference value :  5.61623e-06
 Reference value :  5.61633e-06
 Reference value :  5.61644e-06
 Reference value :  5.61672e-06
 Reference value :  5.61690e-06
 Reference value :  5.61706e-06
 Reference value :  5.61720e-06
 Reference value :  5.61740e-06
 Reference value :  5.61761e-06
 Reference value :  5.61794e-06
 Reference value :  5.61832e-06
 Reference value :  5.61915e-06
 Reference value :  5.62255e-06
 Reference value :  5.62855e-06
 Reference value :  5.63405e-06
 Reference value :  5.63905e-06
 Reference value :  5.64405e-06
 Reference value :  5.64955e-06
 Reference value :  5.65455e-06
 Reference value :  5.65786e-06
 Reference value :  5.65794e-06
 Reference value :  5.65804e-06
 Reference value :  5.65829e-06
 Reference value :  5.65853e-06
 Reference value :  5.65869e-06
 Reference value :  5.65884e-06
 Reference value :  5.65894e-06
 Reference value :  5.65908e-06
 Reference value :  5.65932e-06
 Reference value :  5.65959e-06
 Reference value :  5.65982e-06
 Reference value :  5.66010e-06
 Reference value :  5.66074e-06
 Reference value :  5.66215e-06
 Reference value :  5.66748e-06
 Reference value :  5.67248e-06
 Reference value :  5.67748e-06
 Reference value :  5.68248e-06
 Reference value :  5.68748e-06
 Reference value :  5.69248e-06
 Reference value :  5.69748e-06
 Reference value :  5.69952e-06
 Reference value :  5.69960e-06
 Reference value :  5.69969e-06
 Reference value :  5.69982e-06
 Reference value :  5.70011e-06
 Reference value :  5.70024e-06
 Reference value :  5.70036e-06
 Reference value :  5.70050e-06
 Reference value :  5.70063e-06
 Reference value :  5.70083e-06
 Reference value :  5.70103e-06
 Reference value :  5.70125e-06
 Reference value :  5.70163e-06
 Reference value :  5.70223e-06
 Reference value :  5.70438e-06
 Reference value :  5.70938e-06
 Reference value :  5.71438e-06
 Reference value :  5.71938e-06
 Reference value :  5.72438e-06
 Reference value :  5.72938e-06
 Reference value :  5.73438e-06
 Reference value :  5.73938e-06
 Reference value :  5.74121e-06
 Reference value :  5.74129e-06
 Reference value :  5.74142e-06
 Reference value :  5.74174e-06
 Reference value :  5.74192e-06
 Reference value :  5.74205e-06
 Reference value :  5.74224e-06
 Reference value :  5.74232e-06
 Reference value :  5.74253e-06
 Reference value :  5.74282e-06
 Reference value :  5.74312e-06
 Reference value :  5.74350e-06
 Reference value :  5.74433e-06
 Reference value :  5.74687e-06
 Reference value :  5.75187e-06
 Reference value :  5.75687e-06
 Reference value :  5.76187e-06
 Reference value :  5.76687e-06
 Reference value :  5.77187e-06
 Reference value :  5.77687e-06
 Reference value :  5.78187e-06
 Reference value :  5.78289e-06
 Reference value :  5.78297e-06
 Reference value :  5.78308e-06
 Reference value :  5.78330e-06
 Reference value :  5.78349e-06
 Reference value :  5.78360e-06
 Reference value :  5.78376e-06
 Reference value :  5.78388e-06
 Reference value :  5.78406e-06
 Reference value :  5.78424e-06
 Reference value :  5.78445e-06
 Reference value :  5.78471e-06
 Reference value :  5.78509e-06
 Reference value :  5.78568e-06
 Reference value :  5.78914e-06
 Reference value :  5.79414e-06
 Reference value :  5.79964e-06
 Reference value :  5.80464e-06
 Reference value :  5.81164e-06
 Reference value :  5.81864e-06
 Reference value :  5.82451e-06
 Reference value :  5.82460e-06
 Reference value :  5.82468e-06
 Reference value :  5.82482e-06
 Reference value :  5.82519e-06
 Reference value :  5.82533e-06
 Reference value :  5.82550e-06
 Reference value :  5.82561e-06
 Reference value :  5.82576e-06
 Reference value :  5.82599e-06
 Reference value :  5.82633e-06
 Reference value :  5.82672e-06
 Reference value :  5.82768e-06
 Reference value :  5.83217e-06
 Reference value :  5.83867e-06
 Reference value :  5.84567e-06
 Reference value :  5.85267e-06
 Reference value :  5.85817e-06
 Reference value :  5.86367e-06
 Reference value :  5.86620e-06
 Reference value :  5.86629e-06
 Reference value :  5.86637e-06
 Reference value :  5.86655e-06
 Reference value :  5.86676e-06
 Reference value :  5.86688e-06
 Reference value :  5.86700e-06
 Reference value :  5.86717e-06
 Reference value :  5.86728e-06
 Reference value :  5.86742e-06
 Reference value :  5.86764e-06
 Reference value :  5.86792e-06
 Reference value :  5.86819e-06
 Reference value :  5.86854e-06
 Reference value :  5.86940e-06
 Reference value :  5.87329e-06
 Reference value :  5.87829e-06
 Reference value :  5.88329e-06
 Reference value :  5.88879e-06
 Reference value :  5.89379e-06
 Reference value :  5.89879e-06
 Reference value :  5.90379e-06
 Reference value :  5.90784e-06
 Reference value :  5.90789e-06
 Reference value :  5.90799e-06
 Reference value :  5.90812e-06
 Reference value :  5.90843e-06
 Reference value :  5.90861e-06
 Reference value :  5.90874e-06
 Reference value :  5.90887e-06
 Reference value :  5.90898e-06
 Reference value :  5.90919e-06
 Reference value :  5.90946e-06
 Reference value :  5.90974e-06
 Reference value :  5.91001e-06
 Reference value :  5.91059e-06
 Reference value :  5.91277e-06
 Reference value :  5.91777e-06
 Reference value :  5.92327e-06
 Reference value :  5.92827e-06
 Reference value :  5.93377e-06
 Reference value :  5.93877e-06
 Reference value :  5.94427e-06
 Reference value :  5.94950e-06
 Reference value :  5.94955e-06
 Reference value :  5.94967e-06
 Reference value :  5.94979e-06
 Reference value :  5.95011e-06
 Reference value :  5.95024e-06
 Reference value :  5.95039e-06
 Reference value :  5.95050e-06
 Reference value :  5.95061e-06
 Reference value :  5.95077e-06
 Reference value :  5.95098e-06
 Reference value :  5.95117e-06
 Reference value :  5.95149e-06
 Reference value :  5.95218e-06
 Reference value :  5.95482e-06
 Reference value :  5.95982e-06
 Reference value :  5.96582e-06
 Reference value :  5.97132e-06
 Reference value :  5.97632e-06
 Reference value :  5.98132e-06
 Reference value :  5.98632e-06
 Reference value :  5.99117e-06
 Reference value :  5.99123e-06
 Reference value :  5.99134e-06
 Reference value :  5.99151e-06
 Reference value :  5.99181e-06
 Reference value :  5.99198e-06
 Reference value :  5.99217e-06
 Reference value :  5.99228e-06
 Reference value :  5.99237e-06
 Reference value :  5.99257e-06
 Reference value :  5.99280e-06
 Reference value :  5.99307e-06
 Reference value :  5.99327e-06
 Reference value :  5.99368e-06
 Reference value :  5.99492e-06
 Reference value :  5.99881e-06
 Reference value :  6.00331e-06
 Reference value :  6.00831e-06
 Reference value :  6.01331e-06
 Reference value :  6.01781e-06
 Reference value :  6.02281e-06
 Reference value :  6.02881e-06
 Reference value :  6.03284e-06
 Reference value :  6.03290e-06
 Reference value :  6.03297e-06
 Reference value :  6.03308e-06
 Reference value :  6.03331e-06
 Reference value :  6.03350e-06
 Reference value :  6.03364e-06
 Reference value :  6.03383e-06
 Reference value :  6.03390e-06
 Reference value :  6.03402e-06
 Reference value :  6.03413e-06
 Reference value :  6.03421e-06
 Reference value :  6.03432e-06
 Reference value :  6.03453e-06
 Reference value :  6.03476e-06
 Reference value :  6.03502e-06
 Reference value :  6.03530e-06
 Reference value :  6.03562e-06
 Reference value :  6.03664e-06
 Reference value :  6.04065e-06
 Reference value :  6.04515e-06
 Reference value :  6.05065e-06
 Reference value :  6.05565e-06
 Reference value :  6.06115e-06
 Reference value :  6.06615e-06
 Reference value :  6.07115e-06
 Reference value :  6.07452e-06
 Reference value :  6.07460e-06
 Reference value :  6.07469e-06
 Reference value :  6.07485e-06
 Reference value :  6.07515e-06
 Reference value :  6.07533e-06
 Reference value :  6.07549e-06
 Reference value :  6.07558e-06
 Reference value :  6.07567e-06
 Reference value :  6.07590e-06
 Reference value :  6.07615e-06
 Reference value :  6.07649e-06
 Reference value :  6.07688e-06
 Reference value :  6.07810e-06
 Reference value :  6.08125e-06
 Reference value :  6.08625e-06
 Reference value :  6.09125e-06
 Reference value :  6.09625e-06
 Reference value :  6.10125e-06
 Reference value :  6.10625e-06
 Reference value :  6.11175e-06
 Reference value :  6.11617e-06
 Reference value :  6.11625e-06
 Reference value :  6.11633e-06
 Reference value :  6.11644e-06
 Reference value :  6.11669e-06
 Reference value :  6.11680e-06
 Reference value :  6.11693e-06
 Reference value :  6.11700e-06
 Reference value :  6.11708e-06
 Reference value :  6.11714e-06
 Reference value :  6.11719e-06
 Reference value :  6.11729e-06
 Reference value :  6.11739e-06
 Reference value :  6.11747e-06
 Reference value :  6.11765e-06
 Reference value :  6.11786e-06
 Reference value :  6.11795e-06
 Reference value :  6.11805e-06
 Reference value :  6.11813e-06
 Reference value :  6.11824e-06
 Reference value :  6.11838e-06
 Reference value :  6.11851e-06
 Reference value :  6.11866e-06
 Reference value :  6.11886e-06
 Reference value :  6.11915e-06
 Reference value :  6.11969e-06
 Reference value :  6.12307e-06
 Reference value :  6.12807e-06
 Reference value :  6.13357e-06
 Reference value :  6.13957e-06
 Reference value :  6.14557e-06
 Reference value :  6.15057e-06
 Reference value :  6.15507e-06
 Reference value :  6.15786e-06
 Reference value :  6.15794e-06
 Reference value :  6.15805e-06
 Reference value :  6.15821e-06
 Reference value :  6.15859e-06
 Reference value :  6.15871e-06
 Reference value :  6.15887e-06
 Reference value :  6.15897e-06
 Reference value :  6.15912e-06
 Reference value :  6.15930e-06
 Reference value :  6.15954e-06
 Reference value :  6.15970e-06
 Reference value :  6.15986e-06
 Reference value :  6.16012e-06
 Reference value :  6.16034e-06
 Reference value :  6.16057e-06
 Reference value :  6.16085e-06
 Reference value :  6.16123e-06
 Reference value :  6.16191e-06
 Reference value :  6.16583e-06
 Reference value :  6.17233e-06
 Reference value :  6.17833e-06
 Reference value :  6.18333e-06
 Reference value :  6.18833e-06
 Reference value :  6.19383e-06
 Reference value :  6.19883e-06
 Reference value :  6.19954e-06
 Reference value :  6.19961e-06
 Reference value :  6.19970e-06
 Reference value :  6.20000e-06
 Reference value :  6.20026e-06
 Reference value :  6.20042e-06
 Reference value :  6.20051e-06
 Reference value :  6.20064e-06
 Reference value :  6.20077e-06
 Reference value :  6.20086e-06
 Reference value :  6.20097e-06
 Reference value :  6.20107e-06
 Reference value :  6.20121e-06
 Reference value :  6.20135e-06
 Reference value :  6.20152e-06
 Reference value :  6.20173e-06
 Reference value :  6.20216e-06
 Reference value :  6.20286e-06
 Reference value :  6.20457e-06
 Reference value :  6.20942e-06
 Reference value :  6.21492e-06
 Reference value :  6.21992e-06
 Reference value :  6.22542e-06
 Reference value :  6.23092e-06
 Reference value :  6.23742e-06
 Reference value :  6.24117e-06
 Reference value :  6.24126e-06
 Reference value :  6.24137e-06
 Reference value :  6.24157e-06
 Reference value :  6.24186e-06
 Reference value :  6.24201e-06
 Reference value :  6.24218e-06
 Reference value :  6.24227e-06
 Reference value :  6.24242e-06
 Reference value :  6.24271e-06
 Reference value :  6.24299e-06
 Reference value :  6.24319e-06
 Reference value :  6.24350e-06
 Reference value :  6.24369e-06
 Reference value :  6.24396e-06
 Reference value :  6.24442e-06
 Reference value :  6.24638e-06
 Reference value :  6.25188e-06
 Reference value :  6.25788e-06
 Reference value :  6.26338e-06
 Reference value :  6.26888e-06
 Reference value :  6.27438e-06
 Reference value :  6.27938e-06
 Reference value :  6.28287e-06
 Reference value :  6.28294e-06
 Reference value :  6.28308e-06
No. of Data Rows : 30579

  Measurements for Transient Analysis

d9_c1               =  1.93922e-03
d8_c1               =  2.50090e-03
d7_c1               =  1.79745e+00
d6_c1               =  1.79745e+00
d5_c1               =  2.50102e-03
d4_c1               =  2.50107e-03
d3_c1               =  1.79745e+00
d2_c1               =  1.79745e+00
d1_c1               =  2.50144e-03
d0_c1               =  1.79745e+00
d9_c2               =  2.02998e-03
d8_c2               =  1.79738e+00
d7_c2               =  2.68196e-03
d6_c2               =  1.79738e+00
d5_c2               =  1.79738e+00
d4_c2               =  1.79738e+00
d3_c2               =  1.79738e+00
d2_c2               =  1.79738e+00
d1_c2               =  1.79738e+00
d0_c2               =  1.79738e+00
d9_c3               =  1.93197e-03
d8_c3               =  1.79747e+00
d7_c3               =  1.79747e+00
d6_c3               =  1.79747e+00
d5_c3               =  1.79747e+00
d4_c3               =  1.79747e+00
d3_c3               =  1.79747e+00
d2_c3               =  1.79747e+00
d1_c3               =  1.79747e+00
d0_c3               =  1.79747e+00
d9_c4               =  1.79829e+00
d8_c4               =  2.56205e-03
d7_c4               =  1.79749e+00
d6_c4               =  2.56205e-03
d5_c4               =  2.56205e-03
d4_c4               =  2.56204e-03
d3_c4               =  2.56203e-03
d2_c4               =  2.56202e-03
d1_c4               =  2.56200e-03
d0_c4               =  1.79749e+00
d9_c5               =  1.79868e+00
d8_c5               =  1.79743e+00
d7_c5               =  1.79743e+00
d6_c5               =  1.79743e+00
d5_c5               =  1.79743e+00
d4_c5               =  1.79743e+00
d3_c5               =  1.79743e+00
d2_c5               =  1.79743e+00
d1_c5               =  1.79743e+00
d0_c5               =  1.79743e+00
busy_c1_p0          =  1.79728e+00
smpl_c1_p0          =  1.82633e-03
busy_c1_p1          =  1.79735e+00
smpl_c1_p1          =  1.76422e-03
busy_c1_p2          =  1.79719e+00
smpl_c1_p2          =  1.86065e-03
busy_c1_p3          =  1.79727e+00
smpl_c1_p3          =  1.81957e-03
busy_c1_p4          =  1.79733e+00
smpl_c1_p4          =  1.78534e-03
busy_c1_p5          =  1.79722e+00
smpl_c1_p5          =  1.85504e-03
busy_c1_p6          =  1.79722e+00
smpl_c1_p6          =  1.86176e-03
busy_c1_p7          =  1.79724e+00
smpl_c1_p7          =  1.85405e-03
busy_c1_p8          =  1.79725e+00
smpl_c1_p8          =  1.85320e-03
busy_c1_p9          =  1.79730e+00
smpl_c1_p9          =  1.81290e-03
busy_c1_p10         =  1.79733e+00
smpl_c1_p10         =  1.77763e-03
busy_c1_p11         =  2.63501e-03
smpl_c1_p11         =  1.79907e+00
busy_c2_p0          =  1.79743e+00
smpl_c2_p0          =  1.72102e-03
busy_c2_p1          =  1.79732e+00
smpl_c2_p1          =  1.79151e-03
busy_c2_p2          =  1.79730e+00
smpl_c2_p2          =  1.81667e-03
busy_c2_p3          =  1.79729e+00
smpl_c2_p3          =  1.82750e-03
busy_c2_p4          =  1.79738e+00
smpl_c2_p4          =  1.75487e-03
busy_c2_p5          =  1.79720e+00
smpl_c2_p5          =  1.90784e-03
busy_c2_p6          =  1.79732e+00
smpl_c2_p6          =  1.79780e-03
busy_c2_p7          =  1.79732e+00
smpl_c2_p7          =  1.81104e-03
busy_c2_p8          =  1.79741e+00
smpl_c2_p8          =  1.73457e-03
busy_c2_p9          =  1.79741e+00
smpl_c2_p9          =  1.73685e-03
busy_c2_p10         =  1.79724e+00
smpl_c2_p10         =  1.84430e-03
busy_c2_p11         =  2.59822e-03
smpl_c2_p11         =  1.79909e+00
busy_c3_p0          =  1.79732e+00
smpl_c3_p0          =  1.79821e-03
busy_c3_p1          =  1.79734e+00
smpl_c3_p1          =  1.78235e-03
busy_c3_p2          =  1.79719e+00
smpl_c3_p2          =  1.89824e-03
busy_c3_p3          =  1.79738e+00
smpl_c3_p3          =  1.75897e-03
busy_c3_p4          =  1.79732e+00
smpl_c3_p4          =  1.79989e-03
busy_c3_p5          =  1.79745e+00
smpl_c3_p5          =  1.71372e-03
busy_c3_p6          =  1.79730e+00
smpl_c3_p6          =  1.81083e-03
busy_c3_p7          =  1.79742e+00
smpl_c3_p7          =  1.73528e-03
busy_c3_p8          =  1.79725e+00
smpl_c3_p8          =  1.86380e-03
busy_c3_p9          =  1.79744e+00
smpl_c3_p9          =  1.72162e-03
busy_c3_p10         =  1.79736e+00
smpl_c3_p10         =  1.77118e-03
busy_c3_p11         =  2.62958e-03
smpl_c3_p11         =  1.79909e+00
busy_c4_p0          =  1.79733e+00
smpl_c4_p0          =  1.79914e-03
busy_c4_p1          =  1.79739e+00
smpl_c4_p1          =  1.74247e-03
busy_c4_p2          =  1.79731e+00
smpl_c4_p2          =  1.80076e-03
busy_c4_p3          =  1.79720e+00
smpl_c4_p3          =  1.89850e-03
busy_c4_p4          =  1.79727e+00
smpl_c4_p4          =  1.83493e-03
busy_c4_p5          =  1.79724e+00
smpl_c4_p5          =  1.84140e-03
busy_c4_p6          =  1.79732e+00
smpl_c4_p6          =  1.80563e-03
busy_c4_p7          =  1.79730e+00
smpl_c4_p7          =  1.80796e-03
busy_c4_p8          =  1.79743e+00
smpl_c4_p8          =  1.72182e-03
busy_c4_p9          =  1.79730e+00
smpl_c4_p9          =  1.80367e-03
busy_c4_p10         =  1.79735e+00
smpl_c4_p10         =  1.77922e-03
busy_c4_p11         =  2.59251e-03
smpl_c4_p11         =  1.79909e+00
busy_c5_p0          =  1.79735e+00
smpl_c5_p0          =  1.77568e-03
busy_c5_p1          =  1.79725e+00
smpl_c5_p1          =  1.83943e-03
busy_c5_p2          =  1.79717e+00
smpl_c5_p2          =  1.85742e-03
busy_c5_p3          =  1.79722e+00
smpl_c5_p3          =  1.84332e-03
busy_c5_p4          =  1.79721e+00
smpl_c5_p4          =  1.84403e-03
busy_c5_p5          =  1.79727e+00
smpl_c5_p5          =  1.80654e-03
busy_c5_p6          =  1.79722e+00
smpl_c5_p6          =  1.84799e-03
busy_c5_p7          =  1.79725e+00
smpl_c5_p7          =  1.82884e-03
busy_c5_p8          =  1.79729e+00
smpl_c5_p8          =  1.80364e-03
busy_c5_p9          =  1.79727e+00
smpl_c5_p9          =  1.82484e-03
busy_c5_p10         =  1.79727e+00
smpl_c5_p10         =  1.82524e-03
busy_c5_p11         =  2.60109e-03
smpl_c5_p11         =  1.79907e+00
i_vdd               =  -2.09420e-06 from=  3.20000e-06 to=  4.20004e-06
i_vpwr              =  -7.06009e-06 from=  3.20000e-06 to=  4.20004e-06
i_vrefp             =  -6.50533e-06 from=  3.20000e-06 to=  4.20004e-06
i_vrefn             =  6.49300e-06 from=  3.20000e-06 to=  4.20004e-06
i_vcm               =  1.21245e-08 from=  3.20000e-06 to=  4.20004e-06
gnd_die_max         =  8.61688e-02 at=  6.11703e-06
gnd_die_min         =  -1.06386e-01 at=  6.11707e-06
vgnd_max            =  7.04447e-02 at=  6.11700e-06
vgnd_min            =  -9.84598e-02 at=  6.11704e-06
vdd_max             =  1.87205e+00 at=  6.11703e-06
vdd_min             =  1.71665e+00 at=  6.11708e-06
vpwr_max            =  1.91707e+00 at=  6.11709e-06
vpwr_min            =  1.70954e+00 at=  6.11704e-06
vdda_min            =  1.72798e+00 at=  6.11710e-06
vdda_max            =  1.86245e+00 at=  6.11715e-06
i_vgnda             =  2.16788e-06 from=  3.20000e-06 to=  4.20004e-06
i_vgnd              =  7.05319e-06 from=  3.20000e-06 to=  4.20004e-06
i_sub               =  -9.19444e-11 from=  3.20000e-06 to=  4.20004e-06


Total analysis time (seconds) = 6055.71

Total elapsed time (seconds) = 6398.429 

Total DRAM available = 98304.000 MB.
DRAM currently available = 6577.656 MB.
Maximum ngspice program size =  820.891 MB.
Current ngspice program size =   34.375 MB.

Note: Starting dynamic gmin stepping
Note: Dynamic gmin stepping completed
