
Note: Compatibility modes selected: hs a


Circuit: * sim/ground-return-impedance (issue #378) arm 'pkg-nopad-10' -- reusing

option SCALE: Scale is set to 1e-06 for instance and model parameters
option SCALE: Scale is set to 1e-06 for instance and model parameters
option SCALE: Scale is set to 1e-06 for instance and model parameters
option SCALE: Scale is set to 1e-06 for instance and model parameters
Doing analysis at TEMP = -40.000000 and TNOM = 27.000000

Using KLU as Direct Linear Solver
 Reference value :  0.00000e+00
 Reference value :  3.64000e-09
 Reference value :  1.11400e-08
 Reference value :  1.91400e-08
 Reference value :  2.00696e-08
 Reference value :  2.01969e-08
 Reference value :  2.02788e-08
 Reference value :  2.04042e-08
 Reference value :  2.05354e-08
 Reference value :  2.06458e-08
 Reference value :  2.07482e-08
 Reference value :  2.09694e-08
 Reference value :  2.10597e-08
 Reference value :  2.11643e-08
 Reference value :  2.12921e-08
 Reference value :  2.14213e-08
 Reference value :  2.15684e-08
 Reference value :  2.18091e-08
 Reference value :  2.21240e-08
 Reference value :  2.29124e-08
 Reference value :  2.75568e-08
 Reference value :  3.25568e-08
 Reference value :  3.75568e-08
 Reference value :  4.25568e-08
 Reference value :  4.80568e-08
 Reference value :  5.30568e-08
 Reference value :  5.80568e-08
 Reference value :  6.30568e-08
 Reference value :  6.85568e-08
 Reference value :  7.35568e-08
 Reference value :  7.85568e-08
 Reference value :  8.35568e-08
 Reference value :  8.85568e-08
 Reference value :  9.35568e-08
 Reference value :  9.85568e-08
 Reference value :  1.04057e-07
 Reference value :  1.09057e-07
 Reference value :  1.14557e-07
 Reference value :  1.19557e-07
 Reference value :  1.25057e-07
 Reference value :  1.30057e-07
 Reference value :  1.36057e-07
 Reference value :  1.41057e-07
 Reference value :  1.46057e-07
 Reference value :  1.51057e-07
 Reference value :  1.56057e-07
 Reference value :  1.61057e-07
 Reference value :  1.66057e-07
 Reference value :  1.71057e-07
 Reference value :  1.76057e-07
 Reference value :  1.81557e-07
 Reference value :  1.86557e-07
 Reference value :  1.91557e-07
 Reference value :  1.96557e-07
 Reference value :  1.99533e-07
 Reference value :  1.99641e-07
 Reference value :  1.99734e-07
 Reference value :  1.99918e-07
 Reference value :  2.00212e-07
 Reference value :  2.00326e-07
 Reference value :  2.00430e-07
 Reference value :  2.00572e-07
 Reference value :  2.00674e-07
 Reference value :  2.00796e-07
 Reference value :  2.00972e-07
 Reference value :  2.01118e-07
 Reference value :  2.01239e-07
 Reference value :  2.01370e-07
 Reference value :  2.01479e-07
 Reference value :  2.01641e-07
 Reference value :  2.01910e-07
 Reference value :  2.02336e-07
 Reference value :  2.03310e-07
 Reference value :  2.07976e-07
 Reference value :  2.15476e-07
 Reference value :  2.21476e-07
 Reference value :  2.27976e-07
 Reference value :  2.34476e-07
 Reference value :  2.39976e-07
 Reference value :  2.41216e-07
 Reference value :  2.41309e-07
 Reference value :  2.41420e-07
 Reference value :  2.41692e-07
 Reference value :  2.42102e-07
 Reference value :  2.42228e-07
 Reference value :  2.42356e-07
 Reference value :  2.42540e-07
 Reference value :  2.42803e-07
 Reference value :  2.43128e-07
 Reference value :  2.43292e-07
 Reference value :  2.43409e-07
 Reference value :  2.43635e-07
 Reference value :  2.43898e-07
 Reference value :  2.44278e-07
 Reference value :  2.44519e-07
 Reference value :  2.44729e-07
 Reference value :  2.45007e-07
 Reference value :  2.45368e-07
 Reference value :  2.46193e-07
 Reference value :  2.50392e-07
 Reference value :  2.55392e-07
 Reference value :  2.60392e-07
 Reference value :  2.65392e-07
 Reference value :  2.70392e-07
 Reference value :  2.75392e-07
 Reference value :  2.80392e-07
 Reference value :  2.82866e-07
 Reference value :  2.82984e-07
 Reference value :  2.83096e-07
 Reference value :  2.83291e-07
 Reference value :  2.83536e-07
 Reference value :  2.83641e-07
 Reference value :  2.83729e-07
 Reference value :  2.83845e-07
 Reference value :  2.83935e-07
 Reference value :  2.84092e-07
 Reference value :  2.84264e-07
 Reference value :  2.84495e-07
 Reference value :  2.84648e-07
 Reference value :  2.84782e-07
 Reference value :  2.84902e-07
 Reference value :  2.85045e-07
 Reference value :  2.85218e-07
 Reference value :  2.85554e-07
 Reference value :  2.85983e-07
 Reference value :  2.87025e-07
 Reference value :  2.90769e-07
 Reference value :  2.96269e-07
 Reference value :  3.01769e-07
 Reference value :  3.07269e-07
 Reference value :  3.12269e-07
 Reference value :  3.17269e-07
 Reference value :  3.22269e-07
 Reference value :  3.24539e-07
 Reference value :  3.24645e-07
 Reference value :  3.24808e-07
 Reference value :  3.25384e-07
 Reference value :  3.25501e-07
 Reference value :  3.25744e-07
 Reference value :  3.26130e-07
 Reference value :  3.26469e-07
 Reference value :  3.26984e-07
 Reference value :  3.27769e-07
 Reference value :  3.28391e-07
 Reference value :  3.29198e-07
 Reference value :  3.32278e-07
 Reference value :  3.37255e-07
 Reference value :  3.42255e-07
 Reference value :  3.47255e-07
 Reference value :  3.53755e-07
 Reference value :  3.59255e-07
 Reference value :  3.64255e-07
 Reference value :  3.66199e-07
 Reference value :  3.66316e-07
 Reference value :  3.66426e-07
 Reference value :  3.66569e-07
 Reference value :  3.66734e-07
 Reference value :  3.66941e-07
 Reference value :  3.66995e-07
 Reference value :  3.67066e-07
 Reference value :  3.67217e-07
 Reference value :  3.67397e-07
 Reference value :  3.67601e-07
 Reference value :  3.67846e-07
 Reference value :  3.68099e-07
 Reference value :  3.68362e-07
 Reference value :  3.68672e-07
 Reference value :  3.69054e-07
 Reference value :  3.70170e-07
 Reference value :  3.74873e-07
 Reference value :  3.79873e-07
 Reference value :  3.84873e-07
 Reference value :  3.89873e-07
 Reference value :  3.94873e-07
 Reference value :  3.99873e-07
 Reference value :  4.04873e-07
 Reference value :  4.07867e-07
 Reference value :  4.07963e-07
 Reference value :  4.08050e-07
 Reference value :  4.08301e-07
 Reference value :  4.08773e-07
 Reference value :  4.08933e-07
 Reference value :  4.09094e-07
 Reference value :  4.09359e-07
 Reference value :  4.09632e-07
 Reference value :  4.09933e-07
 Reference value :  4.10352e-07
 Reference value :  4.10896e-07
 Reference value :  4.11446e-07
 Reference value :  4.12350e-07
 Reference value :  4.14440e-07
 Reference value :  4.19412e-07
 Reference value :  4.24412e-07
 Reference value :  4.29412e-07
 Reference value :  4.34412e-07
 Reference value :  4.39412e-07
 Reference value :  4.44412e-07
 Reference value :  4.49206e-07
 Reference value :  4.49555e-07
 Reference value :  4.49662e-07
 Reference value :  4.49779e-07
 Reference value :  4.49963e-07
 Reference value :  4.50223e-07
 Reference value :  4.50327e-07
 Reference value :  4.50396e-07
 Reference value :  4.50525e-07
 Reference value :  4.50710e-07
 Reference value :  4.50947e-07
 Reference value :  4.51332e-07
 Reference value :  4.51605e-07
 Reference value :  4.51870e-07
 Reference value :  4.52254e-07
 Reference value :  4.52957e-07
 Reference value :  4.57432e-07
 Reference value :  4.62432e-07
 Reference value :  4.67932e-07
 Reference value :  4.72932e-07
 Reference value :  4.77932e-07
 Reference value :  4.82932e-07
 Reference value :  4.87932e-07
 Reference value :  4.91195e-07
 Reference value :  4.91300e-07
 Reference value :  4.91387e-07
 Reference value :  4.91600e-07
 Reference value :  4.92123e-07
 Reference value :  4.92262e-07
 Reference value :  4.92531e-07
 Reference value :  4.92898e-07
 Reference value :  4.93107e-07
 Reference value :  4.93396e-07
 Reference value :  4.93988e-07
 Reference value :  4.94349e-07
 Reference value :  4.94658e-07
 Reference value :  4.96548e-07
 Reference value :  4.98048e-07
 Reference value :  4.99571e-07
 Reference value :  5.00276e-07
 Reference value :  5.00404e-07
 Reference value :  5.00603e-07
 Reference value :  5.00868e-07
 Reference value :  5.01173e-07
 Reference value :  5.02160e-07
 Reference value :  5.06318e-07
 Reference value :  5.10818e-07
 Reference value :  5.16818e-07
 Reference value :  5.23318e-07
 Reference value :  5.28318e-07
 Reference value :  5.32838e-07
 Reference value :  5.32911e-07
 Reference value :  5.33044e-07
 Reference value :  5.33205e-07
 Reference value :  5.33459e-07
 Reference value :  5.33639e-07
 Reference value :  5.33732e-07
 Reference value :  5.33842e-07
 Reference value :  5.34041e-07
 Reference value :  5.34418e-07
 Reference value :  5.34578e-07
 Reference value :  5.34731e-07
 Reference value :  5.34892e-07
 Reference value :  5.35050e-07
 Reference value :  5.35217e-07
 Reference value :  5.35516e-07
 Reference value :  5.35842e-07
 Reference value :  5.36422e-07
 Reference value :  5.38796e-07
 Reference value :  5.45796e-07
 Reference value :  5.52296e-07
 Reference value :  5.58796e-07
 Reference value :  5.65796e-07
 Reference value :  5.72796e-07
 Reference value :  5.74561e-07
 Reference value :  5.74691e-07
 Reference value :  5.74965e-07
 Reference value :  5.75336e-07
 Reference value :  5.75484e-07
 Reference value :  5.75676e-07
 Reference value :  5.75886e-07
 Reference value :  5.76277e-07
 Reference value :  5.76616e-07
 Reference value :  5.77160e-07
 Reference value :  5.77772e-07
 Reference value :  5.78139e-07
 Reference value :  5.78619e-07
 Reference value :  5.80724e-07
 Reference value :  5.86641e-07
 Reference value :  5.94141e-07
 Reference value :  6.01141e-07
 Reference value :  6.06141e-07
 Reference value :  6.07551e-07
 Reference value :  6.08178e-07
 Reference value :  6.08313e-07
 Reference value :  6.08481e-07
 Reference value :  6.08728e-07
 Reference value :  6.09366e-07
 Reference value :  6.11818e-07
 Reference value :  6.16198e-07
 Reference value :  6.16330e-07
 Reference value :  6.16488e-07
 Reference value :  6.16666e-07
 Reference value :  6.16886e-07
 Reference value :  6.17012e-07
 Reference value :  6.17147e-07
 Reference value :  6.17343e-07
 Reference value :  6.17611e-07
 Reference value :  6.17782e-07
 Reference value :  6.17987e-07
 Reference value :  6.18108e-07
 Reference value :  6.18259e-07
 Reference value :  6.18370e-07
 Reference value :  6.18574e-07
 Reference value :  6.18794e-07
 Reference value :  6.19046e-07
 Reference value :  6.19504e-07
 Reference value :  6.20972e-07
 Reference value :  6.25647e-07
 Reference value :  6.30647e-07
 Reference value :  6.35647e-07
 Reference value :  6.40647e-07
 Reference value :  6.46647e-07
 Reference value :  6.52647e-07
 Reference value :  6.57490e-07
 Reference value :  6.57894e-07
 Reference value :  6.57988e-07
 Reference value :  6.58104e-07
 Reference value :  6.58365e-07
 Reference value :  6.58711e-07
 Reference value :  6.58851e-07
 Reference value :  6.58997e-07
 Reference value :  6.59197e-07
 Reference value :  6.59452e-07
 Reference value :  6.59676e-07
 Reference value :  6.59994e-07
 Reference value :  6.60433e-07
 Reference value :  6.61275e-07
 Reference value :  6.61883e-07
 Reference value :  6.62637e-07
 Reference value :  6.66330e-07
 Reference value :  6.71330e-07
 Reference value :  6.76330e-07
 Reference value :  6.81830e-07
 Reference value :  6.87330e-07
 Reference value :  6.92330e-07
 Reference value :  6.97330e-07
 Reference value :  6.99526e-07
 Reference value :  6.99636e-07
 Reference value :  6.99726e-07
 Reference value :  6.99881e-07
 Reference value :  7.00032e-07
 Reference value :  7.00304e-07
 Reference value :  7.00375e-07
 Reference value :  7.00500e-07
 Reference value :  7.00653e-07
 Reference value :  7.00868e-07
 Reference value :  7.01161e-07
 Reference value :  7.01426e-07
 Reference value :  7.01669e-07
 Reference value :  7.01978e-07
 Reference value :  7.02543e-07
 Reference value :  7.03840e-07
 Reference value :  7.08482e-07
 Reference value :  7.12982e-07
 Reference value :  7.17982e-07
 Reference value :  7.23482e-07
 Reference value :  7.29482e-07
 Reference value :  7.34982e-07
 Reference value :  7.40482e-07
 Reference value :  7.41239e-07
 Reference value :  7.41333e-07
 Reference value :  7.41521e-07
 Reference value :  7.41767e-07
 Reference value :  7.42163e-07
 Reference value :  7.42302e-07
 Reference value :  7.42510e-07
 Reference value :  7.42773e-07
 Reference value :  7.43081e-07
 Reference value :  7.43723e-07
 Reference value :  7.44553e-07
 Reference value :  7.45057e-07
 Reference value :  7.45709e-07
 Reference value :  7.50634e-07
 Reference value :  7.56134e-07
 Reference value :  7.61634e-07
 Reference value :  7.68134e-07
 Reference value :  7.74134e-07
 Reference value :  7.80634e-07
 Reference value :  7.82892e-07
 Reference value :  7.83034e-07
 Reference value :  7.83216e-07
 Reference value :  7.83460e-07
 Reference value :  7.83659e-07
 Reference value :  7.83813e-07
 Reference value :  7.84116e-07
 Reference value :  7.84420e-07
 Reference value :  7.84727e-07
 Reference value :  7.84884e-07
 Reference value :  7.85210e-07
 Reference value :  7.85656e-07
 Reference value :  7.86428e-07
 Reference value :  7.90754e-07
 Reference value :  7.95754e-07
 Reference value :  8.00754e-07
 Reference value :  8.05754e-07
 Reference value :  8.10754e-07
 Reference value :  8.15754e-07
 Reference value :  8.20754e-07
 Reference value :  8.24506e-07
 Reference value :  8.24599e-07
 Reference value :  8.24695e-07
 Reference value :  8.24864e-07
 Reference value :  8.25206e-07
 Reference value :  8.25502e-07
 Reference value :  8.25719e-07
 Reference value :  8.25961e-07
 Reference value :  8.26158e-07
 Reference value :  8.26496e-07
 Reference value :  8.26849e-07
 Reference value :  8.27314e-07
 Reference value :  8.27862e-07
 Reference value :  8.28453e-07
 Reference value :  8.29733e-07
 Reference value :  8.33981e-07
 Reference value :  8.40481e-07
 Reference value :  8.46981e-07
 Reference value :  8.52981e-07
 Reference value :  8.58981e-07
 Reference value :  8.64981e-07
 Reference value :  8.66202e-07
 Reference value :  8.66317e-07
 Reference value :  8.66425e-07
 Reference value :  8.66550e-07
 Reference value :  8.66664e-07
 Reference value :  8.66868e-07
 Reference value :  8.66960e-07
 Reference value :  8.67048e-07
 Reference value :  8.67171e-07
 Reference value :  8.67315e-07
 Reference value :  8.67472e-07
 Reference value :  8.67641e-07
 Reference value :  8.67808e-07
 Reference value :  8.68021e-07
 Reference value :  8.68154e-07
 Reference value :  8.68273e-07
 Reference value :  8.68490e-07
 Reference value :  8.68808e-07
 Reference value :  8.69185e-07
 Reference value :  8.70046e-07
 Reference value :  8.74551e-07
 Reference value :  8.79551e-07
 Reference value :  8.84551e-07
 Reference value :  8.90051e-07
 Reference value :  8.95051e-07
 Reference value :  9.00551e-07
 Reference value :  9.06051e-07
 Reference value :  9.07875e-07
 Reference value :  9.07994e-07
 Reference value :  9.08116e-07
 Reference value :  9.08344e-07
 Reference value :  9.08788e-07
 Reference value :  9.08906e-07
 Reference value :  9.09073e-07
 Reference value :  9.09335e-07
 Reference value :  9.09611e-07
 Reference value :  9.09871e-07
 Reference value :  9.10245e-07
 Reference value :  9.10713e-07
 Reference value :  9.11414e-07
 Reference value :  9.12518e-07
 Reference value :  9.15561e-07
 Reference value :  9.20561e-07
 Reference value :  9.25561e-07
 Reference value :  9.30561e-07
 Reference value :  9.36061e-07
 Reference value :  9.41561e-07
 Reference value :  9.44061e-07
 Reference value :  9.45163e-07
 Reference value :  9.45877e-07
 Reference value :  9.46026e-07
 Reference value :  9.46138e-07
 Reference value :  9.46297e-07
 Reference value :  9.46572e-07
 Reference value :  9.46943e-07
 Reference value :  9.48045e-07
 Reference value :  9.49527e-07
 Reference value :  9.49624e-07
 Reference value :  9.49743e-07
 Reference value :  9.49888e-07
 Reference value :  9.50097e-07
 Reference value :  9.50315e-07
 Reference value :  9.50388e-07
 Reference value :  9.50508e-07
 Reference value :  9.50694e-07
 Reference value :  9.50899e-07
 Reference value :  9.51081e-07
 Reference value :  9.51270e-07
 Reference value :  9.51438e-07
 Reference value :  9.51570e-07
 Reference value :  9.51706e-07
 Reference value :  9.51918e-07
 Reference value :  9.52138e-07
 Reference value :  9.52397e-07
 Reference value :  9.52878e-07
 Reference value :  9.53878e-07
 Reference value :  9.58836e-07
 Reference value :  9.63836e-07
 Reference value :  9.69836e-07
 Reference value :  9.74836e-07
 Reference value :  9.80336e-07
 Reference value :  9.85836e-07
 Reference value :  9.91167e-07
 Reference value :  9.91259e-07
 Reference value :  9.91362e-07
 Reference value :  9.91552e-07
 Reference value :  9.91799e-07
 Reference value :  9.92161e-07
 Reference value :  9.92277e-07
 Reference value :  9.92470e-07
 Reference value :  9.92702e-07
 Reference value :  9.92990e-07
 Reference value :  9.93333e-07
 Reference value :  9.93764e-07
 Reference value :  9.94439e-07
 Reference value :  9.94869e-07
 Reference value :  9.95329e-07
 Reference value :  9.96206e-07
 Reference value :  1.00038e-06
 Reference value :  1.00588e-06
 Reference value :  1.01138e-06
 Reference value :  1.01838e-06
 Reference value :  1.02388e-06
 Reference value :  1.02888e-06
 Reference value :  1.03081e-06
 Reference value :  1.03217e-06
 Reference value :  1.03238e-06
 Reference value :  1.03250e-06
 Reference value :  1.03266e-06
 Reference value :  1.03283e-06
 Reference value :  1.03291e-06
 Reference value :  1.03300e-06
 Reference value :  1.03311e-06
 Reference value :  1.03325e-06
 Reference value :  1.03352e-06
 Reference value :  1.03364e-06
 Reference value :  1.03372e-06
 Reference value :  1.03385e-06
 Reference value :  1.03407e-06
 Reference value :  1.03426e-06
 Reference value :  1.03439e-06
 Reference value :  1.03457e-06
 Reference value :  1.03480e-06
 Reference value :  1.03501e-06
 Reference value :  1.03526e-06
 Reference value :  1.03549e-06
 Reference value :  1.03589e-06
 Reference value :  1.03673e-06
 Reference value :  1.04009e-06
 Reference value :  1.04559e-06
 Reference value :  1.05059e-06
 Reference value :  1.05559e-06
 Reference value :  1.06159e-06
 Reference value :  1.06659e-06
 Reference value :  1.07209e-06
 Reference value :  1.07453e-06
 Reference value :  1.07466e-06
 Reference value :  1.07477e-06
 Reference value :  1.07503e-06
 Reference value :  1.07543e-06
 Reference value :  1.07554e-06
 Reference value :  1.07568e-06
 Reference value :  1.07590e-06
 Reference value :  1.07626e-06
 Reference value :  1.07653e-06
 Reference value :  1.07690e-06
 Reference value :  1.07747e-06
 Reference value :  1.07805e-06
 Reference value :  1.07847e-06
 Reference value :  1.07967e-06
 Reference value :  1.08408e-06
 Reference value :  1.09108e-06
 Reference value :  1.09808e-06
 Reference value :  1.10608e-06
 Reference value :  1.11258e-06
 Reference value :  1.11617e-06
 Reference value :  1.11627e-06
 Reference value :  1.11639e-06
 Reference value :  1.11656e-06
 Reference value :  1.11676e-06
 Reference value :  1.11692e-06
 Reference value :  1.11700e-06
 Reference value :  1.11711e-06
 Reference value :  1.11717e-06
 Reference value :  1.11726e-06
 Reference value :  1.11736e-06
 Reference value :  1.11751e-06
 Reference value :  1.11763e-06
 Reference value :  1.11776e-06
 Reference value :  1.11792e-06
 Reference value :  1.11807e-06
 Reference value :  1.11816e-06
 Reference value :  1.11825e-06
 Reference value :  1.11834e-06
 Reference value :  1.11848e-06
 Reference value :  1.11862e-06
 Reference value :  1.11880e-06
 Reference value :  1.11910e-06
 Reference value :  1.11960e-06
 Reference value :  1.12216e-06
 Reference value :  1.12716e-06
 Reference value :  1.13266e-06
 Reference value :  1.13766e-06
 Reference value :  1.14266e-06
 Reference value :  1.14716e-06
 Reference value :  1.15216e-06
 Reference value :  1.15749e-06
 Reference value :  1.15790e-06
 Reference value :  1.15800e-06
 Reference value :  1.15811e-06
 Reference value :  1.15828e-06
 Reference value :  1.15861e-06
 Reference value :  1.15883e-06
 Reference value :  1.15900e-06
 Reference value :  1.15921e-06
 Reference value :  1.15946e-06
 Reference value :  1.15967e-06
 Reference value :  1.15990e-06
 Reference value :  1.16014e-06
 Reference value :  1.16041e-06
 Reference value :  1.16059e-06
 Reference value :  1.16080e-06
 Reference value :  1.16113e-06
 Reference value :  1.16162e-06
 Reference value :  1.16214e-06
 Reference value :  1.16432e-06
 Reference value :  1.16932e-06
 Reference value :  1.17432e-06
 Reference value :  1.17932e-06
 Reference value :  1.18432e-06
 Reference value :  1.18932e-06
 Reference value :  1.19432e-06
 Reference value :  1.19951e-06
 Reference value :  1.19964e-06
 Reference value :  1.19976e-06
 Reference value :  1.19993e-06
 Reference value :  1.20022e-06
 Reference value :  1.20035e-06
 Reference value :  1.20050e-06
 Reference value :  1.20059e-06
 Reference value :  1.20067e-06
 Reference value :  1.20090e-06
 Reference value :  1.20101e-06
 Reference value :  1.20113e-06
 Reference value :  1.20131e-06
 Reference value :  1.20157e-06
 Reference value :  1.20186e-06
 Reference value :  1.20232e-06
 Reference value :  1.20338e-06
 Reference value :  1.20850e-06
 Reference value :  1.21400e-06
 Reference value :  1.22000e-06
 Reference value :  1.22550e-06
 Reference value :  1.23050e-06
 Reference value :  1.23600e-06
 Reference value :  1.24117e-06
 Reference value :  1.24127e-06
 Reference value :  1.24137e-06
 Reference value :  1.24159e-06
 Reference value :  1.24185e-06
 Reference value :  1.24212e-06
 Reference value :  1.24223e-06
 Reference value :  1.24239e-06
 Reference value :  1.24268e-06
 Reference value :  1.24290e-06
 Reference value :  1.24323e-06
 Reference value :  1.24374e-06
 Reference value :  1.24386e-06
 Reference value :  1.24404e-06
 Reference value :  1.24424e-06
 Reference value :  1.24459e-06
 Reference value :  1.24494e-06
 Reference value :  1.24604e-06
 Reference value :  1.25050e-06
 Reference value :  1.25650e-06
 Reference value :  1.26200e-06
 Reference value :  1.26700e-06
 Reference value :  1.27300e-06
 Reference value :  1.27900e-06
 Reference value :  1.28284e-06
 Reference value :  1.28294e-06
 Reference value :  1.28306e-06
 Reference value :  1.28322e-06
 Reference value :  1.28356e-06
 Reference value :  1.28366e-06
 Reference value :  1.28374e-06
 Reference value :  1.28385e-06
 Reference value :  1.28399e-06
 Reference value :  1.28424e-06
 Reference value :  1.28443e-06
 Reference value :  1.28456e-06
 Reference value :  1.28472e-06
 Reference value :  1.28490e-06
 Reference value :  1.28503e-06
 Reference value :  1.28519e-06
 Reference value :  1.28539e-06
 Reference value :  1.28574e-06
 Reference value :  1.28613e-06
 Reference value :  1.28714e-06
 Reference value :  1.29127e-06
 Reference value :  1.29627e-06
 Reference value :  1.30177e-06
 Reference value :  1.30727e-06
 Reference value :  1.31227e-06
 Reference value :  1.31727e-06
 Reference value :  1.32277e-06
 Reference value :  1.32455e-06
 Reference value :  1.32466e-06
 Reference value :  1.32481e-06
 Reference value :  1.32508e-06
 Reference value :  1.32545e-06
 Reference value :  1.32557e-06
 Reference value :  1.32576e-06
 Reference value :  1.32609e-06
 Reference value :  1.32633e-06
 Reference value :  1.32667e-06
 Reference value :  1.32706e-06
 Reference value :  1.32764e-06
 Reference value :  1.32798e-06
 Reference value :  1.32829e-06
 Reference value :  1.32891e-06
 Reference value :  1.33274e-06
 Reference value :  1.33724e-06
 Reference value :  1.33924e-06
 Reference value :  1.34075e-06
 Reference value :  1.34141e-06
 Reference value :  1.34157e-06
 Reference value :  1.34177e-06
 Reference value :  1.34198e-06
 Reference value :  1.34236e-06
 Reference value :  1.34325e-06
 Reference value :  1.34711e-06
 Reference value :  1.35261e-06
 Reference value :  1.35811e-06
 Reference value :  1.36311e-06
 Reference value :  1.36618e-06
 Reference value :  1.36627e-06
 Reference value :  1.36638e-06
 Reference value :  1.36657e-06
 Reference value :  1.36680e-06
 Reference value :  1.36694e-06
 Reference value :  1.36704e-06
 Reference value :  1.36714e-06
 Reference value :  1.36726e-06
 Reference value :  1.36749e-06
 Reference value :  1.36772e-06
 Reference value :  1.36789e-06
 Reference value :  1.36805e-06
 Reference value :  1.36819e-06
 Reference value :  1.36832e-06
 Reference value :  1.36844e-06
 Reference value :  1.36862e-06
 Reference value :  1.36887e-06
 Reference value :  1.36915e-06
 Reference value :  1.36959e-06
 Reference value :  1.37037e-06
 Reference value :  1.37457e-06
 Reference value :  1.37957e-06
 Reference value :  1.38457e-06
 Reference value :  1.39007e-06
 Reference value :  1.39507e-06
 Reference value :  1.40007e-06
 Reference value :  1.40557e-06
 Reference value :  1.40787e-06
 Reference value :  1.40798e-06
 Reference value :  1.40810e-06
 Reference value :  1.40844e-06
 Reference value :  1.40883e-06
 Reference value :  1.40897e-06
 Reference value :  1.40921e-06
 Reference value :  1.40947e-06
 Reference value :  1.40973e-06
 Reference value :  1.41017e-06
 Reference value :  1.41091e-06
 Reference value :  1.41165e-06
 Reference value :  1.41304e-06
 Reference value :  1.41878e-06
 Reference value :  1.42378e-06
 Reference value :  1.42878e-06
 Reference value :  1.43428e-06
 Reference value :  1.43928e-06
 Reference value :  1.44428e-06
 Reference value :  1.44950e-06
 Reference value :  1.44956e-06
 Reference value :  1.44966e-06
 Reference value :  1.44978e-06
 Reference value :  1.44994e-06
 Reference value :  1.45022e-06
 Reference value :  1.45032e-06
 Reference value :  1.45039e-06
 Reference value :  1.45053e-06
 Reference value :  1.45078e-06
 Reference value :  1.45108e-06
 Reference value :  1.45128e-06
 Reference value :  1.45152e-06
 Reference value :  1.45184e-06
 Reference value :  1.45226e-06
 Reference value :  1.45293e-06
 Reference value :  1.45691e-06
 Reference value :  1.46241e-06
 Reference value :  1.46741e-06
 Reference value :  1.47241e-06
 Reference value :  1.47791e-06
 Reference value :  1.48291e-06
 Reference value :  1.48791e-06
 Reference value :  1.49120e-06
 Reference value :  1.49130e-06
 Reference value :  1.49141e-06
 Reference value :  1.49165e-06
 Reference value :  1.49213e-06
 Reference value :  1.49227e-06
 Reference value :  1.49245e-06
 Reference value :  1.49272e-06
 Reference value :  1.49295e-06
 Reference value :  1.49325e-06
 Reference value :  1.49370e-06
 Reference value :  1.49448e-06
 Reference value :  1.49504e-06
 Reference value :  1.49609e-06
 Reference value :  1.49946e-06
 Reference value :  1.50446e-06
 Reference value :  1.50946e-06
 Reference value :  1.51496e-06
 Reference value :  1.52046e-06
 Reference value :  1.52546e-06
 Reference value :  1.53046e-06
 Reference value :  1.53287e-06
 Reference value :  1.53298e-06
 Reference value :  1.53308e-06
 Reference value :  1.53324e-06
 Reference value :  1.53337e-06
 Reference value :  1.53356e-06
 Reference value :  1.53366e-06
 Reference value :  1.53373e-06
 Reference value :  1.53385e-06
 Reference value :  1.53405e-06
 Reference value :  1.53435e-06
 Reference value :  1.53466e-06
 Reference value :  1.53491e-06
 Reference value :  1.53519e-06
 Reference value :  1.53552e-06
 Reference value :  1.53605e-06
 Reference value :  1.53948e-06
 Reference value :  1.54448e-06
 Reference value :  1.54948e-06
 Reference value :  1.55498e-06
 Reference value :  1.55998e-06
 Reference value :  1.56498e-06
 Reference value :  1.56998e-06
 Reference value :  1.57450e-06
 Reference value :  1.57456e-06
 Reference value :  1.57468e-06
 Reference value :  1.57482e-06
 Reference value :  1.57509e-06
 Reference value :  1.57544e-06
 Reference value :  1.57561e-06
 Reference value :  1.57586e-06
 Reference value :  1.57612e-06
 Reference value :  1.57636e-06
 Reference value :  1.57665e-06
 Reference value :  1.57708e-06
 Reference value :  1.57781e-06
 Reference value :  1.57833e-06
 Reference value :  1.57933e-06
 Reference value :  1.58190e-06
 Reference value :  1.58683e-06
 Reference value :  1.59233e-06
 Reference value :  1.59733e-06
 Reference value :  1.60233e-06
 Reference value :  1.60833e-06
 Reference value :  1.61333e-06
 Reference value :  1.61620e-06
 Reference value :  1.61632e-06
 Reference value :  1.61643e-06
 Reference value :  1.61659e-06
 Reference value :  1.61685e-06
 Reference value :  1.61697e-06
 Reference value :  1.61706e-06
 Reference value :  1.61719e-06
 Reference value :  1.61738e-06
 Reference value :  1.61764e-06
 Reference value :  1.61792e-06
 Reference value :  1.61828e-06
 Reference value :  1.61866e-06
 Reference value :  1.61920e-06
 Reference value :  1.62051e-06
 Reference value :  1.62525e-06
 Reference value :  1.63075e-06
 Reference value :  1.63575e-06
 Reference value :  1.64175e-06
 Reference value :  1.64775e-06
 Reference value :  1.65325e-06
 Reference value :  1.65784e-06
 Reference value :  1.65796e-06
 Reference value :  1.65810e-06
 Reference value :  1.65842e-06
 Reference value :  1.65883e-06
 Reference value :  1.65904e-06
 Reference value :  1.65939e-06
 Reference value :  1.65981e-06
 Reference value :  1.66036e-06
 Reference value :  1.66108e-06
 Reference value :  1.66172e-06
 Reference value :  1.66291e-06
 Reference value :  1.66756e-06
 Reference value :  1.67356e-06
 Reference value :  1.68006e-06
 Reference value :  1.68606e-06
 Reference value :  1.68757e-06
 Reference value :  1.68823e-06
 Reference value :  1.68838e-06
 Reference value :  1.68859e-06
 Reference value :  1.68890e-06
 Reference value :  1.68934e-06
 Reference value :  1.69096e-06
 Reference value :  1.69619e-06
 Reference value :  1.69953e-06
 Reference value :  1.69963e-06
 Reference value :  1.69978e-06
 Reference value :  1.69993e-06
 Reference value :  1.70022e-06
 Reference value :  1.70035e-06
 Reference value :  1.70048e-06
 Reference value :  1.70072e-06
 Reference value :  1.70094e-06
 Reference value :  1.70110e-06
 Reference value :  1.70127e-06
 Reference value :  1.70145e-06
 Reference value :  1.70161e-06
 Reference value :  1.70175e-06
 Reference value :  1.70197e-06
 Reference value :  1.70223e-06
 Reference value :  1.70251e-06
 Reference value :  1.70306e-06
 Reference value :  1.70460e-06
 Reference value :  1.71151e-06
 Reference value :  1.71701e-06
 Reference value :  1.72201e-06
 Reference value :  1.72751e-06
 Reference value :  1.73251e-06
 Reference value :  1.73801e-06
 Reference value :  1.74118e-06
 Reference value :  1.74127e-06
 Reference value :  1.74137e-06
 Reference value :  1.74155e-06
 Reference value :  1.74180e-06
 Reference value :  1.74216e-06
 Reference value :  1.74226e-06
 Reference value :  1.74245e-06
 Reference value :  1.74271e-06
 Reference value :  1.74301e-06
 Reference value :  1.74344e-06
 Reference value :  1.74397e-06
 Reference value :  1.74457e-06
 Reference value :  1.74500e-06
 Reference value :  1.74552e-06
 Reference value :  1.74825e-06
 Reference value :  1.75325e-06
 Reference value :  1.75825e-06
 Reference value :  1.76475e-06
 Reference value :  1.77075e-06
 Reference value :  1.77575e-06
 Reference value :  1.78254e-06
 Reference value :  1.78289e-06
 Reference value :  1.78300e-06
 Reference value :  1.78311e-06
 Reference value :  1.78328e-06
 Reference value :  1.78351e-06
 Reference value :  1.78366e-06
 Reference value :  1.78373e-06
 Reference value :  1.78386e-06
 Reference value :  1.78408e-06
 Reference value :  1.78426e-06
 Reference value :  1.78458e-06
 Reference value :  1.78486e-06
 Reference value :  1.78510e-06
 Reference value :  1.78560e-06
 Reference value :  1.78686e-06
 Reference value :  1.79182e-06
 Reference value :  1.79632e-06
 Reference value :  1.80182e-06
 Reference value :  1.80682e-06
 Reference value :  1.81232e-06
 Reference value :  1.81732e-06
 Reference value :  1.82232e-06
 Reference value :  1.82454e-06
 Reference value :  1.82464e-06
 Reference value :  1.82475e-06
 Reference value :  1.82502e-06
 Reference value :  1.82544e-06
 Reference value :  1.82561e-06
 Reference value :  1.82584e-06
 Reference value :  1.82604e-06
 Reference value :  1.82631e-06
 Reference value :  1.82663e-06
 Reference value :  1.82708e-06
 Reference value :  1.82775e-06
 Reference value :  1.82831e-06
 Reference value :  1.82926e-06
 Reference value :  1.83251e-06
 Reference value :  1.83901e-06
 Reference value :  1.84451e-06
 Reference value :  1.84951e-06
 Reference value :  1.85601e-06
 Reference value :  1.86151e-06
 Reference value :  1.86295e-06
 Reference value :  1.86438e-06
 Reference value :  1.86456e-06
 Reference value :  1.86469e-06
 Reference value :  1.86497e-06
 Reference value :  1.86527e-06
 Reference value :  1.86603e-06
 Reference value :  1.86620e-06
 Reference value :  1.86631e-06
 Reference value :  1.86642e-06
 Reference value :  1.86657e-06
 Reference value :  1.86679e-06
 Reference value :  1.86697e-06
 Reference value :  1.86707e-06
 Reference value :  1.86717e-06
 Reference value :  1.86731e-06
 Reference value :  1.86754e-06
 Reference value :  1.86774e-06
 Reference value :  1.86796e-06
 Reference value :  1.86809e-06
 Reference value :  1.86824e-06
 Reference value :  1.86836e-06
 Reference value :  1.86860e-06
 Reference value :  1.86887e-06
 Reference value :  1.86918e-06
 Reference value :  1.86980e-06
 Reference value :  1.87257e-06
 Reference value :  1.87757e-06
 Reference value :  1.88257e-06
 Reference value :  1.88807e-06
 Reference value :  1.89307e-06
 Reference value :  1.89857e-06
 Reference value :  1.90357e-06
 Reference value :  1.90784e-06
 Reference value :  1.90794e-06
 Reference value :  1.90804e-06
 Reference value :  1.90827e-06
 Reference value :  1.90871e-06
 Reference value :  1.90895e-06
 Reference value :  1.90918e-06
 Reference value :  1.90941e-06
 Reference value :  1.90969e-06
 Reference value :  1.91011e-06
 Reference value :  1.91064e-06
 Reference value :  1.91122e-06
 Reference value :  1.91179e-06
 Reference value :  1.91271e-06
 Reference value :  1.91640e-06
 Reference value :  1.92240e-06
 Reference value :  1.92740e-06
 Reference value :  1.93290e-06
 Reference value :  1.93840e-06
 Reference value :  1.94440e-06
 Reference value :  1.94950e-06
 Reference value :  1.94958e-06
 Reference value :  1.94970e-06
 Reference value :  1.94985e-06
 Reference value :  1.95000e-06
 Reference value :  1.95019e-06
 Reference value :  1.95027e-06
 Reference value :  1.95034e-06
 Reference value :  1.95045e-06
 Reference value :  1.95054e-06
 Reference value :  1.95065e-06
 Reference value :  1.95086e-06
 Reference value :  1.95101e-06
 Reference value :  1.95129e-06
 Reference value :  1.95160e-06
 Reference value :  1.95187e-06
 Reference value :  1.95220e-06
 Reference value :  1.95303e-06
 Reference value :  1.95629e-06
 Reference value :  1.96079e-06
 Reference value :  1.96729e-06
 Reference value :  1.97179e-06
 Reference value :  1.97679e-06
 Reference value :  1.98229e-06
 Reference value :  1.98729e-06
 Reference value :  1.99117e-06
 Reference value :  1.99131e-06
 Reference value :  1.99142e-06
 Reference value :  1.99166e-06
 Reference value :  1.99204e-06
 Reference value :  1.99211e-06
 Reference value :  1.99226e-06
 Reference value :  1.99244e-06
 Reference value :  1.99271e-06
 Reference value :  1.99300e-06
 Reference value :  1.99340e-06
 Reference value :  1.99416e-06
 Reference value :  1.99474e-06
 Reference value :  1.99526e-06
 Reference value :  1.99744e-06
 Reference value :  2.00294e-06
 Reference value :  2.00944e-06
 Reference value :  2.01444e-06
 Reference value :  2.01994e-06
 Reference value :  2.02644e-06
 Reference value :  2.03144e-06
 Reference value :  2.03283e-06
 Reference value :  2.03289e-06
 Reference value :  2.03303e-06
 Reference value :  2.03319e-06
 Reference value :  2.03341e-06
 Reference value :  2.03356e-06
 Reference value :  2.03366e-06
 Reference value :  2.03381e-06
 Reference value :  2.03394e-06
 Reference value :  2.03418e-06
 Reference value :  2.03437e-06
 Reference value :  2.03458e-06
 Reference value :  2.03487e-06
 Reference value :  2.03507e-06
 Reference value :  2.03529e-06
 Reference value :  2.03558e-06
 Reference value :  2.03603e-06
 Reference value :  2.03752e-06
 Reference value :  2.04272e-06
 Reference value :  2.04872e-06
 Reference value :  2.05372e-06
 Reference value :  2.06072e-06
 Reference value :  2.06772e-06
 Reference value :  2.07450e-06
 Reference value :  2.07462e-06
 Reference value :  2.07476e-06
 Reference value :  2.07504e-06
 Reference value :  2.07546e-06
 Reference value :  2.07566e-06
 Reference value :  2.07593e-06
 Reference value :  2.07617e-06
 Reference value :  2.07639e-06
 Reference value :  2.07671e-06
 Reference value :  2.07723e-06
 Reference value :  2.07788e-06
 Reference value :  2.07841e-06
 Reference value :  2.07931e-06
 Reference value :  2.08298e-06
 Reference value :  2.08948e-06
 Reference value :  2.09498e-06
 Reference value :  2.10048e-06
 Reference value :  2.10748e-06
 Reference value :  2.11348e-06
 Reference value :  2.11618e-06
 Reference value :  2.11628e-06
 Reference value :  2.11637e-06
 Reference value :  2.11653e-06
 Reference value :  2.11668e-06
 Reference value :  2.11690e-06
 Reference value :  2.11700e-06
 Reference value :  2.11715e-06
 Reference value :  2.11720e-06
 Reference value :  2.11727e-06
 Reference value :  2.11741e-06
 Reference value :  2.11757e-06
 Reference value :  2.11773e-06
 Reference value :  2.11787e-06
 Reference value :  2.11801e-06
 Reference value :  2.11809e-06
 Reference value :  2.11817e-06
 Reference value :  2.11826e-06
 Reference value :  2.11839e-06
 Reference value :  2.11849e-06
 Reference value :  2.11865e-06
 Reference value :  2.11877e-06
 Reference value :  2.11902e-06
 Reference value :  2.11944e-06
 Reference value :  2.12098e-06
 Reference value :  2.12674e-06
 Reference value :  2.13174e-06
 Reference value :  2.13674e-06
 Reference value :  2.14274e-06
 Reference value :  2.14824e-06
 Reference value :  2.15374e-06
 Reference value :  2.15784e-06
 Reference value :  2.15791e-06
 Reference value :  2.15803e-06
 Reference value :  2.15816e-06
 Reference value :  2.15839e-06
 Reference value :  2.15878e-06
 Reference value :  2.15893e-06
 Reference value :  2.15913e-06
 Reference value :  2.15937e-06
 Reference value :  2.15964e-06
 Reference value :  2.15984e-06
 Reference value :  2.15994e-06
 Reference value :  2.16013e-06
 Reference value :  2.16036e-06
 Reference value :  2.16065e-06
 Reference value :  2.16078e-06
 Reference value :  2.16093e-06
 Reference value :  2.16127e-06
 Reference value :  2.16166e-06
 Reference value :  2.16264e-06
 Reference value :  2.16665e-06
 Reference value :  2.17265e-06
 Reference value :  2.17965e-06
 Reference value :  2.18465e-06
 Reference value :  2.19015e-06
 Reference value :  2.19515e-06
 Reference value :  2.19951e-06
 Reference value :  2.19963e-06
 Reference value :  2.19973e-06
 Reference value :  2.19985e-06
 Reference value :  2.20001e-06
 Reference value :  2.20027e-06
 Reference value :  2.20037e-06
 Reference value :  2.20049e-06
 Reference value :  2.20058e-06
 Reference value :  2.20066e-06
 Reference value :  2.20079e-06
 Reference value :  2.20100e-06
 Reference value :  2.20111e-06
 Reference value :  2.20127e-06
 Reference value :  2.20144e-06
 Reference value :  2.20170e-06
 Reference value :  2.20193e-06
 Reference value :  2.20226e-06
 Reference value :  2.20342e-06
 Reference value :  2.20813e-06
 Reference value :  2.21313e-06
 Reference value :  2.21913e-06
 Reference value :  2.22413e-06
 Reference value :  2.23013e-06
 Reference value :  2.23513e-06
 Reference value :  2.24013e-06
 Reference value :  2.24122e-06
 Reference value :  2.24133e-06
 Reference value :  2.24145e-06
 Reference value :  2.24172e-06
 Reference value :  2.24211e-06
 Reference value :  2.24227e-06
 Reference value :  2.24242e-06
 Reference value :  2.24271e-06
 Reference value :  2.24297e-06
 Reference value :  2.24320e-06
 Reference value :  2.24335e-06
 Reference value :  2.24357e-06
 Reference value :  2.24391e-06
 Reference value :  2.24406e-06
 Reference value :  2.24414e-06
 Reference value :  2.24431e-06
 Reference value :  2.24461e-06
 Reference value :  2.24497e-06
 Reference value :  2.24575e-06
 Reference value :  2.24986e-06
 Reference value :  2.25486e-06
 Reference value :  2.26086e-06
 Reference value :  2.26636e-06
 Reference value :  2.27136e-06
 Reference value :  2.27636e-06
 Reference value :  2.28186e-06
 Reference value :  2.28289e-06
 Reference value :  2.28298e-06
 Reference value :  2.28312e-06
 Reference value :  2.28329e-06
 Reference value :  2.28358e-06
 Reference value :  2.28366e-06
 Reference value :  2.28379e-06
 Reference value :  2.28391e-06
 Reference value :  2.28409e-06
 Reference value :  2.28426e-06
 Reference value :  2.28447e-06
 Reference value :  2.28462e-06
 Reference value :  2.28482e-06
 Reference value :  2.28496e-06
 Reference value :  2.28513e-06
 Reference value :  2.28533e-06
 Reference value :  2.28558e-06
 Reference value :  2.28590e-06
 Reference value :  2.28643e-06
 Reference value :  2.28759e-06
 Reference value :  2.29275e-06
 Reference value :  2.29775e-06
 Reference value :  2.30325e-06
 Reference value :  2.30825e-06
 Reference value :  2.31325e-06
 Reference value :  2.31875e-06
 Reference value :  2.32375e-06
 Reference value :  2.32456e-06
 Reference value :  2.32466e-06
 Reference value :  2.32478e-06
 Reference value :  2.32501e-06
 Reference value :  2.32534e-06
 Reference value :  2.32548e-06
 Reference value :  2.32563e-06
 Reference value :  2.32585e-06
 Reference value :  2.32614e-06
 Reference value :  2.32636e-06
 Reference value :  2.32673e-06
 Reference value :  2.32718e-06
 Reference value :  2.32766e-06
 Reference value :  2.32805e-06
 Reference value :  2.32835e-06
 Reference value :  2.32890e-06
 Reference value :  2.33088e-06
 Reference value :  2.33638e-06
 Reference value :  2.34238e-06
 Reference value :  2.34738e-06
 Reference value :  2.35184e-06
 Reference value :  2.35684e-06
 Reference value :  2.36234e-06
 Reference value :  2.36617e-06
 Reference value :  2.36627e-06
 Reference value :  2.36638e-06
 Reference value :  2.36657e-06
 Reference value :  2.36672e-06
 Reference value :  2.36695e-06
 Reference value :  2.36700e-06
 Reference value :  2.36705e-06
 Reference value :  2.36717e-06
 Reference value :  2.36728e-06
 Reference value :  2.36750e-06
 Reference value :  2.36769e-06
 Reference value :  2.36797e-06
 Reference value :  2.36814e-06
 Reference value :  2.36841e-06
 Reference value :  2.36868e-06
 Reference value :  2.36903e-06
 Reference value :  2.36995e-06
 Reference value :  2.37405e-06
 Reference value :  2.37955e-06
 Reference value :  2.38455e-06
 Reference value :  2.39005e-06
 Reference value :  2.39555e-06
 Reference value :  2.40055e-06
 Reference value :  2.40555e-06
 Reference value :  2.40788e-06
 Reference value :  2.40800e-06
 Reference value :  2.40819e-06
 Reference value :  2.40853e-06
 Reference value :  2.40883e-06
 Reference value :  2.40894e-06
 Reference value :  2.40917e-06
 Reference value :  2.40945e-06
 Reference value :  2.40970e-06
 Reference value :  2.41012e-06
 Reference value :  2.41060e-06
 Reference value :  2.41106e-06
 Reference value :  2.41140e-06
 Reference value :  2.41177e-06
 Reference value :  2.41324e-06
 Reference value :  2.41813e-06
 Reference value :  2.42463e-06
 Reference value :  2.43213e-06
 Reference value :  2.43343e-06
 Reference value :  2.43467e-06
 Reference value :  2.43485e-06
 Reference value :  2.43510e-06
 Reference value :  2.43553e-06
 Reference value :  2.43644e-06
 Reference value :  2.44172e-06
 Reference value :  2.44872e-06
 Reference value :  2.44960e-06
 Reference value :  2.44972e-06
 Reference value :  2.44986e-06
 Reference value :  2.45000e-06
 Reference value :  2.45022e-06
 Reference value :  2.45038e-06
 Reference value :  2.45052e-06
 Reference value :  2.45081e-06
 Reference value :  2.45104e-06
 Reference value :  2.45125e-06
 Reference value :  2.45140e-06
 Reference value :  2.45158e-06
 Reference value :  2.45173e-06
 Reference value :  2.45199e-06
 Reference value :  2.45229e-06
 Reference value :  2.45262e-06
 Reference value :  2.45352e-06
 Reference value :  2.45785e-06
 Reference value :  2.46285e-06
 Reference value :  2.46785e-06
 Reference value :  2.47385e-06
 Reference value :  2.47885e-06
 Reference value :  2.48385e-06
 Reference value :  2.48935e-06
 Reference value :  2.49121e-06
 Reference value :  2.49132e-06
 Reference value :  2.49147e-06
 Reference value :  2.49188e-06
 Reference value :  2.49211e-06
 Reference value :  2.49226e-06
 Reference value :  2.49250e-06
 Reference value :  2.49273e-06
 Reference value :  2.49296e-06
 Reference value :  2.49329e-06
 Reference value :  2.49377e-06
 Reference value :  2.49456e-06
 Reference value :  2.49510e-06
 Reference value :  2.49670e-06
 Reference value :  2.50309e-06
 Reference value :  2.50909e-06
 Reference value :  2.51459e-06
 Reference value :  2.51801e-06
 Reference value :  2.52345e-06
 Reference value :  2.52845e-06
 Reference value :  2.53285e-06
 Reference value :  2.53294e-06
 Reference value :  2.53306e-06
 Reference value :  2.53321e-06
 Reference value :  2.53342e-06
 Reference value :  2.53362e-06
 Reference value :  2.53368e-06
 Reference value :  2.53375e-06
 Reference value :  2.53385e-06
 Reference value :  2.53396e-06
 Reference value :  2.53417e-06
 Reference value :  2.53436e-06
 Reference value :  2.53460e-06
 Reference value :  2.53486e-06
 Reference value :  2.53507e-06
 Reference value :  2.53533e-06
 Reference value :  2.53566e-06
 Reference value :  2.53640e-06
 Reference value :  2.53959e-06
 Reference value :  2.54509e-06
 Reference value :  2.55059e-06
 Reference value :  2.55659e-06
 Reference value :  2.56209e-06
 Reference value :  2.56809e-06
 Reference value :  2.57450e-06
 Reference value :  2.57458e-06
 Reference value :  2.57468e-06
 Reference value :  2.57483e-06
 Reference value :  2.57519e-06
 Reference value :  2.57545e-06
 Reference value :  2.57559e-06
 Reference value :  2.57576e-06
 Reference value :  2.57604e-06
 Reference value :  2.57631e-06
 Reference value :  2.57658e-06
 Reference value :  2.57697e-06
 Reference value :  2.57748e-06
 Reference value :  2.57813e-06
 Reference value :  2.57901e-06
 Reference value :  2.58133e-06
 Reference value :  2.58630e-06
 Reference value :  2.59230e-06
 Reference value :  2.59730e-06
 Reference value :  2.60124e-06
 Reference value :  2.60658e-06
 Reference value :  2.61208e-06
 Reference value :  2.61617e-06
 Reference value :  2.61623e-06
 Reference value :  2.61633e-06
 Reference value :  2.61645e-06
 Reference value :  2.61661e-06
 Reference value :  2.61690e-06
 Reference value :  2.61701e-06
 Reference value :  2.61711e-06
 Reference value :  2.61721e-06
 Reference value :  2.61732e-06
 Reference value :  2.61757e-06
 Reference value :  2.61771e-06
 Reference value :  2.61797e-06
 Reference value :  2.61824e-06
 Reference value :  2.61848e-06
 Reference value :  2.61873e-06
 Reference value :  2.61917e-06
 Reference value :  2.62041e-06
 Reference value :  2.62605e-06
 Reference value :  2.63105e-06
 Reference value :  2.63655e-06
 Reference value :  2.64205e-06
 Reference value :  2.64705e-06
 Reference value :  2.65305e-06
 Reference value :  2.65783e-06
 Reference value :  2.65790e-06
 Reference value :  2.65802e-06
 Reference value :  2.65819e-06
 Reference value :  2.65843e-06
 Reference value :  2.65883e-06
 Reference value :  2.65893e-06
 Reference value :  2.65912e-06
 Reference value :  2.65936e-06
 Reference value :  2.65966e-06
 Reference value :  2.66006e-06
 Reference value :  2.66060e-06
 Reference value :  2.66129e-06
 Reference value :  2.66165e-06
 Reference value :  2.66237e-06
 Reference value :  2.66530e-06
 Reference value :  2.67130e-06
 Reference value :  2.67730e-06
 Reference value :  2.68230e-06
 Reference value :  2.68519e-06
 Reference value :  2.69016e-06
 Reference value :  2.69616e-06
 Reference value :  2.69952e-06
 Reference value :  2.69962e-06
 Reference value :  2.69974e-06
 Reference value :  2.69989e-06
 Reference value :  2.70011e-06
 Reference value :  2.70027e-06
 Reference value :  2.70035e-06
 Reference value :  2.70045e-06
 Reference value :  2.70059e-06
 Reference value :  2.70076e-06
 Reference value :  2.70099e-06
 Reference value :  2.70117e-06
 Reference value :  2.70145e-06
 Reference value :  2.70172e-06
 Reference value :  2.70193e-06
 Reference value :  2.70229e-06
 Reference value :  2.70283e-06
 Reference value :  2.70530e-06
 Reference value :  2.71130e-06
 Reference value :  2.71680e-06
 Reference value :  2.72230e-06
 Reference value :  2.72730e-06
 Reference value :  2.73280e-06
 Reference value :  2.73780e-06
 Reference value :  2.74120e-06
 Reference value :  2.74132e-06
 Reference value :  2.74146e-06
 Reference value :  2.74170e-06
 Reference value :  2.74207e-06
 Reference value :  2.74218e-06
 Reference value :  2.74235e-06
 Reference value :  2.74265e-06
 Reference value :  2.74292e-06
 Reference value :  2.74328e-06
 Reference value :  2.74372e-06
 Reference value :  2.74419e-06
 Reference value :  2.74467e-06
 Reference value :  2.74495e-06
 Reference value :  2.74563e-06
 Reference value :  2.74864e-06
 Reference value :  2.75414e-06
 Reference value :  2.76064e-06
 Reference value :  2.76514e-06
 Reference value :  2.76914e-06
 Reference value :  2.77414e-06
 Reference value :  2.77914e-06
 Reference value :  2.78286e-06
 Reference value :  2.78296e-06
 Reference value :  2.78305e-06
 Reference value :  2.78320e-06
 Reference value :  2.78352e-06
 Reference value :  2.78364e-06
 Reference value :  2.78371e-06
 Reference value :  2.78383e-06
 Reference value :  2.78395e-06
 Reference value :  2.78417e-06
 Reference value :  2.78438e-06
 Reference value :  2.78462e-06
 Reference value :  2.78488e-06
 Reference value :  2.78515e-06
 Reference value :  2.78547e-06
 Reference value :  2.78597e-06
 Reference value :  2.78806e-06
 Reference value :  2.79404e-06
 Reference value :  2.80104e-06
 Reference value :  2.80754e-06
 Reference value :  2.81254e-06
 Reference value :  2.81804e-06
 Reference value :  2.82451e-06
 Reference value :  2.82461e-06
 Reference value :  2.82470e-06
 Reference value :  2.82493e-06
 Reference value :  2.82534e-06
 Reference value :  2.82549e-06
 Reference value :  2.82561e-06
 Reference value :  2.82584e-06
 Reference value :  2.82607e-06
 Reference value :  2.82631e-06
 Reference value :  2.82663e-06
 Reference value :  2.82724e-06
 Reference value :  2.82769e-06
 Reference value :  2.82805e-06
 Reference value :  2.82842e-06
 Reference value :  2.83001e-06
 Reference value :  2.83731e-06
 Reference value :  2.84481e-06
 Reference value :  2.84881e-06
 Reference value :  2.85093e-06
 Reference value :  2.85635e-06
 Reference value :  2.86135e-06
 Reference value :  2.86617e-06
 Reference value :  2.86627e-06
 Reference value :  2.86641e-06
 Reference value :  2.86658e-06
 Reference value :  2.86686e-06
 Reference value :  2.86697e-06
 Reference value :  2.86706e-06
 Reference value :  2.86719e-06
 Reference value :  2.86729e-06
 Reference value :  2.86748e-06
 Reference value :  2.86773e-06
 Reference value :  2.86795e-06
 Reference value :  2.86821e-06
 Reference value :  2.86849e-06
 Reference value :  2.86885e-06
 Reference value :  2.86926e-06
 Reference value :  2.87008e-06
 Reference value :  2.87424e-06
 Reference value :  2.88024e-06
 Reference value :  2.88624e-06
 Reference value :  2.89124e-06
 Reference value :  2.89674e-06
 Reference value :  2.90224e-06
 Reference value :  2.90784e-06
 Reference value :  2.90794e-06
 Reference value :  2.90808e-06
 Reference value :  2.90842e-06
 Reference value :  2.90874e-06
 Reference value :  2.90888e-06
 Reference value :  2.90916e-06
 Reference value :  2.90947e-06
 Reference value :  2.90986e-06
 Reference value :  2.91035e-06
 Reference value :  2.91099e-06
 Reference value :  2.91144e-06
 Reference value :  2.91177e-06
 Reference value :  2.91271e-06
 Reference value :  2.91758e-06
 Reference value :  2.92408e-06
 Reference value :  2.92958e-06
 Reference value :  2.93408e-06
 Reference value :  2.93822e-06
 Reference value :  2.94299e-06
 Reference value :  2.94799e-06
 Reference value :  2.94955e-06
 Reference value :  2.94966e-06
 Reference value :  2.94978e-06
 Reference value :  2.95000e-06
 Reference value :  2.95023e-06
 Reference value :  2.95033e-06
 Reference value :  2.95045e-06
 Reference value :  2.95057e-06
 Reference value :  2.95064e-06
 Reference value :  2.95083e-06
 Reference value :  2.95100e-06
 Reference value :  2.95129e-06
 Reference value :  2.95157e-06
 Reference value :  2.95179e-06
 Reference value :  2.95208e-06
 Reference value :  2.95257e-06
 Reference value :  2.95348e-06
 Reference value :  2.95886e-06
 Reference value :  2.96386e-06
 Reference value :  2.96886e-06
 Reference value :  2.97436e-06
 Reference value :  2.97986e-06
 Reference value :  2.98486e-06
 Reference value :  2.98986e-06
 Reference value :  2.99125e-06
 Reference value :  2.99136e-06
 Reference value :  2.99152e-06
 Reference value :  2.99180e-06
 Reference value :  2.99217e-06
 Reference value :  2.99228e-06
 Reference value :  2.99246e-06
 Reference value :  2.99272e-06
 Reference value :  2.99301e-06
 Reference value :  2.99341e-06
 Reference value :  2.99393e-06
 Reference value :  2.99453e-06
 Reference value :  2.99484e-06
 Reference value :  2.99525e-06
 Reference value :  2.99724e-06
 Reference value :  3.00446e-06
 Reference value :  3.01096e-06
 Reference value :  3.01546e-06
 Reference value :  3.01946e-06
 Reference value :  3.02137e-06
 Reference value :  3.02313e-06
 Reference value :  3.02910e-06
 Reference value :  3.03286e-06
 Reference value :  3.03300e-06
 Reference value :  3.03312e-06
 Reference value :  3.03329e-06
 Reference value :  3.03358e-06
 Reference value :  3.03364e-06
 Reference value :  3.03370e-06
 Reference value :  3.03384e-06
 Reference value :  3.03401e-06
 Reference value :  3.03418e-06
 Reference value :  3.03423e-06
 Reference value :  3.03431e-06
 Reference value :  3.03449e-06
 Reference value :  3.03471e-06
 Reference value :  3.03506e-06
 Reference value :  3.03534e-06
 Reference value :  3.03576e-06
 Reference value :  3.03680e-06
 Reference value :  3.04113e-06
 Reference value :  3.04713e-06
 Reference value :  3.05313e-06
 Reference value :  3.05863e-06
 Reference value :  3.06463e-06
 Reference value :  3.07063e-06
 Reference value :  3.07452e-06
 Reference value :  3.07460e-06
 Reference value :  3.07473e-06
 Reference value :  3.07497e-06
 Reference value :  3.07546e-06
 Reference value :  3.07559e-06
 Reference value :  3.07587e-06
 Reference value :  3.07611e-06
 Reference value :  3.07634e-06
 Reference value :  3.07673e-06
 Reference value :  3.07717e-06
 Reference value :  3.07776e-06
 Reference value :  3.07855e-06
 Reference value :  3.08060e-06
 Reference value :  3.08600e-06
 Reference value :  3.09250e-06
 Reference value :  3.09750e-06
 Reference value :  3.10155e-06
 Reference value :  3.10473e-06
 Reference value :  3.10940e-06
 Reference value :  3.11617e-06
 Reference value :  3.11626e-06
 Reference value :  3.11637e-06
 Reference value :  3.11652e-06
 Reference value :  3.11679e-06
 Reference value :  3.11697e-06
 Reference value :  3.11707e-06
 Reference value :  3.11723e-06
 Reference value :  3.11738e-06
 Reference value :  3.11756e-06
 Reference value :  3.11771e-06
 Reference value :  3.11780e-06
 Reference value :  3.11797e-06
 Reference value :  3.11808e-06
 Reference value :  3.11823e-06
 Reference value :  3.11833e-06
 Reference value :  3.11844e-06
 Reference value :  3.11859e-06
 Reference value :  3.11872e-06
 Reference value :  3.11888e-06
 Reference value :  3.11911e-06
 Reference value :  3.11985e-06
 Reference value :  3.12383e-06
 Reference value :  3.12883e-06
 Reference value :  3.13483e-06
 Reference value :  3.13983e-06
 Reference value :  3.14483e-06
 Reference value :  3.15033e-06
 Reference value :  3.15583e-06
 Reference value :  3.15786e-06
 Reference value :  3.15794e-06
 Reference value :  3.15806e-06
 Reference value :  3.15819e-06
 Reference value :  3.15847e-06
 Reference value :  3.15879e-06
 Reference value :  3.15896e-06
 Reference value :  3.15915e-06
 Reference value :  3.15939e-06
 Reference value :  3.15965e-06
 Reference value :  3.15993e-06
 Reference value :  3.16008e-06
 Reference value :  3.16046e-06
 Reference value :  3.16121e-06
 Reference value :  3.16147e-06
 Reference value :  3.16180e-06
 Reference value :  3.16293e-06
 Reference value :  3.16338e-06
 Reference value :  3.16364e-06
 Reference value :  3.16410e-06
 Reference value :  3.16487e-06
 Reference value :  3.16884e-06
 Reference value :  3.17434e-06
 Reference value :  3.17984e-06
 Reference value :  3.18534e-06
 Reference value :  3.19134e-06
 Reference value :  3.19684e-06
 Reference value :  3.19953e-06
 Reference value :  3.19966e-06
 Reference value :  3.19977e-06
 Reference value :  3.19991e-06
 Reference value :  3.20007e-06
 Reference value :  3.20033e-06
 Reference value :  3.20046e-06
 Reference value :  3.20060e-06
 Reference value :  3.20073e-06
 Reference value :  3.20095e-06
 Reference value :  3.20105e-06
 Reference value :  3.20114e-06
 Reference value :  3.20128e-06
 Reference value :  3.20139e-06
 Reference value :  3.20154e-06
 Reference value :  3.20174e-06
 Reference value :  3.20201e-06
 Reference value :  3.20277e-06
 Reference value :  3.20579e-06
 Reference value :  3.21179e-06
 Reference value :  3.21829e-06
 Reference value :  3.22579e-06
 Reference value :  3.23279e-06
 Reference value :  3.23829e-06
 Reference value :  3.24121e-06
 Reference value :  3.24132e-06
 Reference value :  3.24152e-06
 Reference value :  3.24190e-06
 Reference value :  3.24210e-06
 Reference value :  3.24227e-06
 Reference value :  3.24254e-06
 Reference value :  3.24280e-06
 Reference value :  3.24304e-06
 Reference value :  3.24336e-06
 Reference value :  3.24353e-06
 Reference value :  3.24395e-06
 Reference value :  3.24455e-06
 Reference value :  3.24496e-06
 Reference value :  3.24551e-06
 Reference value :  3.24593e-06
 Reference value :  3.24620e-06
 Reference value :  3.24641e-06
 Reference value :  3.24677e-06
 Reference value :  3.24747e-06
 Reference value :  3.24833e-06
 Reference value :  3.24871e-06
 Reference value :  3.24895e-06
 Reference value :  3.24937e-06
 Reference value :  3.24999e-06
 Reference value :  3.25419e-06
 Reference value :  3.25919e-06
 Reference value :  3.26419e-06
 Reference value :  3.26969e-06
 Reference value :  3.27519e-06
 Reference value :  3.28019e-06
 Reference value :  3.28286e-06
 Reference value :  3.28295e-06
 Reference value :  3.28306e-06
 Reference value :  3.28321e-06
 Reference value :  3.28345e-06
 Reference value :  3.28360e-06
 Reference value :  3.28368e-06
 Reference value :  3.28382e-06
 Reference value :  3.28392e-06
 Reference value :  3.28414e-06
 Reference value :  3.28433e-06
 Reference value :  3.28452e-06
 Reference value :  3.28464e-06
 Reference value :  3.28485e-06
 Reference value :  3.28498e-06
 Reference value :  3.28508e-06
 Reference value :  3.28528e-06
 Reference value :  3.28561e-06
 Reference value :  3.28594e-06
 Reference value :  3.28639e-06
 Reference value :  3.28827e-06
 Reference value :  3.29375e-06
 Reference value :  3.29875e-06
 Reference value :  3.30475e-06
 Reference value :  3.31475e-06
 Reference value :  3.32075e-06
 Reference value :  3.32452e-06
 Reference value :  3.32461e-06
 Reference value :  3.32471e-06
 Reference value :  3.32495e-06
 Reference value :  3.32534e-06
 Reference value :  3.32548e-06
 Reference value :  3.32585e-06
 Reference value :  3.32636e-06
 Reference value :  3.32671e-06
 Reference value :  3.32694e-06
 Reference value :  3.32710e-06
 Reference value :  3.32744e-06
 Reference value :  3.32801e-06
 Reference value :  3.32856e-06
 Reference value :  3.32911e-06
 Reference value :  3.33003e-06
 Reference value :  3.33359e-06
 Reference value :  3.33909e-06
 Reference value :  3.34459e-06
 Reference value :  3.35009e-06
 Reference value :  3.35509e-06
 Reference value :  3.36009e-06
 Reference value :  3.36559e-06
 Reference value :  3.36622e-06
 Reference value :  3.36633e-06
 Reference value :  3.36647e-06
 Reference value :  3.36666e-06
 Reference value :  3.36689e-06
 Reference value :  3.36699e-06
 Reference value :  3.36706e-06
 Reference value :  3.36717e-06
 Reference value :  3.36728e-06
 Reference value :  3.36748e-06
 Reference value :  3.36766e-06
 Reference value :  3.36779e-06
 Reference value :  3.36803e-06
 Reference value :  3.36827e-06
 Reference value :  3.36852e-06
 Reference value :  3.36887e-06
 Reference value :  3.36945e-06
 Reference value :  3.37220e-06
 Reference value :  3.37770e-06
 Reference value :  3.38320e-06
 Reference value :  3.38870e-06
 Reference value :  3.39420e-06
 Reference value :  3.39970e-06
 Reference value :  3.40520e-06
 Reference value :  3.40787e-06
 Reference value :  3.40799e-06
 Reference value :  3.40812e-06
 Reference value :  3.40839e-06
 Reference value :  3.40879e-06
 Reference value :  3.40897e-06
 Reference value :  3.40923e-06
 Reference value :  3.40957e-06
 Reference value :  3.40989e-06
 Reference value :  3.41018e-06
 Reference value :  3.41040e-06
 Reference value :  3.41090e-06
 Reference value :  3.41188e-06
 Reference value :  3.41242e-06
 Reference value :  3.41464e-06
 Reference value :  3.42214e-06
 Reference value :  3.42864e-06
 Reference value :  3.43464e-06
 Reference value :  3.44114e-06
 Reference value :  3.44814e-06
 Reference value :  3.44958e-06
 Reference value :  3.44973e-06
 Reference value :  3.44995e-06
 Reference value :  3.45028e-06
 Reference value :  3.45036e-06
 Reference value :  3.45050e-06
 Reference value :  3.45060e-06
 Reference value :  3.45083e-06
 Reference value :  3.45106e-06
 Reference value :  3.45125e-06
 Reference value :  3.45147e-06
 Reference value :  3.45175e-06
 Reference value :  3.45207e-06
 Reference value :  3.45310e-06
 Reference value :  3.45888e-06
 Reference value :  3.46538e-06
 Reference value :  3.47038e-06
 Reference value :  3.47588e-06
 Reference value :  3.48188e-06
 Reference value :  3.48738e-06
 Reference value :  3.49119e-06
 Reference value :  3.49128e-06
 Reference value :  3.49138e-06
 Reference value :  3.49162e-06
 Reference value :  3.49204e-06
 Reference value :  3.49211e-06
 Reference value :  3.49226e-06
 Reference value :  3.49248e-06
 Reference value :  3.49279e-06
 Reference value :  3.49306e-06
 Reference value :  3.49341e-06
 Reference value :  3.49356e-06
 Reference value :  3.49379e-06
 Reference value :  3.49460e-06
 Reference value :  3.49538e-06
 Reference value :  3.49689e-06
 Reference value :  3.50234e-06
 Reference value :  3.50934e-06
 Reference value :  3.51634e-06
 Reference value :  3.52334e-06
 Reference value :  3.53084e-06
 Reference value :  3.53291e-06
 Reference value :  3.53305e-06
 Reference value :  3.53328e-06
 Reference value :  3.53361e-06
 Reference value :  3.53369e-06
 Reference value :  3.53379e-06
 Reference value :  3.53390e-06
 Reference value :  3.53403e-06
 Reference value :  3.53424e-06
 Reference value :  3.53451e-06
 Reference value :  3.53476e-06
 Reference value :  3.53504e-06
 Reference value :  3.53543e-06
 Reference value :  3.53601e-06
 Reference value :  3.53937e-06
 Reference value :  3.54537e-06
 Reference value :  3.55087e-06
 Reference value :  3.55637e-06
 Reference value :  3.56187e-06
 Reference value :  3.56837e-06
 Reference value :  3.57418e-06
 Reference value :  3.57456e-06
 Reference value :  3.57465e-06
 Reference value :  3.57477e-06
 Reference value :  3.57502e-06
 Reference value :  3.57546e-06
 Reference value :  3.57560e-06
 Reference value :  3.57587e-06
 Reference value :  3.57613e-06
 Reference value :  3.57640e-06
 Reference value :  3.57674e-06
 Reference value :  3.57687e-06
 Reference value :  3.57703e-06
 Reference value :  3.57734e-06
 Reference value :  3.57797e-06
 Reference value :  3.57863e-06
 Reference value :  3.57916e-06
 Reference value :  3.58057e-06
 Reference value :  3.58629e-06
 Reference value :  3.59129e-06
 Reference value :  3.59629e-06
 Reference value :  3.60129e-06
 Reference value :  3.61079e-06
 Reference value :  3.61617e-06
 Reference value :  3.61628e-06
 Reference value :  3.61638e-06
 Reference value :  3.61652e-06
 Reference value :  3.61676e-06
 Reference value :  3.61696e-06
 Reference value :  3.61702e-06
 Reference value :  3.61714e-06
 Reference value :  3.61724e-06
 Reference value :  3.61758e-06
 Reference value :  3.61783e-06
 Reference value :  3.61805e-06
 Reference value :  3.61830e-06
 Reference value :  3.61860e-06
 Reference value :  3.61905e-06
 Reference value :  3.62063e-06
 Reference value :  3.62588e-06
 Reference value :  3.63138e-06
 Reference value :  3.63688e-06
 Reference value :  3.64288e-06
 Reference value :  3.64888e-06
 Reference value :  3.65438e-06
 Reference value :  3.65787e-06
 Reference value :  3.65798e-06
 Reference value :  3.65819e-06
 Reference value :  3.65849e-06
 Reference value :  3.65872e-06
 Reference value :  3.65880e-06
 Reference value :  3.65898e-06
 Reference value :  3.65924e-06
 Reference value :  3.65947e-06
 Reference value :  3.65975e-06
 Reference value :  3.66006e-06
 Reference value :  3.66021e-06
 Reference value :  3.66042e-06
 Reference value :  3.66099e-06
 Reference value :  3.66179e-06
 Reference value :  3.66232e-06
 Reference value :  3.66280e-06
 Reference value :  3.66513e-06
 Reference value :  3.67063e-06
 Reference value :  3.67613e-06
 Reference value :  3.68163e-06
 Reference value :  3.68663e-06
 Reference value :  3.69163e-06
 Reference value :  3.69663e-06
 Reference value :  3.69953e-06
 Reference value :  3.69965e-06
 Reference value :  3.69976e-06
 Reference value :  3.69995e-06
 Reference value :  3.70026e-06
 Reference value :  3.70033e-06
 Reference value :  3.70045e-06
 Reference value :  3.70058e-06
 Reference value :  3.70079e-06
 Reference value :  3.70102e-06
 Reference value :  3.70121e-06
 Reference value :  3.70143e-06
 Reference value :  3.70169e-06
 Reference value :  3.70200e-06
 Reference value :  3.70239e-06
 Reference value :  3.70358e-06
 Reference value :  3.70800e-06
 Reference value :  3.71350e-06
 Reference value :  3.71900e-06
 Reference value :  3.72450e-06
 Reference value :  3.72950e-06
 Reference value :  3.73450e-06
 Reference value :  3.73950e-06
 Reference value :  3.74120e-06
 Reference value :  3.74131e-06
 Reference value :  3.74142e-06
 Reference value :  3.74169e-06
 Reference value :  3.74213e-06
 Reference value :  3.74226e-06
 Reference value :  3.74250e-06
 Reference value :  3.74274e-06
 Reference value :  3.74301e-06
 Reference value :  3.74334e-06
 Reference value :  3.74358e-06
 Reference value :  3.74420e-06
 Reference value :  3.74467e-06
 Reference value :  3.74509e-06
 Reference value :  3.74542e-06
 Reference value :  3.74595e-06
 Reference value :  3.74753e-06
 Reference value :  3.75242e-06
 Reference value :  3.75792e-06
 Reference value :  3.76342e-06
 Reference value :  3.76942e-06
 Reference value :  3.77442e-06
 Reference value :  3.77992e-06
 Reference value :  3.78287e-06
 Reference value :  3.78298e-06
 Reference value :  3.78310e-06
 Reference value :  3.78329e-06
 Reference value :  3.78359e-06
 Reference value :  3.78367e-06
 Reference value :  3.78376e-06
 Reference value :  3.78387e-06
 Reference value :  3.78402e-06
 Reference value :  3.78425e-06
 Reference value :  3.78440e-06
 Reference value :  3.78459e-06
 Reference value :  3.78479e-06
 Reference value :  3.78508e-06
 Reference value :  3.78532e-06
 Reference value :  3.78562e-06
 Reference value :  3.78625e-06
 Reference value :  3.78944e-06
 Reference value :  3.79544e-06
 Reference value :  3.80094e-06
 Reference value :  3.80644e-06
 Reference value :  3.81194e-06
 Reference value :  3.81744e-06
 Reference value :  3.82294e-06
 Reference value :  3.82453e-06
 Reference value :  3.82464e-06
 Reference value :  3.82475e-06
 Reference value :  3.82502e-06
 Reference value :  3.82535e-06
 Reference value :  3.82549e-06
 Reference value :  3.82564e-06
 Reference value :  3.82584e-06
 Reference value :  3.82609e-06
 Reference value :  3.82636e-06
 Reference value :  3.82662e-06
 Reference value :  3.82681e-06
 Reference value :  3.82760e-06
 Reference value :  3.82793e-06
 Reference value :  3.82842e-06
 Reference value :  3.82881e-06
 Reference value :  3.82927e-06
 Reference value :  3.83007e-06
 Reference value :  3.83335e-06
 Reference value :  3.83885e-06
 Reference value :  3.84435e-06
 Reference value :  3.84985e-06
 Reference value :  3.85485e-06
 Reference value :  3.86035e-06
 Reference value :  3.86576e-06
 Reference value :  3.86627e-06
 Reference value :  3.86638e-06
 Reference value :  3.86655e-06
 Reference value :  3.86687e-06
 Reference value :  3.86697e-06
 Reference value :  3.86706e-06
 Reference value :  3.86719e-06
 Reference value :  3.86734e-06
 Reference value :  3.86758e-06
 Reference value :  3.86778e-06
 Reference value :  3.86804e-06
 Reference value :  3.86831e-06
 Reference value :  3.86855e-06
 Reference value :  3.86885e-06
 Reference value :  3.86951e-06
 Reference value :  3.87140e-06
 Reference value :  3.87690e-06
 Reference value :  3.88340e-06
 Reference value :  3.88890e-06
 Reference value :  3.89390e-06
 Reference value :  3.89990e-06
 Reference value :  3.90540e-06
 Reference value :  3.90787e-06
 Reference value :  3.90796e-06
 Reference value :  3.90805e-06
 Reference value :  3.90829e-06
 Reference value :  3.90871e-06
 Reference value :  3.90892e-06
 Reference value :  3.90907e-06
 Reference value :  3.90935e-06
 Reference value :  3.90962e-06
 Reference value :  3.90989e-06
 Reference value :  3.91010e-06
 Reference value :  3.91036e-06
 Reference value :  3.91093e-06
 Reference value :  3.91160e-06
 Reference value :  3.91222e-06
 Reference value :  3.91253e-06
 Reference value :  3.91287e-06
 Reference value :  3.91377e-06
 Reference value :  3.91871e-06
 Reference value :  3.92421e-06
 Reference value :  3.92971e-06
 Reference value :  3.93521e-06
 Reference value :  3.94071e-06
 Reference value :  3.94671e-06
 Reference value :  3.94953e-06
 Reference value :  3.94965e-06
 Reference value :  3.94974e-06
 Reference value :  3.94995e-06
 Reference value :  3.95012e-06
 Reference value :  3.95026e-06
 Reference value :  3.95035e-06
 Reference value :  3.95050e-06
 Reference value :  3.95059e-06
 Reference value :  3.95073e-06
 Reference value :  3.95092e-06
 Reference value :  3.95101e-06
 Reference value :  3.95121e-06
 Reference value :  3.95147e-06
 Reference value :  3.95176e-06
 Reference value :  3.95204e-06
 Reference value :  3.95242e-06
 Reference value :  3.95321e-06
 Reference value :  3.96072e-06
 Reference value :  3.97072e-06
 Reference value :  3.98122e-06
 Reference value :  3.99069e-06
 Reference value :  3.99127e-06
 Reference value :  3.99142e-06
 Reference value :  3.99185e-06
 Reference value :  3.99217e-06
 Reference value :  3.99247e-06
 Reference value :  3.99286e-06
 Reference value :  3.99339e-06
 Reference value :  3.99382e-06
 Reference value :  3.99487e-06
 Reference value :  3.99539e-06
 Reference value :  3.99600e-06
 Reference value :  4.00024e-06
 Reference value :  4.00924e-06
 Reference value :  4.01874e-06
 Reference value :  4.02674e-06
 Reference value :  4.03285e-06
 Reference value :  4.03298e-06
 Reference value :  4.03322e-06
 Reference value :  4.03355e-06
 Reference value :  4.03370e-06
 Reference value :  4.03388e-06
 Reference value :  4.03405e-06
 Reference value :  4.03437e-06
 Reference value :  4.03458e-06
 Reference value :  4.03483e-06
 Reference value :  4.03516e-06
 Reference value :  4.03561e-06
 Reference value :  4.03682e-06
 Reference value :  4.04511e-06
 Reference value :  4.05311e-06
 Reference value :  4.06111e-06
 Reference value :  4.06961e-06
 Reference value :  4.07453e-06
 Reference value :  4.07469e-06
 Reference value :  4.07502e-06
 Reference value :  4.07547e-06
 Reference value :  4.07564e-06
 Reference value :  4.07602e-06
 Reference value :  4.07648e-06
 Reference value :  4.07685e-06
 Reference value :  4.07746e-06
 Reference value :  4.07814e-06
 Reference value :  4.07879e-06
 Reference value :  4.07931e-06
 Reference value :  4.07985e-06
 Reference value :  4.08179e-06
 Reference value :  4.08953e-06
 Reference value :  4.09703e-06
 Reference value :  4.10503e-06
 Reference value :  4.11403e-06
 Reference value :  4.11623e-06
 Reference value :  4.11643e-06
 Reference value :  4.11669e-06
 Reference value :  4.11697e-06
 Reference value :  4.11717e-06
 Reference value :  4.11747e-06
 Reference value :  4.11768e-06
 Reference value :  4.11781e-06
 Reference value :  4.11803e-06
 Reference value :  4.11817e-06
 Reference value :  4.11835e-06
 Reference value :  4.11856e-06
 Reference value :  4.11890e-06
 Reference value :  4.12028e-06
 Reference value :  4.12760e-06
 Reference value :  4.13560e-06
 Reference value :  4.14360e-06
 Reference value :  4.15210e-06
 Reference value :  4.15790e-06
 Reference value :  4.15805e-06
 Reference value :  4.15825e-06
 Reference value :  4.15877e-06
 Reference value :  4.15896e-06
 Reference value :  4.15930e-06
 Reference value :  4.15964e-06
 Reference value :  4.15992e-06
 Reference value :  4.16030e-06
 Reference value :  4.16078e-06
 Reference value :  4.16105e-06
 Reference value :  4.16155e-06
 Reference value :  4.16371e-06
 Reference value :  4.17075e-06
 Reference value :  4.17875e-06
 Reference value :  4.18625e-06
 Reference value :  4.19475e-06
 Reference value :  4.19954e-06
 Reference value :  4.19971e-06
 Reference value :  4.19992e-06
 Reference value :  4.20030e-06
 Reference value :  4.20050e-06
 Reference value :  4.20066e-06
 Reference value :  4.20093e-06
 Reference value :  4.20105e-06
 Reference value :  4.20131e-06
 Reference value :  4.20153e-06
 Reference value :  4.20190e-06
 Reference value :  4.20243e-06
 Reference value :  4.20430e-06
 Reference value :  4.20980e-06
 Reference value :  4.21530e-06
 Reference value :  4.22180e-06
 Reference value :  4.22880e-06
 Reference value :  4.23430e-06
 Reference value :  4.23930e-06
 Reference value :  4.24123e-06
 Reference value :  4.24132e-06
 Reference value :  4.24150e-06
 Reference value :  4.24177e-06
 Reference value :  4.24217e-06
 Reference value :  4.24228e-06
 Reference value :  4.24252e-06
 Reference value :  4.24275e-06
 Reference value :  4.24299e-06
 Reference value :  4.24325e-06
 Reference value :  4.24345e-06
 Reference value :  4.24385e-06
 Reference value :  4.24415e-06
 Reference value :  4.24432e-06
 Reference value :  4.24464e-06
 Reference value :  4.24519e-06
 Reference value :  4.24735e-06
 Reference value :  4.25184e-06
 Reference value :  4.25734e-06
 Reference value :  4.26284e-06
 Reference value :  4.26884e-06
 Reference value :  4.27434e-06
 Reference value :  4.28034e-06
 Reference value :  4.28287e-06
 Reference value :  4.28298e-06
 Reference value :  4.28312e-06
 Reference value :  4.28329e-06
 Reference value :  4.28359e-06
 Reference value :  4.28367e-06
 Reference value :  4.28373e-06
 Reference value :  4.28386e-06
 Reference value :  4.28404e-06
 Reference value :  4.28420e-06
 Reference value :  4.28430e-06
 Reference value :  4.28443e-06
 Reference value :  4.28463e-06
 Reference value :  4.28486e-06
 Reference value :  4.28510e-06
 Reference value :  4.28533e-06
 Reference value :  4.28565e-06
 Reference value :  4.28625e-06
 Reference value :  4.28778e-06
 Reference value :  4.29320e-06
 Reference value :  4.29920e-06
 Reference value :  4.30470e-06
 Reference value :  4.31070e-06
 Reference value :  4.31720e-06
 Reference value :  4.32450e-06
 Reference value :  4.32463e-06
 Reference value :  4.32477e-06
 Reference value :  4.32506e-06
 Reference value :  4.32543e-06
 Reference value :  4.32556e-06
 Reference value :  4.32570e-06
 Reference value :  4.32593e-06
 Reference value :  4.32627e-06
 Reference value :  4.32659e-06
 Reference value :  4.32705e-06
 Reference value :  4.32770e-06
 Reference value :  4.32811e-06
 Reference value :  4.32860e-06
 Reference value :  4.32991e-06
 Reference value :  4.33503e-06
 Reference value :  4.34003e-06
 Reference value :  4.34553e-06
 Reference value :  4.35103e-06
 Reference value :  4.35181e-06
 Reference value :  4.35282e-06
 Reference value :  4.35296e-06
 Reference value :  4.35313e-06
 Reference value :  4.35335e-06
 Reference value :  4.35382e-06
 Reference value :  4.35472e-06
 Reference value :  4.36058e-06
 Reference value :  4.36587e-06
 Reference value :  4.36623e-06
 Reference value :  4.36634e-06
 Reference value :  4.36649e-06
 Reference value :  4.36668e-06
 Reference value :  4.36687e-06
 Reference value :  4.36700e-06
 Reference value :  4.36712e-06
 Reference value :  4.36725e-06
 Reference value :  4.36752e-06
 Reference value :  4.36776e-06
 Reference value :  4.36790e-06
 Reference value :  4.36805e-06
 Reference value :  4.36818e-06
 Reference value :  4.36834e-06
 Reference value :  4.36855e-06
 Reference value :  4.36887e-06
 Reference value :  4.36937e-06
 Reference value :  4.37074e-06
 Reference value :  4.37604e-06
 Reference value :  4.38154e-06
 Reference value :  4.38754e-06
 Reference value :  4.39354e-06
 Reference value :  4.39954e-06
 Reference value :  4.40504e-06
 Reference value :  4.40786e-06
 Reference value :  4.40799e-06
 Reference value :  4.40813e-06
 Reference value :  4.40840e-06
 Reference value :  4.40877e-06
 Reference value :  4.40891e-06
 Reference value :  4.40914e-06
 Reference value :  4.40937e-06
 Reference value :  4.40963e-06
 Reference value :  4.41004e-06
 Reference value :  4.41057e-06
 Reference value :  4.41101e-06
 Reference value :  4.41143e-06
 Reference value :  4.41183e-06
 Reference value :  4.41278e-06
 Reference value :  4.41848e-06
 Reference value :  4.42498e-06
 Reference value :  4.42998e-06
 Reference value :  4.43189e-06
 Reference value :  4.43279e-06
 Reference value :  4.43360e-06
 Reference value :  4.43796e-06
 Reference value :  4.44496e-06
 Reference value :  4.44952e-06
 Reference value :  4.44961e-06
 Reference value :  4.44971e-06
 Reference value :  4.44989e-06
 Reference value :  4.45019e-06
 Reference value :  4.45031e-06
 Reference value :  4.45038e-06
 Reference value :  4.45050e-06
 Reference value :  4.45067e-06
 Reference value :  4.45093e-06
 Reference value :  4.45104e-06
 Reference value :  4.45126e-06
 Reference value :  4.45149e-06
 Reference value :  4.45175e-06
 Reference value :  4.45201e-06
 Reference value :  4.45232e-06
 Reference value :  4.45299e-06
 Reference value :  4.45628e-06
 Reference value :  4.46178e-06
 Reference value :  4.46878e-06
 Reference value :  4.47578e-06
 Reference value :  4.48228e-06
 Reference value :  4.49028e-06
 Reference value :  4.49127e-06
 Reference value :  4.49142e-06
 Reference value :  4.49179e-06
 Reference value :  4.49216e-06
 Reference value :  4.49229e-06
 Reference value :  4.49245e-06
 Reference value :  4.49271e-06
 Reference value :  4.49300e-06
 Reference value :  4.49339e-06
 Reference value :  4.49416e-06
 Reference value :  4.49488e-06
 Reference value :  4.49597e-06
 Reference value :  4.50010e-06
 Reference value :  4.50660e-06
 Reference value :  4.51510e-06
 Reference value :  4.51800e-06
 Reference value :  4.51904e-06
 Reference value :  4.51923e-06
 Reference value :  4.51934e-06
 Reference value :  4.51965e-06
 Reference value :  4.52019e-06
 Reference value :  4.52211e-06
 Reference value :  4.52739e-06
 Reference value :  4.53284e-06
 Reference value :  4.53294e-06
 Reference value :  4.53305e-06
 Reference value :  4.53320e-06
 Reference value :  4.53346e-06
 Reference value :  4.53361e-06
 Reference value :  4.53369e-06
 Reference value :  4.53381e-06
 Reference value :  4.53401e-06
 Reference value :  4.53425e-06
 Reference value :  4.53446e-06
 Reference value :  4.53454e-06
 Reference value :  4.53467e-06
 Reference value :  4.53481e-06
 Reference value :  4.53497e-06
 Reference value :  4.53520e-06
 Reference value :  4.53549e-06
 Reference value :  4.53581e-06
 Reference value :  4.53643e-06
 Reference value :  4.54178e-06
 Reference value :  4.54878e-06
 Reference value :  4.55428e-06
 Reference value :  4.56028e-06
 Reference value :  4.56628e-06
 Reference value :  4.57178e-06
 Reference value :  4.57454e-06
 Reference value :  4.57466e-06
 Reference value :  4.57483e-06
 Reference value :  4.57534e-06
 Reference value :  4.57548e-06
 Reference value :  4.57568e-06
 Reference value :  4.57588e-06
 Reference value :  4.57628e-06
 Reference value :  4.57663e-06
 Reference value :  4.57737e-06
 Reference value :  4.57793e-06
 Reference value :  4.57851e-06
 Reference value :  4.58000e-06
 Reference value :  4.58746e-06
 Reference value :  4.59496e-06
 Reference value :  4.60046e-06
 Reference value :  4.60171e-06
 Reference value :  4.60291e-06
 Reference value :  4.60328e-06
 Reference value :  4.60377e-06
 Reference value :  4.60461e-06
 Reference value :  4.60956e-06
 Reference value :  4.61506e-06
 Reference value :  4.61625e-06
 Reference value :  4.61638e-06
 Reference value :  4.61679e-06
 Reference value :  4.61697e-06
 Reference value :  4.61706e-06
 Reference value :  4.61722e-06
 Reference value :  4.61730e-06
 Reference value :  4.61753e-06
 Reference value :  4.61772e-06
 Reference value :  4.61780e-06
 Reference value :  4.61795e-06
 Reference value :  4.61809e-06
 Reference value :  4.61824e-06
 Reference value :  4.61841e-06
 Reference value :  4.61867e-06
 Reference value :  4.61897e-06
 Reference value :  4.61947e-06
 Reference value :  4.62079e-06
 Reference value :  4.62621e-06
 Reference value :  4.63171e-06
 Reference value :  4.63721e-06
 Reference value :  4.64321e-06
 Reference value :  4.64871e-06
 Reference value :  4.65421e-06
 Reference value :  4.65785e-06
 Reference value :  4.65794e-06
 Reference value :  4.65803e-06
 Reference value :  4.65829e-06
 Reference value :  4.65871e-06
 Reference value :  4.65883e-06
 Reference value :  4.65899e-06
 Reference value :  4.65925e-06
 Reference value :  4.65951e-06
 Reference value :  4.65975e-06
 Reference value :  4.66019e-06
 Reference value :  4.66074e-06
 Reference value :  4.66144e-06
 Reference value :  4.66282e-06
 Reference value :  4.66763e-06
 Reference value :  4.67313e-06
 Reference value :  4.67863e-06
 Reference value :  4.68312e-06
 Reference value :  4.68355e-06
 Reference value :  4.68428e-06
 Reference value :  4.68496e-06
 Reference value :  4.68516e-06
 Reference value :  4.68542e-06
 Reference value :  4.68583e-06
 Reference value :  4.68671e-06
 Reference value :  4.69159e-06
 Reference value :  4.69709e-06
 Reference value :  4.69953e-06
 Reference value :  4.69966e-06
 Reference value :  4.69980e-06
 Reference value :  4.69998e-06
 Reference value :  4.70024e-06
 Reference value :  4.70033e-06
 Reference value :  4.70039e-06
 Reference value :  4.70051e-06
 Reference value :  4.70074e-06
 Reference value :  4.70097e-06
 Reference value :  4.70112e-06
 Reference value :  4.70126e-06
 Reference value :  4.70141e-06
 Reference value :  4.70157e-06
 Reference value :  4.70172e-06
 Reference value :  4.70198e-06
 Reference value :  4.70227e-06
 Reference value :  4.70274e-06
 Reference value :  4.70390e-06
 Reference value :  4.70901e-06
 Reference value :  4.71451e-06
 Reference value :  4.72051e-06
 Reference value :  4.72601e-06
 Reference value :  4.73151e-06
 Reference value :  4.73751e-06
 Reference value :  4.74119e-06
 Reference value :  4.74130e-06
 Reference value :  4.74142e-06
 Reference value :  4.74169e-06
 Reference value :  4.74211e-06
 Reference value :  4.74226e-06
 Reference value :  4.74248e-06
 Reference value :  4.74278e-06
 Reference value :  4.74307e-06
 Reference value :  4.74346e-06
 Reference value :  4.74391e-06
 Reference value :  4.74463e-06
 Reference value :  4.74550e-06
 Reference value :  4.74837e-06
 Reference value :  4.75381e-06
 Reference value :  4.75981e-06
 Reference value :  4.76481e-06
 Reference value :  4.76625e-06
 Reference value :  4.76733e-06
 Reference value :  4.76761e-06
 Reference value :  4.76780e-06
 Reference value :  4.76811e-06
 Reference value :  4.76874e-06
 Reference value :  4.77079e-06
 Reference value :  4.77629e-06
 Reference value :  4.78229e-06
 Reference value :  4.78289e-06
 Reference value :  4.78300e-06
 Reference value :  4.78316e-06
 Reference value :  4.78334e-06
 Reference value :  4.78362e-06
 Reference value :  4.78369e-06
 Reference value :  4.78378e-06
 Reference value :  4.78390e-06
 Reference value :  4.78406e-06
 Reference value :  4.78424e-06
 Reference value :  4.78442e-06
 Reference value :  4.78452e-06
 Reference value :  4.78465e-06
 Reference value :  4.78479e-06
 Reference value :  4.78492e-06
 Reference value :  4.78514e-06
 Reference value :  4.78540e-06
 Reference value :  4.78574e-06
 Reference value :  4.78633e-06
 Reference value :  4.78936e-06
 Reference value :  4.79536e-06
 Reference value :  4.80086e-06
 Reference value :  4.80636e-06
 Reference value :  4.81186e-06
 Reference value :  4.81786e-06
 Reference value :  4.82336e-06
 Reference value :  4.82456e-06
 Reference value :  4.82467e-06
 Reference value :  4.82482e-06
 Reference value :  4.82509e-06
 Reference value :  4.82546e-06
 Reference value :  4.82559e-06
 Reference value :  4.82575e-06
 Reference value :  4.82604e-06
 Reference value :  4.82632e-06
 Reference value :  4.82663e-06
 Reference value :  4.82719e-06
 Reference value :  4.82787e-06
 Reference value :  4.82942e-06
 Reference value :  4.83353e-06
 Reference value :  4.84003e-06
 Reference value :  4.84703e-06
 Reference value :  4.85003e-06
 Reference value :  4.85080e-06
 Reference value :  4.85149e-06
 Reference value :  4.85167e-06
 Reference value :  4.85183e-06
 Reference value :  4.85209e-06
 Reference value :  4.85259e-06
 Reference value :  4.85371e-06
 Reference value :  4.85980e-06
 Reference value :  4.86574e-06
 Reference value :  4.86623e-06
 Reference value :  4.86634e-06
 Reference value :  4.86645e-06
 Reference value :  4.86662e-06
 Reference value :  4.86689e-06
 Reference value :  4.86699e-06
 Reference value :  4.86706e-06
 Reference value :  4.86720e-06
 Reference value :  4.86735e-06
 Reference value :  4.86759e-06
 Reference value :  4.86776e-06
 Reference value :  4.86793e-06
 Reference value :  4.86809e-06
 Reference value :  4.86826e-06
 Reference value :  4.86851e-06
 Reference value :  4.86879e-06
 Reference value :  4.86914e-06
 Reference value :  4.86984e-06
 Reference value :  4.87299e-06
 Reference value :  4.87899e-06
 Reference value :  4.88449e-06
 Reference value :  4.89049e-06
 Reference value :  4.89649e-06
 Reference value :  4.90199e-06
 Reference value :  4.90741e-06
 Reference value :  4.90793e-06
 Reference value :  4.90802e-06
 Reference value :  4.90819e-06
 Reference value :  4.90842e-06
 Reference value :  4.90878e-06
 Reference value :  4.90893e-06
 Reference value :  4.90915e-06
 Reference value :  4.90943e-06
 Reference value :  4.90970e-06
 Reference value :  4.91007e-06
 Reference value :  4.91058e-06
 Reference value :  4.91130e-06
 Reference value :  4.91215e-06
 Reference value :  4.91395e-06
 Reference value :  4.91991e-06
 Reference value :  4.92541e-06
 Reference value :  4.93091e-06
 Reference value :  4.93391e-06
 Reference value :  4.93470e-06
 Reference value :  4.93570e-06
 Reference value :  4.93583e-06
 Reference value :  4.93600e-06
 Reference value :  4.93627e-06
 Reference value :  4.93665e-06
 Reference value :  4.93879e-06
 Reference value :  4.94404e-06
 Reference value :  4.94950e-06
 Reference value :  4.94958e-06
 Reference value :  4.94970e-06
 Reference value :  4.94987e-06
 Reference value :  4.95004e-06
 Reference value :  4.95023e-06
 Reference value :  4.95032e-06
 Reference value :  4.95041e-06
 Reference value :  4.95056e-06
 Reference value :  4.95070e-06
 Reference value :  4.95089e-06
 Reference value :  4.95104e-06
 Reference value :  4.95115e-06
 Reference value :  4.95130e-06
 Reference value :  4.95145e-06
 Reference value :  4.95170e-06
 Reference value :  4.95199e-06
 Reference value :  4.95229e-06
 Reference value :  4.95277e-06
 Reference value :  4.95445e-06
 Reference value :  4.95995e-06
 Reference value :  4.96545e-06
 Reference value :  4.97145e-06
 Reference value :  4.97695e-06
 Reference value :  4.98245e-06
 Reference value :  4.98795e-06
 Reference value :  4.99119e-06
 Reference value :  4.99130e-06
 Reference value :  4.99140e-06
 Reference value :  4.99162e-06
 Reference value :  4.99193e-06
 Reference value :  4.99219e-06
 Reference value :  4.99235e-06
 Reference value :  4.99258e-06
 Reference value :  4.99288e-06
 Reference value :  4.99309e-06
 Reference value :  4.99352e-06
 Reference value :  4.99400e-06
 Reference value :  4.99465e-06
 Reference value :  4.99518e-06
 Reference value :  4.99636e-06
 Reference value :  5.00314e-06
 Reference value :  5.01014e-06
 Reference value :  5.01553e-06
 Reference value :  5.01735e-06
 Reference value :  5.01831e-06
 Reference value :  5.02257e-06
 Reference value :  5.02957e-06
 Reference value :  5.03286e-06
 Reference value :  5.03297e-06
 Reference value :  5.03308e-06
 Reference value :  5.03323e-06
 Reference value :  5.03352e-06
 Reference value :  5.03367e-06
 Reference value :  5.03379e-06
 Reference value :  5.03399e-06
 Reference value :  5.03421e-06
 Reference value :  5.03442e-06
 Reference value :  5.03459e-06
 Reference value :  5.03479e-06
 Reference value :  5.03500e-06
 Reference value :  5.03524e-06
 Reference value :  5.03559e-06
 Reference value :  5.03625e-06
 Reference value :  5.03979e-06
 Reference value :  5.04529e-06
 Reference value :  5.05079e-06
 Reference value :  5.05629e-06
 Reference value :  5.06179e-06
 Reference value :  5.06729e-06
 Reference value :  5.07279e-06
 Reference value :  5.07454e-06
 Reference value :  5.07465e-06
 Reference value :  5.07483e-06
 Reference value :  5.07508e-06
 Reference value :  5.07550e-06
 Reference value :  5.07572e-06
 Reference value :  5.07592e-06
 Reference value :  5.07619e-06
 Reference value :  5.07661e-06
 Reference value :  5.07708e-06
 Reference value :  5.07776e-06
 Reference value :  5.07826e-06
 Reference value :  5.07883e-06
 Reference value :  5.08183e-06
 Reference value :  5.08833e-06
 Reference value :  5.09483e-06
 Reference value :  5.09871e-06
 Reference value :  5.10035e-06
 Reference value :  5.10086e-06
 Reference value :  5.10201e-06
 Reference value :  5.10634e-06
 Reference value :  5.11234e-06
 Reference value :  5.11620e-06
 Reference value :  5.11630e-06
 Reference value :  5.11641e-06
 Reference value :  5.11655e-06
 Reference value :  5.11685e-06
 Reference value :  5.11698e-06
 Reference value :  5.11710e-06
 Reference value :  5.11720e-06
 Reference value :  5.11728e-06
 Reference value :  5.11738e-06
 Reference value :  5.11755e-06
 Reference value :  5.11764e-06
 Reference value :  5.11776e-06
 Reference value :  5.11790e-06
 Reference value :  5.11803e-06
 Reference value :  5.11813e-06
 Reference value :  5.11824e-06
 Reference value :  5.11834e-06
 Reference value :  5.11844e-06
 Reference value :  5.11867e-06
 Reference value :  5.11905e-06
 Reference value :  5.11996e-06
 Reference value :  5.12479e-06
 Reference value :  5.13029e-06
 Reference value :  5.13579e-06
 Reference value :  5.14129e-06
 Reference value :  5.14679e-06
 Reference value :  5.15229e-06
 Reference value :  5.15756e-06
 Reference value :  5.15790e-06
 Reference value :  5.15800e-06
 Reference value :  5.15814e-06
 Reference value :  5.15842e-06
 Reference value :  5.15879e-06
 Reference value :  5.15898e-06
 Reference value :  5.15921e-06
 Reference value :  5.15948e-06
 Reference value :  5.15979e-06
 Reference value :  5.15994e-06
 Reference value :  5.16026e-06
 Reference value :  5.16048e-06
 Reference value :  5.16065e-06
 Reference value :  5.16091e-06
 Reference value :  5.16138e-06
 Reference value :  5.16184e-06
 Reference value :  5.16372e-06
 Reference value :  5.16939e-06
 Reference value :  5.17539e-06
 Reference value :  5.18189e-06
 Reference value :  5.18739e-06
 Reference value :  5.19439e-06
 Reference value :  5.19950e-06
 Reference value :  5.19960e-06
 Reference value :  5.19972e-06
 Reference value :  5.19987e-06
 Reference value :  5.20015e-06
 Reference value :  5.20028e-06
 Reference value :  5.20038e-06
 Reference value :  5.20058e-06
 Reference value :  5.20068e-06
 Reference value :  5.20089e-06
 Reference value :  5.20100e-06
 Reference value :  5.20112e-06
 Reference value :  5.20129e-06
 Reference value :  5.20146e-06
 Reference value :  5.20166e-06
 Reference value :  5.20199e-06
 Reference value :  5.20268e-06
 Reference value :  5.20489e-06
 Reference value :  5.21139e-06
 Reference value :  5.21689e-06
 Reference value :  5.22339e-06
 Reference value :  5.22889e-06
 Reference value :  5.23489e-06
 Reference value :  5.24039e-06
 Reference value :  5.24123e-06
 Reference value :  5.24136e-06
 Reference value :  5.24152e-06
 Reference value :  5.24187e-06
 Reference value :  5.24217e-06
 Reference value :  5.24230e-06
 Reference value :  5.24253e-06
 Reference value :  5.24280e-06
 Reference value :  5.24306e-06
 Reference value :  5.24351e-06
 Reference value :  5.24380e-06
 Reference value :  5.24400e-06
 Reference value :  5.24440e-06
 Reference value :  5.24494e-06
 Reference value :  5.24625e-06
 Reference value :  5.25098e-06
 Reference value :  5.25648e-06
 Reference value :  5.26248e-06
 Reference value :  5.26798e-06
 Reference value :  5.27348e-06
 Reference value :  5.27998e-06
 Reference value :  5.28289e-06
 Reference value :  5.28299e-06
 Reference value :  5.28314e-06
 Reference value :  5.28346e-06
 Reference value :  5.28364e-06
 Reference value :  5.28374e-06
 Reference value :  5.28391e-06
 Reference value :  5.28406e-06
 Reference value :  5.28432e-06
 Reference value :  5.28445e-06
 Reference value :  5.28463e-06
 Reference value :  5.28486e-06
 Reference value :  5.28512e-06
 Reference value :  5.28548e-06
 Reference value :  5.28644e-06
 Reference value :  5.29131e-06
 Reference value :  5.29881e-06
 Reference value :  5.30581e-06
 Reference value :  5.31231e-06
 Reference value :  5.31931e-06
 Reference value :  5.32451e-06
 Reference value :  5.32461e-06
 Reference value :  5.32470e-06
 Reference value :  5.32493e-06
 Reference value :  5.32512e-06
 Reference value :  5.32548e-06
 Reference value :  5.32561e-06
 Reference value :  5.32581e-06
 Reference value :  5.32617e-06
 Reference value :  5.32663e-06
 Reference value :  5.32724e-06
 Reference value :  5.32790e-06
 Reference value :  5.32835e-06
 Reference value :  5.32981e-06
 Reference value :  5.33672e-06
 Reference value :  5.33921e-06
 Reference value :  5.34027e-06
 Reference value :  5.34120e-06
 Reference value :  5.34681e-06
 Reference value :  5.35431e-06
 Reference value :  5.36181e-06
 Reference value :  5.36623e-06
 Reference value :  5.36635e-06
 Reference value :  5.36647e-06
 Reference value :  5.36665e-06
 Reference value :  5.36691e-06
 Reference value :  5.36701e-06
 Reference value :  5.36714e-06
 Reference value :  5.36731e-06
 Reference value :  5.36759e-06
 Reference value :  5.36781e-06
 Reference value :  5.36807e-06
 Reference value :  5.36835e-06
 Reference value :  5.36871e-06
 Reference value :  5.36904e-06
 Reference value :  5.36976e-06
 Reference value :  5.37383e-06
 Reference value :  5.37883e-06
 Reference value :  5.38433e-06
 Reference value :  5.38933e-06
 Reference value :  5.39433e-06
 Reference value :  5.39933e-06
 Reference value :  5.40433e-06
 Reference value :  5.40784e-06
 Reference value :  5.40791e-06
 Reference value :  5.40802e-06
 Reference value :  5.40815e-06
 Reference value :  5.40844e-06
 Reference value :  5.40884e-06
 Reference value :  5.40900e-06
 Reference value :  5.40927e-06
 Reference value :  5.40953e-06
 Reference value :  5.40974e-06
 Reference value :  5.41026e-06
 Reference value :  5.41101e-06
 Reference value :  5.41175e-06
 Reference value :  5.41278e-06
 Reference value :  5.41608e-06
 Reference value :  5.42108e-06
 Reference value :  5.42608e-06
 Reference value :  5.43108e-06
 Reference value :  5.43608e-06
 Reference value :  5.44108e-06
 Reference value :  5.44608e-06
 Reference value :  5.44952e-06
 Reference value :  5.44961e-06
 Reference value :  5.44971e-06
 Reference value :  5.44988e-06
 Reference value :  5.45003e-06
 Reference value :  5.45022e-06
 Reference value :  5.45033e-06
 Reference value :  5.45040e-06
 Reference value :  5.45052e-06
 Reference value :  5.45080e-06
 Reference value :  5.45105e-06
 Reference value :  5.45133e-06
 Reference value :  5.45156e-06
 Reference value :  5.45177e-06
 Reference value :  5.45209e-06
 Reference value :  5.45260e-06
 Reference value :  5.45502e-06
 Reference value :  5.46102e-06
 Reference value :  5.46702e-06
 Reference value :  5.47202e-06
 Reference value :  5.47752e-06
 Reference value :  5.48302e-06
 Reference value :  5.48802e-06
 Reference value :  5.49118e-06
 Reference value :  5.49127e-06
 Reference value :  5.49137e-06
 Reference value :  5.49160e-06
 Reference value :  5.49193e-06
 Reference value :  5.49219e-06
 Reference value :  5.49235e-06
 Reference value :  5.49269e-06
 Reference value :  5.49300e-06
 Reference value :  5.49341e-06
 Reference value :  5.49397e-06
 Reference value :  5.49470e-06
 Reference value :  5.49525e-06
 Reference value :  5.49654e-06
 Reference value :  5.50048e-06
 Reference value :  5.50548e-06
 Reference value :  5.51048e-06
 Reference value :  5.51648e-06
 Reference value :  5.52148e-06
 Reference value :  5.52648e-06
 Reference value :  5.53148e-06
 Reference value :  5.53290e-06
 Reference value :  5.53301e-06
 Reference value :  5.53311e-06
 Reference value :  5.53330e-06
 Reference value :  5.53352e-06
 Reference value :  5.53364e-06
 Reference value :  5.53373e-06
 Reference value :  5.53384e-06
 Reference value :  5.53402e-06
 Reference value :  5.53431e-06
 Reference value :  5.53456e-06
 Reference value :  5.53487e-06
 Reference value :  5.53524e-06
 Reference value :  5.53566e-06
 Reference value :  5.53653e-06
 Reference value :  5.54068e-06
 Reference value :  5.54568e-06
 Reference value :  5.55068e-06
 Reference value :  5.55568e-06
 Reference value :  5.56068e-06
 Reference value :  5.56568e-06
 Reference value :  5.57068e-06
 Reference value :  5.57451e-06
 Reference value :  5.57460e-06
 Reference value :  5.57471e-06
 Reference value :  5.57499e-06
 Reference value :  5.57548e-06
 Reference value :  5.57559e-06
 Reference value :  5.57577e-06
 Reference value :  5.57605e-06
 Reference value :  5.57630e-06
 Reference value :  5.57655e-06
 Reference value :  5.57722e-06
 Reference value :  5.57785e-06
 Reference value :  5.57870e-06
 Reference value :  5.58084e-06
 Reference value :  5.58584e-06
 Reference value :  5.59084e-06
 Reference value :  5.59584e-06
 Reference value :  5.60084e-06
 Reference value :  5.60584e-06
 Reference value :  5.61084e-06
 Reference value :  5.61617e-06
 Reference value :  5.61626e-06
 Reference value :  5.61637e-06
 Reference value :  5.61651e-06
 Reference value :  5.61666e-06
 Reference value :  5.61686e-06
 Reference value :  5.61694e-06
 Reference value :  5.61701e-06
 Reference value :  5.61717e-06
 Reference value :  5.61738e-06
 Reference value :  5.61765e-06
 Reference value :  5.61790e-06
 Reference value :  5.61814e-06
 Reference value :  5.61841e-06
 Reference value :  5.61874e-06
 Reference value :  5.61949e-06
 Reference value :  5.62269e-06
 Reference value :  5.62819e-06
 Reference value :  5.63369e-06
 Reference value :  5.63869e-06
 Reference value :  5.64419e-06
 Reference value :  5.64969e-06
 Reference value :  5.65519e-06
 Reference value :  5.65786e-06
 Reference value :  5.65798e-06
 Reference value :  5.65808e-06
 Reference value :  5.65837e-06
 Reference value :  5.65868e-06
 Reference value :  5.65879e-06
 Reference value :  5.65888e-06
 Reference value :  5.65904e-06
 Reference value :  5.65926e-06
 Reference value :  5.65959e-06
 Reference value :  5.65976e-06
 Reference value :  5.66040e-06
 Reference value :  5.66113e-06
 Reference value :  5.66226e-06
 Reference value :  5.66619e-06
 Reference value :  5.67219e-06
 Reference value :  5.67769e-06
 Reference value :  5.68369e-06
 Reference value :  5.68869e-06
 Reference value :  5.69419e-06
 Reference value :  5.69950e-06
 Reference value :  5.69960e-06
 Reference value :  5.69971e-06
 Reference value :  5.69986e-06
 Reference value :  5.69998e-06
 Reference value :  5.70023e-06
 Reference value :  5.70033e-06
 Reference value :  5.70043e-06
 Reference value :  5.70063e-06
 Reference value :  5.70091e-06
 Reference value :  5.70115e-06
 Reference value :  5.70139e-06
 Reference value :  5.70161e-06
 Reference value :  5.70195e-06
 Reference value :  5.70263e-06
 Reference value :  5.70457e-06
 Reference value :  5.70957e-06
 Reference value :  5.71507e-06
 Reference value :  5.72007e-06
 Reference value :  5.72507e-06
 Reference value :  5.73007e-06
 Reference value :  5.73557e-06
 Reference value :  5.74087e-06
 Reference value :  5.74124e-06
 Reference value :  5.74135e-06
 Reference value :  5.74145e-06
 Reference value :  5.74176e-06
 Reference value :  5.74217e-06
 Reference value :  5.74230e-06
 Reference value :  5.74254e-06
 Reference value :  5.74278e-06
 Reference value :  5.74302e-06
 Reference value :  5.74338e-06
 Reference value :  5.74405e-06
 Reference value :  5.74490e-06
 Reference value :  5.74648e-06
 Reference value :  5.75182e-06
 Reference value :  5.75682e-06
 Reference value :  5.76182e-06
 Reference value :  5.76682e-06
 Reference value :  5.77232e-06
 Reference value :  5.77782e-06
 Reference value :  5.78258e-06
 Reference value :  5.78289e-06
 Reference value :  5.78301e-06
 Reference value :  5.78313e-06
 Reference value :  5.78332e-06
 Reference value :  5.78357e-06
 Reference value :  5.78366e-06
 Reference value :  5.78373e-06
 Reference value :  5.78384e-06
 Reference value :  5.78407e-06
 Reference value :  5.78426e-06
 Reference value :  5.78449e-06
 Reference value :  5.78471e-06
 Reference value :  5.78495e-06
 Reference value :  5.78522e-06
 Reference value :  5.78567e-06
 Reference value :  5.78671e-06
 Reference value :  5.79194e-06
 Reference value :  5.79744e-06
 Reference value :  5.80344e-06
 Reference value :  5.80894e-06
 Reference value :  5.81444e-06
 Reference value :  5.82094e-06
 Reference value :  5.82452e-06
 Reference value :  5.82461e-06
 Reference value :  5.82472e-06
 Reference value :  5.82490e-06
 Reference value :  5.82544e-06
 Reference value :  5.82564e-06
 Reference value :  5.82593e-06
 Reference value :  5.82621e-06
 Reference value :  5.82646e-06
 Reference value :  5.82700e-06
 Reference value :  5.82769e-06
 Reference value :  5.82874e-06
 Reference value :  5.83094e-06
 Reference value :  5.83634e-06
 Reference value :  5.84184e-06
 Reference value :  5.84734e-06
 Reference value :  5.85334e-06
 Reference value :  5.85884e-06
 Reference value :  5.86434e-06
 Reference value :  5.86623e-06
 Reference value :  5.86637e-06
 Reference value :  5.86654e-06
 Reference value :  5.86666e-06
 Reference value :  5.86692e-06
 Reference value :  5.86701e-06
 Reference value :  5.86712e-06
 Reference value :  5.86726e-06
 Reference value :  5.86746e-06
 Reference value :  5.86773e-06
 Reference value :  5.86802e-06
 Reference value :  5.86829e-06
 Reference value :  5.86862e-06
 Reference value :  5.86907e-06
 Reference value :  5.87044e-06
 Reference value :  5.87612e-06
 Reference value :  5.88162e-06
 Reference value :  5.88712e-06
 Reference value :  5.89262e-06
 Reference value :  5.89812e-06
 Reference value :  5.90362e-06
 Reference value :  5.90784e-06
 Reference value :  5.90794e-06
 Reference value :  5.90805e-06
 Reference value :  5.90829e-06
 Reference value :  5.90871e-06
 Reference value :  5.90893e-06
 Reference value :  5.90920e-06
 Reference value :  5.90948e-06
 Reference value :  5.90975e-06
 Reference value :  5.91011e-06
 Reference value :  5.91075e-06
 Reference value :  5.91132e-06
 Reference value :  5.91311e-06
 Reference value :  5.91812e-06
 Reference value :  5.92362e-06
 Reference value :  5.92912e-06
 Reference value :  5.93462e-06
 Reference value :  5.94012e-06
 Reference value :  5.94562e-06
 Reference value :  5.94952e-06
 Reference value :  5.94965e-06
 Reference value :  5.94975e-06
 Reference value :  5.94993e-06
 Reference value :  5.95014e-06
 Reference value :  5.95028e-06
 Reference value :  5.95034e-06
 Reference value :  5.95043e-06
 Reference value :  5.95055e-06
 Reference value :  5.95077e-06
 Reference value :  5.95103e-06
 Reference value :  5.95133e-06
 Reference value :  5.95171e-06
 Reference value :  5.95227e-06
 Reference value :  5.95360e-06
 Reference value :  5.95872e-06
 Reference value :  5.96472e-06
 Reference value :  5.97022e-06
 Reference value :  5.97572e-06
 Reference value :  5.98122e-06
 Reference value :  5.98672e-06
 Reference value :  5.99117e-06
 Reference value :  5.99128e-06
 Reference value :  5.99137e-06
 Reference value :  5.99153e-06
 Reference value :  5.99195e-06
 Reference value :  5.99212e-06
 Reference value :  5.99227e-06
 Reference value :  5.99254e-06
 Reference value :  5.99282e-06
 Reference value :  5.99313e-06
 Reference value :  5.99367e-06
 Reference value :  5.99452e-06
 Reference value :  5.99582e-06
 Reference value :  6.00028e-06
 Reference value :  6.00578e-06
 Reference value :  6.01128e-06
 Reference value :  6.01678e-06
 Reference value :  6.02278e-06
 Reference value :  6.02828e-06
 Reference value :  6.03284e-06
 Reference value :  6.03294e-06
 Reference value :  6.03304e-06
 Reference value :  6.03332e-06
 Reference value :  6.03357e-06
 Reference value :  6.03369e-06
 Reference value :  6.03380e-06
 Reference value :  6.03408e-06
 Reference value :  6.03429e-06
 Reference value :  6.03443e-06
 Reference value :  6.03461e-06
 Reference value :  6.03483e-06
 Reference value :  6.03505e-06
 Reference value :  6.03529e-06
 Reference value :  6.03557e-06
 Reference value :  6.03643e-06
 Reference value :  6.03944e-06
 Reference value :  6.04544e-06
 Reference value :  6.05094e-06
 Reference value :  6.05644e-06
 Reference value :  6.06244e-06
 Reference value :  6.06844e-06
 Reference value :  6.07394e-06
 Reference value :  6.07457e-06
 Reference value :  6.07470e-06
 Reference value :  6.07486e-06
 Reference value :  6.07509e-06
 Reference value :  6.07551e-06
 Reference value :  6.07579e-06
 Reference value :  6.07607e-06
 Reference value :  6.07641e-06
 Reference value :  6.07717e-06
 Reference value :  6.07832e-06
 Reference value :  6.08239e-06
 Reference value :  6.08839e-06
 Reference value :  6.09389e-06
 Reference value :  6.09989e-06
 Reference value :  6.10689e-06
 Reference value :  6.11539e-06
 Reference value :  6.11629e-06
 Reference value :  6.11646e-06
 Reference value :  6.11675e-06
 Reference value :  6.11695e-06
 Reference value :  6.11702e-06
 Reference value :  6.11716e-06
 Reference value :  6.11724e-06
 Reference value :  6.11737e-06
 Reference value :  6.11751e-06
 Reference value :  6.11769e-06
 Reference value :  6.11781e-06
 Reference value :  6.11802e-06
 Reference value :  6.11811e-06
 Reference value :  6.11819e-06
 Reference value :  6.11836e-06
 Reference value :  6.11851e-06
 Reference value :  6.11867e-06
 Reference value :  6.11891e-06
 Reference value :  6.11934e-06
 Reference value :  6.12470e-06
 Reference value :  6.13120e-06
 Reference value :  6.13720e-06
 Reference value :  6.14320e-06
 Reference value :  6.14920e-06
 Reference value :  6.15520e-06
 Reference value :  6.15787e-06
 Reference value :  6.15801e-06
 Reference value :  6.15813e-06
 Reference value :  6.15835e-06
 Reference value :  6.15879e-06
 Reference value :  6.15895e-06
 Reference value :  6.15919e-06
 Reference value :  6.15947e-06
 Reference value :  6.15973e-06
 Reference value :  6.16007e-06
 Reference value :  6.16039e-06
 Reference value :  6.16054e-06
 Reference value :  6.16076e-06
 Reference value :  6.16112e-06
 Reference value :  6.16153e-06
 Reference value :  6.16205e-06
 Reference value :  6.16426e-06
 Reference value :  6.17026e-06
 Reference value :  6.17626e-06
 Reference value :  6.18226e-06
 Reference value :  6.18876e-06
 Reference value :  6.19476e-06
 Reference value :  6.19951e-06
 Reference value :  6.19961e-06
 Reference value :  6.19975e-06
 Reference value :  6.19992e-06
 Reference value :  6.20021e-06
 Reference value :  6.20035e-06
 Reference value :  6.20050e-06
 Reference value :  6.20059e-06
 Reference value :  6.20073e-06
 Reference value :  6.20093e-06
 Reference value :  6.20103e-06
 Reference value :  6.20116e-06
 Reference value :  6.20130e-06
 Reference value :  6.20149e-06
 Reference value :  6.20174e-06
 Reference value :  6.20213e-06
 Reference value :  6.20292e-06
 Reference value :  6.20696e-06
 Reference value :  6.21296e-06
 Reference value :  6.21896e-06
 Reference value :  6.22496e-06
 Reference value :  6.23096e-06
 Reference value :  6.23696e-06
 Reference value :  6.24118e-06
 Reference value :  6.24131e-06
 Reference value :  6.24150e-06
 Reference value :  6.24184e-06
 Reference value :  6.24206e-06
 Reference value :  6.24222e-06
 Reference value :  6.24236e-06
 Reference value :  6.24264e-06
 Reference value :  6.24291e-06
 Reference value :  6.24316e-06
 Reference value :  6.24351e-06
 Reference value :  6.24386e-06
 Reference value :  6.24414e-06
 Reference value :  6.24465e-06
 Reference value :  6.24526e-06
 Reference value :  6.24756e-06
 Reference value :  6.25356e-06
 Reference value :  6.25956e-06
 Reference value :  6.26556e-06
 Reference value :  6.27206e-06
 Reference value :  6.27806e-06
 Reference value :  6.28284e-06
 Reference value :  6.28295e-06
 Reference value :  6.28305e-06
 Reference value :  6.28327e-06
No. of Data Rows : 30209

  Measurements for Transient Analysis

d9_c1               =  1.10447e-04
d8_c1               =  1.93117e-04
d7_c1               =  1.79969e+00
d6_c1               =  1.79969e+00
d5_c1               =  1.79969e+00
d4_c1               =  1.93192e-04
d3_c1               =  1.79969e+00
d2_c1               =  1.93288e-04
d1_c1               =  1.79969e+00
d0_c1               =  1.93641e-04
d9_c2               =  1.01501e-04
d8_c2               =  1.79969e+00
d7_c2               =  1.82892e-04
d6_c2               =  1.79969e+00
d5_c2               =  1.79969e+00
d4_c2               =  1.79969e+00
d3_c2               =  1.79969e+00
d2_c2               =  1.79969e+00
d1_c2               =  1.79969e+00
d0_c2               =  1.79969e+00
d9_c3               =  1.07325e-04
d8_c3               =  1.79969e+00
d7_c3               =  1.79969e+00
d6_c3               =  1.79969e+00
d5_c3               =  1.79969e+00
d4_c3               =  1.79969e+00
d3_c3               =  1.79969e+00
d2_c3               =  1.79969e+00
d1_c3               =  1.79969e+00
d0_c3               =  1.79969e+00
d9_c4               =  1.79980e+00
d8_c4               =  2.06631e-04
d7_c4               =  1.79970e+00
d6_c4               =  2.06630e-04
d5_c4               =  2.06630e-04
d4_c4               =  2.06630e-04
d3_c4               =  2.06629e-04
d2_c4               =  2.06628e-04
d1_c4               =  2.06626e-04
d0_c4               =  1.79970e+00
d9_c5               =  1.79985e+00
d8_c5               =  1.79970e+00
d7_c5               =  1.79970e+00
d6_c5               =  1.79970e+00
d5_c5               =  1.79970e+00
d4_c5               =  1.79970e+00
d3_c5               =  1.79970e+00
d2_c5               =  1.79970e+00
d1_c5               =  1.79970e+00
d0_c5               =  1.79970e+00
busy_c1_p0          =  1.79967e+00
smpl_c1_p0          =  1.64696e-04
busy_c1_p1          =  1.79967e+00
smpl_c1_p1          =  1.63951e-04
busy_c1_p2          =  1.79968e+00
smpl_c1_p2          =  1.63555e-04
busy_c1_p3          =  1.79968e+00
smpl_c1_p3          =  1.62546e-04
busy_c1_p4          =  1.79967e+00
smpl_c1_p4          =  1.64651e-04
busy_c1_p5          =  1.79967e+00
smpl_c1_p5          =  1.65559e-04
busy_c1_p6          =  1.79967e+00
smpl_c1_p6          =  1.63153e-04
busy_c1_p7          =  1.79967e+00
smpl_c1_p7          =  1.63194e-04
busy_c1_p8          =  1.79967e+00
smpl_c1_p8          =  1.65566e-04
busy_c1_p9          =  1.79967e+00
smpl_c1_p9          =  1.60351e-04
busy_c1_p10         =  1.79967e+00
smpl_c1_p10         =  1.65012e-04
busy_c1_p11         =  1.71496e-04
smpl_c1_p11         =  1.79994e+00
busy_c2_p0          =  1.79967e+00
smpl_c2_p0          =  1.66452e-04
busy_c2_p1          =  1.79968e+00
smpl_c2_p1          =  1.62696e-04
busy_c2_p2          =  1.79967e+00
smpl_c2_p2          =  1.63449e-04
busy_c2_p3          =  1.79968e+00
smpl_c2_p3          =  1.72399e-04
busy_c2_p4          =  1.79967e+00
smpl_c2_p4          =  1.62958e-04
busy_c2_p5          =  1.79967e+00
smpl_c2_p5          =  1.59459e-04
busy_c2_p6          =  1.79967e+00
smpl_c2_p6          =  1.56887e-04
busy_c2_p7          =  1.79967e+00
smpl_c2_p7          =  1.54929e-04
busy_c2_p8          =  1.79967e+00
smpl_c2_p8          =  1.64544e-04
busy_c2_p9          =  1.79967e+00
smpl_c2_p9          =  1.60355e-04
busy_c2_p10         =  1.79967e+00
smpl_c2_p10         =  1.61888e-04
busy_c2_p11         =  1.63866e-04
smpl_c2_p11         =  1.79994e+00
busy_c3_p0          =  1.79967e+00
smpl_c3_p0          =  1.56885e-04
busy_c3_p1          =  1.79968e+00
smpl_c3_p1          =  1.65852e-04
busy_c3_p2          =  1.79967e+00
smpl_c3_p2          =  1.64506e-04
busy_c3_p3          =  1.79967e+00
smpl_c3_p3          =  1.62676e-04
busy_c3_p4          =  1.79967e+00
smpl_c3_p4          =  1.64755e-04
busy_c3_p5          =  1.79967e+00
smpl_c3_p5          =  1.53945e-04
busy_c3_p6          =  1.79967e+00
smpl_c3_p6          =  1.65027e-04
busy_c3_p7          =  1.79967e+00
smpl_c3_p7          =  1.65211e-04
busy_c3_p8          =  1.79967e+00
smpl_c3_p8          =  1.61272e-04
busy_c3_p9          =  1.79967e+00
smpl_c3_p9          =  1.65323e-04
busy_c3_p10         =  1.79967e+00
smpl_c3_p10         =  1.66136e-04
busy_c3_p11         =  1.68728e-04
smpl_c3_p11         =  1.79994e+00
busy_c4_p0          =  1.79967e+00
smpl_c4_p0          =  1.57017e-04
busy_c4_p1          =  1.79968e+00
smpl_c4_p1          =  1.54240e-04
busy_c4_p2          =  1.79968e+00
smpl_c4_p2          =  1.55378e-04
busy_c4_p3          =  1.79968e+00
smpl_c4_p3          =  1.58148e-04
busy_c4_p4          =  1.79968e+00
smpl_c4_p4          =  1.58274e-04
busy_c4_p5          =  1.79967e+00
smpl_c4_p5          =  1.61023e-04
busy_c4_p6          =  1.79967e+00
smpl_c4_p6          =  1.60714e-04
busy_c4_p7          =  1.79967e+00
smpl_c4_p7          =  1.62743e-04
busy_c4_p8          =  1.79967e+00
smpl_c4_p8          =  1.60163e-04
busy_c4_p9          =  1.79968e+00
smpl_c4_p9          =  1.63791e-04
busy_c4_p10         =  1.79968e+00
smpl_c4_p10         =  1.66291e-04
busy_c4_p11         =  1.69971e-04
smpl_c4_p11         =  1.79994e+00
busy_c5_p0          =  1.79967e+00
smpl_c5_p0          =  1.56068e-04
busy_c5_p1          =  1.79968e+00
smpl_c5_p1          =  1.63788e-04
busy_c5_p2          =  1.79968e+00
smpl_c5_p2          =  1.59246e-04
busy_c5_p3          =  1.79968e+00
smpl_c5_p3          =  1.61848e-04
busy_c5_p4          =  1.79969e+00
smpl_c5_p4          =  1.83807e-04
busy_c5_p5          =  1.79968e+00
smpl_c5_p5          =  1.56468e-04
busy_c5_p6          =  1.79968e+00
smpl_c5_p6          =  1.63479e-04
busy_c5_p7          =  1.79968e+00
smpl_c5_p7          =  1.71250e-04
busy_c5_p8          =  1.79967e+00
smpl_c5_p8          =  1.55693e-04
busy_c5_p9          =  1.79968e+00
smpl_c5_p9          =  1.63539e-04
busy_c5_p10         =  1.79967e+00
smpl_c5_p10         =  1.56533e-04
busy_c5_p11         =  1.64413e-04
smpl_c5_p11         =  1.79994e+00
i_vdd               =  -2.02705e-06 from=  3.20000e-06 to=  4.20001e-06
i_vpwr              =  -6.19060e-06 from=  3.20000e-06 to=  4.20001e-06
i_vrefp             =  -6.50053e-06 from=  3.20000e-06 to=  4.20001e-06
i_vrefn             =  6.48868e-06 from=  3.20000e-06 to=  4.20001e-06
i_vcm               =  1.16554e-08 from=  3.20000e-06 to=  4.20001e-06
gnd_die_max         =  5.64236e-02 at=  6.11713e-06
gnd_die_min         =  -7.66497e-02 at=  6.11718e-06
vgnd_max            =  5.04704e-02 at=  6.11713e-06
vgnd_min            =  -7.94886e-02 at=  6.11717e-06
vdd_max             =  1.84723e+00 at=  6.11715e-06
vdd_min             =  1.74498e+00 at=  6.11719e-06
vpwr_max            =  1.88395e+00 at=  6.11722e-06
vpwr_min            =  1.72605e+00 at=  6.11717e-06
vdda_min            =  1.74401e+00 at=  6.11733e-06
vdda_max            =  1.87877e+00 at=  6.11727e-06
i_vgnd              =  8.28599e-06 from=  3.20000e-06 to=  4.20001e-06
i_sub               =  2.09618e-06 from=  3.20000e-06 to=  4.20001e-06


Total analysis time (seconds) = 6550.22

Total elapsed time (seconds) = 6863.175 

Total DRAM available = 98304.000 MB.
DRAM currently available = 10426.984 MB.
Maximum ngspice program size =  819.297 MB.
Current ngspice program size =   34.562 MB.

