
Note: Compatibility modes selected: hs a


Circuit: * sim/ground-return-impedance (issue #378) arm 'pkg-nopad-1k' -- reusing

option SCALE: Scale is set to 1e-06 for instance and model parameters
option SCALE: Scale is set to 1e-06 for instance and model parameters
option SCALE: Scale is set to 1e-06 for instance and model parameters
option SCALE: Scale is set to 1e-06 for instance and model parameters
Doing analysis at TEMP = 27.000000 and TNOM = 27.000000

Using KLU as Direct Linear Solver
 Reference value :  0.00000e+00
 Reference value :  3.64000e-09
 Reference value :  1.16400e-08
 Reference value :  1.86400e-08
 Reference value :  2.00558e-08
 Reference value :  2.01477e-08
 Reference value :  2.03406e-08
 Reference value :  2.04938e-08
 Reference value :  2.06388e-08
 Reference value :  2.08107e-08
 Reference value :  2.10196e-08
 Reference value :  2.11234e-08
 Reference value :  2.12533e-08
 Reference value :  2.15581e-08
 Reference value :  2.22892e-08
 Reference value :  2.79549e-08
 Reference value :  3.54549e-08
 Reference value :  4.09549e-08
 Reference value :  4.59549e-08
 Reference value :  5.09549e-08
 Reference value :  5.59549e-08
 Reference value :  6.09549e-08
 Reference value :  6.59549e-08
 Reference value :  7.14549e-08
 Reference value :  7.74549e-08
 Reference value :  8.29549e-08
 Reference value :  8.79549e-08
 Reference value :  9.29549e-08
 Reference value :  9.79549e-08
 Reference value :  1.02955e-07
 Reference value :  1.07955e-07
 Reference value :  1.12955e-07
 Reference value :  1.17955e-07
 Reference value :  1.22955e-07
 Reference value :  1.27955e-07
 Reference value :  1.32955e-07
 Reference value :  1.37955e-07
 Reference value :  1.42955e-07
 Reference value :  1.47955e-07
 Reference value :  1.53455e-07
 Reference value :  1.58455e-07
 Reference value :  1.63455e-07
 Reference value :  1.68455e-07
 Reference value :  1.73455e-07
 Reference value :  1.78455e-07
 Reference value :  1.83455e-07
 Reference value :  1.88455e-07
 Reference value :  1.93455e-07
 Reference value :  1.98455e-07
 Reference value :  1.99534e-07
 Reference value :  1.99607e-07
 Reference value :  1.99719e-07
 Reference value :  1.99937e-07
 Reference value :  2.00315e-07
 Reference value :  2.00473e-07
 Reference value :  2.00611e-07
 Reference value :  2.00685e-07
 Reference value :  2.00813e-07
 Reference value :  2.00990e-07
 Reference value :  2.01142e-07
 Reference value :  2.01395e-07
 Reference value :  2.01610e-07
 Reference value :  2.01864e-07
 Reference value :  2.02062e-07
 Reference value :  2.02487e-07
 Reference value :  2.03798e-07
 Reference value :  2.08798e-07
 Reference value :  2.13798e-07
 Reference value :  2.18798e-07
 Reference value :  2.23798e-07
 Reference value :  2.28798e-07
 Reference value :  2.33798e-07
 Reference value :  2.39298e-07
 Reference value :  2.41213e-07
 Reference value :  2.41301e-07
 Reference value :  2.41431e-07
 Reference value :  2.41815e-07
 Reference value :  2.42170e-07
 Reference value :  2.42406e-07
 Reference value :  2.42673e-07
 Reference value :  2.42925e-07
 Reference value :  2.43207e-07
 Reference value :  2.43693e-07
 Reference value :  2.44018e-07
 Reference value :  2.44555e-07
 Reference value :  2.44740e-07
 Reference value :  2.44968e-07
 Reference value :  2.45392e-07
 Reference value :  2.48455e-07
 Reference value :  2.53455e-07
 Reference value :  2.58955e-07
 Reference value :  2.64455e-07
 Reference value :  2.69455e-07
 Reference value :  2.74955e-07
 Reference value :  2.79955e-07
 Reference value :  2.82867e-07
 Reference value :  2.82955e-07
 Reference value :  2.83054e-07
 Reference value :  2.83582e-07
 Reference value :  2.83794e-07
 Reference value :  2.83964e-07
 Reference value :  2.84068e-07
 Reference value :  2.84189e-07
 Reference value :  2.84320e-07
 Reference value :  2.84486e-07
 Reference value :  2.84773e-07
 Reference value :  2.84975e-07
 Reference value :  2.85186e-07
 Reference value :  2.85406e-07
 Reference value :  2.85604e-07
 Reference value :  2.85855e-07
 Reference value :  2.86333e-07
 Reference value :  2.88597e-07
 Reference value :  2.94097e-07
 Reference value :  2.99597e-07
 Reference value :  3.05097e-07
 Reference value :  3.10597e-07
 Reference value :  3.16597e-07
 Reference value :  3.21597e-07
 Reference value :  3.24547e-07
 Reference value :  3.24636e-07
 Reference value :  3.24847e-07
 Reference value :  3.25286e-07
 Reference value :  3.25503e-07
 Reference value :  3.25758e-07
 Reference value :  3.26026e-07
 Reference value :  3.26272e-07
 Reference value :  3.26711e-07
 Reference value :  3.28785e-07
 Reference value :  3.29709e-07
 Reference value :  3.30540e-07
 Reference value :  3.34622e-07
 Reference value :  3.40122e-07
 Reference value :  3.46622e-07
 Reference value :  3.52622e-07
 Reference value :  3.59122e-07
 Reference value :  3.65122e-07
 Reference value :  3.66218e-07
 Reference value :  3.66329e-07
 Reference value :  3.66573e-07
 Reference value :  3.66969e-07
 Reference value :  3.67141e-07
 Reference value :  3.67309e-07
 Reference value :  3.67434e-07
 Reference value :  3.67745e-07
 Reference value :  3.68036e-07
 Reference value :  3.68424e-07
 Reference value :  3.69579e-07
 Reference value :  3.75166e-07
 Reference value :  3.81666e-07
 Reference value :  3.88166e-07
 Reference value :  3.95166e-07
 Reference value :  4.01666e-07
 Reference value :  4.07833e-07
 Reference value :  4.07924e-07
 Reference value :  4.08119e-07
 Reference value :  4.08703e-07
 Reference value :  4.08919e-07
 Reference value :  4.09179e-07
 Reference value :  4.09450e-07
 Reference value :  4.09805e-07
 Reference value :  4.10788e-07
 Reference value :  4.12082e-07
 Reference value :  4.13795e-07
 Reference value :  4.15690e-07
 Reference value :  4.17080e-07
 Reference value :  4.17435e-07
 Reference value :  4.17761e-07
 Reference value :  4.18419e-07
 Reference value :  4.23023e-07
 Reference value :  4.29023e-07
 Reference value :  4.35523e-07
 Reference value :  4.42023e-07
 Reference value :  4.48523e-07
 Reference value :  4.49580e-07
 Reference value :  4.49688e-07
 Reference value :  4.49949e-07
 Reference value :  4.50299e-07
 Reference value :  4.50473e-07
 Reference value :  4.50588e-07
 Reference value :  4.50706e-07
 Reference value :  4.50931e-07
 Reference value :  4.51119e-07
 Reference value :  4.51351e-07
 Reference value :  4.51621e-07
 Reference value :  4.51762e-07
 Reference value :  4.51968e-07
 Reference value :  4.52160e-07
 Reference value :  4.52374e-07
 Reference value :  4.52629e-07
 Reference value :  4.53560e-07
 Reference value :  4.58610e-07
 Reference value :  4.63610e-07
 Reference value :  4.69110e-07
 Reference value :  4.75110e-07
 Reference value :  4.81110e-07
 Reference value :  4.86610e-07
 Reference value :  4.91167e-07
 Reference value :  4.91229e-07
 Reference value :  4.91320e-07
 Reference value :  4.91531e-07
 Reference value :  4.92060e-07
 Reference value :  4.92175e-07
 Reference value :  4.92414e-07
 Reference value :  4.92654e-07
 Reference value :  4.92916e-07
 Reference value :  4.93223e-07
 Reference value :  4.94423e-07
 Reference value :  4.95583e-07
 Reference value :  4.97337e-07
 Reference value :  5.00810e-07
 Reference value :  5.05310e-07
 Reference value :  5.10310e-07
 Reference value :  5.15310e-07
 Reference value :  5.20810e-07
 Reference value :  5.26310e-07
 Reference value :  5.31310e-07
 Reference value :  5.32864e-07
 Reference value :  5.32935e-07
 Reference value :  5.33068e-07
 Reference value :  5.33271e-07
 Reference value :  5.33627e-07
 Reference value :  5.33807e-07
 Reference value :  5.33945e-07
 Reference value :  5.34046e-07
 Reference value :  5.34208e-07
 Reference value :  5.34410e-07
 Reference value :  5.34635e-07
 Reference value :  5.34892e-07
 Reference value :  5.35373e-07
 Reference value :  5.36002e-07
 Reference value :  5.39734e-07
 Reference value :  5.44734e-07
 Reference value :  5.49734e-07
 Reference value :  5.54734e-07
 Reference value :  5.59734e-07
 Reference value :  5.64734e-07
 Reference value :  5.69734e-07
 Reference value :  5.74506e-07
 Reference value :  5.74617e-07
 Reference value :  5.74758e-07
 Reference value :  5.75065e-07
 Reference value :  5.75500e-07
 Reference value :  5.75628e-07
 Reference value :  5.75895e-07
 Reference value :  5.76157e-07
 Reference value :  5.76475e-07
 Reference value :  5.77527e-07
 Reference value :  5.78705e-07
 Reference value :  5.79231e-07
 Reference value :  5.79994e-07
 Reference value :  5.85441e-07
 Reference value :  5.92441e-07
 Reference value :  5.98441e-07
 Reference value :  5.99869e-07
 Reference value :  6.01660e-07
 Reference value :  6.01897e-07
 Reference value :  6.02122e-07
 Reference value :  6.02623e-07
 Reference value :  6.05580e-07
 Reference value :  6.11580e-07
 Reference value :  6.16190e-07
 Reference value :  6.16307e-07
 Reference value :  6.16611e-07
 Reference value :  6.16966e-07
 Reference value :  6.17197e-07
 Reference value :  6.17455e-07
 Reference value :  6.17753e-07
 Reference value :  6.17947e-07
 Reference value :  6.18124e-07
 Reference value :  6.18363e-07
 Reference value :  6.18621e-07
 Reference value :  6.18800e-07
 Reference value :  6.19069e-07
 Reference value :  6.19371e-07
 Reference value :  6.20346e-07
 Reference value :  6.24867e-07
 Reference value :  6.30367e-07
 Reference value :  6.35867e-07
 Reference value :  6.41367e-07
 Reference value :  6.46367e-07
 Reference value :  6.51367e-07
 Reference value :  6.56367e-07
 Reference value :  6.57893e-07
 Reference value :  6.57988e-07
 Reference value :  6.58182e-07
 Reference value :  6.58634e-07
 Reference value :  6.58835e-07
 Reference value :  6.59012e-07
 Reference value :  6.59265e-07
 Reference value :  6.59477e-07
 Reference value :  6.59722e-07
 Reference value :  6.60309e-07
 Reference value :  6.61875e-07
 Reference value :  6.62965e-07
 Reference value :  6.63803e-07
 Reference value :  6.66674e-07
 Reference value :  6.72674e-07
 Reference value :  6.78674e-07
 Reference value :  6.83674e-07
 Reference value :  6.88674e-07
 Reference value :  6.94174e-07
 Reference value :  6.99087e-07
 Reference value :  6.99566e-07
 Reference value :  6.99666e-07
 Reference value :  6.99868e-07
 Reference value :  7.00100e-07
 Reference value :  7.00357e-07
 Reference value :  7.00500e-07
 Reference value :  7.00603e-07
 Reference value :  7.00689e-07
 Reference value :  7.00865e-07
 Reference value :  7.01077e-07
 Reference value :  7.01362e-07
 Reference value :  7.01634e-07
 Reference value :  7.02219e-07
 Reference value :  7.04466e-07
 Reference value :  7.10466e-07
 Reference value :  7.16466e-07
 Reference value :  7.22466e-07
 Reference value :  7.27466e-07
 Reference value :  7.34466e-07
 Reference value :  7.39966e-07
 Reference value :  7.41205e-07
 Reference value :  7.41279e-07
 Reference value :  7.41396e-07
 Reference value :  7.41683e-07
 Reference value :  7.42128e-07
 Reference value :  7.42193e-07
 Reference value :  7.42337e-07
 Reference value :  7.42566e-07
 Reference value :  7.42784e-07
 Reference value :  7.43133e-07
 Reference value :  7.43625e-07
 Reference value :  7.45501e-07
 Reference value :  7.45958e-07
 Reference value :  7.46346e-07
 Reference value :  7.47053e-07
 Reference value :  7.51229e-07
 Reference value :  7.57229e-07
 Reference value :  7.62229e-07
 Reference value :  7.68229e-07
 Reference value :  7.75229e-07
 Reference value :  7.80729e-07
 Reference value :  7.82249e-07
 Reference value :  7.82839e-07
 Reference value :  7.82912e-07
 Reference value :  7.83001e-07
 Reference value :  7.83222e-07
 Reference value :  7.83653e-07
 Reference value :  7.83813e-07
 Reference value :  7.83952e-07
 Reference value :  7.84158e-07
 Reference value :  7.84375e-07
 Reference value :  7.84608e-07
 Reference value :  7.84831e-07
 Reference value :  7.85039e-07
 Reference value :  7.85238e-07
 Reference value :  7.85447e-07
 Reference value :  7.85753e-07
 Reference value :  7.86615e-07
 Reference value :  7.90844e-07
 Reference value :  7.96344e-07
 Reference value :  8.01844e-07
 Reference value :  8.07344e-07
 Reference value :  8.12844e-07
 Reference value :  8.17844e-07
 Reference value :  8.23344e-07
 Reference value :  8.24547e-07
 Reference value :  8.24639e-07
 Reference value :  8.24850e-07
 Reference value :  8.25317e-07
 Reference value :  8.25521e-07
 Reference value :  8.25703e-07
 Reference value :  8.25950e-07
 Reference value :  8.26129e-07
 Reference value :  8.26407e-07
 Reference value :  8.27178e-07
 Reference value :  8.28692e-07
 Reference value :  8.29456e-07
 Reference value :  8.30005e-07
 Reference value :  8.31801e-07
 Reference value :  8.36801e-07
 Reference value :  8.41801e-07
 Reference value :  8.47301e-07
 Reference value :  8.52801e-07
 Reference value :  8.57801e-07
 Reference value :  8.63801e-07
 Reference value :  8.66224e-07
 Reference value :  8.66310e-07
 Reference value :  8.66508e-07
 Reference value :  8.66695e-07
 Reference value :  8.66973e-07
 Reference value :  8.67167e-07
 Reference value :  8.67292e-07
 Reference value :  8.67368e-07
 Reference value :  8.67528e-07
 Reference value :  8.67777e-07
 Reference value :  8.67987e-07
 Reference value :  8.68199e-07
 Reference value :  8.68651e-07
 Reference value :  8.70001e-07
 Reference value :  8.74527e-07
 Reference value :  8.80027e-07
 Reference value :  8.85527e-07
 Reference value :  8.90527e-07
 Reference value :  8.95527e-07
 Reference value :  9.01027e-07
 Reference value :  9.06027e-07
 Reference value :  9.07877e-07
 Reference value :  9.07966e-07
 Reference value :  9.08129e-07
 Reference value :  9.08569e-07
 Reference value :  9.08845e-07
 Reference value :  9.09058e-07
 Reference value :  9.09260e-07
 Reference value :  9.09486e-07
 Reference value :  9.09756e-07
 Reference value :  9.10547e-07
 Reference value :  9.12393e-07
 Reference value :  9.12921e-07
 Reference value :  9.13444e-07
 Reference value :  9.14856e-07
 Reference value :  9.19747e-07
 Reference value :  9.25247e-07
 Reference value :  9.30247e-07
 Reference value :  9.35247e-07
 Reference value :  9.41247e-07
 Reference value :  9.46247e-07
 Reference value :  9.49516e-07
 Reference value :  9.49613e-07
 Reference value :  9.49738e-07
 Reference value :  9.49943e-07
 Reference value :  9.50316e-07
 Reference value :  9.50437e-07
 Reference value :  9.50614e-07
 Reference value :  9.50680e-07
 Reference value :  9.50781e-07
 Reference value :  9.50940e-07
 Reference value :  9.51215e-07
 Reference value :  9.51460e-07
 Reference value :  9.51718e-07
 Reference value :  9.52321e-07
 Reference value :  9.54734e-07
 Reference value :  9.60234e-07
 Reference value :  9.65234e-07
 Reference value :  9.71234e-07
 Reference value :  9.77234e-07
 Reference value :  9.82734e-07
 Reference value :  9.88234e-07
 Reference value :  9.91202e-07
 Reference value :  9.91305e-07
 Reference value :  9.91553e-07
 Reference value :  9.91957e-07
 Reference value :  9.92171e-07
 Reference value :  9.92383e-07
 Reference value :  9.92654e-07
 Reference value :  9.92989e-07
 Reference value :  9.93513e-07
 Reference value :  9.95185e-07
 Reference value :  9.96306e-07
 Reference value :  9.97130e-07
 Reference value :  9.98845e-07
 Reference value :  1.00289e-06
 Reference value :  1.00889e-06
 Reference value :  1.01439e-06
 Reference value :  1.01939e-06
 Reference value :  1.02439e-06
 Reference value :  1.03039e-06
 Reference value :  1.03287e-06
 Reference value :  1.03295e-06
 Reference value :  1.03304e-06
 Reference value :  1.03323e-06
 Reference value :  1.03333e-06
 Reference value :  1.03358e-06
 Reference value :  1.03377e-06
 Reference value :  1.03393e-06
 Reference value :  1.03411e-06
 Reference value :  1.03438e-06
 Reference value :  1.03465e-06
 Reference value :  1.03487e-06
 Reference value :  1.03512e-06
 Reference value :  1.03539e-06
 Reference value :  1.03597e-06
 Reference value :  1.03860e-06
 Reference value :  1.04410e-06
 Reference value :  1.04910e-06
 Reference value :  1.05410e-06
 Reference value :  1.05910e-06
 Reference value :  1.06410e-06
 Reference value :  1.06960e-06
 Reference value :  1.07450e-06
 Reference value :  1.07457e-06
 Reference value :  1.07466e-06
 Reference value :  1.07493e-06
 Reference value :  1.07548e-06
 Reference value :  1.07561e-06
 Reference value :  1.07585e-06
 Reference value :  1.07606e-06
 Reference value :  1.07630e-06
 Reference value :  1.07673e-06
 Reference value :  1.07808e-06
 Reference value :  1.07930e-06
 Reference value :  1.07991e-06
 Reference value :  1.08091e-06
 Reference value :  1.08409e-06
 Reference value :  1.08907e-06
 Reference value :  1.09457e-06
 Reference value :  1.09957e-06
 Reference value :  1.10557e-06
 Reference value :  1.11207e-06
 Reference value :  1.11617e-06
 Reference value :  1.11625e-06
 Reference value :  1.11636e-06
 Reference value :  1.11667e-06
 Reference value :  1.11697e-06
 Reference value :  1.11717e-06
 Reference value :  1.11728e-06
 Reference value :  1.11739e-06
 Reference value :  1.11749e-06
 Reference value :  1.11761e-06
 Reference value :  1.11775e-06
 Reference value :  1.11787e-06
 Reference value :  1.11798e-06
 Reference value :  1.11808e-06
 Reference value :  1.11828e-06
 Reference value :  1.11845e-06
 Reference value :  1.11867e-06
 Reference value :  1.11884e-06
 Reference value :  1.11911e-06
 Reference value :  1.11946e-06
 Reference value :  1.12222e-06
 Reference value :  1.12972e-06
 Reference value :  1.13672e-06
 Reference value :  1.14372e-06
 Reference value :  1.14872e-06
 Reference value :  1.15522e-06
 Reference value :  1.15785e-06
 Reference value :  1.15792e-06
 Reference value :  1.15807e-06
 Reference value :  1.15866e-06
 Reference value :  1.15885e-06
 Reference value :  1.15907e-06
 Reference value :  1.15932e-06
 Reference value :  1.15958e-06
 Reference value :  1.15998e-06
 Reference value :  1.16044e-06
 Reference value :  1.16077e-06
 Reference value :  1.16104e-06
 Reference value :  1.16119e-06
 Reference value :  1.16139e-06
 Reference value :  1.16180e-06
 Reference value :  1.16339e-06
 Reference value :  1.16953e-06
 Reference value :  1.17503e-06
 Reference value :  1.18053e-06
 Reference value :  1.18603e-06
 Reference value :  1.19253e-06
 Reference value :  1.19803e-06
 Reference value :  1.19957e-06
 Reference value :  1.19966e-06
 Reference value :  1.19989e-06
 Reference value :  1.20024e-06
 Reference value :  1.20046e-06
 Reference value :  1.20058e-06
 Reference value :  1.20068e-06
 Reference value :  1.20076e-06
 Reference value :  1.20096e-06
 Reference value :  1.20114e-06
 Reference value :  1.20127e-06
 Reference value :  1.20145e-06
 Reference value :  1.20174e-06
 Reference value :  1.20199e-06
 Reference value :  1.20258e-06
 Reference value :  1.20675e-06
 Reference value :  1.21225e-06
 Reference value :  1.21875e-06
 Reference value :  1.22625e-06
 Reference value :  1.23225e-06
 Reference value :  1.23725e-06
 Reference value :  1.24119e-06
 Reference value :  1.24127e-06
 Reference value :  1.24139e-06
 Reference value :  1.24174e-06
 Reference value :  1.24212e-06
 Reference value :  1.24222e-06
 Reference value :  1.24241e-06
 Reference value :  1.24264e-06
 Reference value :  1.24285e-06
 Reference value :  1.24306e-06
 Reference value :  1.24388e-06
 Reference value :  1.24454e-06
 Reference value :  1.24485e-06
 Reference value :  1.24510e-06
 Reference value :  1.24567e-06
 Reference value :  1.24788e-06
 Reference value :  1.25288e-06
 Reference value :  1.25838e-06
 Reference value :  1.26538e-06
 Reference value :  1.27038e-06
 Reference value :  1.27538e-06
 Reference value :  1.28088e-06
 Reference value :  1.28289e-06
 Reference value :  1.28298e-06
 Reference value :  1.28319e-06
 Reference value :  1.28367e-06
 Reference value :  1.28384e-06
 Reference value :  1.28399e-06
 Reference value :  1.28408e-06
 Reference value :  1.28419e-06
 Reference value :  1.28430e-06
 Reference value :  1.28455e-06
 Reference value :  1.28478e-06
 Reference value :  1.28498e-06
 Reference value :  1.28515e-06
 Reference value :  1.28537e-06
 Reference value :  1.28562e-06
 Reference value :  1.28595e-06
 Reference value :  1.28679e-06
 Reference value :  1.29042e-06
 Reference value :  1.29642e-06
 Reference value :  1.30142e-06
 Reference value :  1.30642e-06
 Reference value :  1.31242e-06
 Reference value :  1.31742e-06
 Reference value :  1.32292e-06
 Reference value :  1.32455e-06
 Reference value :  1.32464e-06
 Reference value :  1.32479e-06
 Reference value :  1.32529e-06
 Reference value :  1.32555e-06
 Reference value :  1.32579e-06
 Reference value :  1.32602e-06
 Reference value :  1.32630e-06
 Reference value :  1.32677e-06
 Reference value :  1.32784e-06
 Reference value :  1.32829e-06
 Reference value :  1.32856e-06
 Reference value :  1.32913e-06
 Reference value :  1.33275e-06
 Reference value :  1.33675e-06
 Reference value :  1.33768e-06
 Reference value :  1.33919e-06
 Reference value :  1.33949e-06
 Reference value :  1.33971e-06
 Reference value :  1.34003e-06
 Reference value :  1.34075e-06
 Reference value :  1.34567e-06
 Reference value :  1.35067e-06
 Reference value :  1.35617e-06
 Reference value :  1.36217e-06
 Reference value :  1.36619e-06
 Reference value :  1.36626e-06
 Reference value :  1.36636e-06
 Reference value :  1.36655e-06
 Reference value :  1.36691e-06
 Reference value :  1.36705e-06
 Reference value :  1.36720e-06
 Reference value :  1.36733e-06
 Reference value :  1.36754e-06
 Reference value :  1.36778e-06
 Reference value :  1.36797e-06
 Reference value :  1.36818e-06
 Reference value :  1.36840e-06
 Reference value :  1.36862e-06
 Reference value :  1.36879e-06
 Reference value :  1.36900e-06
 Reference value :  1.36927e-06
 Reference value :  1.36976e-06
 Reference value :  1.37257e-06
 Reference value :  1.37757e-06
 Reference value :  1.38307e-06
 Reference value :  1.38857e-06
 Reference value :  1.39457e-06
 Reference value :  1.39957e-06
 Reference value :  1.40507e-06
 Reference value :  1.40786e-06
 Reference value :  1.40795e-06
 Reference value :  1.40813e-06
 Reference value :  1.40862e-06
 Reference value :  1.40888e-06
 Reference value :  1.40910e-06
 Reference value :  1.40932e-06
 Reference value :  1.40952e-06
 Reference value :  1.40988e-06
 Reference value :  1.41184e-06
 Reference value :  1.41427e-06
 Reference value :  1.41890e-06
 Reference value :  1.42390e-06
 Reference value :  1.42890e-06
 Reference value :  1.43390e-06
 Reference value :  1.43940e-06
 Reference value :  1.44440e-06
 Reference value :  1.44950e-06
 Reference value :  1.44955e-06
 Reference value :  1.44964e-06
 Reference value :  1.44982e-06
 Reference value :  1.45015e-06
 Reference value :  1.45040e-06
 Reference value :  1.45054e-06
 Reference value :  1.45067e-06
 Reference value :  1.45078e-06
 Reference value :  1.45105e-06
 Reference value :  1.45127e-06
 Reference value :  1.45156e-06
 Reference value :  1.45202e-06
 Reference value :  1.45314e-06
 Reference value :  1.45735e-06
 Reference value :  1.46235e-06
 Reference value :  1.46785e-06
 Reference value :  1.47335e-06
 Reference value :  1.47835e-06
 Reference value :  1.48335e-06
 Reference value :  1.48885e-06
 Reference value :  1.49120e-06
 Reference value :  1.49127e-06
 Reference value :  1.49141e-06
 Reference value :  1.49165e-06
 Reference value :  1.49215e-06
 Reference value :  1.49230e-06
 Reference value :  1.49254e-06
 Reference value :  1.49280e-06
 Reference value :  1.49322e-06
 Reference value :  1.49484e-06
 Reference value :  1.49588e-06
 Reference value :  1.49672e-06
 Reference value :  1.49941e-06
 Reference value :  1.50437e-06
 Reference value :  1.50937e-06
 Reference value :  1.51487e-06
 Reference value :  1.51987e-06
 Reference value :  1.52537e-06
 Reference value :  1.53037e-06
 Reference value :  1.53287e-06
 Reference value :  1.53296e-06
 Reference value :  1.53308e-06
 Reference value :  1.53330e-06
 Reference value :  1.53360e-06
 Reference value :  1.53372e-06
 Reference value :  1.53389e-06
 Reference value :  1.53399e-06
 Reference value :  1.53411e-06
 Reference value :  1.53434e-06
 Reference value :  1.53455e-06
 Reference value :  1.53472e-06
 Reference value :  1.53506e-06
 Reference value :  1.53568e-06
 Reference value :  1.53721e-06
 Reference value :  1.54316e-06
 Reference value :  1.54816e-06
 Reference value :  1.55416e-06
 Reference value :  1.55916e-06
 Reference value :  1.56416e-06
 Reference value :  1.57016e-06
 Reference value :  1.57451e-06
 Reference value :  1.57459e-06
 Reference value :  1.57471e-06
 Reference value :  1.57495e-06
 Reference value :  1.57539e-06
 Reference value :  1.57554e-06
 Reference value :  1.57578e-06
 Reference value :  1.57602e-06
 Reference value :  1.57628e-06
 Reference value :  1.57673e-06
 Reference value :  1.57801e-06
 Reference value :  1.57929e-06
 Reference value :  1.57977e-06
 Reference value :  1.58070e-06
 Reference value :  1.58718e-06
 Reference value :  1.59418e-06
 Reference value :  1.60068e-06
 Reference value :  1.60668e-06
 Reference value :  1.61118e-06
 Reference value :  1.61617e-06
 Reference value :  1.61626e-06
 Reference value :  1.61635e-06
 Reference value :  1.61660e-06
 Reference value :  1.61694e-06
 Reference value :  1.61708e-06
 Reference value :  1.61727e-06
 Reference value :  1.61738e-06
 Reference value :  1.61758e-06
 Reference value :  1.61794e-06
 Reference value :  1.61823e-06
 Reference value :  1.61853e-06
 Reference value :  1.61891e-06
 Reference value :  1.61956e-06
 Reference value :  1.62320e-06
 Reference value :  1.62970e-06
 Reference value :  1.63570e-06
 Reference value :  1.64170e-06
 Reference value :  1.64770e-06
 Reference value :  1.65370e-06
 Reference value :  1.65786e-06
 Reference value :  1.65794e-06
 Reference value :  1.65811e-06
 Reference value :  1.65859e-06
 Reference value :  1.65887e-06
 Reference value :  1.65910e-06
 Reference value :  1.65937e-06
 Reference value :  1.65963e-06
 Reference value :  1.66016e-06
 Reference value :  1.66152e-06
 Reference value :  1.66215e-06
 Reference value :  1.66266e-06
 Reference value :  1.66539e-06
 Reference value :  1.67039e-06
 Reference value :  1.67539e-06
 Reference value :  1.67668e-06
 Reference value :  1.67781e-06
 Reference value :  1.67803e-06
 Reference value :  1.67825e-06
 Reference value :  1.67869e-06
 Reference value :  1.68060e-06
 Reference value :  1.68610e-06
 Reference value :  1.69110e-06
 Reference value :  1.69660e-06
 Reference value :  1.69953e-06
 Reference value :  1.69962e-06
 Reference value :  1.69975e-06
 Reference value :  1.70006e-06
 Reference value :  1.70027e-06
 Reference value :  1.70044e-06
 Reference value :  1.70063e-06
 Reference value :  1.70081e-06
 Reference value :  1.70106e-06
 Reference value :  1.70122e-06
 Reference value :  1.70146e-06
 Reference value :  1.70164e-06
 Reference value :  1.70179e-06
 Reference value :  1.70199e-06
 Reference value :  1.70216e-06
 Reference value :  1.70241e-06
 Reference value :  1.70274e-06
 Reference value :  1.70461e-06
 Reference value :  1.71010e-06
 Reference value :  1.71560e-06
 Reference value :  1.72160e-06
 Reference value :  1.72710e-06
 Reference value :  1.73260e-06
 Reference value :  1.73760e-06
 Reference value :  1.74118e-06
 Reference value :  1.74124e-06
 Reference value :  1.74136e-06
 Reference value :  1.74161e-06
 Reference value :  1.74210e-06
 Reference value :  1.74228e-06
 Reference value :  1.74251e-06
 Reference value :  1.74272e-06
 Reference value :  1.74296e-06
 Reference value :  1.74339e-06
 Reference value :  1.74476e-06
 Reference value :  1.74565e-06
 Reference value :  1.74620e-06
 Reference value :  1.74704e-06
 Reference value :  1.75100e-06
 Reference value :  1.75600e-06
 Reference value :  1.76100e-06
 Reference value :  1.76650e-06
 Reference value :  1.76843e-06
 Reference value :  1.76985e-06
 Reference value :  1.77014e-06
 Reference value :  1.77036e-06
 Reference value :  1.77087e-06
 Reference value :  1.77434e-06
 Reference value :  1.77984e-06
 Reference value :  1.78287e-06
 Reference value :  1.78296e-06
 Reference value :  1.78310e-06
 Reference value :  1.78345e-06
 Reference value :  1.78369e-06
 Reference value :  1.78383e-06
 Reference value :  1.78396e-06
 Reference value :  1.78414e-06
 Reference value :  1.78434e-06
 Reference value :  1.78444e-06
 Reference value :  1.78465e-06
 Reference value :  1.78487e-06
 Reference value :  1.78503e-06
 Reference value :  1.78522e-06
 Reference value :  1.78537e-06
 Reference value :  1.78559e-06
 Reference value :  1.78595e-06
 Reference value :  1.78653e-06
 Reference value :  1.78935e-06
 Reference value :  1.79485e-06
 Reference value :  1.79985e-06
 Reference value :  1.80535e-06
 Reference value :  1.81135e-06
 Reference value :  1.81635e-06
 Reference value :  1.82185e-06
 Reference value :  1.82453e-06
 Reference value :  1.82460e-06
 Reference value :  1.82475e-06
 Reference value :  1.82509e-06
 Reference value :  1.82550e-06
 Reference value :  1.82573e-06
 Reference value :  1.82601e-06
 Reference value :  1.82623e-06
 Reference value :  1.82654e-06
 Reference value :  1.82756e-06
 Reference value :  1.82921e-06
 Reference value :  1.82984e-06
 Reference value :  1.83054e-06
 Reference value :  1.83448e-06
 Reference value :  1.83998e-06
 Reference value :  1.84498e-06
 Reference value :  1.85098e-06
 Reference value :  1.85598e-06
 Reference value :  1.85842e-06
 Reference value :  1.86002e-06
 Reference value :  1.86032e-06
 Reference value :  1.86055e-06
 Reference value :  1.86081e-06
 Reference value :  1.86146e-06
 Reference value :  1.86576e-06
 Reference value :  1.86627e-06
 Reference value :  1.86640e-06
 Reference value :  1.86659e-06
 Reference value :  1.86697e-06
 Reference value :  1.86712e-06
 Reference value :  1.86728e-06
 Reference value :  1.86749e-06
 Reference value :  1.86767e-06
 Reference value :  1.86794e-06
 Reference value :  1.86818e-06
 Reference value :  1.86835e-06
 Reference value :  1.86855e-06
 Reference value :  1.86873e-06
 Reference value :  1.86896e-06
 Reference value :  1.86928e-06
 Reference value :  1.87010e-06
 Reference value :  1.87411e-06
 Reference value :  1.88011e-06
 Reference value :  1.88661e-06
 Reference value :  1.89211e-06
 Reference value :  1.89811e-06
 Reference value :  1.90311e-06
 Reference value :  1.90784e-06
 Reference value :  1.90790e-06
 Reference value :  1.90802e-06
 Reference value :  1.90825e-06
 Reference value :  1.90877e-06
 Reference value :  1.90894e-06
 Reference value :  1.90917e-06
 Reference value :  1.90942e-06
 Reference value :  1.90963e-06
 Reference value :  1.91007e-06
 Reference value :  1.91146e-06
 Reference value :  1.91258e-06
 Reference value :  1.91305e-06
 Reference value :  1.91379e-06
 Reference value :  1.91661e-06
 Reference value :  1.92258e-06
 Reference value :  1.92758e-06
 Reference value :  1.93258e-06
 Reference value :  1.93808e-06
 Reference value :  1.94308e-06
 Reference value :  1.94551e-06
 Reference value :  1.94745e-06
 Reference value :  1.94775e-06
 Reference value :  1.94795e-06
 Reference value :  1.94832e-06
 Reference value :  1.94910e-06
 Reference value :  1.94954e-06
 Reference value :  1.94964e-06
 Reference value :  1.94978e-06
 Reference value :  1.94997e-06
 Reference value :  1.95026e-06
 Reference value :  1.95043e-06
 Reference value :  1.95060e-06
 Reference value :  1.95072e-06
 Reference value :  1.95087e-06
 Reference value :  1.95110e-06
 Reference value :  1.95131e-06
 Reference value :  1.95151e-06
 Reference value :  1.95171e-06
 Reference value :  1.95186e-06
 Reference value :  1.95206e-06
 Reference value :  1.95245e-06
 Reference value :  1.95329e-06
 Reference value :  1.95800e-06
 Reference value :  1.96300e-06
 Reference value :  1.96850e-06
 Reference value :  1.97350e-06
 Reference value :  1.97850e-06
 Reference value :  1.98450e-06
 Reference value :  1.98950e-06
 Reference value :  1.99120e-06
 Reference value :  1.99131e-06
 Reference value :  1.99153e-06
 Reference value :  1.99197e-06
 Reference value :  1.99217e-06
 Reference value :  1.99242e-06
 Reference value :  1.99266e-06
 Reference value :  1.99292e-06
 Reference value :  1.99335e-06
 Reference value :  1.99448e-06
 Reference value :  1.99541e-06
 Reference value :  1.99591e-06
 Reference value :  1.99697e-06
 Reference value :  2.00126e-06
 Reference value :  2.00726e-06
 Reference value :  2.01326e-06
 Reference value :  2.01826e-06
 Reference value :  2.02426e-06
 Reference value :  2.03026e-06
 Reference value :  2.03118e-06
 Reference value :  2.03269e-06
 Reference value :  2.03289e-06
 Reference value :  2.03297e-06
 Reference value :  2.03314e-06
 Reference value :  2.03358e-06
 Reference value :  2.03378e-06
 Reference value :  2.03400e-06
 Reference value :  2.03429e-06
 Reference value :  2.03465e-06
 Reference value :  2.03484e-06
 Reference value :  2.03505e-06
 Reference value :  2.03529e-06
 Reference value :  2.03565e-06
 Reference value :  2.03636e-06
 Reference value :  2.04063e-06
 Reference value :  2.04613e-06
 Reference value :  2.05163e-06
 Reference value :  2.05663e-06
 Reference value :  2.06213e-06
 Reference value :  2.06713e-06
 Reference value :  2.07213e-06
 Reference value :  2.07456e-06
 Reference value :  2.07463e-06
 Reference value :  2.07480e-06
 Reference value :  2.07535e-06
 Reference value :  2.07555e-06
 Reference value :  2.07573e-06
 Reference value :  2.07593e-06
 Reference value :  2.07625e-06
 Reference value :  2.07675e-06
 Reference value :  2.07849e-06
 Reference value :  2.07921e-06
 Reference value :  2.07971e-06
 Reference value :  2.08272e-06
 Reference value :  2.08772e-06
 Reference value :  2.09422e-06
 Reference value :  2.09972e-06
 Reference value :  2.10472e-06
 Reference value :  2.11022e-06
 Reference value :  2.11472e-06
 Reference value :  2.11621e-06
 Reference value :  2.11630e-06
 Reference value :  2.11645e-06
 Reference value :  2.11664e-06
 Reference value :  2.11710e-06
 Reference value :  2.11723e-06
 Reference value :  2.11733e-06
 Reference value :  2.11740e-06
 Reference value :  2.11753e-06
 Reference value :  2.11764e-06
 Reference value :  2.11778e-06
 Reference value :  2.11792e-06
 Reference value :  2.11802e-06
 Reference value :  2.11814e-06
 Reference value :  2.11825e-06
 Reference value :  2.11839e-06
 Reference value :  2.11849e-06
 Reference value :  2.11859e-06
 Reference value :  2.11870e-06
 Reference value :  2.11882e-06
 Reference value :  2.11897e-06
 Reference value :  2.11912e-06
 Reference value :  2.11927e-06
 Reference value :  2.11955e-06
 Reference value :  2.12005e-06
 Reference value :  2.12201e-06
 Reference value :  2.12701e-06
 Reference value :  2.13201e-06
 Reference value :  2.13701e-06
 Reference value :  2.14251e-06
 Reference value :  2.14751e-06
 Reference value :  2.15301e-06
 Reference value :  2.15783e-06
 Reference value :  2.15790e-06
 Reference value :  2.15798e-06
 Reference value :  2.15817e-06
 Reference value :  2.15861e-06
 Reference value :  2.15883e-06
 Reference value :  2.15907e-06
 Reference value :  2.15933e-06
 Reference value :  2.15958e-06
 Reference value :  2.15993e-06
 Reference value :  2.16023e-06
 Reference value :  2.16035e-06
 Reference value :  2.16056e-06
 Reference value :  2.16090e-06
 Reference value :  2.16160e-06
 Reference value :  2.16191e-06
 Reference value :  2.16231e-06
 Reference value :  2.16286e-06
 Reference value :  2.16561e-06
 Reference value :  2.17061e-06
 Reference value :  2.17561e-06
 Reference value :  2.18111e-06
 Reference value :  2.18611e-06
 Reference value :  2.19111e-06
 Reference value :  2.19661e-06
 Reference value :  2.19953e-06
 Reference value :  2.19962e-06
 Reference value :  2.19975e-06
 Reference value :  2.19998e-06
 Reference value :  2.20036e-06
 Reference value :  2.20050e-06
 Reference value :  2.20064e-06
 Reference value :  2.20073e-06
 Reference value :  2.20091e-06
 Reference value :  2.20110e-06
 Reference value :  2.20122e-06
 Reference value :  2.20138e-06
 Reference value :  2.20155e-06
 Reference value :  2.20180e-06
 Reference value :  2.20202e-06
 Reference value :  2.20228e-06
 Reference value :  2.20293e-06
 Reference value :  2.20672e-06
 Reference value :  2.21172e-06
 Reference value :  2.21772e-06
 Reference value :  2.22272e-06
 Reference value :  2.22772e-06
 Reference value :  2.23322e-06
 Reference value :  2.23822e-06
 Reference value :  2.24120e-06
 Reference value :  2.24131e-06
 Reference value :  2.24148e-06
 Reference value :  2.24204e-06
 Reference value :  2.24221e-06
 Reference value :  2.24242e-06
 Reference value :  2.24268e-06
 Reference value :  2.24290e-06
 Reference value :  2.24320e-06
 Reference value :  2.24372e-06
 Reference value :  2.24390e-06
 Reference value :  2.24455e-06
 Reference value :  2.24489e-06
 Reference value :  2.24521e-06
 Reference value :  2.24560e-06
 Reference value :  2.24632e-06
 Reference value :  2.25096e-06
 Reference value :  2.25596e-06
 Reference value :  2.26146e-06
 Reference value :  2.26696e-06
 Reference value :  2.27246e-06
 Reference value :  2.27946e-06
 Reference value :  2.28288e-06
 Reference value :  2.28297e-06
 Reference value :  2.28315e-06
 Reference value :  2.28362e-06
 Reference value :  2.28377e-06
 Reference value :  2.28395e-06
 Reference value :  2.28408e-06
 Reference value :  2.28420e-06
 Reference value :  2.28435e-06
 Reference value :  2.28458e-06
 Reference value :  2.28482e-06
 Reference value :  2.28498e-06
 Reference value :  2.28518e-06
 Reference value :  2.28543e-06
 Reference value :  2.28562e-06
 Reference value :  2.28597e-06
 Reference value :  2.28653e-06
 Reference value :  2.28960e-06
 Reference value :  2.29560e-06
 Reference value :  2.30060e-06
 Reference value :  2.30610e-06
 Reference value :  2.31110e-06
 Reference value :  2.31660e-06
 Reference value :  2.32210e-06
 Reference value :  2.32453e-06
 Reference value :  2.32464e-06
 Reference value :  2.32481e-06
 Reference value :  2.32540e-06
 Reference value :  2.32552e-06
 Reference value :  2.32574e-06
 Reference value :  2.32591e-06
 Reference value :  2.32618e-06
 Reference value :  2.32648e-06
 Reference value :  2.32718e-06
 Reference value :  2.32854e-06
 Reference value :  2.32899e-06
 Reference value :  2.32964e-06
 Reference value :  2.33226e-06
 Reference value :  2.33776e-06
 Reference value :  2.34226e-06
 Reference value :  2.34556e-06
 Reference value :  2.35100e-06
 Reference value :  2.35600e-06
 Reference value :  2.36150e-06
 Reference value :  2.36583e-06
 Reference value :  2.36621e-06
 Reference value :  2.36630e-06
 Reference value :  2.36646e-06
 Reference value :  2.36667e-06
 Reference value :  2.36700e-06
 Reference value :  2.36710e-06
 Reference value :  2.36724e-06
 Reference value :  2.36732e-06
 Reference value :  2.36742e-06
 Reference value :  2.36765e-06
 Reference value :  2.36780e-06
 Reference value :  2.36801e-06
 Reference value :  2.36824e-06
 Reference value :  2.36850e-06
 Reference value :  2.36892e-06
 Reference value :  2.37018e-06
 Reference value :  2.37519e-06
 Reference value :  2.38019e-06
 Reference value :  2.38569e-06
 Reference value :  2.39069e-06
 Reference value :  2.39619e-06
 Reference value :  2.40219e-06
 Reference value :  2.40719e-06
 Reference value :  2.40789e-06
 Reference value :  2.40802e-06
 Reference value :  2.40825e-06
 Reference value :  2.40883e-06
 Reference value :  2.40905e-06
 Reference value :  2.40934e-06
 Reference value :  2.40957e-06
 Reference value :  2.40987e-06
 Reference value :  2.41121e-06
 Reference value :  2.41281e-06
 Reference value :  2.41423e-06
 Reference value :  2.41818e-06
 Reference value :  2.42305e-06
 Reference value :  2.42605e-06
 Reference value :  2.42756e-06
 Reference value :  2.42843e-06
 Reference value :  2.42863e-06
 Reference value :  2.42889e-06
 Reference value :  2.42947e-06
 Reference value :  2.43365e-06
 Reference value :  2.44015e-06
 Reference value :  2.44715e-06
 Reference value :  2.44957e-06
 Reference value :  2.44970e-06
 Reference value :  2.45003e-06
 Reference value :  2.45036e-06
 Reference value :  2.45053e-06
 Reference value :  2.45074e-06
 Reference value :  2.45095e-06
 Reference value :  2.45113e-06
 Reference value :  2.45141e-06
 Reference value :  2.45172e-06
 Reference value :  2.45200e-06
 Reference value :  2.45226e-06
 Reference value :  2.45259e-06
 Reference value :  2.45362e-06
 Reference value :  2.46026e-06
 Reference value :  2.46726e-06
 Reference value :  2.47426e-06
 Reference value :  2.47976e-06
 Reference value :  2.48526e-06
 Reference value :  2.49117e-06
 Reference value :  2.49126e-06
 Reference value :  2.49144e-06
 Reference value :  2.49201e-06
 Reference value :  2.49217e-06
 Reference value :  2.49231e-06
 Reference value :  2.49251e-06
 Reference value :  2.49272e-06
 Reference value :  2.49301e-06
 Reference value :  2.49364e-06
 Reference value :  2.49504e-06
 Reference value :  2.49596e-06
 Reference value :  2.49692e-06
 Reference value :  2.50023e-06
 Reference value :  2.50519e-06
 Reference value :  2.50969e-06
 Reference value :  2.51418e-06
 Reference value :  2.51918e-06
 Reference value :  2.52468e-06
 Reference value :  2.53068e-06
 Reference value :  2.53287e-06
 Reference value :  2.53297e-06
 Reference value :  2.53319e-06
 Reference value :  2.53365e-06
 Reference value :  2.53380e-06
 Reference value :  2.53395e-06
 Reference value :  2.53405e-06
 Reference value :  2.53421e-06
 Reference value :  2.53440e-06
 Reference value :  2.53459e-06
 Reference value :  2.53478e-06
 Reference value :  2.53503e-06
 Reference value :  2.53546e-06
 Reference value :  2.53637e-06
 Reference value :  2.54036e-06
 Reference value :  2.54536e-06
 Reference value :  2.55086e-06
 Reference value :  2.55586e-06
 Reference value :  2.56136e-06
 Reference value :  2.56636e-06
 Reference value :  2.57136e-06
 Reference value :  2.57454e-06
 Reference value :  2.57463e-06
 Reference value :  2.57478e-06
 Reference value :  2.57515e-06
 Reference value :  2.57551e-06
 Reference value :  2.57571e-06
 Reference value :  2.57591e-06
 Reference value :  2.57612e-06
 Reference value :  2.57642e-06
 Reference value :  2.57718e-06
 Reference value :  2.57861e-06
 Reference value :  2.57952e-06
 Reference value :  2.58089e-06
 Reference value :  2.58679e-06
 Reference value :  2.59179e-06
 Reference value :  2.59579e-06
 Reference value :  2.60129e-06
 Reference value :  2.60629e-06
 Reference value :  2.61179e-06
 Reference value :  2.61617e-06
 Reference value :  2.61625e-06
 Reference value :  2.61637e-06
 Reference value :  2.61662e-06
 Reference value :  2.61698e-06
 Reference value :  2.61714e-06
 Reference value :  2.61725e-06
 Reference value :  2.61731e-06
 Reference value :  2.61750e-06
 Reference value :  2.61771e-06
 Reference value :  2.61788e-06
 Reference value :  2.61807e-06
 Reference value :  2.61829e-06
 Reference value :  2.61853e-06
 Reference value :  2.61898e-06
 Reference value :  2.62022e-06
 Reference value :  2.62430e-06
 Reference value :  2.62980e-06
 Reference value :  2.63480e-06
 Reference value :  2.64030e-06
 Reference value :  2.64530e-06
 Reference value :  2.65080e-06
 Reference value :  2.65580e-06
 Reference value :  2.65786e-06
 Reference value :  2.65795e-06
 Reference value :  2.65806e-06
 Reference value :  2.65847e-06
 Reference value :  2.65884e-06
 Reference value :  2.65910e-06
 Reference value :  2.65934e-06
 Reference value :  2.65956e-06
 Reference value :  2.65995e-06
 Reference value :  2.66082e-06
 Reference value :  2.66249e-06
 Reference value :  2.66332e-06
 Reference value :  2.66470e-06
 Reference value :  2.66888e-06
 Reference value :  2.67387e-06
 Reference value :  2.67683e-06
 Reference value :  2.68133e-06
 Reference value :  2.68733e-06
 Reference value :  2.69233e-06
 Reference value :  2.69733e-06
 Reference value :  2.69952e-06
 Reference value :  2.69959e-06
 Reference value :  2.69970e-06
 Reference value :  2.69994e-06
 Reference value :  2.70033e-06
 Reference value :  2.70050e-06
 Reference value :  2.70062e-06
 Reference value :  2.70076e-06
 Reference value :  2.70100e-06
 Reference value :  2.70113e-06
 Reference value :  2.70132e-06
 Reference value :  2.70156e-06
 Reference value :  2.70183e-06
 Reference value :  2.70231e-06
 Reference value :  2.70352e-06
 Reference value :  2.70907e-06
 Reference value :  2.71407e-06
 Reference value :  2.71907e-06
 Reference value :  2.72457e-06
 Reference value :  2.73007e-06
 Reference value :  2.73507e-06
 Reference value :  2.74087e-06
 Reference value :  2.74122e-06
 Reference value :  2.74131e-06
 Reference value :  2.74149e-06
 Reference value :  2.74196e-06
 Reference value :  2.74224e-06
 Reference value :  2.74246e-06
 Reference value :  2.74268e-06
 Reference value :  2.74293e-06
 Reference value :  2.74328e-06
 Reference value :  2.74411e-06
 Reference value :  2.74637e-06
 Reference value :  2.74741e-06
 Reference value :  2.74953e-06
 Reference value :  2.75465e-06
 Reference value :  2.75865e-06
 Reference value :  2.76301e-06
 Reference value :  2.76851e-06
 Reference value :  2.77351e-06
 Reference value :  2.77901e-06
 Reference value :  2.78284e-06
 Reference value :  2.78293e-06
 Reference value :  2.78301e-06
 Reference value :  2.78327e-06
 Reference value :  2.78364e-06
 Reference value :  2.78378e-06
 Reference value :  2.78392e-06
 Reference value :  2.78403e-06
 Reference value :  2.78422e-06
 Reference value :  2.78442e-06
 Reference value :  2.78454e-06
 Reference value :  2.78473e-06
 Reference value :  2.78497e-06
 Reference value :  2.78527e-06
 Reference value :  2.78606e-06
 Reference value :  2.79020e-06
 Reference value :  2.79520e-06
 Reference value :  2.80120e-06
 Reference value :  2.80620e-06
 Reference value :  2.81120e-06
 Reference value :  2.81670e-06
 Reference value :  2.82320e-06
 Reference value :  2.82456e-06
 Reference value :  2.82463e-06
 Reference value :  2.82479e-06
 Reference value :  2.82540e-06
 Reference value :  2.82557e-06
 Reference value :  2.82579e-06
 Reference value :  2.82599e-06
 Reference value :  2.82634e-06
 Reference value :  2.82697e-06
 Reference value :  2.82842e-06
 Reference value :  2.82899e-06
 Reference value :  2.82961e-06
 Reference value :  2.83187e-06
 Reference value :  2.84077e-06
 Reference value :  2.84385e-06
 Reference value :  2.84639e-06
 Reference value :  2.85188e-06
 Reference value :  2.85688e-06
 Reference value :  2.86188e-06
 Reference value :  2.86617e-06
 Reference value :  2.86627e-06
 Reference value :  2.86647e-06
 Reference value :  2.86672e-06
 Reference value :  2.86700e-06
 Reference value :  2.86714e-06
 Reference value :  2.86727e-06
 Reference value :  2.86740e-06
 Reference value :  2.86756e-06
 Reference value :  2.86779e-06
 Reference value :  2.86798e-06
 Reference value :  2.86824e-06
 Reference value :  2.86853e-06
 Reference value :  2.86924e-06
 Reference value :  2.87191e-06
 Reference value :  2.87741e-06
 Reference value :  2.88291e-06
 Reference value :  2.88991e-06
 Reference value :  2.89491e-06
 Reference value :  2.89991e-06
 Reference value :  2.90541e-06
 Reference value :  2.90790e-06
 Reference value :  2.90801e-06
 Reference value :  2.90830e-06
 Reference value :  2.90882e-06
 Reference value :  2.90896e-06
 Reference value :  2.90920e-06
 Reference value :  2.90944e-06
 Reference value :  2.90967e-06
 Reference value :  2.91028e-06
 Reference value :  2.91143e-06
 Reference value :  2.91214e-06
 Reference value :  2.91301e-06
 Reference value :  2.91612e-06
 Reference value :  2.92362e-06
 Reference value :  2.92759e-06
 Reference value :  2.93259e-06
 Reference value :  2.93909e-06
 Reference value :  2.94409e-06
 Reference value :  2.94950e-06
 Reference value :  2.94958e-06
 Reference value :  2.94971e-06
 Reference value :  2.94998e-06
 Reference value :  2.95023e-06
 Reference value :  2.95040e-06
 Reference value :  2.95055e-06
 Reference value :  2.95064e-06
 Reference value :  2.95075e-06
 Reference value :  2.95093e-06
 Reference value :  2.95110e-06
 Reference value :  2.95125e-06
 Reference value :  2.95152e-06
 Reference value :  2.95181e-06
 Reference value :  2.95272e-06
 Reference value :  2.95848e-06
 Reference value :  2.96548e-06
 Reference value :  2.97248e-06
 Reference value :  2.97998e-06
 Reference value :  2.98698e-06
 Reference value :  2.99119e-06
 Reference value :  2.99131e-06
 Reference value :  2.99155e-06
 Reference value :  2.99205e-06
 Reference value :  2.99219e-06
 Reference value :  2.99244e-06
 Reference value :  2.99269e-06
 Reference value :  2.99294e-06
 Reference value :  2.99338e-06
 Reference value :  2.99471e-06
 Reference value :  2.99661e-06
 Reference value :  2.99786e-06
 Reference value :  3.00161e-06
 Reference value :  3.00638e-06
 Reference value :  3.01030e-06
 Reference value :  3.01311e-06
 Reference value :  3.01845e-06
 Reference value :  3.02495e-06
 Reference value :  3.03145e-06
 Reference value :  3.03290e-06
 Reference value :  3.03299e-06
 Reference value :  3.03325e-06
 Reference value :  3.03360e-06
 Reference value :  3.03377e-06
 Reference value :  3.03391e-06
 Reference value :  3.03399e-06
 Reference value :  3.03412e-06
 Reference value :  3.03422e-06
 Reference value :  3.03447e-06
 Reference value :  3.03465e-06
 Reference value :  3.03490e-06
 Reference value :  3.03511e-06
 Reference value :  3.03543e-06
 Reference value :  3.03661e-06
 Reference value :  3.04043e-06
 Reference value :  3.04643e-06
 Reference value :  3.05193e-06
 Reference value :  3.05793e-06
 Reference value :  3.06393e-06
 Reference value :  3.07093e-06
 Reference value :  3.07450e-06
 Reference value :  3.07457e-06
 Reference value :  3.07467e-06
 Reference value :  3.07498e-06
 Reference value :  3.07550e-06
 Reference value :  3.07561e-06
 Reference value :  3.07588e-06
 Reference value :  3.07612e-06
 Reference value :  3.07646e-06
 Reference value :  3.07719e-06
 Reference value :  3.07915e-06
 Reference value :  3.08068e-06
 Reference value :  3.08328e-06
 Reference value :  3.08873e-06
 Reference value :  3.09359e-06
 Reference value :  3.09505e-06
 Reference value :  3.09675e-06
 Reference value :  3.10201e-06
 Reference value :  3.10901e-06
 Reference value :  3.11401e-06
 Reference value :  3.11619e-06
 Reference value :  3.11627e-06
 Reference value :  3.11640e-06
 Reference value :  3.11668e-06
 Reference value :  3.11704e-06
 Reference value :  3.11717e-06
 Reference value :  3.11728e-06
 Reference value :  3.11737e-06
 Reference value :  3.11751e-06
 Reference value :  3.11764e-06
 Reference value :  3.11787e-06
 Reference value :  3.11806e-06
 Reference value :  3.11823e-06
 Reference value :  3.11842e-06
 Reference value :  3.11858e-06
 Reference value :  3.11877e-06
 Reference value :  3.11902e-06
 Reference value :  3.11926e-06
 Reference value :  3.11969e-06
 Reference value :  3.12164e-06
 Reference value :  3.12664e-06
 Reference value :  3.13214e-06
 Reference value :  3.13764e-06
 Reference value :  3.14364e-06
 Reference value :  3.14864e-06
 Reference value :  3.15414e-06
 Reference value :  3.15785e-06
 Reference value :  3.15794e-06
 Reference value :  3.15807e-06
 Reference value :  3.15837e-06
 Reference value :  3.15883e-06
 Reference value :  3.15897e-06
 Reference value :  3.15918e-06
 Reference value :  3.15942e-06
 Reference value :  3.15972e-06
 Reference value :  3.16020e-06
 Reference value :  3.16053e-06
 Reference value :  3.16068e-06
 Reference value :  3.16121e-06
 Reference value :  3.16262e-06
 Reference value :  3.16341e-06
 Reference value :  3.16426e-06
 Reference value :  3.16469e-06
 Reference value :  3.16545e-06
 Reference value :  3.16850e-06
 Reference value :  3.17500e-06
 Reference value :  3.18050e-06
 Reference value :  3.18600e-06
 Reference value :  3.19150e-06
 Reference value :  3.19750e-06
 Reference value :  3.19956e-06
 Reference value :  3.19965e-06
 Reference value :  3.19993e-06
 Reference value :  3.20035e-06
 Reference value :  3.20050e-06
 Reference value :  3.20066e-06
 Reference value :  3.20081e-06
 Reference value :  3.20098e-06
 Reference value :  3.20112e-06
 Reference value :  3.20141e-06
 Reference value :  3.20159e-06
 Reference value :  3.20178e-06
 Reference value :  3.20211e-06
 Reference value :  3.20252e-06
 Reference value :  3.20552e-06
 Reference value :  3.21152e-06
 Reference value :  3.21702e-06
 Reference value :  3.22202e-06
 Reference value :  3.22802e-06
 Reference value :  3.23352e-06
 Reference value :  3.23902e-06
 Reference value :  3.24120e-06
 Reference value :  3.24129e-06
 Reference value :  3.24148e-06
 Reference value :  3.24196e-06
 Reference value :  3.24217e-06
 Reference value :  3.24241e-06
 Reference value :  3.24274e-06
 Reference value :  3.24297e-06
 Reference value :  3.24345e-06
 Reference value :  3.24389e-06
 Reference value :  3.24408e-06
 Reference value :  3.24466e-06
 Reference value :  3.24615e-06
 Reference value :  3.24733e-06
 Reference value :  3.24853e-06
 Reference value :  3.24877e-06
 Reference value :  3.24908e-06
 Reference value :  3.24944e-06
 Reference value :  3.25180e-06
 Reference value :  3.25830e-06
 Reference value :  3.26430e-06
 Reference value :  3.26980e-06
 Reference value :  3.27530e-06
 Reference value :  3.28080e-06
 Reference value :  3.28286e-06
 Reference value :  3.28294e-06
 Reference value :  3.28311e-06
 Reference value :  3.28343e-06
 Reference value :  3.28363e-06
 Reference value :  3.28383e-06
 Reference value :  3.28398e-06
 Reference value :  3.28415e-06
 Reference value :  3.28428e-06
 Reference value :  3.28443e-06
 Reference value :  3.28468e-06
 Reference value :  3.28495e-06
 Reference value :  3.28512e-06
 Reference value :  3.28534e-06
 Reference value :  3.28558e-06
 Reference value :  3.28595e-06
 Reference value :  3.28754e-06
 Reference value :  3.29244e-06
 Reference value :  3.29744e-06
 Reference value :  3.30394e-06
 Reference value :  3.30944e-06
 Reference value :  3.31594e-06
 Reference value :  3.32194e-06
 Reference value :  3.32453e-06
 Reference value :  3.32467e-06
 Reference value :  3.32501e-06
 Reference value :  3.32550e-06
 Reference value :  3.32571e-06
 Reference value :  3.32595e-06
 Reference value :  3.32623e-06
 Reference value :  3.32661e-06
 Reference value :  3.32717e-06
 Reference value :  3.32750e-06
 Reference value :  3.32770e-06
 Reference value :  3.32899e-06
 Reference value :  3.32953e-06
 Reference value :  3.33035e-06
 Reference value :  3.33355e-06
 Reference value :  3.33881e-06
 Reference value :  3.34481e-06
 Reference value :  3.35031e-06
 Reference value :  3.35581e-06
 Reference value :  3.36231e-06
 Reference value :  3.36619e-06
 Reference value :  3.36626e-06
 Reference value :  3.36638e-06
 Reference value :  3.36660e-06
 Reference value :  3.36698e-06
 Reference value :  3.36717e-06
 Reference value :  3.36727e-06
 Reference value :  3.36737e-06
 Reference value :  3.36762e-06
 Reference value :  3.36781e-06
 Reference value :  3.36795e-06
 Reference value :  3.36821e-06
 Reference value :  3.36839e-06
 Reference value :  3.36866e-06
 Reference value :  3.36925e-06
 Reference value :  3.37247e-06
 Reference value :  3.37797e-06
 Reference value :  3.38297e-06
 Reference value :  3.38847e-06
 Reference value :  3.39347e-06
 Reference value :  3.39897e-06
 Reference value :  3.40397e-06
 Reference value :  3.40784e-06
 Reference value :  3.40793e-06
 Reference value :  3.40805e-06
 Reference value :  3.40828e-06
 Reference value :  3.40882e-06
 Reference value :  3.40896e-06
 Reference value :  3.40923e-06
 Reference value :  3.40947e-06
 Reference value :  3.40970e-06
 Reference value :  3.41028e-06
 Reference value :  3.41062e-06
 Reference value :  3.41085e-06
 Reference value :  3.41106e-06
 Reference value :  3.41173e-06
 Reference value :  3.41314e-06
 Reference value :  3.41593e-06
 Reference value :  3.42143e-06
 Reference value :  3.42693e-06
 Reference value :  3.43293e-06
 Reference value :  3.43843e-06
 Reference value :  3.44393e-06
 Reference value :  3.44950e-06
 Reference value :  3.44959e-06
 Reference value :  3.44977e-06
 Reference value :  3.45033e-06
 Reference value :  3.45062e-06
 Reference value :  3.45082e-06
 Reference value :  3.45106e-06
 Reference value :  3.45124e-06
 Reference value :  3.45145e-06
 Reference value :  3.45168e-06
 Reference value :  3.45196e-06
 Reference value :  3.45285e-06
 Reference value :  3.45651e-06
 Reference value :  3.46201e-06
 Reference value :  3.46751e-06
 Reference value :  3.47301e-06
 Reference value :  3.47851e-06
 Reference value :  3.48401e-06
 Reference value :  3.48951e-06
 Reference value :  3.49120e-06
 Reference value :  3.49131e-06
 Reference value :  3.49151e-06
 Reference value :  3.49205e-06
 Reference value :  3.49219e-06
 Reference value :  3.49240e-06
 Reference value :  3.49260e-06
 Reference value :  3.49294e-06
 Reference value :  3.49336e-06
 Reference value :  3.49386e-06
 Reference value :  3.49416e-06
 Reference value :  3.49433e-06
 Reference value :  3.49535e-06
 Reference value :  3.49628e-06
 Reference value :  3.49762e-06
 Reference value :  3.49946e-06
 Reference value :  3.50433e-06
 Reference value :  3.51033e-06
 Reference value :  3.51583e-06
 Reference value :  3.52133e-06
 Reference value :  3.52683e-06
 Reference value :  3.53233e-06
 Reference value :  3.53290e-06
 Reference value :  3.53301e-06
 Reference value :  3.53325e-06
 Reference value :  3.53359e-06
 Reference value :  3.53371e-06
 Reference value :  3.53389e-06
 Reference value :  3.53405e-06
 Reference value :  3.53435e-06
 Reference value :  3.53453e-06
 Reference value :  3.53475e-06
 Reference value :  3.53507e-06
 Reference value :  3.53548e-06
 Reference value :  3.53619e-06
 Reference value :  3.54068e-06
 Reference value :  3.54718e-06
 Reference value :  3.55368e-06
 Reference value :  3.56068e-06
 Reference value :  3.56968e-06
 Reference value :  3.57452e-06
 Reference value :  3.57462e-06
 Reference value :  3.57483e-06
 Reference value :  3.57529e-06
 Reference value :  3.57551e-06
 Reference value :  3.57577e-06
 Reference value :  3.57607e-06
 Reference value :  3.57637e-06
 Reference value :  3.57695e-06
 Reference value :  3.57730e-06
 Reference value :  3.57750e-06
 Reference value :  3.57794e-06
 Reference value :  3.57891e-06
 Reference value :  3.57981e-06
 Reference value :  3.58120e-06
 Reference value :  3.58517e-06
 Reference value :  3.59067e-06
 Reference value :  3.59667e-06
 Reference value :  3.60467e-06
 Reference value :  3.61317e-06
 Reference value :  3.61622e-06
 Reference value :  3.61630e-06
 Reference value :  3.61645e-06
 Reference value :  3.61666e-06
 Reference value :  3.61704e-06
 Reference value :  3.61714e-06
 Reference value :  3.61726e-06
 Reference value :  3.61734e-06
 Reference value :  3.61749e-06
 Reference value :  3.61773e-06
 Reference value :  3.61789e-06
 Reference value :  3.61811e-06
 Reference value :  3.61836e-06
 Reference value :  3.61876e-06
 Reference value :  3.61970e-06
 Reference value :  3.62407e-06
 Reference value :  3.62957e-06
 Reference value :  3.63657e-06
 Reference value :  3.64407e-06
 Reference value :  3.65157e-06
 Reference value :  3.65784e-06
 Reference value :  3.65798e-06
 Reference value :  3.65828e-06
 Reference value :  3.65882e-06
 Reference value :  3.65908e-06
 Reference value :  3.65938e-06
 Reference value :  3.65971e-06
 Reference value :  3.66040e-06
 Reference value :  3.66077e-06
 Reference value :  3.66147e-06
 Reference value :  3.66218e-06
 Reference value :  3.66297e-06
 Reference value :  3.66405e-06
 Reference value :  3.66670e-06
 Reference value :  3.67170e-06
 Reference value :  3.67720e-06
 Reference value :  3.68320e-06
 Reference value :  3.68920e-06
 Reference value :  3.69570e-06
 Reference value :  3.69953e-06
 Reference value :  3.69964e-06
 Reference value :  3.69990e-06
 Reference value :  3.70025e-06
 Reference value :  3.70038e-06
 Reference value :  3.70056e-06
 Reference value :  3.70066e-06
 Reference value :  3.70082e-06
 Reference value :  3.70103e-06
 Reference value :  3.70122e-06
 Reference value :  3.70142e-06
 Reference value :  3.70167e-06
 Reference value :  3.70193e-06
 Reference value :  3.70247e-06
 Reference value :  3.70607e-06
 Reference value :  3.71157e-06
 Reference value :  3.71707e-06
 Reference value :  3.72207e-06
 Reference value :  3.72757e-06
 Reference value :  3.73257e-06
 Reference value :  3.73807e-06
 Reference value :  3.74119e-06
 Reference value :  3.74126e-06
 Reference value :  3.74138e-06
 Reference value :  3.74161e-06
 Reference value :  3.74206e-06
 Reference value :  3.74217e-06
 Reference value :  3.74244e-06
 Reference value :  3.74286e-06
 Reference value :  3.74314e-06
 Reference value :  3.74360e-06
 Reference value :  3.74392e-06
 Reference value :  3.74412e-06
 Reference value :  3.74438e-06
 Reference value :  3.74540e-06
 Reference value :  3.74614e-06
 Reference value :  3.74688e-06
 Reference value :  3.74774e-06
 Reference value :  3.75203e-06
 Reference value :  3.75903e-06
 Reference value :  3.76453e-06
 Reference value :  3.77003e-06
 Reference value :  3.77553e-06
 Reference value :  3.78053e-06
 Reference value :  3.78289e-06
 Reference value :  3.78297e-06
 Reference value :  3.78317e-06
 Reference value :  3.78358e-06
 Reference value :  3.78371e-06
 Reference value :  3.78389e-06
 Reference value :  3.78398e-06
 Reference value :  3.78411e-06
 Reference value :  3.78435e-06
 Reference value :  3.78456e-06
 Reference value :  3.78475e-06
 Reference value :  3.78499e-06
 Reference value :  3.78528e-06
 Reference value :  3.78614e-06
 Reference value :  3.78972e-06
 Reference value :  3.79522e-06
 Reference value :  3.80072e-06
 Reference value :  3.80672e-06
 Reference value :  3.81222e-06
 Reference value :  3.81772e-06
 Reference value :  3.82322e-06
 Reference value :  3.82457e-06
 Reference value :  3.82466e-06
 Reference value :  3.82486e-06
 Reference value :  3.82539e-06
 Reference value :  3.82552e-06
 Reference value :  3.82576e-06
 Reference value :  3.82601e-06
 Reference value :  3.82631e-06
 Reference value :  3.82678e-06
 Reference value :  3.82718e-06
 Reference value :  3.82743e-06
 Reference value :  3.82785e-06
 Reference value :  3.82914e-06
 Reference value :  3.82967e-06
 Reference value :  3.83044e-06
 Reference value :  3.83121e-06
 Reference value :  3.83241e-06
 Reference value :  3.83572e-06
 Reference value :  3.84122e-06
 Reference value :  3.84722e-06
 Reference value :  3.85272e-06
 Reference value :  3.85772e-06
 Reference value :  3.86272e-06
 Reference value :  3.86619e-06
 Reference value :  3.86629e-06
 Reference value :  3.86645e-06
 Reference value :  3.86683e-06
 Reference value :  3.86711e-06
 Reference value :  3.86726e-06
 Reference value :  3.86734e-06
 Reference value :  3.86744e-06
 Reference value :  3.86765e-06
 Reference value :  3.86784e-06
 Reference value :  3.86803e-06
 Reference value :  3.86823e-06
 Reference value :  3.86853e-06
 Reference value :  3.86899e-06
 Reference value :  3.87052e-06
 Reference value :  3.87555e-06
 Reference value :  3.88105e-06
 Reference value :  3.88655e-06
 Reference value :  3.89255e-06
 Reference value :  3.89855e-06
 Reference value :  3.90405e-06
 Reference value :  3.90785e-06
 Reference value :  3.90793e-06
 Reference value :  3.90807e-06
 Reference value :  3.90836e-06
 Reference value :  3.90882e-06
 Reference value :  3.90897e-06
 Reference value :  3.90924e-06
 Reference value :  3.90947e-06
 Reference value :  3.90970e-06
 Reference value :  3.91026e-06
 Reference value :  3.91065e-06
 Reference value :  3.91082e-06
 Reference value :  3.91135e-06
 Reference value :  3.91241e-06
 Reference value :  3.91303e-06
 Reference value :  3.91369e-06
 Reference value :  3.91464e-06
 Reference value :  3.91643e-06
 Reference value :  3.92193e-06
 Reference value :  3.92743e-06
 Reference value :  3.93293e-06
 Reference value :  3.93843e-06
 Reference value :  3.94393e-06
 Reference value :  3.94922e-06
 Reference value :  3.94955e-06
 Reference value :  3.94964e-06
 Reference value :  3.94979e-06
 Reference value :  3.95001e-06
 Reference value :  3.95030e-06
 Reference value :  3.95046e-06
 Reference value :  3.95058e-06
 Reference value :  3.95065e-06
 Reference value :  3.95077e-06
 Reference value :  3.95096e-06
 Reference value :  3.95109e-06
 Reference value :  3.95131e-06
 Reference value :  3.95158e-06
 Reference value :  3.95179e-06
 Reference value :  3.95216e-06
 Reference value :  3.95298e-06
 Reference value :  3.95857e-06
 Reference value :  3.96457e-06
 Reference value :  3.96957e-06
 Reference value :  3.97507e-06
 Reference value :  3.98057e-06
 Reference value :  3.98557e-06
 Reference value :  3.99087e-06
 Reference value :  3.99122e-06
 Reference value :  3.99131e-06
 Reference value :  3.99148e-06
 Reference value :  3.99204e-06
 Reference value :  3.99218e-06
 Reference value :  3.99242e-06
 Reference value :  3.99267e-06
 Reference value :  3.99293e-06
 Reference value :  3.99326e-06
 Reference value :  3.99371e-06
 Reference value :  3.99403e-06
 Reference value :  3.99440e-06
 Reference value :  3.99546e-06
 Reference value :  3.99669e-06
 Reference value :  3.99717e-06
 Reference value :  3.99757e-06
 Reference value :  3.99797e-06
 Reference value :  3.99969e-06
 Reference value :  4.00506e-06
 Reference value :  4.01056e-06
 Reference value :  4.01656e-06
 Reference value :  4.02206e-06
 Reference value :  4.02756e-06
 Reference value :  4.03284e-06
 Reference value :  4.03292e-06
 Reference value :  4.03302e-06
 Reference value :  4.03328e-06
 Reference value :  4.03373e-06
 Reference value :  4.03386e-06
 Reference value :  4.03395e-06
 Reference value :  4.03407e-06
 Reference value :  4.03421e-06
 Reference value :  4.03448e-06
 Reference value :  4.03456e-06
 Reference value :  4.03477e-06
 Reference value :  4.03499e-06
 Reference value :  4.03529e-06
 Reference value :  4.03617e-06
 Reference value :  4.04008e-06
 Reference value :  4.04558e-06
 Reference value :  4.05108e-06
 Reference value :  4.05708e-06
 Reference value :  4.06308e-06
 Reference value :  4.06858e-06
 Reference value :  4.07404e-06
 Reference value :  4.07457e-06
 Reference value :  4.07466e-06
 Reference value :  4.07489e-06
 Reference value :  4.07533e-06
 Reference value :  4.07550e-06
 Reference value :  4.07567e-06
 Reference value :  4.07590e-06
 Reference value :  4.07612e-06
 Reference value :  4.07645e-06
 Reference value :  4.07697e-06
 Reference value :  4.07728e-06
 Reference value :  4.07752e-06
 Reference value :  4.07859e-06
 Reference value :  4.07995e-06
 Reference value :  4.08085e-06
 Reference value :  4.08110e-06
 Reference value :  4.08144e-06
 Reference value :  4.08224e-06
 Reference value :  4.08616e-06
 Reference value :  4.09166e-06
 Reference value :  4.09716e-06
 Reference value :  4.10316e-06
 Reference value :  4.10866e-06
 Reference value :  4.11416e-06
 Reference value :  4.11620e-06
 Reference value :  4.11628e-06
 Reference value :  4.11645e-06
 Reference value :  4.11679e-06
 Reference value :  4.11702e-06
 Reference value :  4.11717e-06
 Reference value :  4.11732e-06
 Reference value :  4.11752e-06
 Reference value :  4.11783e-06
 Reference value :  4.11799e-06
 Reference value :  4.11825e-06
 Reference value :  4.11861e-06
 Reference value :  4.11889e-06
 Reference value :  4.11915e-06
 Reference value :  4.11986e-06
 Reference value :  4.12482e-06
 Reference value :  4.13332e-06
 Reference value :  4.14132e-06
 Reference value :  4.14932e-06
 Reference value :  4.15783e-06
 Reference value :  4.15799e-06
 Reference value :  4.15866e-06
 Reference value :  4.15905e-06
 Reference value :  4.15943e-06
 Reference value :  4.15998e-06
 Reference value :  4.16057e-06
 Reference value :  4.16108e-06
 Reference value :  4.16200e-06
 Reference value :  4.16258e-06
 Reference value :  4.16610e-06
 Reference value :  4.17403e-06
 Reference value :  4.18353e-06
 Reference value :  4.19253e-06
 Reference value :  4.19951e-06
 Reference value :  4.19964e-06
 Reference value :  4.20006e-06
 Reference value :  4.20043e-06
 Reference value :  4.20061e-06
 Reference value :  4.20083e-06
 Reference value :  4.20106e-06
 Reference value :  4.20126e-06
 Reference value :  4.20156e-06
 Reference value :  4.20190e-06
 Reference value :  4.20306e-06
 Reference value :  4.20987e-06
 Reference value :  4.21787e-06
 Reference value :  4.22637e-06
 Reference value :  4.23387e-06
 Reference value :  4.24117e-06
 Reference value :  4.24130e-06
 Reference value :  4.24157e-06
 Reference value :  4.24217e-06
 Reference value :  4.24250e-06
 Reference value :  4.24298e-06
 Reference value :  4.24358e-06
 Reference value :  4.24387e-06
 Reference value :  4.24447e-06
 Reference value :  4.24543e-06
 Reference value :  4.24672e-06
 Reference value :  4.25361e-06
 Reference value :  4.26111e-06
 Reference value :  4.27011e-06
 Reference value :  4.27811e-06
 Reference value :  4.28286e-06
 Reference value :  4.28302e-06
 Reference value :  4.28346e-06
 Reference value :  4.28377e-06
 Reference value :  4.28401e-06
 Reference value :  4.28427e-06
 Reference value :  4.28445e-06
 Reference value :  4.28462e-06
 Reference value :  4.28502e-06
 Reference value :  4.28541e-06
 Reference value :  4.28651e-06
 Reference value :  4.29378e-06
 Reference value :  4.30478e-06
 Reference value :  4.31628e-06
 Reference value :  4.32453e-06
 Reference value :  4.32465e-06
 Reference value :  4.32496e-06
 Reference value :  4.32550e-06
 Reference value :  4.32584e-06
 Reference value :  4.32633e-06
 Reference value :  4.32718e-06
 Reference value :  4.32896e-06
 Reference value :  4.32996e-06
 Reference value :  4.33398e-06
 Reference value :  4.34198e-06
 Reference value :  4.34362e-06
 Reference value :  4.34462e-06
 Reference value :  4.34509e-06
 Reference value :  4.34854e-06
 Reference value :  4.35804e-06
 Reference value :  4.36504e-06
 Reference value :  4.36626e-06
 Reference value :  4.36646e-06
 Reference value :  4.36688e-06
 Reference value :  4.36707e-06
 Reference value :  4.36727e-06
 Reference value :  4.36742e-06
 Reference value :  4.36774e-06
 Reference value :  4.36803e-06
 Reference value :  4.36843e-06
 Reference value :  4.36891e-06
 Reference value :  4.37038e-06
 Reference value :  4.38062e-06
 Reference value :  4.38862e-06
 Reference value :  4.39662e-06
 Reference value :  4.40512e-06
 Reference value :  4.40789e-06
 Reference value :  4.40806e-06
 Reference value :  4.40837e-06
 Reference value :  4.40883e-06
 Reference value :  4.40897e-06
 Reference value :  4.40922e-06
 Reference value :  4.40950e-06
 Reference value :  4.40989e-06
 Reference value :  4.41064e-06
 Reference value :  4.41220e-06
 Reference value :  4.41404e-06
 Reference value :  4.41899e-06
 Reference value :  4.42467e-06
 Reference value :  4.42655e-06
 Reference value :  4.42802e-06
 Reference value :  4.42868e-06
 Reference value :  4.43247e-06
 Reference value :  4.43797e-06
 Reference value :  4.44397e-06
 Reference value :  4.44897e-06
 Reference value :  4.44955e-06
 Reference value :  4.44964e-06
 Reference value :  4.44982e-06
 Reference value :  4.45014e-06
 Reference value :  4.45037e-06
 Reference value :  4.45047e-06
 Reference value :  4.45063e-06
 Reference value :  4.45085e-06
 Reference value :  4.45110e-06
 Reference value :  4.45121e-06
 Reference value :  4.45143e-06
 Reference value :  4.45173e-06
 Reference value :  4.45219e-06
 Reference value :  4.45338e-06
 Reference value :  4.45892e-06
 Reference value :  4.46492e-06
 Reference value :  4.47042e-06
 Reference value :  4.47592e-06
 Reference value :  4.48142e-06
 Reference value :  4.48692e-06
 Reference value :  4.49117e-06
 Reference value :  4.49124e-06
 Reference value :  4.49140e-06
 Reference value :  4.49172e-06
 Reference value :  4.49216e-06
 Reference value :  4.49226e-06
 Reference value :  4.49250e-06
 Reference value :  4.49276e-06
 Reference value :  4.49301e-06
 Reference value :  4.49380e-06
 Reference value :  4.49560e-06
 Reference value :  4.49616e-06
 Reference value :  4.49718e-06
 Reference value :  4.50116e-06
 Reference value :  4.50666e-06
 Reference value :  4.51003e-06
 Reference value :  4.51095e-06
 Reference value :  4.51130e-06
 Reference value :  4.51188e-06
 Reference value :  4.51654e-06
 Reference value :  4.52404e-06
 Reference value :  4.52954e-06
 Reference value :  4.53286e-06
 Reference value :  4.53295e-06
 Reference value :  4.53308e-06
 Reference value :  4.53330e-06
 Reference value :  4.53365e-06
 Reference value :  4.53383e-06
 Reference value :  4.53395e-06
 Reference value :  4.53404e-06
 Reference value :  4.53419e-06
 Reference value :  4.53438e-06
 Reference value :  4.53450e-06
 Reference value :  4.53472e-06
 Reference value :  4.53495e-06
 Reference value :  4.53514e-06
 Reference value :  4.53535e-06
 Reference value :  4.53572e-06
 Reference value :  4.53684e-06
 Reference value :  4.54196e-06
 Reference value :  4.54746e-06
 Reference value :  4.55296e-06
 Reference value :  4.55846e-06
 Reference value :  4.56396e-06
 Reference value :  4.56946e-06
 Reference value :  4.57450e-06
 Reference value :  4.57459e-06
 Reference value :  4.57475e-06
 Reference value :  4.57513e-06
 Reference value :  4.57550e-06
 Reference value :  4.57564e-06
 Reference value :  4.57584e-06
 Reference value :  4.57609e-06
 Reference value :  4.57635e-06
 Reference value :  4.57689e-06
 Reference value :  4.57894e-06
 Reference value :  4.57990e-06
 Reference value :  4.58272e-06
 Reference value :  4.58822e-06
 Reference value :  4.59272e-06
 Reference value :  4.59400e-06
 Reference value :  4.59543e-06
 Reference value :  4.59569e-06
 Reference value :  4.59602e-06
 Reference value :  4.59707e-06
 Reference value :  4.60349e-06
 Reference value :  4.60999e-06
 Reference value :  4.61549e-06
 Reference value :  4.61622e-06
 Reference value :  4.61631e-06
 Reference value :  4.61653e-06
 Reference value :  4.61678e-06
 Reference value :  4.61702e-06
 Reference value :  4.61718e-06
 Reference value :  4.61728e-06
 Reference value :  4.61739e-06
 Reference value :  4.61756e-06
 Reference value :  4.61785e-06
 Reference value :  4.61802e-06
 Reference value :  4.61821e-06
 Reference value :  4.61843e-06
 Reference value :  4.61863e-06
 Reference value :  4.61900e-06
 Reference value :  4.62080e-06
 Reference value :  4.62623e-06
 Reference value :  4.63173e-06
 Reference value :  4.63723e-06
 Reference value :  4.64323e-06
 Reference value :  4.64873e-06
 Reference value :  4.65423e-06
 Reference value :  4.65785e-06
 Reference value :  4.65792e-06
 Reference value :  4.65802e-06
 Reference value :  4.65828e-06
 Reference value :  4.65882e-06
 Reference value :  4.65901e-06
 Reference value :  4.65928e-06
 Reference value :  4.65959e-06
 Reference value :  4.65998e-06
 Reference value :  4.66088e-06
 Reference value :  4.66226e-06
 Reference value :  4.66300e-06
 Reference value :  4.66401e-06
 Reference value :  4.66752e-06
 Reference value :  4.67252e-06
 Reference value :  4.67602e-06
 Reference value :  4.67714e-06
 Reference value :  4.67831e-06
 Reference value :  4.67853e-06
 Reference value :  4.67883e-06
 Reference value :  4.67986e-06
 Reference value :  4.68477e-06
 Reference value :  4.69077e-06
 Reference value :  4.69627e-06
 Reference value :  4.69953e-06
 Reference value :  4.69964e-06
 Reference value :  4.69991e-06
 Reference value :  4.70030e-06
 Reference value :  4.70050e-06
 Reference value :  4.70062e-06
 Reference value :  4.70073e-06
 Reference value :  4.70103e-06
 Reference value :  4.70120e-06
 Reference value :  4.70139e-06
 Reference value :  4.70156e-06
 Reference value :  4.70172e-06
 Reference value :  4.70196e-06
 Reference value :  4.70253e-06
 Reference value :  4.70604e-06
 Reference value :  4.71354e-06
 Reference value :  4.71954e-06
 Reference value :  4.72604e-06
 Reference value :  4.73454e-06
 Reference value :  4.74054e-06
 Reference value :  4.74122e-06
 Reference value :  4.74135e-06
 Reference value :  4.74162e-06
 Reference value :  4.74217e-06
 Reference value :  4.74243e-06
 Reference value :  4.74276e-06
 Reference value :  4.74301e-06
 Reference value :  4.74351e-06
 Reference value :  4.74470e-06
 Reference value :  4.74566e-06
 Reference value :  4.74635e-06
 Reference value :  4.74860e-06
 Reference value :  4.75418e-06
 Reference value :  4.75868e-06
 Reference value :  4.75977e-06
 Reference value :  4.76110e-06
 Reference value :  4.76163e-06
 Reference value :  4.76298e-06
 Reference value :  4.76826e-06
 Reference value :  4.77376e-06
 Reference value :  4.77976e-06
 Reference value :  4.78286e-06
 Reference value :  4.78292e-06
 Reference value :  4.78307e-06
 Reference value :  4.78334e-06
 Reference value :  4.78367e-06
 Reference value :  4.78380e-06
 Reference value :  4.78395e-06
 Reference value :  4.78406e-06
 Reference value :  4.78420e-06
 Reference value :  4.78445e-06
 Reference value :  4.78466e-06
 Reference value :  4.78477e-06
 Reference value :  4.78499e-06
 Reference value :  4.78517e-06
 Reference value :  4.78555e-06
 Reference value :  4.78705e-06
 Reference value :  4.79385e-06
 Reference value :  4.80185e-06
 Reference value :  4.80835e-06
 Reference value :  4.81435e-06
 Reference value :  4.82035e-06
 Reference value :  4.82453e-06
 Reference value :  4.82465e-06
 Reference value :  4.82499e-06
 Reference value :  4.82550e-06
 Reference value :  4.82576e-06
 Reference value :  4.82606e-06
 Reference value :  4.82630e-06
 Reference value :  4.82704e-06
 Reference value :  4.82915e-06
 Reference value :  4.83437e-06
 Reference value :  4.84087e-06
 Reference value :  4.84316e-06
 Reference value :  4.84375e-06
 Reference value :  4.84439e-06
 Reference value :  4.84474e-06
 Reference value :  4.84670e-06
 Reference value :  4.85263e-06
 Reference value :  4.85813e-06
 Reference value :  4.86363e-06
 Reference value :  4.86619e-06
 Reference value :  4.86626e-06
 Reference value :  4.86636e-06
 Reference value :  4.86669e-06
 Reference value :  4.86698e-06
 Reference value :  4.86712e-06
 Reference value :  4.86727e-06
 Reference value :  4.86738e-06
 Reference value :  4.86756e-06
 Reference value :  4.86776e-06
 Reference value :  4.86791e-06
 Reference value :  4.86811e-06
 Reference value :  4.86834e-06
 Reference value :  4.86847e-06
 Reference value :  4.86868e-06
 Reference value :  4.86905e-06
 Reference value :  4.87001e-06
 Reference value :  4.87554e-06
 Reference value :  4.88104e-06
 Reference value :  4.88654e-06
 Reference value :  4.89204e-06
 Reference value :  4.89854e-06
 Reference value :  4.90404e-06
 Reference value :  4.90785e-06
 Reference value :  4.90794e-06
 Reference value :  4.90807e-06
 Reference value :  4.90836e-06
 Reference value :  4.90883e-06
 Reference value :  4.90896e-06
 Reference value :  4.90921e-06
 Reference value :  4.90951e-06
 Reference value :  4.90983e-06
 Reference value :  4.91039e-06
 Reference value :  4.91188e-06
 Reference value :  4.91246e-06
 Reference value :  4.91339e-06
 Reference value :  4.91716e-06
 Reference value :  4.92216e-06
 Reference value :  4.92750e-06
 Reference value :  4.92816e-06
 Reference value :  4.92889e-06
 Reference value :  4.92920e-06
 Reference value :  4.92962e-06
 Reference value :  4.93097e-06
 Reference value :  4.93639e-06
 Reference value :  4.94139e-06
 Reference value :  4.94639e-06
 Reference value :  4.94952e-06
 Reference value :  4.94961e-06
 Reference value :  4.94972e-06
 Reference value :  4.94996e-06
 Reference value :  4.95026e-06
 Reference value :  4.95044e-06
 Reference value :  4.95055e-06
 Reference value :  4.95064e-06
 Reference value :  4.95073e-06
 Reference value :  4.95092e-06
 Reference value :  4.95108e-06
 Reference value :  4.95133e-06
 Reference value :  4.95148e-06
 Reference value :  4.95170e-06
 Reference value :  4.95185e-06
 Reference value :  4.95212e-06
 Reference value :  4.95250e-06
 Reference value :  4.95375e-06
 Reference value :  4.95859e-06
 Reference value :  4.96409e-06
 Reference value :  4.96959e-06
 Reference value :  4.97509e-06
 Reference value :  4.98059e-06
 Reference value :  4.98659e-06
 Reference value :  4.99117e-06
 Reference value :  4.99124e-06
 Reference value :  4.99136e-06
 Reference value :  4.99165e-06
 Reference value :  4.99217e-06
 Reference value :  4.99234e-06
 Reference value :  4.99254e-06
 Reference value :  4.99276e-06
 Reference value :  4.99305e-06
 Reference value :  4.99370e-06
 Reference value :  4.99494e-06
 Reference value :  4.99608e-06
 Reference value :  4.99732e-06
 Reference value :  5.00191e-06
 Reference value :  5.00739e-06
 Reference value :  5.01006e-06
 Reference value :  5.01175e-06
 Reference value :  5.01240e-06
 Reference value :  5.01598e-06
 Reference value :  5.02148e-06
 Reference value :  5.02698e-06
 Reference value :  5.03283e-06
 Reference value :  5.03292e-06
 Reference value :  5.03301e-06
 Reference value :  5.03323e-06
 Reference value :  5.03358e-06
 Reference value :  5.03377e-06
 Reference value :  5.03392e-06
 Reference value :  5.03411e-06
 Reference value :  5.03443e-06
 Reference value :  5.03460e-06
 Reference value :  5.03480e-06
 Reference value :  5.03504e-06
 Reference value :  5.03534e-06
 Reference value :  5.03582e-06
 Reference value :  5.03738e-06
 Reference value :  5.04287e-06
 Reference value :  5.04887e-06
 Reference value :  5.05437e-06
 Reference value :  5.05987e-06
 Reference value :  5.06537e-06
 Reference value :  5.07037e-06
 Reference value :  5.07450e-06
 Reference value :  5.07460e-06
 Reference value :  5.07478e-06
 Reference value :  5.07514e-06
 Reference value :  5.07551e-06
 Reference value :  5.07574e-06
 Reference value :  5.07604e-06
 Reference value :  5.07630e-06
 Reference value :  5.07673e-06
 Reference value :  5.07800e-06
 Reference value :  5.07926e-06
 Reference value :  5.08129e-06
 Reference value :  5.08542e-06
 Reference value :  5.09092e-06
 Reference value :  5.09319e-06
 Reference value :  5.09518e-06
 Reference value :  5.09621e-06
 Reference value :  5.10096e-06
 Reference value :  5.10646e-06
 Reference value :  5.11196e-06
 Reference value :  5.11617e-06
 Reference value :  5.11624e-06
 Reference value :  5.11634e-06
 Reference value :  5.11659e-06
 Reference value :  5.11693e-06
 Reference value :  5.11708e-06
 Reference value :  5.11721e-06
 Reference value :  5.11731e-06
 Reference value :  5.11738e-06
 Reference value :  5.11755e-06
 Reference value :  5.11775e-06
 Reference value :  5.11792e-06
 Reference value :  5.11806e-06
 Reference value :  5.11824e-06
 Reference value :  5.11847e-06
 Reference value :  5.11856e-06
 Reference value :  5.11869e-06
 Reference value :  5.11884e-06
 Reference value :  5.11897e-06
 Reference value :  5.11913e-06
 Reference value :  5.11930e-06
 Reference value :  5.11969e-06
 Reference value :  5.12104e-06
 Reference value :  5.12661e-06
 Reference value :  5.13161e-06
 Reference value :  5.13711e-06
 Reference value :  5.14261e-06
 Reference value :  5.14961e-06
 Reference value :  5.15561e-06
 Reference value :  5.15789e-06
 Reference value :  5.15798e-06
 Reference value :  5.15825e-06
 Reference value :  5.15877e-06
 Reference value :  5.15897e-06
 Reference value :  5.15920e-06
 Reference value :  5.15943e-06
 Reference value :  5.15984e-06
 Reference value :  5.16058e-06
 Reference value :  5.16091e-06
 Reference value :  5.16110e-06
 Reference value :  5.16129e-06
 Reference value :  5.16153e-06
 Reference value :  5.16200e-06
 Reference value :  5.16392e-06
 Reference value :  5.16911e-06
 Reference value :  5.17461e-06
 Reference value :  5.18011e-06
 Reference value :  5.18661e-06
 Reference value :  5.19261e-06
 Reference value :  5.19811e-06
 Reference value :  5.19956e-06
 Reference value :  5.19963e-06
 Reference value :  5.19981e-06
 Reference value :  5.20014e-06
 Reference value :  5.20043e-06
 Reference value :  5.20055e-06
 Reference value :  5.20069e-06
 Reference value :  5.20076e-06
 Reference value :  5.20095e-06
 Reference value :  5.20115e-06
 Reference value :  5.20128e-06
 Reference value :  5.20150e-06
 Reference value :  5.20175e-06
 Reference value :  5.20201e-06
 Reference value :  5.20247e-06
 Reference value :  5.20521e-06
 Reference value :  5.21071e-06
 Reference value :  5.21621e-06
 Reference value :  5.22171e-06
 Reference value :  5.22721e-06
 Reference value :  5.23271e-06
 Reference value :  5.23821e-06
 Reference value :  5.24120e-06
 Reference value :  5.24129e-06
 Reference value :  5.24148e-06
 Reference value :  5.24189e-06
 Reference value :  5.24216e-06
 Reference value :  5.24225e-06
 Reference value :  5.24247e-06
 Reference value :  5.24267e-06
 Reference value :  5.24292e-06
 Reference value :  5.24347e-06
 Reference value :  5.24399e-06
 Reference value :  5.24424e-06
 Reference value :  5.24445e-06
 Reference value :  5.24471e-06
 Reference value :  5.24547e-06
 Reference value :  5.24963e-06
 Reference value :  5.25513e-06
 Reference value :  5.26063e-06
 Reference value :  5.26613e-06
 Reference value :  5.27163e-06
 Reference value :  5.27713e-06
 Reference value :  5.28248e-06
 Reference value :  5.28289e-06
 Reference value :  5.28297e-06
 Reference value :  5.28317e-06
 Reference value :  5.28354e-06
 Reference value :  5.28372e-06
 Reference value :  5.28389e-06
 Reference value :  5.28402e-06
 Reference value :  5.28411e-06
 Reference value :  5.28419e-06
 Reference value :  5.28440e-06
 Reference value :  5.28455e-06
 Reference value :  5.28483e-06
 Reference value :  5.28506e-06
 Reference value :  5.28536e-06
 Reference value :  5.28595e-06
 Reference value :  5.28861e-06
 Reference value :  5.29411e-06
 Reference value :  5.29961e-06
 Reference value :  5.30561e-06
 Reference value :  5.31111e-06
 Reference value :  5.31711e-06
 Reference value :  5.32261e-06
 Reference value :  5.32456e-06
 Reference value :  5.32468e-06
 Reference value :  5.32495e-06
 Reference value :  5.32550e-06
 Reference value :  5.32567e-06
 Reference value :  5.32592e-06
 Reference value :  5.32616e-06
 Reference value :  5.32643e-06
 Reference value :  5.32717e-06
 Reference value :  5.32817e-06
 Reference value :  5.32850e-06
 Reference value :  5.32905e-06
 Reference value :  5.33387e-06
 Reference value :  5.33666e-06
 Reference value :  5.33907e-06
 Reference value :  5.34031e-06
 Reference value :  5.34336e-06
 Reference value :  5.34886e-06
 Reference value :  5.35436e-06
 Reference value :  5.35986e-06
 Reference value :  5.36576e-06
 Reference value :  5.36624e-06
 Reference value :  5.36633e-06
 Reference value :  5.36653e-06
 Reference value :  5.36691e-06
 Reference value :  5.36705e-06
 Reference value :  5.36720e-06
 Reference value :  5.36734e-06
 Reference value :  5.36757e-06
 Reference value :  5.36779e-06
 Reference value :  5.36795e-06
 Reference value :  5.36826e-06
 Reference value :  5.36850e-06
 Reference value :  5.36896e-06
 Reference value :  5.37213e-06
 Reference value :  5.37763e-06
 Reference value :  5.38363e-06
 Reference value :  5.38963e-06
 Reference value :  5.39513e-06
 Reference value :  5.40113e-06
 Reference value :  5.40713e-06
 Reference value :  5.40789e-06
 Reference value :  5.40797e-06
 Reference value :  5.40814e-06
 Reference value :  5.40863e-06
 Reference value :  5.40884e-06
 Reference value :  5.40907e-06
 Reference value :  5.40928e-06
 Reference value :  5.40951e-06
 Reference value :  5.40988e-06
 Reference value :  5.41136e-06
 Reference value :  5.41346e-06
 Reference value :  5.41464e-06
 Reference value :  5.41837e-06
 Reference value :  5.42387e-06
 Reference value :  5.42937e-06
 Reference value :  5.43487e-06
 Reference value :  5.43987e-06
 Reference value :  5.44537e-06
 Reference value :  5.44950e-06
 Reference value :  5.44960e-06
 Reference value :  5.44972e-06
 Reference value :  5.44995e-06
 Reference value :  5.45034e-06
 Reference value :  5.45050e-06
 Reference value :  5.45072e-06
 Reference value :  5.45098e-06
 Reference value :  5.45124e-06
 Reference value :  5.45151e-06
 Reference value :  5.45194e-06
 Reference value :  5.45264e-06
 Reference value :  5.45541e-06
 Reference value :  5.46136e-06
 Reference value :  5.46686e-06
 Reference value :  5.47236e-06
 Reference value :  5.47786e-06
 Reference value :  5.48336e-06
 Reference value :  5.48886e-06
 Reference value :  5.49121e-06
 Reference value :  5.49130e-06
 Reference value :  5.49143e-06
 Reference value :  5.49173e-06
 Reference value :  5.49217e-06
 Reference value :  5.49238e-06
 Reference value :  5.49258e-06
 Reference value :  5.49285e-06
 Reference value :  5.49327e-06
 Reference value :  5.49508e-06
 Reference value :  5.49778e-06
 Reference value :  5.50328e-06
 Reference value :  5.50928e-06
 Reference value :  5.51528e-06
 Reference value :  5.52078e-06
 Reference value :  5.52678e-06
 Reference value :  5.53283e-06
 Reference value :  5.53289e-06
 Reference value :  5.53301e-06
 Reference value :  5.53322e-06
 Reference value :  5.53358e-06
 Reference value :  5.53379e-06
 Reference value :  5.53400e-06
 Reference value :  5.53425e-06
 Reference value :  5.53452e-06
 Reference value :  5.53477e-06
 Reference value :  5.53521e-06
 Reference value :  5.53626e-06
 Reference value :  5.54141e-06
 Reference value :  5.54791e-06
 Reference value :  5.55441e-06
 Reference value :  5.56041e-06
 Reference value :  5.56591e-06
 Reference value :  5.57141e-06
 Reference value :  5.57453e-06
 Reference value :  5.57463e-06
 Reference value :  5.57479e-06
 Reference value :  5.57532e-06
 Reference value :  5.57556e-06
 Reference value :  5.57578e-06
 Reference value :  5.57601e-06
 Reference value :  5.57632e-06
 Reference value :  5.57781e-06
 Reference value :  5.57949e-06
 Reference value :  5.58205e-06
 Reference value :  5.58747e-06
 Reference value :  5.59247e-06
 Reference value :  5.59797e-06
 Reference value :  5.60347e-06
 Reference value :  5.60897e-06
 Reference value :  5.61447e-06
 Reference value :  5.61621e-06
 Reference value :  5.61630e-06
 Reference value :  5.61652e-06
 Reference value :  5.61702e-06
 Reference value :  5.61717e-06
 Reference value :  5.61732e-06
 Reference value :  5.61757e-06
 Reference value :  5.61782e-06
 Reference value :  5.61806e-06
 Reference value :  5.61847e-06
 Reference value :  5.61925e-06
 Reference value :  5.62270e-06
 Reference value :  5.62870e-06
 Reference value :  5.63420e-06
 Reference value :  5.64020e-06
 Reference value :  5.64570e-06
 Reference value :  5.65170e-06
 Reference value :  5.65783e-06
 Reference value :  5.65790e-06
 Reference value :  5.65803e-06
 Reference value :  5.65831e-06
 Reference value :  5.65883e-06
 Reference value :  5.65906e-06
 Reference value :  5.65939e-06
 Reference value :  5.65974e-06
 Reference value :  5.66070e-06
 Reference value :  5.66317e-06
 Reference value :  5.66870e-06
 Reference value :  5.67470e-06
 Reference value :  5.68020e-06
 Reference value :  5.68620e-06
 Reference value :  5.69170e-06
 Reference value :  5.69770e-06
 Reference value :  5.69956e-06
 Reference value :  5.69971e-06
 Reference value :  5.70005e-06
 Reference value :  5.70038e-06
 Reference value :  5.70055e-06
 Reference value :  5.70076e-06
 Reference value :  5.70105e-06
 Reference value :  5.70125e-06
 Reference value :  5.70147e-06
 Reference value :  5.70200e-06
 Reference value :  5.70310e-06
 Reference value :  5.70827e-06
 Reference value :  5.71377e-06
 Reference value :  5.71927e-06
 Reference value :  5.72477e-06
 Reference value :  5.73227e-06
 Reference value :  5.73977e-06
 Reference value :  5.74126e-06
 Reference value :  5.74145e-06
 Reference value :  5.74209e-06
 Reference value :  5.74228e-06
 Reference value :  5.74252e-06
 Reference value :  5.74281e-06
 Reference value :  5.74364e-06
 Reference value :  5.74546e-06
 Reference value :  5.74770e-06
 Reference value :  5.75419e-06
 Reference value :  5.76169e-06
 Reference value :  5.76969e-06
 Reference value :  5.77669e-06
 Reference value :  5.78251e-06
 Reference value :  5.78289e-06
 Reference value :  5.78297e-06
 Reference value :  5.78313e-06
 Reference value :  5.78336e-06
 Reference value :  5.78363e-06
 Reference value :  5.78383e-06
 Reference value :  5.78396e-06
 Reference value :  5.78417e-06
 Reference value :  5.78442e-06
 Reference value :  5.78472e-06
 Reference value :  5.78512e-06
 Reference value :  5.78575e-06
 Reference value :  5.78760e-06
 Reference value :  5.79259e-06
 Reference value :  5.79809e-06
 Reference value :  5.80359e-06
 Reference value :  5.80859e-06
 Reference value :  5.81409e-06
 Reference value :  5.81909e-06
 Reference value :  5.82404e-06
 Reference value :  5.82457e-06
 Reference value :  5.82468e-06
 Reference value :  5.82491e-06
 Reference value :  5.82542e-06
 Reference value :  5.82554e-06
 Reference value :  5.82577e-06
 Reference value :  5.82601e-06
 Reference value :  5.82629e-06
 Reference value :  5.82723e-06
 Reference value :  5.82950e-06
 Reference value :  5.83094e-06
 Reference value :  5.83332e-06
 Reference value :  5.83882e-06
 Reference value :  5.84432e-06
 Reference value :  5.84932e-06
 Reference value :  5.85432e-06
 Reference value :  5.85982e-06
 Reference value :  5.86482e-06
 Reference value :  5.86622e-06
 Reference value :  5.86630e-06
 Reference value :  5.86649e-06
 Reference value :  5.86678e-06
 Reference value :  5.86696e-06
 Reference value :  5.86717e-06
 Reference value :  5.86731e-06
 Reference value :  5.86756e-06
 Reference value :  5.86780e-06
 Reference value :  5.86804e-06
 Reference value :  5.86830e-06
 Reference value :  5.86882e-06
 Reference value :  5.87063e-06
 Reference value :  5.87609e-06
 Reference value :  5.88159e-06
 Reference value :  5.88709e-06
 Reference value :  5.89259e-06
 Reference value :  5.89759e-06
 Reference value :  5.90309e-06
 Reference value :  5.90785e-06
 Reference value :  5.90792e-06
 Reference value :  5.90805e-06
 Reference value :  5.90826e-06
 Reference value :  5.90864e-06
 Reference value :  5.90883e-06
 Reference value :  5.90900e-06
 Reference value :  5.90927e-06
 Reference value :  5.90948e-06
 Reference value :  5.90987e-06
 Reference value :  5.91130e-06
 Reference value :  5.91372e-06
 Reference value :  5.91852e-06
 Reference value :  5.92402e-06
 Reference value :  5.92902e-06
 Reference value :  5.93402e-06
 Reference value :  5.93902e-06
 Reference value :  5.94402e-06
 Reference value :  5.94950e-06
 Reference value :  5.94957e-06
 Reference value :  5.94965e-06
 Reference value :  5.94985e-06
 Reference value :  5.95027e-06
 Reference value :  5.95039e-06
 Reference value :  5.95052e-06
 Reference value :  5.95067e-06
 Reference value :  5.95083e-06
 Reference value :  5.95111e-06
 Reference value :  5.95128e-06
 Reference value :  5.95160e-06
 Reference value :  5.95216e-06
 Reference value :  5.95297e-06
 Reference value :  5.95738e-06
 Reference value :  5.96238e-06
 Reference value :  5.96788e-06
 Reference value :  5.97288e-06
 Reference value :  5.97838e-06
 Reference value :  5.98338e-06
 Reference value :  5.98888e-06
 Reference value :  5.99120e-06
 Reference value :  5.99130e-06
 Reference value :  5.99145e-06
 Reference value :  5.99175e-06
 Reference value :  5.99214e-06
 Reference value :  5.99227e-06
 Reference value :  5.99251e-06
 Reference value :  5.99273e-06
 Reference value :  5.99298e-06
 Reference value :  5.99360e-06
 Reference value :  5.99542e-06
 Reference value :  5.99755e-06
 Reference value :  6.00116e-06
 Reference value :  6.00616e-06
 Reference value :  6.01116e-06
 Reference value :  6.01616e-06
 Reference value :  6.02116e-06
 Reference value :  6.02616e-06
 Reference value :  6.03116e-06
 Reference value :  6.03287e-06
 Reference value :  6.03294e-06
 Reference value :  6.03309e-06
 Reference value :  6.03323e-06
 Reference value :  6.03358e-06
 Reference value :  6.03373e-06
 Reference value :  6.03388e-06
 Reference value :  6.03407e-06
 Reference value :  6.03425e-06
 Reference value :  6.03465e-06
 Reference value :  6.03483e-06
 Reference value :  6.03501e-06
 Reference value :  6.03522e-06
 Reference value :  6.03551e-06
 Reference value :  6.03589e-06
 Reference value :  6.03726e-06
 Reference value :  6.04213e-06
 Reference value :  6.04763e-06
 Reference value :  6.05313e-06
 Reference value :  6.05913e-06
 Reference value :  6.06463e-06
 Reference value :  6.07013e-06
 Reference value :  6.07451e-06
 Reference value :  6.07460e-06
 Reference value :  6.07471e-06
 Reference value :  6.07496e-06
 Reference value :  6.07545e-06
 Reference value :  6.07558e-06
 Reference value :  6.07578e-06
 Reference value :  6.07596e-06
 Reference value :  6.07622e-06
 Reference value :  6.07728e-06
 Reference value :  6.07929e-06
 Reference value :  6.08300e-06
 Reference value :  6.08554e-06
 Reference value :  6.09054e-06
 Reference value :  6.09546e-06
 Reference value :  6.10046e-06
 Reference value :  6.10546e-06
 Reference value :  6.11046e-06
 Reference value :  6.11617e-06
 Reference value :  6.11622e-06
 Reference value :  6.11630e-06
 Reference value :  6.11650e-06
 Reference value :  6.11675e-06
 Reference value :  6.11714e-06
 Reference value :  6.11730e-06
 Reference value :  6.11739e-06
 Reference value :  6.11751e-06
 Reference value :  6.11760e-06
 Reference value :  6.11770e-06
 Reference value :  6.11780e-06
 Reference value :  6.11794e-06
 Reference value :  6.11803e-06
 Reference value :  6.11816e-06
 Reference value :  6.11834e-06
 Reference value :  6.11852e-06
 Reference value :  6.11873e-06
 Reference value :  6.11886e-06
 Reference value :  6.11902e-06
 Reference value :  6.11926e-06
 Reference value :  6.11968e-06
 Reference value :  6.12211e-06
 Reference value :  6.12761e-06
 Reference value :  6.13261e-06
 Reference value :  6.13811e-06
 Reference value :  6.14311e-06
 Reference value :  6.14861e-06
 Reference value :  6.15411e-06
 Reference value :  6.15786e-06
 Reference value :  6.15794e-06
 Reference value :  6.15810e-06
 Reference value :  6.15836e-06
 Reference value :  6.15873e-06
 Reference value :  6.15891e-06
 Reference value :  6.15916e-06
 Reference value :  6.15937e-06
 Reference value :  6.15965e-06
 Reference value :  6.16010e-06
 Reference value :  6.16062e-06
 Reference value :  6.16086e-06
 Reference value :  6.16108e-06
 Reference value :  6.16123e-06
 Reference value :  6.16141e-06
 Reference value :  6.16182e-06
 Reference value :  6.16287e-06
 Reference value :  6.16810e-06
 Reference value :  6.17310e-06
 Reference value :  6.17860e-06
 Reference value :  6.18460e-06
 Reference value :  6.18960e-06
 Reference value :  6.19460e-06
 Reference value :  6.19950e-06
 Reference value :  6.19958e-06
 Reference value :  6.19967e-06
 Reference value :  6.19992e-06
 Reference value :  6.20031e-06
 Reference value :  6.20048e-06
 Reference value :  6.20061e-06
 Reference value :  6.20071e-06
 Reference value :  6.20089e-06
 Reference value :  6.20111e-06
 Reference value :  6.20127e-06
 Reference value :  6.20145e-06
 Reference value :  6.20170e-06
 Reference value :  6.20195e-06
 Reference value :  6.20237e-06
 Reference value :  6.20427e-06
 Reference value :  6.20950e-06
 Reference value :  6.21500e-06
 Reference value :  6.22050e-06
 Reference value :  6.22650e-06
 Reference value :  6.23200e-06
 Reference value :  6.23750e-06
 Reference value :  6.24118e-06
 Reference value :  6.24127e-06
 Reference value :  6.24140e-06
 Reference value :  6.24172e-06
 Reference value :  6.24216e-06
 Reference value :  6.24227e-06
 Reference value :  6.24246e-06
 Reference value :  6.24266e-06
 Reference value :  6.24293e-06
 Reference value :  6.24350e-06
 Reference value :  6.24414e-06
 Reference value :  6.24448e-06
 Reference value :  6.24472e-06
 Reference value :  6.24514e-06
 Reference value :  6.24763e-06
 Reference value :  6.25363e-06
 Reference value :  6.25913e-06
 Reference value :  6.26463e-06
 Reference value :  6.27013e-06
 Reference value :  6.27563e-06
 Reference value :  6.28113e-06
 Reference value :  6.28287e-06
 Reference value :  6.28296e-06
 Reference value :  6.28310e-06
No. of Data Rows : 27665

  Measurements for Transient Analysis

d9_c1               =  1.92899e-04
d8_c1               =  3.34414e-04
d7_c1               =  1.79970e+00
d6_c1               =  1.79969e+00
d5_c1               =  1.79969e+00
d4_c1               =  3.34551e-04
d3_c1               =  3.34618e-04
d2_c1               =  3.34719e-04
d1_c1               =  3.34895e-04
d0_c1               =  3.35295e-04
d9_c2               =  1.80124e-04
d8_c2               =  1.79966e+00
d7_c2               =  3.24019e-04
d6_c2               =  1.79966e+00
d5_c2               =  1.79966e+00
d4_c2               =  1.79966e+00
d3_c2               =  1.79966e+00
d2_c2               =  1.79966e+00
d1_c2               =  1.79966e+00
d0_c2               =  1.79966e+00
d9_c3               =  1.47944e-04
d8_c3               =  1.79962e+00
d7_c3               =  1.79962e+00
d6_c3               =  1.79962e+00
d5_c3               =  1.79962e+00
d4_c3               =  1.79962e+00
d3_c3               =  1.79962e+00
d2_c3               =  1.79962e+00
d1_c3               =  1.79962e+00
d0_c3               =  1.79962e+00
d9_c4               =  1.79980e+00
d8_c4               =  3.52716e-04
d7_c4               =  1.79967e+00
d6_c4               =  3.52726e-04
d5_c4               =  3.52702e-04
d4_c4               =  3.52725e-04
d3_c4               =  3.52698e-04
d2_c4               =  3.52702e-04
d1_c4               =  3.52642e-04
d0_c4               =  1.79967e+00
d9_c5               =  1.79988e+00
d8_c5               =  1.79970e+00
d7_c5               =  1.79970e+00
d6_c5               =  1.79970e+00
d5_c5               =  1.79970e+00
d4_c5               =  1.79970e+00
d3_c5               =  1.79970e+00
d2_c5               =  1.79970e+00
d1_c5               =  1.79970e+00
d0_c5               =  1.79970e+00
busy_c1_p0          =  1.79959e+00
smpl_c1_p0          =  2.02693e-04
busy_c1_p1          =  1.79962e+00
smpl_c1_p1          =  2.09675e-04
busy_c1_p2          =  1.79963e+00
smpl_c1_p2          =  2.05137e-04
busy_c1_p3          =  1.79963e+00
smpl_c1_p3          =  2.06648e-04
busy_c1_p4          =  1.79962e+00
smpl_c1_p4          =  2.07424e-04
busy_c1_p5          =  1.79966e+00
smpl_c1_p5          =  2.06650e-04
busy_c1_p6          =  1.79964e+00
smpl_c1_p6          =  2.09942e-04
busy_c1_p7          =  1.79966e+00
smpl_c1_p7          =  2.08738e-04
busy_c1_p8          =  1.79968e+00
smpl_c1_p8          =  2.07495e-04
busy_c1_p9          =  1.79966e+00
smpl_c1_p9          =  2.09262e-04
busy_c1_p10         =  1.79966e+00
smpl_c1_p10         =  2.09696e-04
busy_c1_p11         =  2.58943e-04
smpl_c1_p11         =  1.79992e+00
busy_c2_p0          =  1.79961e+00
smpl_c2_p0          =  2.09030e-04
busy_c2_p1          =  1.79963e+00
smpl_c2_p1          =  2.03098e-04
busy_c2_p2          =  1.79965e+00
smpl_c2_p2          =  2.10062e-04
busy_c2_p3          =  1.79959e+00
smpl_c2_p3          =  1.97721e-04
busy_c2_p4          =  1.79966e+00
smpl_c2_p4          =  2.07719e-04
busy_c2_p5          =  1.79964e+00
smpl_c2_p5          =  2.09259e-04
busy_c2_p6          =  1.79963e+00
smpl_c2_p6          =  2.10919e-04
busy_c2_p7          =  1.79963e+00
smpl_c2_p7          =  2.09084e-04
busy_c2_p8          =  1.79963e+00
smpl_c2_p8          =  2.08546e-04
busy_c2_p9          =  1.79967e+00
smpl_c2_p9          =  2.10312e-04
busy_c2_p10         =  1.79963e+00
smpl_c2_p10         =  2.12007e-04
busy_c2_p11         =  2.63757e-04
smpl_c2_p11         =  1.79991e+00
busy_c3_p0          =  1.79965e+00
smpl_c3_p0          =  2.09785e-04
busy_c3_p1          =  1.79964e+00
smpl_c3_p1          =  2.10478e-04
busy_c3_p2          =  1.79963e+00
smpl_c3_p2          =  2.06520e-04
busy_c3_p3          =  1.79967e+00
smpl_c3_p3          =  2.09525e-04
busy_c3_p4          =  1.79962e+00
smpl_c3_p4          =  2.06832e-04
busy_c3_p5          =  1.79963e+00
smpl_c3_p5          =  2.07886e-04
busy_c3_p6          =  1.79962e+00
smpl_c3_p6          =  2.07599e-04
busy_c3_p7          =  1.79962e+00
smpl_c3_p7          =  2.10803e-04
busy_c3_p8          =  1.79962e+00
smpl_c3_p8          =  2.09677e-04
busy_c3_p9          =  1.79963e+00
smpl_c3_p9          =  2.11765e-04
busy_c3_p10         =  1.79959e+00
smpl_c3_p10         =  2.03377e-04
busy_c3_p11         =  2.88740e-04
smpl_c3_p11         =  1.79991e+00
busy_c4_p0          =  1.79961e+00
smpl_c4_p0          =  2.11110e-04
busy_c4_p1          =  1.79966e+00
smpl_c4_p1          =  2.08923e-04
busy_c4_p2          =  1.79967e+00
smpl_c4_p2          =  2.07603e-04
busy_c4_p3          =  1.79964e+00
smpl_c4_p3          =  2.07154e-04
busy_c4_p4          =  1.79965e+00
smpl_c4_p4          =  2.08872e-04
busy_c4_p5          =  1.79963e+00
smpl_c4_p5          =  2.08435e-04
busy_c4_p6          =  1.79965e+00
smpl_c4_p6          =  2.09692e-04
busy_c4_p7          =  1.79966e+00
smpl_c4_p7          =  2.10480e-04
busy_c4_p8          =  1.79963e+00
smpl_c4_p8          =  2.08666e-04
busy_c4_p9          =  1.79963e+00
smpl_c4_p9          =  2.08968e-04
busy_c4_p10         =  1.79964e+00
smpl_c4_p10         =  2.14262e-04
busy_c4_p11         =  2.59766e-04
smpl_c4_p11         =  1.79991e+00
busy_c5_p0          =  1.79960e+00
smpl_c5_p0          =  2.03925e-04
busy_c5_p1          =  1.79963e+00
smpl_c5_p1          =  2.07063e-04
busy_c5_p2          =  1.79966e+00
smpl_c5_p2          =  2.04723e-04
busy_c5_p3          =  1.79963e+00
smpl_c5_p3          =  2.06842e-04
busy_c5_p4          =  1.79966e+00
smpl_c5_p4          =  2.06499e-04
busy_c5_p5          =  1.79965e+00
smpl_c5_p5          =  2.05328e-04
busy_c5_p6          =  1.79968e+00
smpl_c5_p6          =  1.97373e-04
busy_c5_p7          =  1.79966e+00
smpl_c5_p7          =  2.01640e-04
busy_c5_p8          =  1.79965e+00
smpl_c5_p8          =  2.02114e-04
busy_c5_p9          =  1.79968e+00
smpl_c5_p9          =  2.04285e-04
busy_c5_p10         =  1.79967e+00
smpl_c5_p10         =  2.04144e-04
busy_c5_p11         =  2.83047e-04
smpl_c5_p11         =  1.79992e+00
i_vdd               =  -2.16586e-06 from=  3.20000e-06 to=  4.20006e-06
i_vpwr              =  -6.26208e-06 from=  3.20000e-06 to=  4.20006e-06
i_vrefp             =  -6.50381e-06 from=  3.20000e-06 to=  4.20006e-06
i_vrefn             =  6.49178e-06 from=  3.20000e-06 to=  4.20006e-06
i_vcm               =  1.19388e-08 from=  3.20000e-06 to=  4.20006e-06
gnd_die_max         =  1.92153e-01 at=  2.11841e-06
gnd_die_min         =  -7.93030e-02 at=  5.86729e-06
vgnd_max            =  3.56549e-02 at=  6.11714e-06
vgnd_min            =  -4.42102e-02 at=  2.11729e-06
vdd_max             =  1.88916e+00 at=  6.11742e-06
vdd_min             =  1.67542e+00 at=  6.11735e-06
vpwr_max            =  1.84328e+00 at=  6.11735e-06
vpwr_min            =  1.75187e+00 at=  6.11730e-06
vdda_min            =  1.59085e+00 at=  6.11735e-06
vdda_max            =  1.88066e+00 at=  5.45066e-06
i_vgnd              =  8.49074e-06 from=  3.20000e-06 to=  4.20006e-06
i_sub               =  2.23357e-06 from=  3.20000e-06 to=  4.20006e-06


Total analysis time (seconds) = 6086.09

Total elapsed time (seconds) = 6435.047 

Total DRAM available = 98304.000 MB.
DRAM currently available = 6497.719 MB.
Maximum ngspice program size =  818.484 MB.
Current ngspice program size =   36.438 MB.

