
Note: Compatibility modes selected: hs a


Circuit: * sim/ground-return-impedance (issue #378) arm 'pkg-nopad-10' -- reusing

option SCALE: Scale is set to 1e-06 for instance and model parameters
option SCALE: Scale is set to 1e-06 for instance and model parameters
option SCALE: Scale is set to 1e-06 for instance and model parameters
option SCALE: Scale is set to 1e-06 for instance and model parameters
Doing analysis at TEMP = 27.000000 and TNOM = 27.000000

Using KLU as Direct Linear Solver
 Reference value :  0.00000e+00
 Reference value :  3.64000e-09
 Reference value :  1.06400e-08
 Reference value :  1.76400e-08
 Reference value :  2.00449e-08
 Reference value :  2.01552e-08
 Reference value :  2.02667e-08
 Reference value :  2.04048e-08
 Reference value :  2.05411e-08
 Reference value :  2.06468e-08
 Reference value :  2.07740e-08
 Reference value :  2.10000e-08
 Reference value :  2.10667e-08
 Reference value :  2.11681e-08
 Reference value :  2.12996e-08
 Reference value :  2.14491e-08
 Reference value :  2.16137e-08
 Reference value :  2.18369e-08
 Reference value :  2.22660e-08
 Reference value :  2.32768e-08
 Reference value :  2.71360e-08
 Reference value :  3.21360e-08
 Reference value :  3.71360e-08
 Reference value :  4.21360e-08
 Reference value :  4.71360e-08
 Reference value :  5.21360e-08
 Reference value :  5.76360e-08
 Reference value :  6.26360e-08
 Reference value :  6.81360e-08
 Reference value :  7.31360e-08
 Reference value :  7.86360e-08
 Reference value :  8.36360e-08
 Reference value :  8.91360e-08
 Reference value :  9.41360e-08
 Reference value :  9.96360e-08
 Reference value :  1.04636e-07
 Reference value :  1.09636e-07
 Reference value :  1.14636e-07
 Reference value :  1.19636e-07
 Reference value :  1.24636e-07
 Reference value :  1.29636e-07
 Reference value :  1.34636e-07
 Reference value :  1.39636e-07
 Reference value :  1.44136e-07
 Reference value :  1.49136e-07
 Reference value :  1.54136e-07
 Reference value :  1.59636e-07
 Reference value :  1.64636e-07
 Reference value :  1.70136e-07
 Reference value :  1.75136e-07
 Reference value :  1.79636e-07
 Reference value :  1.84636e-07
 Reference value :  1.89636e-07
 Reference value :  1.95136e-07
 Reference value :  1.99507e-07
 Reference value :  1.99612e-07
 Reference value :  1.99709e-07
 Reference value :  1.99819e-07
 Reference value :  1.99965e-07
 Reference value :  2.00180e-07
 Reference value :  2.00356e-07
 Reference value :  2.00480e-07
 Reference value :  2.00596e-07
 Reference value :  2.00699e-07
 Reference value :  2.00824e-07
 Reference value :  2.00987e-07
 Reference value :  2.01213e-07
 Reference value :  2.01386e-07
 Reference value :  2.01588e-07
 Reference value :  2.01733e-07
 Reference value :  2.01986e-07
 Reference value :  2.02493e-07
 Reference value :  2.03731e-07
 Reference value :  2.08938e-07
 Reference value :  2.13938e-07
 Reference value :  2.18938e-07
 Reference value :  2.23938e-07
 Reference value :  2.28938e-07
 Reference value :  2.34438e-07
 Reference value :  2.39438e-07
 Reference value :  2.41206e-07
 Reference value :  2.41311e-07
 Reference value :  2.41432e-07
 Reference value :  2.41641e-07
 Reference value :  2.42034e-07
 Reference value :  2.42170e-07
 Reference value :  2.42270e-07
 Reference value :  2.42444e-07
 Reference value :  2.42693e-07
 Reference value :  2.42952e-07
 Reference value :  2.43320e-07
 Reference value :  2.43942e-07
 Reference value :  2.44211e-07
 Reference value :  2.44362e-07
 Reference value :  2.44497e-07
 Reference value :  2.44646e-07
 Reference value :  2.44934e-07
 Reference value :  2.45231e-07
 Reference value :  2.45744e-07
 Reference value :  2.48546e-07
 Reference value :  2.56046e-07
 Reference value :  2.63046e-07
 Reference value :  2.68046e-07
 Reference value :  2.73046e-07
 Reference value :  2.78046e-07
 Reference value :  2.82840e-07
 Reference value :  2.82935e-07
 Reference value :  2.83039e-07
 Reference value :  2.83204e-07
 Reference value :  2.83373e-07
 Reference value :  2.83612e-07
 Reference value :  2.83715e-07
 Reference value :  2.83837e-07
 Reference value :  2.83951e-07
 Reference value :  2.84048e-07
 Reference value :  2.84227e-07
 Reference value :  2.84377e-07
 Reference value :  2.84589e-07
 Reference value :  2.84864e-07
 Reference value :  2.85083e-07
 Reference value :  2.85284e-07
 Reference value :  2.85434e-07
 Reference value :  2.85623e-07
 Reference value :  2.85878e-07
 Reference value :  2.86312e-07
 Reference value :  2.88085e-07
 Reference value :  2.92986e-07
 Reference value :  2.97986e-07
 Reference value :  3.02986e-07
 Reference value :  3.07986e-07
 Reference value :  3.13486e-07
 Reference value :  3.18986e-07
 Reference value :  3.23986e-07
 Reference value :  3.24542e-07
 Reference value :  3.24651e-07
 Reference value :  3.24750e-07
 Reference value :  3.24934e-07
 Reference value :  3.25368e-07
 Reference value :  3.25565e-07
 Reference value :  3.25785e-07
 Reference value :  3.26047e-07
 Reference value :  3.26312e-07
 Reference value :  3.26686e-07
 Reference value :  3.27561e-07
 Reference value :  3.28142e-07
 Reference value :  3.28489e-07
 Reference value :  3.28764e-07
 Reference value :  3.29233e-07
 Reference value :  3.31866e-07
 Reference value :  3.37366e-07
 Reference value :  3.42866e-07
 Reference value :  3.47866e-07
 Reference value :  3.52866e-07
 Reference value :  3.57366e-07
 Reference value :  3.62866e-07
 Reference value :  3.66186e-07
 Reference value :  3.66271e-07
 Reference value :  3.66380e-07
 Reference value :  3.66532e-07
 Reference value :  3.66673e-07
 Reference value :  3.66929e-07
 Reference value :  3.67052e-07
 Reference value :  3.67163e-07
 Reference value :  3.67258e-07
 Reference value :  3.67381e-07
 Reference value :  3.67579e-07
 Reference value :  3.67841e-07
 Reference value :  3.68147e-07
 Reference value :  3.68384e-07
 Reference value :  3.68727e-07
 Reference value :  3.69521e-07
 Reference value :  3.73312e-07
 Reference value :  3.78812e-07
 Reference value :  3.83812e-07
 Reference value :  3.88812e-07
 Reference value :  3.93812e-07
 Reference value :  3.99312e-07
 Reference value :  4.04812e-07
 Reference value :  4.07865e-07
 Reference value :  4.08009e-07
 Reference value :  4.08219e-07
 Reference value :  4.08717e-07
 Reference value :  4.08992e-07
 Reference value :  4.09361e-07
 Reference value :  4.09684e-07
 Reference value :  4.10064e-07
 Reference value :  4.10768e-07
 Reference value :  4.11124e-07
 Reference value :  4.11427e-07
 Reference value :  4.11941e-07
 Reference value :  4.14185e-07
 Reference value :  4.15337e-07
 Reference value :  4.16099e-07
 Reference value :  4.16251e-07
 Reference value :  4.16431e-07
 Reference value :  4.16626e-07
 Reference value :  4.16920e-07
 Reference value :  4.17497e-07
 Reference value :  4.19599e-07
 Reference value :  4.25071e-07
 Reference value :  4.30071e-07
 Reference value :  4.35071e-07
 Reference value :  4.40071e-07
 Reference value :  4.45071e-07
 Reference value :  4.49507e-07
 Reference value :  4.49599e-07
 Reference value :  4.49714e-07
 Reference value :  4.49874e-07
 Reference value :  4.50076e-07
 Reference value :  4.50312e-07
 Reference value :  4.50380e-07
 Reference value :  4.50504e-07
 Reference value :  4.50595e-07
 Reference value :  4.50744e-07
 Reference value :  4.50985e-07
 Reference value :  4.51140e-07
 Reference value :  4.51309e-07
 Reference value :  4.51497e-07
 Reference value :  4.51672e-07
 Reference value :  4.51870e-07
 Reference value :  4.52042e-07
 Reference value :  4.52186e-07
 Reference value :  4.52392e-07
 Reference value :  4.52658e-07
 Reference value :  4.53386e-07
 Reference value :  4.56293e-07
 Reference value :  4.61293e-07
 Reference value :  4.66793e-07
 Reference value :  4.71793e-07
 Reference value :  4.77293e-07
 Reference value :  4.82293e-07
 Reference value :  4.87793e-07
 Reference value :  4.91187e-07
 Reference value :  4.91272e-07
 Reference value :  4.91370e-07
 Reference value :  4.91564e-07
 Reference value :  4.91792e-07
 Reference value :  4.92172e-07
 Reference value :  4.92385e-07
 Reference value :  4.92584e-07
 Reference value :  4.92849e-07
 Reference value :  4.93103e-07
 Reference value :  4.93834e-07
 Reference value :  4.94910e-07
 Reference value :  4.95122e-07
 Reference value :  4.95544e-07
 Reference value :  4.96385e-07
 Reference value :  4.99887e-07
 Reference value :  5.04887e-07
 Reference value :  5.09887e-07
 Reference value :  5.16387e-07
 Reference value :  5.22887e-07
 Reference value :  5.28387e-07
 Reference value :  5.32841e-07
 Reference value :  5.32945e-07
 Reference value :  5.33049e-07
 Reference value :  5.33182e-07
 Reference value :  5.33350e-07
 Reference value :  5.33651e-07
 Reference value :  5.33769e-07
 Reference value :  5.33915e-07
 Reference value :  5.34023e-07
 Reference value :  5.34172e-07
 Reference value :  5.34441e-07
 Reference value :  5.34601e-07
 Reference value :  5.34805e-07
 Reference value :  5.35082e-07
 Reference value :  5.35425e-07
 Reference value :  5.36261e-07
 Reference value :  5.40911e-07
 Reference value :  5.47911e-07
 Reference value :  5.52911e-07
 Reference value :  5.57911e-07
 Reference value :  5.63411e-07
 Reference value :  5.68911e-07
 Reference value :  5.74205e-07
 Reference value :  5.74567e-07
 Reference value :  5.74666e-07
 Reference value :  5.74832e-07
 Reference value :  5.75060e-07
 Reference value :  5.75467e-07
 Reference value :  5.75566e-07
 Reference value :  5.75695e-07
 Reference value :  5.75900e-07
 Reference value :  5.76118e-07
 Reference value :  5.76350e-07
 Reference value :  5.76779e-07
 Reference value :  5.77643e-07
 Reference value :  5.78551e-07
 Reference value :  5.79239e-07
 Reference value :  5.80640e-07
 Reference value :  5.86121e-07
 Reference value :  5.93121e-07
 Reference value :  5.98121e-07
 Reference value :  5.99948e-07
 Reference value :  6.00376e-07
 Reference value :  6.00501e-07
 Reference value :  6.00670e-07
 Reference value :  6.00919e-07
 Reference value :  6.01282e-07
 Reference value :  6.03017e-07
 Reference value :  6.08711e-07
 Reference value :  6.15211e-07
 Reference value :  6.16235e-07
 Reference value :  6.16370e-07
 Reference value :  6.16545e-07
 Reference value :  6.16928e-07
 Reference value :  6.17072e-07
 Reference value :  6.17232e-07
 Reference value :  6.17480e-07
 Reference value :  6.17740e-07
 Reference value :  6.17903e-07
 Reference value :  6.18162e-07
 Reference value :  6.18393e-07
 Reference value :  6.18616e-07
 Reference value :  6.18792e-07
 Reference value :  6.19031e-07
 Reference value :  6.19458e-07
 Reference value :  6.20131e-07
 Reference value :  6.25309e-07
 Reference value :  6.31809e-07
 Reference value :  6.39309e-07
 Reference value :  6.45809e-07
 Reference value :  6.51809e-07
 Reference value :  6.57833e-07
 Reference value :  6.57908e-07
 Reference value :  6.58035e-07
 Reference value :  6.58248e-07
 Reference value :  6.58702e-07
 Reference value :  6.58866e-07
 Reference value :  6.59028e-07
 Reference value :  6.59308e-07
 Reference value :  6.59564e-07
 Reference value :  6.59862e-07
 Reference value :  6.61431e-07
 Reference value :  6.61888e-07
 Reference value :  6.62554e-07
 Reference value :  6.65758e-07
 Reference value :  6.71758e-07
 Reference value :  6.79258e-07
 Reference value :  6.85758e-07
 Reference value :  6.92258e-07
 Reference value :  6.99129e-07
 Reference value :  6.99584e-07
 Reference value :  6.99704e-07
 Reference value :  6.99863e-07
 Reference value :  7.00043e-07
 Reference value :  7.00243e-07
 Reference value :  7.00376e-07
 Reference value :  7.00500e-07
 Reference value :  7.00599e-07
 Reference value :  7.00678e-07
 Reference value :  7.00779e-07
 Reference value :  7.00938e-07
 Reference value :  7.01133e-07
 Reference value :  7.01315e-07
 Reference value :  7.01536e-07
 Reference value :  7.01709e-07
 Reference value :  7.02042e-07
 Reference value :  7.02815e-07
 Reference value :  7.06170e-07
 Reference value :  7.11670e-07
 Reference value :  7.18170e-07
 Reference value :  7.24170e-07
 Reference value :  7.29170e-07
 Reference value :  7.34170e-07
 Reference value :  7.39170e-07
 Reference value :  7.41202e-07
 Reference value :  7.41298e-07
 Reference value :  7.41386e-07
 Reference value :  7.41601e-07
 Reference value :  7.41983e-07
 Reference value :  7.42206e-07
 Reference value :  7.42374e-07
 Reference value :  7.42674e-07
 Reference value :  7.42888e-07
 Reference value :  7.43248e-07
 Reference value :  7.44699e-07
 Reference value :  7.44999e-07
 Reference value :  7.45261e-07
 Reference value :  7.45655e-07
 Reference value :  7.46840e-07
 Reference value :  7.51932e-07
 Reference value :  7.57432e-07
 Reference value :  7.62932e-07
 Reference value :  7.68932e-07
 Reference value :  7.73432e-07
 Reference value :  7.78932e-07
 Reference value :  7.79861e-07
 Reference value :  7.81045e-07
 Reference value :  7.81291e-07
 Reference value :  7.81402e-07
 Reference value :  7.81572e-07
 Reference value :  7.81789e-07
 Reference value :  7.82130e-07
 Reference value :  7.82833e-07
 Reference value :  7.82888e-07
 Reference value :  7.83034e-07
 Reference value :  7.83184e-07
 Reference value :  7.83330e-07
 Reference value :  7.83591e-07
 Reference value :  7.83723e-07
 Reference value :  7.83833e-07
 Reference value :  7.83924e-07
 Reference value :  7.84115e-07
 Reference value :  7.84302e-07
 Reference value :  7.84621e-07
 Reference value :  7.84849e-07
 Reference value :  7.85066e-07
 Reference value :  7.85249e-07
 Reference value :  7.85387e-07
 Reference value :  7.85621e-07
 Reference value :  7.86022e-07
 Reference value :  7.87042e-07
 Reference value :  7.92255e-07
 Reference value :  7.98255e-07
 Reference value :  8.03755e-07
 Reference value :  8.09755e-07
 Reference value :  8.16255e-07
 Reference value :  8.23255e-07
 Reference value :  8.24574e-07
 Reference value :  8.24696e-07
 Reference value :  8.24949e-07
 Reference value :  8.25294e-07
 Reference value :  8.25500e-07
 Reference value :  8.25626e-07
 Reference value :  8.25839e-07
 Reference value :  8.26083e-07
 Reference value :  8.26370e-07
 Reference value :  8.27231e-07
 Reference value :  8.28391e-07
 Reference value :  8.29208e-07
 Reference value :  8.32997e-07
 Reference value :  8.40497e-07
 Reference value :  8.49997e-07
 Reference value :  8.58497e-07
 Reference value :  8.64997e-07
 Reference value :  8.66212e-07
 Reference value :  8.66316e-07
 Reference value :  8.66446e-07
 Reference value :  8.66593e-07
 Reference value :  8.66932e-07
 Reference value :  8.67066e-07
 Reference value :  8.67170e-07
 Reference value :  8.67291e-07
 Reference value :  8.67406e-07
 Reference value :  8.67544e-07
 Reference value :  8.67766e-07
 Reference value :  8.67961e-07
 Reference value :  8.68215e-07
 Reference value :  8.68485e-07
 Reference value :  8.68944e-07
 Reference value :  8.69910e-07
 Reference value :  8.74189e-07
 Reference value :  8.79689e-07
 Reference value :  8.84689e-07
 Reference value :  8.89689e-07
 Reference value :  8.94689e-07
 Reference value :  8.99689e-07
 Reference value :  9.05189e-07
 Reference value :  9.07859e-07
 Reference value :  9.07950e-07
 Reference value :  9.08036e-07
 Reference value :  9.08221e-07
 Reference value :  9.08482e-07
 Reference value :  9.08824e-07
 Reference value :  9.08953e-07
 Reference value :  9.09123e-07
 Reference value :  9.09338e-07
 Reference value :  9.09604e-07
 Reference value :  9.09796e-07
 Reference value :  9.11036e-07
 Reference value :  9.11619e-07
 Reference value :  9.11945e-07
 Reference value :  9.12378e-07
 Reference value :  9.14635e-07
 Reference value :  9.19135e-07
 Reference value :  9.25635e-07
 Reference value :  9.31135e-07
 Reference value :  9.36135e-07
 Reference value :  9.41135e-07
 Reference value :  9.47135e-07
 Reference value :  9.49531e-07
 Reference value :  9.49633e-07
 Reference value :  9.49745e-07
 Reference value :  9.49889e-07
 Reference value :  9.50208e-07
 Reference value :  9.50376e-07
 Reference value :  9.50500e-07
 Reference value :  9.50613e-07
 Reference value :  9.50709e-07
 Reference value :  9.50862e-07
 Reference value :  9.50992e-07
 Reference value :  9.51182e-07
 Reference value :  9.51337e-07
 Reference value :  9.51502e-07
 Reference value :  9.51673e-07
 Reference value :  9.51904e-07
 Reference value :  9.52059e-07
 Reference value :  9.52300e-07
 Reference value :  9.52694e-07
 Reference value :  9.53551e-07
 Reference value :  9.57868e-07
 Reference value :  9.62868e-07
 Reference value :  9.67868e-07
 Reference value :  9.72868e-07
 Reference value :  9.77868e-07
 Reference value :  9.82868e-07
 Reference value :  9.87868e-07
 Reference value :  9.91186e-07
 Reference value :  9.91336e-07
 Reference value :  9.91463e-07
 Reference value :  9.91683e-07
 Reference value :  9.91959e-07
 Reference value :  9.92167e-07
 Reference value :  9.92249e-07
 Reference value :  9.92402e-07
 Reference value :  9.92627e-07
 Reference value :  9.92837e-07
 Reference value :  9.93041e-07
 Reference value :  9.93620e-07
 Reference value :  9.94345e-07
 Reference value :  9.95173e-07
 Reference value :  9.95954e-07
 Reference value :  9.97998e-07
 Reference value :  1.00335e-06
 Reference value :  1.00835e-06
 Reference value :  1.01335e-06
 Reference value :  1.01935e-06
 Reference value :  1.02535e-06
 Reference value :  1.03035e-06
 Reference value :  1.03228e-06
 Reference value :  1.03288e-06
 Reference value :  1.03296e-06
 Reference value :  1.03306e-06
 Reference value :  1.03326e-06
 Reference value :  1.03349e-06
 Reference value :  1.03368e-06
 Reference value :  1.03379e-06
 Reference value :  1.03394e-06
 Reference value :  1.03415e-06
 Reference value :  1.03446e-06
 Reference value :  1.03474e-06
 Reference value :  1.03498e-06
 Reference value :  1.03517e-06
 Reference value :  1.03541e-06
 Reference value :  1.03568e-06
 Reference value :  1.03636e-06
 Reference value :  1.03969e-06
 Reference value :  1.04469e-06
 Reference value :  1.04969e-06
 Reference value :  1.05519e-06
 Reference value :  1.06069e-06
 Reference value :  1.06569e-06
 Reference value :  1.07069e-06
 Reference value :  1.07452e-06
 Reference value :  1.07462e-06
 Reference value :  1.07474e-06
 Reference value :  1.07496e-06
 Reference value :  1.07530e-06
 Reference value :  1.07550e-06
 Reference value :  1.07558e-06
 Reference value :  1.07570e-06
 Reference value :  1.07587e-06
 Reference value :  1.07608e-06
 Reference value :  1.07637e-06
 Reference value :  1.07682e-06
 Reference value :  1.07774e-06
 Reference value :  1.07867e-06
 Reference value :  1.08063e-06
 Reference value :  1.08554e-06
 Reference value :  1.09204e-06
 Reference value :  1.09704e-06
 Reference value :  1.10304e-06
 Reference value :  1.10854e-06
 Reference value :  1.11454e-06
 Reference value :  1.11619e-06
 Reference value :  1.11627e-06
 Reference value :  1.11638e-06
 Reference value :  1.11653e-06
 Reference value :  1.11671e-06
 Reference value :  1.11703e-06
 Reference value :  1.11713e-06
 Reference value :  1.11724e-06
 Reference value :  1.11732e-06
 Reference value :  1.11738e-06
 Reference value :  1.11753e-06
 Reference value :  1.11768e-06
 Reference value :  1.11790e-06
 Reference value :  1.11800e-06
 Reference value :  1.11815e-06
 Reference value :  1.11834e-06
 Reference value :  1.11844e-06
 Reference value :  1.11852e-06
 Reference value :  1.11864e-06
 Reference value :  1.11875e-06
 Reference value :  1.11891e-06
 Reference value :  1.11912e-06
 Reference value :  1.11936e-06
 Reference value :  1.11977e-06
 Reference value :  1.12245e-06
 Reference value :  1.12745e-06
 Reference value :  1.13245e-06
 Reference value :  1.13795e-06
 Reference value :  1.14245e-06
 Reference value :  1.14745e-06
 Reference value :  1.15245e-06
 Reference value :  1.15783e-06
 Reference value :  1.15790e-06
 Reference value :  1.15802e-06
 Reference value :  1.15813e-06
 Reference value :  1.15832e-06
 Reference value :  1.15871e-06
 Reference value :  1.15887e-06
 Reference value :  1.15909e-06
 Reference value :  1.15946e-06
 Reference value :  1.15969e-06
 Reference value :  1.16019e-06
 Reference value :  1.16078e-06
 Reference value :  1.16105e-06
 Reference value :  1.16144e-06
 Reference value :  1.16192e-06
 Reference value :  1.16271e-06
 Reference value :  1.16701e-06
 Reference value :  1.17351e-06
 Reference value :  1.18001e-06
 Reference value :  1.18551e-06
 Reference value :  1.19151e-06
 Reference value :  1.19751e-06
 Reference value :  1.19955e-06
 Reference value :  1.19967e-06
 Reference value :  1.19979e-06
 Reference value :  1.19999e-06
 Reference value :  1.20018e-06
 Reference value :  1.20039e-06
 Reference value :  1.20052e-06
 Reference value :  1.20066e-06
 Reference value :  1.20076e-06
 Reference value :  1.20095e-06
 Reference value :  1.20112e-06
 Reference value :  1.20124e-06
 Reference value :  1.20136e-06
 Reference value :  1.20159e-06
 Reference value :  1.20179e-06
 Reference value :  1.20200e-06
 Reference value :  1.20229e-06
 Reference value :  1.20278e-06
 Reference value :  1.20432e-06
 Reference value :  1.20895e-06
 Reference value :  1.21495e-06
 Reference value :  1.22045e-06
 Reference value :  1.22545e-06
 Reference value :  1.23095e-06
 Reference value :  1.23595e-06
 Reference value :  1.24081e-06
 Reference value :  1.24123e-06
 Reference value :  1.24132e-06
 Reference value :  1.24148e-06
 Reference value :  1.24167e-06
 Reference value :  1.24203e-06
 Reference value :  1.24217e-06
 Reference value :  1.24229e-06
 Reference value :  1.24248e-06
 Reference value :  1.24273e-06
 Reference value :  1.24297e-06
 Reference value :  1.24326e-06
 Reference value :  1.24374e-06
 Reference value :  1.24408e-06
 Reference value :  1.24425e-06
 Reference value :  1.24439e-06
 Reference value :  1.24460e-06
 Reference value :  1.24490e-06
 Reference value :  1.24523e-06
 Reference value :  1.24597e-06
 Reference value :  1.24944e-06
 Reference value :  1.25444e-06
 Reference value :  1.25994e-06
 Reference value :  1.26494e-06
 Reference value :  1.27044e-06
 Reference value :  1.27594e-06
 Reference value :  1.28094e-06
 Reference value :  1.28287e-06
 Reference value :  1.28298e-06
 Reference value :  1.28310e-06
 Reference value :  1.28331e-06
 Reference value :  1.28359e-06
 Reference value :  1.28372e-06
 Reference value :  1.28384e-06
 Reference value :  1.28396e-06
 Reference value :  1.28406e-06
 Reference value :  1.28419e-06
 Reference value :  1.28433e-06
 Reference value :  1.28457e-06
 Reference value :  1.28473e-06
 Reference value :  1.28489e-06
 Reference value :  1.28508e-06
 Reference value :  1.28534e-06
 Reference value :  1.28552e-06
 Reference value :  1.28578e-06
 Reference value :  1.28627e-06
 Reference value :  1.28846e-06
 Reference value :  1.29541e-06
 Reference value :  1.30091e-06
 Reference value :  1.30691e-06
 Reference value :  1.31241e-06
 Reference value :  1.31741e-06
 Reference value :  1.32241e-06
 Reference value :  1.32456e-06
 Reference value :  1.32467e-06
 Reference value :  1.32480e-06
 Reference value :  1.32500e-06
 Reference value :  1.32544e-06
 Reference value :  1.32561e-06
 Reference value :  1.32586e-06
 Reference value :  1.32609e-06
 Reference value :  1.32632e-06
 Reference value :  1.32670e-06
 Reference value :  1.32741e-06
 Reference value :  1.32804e-06
 Reference value :  1.32838e-06
 Reference value :  1.32893e-06
 Reference value :  1.33179e-06
 Reference value :  1.33579e-06
 Reference value :  1.33759e-06
 Reference value :  1.33795e-06
 Reference value :  1.33806e-06
 Reference value :  1.33826e-06
 Reference value :  1.33851e-06
 Reference value :  1.33891e-06
 Reference value :  1.34009e-06
 Reference value :  1.34547e-06
 Reference value :  1.35047e-06
 Reference value :  1.35647e-06
 Reference value :  1.36197e-06
 Reference value :  1.36617e-06
 Reference value :  1.36628e-06
 Reference value :  1.36637e-06
 Reference value :  1.36650e-06
 Reference value :  1.36667e-06
 Reference value :  1.36692e-06
 Reference value :  1.36711e-06
 Reference value :  1.36721e-06
 Reference value :  1.36737e-06
 Reference value :  1.36764e-06
 Reference value :  1.36782e-06
 Reference value :  1.36804e-06
 Reference value :  1.36821e-06
 Reference value :  1.36840e-06
 Reference value :  1.36863e-06
 Reference value :  1.36884e-06
 Reference value :  1.36901e-06
 Reference value :  1.36931e-06
 Reference value :  1.36996e-06
 Reference value :  1.37247e-06
 Reference value :  1.37747e-06
 Reference value :  1.38247e-06
 Reference value :  1.38797e-06
 Reference value :  1.39397e-06
 Reference value :  1.39947e-06
 Reference value :  1.40497e-06
 Reference value :  1.40787e-06
 Reference value :  1.40798e-06
 Reference value :  1.40809e-06
 Reference value :  1.40838e-06
 Reference value :  1.40878e-06
 Reference value :  1.40893e-06
 Reference value :  1.40918e-06
 Reference value :  1.40944e-06
 Reference value :  1.40965e-06
 Reference value :  1.40995e-06
 Reference value :  1.41129e-06
 Reference value :  1.41221e-06
 Reference value :  1.41271e-06
 Reference value :  1.41332e-06
 Reference value :  1.41674e-06
 Reference value :  1.42224e-06
 Reference value :  1.42724e-06
 Reference value :  1.43224e-06
 Reference value :  1.43774e-06
 Reference value :  1.44274e-06
 Reference value :  1.44824e-06
 Reference value :  1.44955e-06
 Reference value :  1.44965e-06
 Reference value :  1.44979e-06
 Reference value :  1.44997e-06
 Reference value :  1.45017e-06
 Reference value :  1.45034e-06
 Reference value :  1.45042e-06
 Reference value :  1.45055e-06
 Reference value :  1.45063e-06
 Reference value :  1.45075e-06
 Reference value :  1.45095e-06
 Reference value :  1.45118e-06
 Reference value :  1.45139e-06
 Reference value :  1.45165e-06
 Reference value :  1.45194e-06
 Reference value :  1.45254e-06
 Reference value :  1.45512e-06
 Reference value :  1.46062e-06
 Reference value :  1.46612e-06
 Reference value :  1.47112e-06
 Reference value :  1.47612e-06
 Reference value :  1.48162e-06
 Reference value :  1.48662e-06
 Reference value :  1.49117e-06
 Reference value :  1.49123e-06
 Reference value :  1.49133e-06
 Reference value :  1.49144e-06
 Reference value :  1.49167e-06
 Reference value :  1.49210e-06
 Reference value :  1.49223e-06
 Reference value :  1.49241e-06
 Reference value :  1.49266e-06
 Reference value :  1.49284e-06
 Reference value :  1.49309e-06
 Reference value :  1.49396e-06
 Reference value :  1.49490e-06
 Reference value :  1.49517e-06
 Reference value :  1.49550e-06
 Reference value :  1.49613e-06
 Reference value :  1.49890e-06
 Reference value :  1.50390e-06
 Reference value :  1.50890e-06
 Reference value :  1.51440e-06
 Reference value :  1.51940e-06
 Reference value :  1.52440e-06
 Reference value :  1.52990e-06
 Reference value :  1.53287e-06
 Reference value :  1.53298e-06
 Reference value :  1.53310e-06
 Reference value :  1.53327e-06
 Reference value :  1.53354e-06
 Reference value :  1.53367e-06
 Reference value :  1.53377e-06
 Reference value :  1.53391e-06
 Reference value :  1.53402e-06
 Reference value :  1.53418e-06
 Reference value :  1.53444e-06
 Reference value :  1.53470e-06
 Reference value :  1.53504e-06
 Reference value :  1.53544e-06
 Reference value :  1.53608e-06
 Reference value :  1.53915e-06
 Reference value :  1.54515e-06
 Reference value :  1.55015e-06
 Reference value :  1.55515e-06
 Reference value :  1.56115e-06
 Reference value :  1.56665e-06
 Reference value :  1.57165e-06
 Reference value :  1.57453e-06
 Reference value :  1.57464e-06
 Reference value :  1.57475e-06
 Reference value :  1.57499e-06
 Reference value :  1.57534e-06
 Reference value :  1.57550e-06
 Reference value :  1.57565e-06
 Reference value :  1.57579e-06
 Reference value :  1.57604e-06
 Reference value :  1.57631e-06
 Reference value :  1.57677e-06
 Reference value :  1.57758e-06
 Reference value :  1.57826e-06
 Reference value :  1.57868e-06
 Reference value :  1.57923e-06
 Reference value :  1.58114e-06
 Reference value :  1.58614e-06
 Reference value :  1.59164e-06
 Reference value :  1.59664e-06
 Reference value :  1.60364e-06
 Reference value :  1.61164e-06
 Reference value :  1.61514e-06
 Reference value :  1.61618e-06
 Reference value :  1.61624e-06
 Reference value :  1.61632e-06
 Reference value :  1.61643e-06
 Reference value :  1.61662e-06
 Reference value :  1.61682e-06
 Reference value :  1.61701e-06
 Reference value :  1.61709e-06
 Reference value :  1.61723e-06
 Reference value :  1.61740e-06
 Reference value :  1.61758e-06
 Reference value :  1.61788e-06
 Reference value :  1.61803e-06
 Reference value :  1.61820e-06
 Reference value :  1.61840e-06
 Reference value :  1.61852e-06
 Reference value :  1.61867e-06
 Reference value :  1.61891e-06
 Reference value :  1.61941e-06
 Reference value :  1.62078e-06
 Reference value :  1.62551e-06
 Reference value :  1.63051e-06
 Reference value :  1.63601e-06
 Reference value :  1.64151e-06
 Reference value :  1.64751e-06
 Reference value :  1.65251e-06
 Reference value :  1.65742e-06
 Reference value :  1.65791e-06
 Reference value :  1.65800e-06
 Reference value :  1.65813e-06
 Reference value :  1.65839e-06
 Reference value :  1.65877e-06
 Reference value :  1.65892e-06
 Reference value :  1.65911e-06
 Reference value :  1.65938e-06
 Reference value :  1.65964e-06
 Reference value :  1.65994e-06
 Reference value :  1.66099e-06
 Reference value :  1.66152e-06
 Reference value :  1.66177e-06
 Reference value :  1.66211e-06
 Reference value :  1.66280e-06
 Reference value :  1.66622e-06
 Reference value :  1.67172e-06
 Reference value :  1.67722e-06
 Reference value :  1.68222e-06
 Reference value :  1.68772e-06
 Reference value :  1.69272e-06
 Reference value :  1.69822e-06
 Reference value :  1.69954e-06
 Reference value :  1.69964e-06
 Reference value :  1.69976e-06
 Reference value :  1.69993e-06
 Reference value :  1.70021e-06
 Reference value :  1.70035e-06
 Reference value :  1.70043e-06
 Reference value :  1.70055e-06
 Reference value :  1.70068e-06
 Reference value :  1.70081e-06
 Reference value :  1.70107e-06
 Reference value :  1.70127e-06
 Reference value :  1.70151e-06
 Reference value :  1.70179e-06
 Reference value :  1.70242e-06
 Reference value :  1.70557e-06
 Reference value :  1.71157e-06
 Reference value :  1.71707e-06
 Reference value :  1.72157e-06
 Reference value :  1.72657e-06
 Reference value :  1.73207e-06
 Reference value :  1.73707e-06
 Reference value :  1.74118e-06
 Reference value :  1.74128e-06
 Reference value :  1.74138e-06
 Reference value :  1.74162e-06
 Reference value :  1.74203e-06
 Reference value :  1.74220e-06
 Reference value :  1.74238e-06
 Reference value :  1.74269e-06
 Reference value :  1.74304e-06
 Reference value :  1.74432e-06
 Reference value :  1.74536e-06
 Reference value :  1.74641e-06
 Reference value :  1.75124e-06
 Reference value :  1.75774e-06
 Reference value :  1.76324e-06
 Reference value :  1.77024e-06
 Reference value :  1.77574e-06
 Reference value :  1.78254e-06
 Reference value :  1.78290e-06
 Reference value :  1.78302e-06
 Reference value :  1.78315e-06
 Reference value :  1.78332e-06
 Reference value :  1.78360e-06
 Reference value :  1.78374e-06
 Reference value :  1.78388e-06
 Reference value :  1.78399e-06
 Reference value :  1.78413e-06
 Reference value :  1.78439e-06
 Reference value :  1.78459e-06
 Reference value :  1.78486e-06
 Reference value :  1.78509e-06
 Reference value :  1.78562e-06
 Reference value :  1.78688e-06
 Reference value :  1.79455e-06
 Reference value :  1.80005e-06
 Reference value :  1.80505e-06
 Reference value :  1.81055e-06
 Reference value :  1.81655e-06
 Reference value :  1.82155e-06
 Reference value :  1.82453e-06
 Reference value :  1.82464e-06
 Reference value :  1.82474e-06
 Reference value :  1.82497e-06
 Reference value :  1.82538e-06
 Reference value :  1.82550e-06
 Reference value :  1.82563e-06
 Reference value :  1.82591e-06
 Reference value :  1.82621e-06
 Reference value :  1.82643e-06
 Reference value :  1.82743e-06
 Reference value :  1.82795e-06
 Reference value :  1.82834e-06
 Reference value :  1.82865e-06
 Reference value :  1.82914e-06
 Reference value :  1.83223e-06
 Reference value :  1.83673e-06
 Reference value :  1.84223e-06
 Reference value :  1.84773e-06
 Reference value :  1.85273e-06
 Reference value :  1.85823e-06
 Reference value :  1.86373e-06
 Reference value :  1.86620e-06
 Reference value :  1.86632e-06
 Reference value :  1.86643e-06
 Reference value :  1.86660e-06
 Reference value :  1.86681e-06
 Reference value :  1.86701e-06
 Reference value :  1.86712e-06
 Reference value :  1.86724e-06
 Reference value :  1.86733e-06
 Reference value :  1.86750e-06
 Reference value :  1.86777e-06
 Reference value :  1.86800e-06
 Reference value :  1.86825e-06
 Reference value :  1.86854e-06
 Reference value :  1.86893e-06
 Reference value :  1.87043e-06
 Reference value :  1.87535e-06
 Reference value :  1.88135e-06
 Reference value :  1.88735e-06
 Reference value :  1.89235e-06
 Reference value :  1.89735e-06
 Reference value :  1.90335e-06
 Reference value :  1.90783e-06
 Reference value :  1.90791e-06
 Reference value :  1.90800e-06
 Reference value :  1.90813e-06
 Reference value :  1.90839e-06
 Reference value :  1.90878e-06
 Reference value :  1.90896e-06
 Reference value :  1.90917e-06
 Reference value :  1.90938e-06
 Reference value :  1.90964e-06
 Reference value :  1.91005e-06
 Reference value :  1.91105e-06
 Reference value :  1.91149e-06
 Reference value :  1.91181e-06
 Reference value :  1.91213e-06
 Reference value :  1.91290e-06
 Reference value :  1.91596e-06
 Reference value :  1.92096e-06
 Reference value :  1.92596e-06
 Reference value :  1.93196e-06
 Reference value :  1.93646e-06
 Reference value :  1.94196e-06
 Reference value :  1.94846e-06
 Reference value :  1.94954e-06
 Reference value :  1.94965e-06
 Reference value :  1.94976e-06
 Reference value :  1.94991e-06
 Reference value :  1.95002e-06
 Reference value :  1.95026e-06
 Reference value :  1.95039e-06
 Reference value :  1.95052e-06
 Reference value :  1.95063e-06
 Reference value :  1.95071e-06
 Reference value :  1.95086e-06
 Reference value :  1.95104e-06
 Reference value :  1.95125e-06
 Reference value :  1.95152e-06
 Reference value :  1.95178e-06
 Reference value :  1.95234e-06
 Reference value :  1.95363e-06
 Reference value :  1.95856e-06
 Reference value :  1.96406e-06
 Reference value :  1.96856e-06
 Reference value :  1.97406e-06
 Reference value :  1.97906e-06
 Reference value :  1.98406e-06
 Reference value :  1.98956e-06
 Reference value :  1.99120e-06
 Reference value :  1.99131e-06
 Reference value :  1.99142e-06
 Reference value :  1.99161e-06
 Reference value :  1.99204e-06
 Reference value :  1.99219e-06
 Reference value :  1.99235e-06
 Reference value :  1.99254e-06
 Reference value :  1.99280e-06
 Reference value :  1.99308e-06
 Reference value :  1.99376e-06
 Reference value :  1.99465e-06
 Reference value :  1.99503e-06
 Reference value :  1.99532e-06
 Reference value :  1.99597e-06
 Reference value :  1.99788e-06
 Reference value :  2.00232e-06
 Reference value :  2.00782e-06
 Reference value :  2.01332e-06
 Reference value :  2.01832e-06
 Reference value :  2.02382e-06
 Reference value :  2.02932e-06
 Reference value :  2.03286e-06
 Reference value :  2.03294e-06
 Reference value :  2.03306e-06
 Reference value :  2.03320e-06
 Reference value :  2.03338e-06
 Reference value :  2.03369e-06
 Reference value :  2.03382e-06
 Reference value :  2.03394e-06
 Reference value :  2.03403e-06
 Reference value :  2.03420e-06
 Reference value :  2.03434e-06
 Reference value :  2.03455e-06
 Reference value :  2.03464e-06
 Reference value :  2.03482e-06
 Reference value :  2.03494e-06
 Reference value :  2.03510e-06
 Reference value :  2.03537e-06
 Reference value :  2.03582e-06
 Reference value :  2.03710e-06
 Reference value :  2.04191e-06
 Reference value :  2.04691e-06
 Reference value :  2.05241e-06
 Reference value :  2.05741e-06
 Reference value :  2.06241e-06
 Reference value :  2.06791e-06
 Reference value :  2.07241e-06
 Reference value :  2.07453e-06
 Reference value :  2.07464e-06
 Reference value :  2.07473e-06
 Reference value :  2.07495e-06
 Reference value :  2.07527e-06
 Reference value :  2.07551e-06
 Reference value :  2.07564e-06
 Reference value :  2.07585e-06
 Reference value :  2.07611e-06
 Reference value :  2.07631e-06
 Reference value :  2.07687e-06
 Reference value :  2.07785e-06
 Reference value :  2.07824e-06
 Reference value :  2.07857e-06
 Reference value :  2.07895e-06
 Reference value :  2.08020e-06
 Reference value :  2.08600e-06
 Reference value :  2.09100e-06
 Reference value :  2.09600e-06
 Reference value :  2.10250e-06
 Reference value :  2.10850e-06
 Reference value :  2.11350e-06
 Reference value :  2.11618e-06
 Reference value :  2.11628e-06
 Reference value :  2.11637e-06
 Reference value :  2.11649e-06
 Reference value :  2.11663e-06
 Reference value :  2.11695e-06
 Reference value :  2.11705e-06
 Reference value :  2.11719e-06
 Reference value :  2.11729e-06
 Reference value :  2.11736e-06
 Reference value :  2.11756e-06
 Reference value :  2.11769e-06
 Reference value :  2.11798e-06
 Reference value :  2.11813e-06
 Reference value :  2.11834e-06
 Reference value :  2.11843e-06
 Reference value :  2.11850e-06
 Reference value :  2.11862e-06
 Reference value :  2.11874e-06
 Reference value :  2.11889e-06
 Reference value :  2.11901e-06
 Reference value :  2.11917e-06
 Reference value :  2.11935e-06
 Reference value :  2.11960e-06
 Reference value :  2.12014e-06
 Reference value :  2.12275e-06
 Reference value :  2.12775e-06
 Reference value :  2.13275e-06
 Reference value :  2.13775e-06
 Reference value :  2.14475e-06
 Reference value :  2.14975e-06
 Reference value :  2.15475e-06
 Reference value :  2.15787e-06
 Reference value :  2.15796e-06
 Reference value :  2.15806e-06
 Reference value :  2.15820e-06
 Reference value :  2.15846e-06
 Reference value :  2.15883e-06
 Reference value :  2.15899e-06
 Reference value :  2.15933e-06
 Reference value :  2.15963e-06
 Reference value :  2.16004e-06
 Reference value :  2.16031e-06
 Reference value :  2.16058e-06
 Reference value :  2.16097e-06
 Reference value :  2.16123e-06
 Reference value :  2.16137e-06
 Reference value :  2.16168e-06
 Reference value :  2.16201e-06
 Reference value :  2.16270e-06
 Reference value :  2.16621e-06
 Reference value :  2.17121e-06
 Reference value :  2.17671e-06
 Reference value :  2.18171e-06
 Reference value :  2.18671e-06
 Reference value :  2.19121e-06
 Reference value :  2.19721e-06
 Reference value :  2.19953e-06
 Reference value :  2.19962e-06
 Reference value :  2.19974e-06
 Reference value :  2.19985e-06
 Reference value :  2.20003e-06
 Reference value :  2.20027e-06
 Reference value :  2.20043e-06
 Reference value :  2.20055e-06
 Reference value :  2.20066e-06
 Reference value :  2.20079e-06
 Reference value :  2.20098e-06
 Reference value :  2.20115e-06
 Reference value :  2.20127e-06
 Reference value :  2.20143e-06
 Reference value :  2.20160e-06
 Reference value :  2.20176e-06
 Reference value :  2.20194e-06
 Reference value :  2.20218e-06
 Reference value :  2.20251e-06
 Reference value :  2.20401e-06
 Reference value :  2.20862e-06
 Reference value :  2.21412e-06
 Reference value :  2.21912e-06
 Reference value :  2.22412e-06
 Reference value :  2.22962e-06
 Reference value :  2.23462e-06
 Reference value :  2.24062e-06
 Reference value :  2.24122e-06
 Reference value :  2.24133e-06
 Reference value :  2.24153e-06
 Reference value :  2.24173e-06
 Reference value :  2.24210e-06
 Reference value :  2.24224e-06
 Reference value :  2.24240e-06
 Reference value :  2.24263e-06
 Reference value :  2.24289e-06
 Reference value :  2.24312e-06
 Reference value :  2.24364e-06
 Reference value :  2.24394e-06
 Reference value :  2.24429e-06
 Reference value :  2.24446e-06
 Reference value :  2.24464e-06
 Reference value :  2.24481e-06
 Reference value :  2.24498e-06
 Reference value :  2.24525e-06
 Reference value :  2.24586e-06
 Reference value :  2.24846e-06
 Reference value :  2.25346e-06
 Reference value :  2.25846e-06
 Reference value :  2.26346e-06
 Reference value :  2.26846e-06
 Reference value :  2.27346e-06
 Reference value :  2.27896e-06
 Reference value :  2.28284e-06
 Reference value :  2.28294e-06
 Reference value :  2.28303e-06
 Reference value :  2.28319e-06
 Reference value :  2.28342e-06
 Reference value :  2.28369e-06
 Reference value :  2.28381e-06
 Reference value :  2.28393e-06
 Reference value :  2.28406e-06
 Reference value :  2.28419e-06
 Reference value :  2.28433e-06
 Reference value :  2.28454e-06
 Reference value :  2.28471e-06
 Reference value :  2.28491e-06
 Reference value :  2.28506e-06
 Reference value :  2.28528e-06
 Reference value :  2.28543e-06
 Reference value :  2.28558e-06
 Reference value :  2.28580e-06
 Reference value :  2.28615e-06
 Reference value :  2.28685e-06
 Reference value :  2.29049e-06
 Reference value :  2.29549e-06
 Reference value :  2.30149e-06
 Reference value :  2.30649e-06
 Reference value :  2.31149e-06
 Reference value :  2.31749e-06
 Reference value :  2.32249e-06
 Reference value :  2.32452e-06
 Reference value :  2.32462e-06
 Reference value :  2.32470e-06
 Reference value :  2.32488e-06
 Reference value :  2.32512e-06
 Reference value :  2.32550e-06
 Reference value :  2.32563e-06
 Reference value :  2.32588e-06
 Reference value :  2.32610e-06
 Reference value :  2.32634e-06
 Reference value :  2.32668e-06
 Reference value :  2.32766e-06
 Reference value :  2.32813e-06
 Reference value :  2.32845e-06
 Reference value :  2.32877e-06
 Reference value :  2.32968e-06
 Reference value :  2.33457e-06
 Reference value :  2.33907e-06
 Reference value :  2.34207e-06
 Reference value :  2.34757e-06
 Reference value :  2.35257e-06
 Reference value :  2.35757e-06
 Reference value :  2.36307e-06
 Reference value :  2.36618e-06
 Reference value :  2.36627e-06
 Reference value :  2.36638e-06
 Reference value :  2.36652e-06
 Reference value :  2.36670e-06
 Reference value :  2.36698e-06
 Reference value :  2.36706e-06
 Reference value :  2.36719e-06
 Reference value :  2.36730e-06
 Reference value :  2.36739e-06
 Reference value :  2.36761e-06
 Reference value :  2.36779e-06
 Reference value :  2.36799e-06
 Reference value :  2.36815e-06
 Reference value :  2.36836e-06
 Reference value :  2.36859e-06
 Reference value :  2.36914e-06
 Reference value :  2.37142e-06
 Reference value :  2.37692e-06
 Reference value :  2.38292e-06
 Reference value :  2.38792e-06
 Reference value :  2.39292e-06
 Reference value :  2.39892e-06
 Reference value :  2.40392e-06
 Reference value :  2.40784e-06
 Reference value :  2.40794e-06
 Reference value :  2.40802e-06
 Reference value :  2.40819e-06
 Reference value :  2.40852e-06
 Reference value :  2.40883e-06
 Reference value :  2.40893e-06
 Reference value :  2.40907e-06
 Reference value :  2.40931e-06
 Reference value :  2.40948e-06
 Reference value :  2.40969e-06
 Reference value :  2.41018e-06
 Reference value :  2.41086e-06
 Reference value :  2.41195e-06
 Reference value :  2.41314e-06
 Reference value :  2.41836e-06
 Reference value :  2.42286e-06
 Reference value :  2.42479e-06
 Reference value :  2.42587e-06
 Reference value :  2.42610e-06
 Reference value :  2.42626e-06
 Reference value :  2.42645e-06
 Reference value :  2.42676e-06
 Reference value :  2.42724e-06
 Reference value :  2.42939e-06
 Reference value :  2.43419e-06
 Reference value :  2.43969e-06
 Reference value :  2.44469e-06
 Reference value :  2.44951e-06
 Reference value :  2.44960e-06
 Reference value :  2.44971e-06
 Reference value :  2.44986e-06
 Reference value :  2.45001e-06
 Reference value :  2.45032e-06
 Reference value :  2.45039e-06
 Reference value :  2.45050e-06
 Reference value :  2.45062e-06
 Reference value :  2.45077e-06
 Reference value :  2.45102e-06
 Reference value :  2.45114e-06
 Reference value :  2.45129e-06
 Reference value :  2.45141e-06
 Reference value :  2.45165e-06
 Reference value :  2.45192e-06
 Reference value :  2.45211e-06
 Reference value :  2.45229e-06
 Reference value :  2.45258e-06
 Reference value :  2.45315e-06
 Reference value :  2.45526e-06
 Reference value :  2.46026e-06
 Reference value :  2.46626e-06
 Reference value :  2.47126e-06
 Reference value :  2.47626e-06
 Reference value :  2.48176e-06
 Reference value :  2.48676e-06
 Reference value :  2.49117e-06
 Reference value :  2.49126e-06
 Reference value :  2.49136e-06
 Reference value :  2.49156e-06
 Reference value :  2.49180e-06
 Reference value :  2.49210e-06
 Reference value :  2.49221e-06
 Reference value :  2.49234e-06
 Reference value :  2.49257e-06
 Reference value :  2.49285e-06
 Reference value :  2.49322e-06
 Reference value :  2.49371e-06
 Reference value :  2.49460e-06
 Reference value :  2.49527e-06
 Reference value :  2.49597e-06
 Reference value :  2.49815e-06
 Reference value :  2.50515e-06
 Reference value :  2.50915e-06
 Reference value :  2.51414e-06
 Reference value :  2.51914e-06
 Reference value :  2.52514e-06
 Reference value :  2.53014e-06
 Reference value :  2.53286e-06
 Reference value :  2.53299e-06
 Reference value :  2.53316e-06
 Reference value :  2.53334e-06
 Reference value :  2.53365e-06
 Reference value :  2.53378e-06
 Reference value :  2.53392e-06
 Reference value :  2.53407e-06
 Reference value :  2.53435e-06
 Reference value :  2.53453e-06
 Reference value :  2.53481e-06
 Reference value :  2.53503e-06
 Reference value :  2.53528e-06
 Reference value :  2.53568e-06
 Reference value :  2.53696e-06
 Reference value :  2.54612e-06
 Reference value :  2.55362e-06
 Reference value :  2.55962e-06
 Reference value :  2.56662e-06
 Reference value :  2.57262e-06
 Reference value :  2.57458e-06
 Reference value :  2.57469e-06
 Reference value :  2.57496e-06
 Reference value :  2.57533e-06
 Reference value :  2.57550e-06
 Reference value :  2.57565e-06
 Reference value :  2.57597e-06
 Reference value :  2.57627e-06
 Reference value :  2.57654e-06
 Reference value :  2.57711e-06
 Reference value :  2.57817e-06
 Reference value :  2.57876e-06
 Reference value :  2.57937e-06
 Reference value :  2.58208e-06
 Reference value :  2.58658e-06
 Reference value :  2.59158e-06
 Reference value :  2.59357e-06
 Reference value :  2.59857e-06
 Reference value :  2.60457e-06
 Reference value :  2.60907e-06
 Reference value :  2.61507e-06
 Reference value :  2.61620e-06
 Reference value :  2.61630e-06
 Reference value :  2.61643e-06
 Reference value :  2.61661e-06
 Reference value :  2.61691e-06
 Reference value :  2.61706e-06
 Reference value :  2.61722e-06
 Reference value :  2.61733e-06
 Reference value :  2.61745e-06
 Reference value :  2.61765e-06
 Reference value :  2.61777e-06
 Reference value :  2.61790e-06
 Reference value :  2.61808e-06
 Reference value :  2.61830e-06
 Reference value :  2.61848e-06
 Reference value :  2.61872e-06
 Reference value :  2.61909e-06
 Reference value :  2.62092e-06
 Reference value :  2.62591e-06
 Reference value :  2.63091e-06
 Reference value :  2.63641e-06
 Reference value :  2.64141e-06
 Reference value :  2.64691e-06
 Reference value :  2.65191e-06
 Reference value :  2.65737e-06
 Reference value :  2.65790e-06
 Reference value :  2.65800e-06
 Reference value :  2.65813e-06
 Reference value :  2.65839e-06
 Reference value :  2.65877e-06
 Reference value :  2.65888e-06
 Reference value :  2.65901e-06
 Reference value :  2.65918e-06
 Reference value :  2.65945e-06
 Reference value :  2.65972e-06
 Reference value :  2.66027e-06
 Reference value :  2.66117e-06
 Reference value :  2.66253e-06
 Reference value :  2.66497e-06
 Reference value :  2.67047e-06
 Reference value :  2.67397e-06
 Reference value :  2.67712e-06
 Reference value :  2.68227e-06
 Reference value :  2.68777e-06
 Reference value :  2.69277e-06
 Reference value :  2.69827e-06
 Reference value :  2.69956e-06
 Reference value :  2.69966e-06
 Reference value :  2.69979e-06
 Reference value :  2.69996e-06
 Reference value :  2.70016e-06
 Reference value :  2.70035e-06
 Reference value :  2.70045e-06
 Reference value :  2.70057e-06
 Reference value :  2.70068e-06
 Reference value :  2.70082e-06
 Reference value :  2.70105e-06
 Reference value :  2.70117e-06
 Reference value :  2.70136e-06
 Reference value :  2.70152e-06
 Reference value :  2.70173e-06
 Reference value :  2.70195e-06
 Reference value :  2.70227e-06
 Reference value :  2.70292e-06
 Reference value :  2.70685e-06
 Reference value :  2.71185e-06
 Reference value :  2.71735e-06
 Reference value :  2.72285e-06
 Reference value :  2.72785e-06
 Reference value :  2.73335e-06
 Reference value :  2.73985e-06
 Reference value :  2.74123e-06
 Reference value :  2.74133e-06
 Reference value :  2.74147e-06
 Reference value :  2.74171e-06
 Reference value :  2.74205e-06
 Reference value :  2.74219e-06
 Reference value :  2.74231e-06
 Reference value :  2.74249e-06
 Reference value :  2.74272e-06
 Reference value :  2.74296e-06
 Reference value :  2.74344e-06
 Reference value :  2.74411e-06
 Reference value :  2.74532e-06
 Reference value :  2.74623e-06
 Reference value :  2.74890e-06
 Reference value :  2.75490e-06
 Reference value :  2.75790e-06
 Reference value :  2.76228e-06
 Reference value :  2.76772e-06
 Reference value :  2.77222e-06
 Reference value :  2.77772e-06
 Reference value :  2.78253e-06
 Reference value :  2.78293e-06
 Reference value :  2.78305e-06
 Reference value :  2.78319e-06
 Reference value :  2.78341e-06
 Reference value :  2.78365e-06
 Reference value :  2.78371e-06
 Reference value :  2.78384e-06
 Reference value :  2.78395e-06
 Reference value :  2.78404e-06
 Reference value :  2.78423e-06
 Reference value :  2.78443e-06
 Reference value :  2.78455e-06
 Reference value :  2.78477e-06
 Reference value :  2.78503e-06
 Reference value :  2.78535e-06
 Reference value :  2.78579e-06
 Reference value :  2.78762e-06
 Reference value :  2.79302e-06
 Reference value :  2.79802e-06
 Reference value :  2.80402e-06
 Reference value :  2.80902e-06
 Reference value :  2.81452e-06
 Reference value :  2.82052e-06
 Reference value :  2.82451e-06
 Reference value :  2.82460e-06
 Reference value :  2.82470e-06
 Reference value :  2.82493e-06
 Reference value :  2.82519e-06
 Reference value :  2.82546e-06
 Reference value :  2.82560e-06
 Reference value :  2.82578e-06
 Reference value :  2.82605e-06
 Reference value :  2.82627e-06
 Reference value :  2.82656e-06
 Reference value :  2.82714e-06
 Reference value :  2.82791e-06
 Reference value :  2.82824e-06
 Reference value :  2.82864e-06
 Reference value :  2.82981e-06
 Reference value :  2.83452e-06
 Reference value :  2.83902e-06
 Reference value :  2.84166e-06
 Reference value :  2.84335e-06
 Reference value :  2.84626e-06
 Reference value :  2.85108e-06
 Reference value :  2.85758e-06
 Reference value :  2.86258e-06
 Reference value :  2.86617e-06
 Reference value :  2.86626e-06
 Reference value :  2.86638e-06
 Reference value :  2.86654e-06
 Reference value :  2.86669e-06
 Reference value :  2.86693e-06
 Reference value :  2.86705e-06
 Reference value :  2.86716e-06
 Reference value :  2.86726e-06
 Reference value :  2.86736e-06
 Reference value :  2.86747e-06
 Reference value :  2.86773e-06
 Reference value :  2.86783e-06
 Reference value :  2.86797e-06
 Reference value :  2.86816e-06
 Reference value :  2.86836e-06
 Reference value :  2.86862e-06
 Reference value :  2.86912e-06
 Reference value :  2.87051e-06
 Reference value :  2.87536e-06
 Reference value :  2.88136e-06
 Reference value :  2.88636e-06
 Reference value :  2.89136e-06
 Reference value :  2.89786e-06
 Reference value :  2.90486e-06
 Reference value :  2.90787e-06
 Reference value :  2.90798e-06
 Reference value :  2.90813e-06
 Reference value :  2.90835e-06
 Reference value :  2.90871e-06
 Reference value :  2.90884e-06
 Reference value :  2.90901e-06
 Reference value :  2.90927e-06
 Reference value :  2.90944e-06
 Reference value :  2.90968e-06
 Reference value :  2.91019e-06
 Reference value :  2.91115e-06
 Reference value :  2.91188e-06
 Reference value :  2.91295e-06
 Reference value :  2.92113e-06
 Reference value :  2.92463e-06
 Reference value :  2.92589e-06
 Reference value :  2.92725e-06
 Reference value :  2.92871e-06
 Reference value :  2.93246e-06
 Reference value :  2.93796e-06
 Reference value :  2.94346e-06
 Reference value :  2.94950e-06
 Reference value :  2.94957e-06
 Reference value :  2.94967e-06
 Reference value :  2.94979e-06
 Reference value :  2.95000e-06
 Reference value :  2.95029e-06
 Reference value :  2.95039e-06
 Reference value :  2.95050e-06
 Reference value :  2.95061e-06
 Reference value :  2.95070e-06
 Reference value :  2.95079e-06
 Reference value :  2.95100e-06
 Reference value :  2.95117e-06
 Reference value :  2.95133e-06
 Reference value :  2.95157e-06
 Reference value :  2.95178e-06
 Reference value :  2.95231e-06
 Reference value :  2.95322e-06
 Reference value :  2.95925e-06
 Reference value :  2.96425e-06
 Reference value :  2.97025e-06
 Reference value :  2.97575e-06
 Reference value :  2.98125e-06
 Reference value :  2.98625e-06
 Reference value :  2.99119e-06
 Reference value :  2.99127e-06
 Reference value :  2.99137e-06
 Reference value :  2.99156e-06
 Reference value :  2.99186e-06
 Reference value :  2.99216e-06
 Reference value :  2.99224e-06
 Reference value :  2.99237e-06
 Reference value :  2.99260e-06
 Reference value :  2.99278e-06
 Reference value :  2.99299e-06
 Reference value :  2.99360e-06
 Reference value :  2.99473e-06
 Reference value :  2.99599e-06
 Reference value :  3.00262e-06
 Reference value :  3.00862e-06
 Reference value :  3.01248e-06
 Reference value :  3.01352e-06
 Reference value :  3.01765e-06
 Reference value :  3.02515e-06
 Reference value :  3.03165e-06
 Reference value :  3.03287e-06
 Reference value :  3.03297e-06
 Reference value :  3.03306e-06
 Reference value :  3.03321e-06
 Reference value :  3.03337e-06
 Reference value :  3.03360e-06
 Reference value :  3.03376e-06
 Reference value :  3.03388e-06
 Reference value :  3.03397e-06
 Reference value :  3.03410e-06
 Reference value :  3.03425e-06
 Reference value :  3.03443e-06
 Reference value :  3.03458e-06
 Reference value :  3.03490e-06
 Reference value :  3.03516e-06
 Reference value :  3.03548e-06
 Reference value :  3.03603e-06
 Reference value :  3.03812e-06
 Reference value :  3.04262e-06
 Reference value :  3.04812e-06
 Reference value :  3.05412e-06
 Reference value :  3.06012e-06
 Reference value :  3.06512e-06
 Reference value :  3.07062e-06
 Reference value :  3.07451e-06
 Reference value :  3.07461e-06
 Reference value :  3.07470e-06
 Reference value :  3.07489e-06
 Reference value :  3.07516e-06
 Reference value :  3.07548e-06
 Reference value :  3.07558e-06
 Reference value :  3.07573e-06
 Reference value :  3.07599e-06
 Reference value :  3.07625e-06
 Reference value :  3.07643e-06
 Reference value :  3.07698e-06
 Reference value :  3.07807e-06
 Reference value :  3.07843e-06
 Reference value :  3.07893e-06
 Reference value :  3.08107e-06
 Reference value :  3.08857e-06
 Reference value :  3.09146e-06
 Reference value :  3.09285e-06
 Reference value :  3.09378e-06
 Reference value :  3.09593e-06
 Reference value :  3.10143e-06
 Reference value :  3.10693e-06
 Reference value :  3.11343e-06
 Reference value :  3.11621e-06
 Reference value :  3.11631e-06
 Reference value :  3.11644e-06
 Reference value :  3.11661e-06
 Reference value :  3.11682e-06
 Reference value :  3.11701e-06
 Reference value :  3.11717e-06
 Reference value :  3.11729e-06
 Reference value :  3.11735e-06
 Reference value :  3.11752e-06
 Reference value :  3.11770e-06
 Reference value :  3.11788e-06
 Reference value :  3.11800e-06
 Reference value :  3.11816e-06
 Reference value :  3.11829e-06
 Reference value :  3.11838e-06
 Reference value :  3.11849e-06
 Reference value :  3.11860e-06
 Reference value :  3.11871e-06
 Reference value :  3.11885e-06
 Reference value :  3.11903e-06
 Reference value :  3.11919e-06
 Reference value :  3.11943e-06
 Reference value :  3.11976e-06
 Reference value :  3.12169e-06
 Reference value :  3.12769e-06
 Reference value :  3.13319e-06
 Reference value :  3.13819e-06
 Reference value :  3.14369e-06
 Reference value :  3.14869e-06
 Reference value :  3.15369e-06
 Reference value :  3.15784e-06
 Reference value :  3.15794e-06
 Reference value :  3.15806e-06
 Reference value :  3.15821e-06
 Reference value :  3.15850e-06
 Reference value :  3.15882e-06
 Reference value :  3.15900e-06
 Reference value :  3.15915e-06
 Reference value :  3.15937e-06
 Reference value :  3.15962e-06
 Reference value :  3.16000e-06
 Reference value :  3.16027e-06
 Reference value :  3.16046e-06
 Reference value :  3.16098e-06
 Reference value :  3.16160e-06
 Reference value :  3.16247e-06
 Reference value :  3.16300e-06
 Reference value :  3.16327e-06
 Reference value :  3.16359e-06
 Reference value :  3.16395e-06
 Reference value :  3.16556e-06
 Reference value :  3.17106e-06
 Reference value :  3.17656e-06
 Reference value :  3.18206e-06
 Reference value :  3.18856e-06
 Reference value :  3.19406e-06
 Reference value :  3.19950e-06
 Reference value :  3.19959e-06
 Reference value :  3.19971e-06
 Reference value :  3.19984e-06
 Reference value :  3.19998e-06
 Reference value :  3.20026e-06
 Reference value :  3.20041e-06
 Reference value :  3.20055e-06
 Reference value :  3.20066e-06
 Reference value :  3.20076e-06
 Reference value :  3.20095e-06
 Reference value :  3.20112e-06
 Reference value :  3.20124e-06
 Reference value :  3.20133e-06
 Reference value :  3.20144e-06
 Reference value :  3.20159e-06
 Reference value :  3.20173e-06
 Reference value :  3.20187e-06
 Reference value :  3.20212e-06
 Reference value :  3.20250e-06
 Reference value :  3.20344e-06
 Reference value :  3.20703e-06
 Reference value :  3.21303e-06
 Reference value :  3.21853e-06
 Reference value :  3.22403e-06
 Reference value :  3.22903e-06
 Reference value :  3.23503e-06
 Reference value :  3.24053e-06
 Reference value :  3.24122e-06
 Reference value :  3.24132e-06
 Reference value :  3.24153e-06
 Reference value :  3.24174e-06
 Reference value :  3.24210e-06
 Reference value :  3.24220e-06
 Reference value :  3.24236e-06
 Reference value :  3.24267e-06
 Reference value :  3.24292e-06
 Reference value :  3.24318e-06
 Reference value :  3.24363e-06
 Reference value :  3.24387e-06
 Reference value :  3.24431e-06
 Reference value :  3.24515e-06
 Reference value :  3.24634e-06
 Reference value :  3.24693e-06
 Reference value :  3.24731e-06
 Reference value :  3.24750e-06
 Reference value :  3.24771e-06
 Reference value :  3.24830e-06
 Reference value :  3.24931e-06
 Reference value :  3.25282e-06
 Reference value :  3.25982e-06
 Reference value :  3.26482e-06
 Reference value :  3.27032e-06
 Reference value :  3.27582e-06
 Reference value :  3.28232e-06
 Reference value :  3.28290e-06
 Reference value :  3.28300e-06
 Reference value :  3.28312e-06
 Reference value :  3.28333e-06
 Reference value :  3.28364e-06
 Reference value :  3.28374e-06
 Reference value :  3.28384e-06
 Reference value :  3.28398e-06
 Reference value :  3.28413e-06
 Reference value :  3.28432e-06
 Reference value :  3.28447e-06
 Reference value :  3.28465e-06
 Reference value :  3.28482e-06
 Reference value :  3.28499e-06
 Reference value :  3.28527e-06
 Reference value :  3.28547e-06
 Reference value :  3.28576e-06
 Reference value :  3.28629e-06
 Reference value :  3.28733e-06
 Reference value :  3.29229e-06
 Reference value :  3.29779e-06
 Reference value :  3.30479e-06
 Reference value :  3.31079e-06
 Reference value :  3.31679e-06
 Reference value :  3.32329e-06
 Reference value :  3.32455e-06
 Reference value :  3.32467e-06
 Reference value :  3.32485e-06
 Reference value :  3.32506e-06
 Reference value :  3.32543e-06
 Reference value :  3.32553e-06
 Reference value :  3.32569e-06
 Reference value :  3.32593e-06
 Reference value :  3.32611e-06
 Reference value :  3.32637e-06
 Reference value :  3.32692e-06
 Reference value :  3.32714e-06
 Reference value :  3.32727e-06
 Reference value :  3.32743e-06
 Reference value :  3.32776e-06
 Reference value :  3.32880e-06
 Reference value :  3.32949e-06
 Reference value :  3.33012e-06
 Reference value :  3.33182e-06
 Reference value :  3.33718e-06
 Reference value :  3.34218e-06
 Reference value :  3.34718e-06
 Reference value :  3.35218e-06
 Reference value :  3.35718e-06
 Reference value :  3.36218e-06
 Reference value :  3.36617e-06
 Reference value :  3.36628e-06
 Reference value :  3.36638e-06
 Reference value :  3.36654e-06
 Reference value :  3.36670e-06
 Reference value :  3.36694e-06
 Reference value :  3.36704e-06
 Reference value :  3.36713e-06
 Reference value :  3.36726e-06
 Reference value :  3.36738e-06
 Reference value :  3.36757e-06
 Reference value :  3.36776e-06
 Reference value :  3.36797e-06
 Reference value :  3.36815e-06
 Reference value :  3.36835e-06
 Reference value :  3.36863e-06
 Reference value :  3.36907e-06
 Reference value :  3.36997e-06
 Reference value :  3.37437e-06
 Reference value :  3.37987e-06
 Reference value :  3.38537e-06
 Reference value :  3.39037e-06
 Reference value :  3.39587e-06
 Reference value :  3.40137e-06
 Reference value :  3.40785e-06
 Reference value :  3.40799e-06
 Reference value :  3.40811e-06
 Reference value :  3.40835e-06
 Reference value :  3.40866e-06
 Reference value :  3.40886e-06
 Reference value :  3.40902e-06
 Reference value :  3.40933e-06
 Reference value :  3.40958e-06
 Reference value :  3.41025e-06
 Reference value :  3.41061e-06
 Reference value :  3.41089e-06
 Reference value :  3.41168e-06
 Reference value :  3.41271e-06
 Reference value :  3.41348e-06
 Reference value :  3.41669e-06
 Reference value :  3.42219e-06
 Reference value :  3.42769e-06
 Reference value :  3.43319e-06
 Reference value :  3.43869e-06
 Reference value :  3.44419e-06
 Reference value :  3.44950e-06
 Reference value :  3.44959e-06
 Reference value :  3.44970e-06
 Reference value :  3.44986e-06
 Reference value :  3.45002e-06
 Reference value :  3.45032e-06
 Reference value :  3.45043e-06
 Reference value :  3.45061e-06
 Reference value :  3.45075e-06
 Reference value :  3.45104e-06
 Reference value :  3.45120e-06
 Reference value :  3.45138e-06
 Reference value :  3.45170e-06
 Reference value :  3.45191e-06
 Reference value :  3.45224e-06
 Reference value :  3.45299e-06
 Reference value :  3.45603e-06
 Reference value :  3.46253e-06
 Reference value :  3.46753e-06
 Reference value :  3.47303e-06
 Reference value :  3.47853e-06
 Reference value :  3.48403e-06
 Reference value :  3.49053e-06
 Reference value :  3.49122e-06
 Reference value :  3.49136e-06
 Reference value :  3.49153e-06
 Reference value :  3.49173e-06
 Reference value :  3.49217e-06
 Reference value :  3.49229e-06
 Reference value :  3.49252e-06
 Reference value :  3.49278e-06
 Reference value :  3.49304e-06
 Reference value :  3.49337e-06
 Reference value :  3.49374e-06
 Reference value :  3.49399e-06
 Reference value :  3.49482e-06
 Reference value :  3.49578e-06
 Reference value :  3.49642e-06
 Reference value :  3.49730e-06
 Reference value :  3.50126e-06
 Reference value :  3.50726e-06
 Reference value :  3.51476e-06
 Reference value :  3.52076e-06
 Reference value :  3.52726e-06
 Reference value :  3.53286e-06
 Reference value :  3.53299e-06
 Reference value :  3.53319e-06
 Reference value :  3.53341e-06
 Reference value :  3.53368e-06
 Reference value :  3.53380e-06
 Reference value :  3.53393e-06
 Reference value :  3.53412e-06
 Reference value :  3.53438e-06
 Reference value :  3.53455e-06
 Reference value :  3.53479e-06
 Reference value :  3.53504e-06
 Reference value :  3.53526e-06
 Reference value :  3.53551e-06
 Reference value :  3.53603e-06
 Reference value :  3.53844e-06
 Reference value :  3.54444e-06
 Reference value :  3.54994e-06
 Reference value :  3.55594e-06
 Reference value :  3.56144e-06
 Reference value :  3.56894e-06
 Reference value :  3.57452e-06
 Reference value :  3.57464e-06
 Reference value :  3.57476e-06
 Reference value :  3.57498e-06
 Reference value :  3.57527e-06
 Reference value :  3.57550e-06
 Reference value :  3.57563e-06
 Reference value :  3.57582e-06
 Reference value :  3.57603e-06
 Reference value :  3.57630e-06
 Reference value :  3.57677e-06
 Reference value :  3.57706e-06
 Reference value :  3.57719e-06
 Reference value :  3.57739e-06
 Reference value :  3.57824e-06
 Reference value :  3.57900e-06
 Reference value :  3.57966e-06
 Reference value :  3.58080e-06
 Reference value :  3.58731e-06
 Reference value :  3.59481e-06
 Reference value :  3.60181e-06
 Reference value :  3.60881e-06
 Reference value :  3.61617e-06
 Reference value :  3.61629e-06
 Reference value :  3.61645e-06
 Reference value :  3.61671e-06
 Reference value :  3.61703e-06
 Reference value :  3.61718e-06
 Reference value :  3.61737e-06
 Reference value :  3.61767e-06
 Reference value :  3.61789e-06
 Reference value :  3.61807e-06
 Reference value :  3.61836e-06
 Reference value :  3.61859e-06
 Reference value :  3.61902e-06
 Reference value :  3.61997e-06
 Reference value :  3.62431e-06
 Reference value :  3.63031e-06
 Reference value :  3.63681e-06
 Reference value :  3.64381e-06
 Reference value :  3.64981e-06
 Reference value :  3.65631e-06
 Reference value :  3.65790e-06
 Reference value :  3.65802e-06
 Reference value :  3.65819e-06
 Reference value :  3.65839e-06
 Reference value :  3.65881e-06
 Reference value :  3.65898e-06
 Reference value :  3.65922e-06
 Reference value :  3.65944e-06
 Reference value :  3.65963e-06
 Reference value :  3.66004e-06
 Reference value :  3.66039e-06
 Reference value :  3.66061e-06
 Reference value :  3.66135e-06
 Reference value :  3.66213e-06
 Reference value :  3.66344e-06
 Reference value :  3.66515e-06
 Reference value :  3.66944e-06
 Reference value :  3.67494e-06
 Reference value :  3.67994e-06
 Reference value :  3.68544e-06
 Reference value :  3.69044e-06
 Reference value :  3.69544e-06
 Reference value :  3.69950e-06
 Reference value :  3.69957e-06
 Reference value :  3.69967e-06
 Reference value :  3.69981e-06
 Reference value :  3.69999e-06
 Reference value :  3.70036e-06
 Reference value :  3.70043e-06
 Reference value :  3.70055e-06
 Reference value :  3.70065e-06
 Reference value :  3.70079e-06
 Reference value :  3.70102e-06
 Reference value :  3.70118e-06
 Reference value :  3.70133e-06
 Reference value :  3.70161e-06
 Reference value :  3.70179e-06
 Reference value :  3.70258e-06
 Reference value :  3.70673e-06
 Reference value :  3.71273e-06
 Reference value :  3.71823e-06
 Reference value :  3.72373e-06
 Reference value :  3.72923e-06
 Reference value :  3.73573e-06
 Reference value :  3.74117e-06
 Reference value :  3.74124e-06
 Reference value :  3.74135e-06
 Reference value :  3.74153e-06
 Reference value :  3.74184e-06
 Reference value :  3.74211e-06
 Reference value :  3.74226e-06
 Reference value :  3.74254e-06
 Reference value :  3.74294e-06
 Reference value :  3.74330e-06
 Reference value :  3.74364e-06
 Reference value :  3.74383e-06
 Reference value :  3.74471e-06
 Reference value :  3.74559e-06
 Reference value :  3.74594e-06
 Reference value :  3.74623e-06
 Reference value :  3.74660e-06
 Reference value :  3.74772e-06
 Reference value :  3.75274e-06
 Reference value :  3.75824e-06
 Reference value :  3.76374e-06
 Reference value :  3.76924e-06
 Reference value :  3.77474e-06
 Reference value :  3.77974e-06
 Reference value :  3.78286e-06
 Reference value :  3.78294e-06
 Reference value :  3.78306e-06
 Reference value :  3.78321e-06
 Reference value :  3.78340e-06
 Reference value :  3.78365e-06
 Reference value :  3.78374e-06
 Reference value :  3.78386e-06
 Reference value :  3.78397e-06
 Reference value :  3.78406e-06
 Reference value :  3.78426e-06
 Reference value :  3.78443e-06
 Reference value :  3.78463e-06
 Reference value :  3.78492e-06
 Reference value :  3.78518e-06
 Reference value :  3.78557e-06
 Reference value :  3.78619e-06
 Reference value :  3.78870e-06
 Reference value :  3.79420e-06
 Reference value :  3.80020e-06
 Reference value :  3.80570e-06
 Reference value :  3.81120e-06
 Reference value :  3.81670e-06
 Reference value :  3.82220e-06
 Reference value :  3.82454e-06
 Reference value :  3.82466e-06
 Reference value :  3.82478e-06
 Reference value :  3.82502e-06
 Reference value :  3.82538e-06
 Reference value :  3.82550e-06
 Reference value :  3.82562e-06
 Reference value :  3.82576e-06
 Reference value :  3.82606e-06
 Reference value :  3.82630e-06
 Reference value :  3.82669e-06
 Reference value :  3.82700e-06
 Reference value :  3.82722e-06
 Reference value :  3.82783e-06
 Reference value :  3.82847e-06
 Reference value :  3.82910e-06
 Reference value :  3.82962e-06
 Reference value :  3.83040e-06
 Reference value :  3.83263e-06
 Reference value :  3.83813e-06
 Reference value :  3.84363e-06
 Reference value :  3.84913e-06
 Reference value :  3.85463e-06
 Reference value :  3.86063e-06
 Reference value :  3.86590e-06
 Reference value :  3.86622e-06
 Reference value :  3.86634e-06
 Reference value :  3.86647e-06
 Reference value :  3.86666e-06
 Reference value :  3.86698e-06
 Reference value :  3.86710e-06
 Reference value :  3.86722e-06
 Reference value :  3.86730e-06
 Reference value :  3.86744e-06
 Reference value :  3.86765e-06
 Reference value :  3.86783e-06
 Reference value :  3.86802e-06
 Reference value :  3.86828e-06
 Reference value :  3.86853e-06
 Reference value :  3.86896e-06
 Reference value :  3.86973e-06
 Reference value :  3.87393e-06
 Reference value :  3.87893e-06
 Reference value :  3.88393e-06
 Reference value :  3.88993e-06
 Reference value :  3.89543e-06
 Reference value :  3.90093e-06
 Reference value :  3.90643e-06
 Reference value :  3.90788e-06
 Reference value :  3.90798e-06
 Reference value :  3.90809e-06
 Reference value :  3.90835e-06
 Reference value :  3.90870e-06
 Reference value :  3.90884e-06
 Reference value :  3.90893e-06
 Reference value :  3.90906e-06
 Reference value :  3.90936e-06
 Reference value :  3.90963e-06
 Reference value :  3.90991e-06
 Reference value :  3.91032e-06
 Reference value :  3.91052e-06
 Reference value :  3.91107e-06
 Reference value :  3.91187e-06
 Reference value :  3.91243e-06
 Reference value :  3.91302e-06
 Reference value :  3.91428e-06
 Reference value :  3.91848e-06
 Reference value :  3.92398e-06
 Reference value :  3.92948e-06
 Reference value :  3.93498e-06
 Reference value :  3.93998e-06
 Reference value :  3.94548e-06
 Reference value :  3.94950e-06
 Reference value :  3.94958e-06
 Reference value :  3.94968e-06
 Reference value :  3.94981e-06
 Reference value :  3.95000e-06
 Reference value :  3.95021e-06
 Reference value :  3.95034e-06
 Reference value :  3.95045e-06
 Reference value :  3.95057e-06
 Reference value :  3.95065e-06
 Reference value :  3.95077e-06
 Reference value :  3.95093e-06
 Reference value :  3.95113e-06
 Reference value :  3.95130e-06
 Reference value :  3.95157e-06
 Reference value :  3.95182e-06
 Reference value :  3.95216e-06
 Reference value :  3.95267e-06
 Reference value :  3.95494e-06
 Reference value :  3.96044e-06
 Reference value :  3.96594e-06
 Reference value :  3.97094e-06
 Reference value :  3.97644e-06
 Reference value :  3.98294e-06
 Reference value :  3.98844e-06
 Reference value :  3.99119e-06
 Reference value :  3.99130e-06
 Reference value :  3.99141e-06
 Reference value :  3.99164e-06
 Reference value :  3.99203e-06
 Reference value :  3.99217e-06
 Reference value :  3.99230e-06
 Reference value :  3.99250e-06
 Reference value :  3.99274e-06
 Reference value :  3.99298e-06
 Reference value :  3.99339e-06
 Reference value :  3.99367e-06
 Reference value :  3.99390e-06
 Reference value :  3.99455e-06
 Reference value :  3.99547e-06
 Reference value :  3.99610e-06
 Reference value :  3.99643e-06
 Reference value :  3.99671e-06
 Reference value :  3.99705e-06
 Reference value :  3.99926e-06
 Reference value :  4.00476e-06
 Reference value :  4.01026e-06
 Reference value :  4.01576e-06
 Reference value :  4.02176e-06
 Reference value :  4.02776e-06
 Reference value :  4.03283e-06
 Reference value :  4.03290e-06
 Reference value :  4.03302e-06
 Reference value :  4.03315e-06
 Reference value :  4.03332e-06
 Reference value :  4.03360e-06
 Reference value :  4.03372e-06
 Reference value :  4.03385e-06
 Reference value :  4.03396e-06
 Reference value :  4.03406e-06
 Reference value :  4.03423e-06
 Reference value :  4.03444e-06
 Reference value :  4.03466e-06
 Reference value :  4.03492e-06
 Reference value :  4.03513e-06
 Reference value :  4.03544e-06
 Reference value :  4.03591e-06
 Reference value :  4.03775e-06
 Reference value :  4.04370e-06
 Reference value :  4.05170e-06
 Reference value :  4.06170e-06
 Reference value :  4.07220e-06
 Reference value :  4.07464e-06
 Reference value :  4.07483e-06
 Reference value :  4.07514e-06
 Reference value :  4.07550e-06
 Reference value :  4.07574e-06
 Reference value :  4.07608e-06
 Reference value :  4.07650e-06
 Reference value :  4.07704e-06
 Reference value :  4.07808e-06
 Reference value :  4.07935e-06
 Reference value :  4.07999e-06
 Reference value :  4.08226e-06
 Reference value :  4.09171e-06
 Reference value :  4.10071e-06
 Reference value :  4.10971e-06
 Reference value :  4.11619e-06
 Reference value :  4.11633e-06
 Reference value :  4.11654e-06
 Reference value :  4.11694e-06
 Reference value :  4.11713e-06
 Reference value :  4.11735e-06
 Reference value :  4.11779e-06
 Reference value :  4.11798e-06
 Reference value :  4.11822e-06
 Reference value :  4.11839e-06
 Reference value :  4.11858e-06
 Reference value :  4.11886e-06
 Reference value :  4.11920e-06
 Reference value :  4.11976e-06
 Reference value :  4.12558e-06
 Reference value :  4.13358e-06
 Reference value :  4.14208e-06
 Reference value :  4.15058e-06
 Reference value :  4.15784e-06
 Reference value :  4.15798e-06
 Reference value :  4.15818e-06
 Reference value :  4.15865e-06
 Reference value :  4.15893e-06
 Reference value :  4.15927e-06
 Reference value :  4.15967e-06
 Reference value :  4.16029e-06
 Reference value :  4.16085e-06
 Reference value :  4.16120e-06
 Reference value :  4.16138e-06
 Reference value :  4.16168e-06
 Reference value :  4.16240e-06
 Reference value :  4.16778e-06
 Reference value :  4.17528e-06
 Reference value :  4.18378e-06
 Reference value :  4.19128e-06
 Reference value :  4.19914e-06
 Reference value :  4.19964e-06
 Reference value :  4.19982e-06
 Reference value :  4.20007e-06
 Reference value :  4.20037e-06
 Reference value :  4.20055e-06
 Reference value :  4.20078e-06
 Reference value :  4.20093e-06
 Reference value :  4.20117e-06
 Reference value :  4.20131e-06
 Reference value :  4.20146e-06
 Reference value :  4.20165e-06
 Reference value :  4.20192e-06
 Reference value :  4.20275e-06
 Reference value :  4.21077e-06
 Reference value :  4.22027e-06
 Reference value :  4.22827e-06
 Reference value :  4.23627e-06
 Reference value :  4.24120e-06
 Reference value :  4.24136e-06
 Reference value :  4.24187e-06
 Reference value :  4.24228e-06
 Reference value :  4.24265e-06
 Reference value :  4.24309e-06
 Reference value :  4.24360e-06
 Reference value :  4.24408e-06
 Reference value :  4.24457e-06
 Reference value :  4.24501e-06
 Reference value :  4.24695e-06
 Reference value :  4.25572e-06
 Reference value :  4.26322e-06
 Reference value :  4.27072e-06
 Reference value :  4.27972e-06
 Reference value :  4.28289e-06
 Reference value :  4.28304e-06
 Reference value :  4.28326e-06
 Reference value :  4.28366e-06
 Reference value :  4.28384e-06
 Reference value :  4.28406e-06
 Reference value :  4.28439e-06
 Reference value :  4.28473e-06
 Reference value :  4.28515e-06
 Reference value :  4.28560e-06
 Reference value :  4.28669e-06
 Reference value :  4.29503e-06
 Reference value :  4.30253e-06
 Reference value :  4.31153e-06
 Reference value :  4.31953e-06
 Reference value :  4.32453e-06
 Reference value :  4.32463e-06
 Reference value :  4.32472e-06
 Reference value :  4.32489e-06
 Reference value :  4.32517e-06
 Reference value :  4.32550e-06
 Reference value :  4.32565e-06
 Reference value :  4.32586e-06
 Reference value :  4.32610e-06
 Reference value :  4.32643e-06
 Reference value :  4.32694e-06
 Reference value :  4.32801e-06
 Reference value :  4.32842e-06
 Reference value :  4.32883e-06
 Reference value :  4.32984e-06
 Reference value :  4.33381e-06
 Reference value :  4.33931e-06
 Reference value :  4.34223e-06
 Reference value :  4.34351e-06
 Reference value :  4.34369e-06
 Reference value :  4.34385e-06
 Reference value :  4.34408e-06
 Reference value :  4.34437e-06
 Reference value :  4.34504e-06
 Reference value :  4.34858e-06
 Reference value :  4.35358e-06
 Reference value :  4.35908e-06
 Reference value :  4.36458e-06
 Reference value :  4.36621e-06
 Reference value :  4.36632e-06
 Reference value :  4.36646e-06
 Reference value :  4.36661e-06
 Reference value :  4.36682e-06
 Reference value :  4.36701e-06
 Reference value :  4.36711e-06
 Reference value :  4.36724e-06
 Reference value :  4.36735e-06
 Reference value :  4.36749e-06
 Reference value :  4.36778e-06
 Reference value :  4.36795e-06
 Reference value :  4.36812e-06
 Reference value :  4.36837e-06
 Reference value :  4.36851e-06
 Reference value :  4.36876e-06
 Reference value :  4.36902e-06
 Reference value :  4.36946e-06
 Reference value :  4.37167e-06
 Reference value :  4.37667e-06
 Reference value :  4.38217e-06
 Reference value :  4.38867e-06
 Reference value :  4.39417e-06
 Reference value :  4.39967e-06
 Reference value :  4.40567e-06
 Reference value :  4.40787e-06
 Reference value :  4.40799e-06
 Reference value :  4.40819e-06
 Reference value :  4.40847e-06
 Reference value :  4.40887e-06
 Reference value :  4.40905e-06
 Reference value :  4.40927e-06
 Reference value :  4.40945e-06
 Reference value :  4.40973e-06
 Reference value :  4.41036e-06
 Reference value :  4.41148e-06
 Reference value :  4.41219e-06
 Reference value :  4.41342e-06
 Reference value :  4.41950e-06
 Reference value :  4.42343e-06
 Reference value :  4.42515e-06
 Reference value :  4.42559e-06
 Reference value :  4.42657e-06
 Reference value :  4.43156e-06
 Reference value :  4.43706e-06
 Reference value :  4.44256e-06
 Reference value :  4.44856e-06
 Reference value :  4.44956e-06
 Reference value :  4.44966e-06
 Reference value :  4.44979e-06
 Reference value :  4.44996e-06
 Reference value :  4.45022e-06
 Reference value :  4.45037e-06
 Reference value :  4.45048e-06
 Reference value :  4.45060e-06
 Reference value :  4.45085e-06
 Reference value :  4.45105e-06
 Reference value :  4.45120e-06
 Reference value :  4.45139e-06
 Reference value :  4.45160e-06
 Reference value :  4.45184e-06
 Reference value :  4.45231e-06
 Reference value :  4.45294e-06
 Reference value :  4.45689e-06
 Reference value :  4.46389e-06
 Reference value :  4.47189e-06
 Reference value :  4.47989e-06
 Reference value :  4.48589e-06
 Reference value :  4.49117e-06
 Reference value :  4.49125e-06
 Reference value :  4.49136e-06
 Reference value :  4.49152e-06
 Reference value :  4.49176e-06
 Reference value :  4.49216e-06
 Reference value :  4.49227e-06
 Reference value :  4.49241e-06
 Reference value :  4.49265e-06
 Reference value :  4.49290e-06
 Reference value :  4.49316e-06
 Reference value :  4.49396e-06
 Reference value :  4.49480e-06
 Reference value :  4.49534e-06
 Reference value :  4.49592e-06
 Reference value :  4.49960e-06
 Reference value :  4.50560e-06
 Reference value :  4.50859e-06
 Reference value :  4.50996e-06
 Reference value :  4.51030e-06
 Reference value :  4.51050e-06
 Reference value :  4.51076e-06
 Reference value :  4.51121e-06
 Reference value :  4.51375e-06
 Reference value :  4.52025e-06
 Reference value :  4.52625e-06
 Reference value :  4.53175e-06
 Reference value :  4.53288e-06
 Reference value :  4.53298e-06
 Reference value :  4.53312e-06
 Reference value :  4.53330e-06
 Reference value :  4.53349e-06
 Reference value :  4.53368e-06
 Reference value :  4.53383e-06
 Reference value :  4.53393e-06
 Reference value :  4.53406e-06
 Reference value :  4.53424e-06
 Reference value :  4.53447e-06
 Reference value :  4.53475e-06
 Reference value :  4.53490e-06
 Reference value :  4.53508e-06
 Reference value :  4.53526e-06
 Reference value :  4.53547e-06
 Reference value :  4.53569e-06
 Reference value :  4.53613e-06
 Reference value :  4.53810e-06
 Reference value :  4.54360e-06
 Reference value :  4.54860e-06
 Reference value :  4.55410e-06
 Reference value :  4.55960e-06
 Reference value :  4.56510e-06
 Reference value :  4.57010e-06
 Reference value :  4.57451e-06
 Reference value :  4.57461e-06
 Reference value :  4.57470e-06
 Reference value :  4.57493e-06
 Reference value :  4.57532e-06
 Reference value :  4.57560e-06
 Reference value :  4.57585e-06
 Reference value :  4.57621e-06
 Reference value :  4.57663e-06
 Reference value :  4.57765e-06
 Reference value :  4.57827e-06
 Reference value :  4.57868e-06
 Reference value :  4.57992e-06
 Reference value :  4.58516e-06
 Reference value :  4.59162e-06
 Reference value :  4.59251e-06
 Reference value :  4.59299e-06
 Reference value :  4.59344e-06
 Reference value :  4.59521e-06
 Reference value :  4.60109e-06
 Reference value :  4.60709e-06
 Reference value :  4.61459e-06
 Reference value :  4.61624e-06
 Reference value :  4.61637e-06
 Reference value :  4.61652e-06
 Reference value :  4.61667e-06
 Reference value :  4.61693e-06
 Reference value :  4.61711e-06
 Reference value :  4.61727e-06
 Reference value :  4.61739e-06
 Reference value :  4.61758e-06
 Reference value :  4.61778e-06
 Reference value :  4.61801e-06
 Reference value :  4.61814e-06
 Reference value :  4.61834e-06
 Reference value :  4.61854e-06
 Reference value :  4.61875e-06
 Reference value :  4.61904e-06
 Reference value :  4.61995e-06
 Reference value :  4.62608e-06
 Reference value :  4.63158e-06
 Reference value :  4.63708e-06
 Reference value :  4.64258e-06
 Reference value :  4.64858e-06
 Reference value :  4.65408e-06
 Reference value :  4.65785e-06
 Reference value :  4.65794e-06
 Reference value :  4.65804e-06
 Reference value :  4.65825e-06
 Reference value :  4.65861e-06
 Reference value :  4.65887e-06
 Reference value :  4.65908e-06
 Reference value :  4.65937e-06
 Reference value :  4.65964e-06
 Reference value :  4.66016e-06
 Reference value :  4.66130e-06
 Reference value :  4.66208e-06
 Reference value :  4.66288e-06
 Reference value :  4.66617e-06
 Reference value :  4.67417e-06
 Reference value :  4.67589e-06
 Reference value :  4.67627e-06
 Reference value :  4.67667e-06
 Reference value :  4.67722e-06
 Reference value :  4.68041e-06
 Reference value :  4.68841e-06
 Reference value :  4.69591e-06
 Reference value :  4.69955e-06
 Reference value :  4.69969e-06
 Reference value :  4.69986e-06
 Reference value :  4.70010e-06
 Reference value :  4.70031e-06
 Reference value :  4.70042e-06
 Reference value :  4.70062e-06
 Reference value :  4.70090e-06
 Reference value :  4.70117e-06
 Reference value :  4.70138e-06
 Reference value :  4.70160e-06
 Reference value :  4.70175e-06
 Reference value :  4.70195e-06
 Reference value :  4.70229e-06
 Reference value :  4.70315e-06
 Reference value :  4.70691e-06
 Reference value :  4.71241e-06
 Reference value :  4.71791e-06
 Reference value :  4.72341e-06
 Reference value :  4.72891e-06
 Reference value :  4.73441e-06
 Reference value :  4.73991e-06
 Reference value :  4.74122e-06
 Reference value :  4.74131e-06
 Reference value :  4.74141e-06
 Reference value :  4.74166e-06
 Reference value :  4.74210e-06
 Reference value :  4.74222e-06
 Reference value :  4.74236e-06
 Reference value :  4.74265e-06
 Reference value :  4.74285e-06
 Reference value :  4.74310e-06
 Reference value :  4.74393e-06
 Reference value :  4.74499e-06
 Reference value :  4.74576e-06
 Reference value :  4.74756e-06
 Reference value :  4.75304e-06
 Reference value :  4.75742e-06
 Reference value :  4.75930e-06
 Reference value :  4.75960e-06
 Reference value :  4.75992e-06
 Reference value :  4.76046e-06
 Reference value :  4.76370e-06
 Reference value :  4.76920e-06
 Reference value :  4.77520e-06
 Reference value :  4.78070e-06
 Reference value :  4.78287e-06
 Reference value :  4.78298e-06
 Reference value :  4.78310e-06
 Reference value :  4.78326e-06
 Reference value :  4.78345e-06
 Reference value :  4.78365e-06
 Reference value :  4.78372e-06
 Reference value :  4.78384e-06
 Reference value :  4.78401e-06
 Reference value :  4.78417e-06
 Reference value :  4.78439e-06
 Reference value :  4.78463e-06
 Reference value :  4.78479e-06
 Reference value :  4.78501e-06
 Reference value :  4.78518e-06
 Reference value :  4.78538e-06
 Reference value :  4.78565e-06
 Reference value :  4.78623e-06
 Reference value :  4.78922e-06
 Reference value :  4.79472e-06
 Reference value :  4.80072e-06
 Reference value :  4.80622e-06
 Reference value :  4.81172e-06
 Reference value :  4.81722e-06
 Reference value :  4.82272e-06
 Reference value :  4.82454e-06
 Reference value :  4.82465e-06
 Reference value :  4.82478e-06
 Reference value :  4.82498e-06
 Reference value :  4.82537e-06
 Reference value :  4.82552e-06
 Reference value :  4.82566e-06
 Reference value :  4.82582e-06
 Reference value :  4.82606e-06
 Reference value :  4.82631e-06
 Reference value :  4.82674e-06
 Reference value :  4.82782e-06
 Reference value :  4.82872e-06
 Reference value :  4.82958e-06
 Reference value :  4.83375e-06
 Reference value :  4.83925e-06
 Reference value :  4.84122e-06
 Reference value :  4.84258e-06
 Reference value :  4.84291e-06
 Reference value :  4.84308e-06
 Reference value :  4.84335e-06
 Reference value :  4.84365e-06
 Reference value :  4.84455e-06
 Reference value :  4.84991e-06
 Reference value :  4.85691e-06
 Reference value :  4.86191e-06
 Reference value :  4.86617e-06
 Reference value :  4.86627e-06
 Reference value :  4.86637e-06
 Reference value :  4.86653e-06
 Reference value :  4.86667e-06
 Reference value :  4.86692e-06
 Reference value :  4.86705e-06
 Reference value :  4.86716e-06
 Reference value :  4.86728e-06
 Reference value :  4.86745e-06
 Reference value :  4.86764e-06
 Reference value :  4.86780e-06
 Reference value :  4.86800e-06
 Reference value :  4.86824e-06
 Reference value :  4.86843e-06
 Reference value :  4.86860e-06
 Reference value :  4.86885e-06
 Reference value :  4.86925e-06
 Reference value :  4.86990e-06
 Reference value :  4.87418e-06
 Reference value :  4.87968e-06
 Reference value :  4.88518e-06
 Reference value :  4.89068e-06
 Reference value :  4.89618e-06
 Reference value :  4.90168e-06
 Reference value :  4.90751e-06
 Reference value :  4.90789e-06
 Reference value :  4.90800e-06
 Reference value :  4.90813e-06
 Reference value :  4.90833e-06
 Reference value :  4.90877e-06
 Reference value :  4.90893e-06
 Reference value :  4.90913e-06
 Reference value :  4.90939e-06
 Reference value :  4.90963e-06
 Reference value :  4.90994e-06
 Reference value :  4.91083e-06
 Reference value :  4.91148e-06
 Reference value :  4.91177e-06
 Reference value :  4.91220e-06
 Reference value :  4.91356e-06
 Reference value :  4.92056e-06
 Reference value :  4.92506e-06
 Reference value :  4.92642e-06
 Reference value :  4.92758e-06
 Reference value :  4.92778e-06
 Reference value :  4.92805e-06
 Reference value :  4.92855e-06
 Reference value :  4.92998e-06
 Reference value :  4.93630e-06
 Reference value :  4.94330e-06
 Reference value :  4.94880e-06
 Reference value :  4.94957e-06
 Reference value :  4.94970e-06
 Reference value :  4.94983e-06
 Reference value :  4.94999e-06
 Reference value :  4.95027e-06
 Reference value :  4.95037e-06
 Reference value :  4.95047e-06
 Reference value :  4.95057e-06
 Reference value :  4.95066e-06
 Reference value :  4.95079e-06
 Reference value :  4.95100e-06
 Reference value :  4.95111e-06
 Reference value :  4.95134e-06
 Reference value :  4.95147e-06
 Reference value :  4.95170e-06
 Reference value :  4.95191e-06
 Reference value :  4.95211e-06
 Reference value :  4.95239e-06
 Reference value :  4.95297e-06
 Reference value :  4.95585e-06
 Reference value :  4.96135e-06
 Reference value :  4.96635e-06
 Reference value :  4.97185e-06
 Reference value :  4.97735e-06
 Reference value :  4.98435e-06
 Reference value :  4.99076e-06
 Reference value :  4.99127e-06
 Reference value :  4.99140e-06
 Reference value :  4.99161e-06
 Reference value :  4.99204e-06
 Reference value :  4.99218e-06
 Reference value :  4.99234e-06
 Reference value :  4.99260e-06
 Reference value :  4.99279e-06
 Reference value :  4.99306e-06
 Reference value :  4.99375e-06
 Reference value :  4.99474e-06
 Reference value :  4.99544e-06
 Reference value :  4.99698e-06
 Reference value :  5.00327e-06
 Reference value :  5.00770e-06
 Reference value :  5.00904e-06
 Reference value :  5.00950e-06
 Reference value :  5.01009e-06
 Reference value :  5.01325e-06
 Reference value :  5.01875e-06
 Reference value :  5.02425e-06
 Reference value :  5.02975e-06
 Reference value :  5.03286e-06
 Reference value :  5.03294e-06
 Reference value :  5.03306e-06
 Reference value :  5.03321e-06
 Reference value :  5.03340e-06
 Reference value :  5.03365e-06
 Reference value :  5.03372e-06
 Reference value :  5.03385e-06
 Reference value :  5.03401e-06
 Reference value :  5.03427e-06
 Reference value :  5.03452e-06
 Reference value :  5.03471e-06
 Reference value :  5.03493e-06
 Reference value :  5.03514e-06
 Reference value :  5.03543e-06
 Reference value :  5.03601e-06
 Reference value :  5.03742e-06
 Reference value :  5.04292e-06
 Reference value :  5.04842e-06
 Reference value :  5.05392e-06
 Reference value :  5.05942e-06
 Reference value :  5.06542e-06
 Reference value :  5.07092e-06
 Reference value :  5.07451e-06
 Reference value :  5.07460e-06
 Reference value :  5.07470e-06
 Reference value :  5.07489e-06
 Reference value :  5.07513e-06
 Reference value :  5.07550e-06
 Reference value :  5.07566e-06
 Reference value :  5.07587e-06
 Reference value :  5.07611e-06
 Reference value :  5.07641e-06
 Reference value :  5.07690e-06
 Reference value :  5.07776e-06
 Reference value :  5.07817e-06
 Reference value :  5.07849e-06
 Reference value :  5.07893e-06
 Reference value :  5.08159e-06
 Reference value :  5.08759e-06
 Reference value :  5.09101e-06
 Reference value :  5.09235e-06
 Reference value :  5.09289e-06
 Reference value :  5.09343e-06
 Reference value :  5.09607e-06
 Reference value :  5.10157e-06
 Reference value :  5.10707e-06
 Reference value :  5.11257e-06
 Reference value :  5.11618e-06
 Reference value :  5.11627e-06
 Reference value :  5.11638e-06
 Reference value :  5.11652e-06
 Reference value :  5.11670e-06
 Reference value :  5.11694e-06
 Reference value :  5.11705e-06
 Reference value :  5.11719e-06
 Reference value :  5.11731e-06
 Reference value :  5.11740e-06
 Reference value :  5.11757e-06
 Reference value :  5.11776e-06
 Reference value :  5.11791e-06
 Reference value :  5.11802e-06
 Reference value :  5.11819e-06
 Reference value :  5.11834e-06
 Reference value :  5.11846e-06
 Reference value :  5.11855e-06
 Reference value :  5.11867e-06
 Reference value :  5.11881e-06
 Reference value :  5.11897e-06
 Reference value :  5.11917e-06
 Reference value :  5.11957e-06
 Reference value :  5.12126e-06
 Reference value :  5.12556e-06
 Reference value :  5.13106e-06
 Reference value :  5.13706e-06
 Reference value :  5.14306e-06
 Reference value :  5.14856e-06
 Reference value :  5.15356e-06
 Reference value :  5.15784e-06
 Reference value :  5.15795e-06
 Reference value :  5.15805e-06
 Reference value :  5.15825e-06
 Reference value :  5.15852e-06
 Reference value :  5.15882e-06
 Reference value :  5.15890e-06
 Reference value :  5.15903e-06
 Reference value :  5.15923e-06
 Reference value :  5.15946e-06
 Reference value :  5.15969e-06
 Reference value :  5.16013e-06
 Reference value :  5.16051e-06
 Reference value :  5.16074e-06
 Reference value :  5.16087e-06
 Reference value :  5.16102e-06
 Reference value :  5.16126e-06
 Reference value :  5.16162e-06
 Reference value :  5.16204e-06
 Reference value :  5.16288e-06
 Reference value :  5.16695e-06
 Reference value :  5.17245e-06
 Reference value :  5.17795e-06
 Reference value :  5.18345e-06
 Reference value :  5.18895e-06
 Reference value :  5.19445e-06
 Reference value :  5.19950e-06
 Reference value :  5.19959e-06
 Reference value :  5.19973e-06
 Reference value :  5.19985e-06
 Reference value :  5.20004e-06
 Reference value :  5.20029e-06
 Reference value :  5.20042e-06
 Reference value :  5.20055e-06
 Reference value :  5.20066e-06
 Reference value :  5.20075e-06
 Reference value :  5.20096e-06
 Reference value :  5.20108e-06
 Reference value :  5.20121e-06
 Reference value :  5.20133e-06
 Reference value :  5.20149e-06
 Reference value :  5.20168e-06
 Reference value :  5.20185e-06
 Reference value :  5.20203e-06
 Reference value :  5.20239e-06
 Reference value :  5.20349e-06
 Reference value :  5.21088e-06
 Reference value :  5.21638e-06
 Reference value :  5.22188e-06
 Reference value :  5.22738e-06
 Reference value :  5.23288e-06
 Reference value :  5.23788e-06
 Reference value :  5.24120e-06
 Reference value :  5.24133e-06
 Reference value :  5.24153e-06
 Reference value :  5.24198e-06
 Reference value :  5.24219e-06
 Reference value :  5.24237e-06
 Reference value :  5.24256e-06
 Reference value :  5.24285e-06
 Reference value :  5.24320e-06
 Reference value :  5.24394e-06
 Reference value :  5.24445e-06
 Reference value :  5.24464e-06
 Reference value :  5.24497e-06
 Reference value :  5.24567e-06
 Reference value :  5.24785e-06
 Reference value :  5.25335e-06
 Reference value :  5.25985e-06
 Reference value :  5.26535e-06
 Reference value :  5.27085e-06
 Reference value :  5.27685e-06
 Reference value :  5.28284e-06
 Reference value :  5.28295e-06
 Reference value :  5.28306e-06
 Reference value :  5.28326e-06
 Reference value :  5.28350e-06
 Reference value :  5.28371e-06
 Reference value :  5.28383e-06
 Reference value :  5.28392e-06
 Reference value :  5.28406e-06
 Reference value :  5.28419e-06
 Reference value :  5.28432e-06
 Reference value :  5.28454e-06
 Reference value :  5.28481e-06
 Reference value :  5.28509e-06
 Reference value :  5.28534e-06
 Reference value :  5.28586e-06
 Reference value :  5.28707e-06
 Reference value :  5.29301e-06
 Reference value :  5.29901e-06
 Reference value :  5.30451e-06
 Reference value :  5.31101e-06
 Reference value :  5.31751e-06
 Reference value :  5.32401e-06
 Reference value :  5.32457e-06
 Reference value :  5.32468e-06
 Reference value :  5.32486e-06
 Reference value :  5.32520e-06
 Reference value :  5.32551e-06
 Reference value :  5.32566e-06
 Reference value :  5.32595e-06
 Reference value :  5.32625e-06
 Reference value :  5.32657e-06
 Reference value :  5.32726e-06
 Reference value :  5.32788e-06
 Reference value :  5.32834e-06
 Reference value :  5.32879e-06
 Reference value :  5.33139e-06
 Reference value :  5.33535e-06
 Reference value :  5.33786e-06
 Reference value :  5.33838e-06
 Reference value :  5.33936e-06
 Reference value :  5.34427e-06
 Reference value :  5.34927e-06
 Reference value :  5.35527e-06
 Reference value :  5.36127e-06
 Reference value :  5.36617e-06
 Reference value :  5.36628e-06
 Reference value :  5.36641e-06
 Reference value :  5.36659e-06
 Reference value :  5.36684e-06
 Reference value :  5.36701e-06
 Reference value :  5.36708e-06
 Reference value :  5.36721e-06
 Reference value :  5.36734e-06
 Reference value :  5.36758e-06
 Reference value :  5.36777e-06
 Reference value :  5.36788e-06
 Reference value :  5.36813e-06
 Reference value :  5.36833e-06
 Reference value :  5.36858e-06
 Reference value :  5.36897e-06
 Reference value :  5.37000e-06
 Reference value :  5.37521e-06
 Reference value :  5.38221e-06
 Reference value :  5.38921e-06
 Reference value :  5.39721e-06
 Reference value :  5.40371e-06
 Reference value :  5.40784e-06
 Reference value :  5.40793e-06
 Reference value :  5.40804e-06
 Reference value :  5.40826e-06
 Reference value :  5.40863e-06
 Reference value :  5.40884e-06
 Reference value :  5.40898e-06
 Reference value :  5.40916e-06
 Reference value :  5.40944e-06
 Reference value :  5.40972e-06
 Reference value :  5.41087e-06
 Reference value :  5.41180e-06
 Reference value :  5.41218e-06
 Reference value :  5.41310e-06
 Reference value :  5.41731e-06
 Reference value :  5.42281e-06
 Reference value :  5.42831e-06
 Reference value :  5.43381e-06
 Reference value :  5.43881e-06
 Reference value :  5.44381e-06
 Reference value :  5.44881e-06
 Reference value :  5.44956e-06
 Reference value :  5.44966e-06
 Reference value :  5.44980e-06
 Reference value :  5.45004e-06
 Reference value :  5.45031e-06
 Reference value :  5.45042e-06
 Reference value :  5.45059e-06
 Reference value :  5.45090e-06
 Reference value :  5.45121e-06
 Reference value :  5.45147e-06
 Reference value :  5.45187e-06
 Reference value :  5.45265e-06
 Reference value :  5.45676e-06
 Reference value :  5.46426e-06
 Reference value :  5.47126e-06
 Reference value :  5.47876e-06
 Reference value :  5.48626e-06
 Reference value :  5.49117e-06
 Reference value :  5.49127e-06
 Reference value :  5.49137e-06
 Reference value :  5.49153e-06
 Reference value :  5.49180e-06
 Reference value :  5.49211e-06
 Reference value :  5.49227e-06
 Reference value :  5.49254e-06
 Reference value :  5.49277e-06
 Reference value :  5.49313e-06
 Reference value :  5.49418e-06
 Reference value :  5.49526e-06
 Reference value :  5.49569e-06
 Reference value :  5.49643e-06
 Reference value :  5.49907e-06
 Reference value :  5.50406e-06
 Reference value :  5.50906e-06
 Reference value :  5.51406e-06
 Reference value :  5.51906e-06
 Reference value :  5.52406e-06
 Reference value :  5.52906e-06
 Reference value :  5.53284e-06
 Reference value :  5.53294e-06
 Reference value :  5.53304e-06
 Reference value :  5.53316e-06
 Reference value :  5.53333e-06
 Reference value :  5.53364e-06
 Reference value :  5.53374e-06
 Reference value :  5.53386e-06
 Reference value :  5.53399e-06
 Reference value :  5.53422e-06
 Reference value :  5.53448e-06
 Reference value :  5.53469e-06
 Reference value :  5.53495e-06
 Reference value :  5.53534e-06
 Reference value :  5.53587e-06
 Reference value :  5.53848e-06
 Reference value :  5.54348e-06
 Reference value :  5.54898e-06
 Reference value :  5.55398e-06
 Reference value :  5.55898e-06
 Reference value :  5.56398e-06
 Reference value :  5.56948e-06
 Reference value :  5.57450e-06
 Reference value :  5.57457e-06
 Reference value :  5.57466e-06
 Reference value :  5.57479e-06
 Reference value :  5.57499e-06
 Reference value :  5.57537e-06
 Reference value :  5.57551e-06
 Reference value :  5.57565e-06
 Reference value :  5.57580e-06
 Reference value :  5.57602e-06
 Reference value :  5.57629e-06
 Reference value :  5.57665e-06
 Reference value :  5.57764e-06
 Reference value :  5.57844e-06
 Reference value :  5.57886e-06
 Reference value :  5.57962e-06
 Reference value :  5.58229e-06
 Reference value :  5.58779e-06
 Reference value :  5.59279e-06
 Reference value :  5.59779e-06
 Reference value :  5.60279e-06
 Reference value :  5.60779e-06
 Reference value :  5.61329e-06
 Reference value :  5.61620e-06
 Reference value :  5.61632e-06
 Reference value :  5.61643e-06
 Reference value :  5.61660e-06
 Reference value :  5.61693e-06
 Reference value :  5.61707e-06
 Reference value :  5.61718e-06
 Reference value :  5.61733e-06
 Reference value :  5.61759e-06
 Reference value :  5.61786e-06
 Reference value :  5.61811e-06
 Reference value :  5.61829e-06
 Reference value :  5.61876e-06
 Reference value :  5.61963e-06
 Reference value :  5.62452e-06
 Reference value :  5.62952e-06
 Reference value :  5.63502e-06
 Reference value :  5.64002e-06
 Reference value :  5.64552e-06
 Reference value :  5.65052e-06
 Reference value :  5.65602e-06
 Reference value :  5.65789e-06
 Reference value :  5.65799e-06
 Reference value :  5.65811e-06
 Reference value :  5.65846e-06
 Reference value :  5.65884e-06
 Reference value :  5.65905e-06
 Reference value :  5.65929e-06
 Reference value :  5.65962e-06
 Reference value :  5.65996e-06
 Reference value :  5.66118e-06
 Reference value :  5.66188e-06
 Reference value :  5.66239e-06
 Reference value :  5.66347e-06
 Reference value :  5.66782e-06
 Reference value :  5.67232e-06
 Reference value :  5.67732e-06
 Reference value :  5.68232e-06
 Reference value :  5.68732e-06
 Reference value :  5.69232e-06
 Reference value :  5.69732e-06
 Reference value :  5.69953e-06
 Reference value :  5.69962e-06
 Reference value :  5.69972e-06
 Reference value :  5.69987e-06
 Reference value :  5.69999e-06
 Reference value :  5.70027e-06
 Reference value :  5.70037e-06
 Reference value :  5.70050e-06
 Reference value :  5.70059e-06
 Reference value :  5.70083e-06
 Reference value :  5.70103e-06
 Reference value :  5.70130e-06
 Reference value :  5.70156e-06
 Reference value :  5.70191e-06
 Reference value :  5.70234e-06
 Reference value :  5.70389e-06
 Reference value :  5.70889e-06
 Reference value :  5.71389e-06
 Reference value :  5.71889e-06
 Reference value :  5.72439e-06
 Reference value :  5.72989e-06
 Reference value :  5.73489e-06
 Reference value :  5.73989e-06
 Reference value :  5.74122e-06
 Reference value :  5.74132e-06
 Reference value :  5.74142e-06
 Reference value :  5.74161e-06
 Reference value :  5.74198e-06
 Reference value :  5.74220e-06
 Reference value :  5.74245e-06
 Reference value :  5.74272e-06
 Reference value :  5.74299e-06
 Reference value :  5.74339e-06
 Reference value :  5.74454e-06
 Reference value :  5.74598e-06
 Reference value :  5.74685e-06
 Reference value :  5.74902e-06
 Reference value :  5.75363e-06
 Reference value :  5.75863e-06
 Reference value :  5.76363e-06
 Reference value :  5.76913e-06
 Reference value :  5.77413e-06
 Reference value :  5.77963e-06
 Reference value :  5.78286e-06
 Reference value :  5.78296e-06
 Reference value :  5.78306e-06
 Reference value :  5.78322e-06
 Reference value :  5.78342e-06
 Reference value :  5.78369e-06
 Reference value :  5.78380e-06
 Reference value :  5.78393e-06
 Reference value :  5.78422e-06
 Reference value :  5.78447e-06
 Reference value :  5.78472e-06
 Reference value :  5.78505e-06
 Reference value :  5.78575e-06
 Reference value :  5.78950e-06
 Reference value :  5.79550e-06
 Reference value :  5.80100e-06
 Reference value :  5.80700e-06
 Reference value :  5.81250e-06
 Reference value :  5.81800e-06
 Reference value :  5.82350e-06
 Reference value :  5.82455e-06
 Reference value :  5.82465e-06
 Reference value :  5.82477e-06
 Reference value :  5.82501e-06
 Reference value :  5.82539e-06
 Reference value :  5.82559e-06
 Reference value :  5.82580e-06
 Reference value :  5.82607e-06
 Reference value :  5.82632e-06
 Reference value :  5.82683e-06
 Reference value :  5.82808e-06
 Reference value :  5.82928e-06
 Reference value :  5.83016e-06
 Reference value :  5.83301e-06
 Reference value :  5.83784e-06
 Reference value :  5.84284e-06
 Reference value :  5.84834e-06
 Reference value :  5.85334e-06
 Reference value :  5.85884e-06
 Reference value :  5.86384e-06
 Reference value :  5.86621e-06
 Reference value :  5.86633e-06
 Reference value :  5.86645e-06
 Reference value :  5.86662e-06
 Reference value :  5.86693e-06
 Reference value :  5.86706e-06
 Reference value :  5.86717e-06
 Reference value :  5.86732e-06
 Reference value :  5.86752e-06
 Reference value :  5.86768e-06
 Reference value :  5.86796e-06
 Reference value :  5.86823e-06
 Reference value :  5.86854e-06
 Reference value :  5.86904e-06
 Reference value :  5.87063e-06
 Reference value :  5.87608e-06
 Reference value :  5.88158e-06
 Reference value :  5.88658e-06
 Reference value :  5.89208e-06
 Reference value :  5.89758e-06
 Reference value :  5.90358e-06
 Reference value :  5.90784e-06
 Reference value :  5.90794e-06
 Reference value :  5.90805e-06
 Reference value :  5.90829e-06
 Reference value :  5.90870e-06
 Reference value :  5.90887e-06
 Reference value :  5.90902e-06
 Reference value :  5.90933e-06
 Reference value :  5.90954e-06
 Reference value :  5.90980e-06
 Reference value :  5.91093e-06
 Reference value :  5.91209e-06
 Reference value :  5.91253e-06
 Reference value :  5.91315e-06
 Reference value :  5.91630e-06
 Reference value :  5.92180e-06
 Reference value :  5.92730e-06
 Reference value :  5.93280e-06
 Reference value :  5.93880e-06
 Reference value :  5.94430e-06
 Reference value :  5.94950e-06
 Reference value :  5.94960e-06
 Reference value :  5.94971e-06
 Reference value :  5.94987e-06
 Reference value :  5.95005e-06
 Reference value :  5.95035e-06
 Reference value :  5.95043e-06
 Reference value :  5.95057e-06
 Reference value :  5.95073e-06
 Reference value :  5.95095e-06
 Reference value :  5.95124e-06
 Reference value :  5.95149e-06
 Reference value :  5.95183e-06
 Reference value :  5.95238e-06
 Reference value :  5.95377e-06
 Reference value :  5.95914e-06
 Reference value :  5.96464e-06
 Reference value :  5.97014e-06
 Reference value :  5.97564e-06
 Reference value :  5.98114e-06
 Reference value :  5.98664e-06
 Reference value :  5.99117e-06
 Reference value :  5.99127e-06
 Reference value :  5.99137e-06
 Reference value :  5.99160e-06
 Reference value :  5.99194e-06
 Reference value :  5.99219e-06
 Reference value :  5.99238e-06
 Reference value :  5.99267e-06
 Reference value :  5.99298e-06
 Reference value :  5.99334e-06
 Reference value :  5.99436e-06
 Reference value :  5.99563e-06
 Reference value :  5.99669e-06
 Reference value :  5.99968e-06
 Reference value :  6.00498e-06
 Reference value :  6.01048e-06
 Reference value :  6.01648e-06
 Reference value :  6.02198e-06
 Reference value :  6.02748e-06
 Reference value :  6.03283e-06
 Reference value :  6.03294e-06
 Reference value :  6.03305e-06
 Reference value :  6.03320e-06
 Reference value :  6.03335e-06
 Reference value :  6.03365e-06
 Reference value :  6.03378e-06
 Reference value :  6.03394e-06
 Reference value :  6.03416e-06
 Reference value :  6.03453e-06
 Reference value :  6.03473e-06
 Reference value :  6.03493e-06
 Reference value :  6.03517e-06
 Reference value :  6.03544e-06
 Reference value :  6.03578e-06
 Reference value :  6.03650e-06
 Reference value :  6.03984e-06
 Reference value :  6.04584e-06
 Reference value :  6.05184e-06
 Reference value :  6.05734e-06
 Reference value :  6.06334e-06
 Reference value :  6.06884e-06
 Reference value :  6.07417e-06
 Reference value :  6.07456e-06
 Reference value :  6.07467e-06
 Reference value :  6.07479e-06
 Reference value :  6.07505e-06
 Reference value :  6.07540e-06
 Reference value :  6.07551e-06
 Reference value :  6.07559e-06
 Reference value :  6.07574e-06
 Reference value :  6.07590e-06
 Reference value :  6.07626e-06
 Reference value :  6.07780e-06
 Reference value :  6.07847e-06
 Reference value :  6.07885e-06
 Reference value :  6.07972e-06
 Reference value :  6.08391e-06
 Reference value :  6.08891e-06
 Reference value :  6.09491e-06
 Reference value :  6.10041e-06
 Reference value :  6.10591e-06
 Reference value :  6.11141e-06
 Reference value :  6.11617e-06
 Reference value :  6.11628e-06
 Reference value :  6.11640e-06
 Reference value :  6.11656e-06
 Reference value :  6.11682e-06
 Reference value :  6.11703e-06
 Reference value :  6.11715e-06
 Reference value :  6.11728e-06
 Reference value :  6.11739e-06
 Reference value :  6.11749e-06
 Reference value :  6.11758e-06
 Reference value :  6.11772e-06
 Reference value :  6.11786e-06
 Reference value :  6.11799e-06
 Reference value :  6.11820e-06
 Reference value :  6.11833e-06
 Reference value :  6.11847e-06
 Reference value :  6.11862e-06
 Reference value :  6.11877e-06
 Reference value :  6.11895e-06
 Reference value :  6.11923e-06
 Reference value :  6.11956e-06
 Reference value :  6.12105e-06
 Reference value :  6.12640e-06
 Reference value :  6.13290e-06
 Reference value :  6.13940e-06
 Reference value :  6.14490e-06
 Reference value :  6.15040e-06
 Reference value :  6.15590e-06
 Reference value :  6.15789e-06
 Reference value :  6.15804e-06
 Reference value :  6.15818e-06
 Reference value :  6.15867e-06
 Reference value :  6.15884e-06
 Reference value :  6.15903e-06
 Reference value :  6.15930e-06
 Reference value :  6.15956e-06
 Reference value :  6.15993e-06
 Reference value :  6.16047e-06
 Reference value :  6.16071e-06
 Reference value :  6.16083e-06
 Reference value :  6.16102e-06
 Reference value :  6.16131e-06
 Reference value :  6.16163e-06
 Reference value :  6.16194e-06
 Reference value :  6.16263e-06
 Reference value :  6.16569e-06
 Reference value :  6.17219e-06
 Reference value :  6.18019e-06
 Reference value :  6.18819e-06
 Reference value :  6.19619e-06
 Reference value :  6.19954e-06
 Reference value :  6.19969e-06
 Reference value :  6.19982e-06
 Reference value :  6.19999e-06
 Reference value :  6.20038e-06
 Reference value :  6.20059e-06
 Reference value :  6.20078e-06
 Reference value :  6.20105e-06
 Reference value :  6.20124e-06
 Reference value :  6.20136e-06
 Reference value :  6.20153e-06
 Reference value :  6.20166e-06
 Reference value :  6.20190e-06
 Reference value :  6.20218e-06
 Reference value :  6.20286e-06
 Reference value :  6.20691e-06
 Reference value :  6.21341e-06
 Reference value :  6.21941e-06
 Reference value :  6.22541e-06
 Reference value :  6.23141e-06
 Reference value :  6.23741e-06
 Reference value :  6.24120e-06
 Reference value :  6.24131e-06
 Reference value :  6.24144e-06
 Reference value :  6.24170e-06
 Reference value :  6.24216e-06
 Reference value :  6.24228e-06
 Reference value :  6.24244e-06
 Reference value :  6.24267e-06
 Reference value :  6.24294e-06
 Reference value :  6.24341e-06
 Reference value :  6.24411e-06
 Reference value :  6.24445e-06
 Reference value :  6.24491e-06
 Reference value :  6.24565e-06
 Reference value :  6.24977e-06
 Reference value :  6.25577e-06
 Reference value :  6.26177e-06
 Reference value :  6.26777e-06
 Reference value :  6.27427e-06
 Reference value :  6.28077e-06
 Reference value :  6.28288e-06
 Reference value :  6.28299e-06
 Reference value :  6.28314e-06
 Reference value :  6.28333e-06
No. of Data Rows : 30227

  Measurements for Transient Analysis

d9_c1               =  1.48842e-04
d8_c1               =  2.91172e-04
d7_c1               =  1.79965e+00
d6_c1               =  1.79965e+00
d5_c1               =  2.91261e-04
d4_c1               =  1.79965e+00
d3_c1               =  1.79965e+00
d2_c1               =  1.79964e+00
d1_c1               =  1.79964e+00
d0_c1               =  1.79964e+00
d9_c2               =  1.51532e-04
d8_c2               =  1.79964e+00
d7_c2               =  2.95500e-04
d6_c2               =  1.79964e+00
d5_c2               =  1.79964e+00
d4_c2               =  1.79964e+00
d3_c2               =  1.79964e+00
d2_c2               =  1.79964e+00
d1_c2               =  1.79964e+00
d0_c2               =  1.79964e+00
d9_c3               =  1.52074e-04
d8_c3               =  1.79964e+00
d7_c3               =  1.79964e+00
d6_c3               =  1.79964e+00
d5_c3               =  1.79964e+00
d4_c3               =  1.79964e+00
d3_c3               =  1.79964e+00
d2_c3               =  1.79964e+00
d1_c3               =  1.79964e+00
d0_c3               =  1.79964e+00
d9_c4               =  1.79977e+00
d8_c4               =  3.13695e-04
d7_c4               =  1.79965e+00
d6_c4               =  3.13688e-04
d5_c4               =  3.13682e-04
d4_c4               =  3.13676e-04
d3_c4               =  3.13669e-04
d2_c4               =  3.13648e-04
d1_c4               =  3.13612e-04
d0_c4               =  1.79965e+00
d9_c5               =  1.79983e+00
d8_c5               =  1.79965e+00
d7_c5               =  1.79965e+00
d6_c5               =  1.79965e+00
d5_c5               =  1.79965e+00
d4_c5               =  1.79965e+00
d3_c5               =  1.79965e+00
d2_c5               =  1.79965e+00
d1_c5               =  1.79965e+00
d0_c5               =  1.79965e+00
busy_c1_p0          =  1.79961e+00
smpl_c1_p0          =  2.34298e-04
busy_c1_p1          =  1.79962e+00
smpl_c1_p1          =  2.38240e-04
busy_c1_p2          =  1.79961e+00
smpl_c1_p2          =  2.34780e-04
busy_c1_p3          =  1.79962e+00
smpl_c1_p3          =  2.36420e-04
busy_c1_p4          =  1.79961e+00
smpl_c1_p4          =  2.34953e-04
busy_c1_p5          =  1.79962e+00
smpl_c1_p5          =  2.31584e-04
busy_c1_p6          =  1.79961e+00
smpl_c1_p6          =  2.38866e-04
busy_c1_p7          =  1.79962e+00
smpl_c1_p7          =  2.30162e-04
busy_c1_p8          =  1.79961e+00
smpl_c1_p8          =  2.29337e-04
busy_c1_p9          =  1.79962e+00
smpl_c1_p9          =  2.36102e-04
busy_c1_p10         =  1.79961e+00
smpl_c1_p10         =  2.38385e-04
busy_c1_p11         =  2.43393e-04
smpl_c1_p11         =  1.79994e+00
busy_c2_p0          =  1.79961e+00
smpl_c2_p0          =  2.40422e-04
busy_c2_p1          =  1.79961e+00
smpl_c2_p1          =  2.42937e-04
busy_c2_p2          =  1.79961e+00
smpl_c2_p2          =  2.34512e-04
busy_c2_p3          =  1.79961e+00
smpl_c2_p3          =  2.30522e-04
busy_c2_p4          =  1.79961e+00
smpl_c2_p4          =  2.35130e-04
busy_c2_p5          =  1.79961e+00
smpl_c2_p5          =  2.31234e-04
busy_c2_p6          =  1.79961e+00
smpl_c2_p6          =  2.36099e-04
busy_c2_p7          =  1.79961e+00
smpl_c2_p7          =  2.32619e-04
busy_c2_p8          =  1.79961e+00
smpl_c2_p8          =  2.36634e-04
busy_c2_p9          =  1.79961e+00
smpl_c2_p9          =  2.38795e-04
busy_c2_p10         =  1.79961e+00
smpl_c2_p10         =  2.39750e-04
busy_c2_p11         =  2.56337e-04
smpl_c2_p11         =  1.79994e+00
busy_c3_p0          =  1.79961e+00
smpl_c3_p0          =  2.39155e-04
busy_c3_p1          =  1.79961e+00
smpl_c3_p1          =  2.34253e-04
busy_c3_p2          =  1.79961e+00
smpl_c3_p2          =  2.36123e-04
busy_c3_p3          =  1.79962e+00
smpl_c3_p3          =  2.38644e-04
busy_c3_p4          =  1.79961e+00
smpl_c3_p4          =  2.38807e-04
busy_c3_p5          =  1.79961e+00
smpl_c3_p5          =  2.38183e-04
busy_c3_p6          =  1.79961e+00
smpl_c3_p6          =  2.36497e-04
busy_c3_p7          =  1.79961e+00
smpl_c3_p7          =  2.36512e-04
busy_c3_p8          =  1.79961e+00
smpl_c3_p8          =  2.38210e-04
busy_c3_p9          =  1.79961e+00
smpl_c3_p9          =  2.32762e-04
busy_c3_p10         =  1.79961e+00
smpl_c3_p10         =  2.41587e-04
busy_c3_p11         =  2.69278e-04
smpl_c3_p11         =  1.79994e+00
busy_c4_p0          =  1.79961e+00
smpl_c4_p0          =  2.30068e-04
busy_c4_p1          =  1.79961e+00
smpl_c4_p1          =  2.37434e-04
busy_c4_p2          =  1.79962e+00
smpl_c4_p2          =  2.39062e-04
busy_c4_p3          =  1.79962e+00
smpl_c4_p3          =  2.36798e-04
busy_c4_p4          =  1.79961e+00
smpl_c4_p4          =  2.35395e-04
busy_c4_p5          =  1.79962e+00
smpl_c4_p5          =  2.35215e-04
busy_c4_p6          =  1.79962e+00
smpl_c4_p6          =  2.35351e-04
busy_c4_p7          =  1.79962e+00
smpl_c4_p7          =  2.37470e-04
busy_c4_p8          =  1.79962e+00
smpl_c4_p8          =  2.37729e-04
busy_c4_p9          =  1.79962e+00
smpl_c4_p9          =  2.37876e-04
busy_c4_p10         =  1.79962e+00
smpl_c4_p10         =  2.40190e-04
busy_c4_p11         =  2.61860e-04
smpl_c4_p11         =  1.79994e+00
busy_c5_p0          =  1.79961e+00
smpl_c5_p0          =  2.35066e-04
busy_c5_p1          =  1.79962e+00
smpl_c5_p1          =  2.33789e-04
busy_c5_p2          =  1.79962e+00
smpl_c5_p2          =  2.34855e-04
busy_c5_p3          =  1.79962e+00
smpl_c5_p3          =  2.33521e-04
busy_c5_p4          =  1.79962e+00
smpl_c5_p4          =  2.37800e-04
busy_c5_p5          =  1.79962e+00
smpl_c5_p5          =  2.38749e-04
busy_c5_p6          =  1.79962e+00
smpl_c5_p6          =  2.29497e-04
busy_c5_p7          =  1.79962e+00
smpl_c5_p7          =  2.29473e-04
busy_c5_p8          =  1.79962e+00
smpl_c5_p8          =  2.29148e-04
busy_c5_p9          =  1.79962e+00
smpl_c5_p9          =  2.24341e-04
busy_c5_p10         =  1.79962e+00
smpl_c5_p10         =  2.27586e-04
busy_c5_p11         =  2.73007e-04
smpl_c5_p11         =  1.79994e+00
i_vdd               =  -2.13766e-06 from=  3.20000e-06 to=  4.20001e-06
i_vpwr              =  -6.24280e-06 from=  3.20000e-06 to=  4.20001e-06
i_vrefp             =  -6.50407e-06 from=  3.20000e-06 to=  4.20001e-06
i_vrefn             =  6.49197e-06 from=  3.20000e-06 to=  4.20001e-06
i_vcm               =  1.18653e-08 from=  3.20000e-06 to=  4.20001e-06
gnd_die_max         =  5.00843e-02 at=  6.11726e-06
gnd_die_min         =  -4.53499e-02 at=  6.11731e-06
vgnd_max            =  4.53873e-02 at=  6.11726e-06
vgnd_min            =  -4.90217e-02 at=  6.11731e-06
vdd_max             =  1.84516e+00 at=  6.11728e-06
vdd_min             =  1.74965e+00 at=  6.11734e-06
vpwr_max            =  1.86118e+00 at=  6.11736e-06
vpwr_min            =  1.72854e+00 at=  6.11731e-06
vdda_min            =  1.75281e+00 at=  6.11711e-06
vdda_max            =  1.87517e+00 at=  6.11741e-06
i_vgnd              =  8.44725e-06 from=  3.20000e-06 to=  4.20001e-06
i_sub               =  2.20727e-06 from=  3.20000e-06 to=  4.20001e-06


Total analysis time (seconds) = 6569.06

Total elapsed time (seconds) = 6873.968 

Total DRAM available = 98304.000 MB.
DRAM currently available = 7907.391 MB.
Maximum ngspice program size =  819.656 MB.
Current ngspice program size =   34.547 MB.

