
Note: Compatibility modes selected: hs a


Circuit: * sim/ground-return-impedance (issue #378) arm 'pkg-sub10' -- reusing

option SCALE: Scale is set to 1e-06 for instance and model parameters
option SCALE: Scale is set to 1e-06 for instance and model parameters
option SCALE: Scale is set to 1e-06 for instance and model parameters
option SCALE: Scale is set to 1e-06 for instance and model parameters
Doing analysis at TEMP = 125.000000 and TNOM = 27.000000

Using KLU as Direct Linear Solver
 Reference value :  0.00000e+00
 Reference value :  4.14000e-09
 Reference value :  1.21400e-08
 Reference value :  1.95700e-08
 Reference value :  2.00785e-08
 Reference value :  2.03204e-08
 Reference value :  2.06829e-08
 Reference value :  2.10014e-08
 Reference value :  2.10802e-08
 Reference value :  2.11549e-08
 Reference value :  2.12987e-08
 Reference value :  2.16226e-08
 Reference value :  2.21395e-08
 Reference value :  2.42009e-08
 Reference value :  2.92009e-08
 Reference value :  3.42009e-08
 Reference value :  3.92009e-08
 Reference value :  4.47009e-08
 Reference value :  4.97009e-08
 Reference value :  5.52009e-08
 Reference value :  6.07009e-08
 Reference value :  6.67009e-08
 Reference value :  7.17009e-08
 Reference value :  7.72009e-08
 Reference value :  8.22009e-08
 Reference value :  8.82009e-08
 Reference value :  9.37009e-08
 Reference value :  9.97009e-08
 Reference value :  1.04701e-07
 Reference value :  1.10701e-07
 Reference value :  1.16701e-07
 Reference value :  1.22701e-07
 Reference value :  1.28201e-07
 Reference value :  1.34201e-07
 Reference value :  1.39201e-07
 Reference value :  1.45201e-07
 Reference value :  1.51201e-07
 Reference value :  1.57201e-07
 Reference value :  1.62701e-07
 Reference value :  1.69201e-07
 Reference value :  1.76201e-07
 Reference value :  1.81701e-07
 Reference value :  1.88701e-07
 Reference value :  1.95701e-07
 Reference value :  1.99519e-07
 Reference value :  1.99653e-07
 Reference value :  1.99914e-07
 Reference value :  2.00227e-07
 Reference value :  2.00362e-07
 Reference value :  2.00503e-07
 Reference value :  2.00573e-07
 Reference value :  2.00686e-07
 Reference value :  2.00847e-07
 Reference value :  2.01023e-07
 Reference value :  2.01114e-07
 Reference value :  2.01267e-07
 Reference value :  2.01487e-07
 Reference value :  2.02025e-07
 Reference value :  2.05007e-07
 Reference value :  2.10507e-07
 Reference value :  2.15767e-07
 Reference value :  2.20590e-07
 Reference value :  2.25546e-07
 Reference value :  2.32028e-07
 Reference value :  2.37528e-07
 Reference value :  2.41172e-07
 Reference value :  2.41252e-07
 Reference value :  2.41339e-07
 Reference value :  2.41515e-07
 Reference value :  2.41892e-07
 Reference value :  2.42041e-07
 Reference value :  2.42183e-07
 Reference value :  2.42297e-07
 Reference value :  2.42457e-07
 Reference value :  2.42678e-07
 Reference value :  2.42996e-07
 Reference value :  2.43261e-07
 Reference value :  2.43538e-07
 Reference value :  2.43941e-07
 Reference value :  2.44467e-07
 Reference value :  2.45230e-07
 Reference value :  2.48812e-07
 Reference value :  2.54812e-07
 Reference value :  2.60312e-07
 Reference value :  2.65812e-07
 Reference value :  2.71312e-07
 Reference value :  2.77312e-07
 Reference value :  2.82833e-07
 Reference value :  2.82892e-07
 Reference value :  2.82974e-07
 Reference value :  2.83123e-07
 Reference value :  2.83371e-07
 Reference value :  2.83568e-07
 Reference value :  2.83653e-07
 Reference value :  2.83797e-07
 Reference value :  2.83874e-07
 Reference value :  2.83972e-07
 Reference value :  2.84041e-07
 Reference value :  2.84220e-07
 Reference value :  2.84385e-07
 Reference value :  2.84562e-07
 Reference value :  2.84763e-07
 Reference value :  2.84908e-07
 Reference value :  2.85135e-07
 Reference value :  2.85334e-07
 Reference value :  2.85575e-07
 Reference value :  2.86163e-07
 Reference value :  2.88344e-07
 Reference value :  2.93199e-07
 Reference value :  2.98699e-07
 Reference value :  3.04199e-07
 Reference value :  3.09199e-07
 Reference value :  3.14699e-07
 Reference value :  3.21699e-07
 Reference value :  3.24541e-07
 Reference value :  3.24638e-07
 Reference value :  3.24819e-07
 Reference value :  3.25156e-07
 Reference value :  3.25362e-07
 Reference value :  3.25517e-07
 Reference value :  3.25713e-07
 Reference value :  3.26001e-07
 Reference value :  3.26409e-07
 Reference value :  3.27130e-07
 Reference value :  3.27647e-07
 Reference value :  3.27994e-07
 Reference value :  3.28500e-07
 Reference value :  3.29641e-07
 Reference value :  3.33690e-07
 Reference value :  3.38690e-07
 Reference value :  3.43190e-07
 Reference value :  3.44987e-07
 Reference value :  3.45562e-07
 Reference value :  3.45722e-07
 Reference value :  3.45900e-07
 Reference value :  3.46131e-07
 Reference value :  3.46530e-07
 Reference value :  3.48248e-07
 Reference value :  3.54382e-07
 Reference value :  3.59382e-07
 Reference value :  3.66173e-07
 Reference value :  3.66266e-07
 Reference value :  3.66446e-07
 Reference value :  3.66652e-07
 Reference value :  3.66886e-07
 Reference value :  3.66964e-07
 Reference value :  3.67067e-07
 Reference value :  3.67176e-07
 Reference value :  3.67340e-07
 Reference value :  3.67523e-07
 Reference value :  3.67777e-07
 Reference value :  3.67988e-07
 Reference value :  3.68139e-07
 Reference value :  3.68308e-07
 Reference value :  3.68503e-07
 Reference value :  3.68669e-07
 Reference value :  3.69048e-07
 Reference value :  3.69512e-07
 Reference value :  3.71706e-07
 Reference value :  3.76591e-07
 Reference value :  3.81591e-07
 Reference value :  3.87091e-07
 Reference value :  3.92091e-07
 Reference value :  3.97591e-07
 Reference value :  4.02591e-07
 Reference value :  4.07833e-07
 Reference value :  4.07918e-07
 Reference value :  4.08018e-07
 Reference value :  4.08202e-07
 Reference value :  4.08481e-07
 Reference value :  4.08665e-07
 Reference value :  4.08811e-07
 Reference value :  4.08932e-07
 Reference value :  4.09084e-07
 Reference value :  4.09340e-07
 Reference value :  4.09745e-07
 Reference value :  4.10661e-07
 Reference value :  4.11455e-07
 Reference value :  4.11866e-07
 Reference value :  4.12645e-07
 Reference value :  4.14842e-07
 Reference value :  4.19842e-07
 Reference value :  4.24842e-07
 Reference value :  4.29842e-07
 Reference value :  4.34842e-07
 Reference value :  4.39842e-07
 Reference value :  4.45342e-07
 Reference value :  4.49505e-07
 Reference value :  4.49574e-07
 Reference value :  4.49662e-07
 Reference value :  4.49842e-07
 Reference value :  4.50058e-07
 Reference value :  4.50269e-07
 Reference value :  4.50384e-07
 Reference value :  4.50511e-07
 Reference value :  4.50656e-07
 Reference value :  4.50852e-07
 Reference value :  4.50992e-07
 Reference value :  4.51226e-07
 Reference value :  4.51633e-07
 Reference value :  4.52282e-07
 Reference value :  4.52778e-07
 Reference value :  4.53856e-07
 Reference value :  4.58596e-07
 Reference value :  4.64096e-07
 Reference value :  4.69596e-07
 Reference value :  4.74596e-07
 Reference value :  4.80096e-07
 Reference value :  4.86596e-07
 Reference value :  4.91167e-07
 Reference value :  4.91229e-07
 Reference value :  4.91337e-07
 Reference value :  4.91487e-07
 Reference value :  4.91750e-07
 Reference value :  4.91941e-07
 Reference value :  4.92118e-07
 Reference value :  4.92226e-07
 Reference value :  4.92399e-07
 Reference value :  4.92639e-07
 Reference value :  4.92823e-07
 Reference value :  4.93423e-07
 Reference value :  4.94356e-07
 Reference value :  4.95225e-07
 Reference value :  4.95636e-07
 Reference value :  4.96168e-07
 Reference value :  4.97830e-07
 Reference value :  5.02047e-07
 Reference value :  5.07047e-07
 Reference value :  5.12047e-07
 Reference value :  5.17047e-07
 Reference value :  5.22047e-07
 Reference value :  5.27547e-07
 Reference value :  5.32440e-07
 Reference value :  5.32895e-07
 Reference value :  5.32965e-07
 Reference value :  5.33125e-07
 Reference value :  5.33365e-07
 Reference value :  5.33624e-07
 Reference value :  5.33833e-07
 Reference value :  5.33930e-07
 Reference value :  5.34125e-07
 Reference value :  5.34343e-07
 Reference value :  5.34523e-07
 Reference value :  5.34806e-07
 Reference value :  5.35271e-07
 Reference value :  5.37306e-07
 Reference value :  5.42806e-07
 Reference value :  5.48306e-07
 Reference value :  5.53806e-07
 Reference value :  5.59306e-07
 Reference value :  5.66306e-07
 Reference value :  5.72806e-07
 Reference value :  5.74580e-07
 Reference value :  5.74723e-07
 Reference value :  5.74989e-07
 Reference value :  5.75367e-07
 Reference value :  5.75543e-07
 Reference value :  5.75770e-07
 Reference value :  5.76050e-07
 Reference value :  5.76395e-07
 Reference value :  5.77313e-07
 Reference value :  5.77806e-07
 Reference value :  5.78019e-07
 Reference value :  5.78366e-07
 Reference value :  5.79410e-07
 Reference value :  5.84226e-07
 Reference value :  5.90226e-07
 Reference value :  5.95726e-07
 Reference value :  6.02726e-07
 Reference value :  6.06726e-07
 Reference value :  6.08519e-07
 Reference value :  6.09042e-07
 Reference value :  6.09164e-07
 Reference value :  6.09338e-07
 Reference value :  6.09577e-07
 Reference value :  6.10008e-07
 Reference value :  6.10784e-07
 Reference value :  6.14777e-07
 Reference value :  6.16220e-07
 Reference value :  6.16290e-07
 Reference value :  6.16437e-07
 Reference value :  6.16557e-07
 Reference value :  6.16889e-07
 Reference value :  6.17040e-07
 Reference value :  6.17170e-07
 Reference value :  6.17346e-07
 Reference value :  6.17540e-07
 Reference value :  6.17756e-07
 Reference value :  6.17916e-07
 Reference value :  6.18089e-07
 Reference value :  6.18321e-07
 Reference value :  6.18519e-07
 Reference value :  6.18799e-07
 Reference value :  6.19147e-07
 Reference value :  6.19804e-07
 Reference value :  6.22187e-07
 Reference value :  6.26951e-07
 Reference value :  6.31951e-07
 Reference value :  6.36951e-07
 Reference value :  6.41951e-07
 Reference value :  6.47451e-07
 Reference value :  6.52451e-07
 Reference value :  6.57392e-07
 Reference value :  6.57898e-07
 Reference value :  6.58009e-07
 Reference value :  6.58182e-07
 Reference value :  6.58549e-07
 Reference value :  6.58721e-07
 Reference value :  6.58851e-07
 Reference value :  6.59008e-07
 Reference value :  6.59262e-07
 Reference value :  6.59446e-07
 Reference value :  6.59941e-07
 Reference value :  6.61533e-07
 Reference value :  6.62344e-07
 Reference value :  6.62928e-07
 Reference value :  6.64102e-07
 Reference value :  6.68172e-07
 Reference value :  6.73172e-07
 Reference value :  6.78672e-07
 Reference value :  6.84172e-07
 Reference value :  6.89172e-07
 Reference value :  6.95172e-07
 Reference value :  6.99506e-07
 Reference value :  6.99592e-07
 Reference value :  6.99706e-07
 Reference value :  6.99849e-07
 Reference value :  7.00033e-07
 Reference value :  7.00212e-07
 Reference value :  7.00306e-07
 Reference value :  7.00455e-07
 Reference value :  7.00578e-07
 Reference value :  7.00793e-07
 Reference value :  7.00996e-07
 Reference value :  7.01206e-07
 Reference value :  7.01669e-07
 Reference value :  7.02648e-07
 Reference value :  7.05001e-07
 Reference value :  7.10162e-07
 Reference value :  7.15662e-07
 Reference value :  7.21162e-07
 Reference value :  7.26662e-07
 Reference value :  7.33662e-07
 Reference value :  7.39162e-07
 Reference value :  7.41188e-07
 Reference value :  7.41257e-07
 Reference value :  7.41365e-07
 Reference value :  7.41594e-07
 Reference value :  7.41941e-07
 Reference value :  7.42075e-07
 Reference value :  7.42207e-07
 Reference value :  7.42379e-07
 Reference value :  7.42622e-07
 Reference value :  7.42984e-07
 Reference value :  7.43442e-07
 Reference value :  7.44527e-07
 Reference value :  7.44949e-07
 Reference value :  7.45234e-07
 Reference value :  7.46028e-07
 Reference value :  7.49912e-07
 Reference value :  7.56412e-07
 Reference value :  7.61412e-07
 Reference value :  7.66912e-07
 Reference value :  7.73912e-07
 Reference value :  7.78912e-07
 Reference value :  7.82840e-07
 Reference value :  7.82908e-07
 Reference value :  7.82980e-07
 Reference value :  7.83121e-07
 Reference value :  7.83249e-07
 Reference value :  7.83500e-07
 Reference value :  7.83627e-07
 Reference value :  7.83732e-07
 Reference value :  7.83843e-07
 Reference value :  7.83986e-07
 Reference value :  7.84213e-07
 Reference value :  7.84403e-07
 Reference value :  7.84555e-07
 Reference value :  7.84877e-07
 Reference value :  7.85347e-07
 Reference value :  7.86270e-07
 Reference value :  7.87855e-07
 Reference value :  7.93187e-07
 Reference value :  7.99687e-07
 Reference value :  8.05687e-07
 Reference value :  8.10687e-07
 Reference value :  8.16187e-07
 Reference value :  8.21687e-07
 Reference value :  8.24530e-07
 Reference value :  8.24639e-07
 Reference value :  8.24821e-07
 Reference value :  8.25088e-07
 Reference value :  8.25322e-07
 Reference value :  8.25484e-07
 Reference value :  8.25622e-07
 Reference value :  8.25839e-07
 Reference value :  8.26060e-07
 Reference value :  8.26489e-07
 Reference value :  8.27338e-07
 Reference value :  8.27847e-07
 Reference value :  8.28130e-07
 Reference value :  8.28474e-07
 Reference value :  8.29023e-07
 Reference value :  8.32133e-07
 Reference value :  8.41133e-07
 Reference value :  8.46633e-07
 Reference value :  8.53633e-07
 Reference value :  8.60633e-07
 Reference value :  8.64133e-07
 Reference value :  8.65553e-07
 Reference value :  8.66168e-07
 Reference value :  8.66225e-07
 Reference value :  8.66301e-07
 Reference value :  8.66427e-07
 Reference value :  8.66537e-07
 Reference value :  8.66764e-07
 Reference value :  8.66956e-07
 Reference value :  8.67090e-07
 Reference value :  8.67223e-07
 Reference value :  8.67416e-07
 Reference value :  8.67585e-07
 Reference value :  8.67811e-07
 Reference value :  8.68028e-07
 Reference value :  8.68172e-07
 Reference value :  8.68364e-07
 Reference value :  8.68586e-07
 Reference value :  8.68851e-07
 Reference value :  8.69829e-07
 Reference value :  8.74244e-07
 Reference value :  8.79244e-07
 Reference value :  8.84744e-07
 Reference value :  8.89744e-07
 Reference value :  8.94744e-07
 Reference value :  8.99744e-07
 Reference value :  9.04744e-07
 Reference value :  9.07857e-07
 Reference value :  9.07953e-07
 Reference value :  9.08108e-07
 Reference value :  9.08313e-07
 Reference value :  9.08667e-07
 Reference value :  9.08841e-07
 Reference value :  9.08978e-07
 Reference value :  9.09171e-07
 Reference value :  9.09376e-07
 Reference value :  9.09822e-07
 Reference value :  9.10795e-07
 Reference value :  9.11481e-07
 Reference value :  9.11779e-07
 Reference value :  9.12645e-07
 Reference value :  9.17197e-07
 Reference value :  9.24197e-07
 Reference value :  9.30197e-07
 Reference value :  9.36197e-07
 Reference value :  9.44197e-07
 Reference value :  9.49506e-07
 Reference value :  9.49592e-07
 Reference value :  9.49687e-07
 Reference value :  9.49834e-07
 Reference value :  9.50003e-07
 Reference value :  9.50258e-07
 Reference value :  9.50376e-07
 Reference value :  9.50519e-07
 Reference value :  9.50643e-07
 Reference value :  9.50817e-07
 Reference value :  9.50919e-07
 Reference value :  9.51021e-07
 Reference value :  9.51149e-07
 Reference value :  9.51340e-07
 Reference value :  9.51532e-07
 Reference value :  9.51696e-07
 Reference value :  9.52025e-07
 Reference value :  9.52667e-07
 Reference value :  9.55652e-07
 Reference value :  9.60652e-07
 Reference value :  9.65652e-07
 Reference value :  9.71152e-07
 Reference value :  9.77652e-07
 Reference value :  9.86652e-07
 Reference value :  9.91171e-07
 Reference value :  9.91249e-07
 Reference value :  9.91345e-07
 Reference value :  9.91565e-07
 Reference value :  9.91885e-07
 Reference value :  9.92058e-07
 Reference value :  9.92266e-07
 Reference value :  9.92617e-07
 Reference value :  9.93045e-07
 Reference value :  9.94172e-07
 Reference value :  9.94677e-07
 Reference value :  9.94995e-07
 Reference value :  9.96235e-07
 Reference value :  1.00249e-06
 Reference value :  1.01199e-06
 Reference value :  1.02249e-06
 Reference value :  1.03049e-06
 Reference value :  1.03284e-06
 Reference value :  1.03295e-06
 Reference value :  1.03311e-06
 Reference value :  1.03335e-06
 Reference value :  1.03363e-06
 Reference value :  1.03384e-06
 Reference value :  1.03404e-06
 Reference value :  1.03435e-06
 Reference value :  1.03462e-06
 Reference value :  1.03501e-06
 Reference value :  1.03600e-06
 Reference value :  1.03710e-06
 Reference value :  1.04125e-06
 Reference value :  1.04925e-06
 Reference value :  1.05775e-06
 Reference value :  1.06575e-06
 Reference value :  1.07450e-06
 Reference value :  1.07461e-06
 Reference value :  1.07485e-06
 Reference value :  1.07522e-06
 Reference value :  1.07547e-06
 Reference value :  1.07571e-06
 Reference value :  1.07595e-06
 Reference value :  1.07631e-06
 Reference value :  1.07735e-06
 Reference value :  1.07841e-06
 Reference value :  1.07893e-06
 Reference value :  1.08118e-06
 Reference value :  1.08918e-06
 Reference value :  1.09718e-06
 Reference value :  1.10918e-06
 Reference value :  1.11619e-06
 Reference value :  1.11628e-06
 Reference value :  1.11650e-06
 Reference value :  1.11684e-06
 Reference value :  1.11700e-06
 Reference value :  1.11715e-06
 Reference value :  1.11722e-06
 Reference value :  1.11732e-06
 Reference value :  1.11745e-06
 Reference value :  1.11766e-06
 Reference value :  1.11789e-06
 Reference value :  1.11809e-06
 Reference value :  1.11831e-06
 Reference value :  1.11854e-06
 Reference value :  1.11883e-06
 Reference value :  1.11909e-06
 Reference value :  1.11946e-06
 Reference value :  1.12064e-06
 Reference value :  1.12753e-06
 Reference value :  1.13503e-06
 Reference value :  1.14003e-06
 Reference value :  1.14553e-06
 Reference value :  1.15303e-06
 Reference value :  1.15788e-06
 Reference value :  1.15804e-06
 Reference value :  1.15832e-06
 Reference value :  1.15866e-06
 Reference value :  1.15884e-06
 Reference value :  1.15904e-06
 Reference value :  1.15937e-06
 Reference value :  1.15973e-06
 Reference value :  1.16005e-06
 Reference value :  1.16041e-06
 Reference value :  1.16068e-06
 Reference value :  1.16107e-06
 Reference value :  1.16163e-06
 Reference value :  1.16290e-06
 Reference value :  1.16973e-06
 Reference value :  1.17523e-06
 Reference value :  1.18273e-06
 Reference value :  1.19123e-06
 Reference value :  1.19873e-06
 Reference value :  1.19960e-06
 Reference value :  1.19979e-06
 Reference value :  1.19993e-06
 Reference value :  1.20027e-06
 Reference value :  1.20045e-06
 Reference value :  1.20067e-06
 Reference value :  1.20086e-06
 Reference value :  1.20104e-06
 Reference value :  1.20134e-06
 Reference value :  1.20161e-06
 Reference value :  1.20198e-06
 Reference value :  1.20281e-06
 Reference value :  1.20386e-06
 Reference value :  1.20677e-06
 Reference value :  1.21465e-06
 Reference value :  1.22465e-06
 Reference value :  1.23115e-06
 Reference value :  1.23765e-06
 Reference value :  1.24121e-06
 Reference value :  1.24135e-06
 Reference value :  1.24166e-06
 Reference value :  1.24202e-06
 Reference value :  1.24217e-06
 Reference value :  1.24234e-06
 Reference value :  1.24259e-06
 Reference value :  1.24312e-06
 Reference value :  1.24359e-06
 Reference value :  1.24395e-06
 Reference value :  1.24418e-06
 Reference value :  1.24471e-06
 Reference value :  1.25051e-06
 Reference value :  1.25851e-06
 Reference value :  1.26751e-06
 Reference value :  1.27401e-06
 Reference value :  1.28242e-06
 Reference value :  1.28296e-06
 Reference value :  1.28317e-06
 Reference value :  1.28351e-06
 Reference value :  1.28363e-06
 Reference value :  1.28383e-06
 Reference value :  1.28397e-06
 Reference value :  1.28413e-06
 Reference value :  1.28441e-06
 Reference value :  1.28469e-06
 Reference value :  1.28499e-06
 Reference value :  1.28531e-06
 Reference value :  1.28575e-06
 Reference value :  1.28753e-06
 Reference value :  1.29465e-06
 Reference value :  1.30265e-06
 Reference value :  1.31065e-06
 Reference value :  1.31815e-06
 Reference value :  1.32451e-06
 Reference value :  1.32464e-06
 Reference value :  1.32482e-06
 Reference value :  1.32522e-06
 Reference value :  1.32548e-06
 Reference value :  1.32571e-06
 Reference value :  1.32600e-06
 Reference value :  1.32638e-06
 Reference value :  1.32706e-06
 Reference value :  1.32752e-06
 Reference value :  1.32792e-06
 Reference value :  1.33092e-06
 Reference value :  1.33296e-06
 Reference value :  1.33334e-06
 Reference value :  1.33364e-06
 Reference value :  1.33418e-06
 Reference value :  1.33557e-06
 Reference value :  1.34275e-06
 Reference value :  1.35225e-06
 Reference value :  1.36175e-06
 Reference value :  1.36623e-06
 Reference value :  1.36638e-06
 Reference value :  1.36656e-06
 Reference value :  1.36689e-06
 Reference value :  1.36702e-06
 Reference value :  1.36721e-06
 Reference value :  1.36752e-06
 Reference value :  1.36800e-06
 Reference value :  1.36827e-06
 Reference value :  1.36858e-06
 Reference value :  1.36896e-06
 Reference value :  1.36982e-06
 Reference value :  1.37591e-06
 Reference value :  1.38341e-06
 Reference value :  1.39041e-06
 Reference value :  1.40041e-06
 Reference value :  1.40787e-06
 Reference value :  1.40795e-06
 Reference value :  1.40818e-06
 Reference value :  1.40854e-06
 Reference value :  1.40885e-06
 Reference value :  1.40926e-06
 Reference value :  1.40954e-06
 Reference value :  1.41072e-06
 Reference value :  1.41160e-06
 Reference value :  1.41312e-06
 Reference value :  1.41821e-06
 Reference value :  1.42521e-06
 Reference value :  1.43271e-06
 Reference value :  1.44021e-06
 Reference value :  1.44910e-06
 Reference value :  1.44960e-06
 Reference value :  1.44981e-06
 Reference value :  1.45017e-06
 Reference value :  1.45034e-06
 Reference value :  1.45054e-06
 Reference value :  1.45077e-06
 Reference value :  1.45114e-06
 Reference value :  1.45180e-06
 Reference value :  1.45337e-06
 Reference value :  1.45736e-06
 Reference value :  1.46456e-06
 Reference value :  1.47256e-06
 Reference value :  1.48106e-06
 Reference value :  1.48906e-06
 Reference value :  1.49122e-06
 Reference value :  1.49132e-06
 Reference value :  1.49162e-06
 Reference value :  1.49199e-06
 Reference value :  1.49220e-06
 Reference value :  1.49256e-06
 Reference value :  1.49295e-06
 Reference value :  1.49356e-06
 Reference value :  1.49433e-06
 Reference value :  1.49468e-06
 Reference value :  1.49523e-06
 Reference value :  1.49885e-06
 Reference value :  1.50935e-06
 Reference value :  1.51785e-06
 Reference value :  1.52077e-06
 Reference value :  1.52234e-06
 Reference value :  1.52258e-06
 Reference value :  1.52284e-06
 Reference value :  1.52352e-06
 Reference value :  1.52743e-06
 Reference value :  1.53284e-06
 Reference value :  1.53293e-06
 Reference value :  1.53312e-06
 Reference value :  1.53340e-06
 Reference value :  1.53364e-06
 Reference value :  1.53383e-06
 Reference value :  1.53395e-06
 Reference value :  1.53421e-06
 Reference value :  1.53453e-06
 Reference value :  1.53479e-06
 Reference value :  1.53504e-06
 Reference value :  1.53528e-06
 Reference value :  1.53562e-06
 Reference value :  1.53725e-06
 Reference value :  1.54506e-06
 Reference value :  1.55306e-06
 Reference value :  1.56056e-06
 Reference value :  1.56606e-06
 Reference value :  1.57206e-06
 Reference value :  1.57457e-06
 Reference value :  1.57474e-06
 Reference value :  1.57520e-06
 Reference value :  1.57541e-06
 Reference value :  1.57556e-06
 Reference value :  1.57589e-06
 Reference value :  1.57611e-06
 Reference value :  1.57692e-06
 Reference value :  1.57844e-06
 Reference value :  1.57904e-06
 Reference value :  1.57973e-06
 Reference value :  1.58406e-06
 Reference value :  1.59256e-06
 Reference value :  1.60156e-06
 Reference value :  1.60906e-06
 Reference value :  1.61617e-06
 Reference value :  1.61627e-06
 Reference value :  1.61646e-06
 Reference value :  1.61684e-06
 Reference value :  1.61702e-06
 Reference value :  1.61725e-06
 Reference value :  1.61751e-06
 Reference value :  1.61773e-06
 Reference value :  1.61817e-06
 Reference value :  1.62018e-06
 Reference value :  1.62707e-06
 Reference value :  1.63557e-06
 Reference value :  1.64307e-06
 Reference value :  1.64857e-06
 Reference value :  1.65745e-06
 Reference value :  1.65797e-06
 Reference value :  1.65842e-06
 Reference value :  1.65873e-06
 Reference value :  1.65895e-06
 Reference value :  1.65917e-06
 Reference value :  1.65941e-06
 Reference value :  1.66018e-06
 Reference value :  1.66145e-06
 Reference value :  1.66202e-06
 Reference value :  1.66498e-06
 Reference value :  1.67090e-06
 Reference value :  1.67940e-06
 Reference value :  1.68890e-06
 Reference value :  1.69840e-06
 Reference value :  1.69960e-06
 Reference value :  1.69981e-06
 Reference value :  1.70003e-06
 Reference value :  1.70027e-06
 Reference value :  1.70048e-06
 Reference value :  1.70070e-06
 Reference value :  1.70110e-06
 Reference value :  1.70143e-06
 Reference value :  1.70252e-06
 Reference value :  1.70462e-06
 Reference value :  1.71214e-06
 Reference value :  1.72164e-06
 Reference value :  1.72714e-06
 Reference value :  1.73464e-06
 Reference value :  1.74119e-06
 Reference value :  1.74135e-06
 Reference value :  1.74182e-06
 Reference value :  1.74204e-06
 Reference value :  1.74220e-06
 Reference value :  1.74242e-06
 Reference value :  1.74276e-06
 Reference value :  1.74360e-06
 Reference value :  1.74451e-06
 Reference value :  1.74493e-06
 Reference value :  1.74595e-06
 Reference value :  1.74977e-06
 Reference value :  1.76077e-06
 Reference value :  1.77027e-06
 Reference value :  1.78127e-06
 Reference value :  1.78290e-06
 Reference value :  1.78308e-06
 Reference value :  1.78324e-06
 Reference value :  1.78358e-06
 Reference value :  1.78377e-06
 Reference value :  1.78396e-06
 Reference value :  1.78417e-06
 Reference value :  1.78445e-06
 Reference value :  1.78463e-06
 Reference value :  1.78486e-06
 Reference value :  1.78517e-06
 Reference value :  1.78637e-06
 Reference value :  1.79450e-06
 Reference value :  1.80350e-06
 Reference value :  1.81000e-06
 Reference value :  1.81950e-06
 Reference value :  1.82453e-06
 Reference value :  1.82468e-06
 Reference value :  1.82503e-06
 Reference value :  1.82532e-06
 Reference value :  1.82556e-06
 Reference value :  1.82595e-06
 Reference value :  1.82648e-06
 Reference value :  1.82751e-06
 Reference value :  1.82792e-06
 Reference value :  1.82844e-06
 Reference value :  1.83187e-06
 Reference value :  1.84187e-06
 Reference value :  1.84887e-06
 Reference value :  1.85737e-06
 Reference value :  1.86030e-06
 Reference value :  1.86189e-06
 Reference value :  1.86217e-06
 Reference value :  1.86249e-06
 Reference value :  1.86288e-06
 Reference value :  1.86503e-06
 Reference value :  1.86623e-06
 Reference value :  1.86641e-06
 Reference value :  1.86664e-06
 Reference value :  1.86699e-06
 Reference value :  1.86717e-06
 Reference value :  1.86749e-06
 Reference value :  1.86774e-06
 Reference value :  1.86794e-06
 Reference value :  1.86819e-06
 Reference value :  1.86856e-06
 Reference value :  1.86904e-06
 Reference value :  1.87007e-06
 Reference value :  1.87590e-06
 Reference value :  1.88540e-06
 Reference value :  1.89390e-06
 Reference value :  1.90190e-06
 Reference value :  1.90787e-06
 Reference value :  1.90801e-06
 Reference value :  1.90824e-06
 Reference value :  1.90868e-06
 Reference value :  1.90886e-06
 Reference value :  1.90928e-06
 Reference value :  1.91009e-06
 Reference value :  1.91143e-06
 Reference value :  1.91182e-06
 Reference value :  1.91232e-06
 Reference value :  1.91520e-06
 Reference value :  1.92360e-06
 Reference value :  1.93260e-06
 Reference value :  1.94060e-06
 Reference value :  1.94610e-06
 Reference value :  1.94806e-06
 Reference value :  1.94891e-06
 Reference value :  1.94928e-06
 Reference value :  1.94956e-06
 Reference value :  1.94968e-06
 Reference value :  1.94989e-06
 Reference value :  1.95021e-06
 Reference value :  1.95033e-06
 Reference value :  1.95057e-06
 Reference value :  1.95086e-06
 Reference value :  1.95107e-06
 Reference value :  1.95126e-06
 Reference value :  1.95149e-06
 Reference value :  1.95175e-06
 Reference value :  1.95225e-06
 Reference value :  1.95318e-06
 Reference value :  1.95919e-06
 Reference value :  1.96719e-06
 Reference value :  1.97519e-06
 Reference value :  1.98619e-06
 Reference value :  1.99122e-06
 Reference value :  1.99131e-06
 Reference value :  1.99157e-06
 Reference value :  1.99206e-06
 Reference value :  1.99225e-06
 Reference value :  1.99256e-06
 Reference value :  1.99280e-06
 Reference value :  1.99325e-06
 Reference value :  1.99520e-06
 Reference value :  1.99584e-06
 Reference value :  1.99912e-06
 Reference value :  2.00862e-06
 Reference value :  2.01712e-06
 Reference value :  2.02212e-06
 Reference value :  2.02862e-06
 Reference value :  2.03284e-06
 Reference value :  2.03297e-06
 Reference value :  2.03317e-06
 Reference value :  2.03349e-06
 Reference value :  2.03366e-06
 Reference value :  2.03387e-06
 Reference value :  2.03417e-06
 Reference value :  2.03448e-06
 Reference value :  2.03486e-06
 Reference value :  2.03518e-06
 Reference value :  2.03582e-06
 Reference value :  2.03908e-06
 Reference value :  2.04658e-06
 Reference value :  2.05658e-06
 Reference value :  2.06508e-06
 Reference value :  2.07452e-06
 Reference value :  2.07468e-06
 Reference value :  2.07496e-06
 Reference value :  2.07534e-06
 Reference value :  2.07547e-06
 Reference value :  2.07565e-06
 Reference value :  2.07610e-06
 Reference value :  2.07702e-06
 Reference value :  2.07774e-06
 Reference value :  2.07811e-06
 Reference value :  2.07947e-06
 Reference value :  2.08623e-06
 Reference value :  2.09473e-06
 Reference value :  2.10673e-06
 Reference value :  2.11473e-06
 Reference value :  2.11622e-06
 Reference value :  2.11638e-06
 Reference value :  2.11656e-06
 Reference value :  2.11691e-06
 Reference value :  2.11708e-06
 Reference value :  2.11717e-06
 Reference value :  2.11727e-06
 Reference value :  2.11746e-06
 Reference value :  2.11761e-06
 Reference value :  2.11782e-06
 Reference value :  2.11802e-06
 Reference value :  2.11810e-06
 Reference value :  2.11828e-06
 Reference value :  2.11860e-06
 Reference value :  2.11893e-06
 Reference value :  2.11933e-06
 Reference value :  2.11983e-06
 Reference value :  2.12378e-06
 Reference value :  2.13128e-06
 Reference value :  2.13928e-06
 Reference value :  2.14778e-06
 Reference value :  2.15578e-06
 Reference value :  2.15787e-06
 Reference value :  2.15802e-06
 Reference value :  2.15835e-06
 Reference value :  2.15872e-06
 Reference value :  2.15892e-06
 Reference value :  2.15910e-06
 Reference value :  2.15965e-06
 Reference value :  2.15996e-06
 Reference value :  2.16023e-06
 Reference value :  2.16088e-06
 Reference value :  2.16132e-06
 Reference value :  2.16180e-06
 Reference value :  2.16306e-06
 Reference value :  2.17238e-06
 Reference value :  2.18138e-06
 Reference value :  2.19038e-06
 Reference value :  2.19950e-06
 Reference value :  2.19963e-06
 Reference value :  2.19983e-06
 Reference value :  2.20017e-06
 Reference value :  2.20035e-06
 Reference value :  2.20054e-06
 Reference value :  2.20074e-06
 Reference value :  2.20090e-06
 Reference value :  2.20102e-06
 Reference value :  2.20131e-06
 Reference value :  2.20156e-06
 Reference value :  2.20180e-06
 Reference value :  2.20236e-06
 Reference value :  2.20433e-06
 Reference value :  2.21397e-06
 Reference value :  2.22397e-06
 Reference value :  2.23297e-06
 Reference value :  2.24082e-06
 Reference value :  2.24130e-06
 Reference value :  2.24169e-06
 Reference value :  2.24199e-06
 Reference value :  2.24223e-06
 Reference value :  2.24249e-06
 Reference value :  2.24288e-06
 Reference value :  2.24319e-06
 Reference value :  2.24363e-06
 Reference value :  2.24413e-06
 Reference value :  2.24469e-06
 Reference value :  2.24564e-06
 Reference value :  2.24891e-06
 Reference value :  2.25791e-06
 Reference value :  2.26741e-06
 Reference value :  2.27641e-06
 Reference value :  2.28285e-06
 Reference value :  2.28294e-06
 Reference value :  2.28317e-06
 Reference value :  2.28351e-06
 Reference value :  2.28375e-06
 Reference value :  2.28386e-06
 Reference value :  2.28398e-06
 Reference value :  2.28404e-06
 Reference value :  2.28422e-06
 Reference value :  2.28440e-06
 Reference value :  2.28465e-06
 Reference value :  2.28487e-06
 Reference value :  2.28511e-06
 Reference value :  2.28546e-06
 Reference value :  2.28599e-06
 Reference value :  2.28941e-06
 Reference value :  2.29841e-06
 Reference value :  2.30691e-06
 Reference value :  2.31691e-06
 Reference value :  2.32341e-06
 Reference value :  2.32455e-06
 Reference value :  2.32467e-06
 Reference value :  2.32485e-06
 Reference value :  2.32524e-06
 Reference value :  2.32538e-06
 Reference value :  2.32559e-06
 Reference value :  2.32589e-06
 Reference value :  2.32629e-06
 Reference value :  2.32716e-06
 Reference value :  2.32769e-06
 Reference value :  2.32851e-06
 Reference value :  2.33246e-06
 Reference value :  2.33586e-06
 Reference value :  2.34270e-06
 Reference value :  2.34963e-06
 Reference value :  2.35702e-06
 Reference value :  2.36452e-06
 Reference value :  2.36626e-06
 Reference value :  2.36645e-06
 Reference value :  2.36668e-06
 Reference value :  2.36692e-06
 Reference value :  2.36710e-06
 Reference value :  2.36724e-06
 Reference value :  2.36756e-06
 Reference value :  2.36780e-06
 Reference value :  2.36807e-06
 Reference value :  2.36835e-06
 Reference value :  2.36890e-06
 Reference value :  2.36956e-06
 Reference value :  2.37193e-06
 Reference value :  2.37943e-06
 Reference value :  2.38743e-06
 Reference value :  2.39643e-06
 Reference value :  2.40543e-06
 Reference value :  2.40790e-06
 Reference value :  2.40811e-06
 Reference value :  2.40855e-06
 Reference value :  2.40879e-06
 Reference value :  2.40898e-06
 Reference value :  2.40926e-06
 Reference value :  2.40944e-06
 Reference value :  2.40996e-06
 Reference value :  2.41072e-06
 Reference value :  2.41102e-06
 Reference value :  2.41134e-06
 Reference value :  2.41307e-06
 Reference value :  2.41540e-06
 Reference value :  2.41727e-06
 Reference value :  2.41809e-06
 Reference value :  2.41831e-06
 Reference value :  2.41855e-06
 Reference value :  2.41892e-06
 Reference value :  2.42011e-06
 Reference value :  2.42505e-06
 Reference value :  2.43000e-06
 Reference value :  2.43550e-06
 Reference value :  2.44100e-06
 Reference value :  2.44650e-06
 Reference value :  2.44953e-06
 Reference value :  2.44962e-06
 Reference value :  2.44972e-06
 Reference value :  2.44985e-06
 Reference value :  2.45007e-06
 Reference value :  2.45026e-06
 Reference value :  2.45033e-06
 Reference value :  2.45045e-06
 Reference value :  2.45053e-06
 Reference value :  2.45075e-06
 Reference value :  2.45088e-06
 Reference value :  2.45114e-06
 Reference value :  2.45133e-06
 Reference value :  2.45150e-06
 Reference value :  2.45166e-06
 Reference value :  2.45184e-06
 Reference value :  2.45205e-06
 Reference value :  2.45235e-06
 Reference value :  2.45287e-06
 Reference value :  2.45485e-06
 Reference value :  2.46131e-06
 Reference value :  2.46631e-06
 Reference value :  2.47181e-06
 Reference value :  2.47731e-06
 Reference value :  2.48231e-06
 Reference value :  2.48731e-06
 Reference value :  2.49117e-06
 Reference value :  2.49125e-06
 Reference value :  2.49136e-06
 Reference value :  2.49151e-06
 Reference value :  2.49182e-06
 Reference value :  2.49204e-06
 Reference value :  2.49217e-06
 Reference value :  2.49236e-06
 Reference value :  2.49259e-06
 Reference value :  2.49273e-06
 Reference value :  2.49310e-06
 Reference value :  2.49361e-06
 Reference value :  2.49412e-06
 Reference value :  2.49434e-06
 Reference value :  2.49461e-06
 Reference value :  2.49510e-06
 Reference value :  2.49746e-06
 Reference value :  2.49959e-06
 Reference value :  2.50055e-06
 Reference value :  2.50434e-06
 Reference value :  2.50980e-06
 Reference value :  2.51480e-06
 Reference value :  2.52080e-06
 Reference value :  2.52630e-06
 Reference value :  2.53180e-06
 Reference value :  2.53286e-06
 Reference value :  2.53294e-06
 Reference value :  2.53305e-06
 Reference value :  2.53320e-06
 Reference value :  2.53345e-06
 Reference value :  2.53361e-06
 Reference value :  2.53372e-06
 Reference value :  2.53384e-06
 Reference value :  2.53395e-06
 Reference value :  2.53415e-06
 Reference value :  2.53435e-06
 Reference value :  2.53449e-06
 Reference value :  2.53467e-06
 Reference value :  2.53488e-06
 Reference value :  2.53510e-06
 Reference value :  2.53554e-06
 Reference value :  2.53591e-06
 Reference value :  2.53658e-06
 Reference value :  2.54094e-06
 Reference value :  2.54744e-06
 Reference value :  2.55294e-06
 Reference value :  2.55944e-06
 Reference value :  2.56644e-06
 Reference value :  2.57344e-06
 Reference value :  2.57454e-06
 Reference value :  2.57464e-06
 Reference value :  2.57479e-06
 Reference value :  2.57503e-06
 Reference value :  2.57533e-06
 Reference value :  2.57547e-06
 Reference value :  2.57558e-06
 Reference value :  2.57575e-06
 Reference value :  2.57600e-06
 Reference value :  2.57637e-06
 Reference value :  2.57696e-06
 Reference value :  2.57745e-06
 Reference value :  2.57764e-06
 Reference value :  2.57790e-06
 Reference value :  2.57832e-06
 Reference value :  2.58126e-06
 Reference value :  2.58176e-06
 Reference value :  2.58341e-06
 Reference value :  2.58543e-06
 Reference value :  2.59081e-06
 Reference value :  2.59631e-06
 Reference value :  2.60231e-06
 Reference value :  2.60781e-06
 Reference value :  2.61331e-06
 Reference value :  2.61620e-06
 Reference value :  2.61627e-06
 Reference value :  2.61639e-06
 Reference value :  2.61652e-06
 Reference value :  2.61679e-06
 Reference value :  2.61693e-06
 Reference value :  2.61703e-06
 Reference value :  2.61717e-06
 Reference value :  2.61731e-06
 Reference value :  2.61751e-06
 Reference value :  2.61771e-06
 Reference value :  2.61787e-06
 Reference value :  2.61805e-06
 Reference value :  2.61828e-06
 Reference value :  2.61857e-06
 Reference value :  2.61913e-06
 Reference value :  2.61963e-06
 Reference value :  2.62112e-06
 Reference value :  2.62606e-06
 Reference value :  2.63156e-06
 Reference value :  2.63656e-06
 Reference value :  2.64256e-06
 Reference value :  2.64806e-06
 Reference value :  2.65356e-06
 Reference value :  2.65784e-06
 Reference value :  2.65793e-06
 Reference value :  2.65806e-06
 Reference value :  2.65833e-06
 Reference value :  2.65865e-06
 Reference value :  2.65881e-06
 Reference value :  2.65897e-06
 Reference value :  2.65917e-06
 Reference value :  2.65944e-06
 Reference value :  2.65986e-06
 Reference value :  2.66052e-06
 Reference value :  2.66086e-06
 Reference value :  2.66109e-06
 Reference value :  2.66148e-06
 Reference value :  2.66433e-06
 Reference value :  2.66637e-06
 Reference value :  2.67081e-06
 Reference value :  2.67517e-06
 Reference value :  2.68017e-06
 Reference value :  2.68514e-06
 Reference value :  2.69014e-06
 Reference value :  2.69564e-06
 Reference value :  2.69951e-06
 Reference value :  2.69957e-06
 Reference value :  2.69964e-06
 Reference value :  2.69978e-06
 Reference value :  2.69992e-06
 Reference value :  2.70018e-06
 Reference value :  2.70028e-06
 Reference value :  2.70038e-06
 Reference value :  2.70050e-06
 Reference value :  2.70059e-06
 Reference value :  2.70079e-06
 Reference value :  2.70098e-06
 Reference value :  2.70115e-06
 Reference value :  2.70134e-06
 Reference value :  2.70156e-06
 Reference value :  2.70193e-06
 Reference value :  2.70255e-06
 Reference value :  2.70334e-06
 Reference value :  2.70764e-06
 Reference value :  2.71314e-06
 Reference value :  2.71814e-06
 Reference value :  2.72314e-06
 Reference value :  2.72814e-06
 Reference value :  2.73314e-06
 Reference value :  2.73814e-06
 Reference value :  2.74118e-06
 Reference value :  2.74126e-06
 Reference value :  2.74137e-06
 Reference value :  2.74157e-06
 Reference value :  2.74183e-06
 Reference value :  2.74203e-06
 Reference value :  2.74217e-06
 Reference value :  2.74233e-06
 Reference value :  2.74256e-06
 Reference value :  2.74299e-06
 Reference value :  2.74358e-06
 Reference value :  2.74398e-06
 Reference value :  2.74421e-06
 Reference value :  2.74447e-06
 Reference value :  2.74509e-06
 Reference value :  2.74804e-06
 Reference value :  2.74968e-06
 Reference value :  2.75100e-06
 Reference value :  2.75445e-06
 Reference value :  2.75833e-06
 Reference value :  2.76333e-06
 Reference value :  2.76883e-06
 Reference value :  2.77433e-06
 Reference value :  2.77933e-06
 Reference value :  2.78287e-06
 Reference value :  2.78296e-06
 Reference value :  2.78309e-06
 Reference value :  2.78326e-06
 Reference value :  2.78351e-06
 Reference value :  2.78363e-06
 Reference value :  2.78373e-06
 Reference value :  2.78385e-06
 Reference value :  2.78401e-06
 Reference value :  2.78420e-06
 Reference value :  2.78443e-06
 Reference value :  2.78462e-06
 Reference value :  2.78484e-06
 Reference value :  2.78504e-06
 Reference value :  2.78583e-06
 Reference value :  2.78782e-06
 Reference value :  2.79277e-06
 Reference value :  2.79777e-06
 Reference value :  2.80327e-06
 Reference value :  2.80877e-06
 Reference value :  2.81427e-06
 Reference value :  2.81977e-06
 Reference value :  2.82451e-06
 Reference value :  2.82459e-06
 Reference value :  2.82470e-06
 Reference value :  2.82490e-06
 Reference value :  2.82523e-06
 Reference value :  2.82537e-06
 Reference value :  2.82551e-06
 Reference value :  2.82564e-06
 Reference value :  2.82593e-06
 Reference value :  2.82627e-06
 Reference value :  2.82704e-06
 Reference value :  2.82749e-06
 Reference value :  2.82767e-06
 Reference value :  2.82810e-06
 Reference value :  2.83046e-06
 Reference value :  2.83241e-06
 Reference value :  2.83341e-06
 Reference value :  2.83456e-06
 Reference value :  2.83783e-06
 Reference value :  2.84226e-06
 Reference value :  2.84711e-06
 Reference value :  2.85211e-06
 Reference value :  2.85761e-06
 Reference value :  2.86311e-06
 Reference value :  2.86619e-06
 Reference value :  2.86626e-06
 Reference value :  2.86638e-06
 Reference value :  2.86654e-06
 Reference value :  2.86679e-06
 Reference value :  2.86695e-06
 Reference value :  2.86709e-06
 Reference value :  2.86721e-06
 Reference value :  2.86737e-06
 Reference value :  2.86756e-06
 Reference value :  2.86779e-06
 Reference value :  2.86801e-06
 Reference value :  2.86826e-06
 Reference value :  2.86853e-06
 Reference value :  2.86942e-06
 Reference value :  2.87323e-06
 Reference value :  2.87873e-06
 Reference value :  2.88373e-06
 Reference value :  2.88873e-06
 Reference value :  2.89423e-06
 Reference value :  2.89973e-06
 Reference value :  2.90523e-06
 Reference value :  2.90786e-06
 Reference value :  2.90796e-06
 Reference value :  2.90816e-06
 Reference value :  2.90845e-06
 Reference value :  2.90865e-06
 Reference value :  2.90878e-06
 Reference value :  2.90888e-06
 Reference value :  2.90903e-06
 Reference value :  2.90922e-06
 Reference value :  2.90946e-06
 Reference value :  2.90990e-06
 Reference value :  2.91051e-06
 Reference value :  2.91079e-06
 Reference value :  2.91097e-06
 Reference value :  2.91138e-06
 Reference value :  2.91318e-06
 Reference value :  2.91554e-06
 Reference value :  2.91613e-06
 Reference value :  2.91722e-06
 Reference value :  2.91800e-06
 Reference value :  2.92019e-06
 Reference value :  2.92662e-06
 Reference value :  2.93422e-06
 Reference value :  2.94222e-06
 Reference value :  2.94951e-06
 Reference value :  2.94961e-06
 Reference value :  2.94978e-06
 Reference value :  2.95001e-06
 Reference value :  2.95023e-06
 Reference value :  2.95033e-06
 Reference value :  2.95045e-06
 Reference value :  2.95055e-06
 Reference value :  2.95068e-06
 Reference value :  2.95087e-06
 Reference value :  2.95102e-06
 Reference value :  2.95125e-06
 Reference value :  2.95141e-06
 Reference value :  2.95160e-06
 Reference value :  2.95186e-06
 Reference value :  2.95229e-06
 Reference value :  2.95277e-06
 Reference value :  2.95369e-06
 Reference value :  2.95880e-06
 Reference value :  2.96380e-06
 Reference value :  2.96880e-06
 Reference value :  2.97380e-06
 Reference value :  2.97880e-06
 Reference value :  2.98430e-06
 Reference value :  2.98930e-06
 Reference value :  2.99120e-06
 Reference value :  2.99129e-06
 Reference value :  2.99142e-06
 Reference value :  2.99159e-06
 Reference value :  2.99189e-06
 Reference value :  2.99203e-06
 Reference value :  2.99217e-06
 Reference value :  2.99232e-06
 Reference value :  2.99259e-06
 Reference value :  2.99279e-06
 Reference value :  2.99323e-06
 Reference value :  2.99378e-06
 Reference value :  2.99408e-06
 Reference value :  2.99426e-06
 Reference value :  2.99462e-06
 Reference value :  2.99637e-06
 Reference value :  2.99971e-06
 Reference value :  3.00105e-06
 Reference value :  3.00441e-06
 Reference value :  3.00941e-06
 Reference value :  3.01441e-06
 Reference value :  3.01941e-06
 Reference value :  3.02441e-06
 Reference value :  3.02941e-06
 Reference value :  3.03285e-06
 Reference value :  3.03293e-06
 Reference value :  3.03301e-06
 Reference value :  3.03313e-06
 Reference value :  3.03327e-06
 Reference value :  3.03355e-06
 Reference value :  3.03365e-06
 Reference value :  3.03375e-06
 Reference value :  3.03384e-06
 Reference value :  3.03403e-06
 Reference value :  3.03418e-06
 Reference value :  3.03436e-06
 Reference value :  3.03451e-06
 Reference value :  3.03473e-06
 Reference value :  3.03493e-06
 Reference value :  3.03535e-06
 Reference value :  3.03596e-06
 Reference value :  3.03737e-06
 Reference value :  3.04287e-06
 Reference value :  3.04787e-06
 Reference value :  3.05287e-06
 Reference value :  3.05787e-06
 Reference value :  3.06287e-06
 Reference value :  3.06787e-06
 Reference value :  3.07287e-06
 Reference value :  3.07453e-06
 Reference value :  3.07463e-06
 Reference value :  3.07478e-06
 Reference value :  3.07496e-06
 Reference value :  3.07534e-06
 Reference value :  3.07545e-06
 Reference value :  3.07556e-06
 Reference value :  3.07575e-06
 Reference value :  3.07600e-06
 Reference value :  3.07630e-06
 Reference value :  3.07681e-06
 Reference value :  3.07739e-06
 Reference value :  3.07758e-06
 Reference value :  3.07797e-06
 Reference value :  3.07946e-06
 Reference value :  3.08222e-06
 Reference value :  3.08372e-06
 Reference value :  3.08433e-06
 Reference value :  3.08502e-06
 Reference value :  3.08706e-06
 Reference value :  3.09097e-06
 Reference value :  3.09584e-06
 Reference value :  3.10077e-06
 Reference value :  3.10577e-06
 Reference value :  3.11077e-06
 Reference value :  3.11572e-06
 Reference value :  3.11622e-06
 Reference value :  3.11630e-06
 Reference value :  3.11643e-06
 Reference value :  3.11656e-06
 Reference value :  3.11684e-06
 Reference value :  3.11696e-06
 Reference value :  3.11711e-06
 Reference value :  3.11717e-06
 Reference value :  3.11735e-06
 Reference value :  3.11747e-06
 Reference value :  3.11760e-06
 Reference value :  3.11772e-06
 Reference value :  3.11790e-06
 Reference value :  3.11808e-06
 Reference value :  3.11838e-06
 Reference value :  3.11865e-06
 Reference value :  3.11897e-06
 Reference value :  3.11924e-06
 Reference value :  3.11962e-06
 Reference value :  3.12053e-06
 Reference value :  3.12413e-06
 Reference value :  3.12913e-06
 Reference value :  3.13413e-06
 Reference value :  3.13913e-06
 Reference value :  3.14463e-06
 Reference value :  3.14963e-06
 Reference value :  3.15463e-06
 Reference value :  3.15786e-06
 Reference value :  3.15797e-06
 Reference value :  3.15812e-06
 Reference value :  3.15843e-06
 Reference value :  3.15865e-06
 Reference value :  3.15881e-06
 Reference value :  3.15892e-06
 Reference value :  3.15905e-06
 Reference value :  3.15927e-06
 Reference value :  3.15953e-06
 Reference value :  3.15988e-06
 Reference value :  3.16009e-06
 Reference value :  3.16028e-06
 Reference value :  3.16078e-06
 Reference value :  3.16125e-06
 Reference value :  3.16203e-06
 Reference value :  3.16245e-06
 Reference value :  3.16313e-06
 Reference value :  3.16360e-06
 Reference value :  3.16437e-06
 Reference value :  3.16828e-06
 Reference value :  3.17378e-06
 Reference value :  3.17878e-06
 Reference value :  3.18428e-06
 Reference value :  3.18978e-06
 Reference value :  3.19528e-06
 Reference value :  3.19951e-06
 Reference value :  3.19958e-06
 Reference value :  3.19968e-06
 Reference value :  3.19980e-06
 Reference value :  3.19995e-06
 Reference value :  3.20022e-06
 Reference value :  3.20036e-06
 Reference value :  3.20050e-06
 Reference value :  3.20054e-06
 Reference value :  3.20067e-06
 Reference value :  3.20079e-06
 Reference value :  3.20090e-06
 Reference value :  3.20105e-06
 Reference value :  3.20118e-06
 Reference value :  3.20133e-06
 Reference value :  3.20153e-06
 Reference value :  3.20170e-06
 Reference value :  3.20194e-06
 Reference value :  3.20231e-06
 Reference value :  3.20311e-06
 Reference value :  3.20588e-06
 Reference value :  3.20962e-06
 Reference value :  3.21509e-06
 Reference value :  3.22009e-06
 Reference value :  3.22559e-06
 Reference value :  3.23059e-06
 Reference value :  3.23609e-06
 Reference value :  3.24117e-06
 Reference value :  3.24122e-06
 Reference value :  3.24131e-06
 Reference value :  3.24147e-06
 Reference value :  3.24181e-06
 Reference value :  3.24201e-06
 Reference value :  3.24217e-06
 Reference value :  3.24229e-06
 Reference value :  3.24250e-06
 Reference value :  3.24278e-06
 Reference value :  3.24324e-06
 Reference value :  3.24337e-06
 Reference value :  3.24352e-06
 Reference value :  3.24387e-06
 Reference value :  3.24415e-06
 Reference value :  3.24541e-06
 Reference value :  3.24595e-06
 Reference value :  3.24622e-06
 Reference value :  3.24658e-06
 Reference value :  3.24691e-06
 Reference value :  3.24735e-06
 Reference value :  3.24823e-06
 Reference value :  3.25216e-06
 Reference value :  3.25766e-06
 Reference value :  3.26316e-06
 Reference value :  3.26866e-06
 Reference value :  3.27416e-06
 Reference value :  3.27966e-06
 Reference value :  3.28286e-06
 Reference value :  3.28294e-06
 Reference value :  3.28305e-06
 Reference value :  3.28320e-06
 Reference value :  3.28347e-06
 Reference value :  3.28358e-06
 Reference value :  3.28367e-06
 Reference value :  3.28379e-06
 Reference value :  3.28387e-06
 Reference value :  3.28398e-06
 Reference value :  3.28404e-06
 Reference value :  3.28420e-06
 Reference value :  3.28434e-06
 Reference value :  3.28457e-06
 Reference value :  3.28469e-06
 Reference value :  3.28485e-06
 Reference value :  3.28505e-06
 Reference value :  3.28523e-06
 Reference value :  3.28546e-06
 Reference value :  3.28585e-06
 Reference value :  3.28656e-06
 Reference value :  3.29039e-06
 Reference value :  3.29539e-06
 Reference value :  3.30039e-06
 Reference value :  3.30539e-06
 Reference value :  3.31039e-06
 Reference value :  3.31589e-06
 Reference value :  3.32139e-06
 Reference value :  3.32452e-06
 Reference value :  3.32460e-06
 Reference value :  3.32473e-06
 Reference value :  3.32493e-06
 Reference value :  3.32528e-06
 Reference value :  3.32541e-06
 Reference value :  3.32556e-06
 Reference value :  3.32584e-06
 Reference value :  3.32613e-06
 Reference value :  3.32654e-06
 Reference value :  3.32683e-06
 Reference value :  3.32698e-06
 Reference value :  3.32724e-06
 Reference value :  3.32758e-06
 Reference value :  3.32853e-06
 Reference value :  3.32956e-06
 Reference value :  3.33084e-06
 Reference value :  3.33414e-06
 Reference value :  3.33914e-06
 Reference value :  3.34414e-06
 Reference value :  3.34914e-06
 Reference value :  3.35414e-06
 Reference value :  3.36114e-06
 Reference value :  3.36618e-06
 Reference value :  3.36628e-06
 Reference value :  3.36644e-06
 Reference value :  3.36668e-06
 Reference value :  3.36692e-06
 Reference value :  3.36703e-06
 Reference value :  3.36721e-06
 Reference value :  3.36734e-06
 Reference value :  3.36753e-06
 Reference value :  3.36773e-06
 Reference value :  3.36794e-06
 Reference value :  3.36810e-06
 Reference value :  3.36836e-06
 Reference value :  3.36875e-06
 Reference value :  3.36923e-06
 Reference value :  3.36993e-06
 Reference value :  3.37253e-06
 Reference value :  3.37753e-06
 Reference value :  3.38253e-06
 Reference value :  3.38803e-06
 Reference value :  3.39353e-06
 Reference value :  3.39853e-06
 Reference value :  3.40403e-06
 Reference value :  3.40784e-06
 Reference value :  3.40792e-06
 Reference value :  3.40800e-06
 Reference value :  3.40818e-06
 Reference value :  3.40842e-06
 Reference value :  3.40871e-06
 Reference value :  3.40884e-06
 Reference value :  3.40897e-06
 Reference value :  3.40917e-06
 Reference value :  3.40937e-06
 Reference value :  3.40986e-06
 Reference value :  3.41018e-06
 Reference value :  3.41036e-06
 Reference value :  3.41065e-06
 Reference value :  3.41132e-06
 Reference value :  3.41198e-06
 Reference value :  3.41384e-06
 Reference value :  3.41879e-06
 Reference value :  3.42379e-06
 Reference value :  3.42929e-06
 Reference value :  3.43479e-06
 Reference value :  3.44079e-06
 Reference value :  3.44579e-06
 Reference value :  3.44951e-06
 Reference value :  3.44959e-06
 Reference value :  3.44970e-06
 Reference value :  3.44983e-06
 Reference value :  3.45002e-06
 Reference value :  3.45025e-06
 Reference value :  3.45035e-06
 Reference value :  3.45048e-06
 Reference value :  3.45057e-06
 Reference value :  3.45079e-06
 Reference value :  3.45101e-06
 Reference value :  3.45117e-06
 Reference value :  3.45137e-06
 Reference value :  3.45155e-06
 Reference value :  3.45179e-06
 Reference value :  3.45224e-06
 Reference value :  3.45272e-06
 Reference value :  3.45391e-06
 Reference value :  3.45830e-06
 Reference value :  3.46330e-06
 Reference value :  3.46830e-06
 Reference value :  3.47380e-06
 Reference value :  3.47880e-06
 Reference value :  3.48430e-06
 Reference value :  3.48930e-06
 Reference value :  3.49121e-06
 Reference value :  3.49130e-06
 Reference value :  3.49147e-06
 Reference value :  3.49179e-06
 Reference value :  3.49202e-06
 Reference value :  3.49217e-06
 Reference value :  3.49227e-06
 Reference value :  3.49241e-06
 Reference value :  3.49267e-06
 Reference value :  3.49307e-06
 Reference value :  3.49346e-06
 Reference value :  3.49364e-06
 Reference value :  3.49400e-06
 Reference value :  3.49471e-06
 Reference value :  3.49585e-06
 Reference value :  3.50153e-06
 Reference value :  3.50703e-06
 Reference value :  3.51353e-06
 Reference value :  3.51903e-06
 Reference value :  3.52453e-06
 Reference value :  3.53003e-06
 Reference value :  3.53286e-06
 Reference value :  3.53293e-06
 Reference value :  3.53305e-06
 Reference value :  3.53318e-06
 Reference value :  3.53346e-06
 Reference value :  3.53361e-06
 Reference value :  3.53374e-06
 Reference value :  3.53385e-06
 Reference value :  3.53402e-06
 Reference value :  3.53420e-06
 Reference value :  3.53443e-06
 Reference value :  3.53464e-06
 Reference value :  3.53487e-06
 Reference value :  3.53507e-06
 Reference value :  3.53547e-06
 Reference value :  3.53592e-06
 Reference value :  3.53709e-06
 Reference value :  3.54176e-06
 Reference value :  3.54776e-06
 Reference value :  3.55326e-06
 Reference value :  3.55826e-06
 Reference value :  3.56376e-06
 Reference value :  3.56926e-06
 Reference value :  3.57450e-06
 Reference value :  3.57458e-06
 Reference value :  3.57468e-06
 Reference value :  3.57490e-06
 Reference value :  3.57517e-06
 Reference value :  3.57538e-06
 Reference value :  3.57551e-06
 Reference value :  3.57562e-06
 Reference value :  3.57574e-06
 Reference value :  3.57600e-06
 Reference value :  3.57648e-06
 Reference value :  3.57680e-06
 Reference value :  3.57695e-06
 Reference value :  3.57720e-06
 Reference value :  3.57781e-06
 Reference value :  3.57867e-06
 Reference value :  3.57964e-06
 Reference value :  3.58327e-06
 Reference value :  3.58877e-06
 Reference value :  3.59427e-06
 Reference value :  3.59977e-06
 Reference value :  3.60527e-06
 Reference value :  3.61027e-06
 Reference value :  3.61572e-06
 Reference value :  3.61623e-06
 Reference value :  3.61631e-06
 Reference value :  3.61645e-06
 Reference value :  3.61658e-06
 Reference value :  3.61684e-06
 Reference value :  3.61697e-06
 Reference value :  3.61712e-06
 Reference value :  3.61722e-06
 Reference value :  3.61738e-06
 Reference value :  3.61757e-06
 Reference value :  3.61780e-06
 Reference value :  3.61801e-06
 Reference value :  3.61815e-06
 Reference value :  3.61841e-06
 Reference value :  3.61899e-06
 Reference value :  3.62201e-06
 Reference value :  3.62701e-06
 Reference value :  3.63201e-06
 Reference value :  3.63751e-06
 Reference value :  3.64351e-06
 Reference value :  3.65001e-06
 Reference value :  3.65651e-06
 Reference value :  3.65790e-06
 Reference value :  3.65802e-06
 Reference value :  3.65820e-06
 Reference value :  3.65856e-06
 Reference value :  3.65869e-06
 Reference value :  3.65887e-06
 Reference value :  3.65907e-06
 Reference value :  3.65931e-06
 Reference value :  3.65975e-06
 Reference value :  3.66007e-06
 Reference value :  3.66030e-06
 Reference value :  3.66063e-06
 Reference value :  3.66121e-06
 Reference value :  3.66187e-06
 Reference value :  3.66257e-06
 Reference value :  3.66316e-06
 Reference value :  3.66494e-06
 Reference value :  3.67038e-06
 Reference value :  3.67638e-06
 Reference value :  3.68188e-06
 Reference value :  3.68738e-06
 Reference value :  3.69338e-06
 Reference value :  3.69888e-06
 Reference value :  3.69955e-06
 Reference value :  3.69963e-06
 Reference value :  3.69978e-06
 Reference value :  3.69994e-06
 Reference value :  3.70017e-06
 Reference value :  3.70030e-06
 Reference value :  3.70043e-06
 Reference value :  3.70054e-06
 Reference value :  3.70070e-06
 Reference value :  3.70091e-06
 Reference value :  3.70108e-06
 Reference value :  3.70124e-06
 Reference value :  3.70139e-06
 Reference value :  3.70164e-06
 Reference value :  3.70213e-06
 Reference value :  3.70286e-06
 Reference value :  3.70475e-06
 Reference value :  3.71011e-06
 Reference value :  3.71511e-06
 Reference value :  3.72061e-06
 Reference value :  3.72611e-06
 Reference value :  3.73211e-06
 Reference value :  3.73761e-06
 Reference value :  3.74118e-06
 Reference value :  3.74126e-06
 Reference value :  3.74139e-06
 Reference value :  3.74162e-06
 Reference value :  3.74195e-06
 Reference value :  3.74208e-06
 Reference value :  3.74223e-06
 Reference value :  3.74242e-06
 Reference value :  3.74270e-06
 Reference value :  3.74321e-06
 Reference value :  3.74344e-06
 Reference value :  3.74367e-06
 Reference value :  3.74422e-06
 Reference value :  3.74467e-06
 Reference value :  3.74513e-06
 Reference value :  3.74596e-06
 Reference value :  3.74792e-06
 Reference value :  3.75251e-06
 Reference value :  3.75801e-06
 Reference value :  3.76351e-06
 Reference value :  3.76901e-06
 Reference value :  3.77451e-06
 Reference value :  3.78051e-06
 Reference value :  3.78286e-06
 Reference value :  3.78294e-06
 Reference value :  3.78306e-06
 Reference value :  3.78319e-06
 Reference value :  3.78340e-06
 Reference value :  3.78360e-06
 Reference value :  3.78370e-06
 Reference value :  3.78384e-06
 Reference value :  3.78399e-06
 Reference value :  3.78418e-06
 Reference value :  3.78440e-06
 Reference value :  3.78454e-06
 Reference value :  3.78470e-06
 Reference value :  3.78496e-06
 Reference value :  3.78532e-06
 Reference value :  3.78583e-06
 Reference value :  3.78658e-06
 Reference value :  3.79051e-06
 Reference value :  3.79601e-06
 Reference value :  3.80151e-06
 Reference value :  3.80701e-06
 Reference value :  3.81251e-06
 Reference value :  3.81751e-06
 Reference value :  3.82351e-06
 Reference value :  3.82456e-06
 Reference value :  3.82464e-06
 Reference value :  3.82480e-06
 Reference value :  3.82514e-06
 Reference value :  3.82534e-06
 Reference value :  3.82550e-06
 Reference value :  3.82562e-06
 Reference value :  3.82589e-06
 Reference value :  3.82605e-06
 Reference value :  3.82645e-06
 Reference value :  3.82670e-06
 Reference value :  3.82685e-06
 Reference value :  3.82722e-06
 Reference value :  3.82767e-06
 Reference value :  3.82823e-06
 Reference value :  3.82876e-06
 Reference value :  3.82960e-06
 Reference value :  3.83040e-06
 Reference value :  3.83278e-06
 Reference value :  3.83895e-06
 Reference value :  3.84445e-06
 Reference value :  3.84995e-06
 Reference value :  3.85545e-06
 Reference value :  3.86095e-06
 Reference value :  3.86617e-06
 Reference value :  3.86626e-06
 Reference value :  3.86635e-06
 Reference value :  3.86650e-06
 Reference value :  3.86669e-06
 Reference value :  3.86689e-06
 Reference value :  3.86698e-06
 Reference value :  3.86714e-06
 Reference value :  3.86730e-06
 Reference value :  3.86749e-06
 Reference value :  3.86771e-06
 Reference value :  3.86788e-06
 Reference value :  3.86805e-06
 Reference value :  3.86825e-06
 Reference value :  3.86871e-06
 Reference value :  3.86933e-06
 Reference value :  3.87094e-06
 Reference value :  3.87622e-06
 Reference value :  3.88222e-06
 Reference value :  3.88772e-06
 Reference value :  3.89322e-06
 Reference value :  3.89872e-06
 Reference value :  3.90422e-06
 Reference value :  3.90786e-06
 Reference value :  3.90793e-06
 Reference value :  3.90809e-06
 Reference value :  3.90829e-06
 Reference value :  3.90868e-06
 Reference value :  3.90881e-06
 Reference value :  3.90893e-06
 Reference value :  3.90911e-06
 Reference value :  3.90936e-06
 Reference value :  3.90961e-06
 Reference value :  3.90996e-06
 Reference value :  3.91011e-06
 Reference value :  3.91034e-06
 Reference value :  3.91067e-06
 Reference value :  3.91133e-06
 Reference value :  3.91175e-06
 Reference value :  3.91257e-06
 Reference value :  3.91330e-06
 Reference value :  3.91436e-06
 Reference value :  3.91810e-06
 Reference value :  3.92360e-06
 Reference value :  3.92910e-06
 Reference value :  3.93460e-06
 Reference value :  3.94010e-06
 Reference value :  3.94560e-06
 Reference value :  3.94953e-06
 Reference value :  3.94960e-06
 Reference value :  3.94972e-06
 Reference value :  3.94987e-06
 Reference value :  3.95006e-06
 Reference value :  3.95026e-06
 Reference value :  3.95037e-06
 Reference value :  3.95050e-06
 Reference value :  3.95061e-06
 Reference value :  3.95078e-06
 Reference value :  3.95097e-06
 Reference value :  3.95110e-06
 Reference value :  3.95129e-06
 Reference value :  3.95152e-06
 Reference value :  3.95171e-06
 Reference value :  3.95223e-06
 Reference value :  3.95291e-06
 Reference value :  3.95484e-06
 Reference value :  3.96034e-06
 Reference value :  3.96584e-06
 Reference value :  3.97134e-06
 Reference value :  3.97684e-06
 Reference value :  3.98234e-06
 Reference value :  3.98784e-06
 Reference value :  3.99120e-06
 Reference value :  3.99129e-06
 Reference value :  3.99146e-06
 Reference value :  3.99177e-06
 Reference value :  3.99202e-06
 Reference value :  3.99220e-06
 Reference value :  3.99237e-06
 Reference value :  3.99266e-06
 Reference value :  3.99323e-06
 Reference value :  3.99350e-06
 Reference value :  3.99398e-06
 Reference value :  3.99441e-06
 Reference value :  3.99505e-06
 Reference value :  3.99570e-06
 Reference value :  3.99663e-06
 Reference value :  3.99727e-06
 Reference value :  3.99994e-06
 Reference value :  4.00535e-06
 Reference value :  4.01085e-06
 Reference value :  4.01635e-06
 Reference value :  4.02185e-06
 Reference value :  4.02685e-06
 Reference value :  4.03283e-06
 Reference value :  4.03290e-06
 Reference value :  4.03301e-06
 Reference value :  4.03318e-06
 Reference value :  4.03347e-06
 Reference value :  4.03358e-06
 Reference value :  4.03369e-06
 Reference value :  4.03385e-06
 Reference value :  4.03408e-06
 Reference value :  4.03427e-06
 Reference value :  4.03439e-06
 Reference value :  4.03460e-06
 Reference value :  4.03484e-06
 Reference value :  4.03527e-06
 Reference value :  4.03647e-06
 Reference value :  4.04294e-06
 Reference value :  4.04944e-06
 Reference value :  4.05444e-06
 Reference value :  4.05944e-06
 Reference value :  4.06494e-06
 Reference value :  4.07044e-06
 Reference value :  4.07450e-06
 Reference value :  4.07459e-06
 Reference value :  4.07472e-06
 Reference value :  4.07510e-06
 Reference value :  4.07535e-06
 Reference value :  4.07550e-06
 Reference value :  4.07561e-06
 Reference value :  4.07575e-06
 Reference value :  4.07598e-06
 Reference value :  4.07632e-06
 Reference value :  4.07673e-06
 Reference value :  4.07699e-06
 Reference value :  4.07747e-06
 Reference value :  4.07820e-06
 Reference value :  4.07866e-06
 Reference value :  4.07927e-06
 Reference value :  4.07991e-06
 Reference value :  4.08047e-06
 Reference value :  4.08190e-06
 Reference value :  4.08768e-06
 Reference value :  4.09318e-06
 Reference value :  4.09868e-06
 Reference value :  4.10418e-06
 Reference value :  4.10968e-06
 Reference value :  4.11518e-06
 Reference value :  4.11622e-06
 Reference value :  4.11631e-06
 Reference value :  4.11644e-06
 Reference value :  4.11662e-06
 Reference value :  4.11684e-06
 Reference value :  4.11695e-06
 Reference value :  4.11708e-06
 Reference value :  4.11717e-06
 Reference value :  4.11731e-06
 Reference value :  4.11752e-06
 Reference value :  4.11765e-06
 Reference value :  4.11786e-06
 Reference value :  4.11804e-06
 Reference value :  4.11819e-06
 Reference value :  4.11841e-06
 Reference value :  4.11873e-06
 Reference value :  4.11934e-06
 Reference value :  4.12048e-06
 Reference value :  4.12522e-06
 Reference value :  4.13022e-06
 Reference value :  4.13572e-06
 Reference value :  4.14122e-06
 Reference value :  4.14672e-06
 Reference value :  4.15222e-06
 Reference value :  4.15753e-06
 Reference value :  4.15789e-06
 Reference value :  4.15800e-06
 Reference value :  4.15817e-06
 Reference value :  4.15856e-06
 Reference value :  4.15872e-06
 Reference value :  4.15887e-06
 Reference value :  4.15903e-06
 Reference value :  4.15926e-06
 Reference value :  4.15965e-06
 Reference value :  4.15987e-06
 Reference value :  4.16010e-06
 Reference value :  4.16034e-06
 Reference value :  4.16067e-06
 Reference value :  4.16099e-06
 Reference value :  4.16123e-06
 Reference value :  4.16147e-06
 Reference value :  4.16179e-06
 Reference value :  4.16240e-06
 Reference value :  4.16563e-06
 Reference value :  4.17163e-06
 Reference value :  4.17713e-06
 Reference value :  4.18263e-06
 Reference value :  4.18763e-06
 Reference value :  4.19263e-06
 Reference value :  4.19813e-06
 Reference value :  4.19956e-06
 Reference value :  4.19964e-06
 Reference value :  4.19979e-06
 Reference value :  4.19997e-06
 Reference value :  4.20022e-06
 Reference value :  4.20036e-06
 Reference value :  4.20050e-06
 Reference value :  4.20055e-06
 Reference value :  4.20069e-06
 Reference value :  4.20085e-06
 Reference value :  4.20093e-06
 Reference value :  4.20108e-06
 Reference value :  4.20124e-06
 Reference value :  4.20138e-06
 Reference value :  4.20154e-06
 Reference value :  4.20169e-06
 Reference value :  4.20193e-06
 Reference value :  4.20255e-06
 Reference value :  4.20411e-06
 Reference value :  4.20815e-06
 Reference value :  4.21434e-06
 Reference value :  4.22034e-06
 Reference value :  4.22734e-06
 Reference value :  4.23434e-06
 Reference value :  4.24075e-06
 Reference value :  4.24126e-06
 Reference value :  4.24143e-06
 Reference value :  4.24190e-06
 Reference value :  4.24207e-06
 Reference value :  4.24225e-06
 Reference value :  4.24245e-06
 Reference value :  4.24268e-06
 Reference value :  4.24301e-06
 Reference value :  4.24319e-06
 Reference value :  4.24339e-06
 Reference value :  4.24374e-06
 Reference value :  4.24401e-06
 Reference value :  4.24441e-06
 Reference value :  4.24481e-06
 Reference value :  4.24557e-06
 Reference value :  4.25068e-06
 Reference value :  4.25668e-06
 Reference value :  4.26168e-06
 Reference value :  4.26718e-06
 Reference value :  4.27268e-06
 Reference value :  4.27818e-06
 Reference value :  4.28284e-06
 Reference value :  4.28292e-06
 Reference value :  4.28303e-06
 Reference value :  4.28323e-06
 Reference value :  4.28353e-06
 Reference value :  4.28365e-06
 Reference value :  4.28379e-06
 Reference value :  4.28387e-06
 Reference value :  4.28393e-06
 Reference value :  4.28412e-06
 Reference value :  4.28426e-06
 Reference value :  4.28438e-06
 Reference value :  4.28450e-06
 Reference value :  4.28470e-06
 Reference value :  4.28492e-06
 Reference value :  4.28530e-06
 Reference value :  4.28721e-06
 Reference value :  4.29251e-06
 Reference value :  4.29801e-06
 Reference value :  4.30351e-06
 Reference value :  4.30901e-06
 Reference value :  4.31451e-06
 Reference value :  4.32001e-06
 Reference value :  4.32451e-06
 Reference value :  4.32459e-06
 Reference value :  4.32470e-06
 Reference value :  4.32488e-06
 Reference value :  4.32521e-06
 Reference value :  4.32540e-06
 Reference value :  4.32555e-06
 Reference value :  4.32569e-06
 Reference value :  4.32591e-06
 Reference value :  4.32612e-06
 Reference value :  4.32660e-06
 Reference value :  4.32748e-06
 Reference value :  4.32776e-06
 Reference value :  4.32809e-06
 Reference value :  4.32975e-06
 Reference value :  4.33260e-06
 Reference value :  4.33391e-06
 Reference value :  4.33416e-06
 Reference value :  4.33448e-06
 Reference value :  4.33518e-06
 Reference value :  4.33826e-06
 Reference value :  4.34330e-06
 Reference value :  4.34880e-06
 Reference value :  4.35430e-06
 Reference value :  4.35930e-06
 Reference value :  4.36480e-06
 Reference value :  4.36622e-06
 Reference value :  4.36629e-06
 Reference value :  4.36641e-06
 Reference value :  4.36654e-06
 Reference value :  4.36679e-06
 Reference value :  4.36694e-06
 Reference value :  4.36706e-06
 Reference value :  4.36717e-06
 Reference value :  4.36733e-06
 Reference value :  4.36754e-06
 Reference value :  4.36783e-06
 Reference value :  4.36797e-06
 Reference value :  4.36806e-06
 Reference value :  4.36822e-06
 Reference value :  4.36840e-06
 Reference value :  4.36869e-06
 Reference value :  4.36913e-06
 Reference value :  4.36990e-06
 Reference value :  4.37373e-06
 Reference value :  4.37973e-06
 Reference value :  4.38523e-06
 Reference value :  4.39073e-06
 Reference value :  4.39623e-06
 Reference value :  4.40273e-06
 Reference value :  4.40783e-06
 Reference value :  4.40791e-06
 Reference value :  4.40801e-06
 Reference value :  4.40818e-06
 Reference value :  4.40855e-06
 Reference value :  4.40875e-06
 Reference value :  4.40889e-06
 Reference value :  4.40909e-06
 Reference value :  4.40937e-06
 Reference value :  4.40969e-06
 Reference value :  4.41037e-06
 Reference value :  4.41084e-06
 Reference value :  4.41107e-06
 Reference value :  4.41159e-06
 Reference value :  4.41491e-06
 Reference value :  4.41722e-06
 Reference value :  4.41772e-06
 Reference value :  4.41912e-06
 Reference value :  4.42435e-06
 Reference value :  4.43035e-06
 Reference value :  4.43585e-06
 Reference value :  4.44135e-06
 Reference value :  4.44685e-06
 Reference value :  4.44952e-06
 Reference value :  4.44960e-06
 Reference value :  4.44971e-06
 Reference value :  4.44984e-06
 Reference value :  4.45007e-06
 Reference value :  4.45025e-06
 Reference value :  4.45035e-06
 Reference value :  4.45050e-06
 Reference value :  4.45068e-06
 Reference value :  4.45087e-06
 Reference value :  4.45109e-06
 Reference value :  4.45129e-06
 Reference value :  4.45155e-06
 Reference value :  4.45183e-06
 Reference value :  4.45251e-06
 Reference value :  4.45611e-06
 Reference value :  4.46211e-06
 Reference value :  4.46761e-06
 Reference value :  4.47261e-06
 Reference value :  4.47811e-06
 Reference value :  4.48411e-06
 Reference value :  4.49061e-06
 Reference value :  4.49122e-06
 Reference value :  4.49132e-06
 Reference value :  4.49148e-06
 Reference value :  4.49175e-06
 Reference value :  4.49200e-06
 Reference value :  4.49217e-06
 Reference value :  4.49227e-06
 Reference value :  4.49243e-06
 Reference value :  4.49272e-06
 Reference value :  4.49313e-06
 Reference value :  4.49386e-06
 Reference value :  4.49428e-06
 Reference value :  4.49453e-06
 Reference value :  4.49479e-06
 Reference value :  4.49625e-06
 Reference value :  4.49889e-06
 Reference value :  4.50001e-06
 Reference value :  4.50065e-06
 Reference value :  4.50082e-06
 Reference value :  4.50103e-06
 Reference value :  4.50150e-06
 Reference value :  4.50290e-06
 Reference value :  4.50863e-06
 Reference value :  4.51409e-06
 Reference value :  4.51959e-06
 Reference value :  4.52459e-06
 Reference value :  4.52959e-06
 Reference value :  4.53285e-06
 Reference value :  4.53292e-06
 Reference value :  4.53302e-06
 Reference value :  4.53317e-06
 Reference value :  4.53335e-06
 Reference value :  4.53355e-06
 Reference value :  4.53365e-06
 Reference value :  4.53377e-06
 Reference value :  4.53387e-06
 Reference value :  4.53404e-06
 Reference value :  4.53422e-06
 Reference value :  4.53446e-06
 Reference value :  4.53457e-06
 Reference value :  4.53468e-06
 Reference value :  4.53479e-06
 Reference value :  4.53497e-06
 Reference value :  4.53518e-06
 Reference value :  4.53550e-06
 Reference value :  4.53607e-06
 Reference value :  4.54035e-06
 Reference value :  4.54835e-06
 Reference value :  4.55435e-06
 Reference value :  4.56135e-06
 Reference value :  4.56785e-06
 Reference value :  4.57418e-06
 Reference value :  4.57459e-06
 Reference value :  4.57476e-06
 Reference value :  4.57493e-06
 Reference value :  4.57528e-06
 Reference value :  4.57541e-06
 Reference value :  4.57556e-06
 Reference value :  4.57575e-06
 Reference value :  4.57601e-06
 Reference value :  4.57620e-06
 Reference value :  4.57688e-06
 Reference value :  4.57758e-06
 Reference value :  4.57782e-06
 Reference value :  4.57822e-06
 Reference value :  4.57939e-06
 Reference value :  4.58222e-06
 Reference value :  4.58333e-06
 Reference value :  4.58409e-06
 Reference value :  4.58424e-06
 Reference value :  4.58442e-06
 Reference value :  4.58472e-06
 Reference value :  4.58542e-06
 Reference value :  4.58754e-06
 Reference value :  4.59238e-06
 Reference value :  4.59788e-06
 Reference value :  4.60288e-06
 Reference value :  4.60838e-06
 Reference value :  4.61388e-06
 Reference value :  4.61621e-06
 Reference value :  4.61629e-06
 Reference value :  4.61644e-06
 Reference value :  4.61661e-06
 Reference value :  4.61684e-06
 Reference value :  4.61697e-06
 Reference value :  4.61710e-06
 Reference value :  4.61720e-06
 Reference value :  4.61737e-06
 Reference value :  4.61757e-06
 Reference value :  4.61783e-06
 Reference value :  4.61798e-06
 Reference value :  4.61815e-06
 Reference value :  4.61831e-06
 Reference value :  4.61851e-06
 Reference value :  4.61884e-06
 Reference value :  4.61959e-06
 Reference value :  4.62370e-06
 Reference value :  4.62870e-06
 Reference value :  4.63420e-06
 Reference value :  4.63920e-06
 Reference value :  4.64470e-06
 Reference value :  4.65070e-06
 Reference value :  4.65670e-06
 Reference value :  4.65789e-06
 Reference value :  4.65797e-06
 Reference value :  4.65814e-06
 Reference value :  4.65839e-06
 Reference value :  4.65867e-06
 Reference value :  4.65882e-06
 Reference value :  4.65893e-06
 Reference value :  4.65912e-06
 Reference value :  4.65936e-06
 Reference value :  4.65974e-06
 Reference value :  4.66052e-06
 Reference value :  4.66087e-06
 Reference value :  4.66110e-06
 Reference value :  4.66147e-06
 Reference value :  4.66309e-06
 Reference value :  4.66566e-06
 Reference value :  4.66729e-06
 Reference value :  4.66758e-06
 Reference value :  4.66779e-06
 Reference value :  4.66816e-06
 Reference value :  4.66882e-06
 Reference value :  4.67153e-06
 Reference value :  4.67753e-06
 Reference value :  4.68403e-06
 Reference value :  4.69053e-06
 Reference value :  4.69703e-06
 Reference value :  4.69953e-06
 Reference value :  4.69960e-06
 Reference value :  4.69973e-06
 Reference value :  4.69991e-06
 Reference value :  4.70023e-06
 Reference value :  4.70032e-06
 Reference value :  4.70047e-06
 Reference value :  4.70061e-06
 Reference value :  4.70080e-06
 Reference value :  4.70107e-06
 Reference value :  4.70123e-06
 Reference value :  4.70134e-06
 Reference value :  4.70149e-06
 Reference value :  4.70167e-06
 Reference value :  4.70193e-06
 Reference value :  4.70232e-06
 Reference value :  4.70314e-06
 Reference value :  4.70907e-06
 Reference value :  4.71657e-06
 Reference value :  4.72307e-06
 Reference value :  4.72857e-06
 Reference value :  4.73407e-06
 Reference value :  4.74007e-06
 Reference value :  4.74121e-06
 Reference value :  4.74130e-06
 Reference value :  4.74145e-06
 Reference value :  4.74167e-06
 Reference value :  4.74194e-06
 Reference value :  4.74207e-06
 Reference value :  4.74219e-06
 Reference value :  4.74234e-06
 Reference value :  4.74249e-06
 Reference value :  4.74270e-06
 Reference value :  4.74304e-06
 Reference value :  4.74368e-06
 Reference value :  4.74408e-06
 Reference value :  4.74432e-06
 Reference value :  4.74465e-06
 Reference value :  4.74719e-06
 Reference value :  4.74906e-06
 Reference value :  4.75063e-06
 Reference value :  4.75097e-06
 Reference value :  4.75130e-06
 Reference value :  4.75211e-06
 Reference value :  4.75588e-06
 Reference value :  4.76238e-06
 Reference value :  4.76938e-06
 Reference value :  4.77638e-06
 Reference value :  4.78284e-06
 Reference value :  4.78293e-06
 Reference value :  4.78310e-06
 Reference value :  4.78325e-06
 Reference value :  4.78356e-06
 Reference value :  4.78370e-06
 Reference value :  4.78390e-06
 Reference value :  4.78406e-06
 Reference value :  4.78426e-06
 Reference value :  4.78446e-06
 Reference value :  4.78463e-06
 Reference value :  4.78472e-06
 Reference value :  4.78485e-06
 Reference value :  4.78506e-06
 Reference value :  4.78535e-06
 Reference value :  4.78570e-06
 Reference value :  4.78642e-06
 Reference value :  4.78953e-06
 Reference value :  4.79653e-06
 Reference value :  4.80303e-06
 Reference value :  4.80803e-06
 Reference value :  4.81353e-06
 Reference value :  4.81903e-06
 Reference value :  4.82450e-06
 Reference value :  4.82458e-06
 Reference value :  4.82468e-06
 Reference value :  4.82486e-06
 Reference value :  4.82520e-06
 Reference value :  4.82540e-06
 Reference value :  4.82555e-06
 Reference value :  4.82569e-06
 Reference value :  4.82590e-06
 Reference value :  4.82629e-06
 Reference value :  4.82689e-06
 Reference value :  4.82745e-06
 Reference value :  4.82768e-06
 Reference value :  4.82804e-06
 Reference value :  4.83105e-06
 Reference value :  4.83248e-06
 Reference value :  4.83424e-06
 Reference value :  4.83465e-06
 Reference value :  4.83485e-06
 Reference value :  4.83525e-06
 Reference value :  4.83706e-06
 Reference value :  4.84231e-06
 Reference value :  4.84781e-06
 Reference value :  4.85331e-06
 Reference value :  4.85831e-06
 Reference value :  4.86431e-06
 Reference value :  4.86621e-06
 Reference value :  4.86627e-06
 Reference value :  4.86638e-06
 Reference value :  4.86652e-06
 Reference value :  4.86674e-06
 Reference value :  4.86693e-06
 Reference value :  4.86703e-06
 Reference value :  4.86717e-06
 Reference value :  4.86732e-06
 Reference value :  4.86752e-06
 Reference value :  4.86770e-06
 Reference value :  4.86788e-06
 Reference value :  4.86800e-06
 Reference value :  4.86817e-06
 Reference value :  4.86838e-06
 Reference value :  4.86856e-06
 Reference value :  4.86893e-06
 Reference value :  4.86971e-06
 Reference value :  4.87400e-06
 Reference value :  4.87950e-06
 Reference value :  4.88450e-06
 Reference value :  4.89000e-06
 Reference value :  4.89550e-06
 Reference value :  4.90100e-06
 Reference value :  4.90650e-06
 Reference value :  4.90789e-06
 Reference value :  4.90797e-06
 Reference value :  4.90812e-06
 Reference value :  4.90836e-06
 Reference value :  4.90866e-06
 Reference value :  4.90880e-06
 Reference value :  4.90893e-06
 Reference value :  4.90917e-06
 Reference value :  4.90937e-06
 Reference value :  4.90977e-06
 Reference value :  4.91034e-06
 Reference value :  4.91073e-06
 Reference value :  4.91091e-06
 Reference value :  4.91130e-06
 Reference value :  4.91316e-06
 Reference value :  4.91606e-06
 Reference value :  4.91708e-06
 Reference value :  4.91765e-06
 Reference value :  4.91786e-06
 Reference value :  4.91810e-06
 Reference value :  4.91851e-06
 Reference value :  4.91976e-06
 Reference value :  4.92357e-06
 Reference value :  4.92903e-06
 Reference value :  4.93603e-06
 Reference value :  4.94203e-06
 Reference value :  4.94803e-06
 Reference value :  4.94955e-06
 Reference value :  4.94964e-06
 Reference value :  4.94979e-06
 Reference value :  4.94994e-06
 Reference value :  4.95015e-06
 Reference value :  4.95030e-06
 Reference value :  4.95043e-06
 Reference value :  4.95053e-06
 Reference value :  4.95067e-06
 Reference value :  4.95087e-06
 Reference value :  4.95104e-06
 Reference value :  4.95123e-06
 Reference value :  4.95133e-06
 Reference value :  4.95146e-06
 Reference value :  4.95164e-06
 Reference value :  4.95184e-06
 Reference value :  4.95222e-06
 Reference value :  4.95269e-06
 Reference value :  4.95411e-06
 Reference value :  4.95942e-06
 Reference value :  4.96542e-06
 Reference value :  4.97092e-06
 Reference value :  4.97642e-06
 Reference value :  4.98142e-06
 Reference value :  4.98742e-06
 Reference value :  4.99118e-06
 Reference value :  4.99127e-06
 Reference value :  4.99139e-06
 Reference value :  4.99162e-06
 Reference value :  4.99194e-06
 Reference value :  4.99205e-06
 Reference value :  4.99220e-06
 Reference value :  4.99240e-06
 Reference value :  4.99261e-06
 Reference value :  4.99280e-06
 Reference value :  4.99362e-06
 Reference value :  4.99415e-06
 Reference value :  4.99436e-06
 Reference value :  4.99481e-06
 Reference value :  4.99757e-06
 Reference value :  4.99938e-06
 Reference value :  5.00083e-06
 Reference value :  5.00136e-06
 Reference value :  5.00342e-06
 Reference value :  5.00941e-06
 Reference value :  5.01441e-06
 Reference value :  5.02041e-06
 Reference value :  5.02591e-06
 Reference value :  5.03141e-06
 Reference value :  5.03289e-06
 Reference value :  5.03297e-06
 Reference value :  5.03310e-06
 Reference value :  5.03325e-06
 Reference value :  5.03351e-06
 Reference value :  5.03362e-06
 Reference value :  5.03377e-06
 Reference value :  5.03389e-06
 Reference value :  5.03406e-06
 Reference value :  5.03421e-06
 Reference value :  5.03435e-06
 Reference value :  5.03454e-06
 Reference value :  5.03473e-06
 Reference value :  5.03493e-06
 Reference value :  5.03521e-06
 Reference value :  5.03572e-06
 Reference value :  5.04032e-06
 Reference value :  5.04582e-06
 Reference value :  5.05082e-06
 Reference value :  5.05632e-06
 Reference value :  5.06332e-06
 Reference value :  5.06982e-06
 Reference value :  5.07451e-06
 Reference value :  5.07459e-06
 Reference value :  5.07469e-06
 Reference value :  5.07487e-06
 Reference value :  5.07519e-06
 Reference value :  5.07536e-06
 Reference value :  5.07552e-06
 Reference value :  5.07575e-06
 Reference value :  5.07600e-06
 Reference value :  5.07649e-06
 Reference value :  5.07713e-06
 Reference value :  5.07742e-06
 Reference value :  5.07763e-06
 Reference value :  5.07802e-06
 Reference value :  5.07974e-06
 Reference value :  5.08285e-06
 Reference value :  5.08403e-06
 Reference value :  5.08448e-06
 Reference value :  5.08818e-06
 Reference value :  5.09568e-06
 Reference value :  5.10218e-06
 Reference value :  5.10768e-06
 Reference value :  5.11368e-06
 Reference value :  5.11621e-06
 Reference value :  5.11629e-06
 Reference value :  5.11642e-06
 Reference value :  5.11658e-06
 Reference value :  5.11684e-06
 Reference value :  5.11696e-06
 Reference value :  5.11708e-06
 Reference value :  5.11717e-06
 Reference value :  5.11723e-06
 Reference value :  5.11735e-06
 Reference value :  5.11751e-06
 Reference value :  5.11762e-06
 Reference value :  5.11775e-06
 Reference value :  5.11789e-06
 Reference value :  5.11805e-06
 Reference value :  5.11816e-06
 Reference value :  5.11832e-06
 Reference value :  5.11846e-06
 Reference value :  5.11865e-06
 Reference value :  5.11887e-06
 Reference value :  5.11929e-06
 Reference value :  5.11962e-06
 Reference value :  5.12046e-06
 Reference value :  5.12415e-06
 Reference value :  5.12965e-06
 Reference value :  5.13465e-06
 Reference value :  5.14015e-06
 Reference value :  5.14565e-06
 Reference value :  5.15115e-06
 Reference value :  5.15665e-06
 Reference value :  5.15790e-06
 Reference value :  5.15799e-06
 Reference value :  5.15826e-06
 Reference value :  5.15860e-06
 Reference value :  5.15877e-06
 Reference value :  5.15888e-06
 Reference value :  5.15903e-06
 Reference value :  5.15915e-06
 Reference value :  5.15935e-06
 Reference value :  5.15968e-06
 Reference value :  5.15983e-06
 Reference value :  5.16016e-06
 Reference value :  5.16038e-06
 Reference value :  5.16055e-06
 Reference value :  5.16070e-06
 Reference value :  5.16089e-06
 Reference value :  5.16117e-06
 Reference value :  5.16153e-06
 Reference value :  5.16233e-06
 Reference value :  5.16530e-06
 Reference value :  5.17030e-06
 Reference value :  5.17530e-06
 Reference value :  5.18080e-06
 Reference value :  5.18730e-06
 Reference value :  5.19230e-06
 Reference value :  5.19730e-06
 Reference value :  5.19954e-06
 Reference value :  5.19961e-06
 Reference value :  5.19974e-06
 Reference value :  5.19988e-06
 Reference value :  5.20007e-06
 Reference value :  5.20028e-06
 Reference value :  5.20037e-06
 Reference value :  5.20050e-06
 Reference value :  5.20057e-06
 Reference value :  5.20076e-06
 Reference value :  5.20087e-06
 Reference value :  5.20101e-06
 Reference value :  5.20113e-06
 Reference value :  5.20131e-06
 Reference value :  5.20145e-06
 Reference value :  5.20162e-06
 Reference value :  5.20187e-06
 Reference value :  5.20223e-06
 Reference value :  5.20316e-06
 Reference value :  5.20442e-06
 Reference value :  5.20843e-06
 Reference value :  5.21443e-06
 Reference value :  5.21993e-06
 Reference value :  5.22543e-06
 Reference value :  5.23043e-06
 Reference value :  5.23593e-06
 Reference value :  5.24117e-06
 Reference value :  5.24126e-06
 Reference value :  5.24139e-06
 Reference value :  5.24168e-06
 Reference value :  5.24207e-06
 Reference value :  5.24228e-06
 Reference value :  5.24241e-06
 Reference value :  5.24269e-06
 Reference value :  5.24298e-06
 Reference value :  5.24321e-06
 Reference value :  5.24356e-06
 Reference value :  5.24390e-06
 Reference value :  5.24408e-06
 Reference value :  5.24442e-06
 Reference value :  5.24490e-06
 Reference value :  5.24698e-06
 Reference value :  5.25248e-06
 Reference value :  5.25798e-06
 Reference value :  5.26348e-06
 Reference value :  5.26848e-06
 Reference value :  5.27398e-06
 Reference value :  5.28048e-06
 Reference value :  5.28289e-06
 Reference value :  5.28295e-06
 Reference value :  5.28307e-06
 Reference value :  5.28326e-06
 Reference value :  5.28360e-06
 Reference value :  5.28378e-06
 Reference value :  5.28388e-06
 Reference value :  5.28398e-06
 Reference value :  5.28411e-06
 Reference value :  5.28426e-06
 Reference value :  5.28441e-06
 Reference value :  5.28462e-06
 Reference value :  5.28483e-06
 Reference value :  5.28500e-06
 Reference value :  5.28540e-06
 Reference value :  5.28591e-06
 Reference value :  5.28680e-06
 Reference value :  5.29059e-06
 Reference value :  5.29609e-06
 Reference value :  5.30159e-06
 Reference value :  5.30709e-06
 Reference value :  5.31259e-06
 Reference value :  5.31809e-06
 Reference value :  5.32359e-06
 Reference value :  5.32456e-06
 Reference value :  5.32466e-06
 Reference value :  5.32485e-06
 Reference value :  5.32521e-06
 Reference value :  5.32539e-06
 Reference value :  5.32550e-06
 Reference value :  5.32564e-06
 Reference value :  5.32584e-06
 Reference value :  5.32606e-06
 Reference value :  5.32650e-06
 Reference value :  5.32705e-06
 Reference value :  5.32731e-06
 Reference value :  5.32748e-06
 Reference value :  5.32778e-06
 Reference value :  5.32839e-06
 Reference value :  5.33073e-06
 Reference value :  5.33281e-06
 Reference value :  5.33339e-06
 Reference value :  5.33408e-06
 Reference value :  5.33872e-06
 Reference value :  5.34372e-06
 Reference value :  5.34922e-06
 Reference value :  5.35522e-06
 Reference value :  5.36072e-06
 Reference value :  5.36617e-06
 Reference value :  5.36623e-06
 Reference value :  5.36633e-06
 Reference value :  5.36650e-06
 Reference value :  5.36669e-06
 Reference value :  5.36693e-06
 Reference value :  5.36700e-06
 Reference value :  5.36712e-06
 Reference value :  5.36727e-06
 Reference value :  5.36748e-06
 Reference value :  5.36769e-06
 Reference value :  5.36787e-06
 Reference value :  5.36805e-06
 Reference value :  5.36827e-06
 Reference value :  5.36858e-06
 Reference value :  5.36924e-06
 Reference value :  5.37287e-06
 Reference value :  5.37837e-06
 Reference value :  5.38437e-06
 Reference value :  5.39087e-06
 Reference value :  5.39637e-06
 Reference value :  5.40187e-06
 Reference value :  5.40783e-06
 Reference value :  5.40791e-06
 Reference value :  5.40801e-06
 Reference value :  5.40822e-06
 Reference value :  5.40854e-06
 Reference value :  5.40878e-06
 Reference value :  5.40889e-06
 Reference value :  5.40904e-06
 Reference value :  5.40925e-06
 Reference value :  5.40942e-06
 Reference value :  5.41018e-06
 Reference value :  5.41113e-06
 Reference value :  5.41154e-06
 Reference value :  5.41194e-06
 Reference value :  5.41332e-06
 Reference value :  5.41876e-06
 Reference value :  5.42526e-06
 Reference value :  5.43026e-06
 Reference value :  5.43576e-06
 Reference value :  5.44126e-06
 Reference value :  5.44676e-06
 Reference value :  5.44953e-06
 Reference value :  5.44960e-06
 Reference value :  5.44978e-06
 Reference value :  5.45003e-06
 Reference value :  5.45027e-06
 Reference value :  5.45034e-06
 Reference value :  5.45050e-06
 Reference value :  5.45066e-06
 Reference value :  5.45086e-06
 Reference value :  5.45106e-06
 Reference value :  5.45127e-06
 Reference value :  5.45162e-06
 Reference value :  5.45252e-06
 Reference value :  5.45384e-06
 Reference value :  5.45749e-06
 Reference value :  5.46249e-06
 Reference value :  5.46749e-06
 Reference value :  5.47249e-06
 Reference value :  5.47749e-06
 Reference value :  5.48249e-06
 Reference value :  5.48799e-06
 Reference value :  5.49118e-06
 Reference value :  5.49125e-06
 Reference value :  5.49134e-06
 Reference value :  5.49153e-06
 Reference value :  5.49187e-06
 Reference value :  5.49215e-06
 Reference value :  5.49230e-06
 Reference value :  5.49262e-06
 Reference value :  5.49306e-06
 Reference value :  5.49450e-06
 Reference value :  5.49496e-06
 Reference value :  5.49557e-06
 Reference value :  5.49990e-06
 Reference value :  5.50690e-06
 Reference value :  5.51340e-06
 Reference value :  5.51840e-06
 Reference value :  5.52340e-06
 Reference value :  5.52840e-06
 Reference value :  5.53284e-06
 Reference value :  5.53293e-06
 Reference value :  5.53303e-06
 Reference value :  5.53317e-06
 Reference value :  5.53339e-06
 Reference value :  5.53362e-06
 Reference value :  5.53378e-06
 Reference value :  5.53393e-06
 Reference value :  5.53417e-06
 Reference value :  5.53437e-06
 Reference value :  5.53453e-06
 Reference value :  5.53477e-06
 Reference value :  5.53529e-06
 Reference value :  5.53584e-06
 Reference value :  5.53639e-06
 Reference value :  5.53821e-06
 Reference value :  5.54321e-06
 Reference value :  5.54821e-06
 Reference value :  5.55321e-06
 Reference value :  5.55871e-06
 Reference value :  5.56421e-06
 Reference value :  5.56921e-06
 Reference value :  5.57411e-06
 Reference value :  5.57456e-06
 Reference value :  5.57465e-06
 Reference value :  5.57480e-06
 Reference value :  5.57498e-06
 Reference value :  5.57527e-06
 Reference value :  5.57545e-06
 Reference value :  5.57556e-06
 Reference value :  5.57575e-06
 Reference value :  5.57600e-06
 Reference value :  5.57628e-06
 Reference value :  5.57694e-06
 Reference value :  5.57784e-06
 Reference value :  5.57814e-06
 Reference value :  5.57850e-06
 Reference value :  5.57982e-06
 Reference value :  5.58392e-06
 Reference value :  5.58942e-06
 Reference value :  5.59492e-06
 Reference value :  5.60042e-06
 Reference value :  5.60642e-06
 Reference value :  5.61192e-06
 Reference value :  5.61618e-06
 Reference value :  5.61628e-06
 Reference value :  5.61644e-06
 Reference value :  5.61666e-06
 Reference value :  5.61688e-06
 Reference value :  5.61704e-06
 Reference value :  5.61727e-06
 Reference value :  5.61753e-06
 Reference value :  5.61774e-06
 Reference value :  5.61795e-06
 Reference value :  5.61822e-06
 Reference value :  5.61876e-06
 Reference value :  5.61921e-06
 Reference value :  5.62025e-06
 Reference value :  5.62401e-06
 Reference value :  5.62951e-06
 Reference value :  5.63501e-06
 Reference value :  5.64051e-06
 Reference value :  5.64651e-06
 Reference value :  5.65301e-06
 Reference value :  5.65786e-06
 Reference value :  5.65796e-06
 Reference value :  5.65811e-06
 Reference value :  5.65828e-06
 Reference value :  5.65855e-06
 Reference value :  5.65879e-06
 Reference value :  5.65893e-06
 Reference value :  5.65910e-06
 Reference value :  5.65939e-06
 Reference value :  5.66007e-06
 Reference value :  5.66115e-06
 Reference value :  5.66159e-06
 Reference value :  5.66209e-06
 Reference value :  5.66370e-06
 Reference value :  5.66920e-06
 Reference value :  5.67470e-06
 Reference value :  5.68070e-06
 Reference value :  5.68620e-06
 Reference value :  5.69220e-06
 Reference value :  5.69820e-06
 Reference value :  5.69955e-06
 Reference value :  5.69963e-06
 Reference value :  5.69979e-06
 Reference value :  5.69998e-06
 Reference value :  5.70026e-06
 Reference value :  5.70037e-06
 Reference value :  5.70050e-06
 Reference value :  5.70068e-06
 Reference value :  5.70091e-06
 Reference value :  5.70116e-06
 Reference value :  5.70143e-06
 Reference value :  5.70187e-06
 Reference value :  5.70247e-06
 Reference value :  5.70310e-06
 Reference value :  5.70585e-06
 Reference value :  5.71135e-06
 Reference value :  5.71685e-06
 Reference value :  5.72235e-06
 Reference value :  5.72785e-06
 Reference value :  5.73285e-06
 Reference value :  5.73785e-06
 Reference value :  5.74120e-06
 Reference value :  5.74129e-06
 Reference value :  5.74146e-06
 Reference value :  5.74165e-06
 Reference value :  5.74194e-06
 Reference value :  5.74212e-06
 Reference value :  5.74225e-06
 Reference value :  5.74242e-06
 Reference value :  5.74268e-06
 Reference value :  5.74300e-06
 Reference value :  5.74376e-06
 Reference value :  5.74463e-06
 Reference value :  5.74498e-06
 Reference value :  5.74537e-06
 Reference value :  5.74625e-06
 Reference value :  5.75071e-06
 Reference value :  5.75621e-06
 Reference value :  5.76121e-06
 Reference value :  5.76621e-06
 Reference value :  5.77121e-06
 Reference value :  5.77671e-06
 Reference value :  5.78221e-06
 Reference value :  5.78289e-06
 Reference value :  5.78298e-06
 Reference value :  5.78312e-06
 Reference value :  5.78333e-06
 Reference value :  5.78357e-06
 Reference value :  5.78366e-06
 Reference value :  5.78379e-06
 Reference value :  5.78394e-06
 Reference value :  5.78420e-06
 Reference value :  5.78447e-06
 Reference value :  5.78476e-06
 Reference value :  5.78525e-06
 Reference value :  5.78577e-06
 Reference value :  5.78637e-06
 Reference value :  5.78834e-06
 Reference value :  5.79309e-06
 Reference value :  5.79809e-06
 Reference value :  5.80309e-06
 Reference value :  5.80859e-06
 Reference value :  5.81359e-06
 Reference value :  5.81959e-06
 Reference value :  5.82451e-06
 Reference value :  5.82460e-06
 Reference value :  5.82476e-06
 Reference value :  5.82493e-06
 Reference value :  5.82532e-06
 Reference value :  5.82551e-06
 Reference value :  5.82568e-06
 Reference value :  5.82587e-06
 Reference value :  5.82609e-06
 Reference value :  5.82676e-06
 Reference value :  5.82787e-06
 Reference value :  5.82822e-06
 Reference value :  5.82859e-06
 Reference value :  5.82955e-06
 Reference value :  5.83305e-06
 Reference value :  5.83905e-06
 Reference value :  5.84405e-06
 Reference value :  5.84905e-06
 Reference value :  5.85405e-06
 Reference value :  5.85955e-06
 Reference value :  5.86455e-06
 Reference value :  5.86620e-06
 Reference value :  5.86630e-06
 Reference value :  5.86645e-06
 Reference value :  5.86665e-06
 Reference value :  5.86692e-06
 Reference value :  5.86707e-06
 Reference value :  5.86721e-06
 Reference value :  5.86744e-06
 Reference value :  5.86763e-06
 Reference value :  5.86782e-06
 Reference value :  5.86806e-06
 Reference value :  5.86844e-06
 Reference value :  5.86892e-06
 Reference value :  5.86956e-06
 Reference value :  5.87132e-06
 Reference value :  5.87682e-06
 Reference value :  5.88232e-06
 Reference value :  5.88782e-06
 Reference value :  5.89332e-06
 Reference value :  5.90132e-06
 Reference value :  5.90682e-06
 Reference value :  5.90788e-06
 Reference value :  5.90797e-06
 Reference value :  5.90816e-06
 Reference value :  5.90848e-06
 Reference value :  5.90866e-06
 Reference value :  5.90888e-06
 Reference value :  5.90904e-06
 Reference value :  5.90923e-06
 Reference value :  5.90941e-06
 Reference value :  5.91001e-06
 Reference value :  5.91100e-06
 Reference value :  5.91169e-06
 Reference value :  5.91212e-06
 Reference value :  5.91262e-06
 Reference value :  5.91546e-06
 Reference value :  5.92093e-06
 Reference value :  5.92593e-06
 Reference value :  5.93143e-06
 Reference value :  5.93743e-06
 Reference value :  5.94293e-06
 Reference value :  5.94843e-06
 Reference value :  5.94955e-06
 Reference value :  5.94963e-06
 Reference value :  5.94977e-06
 Reference value :  5.94989e-06
 Reference value :  5.95008e-06
 Reference value :  5.95026e-06
 Reference value :  5.95035e-06
 Reference value :  5.95050e-06
 Reference value :  5.95067e-06
 Reference value :  5.95087e-06
 Reference value :  5.95107e-06
 Reference value :  5.95126e-06
 Reference value :  5.95157e-06
 Reference value :  5.95208e-06
 Reference value :  5.95266e-06
 Reference value :  5.95405e-06
 Reference value :  5.95802e-06
 Reference value :  5.96352e-06
 Reference value :  5.96902e-06
 Reference value :  5.97452e-06
 Reference value :  5.98002e-06
 Reference value :  5.98502e-06
 Reference value :  5.99052e-06
 Reference value :  5.99122e-06
 Reference value :  5.99132e-06
 Reference value :  5.99146e-06
 Reference value :  5.99163e-06
 Reference value :  5.99197e-06
 Reference value :  5.99212e-06
 Reference value :  5.99223e-06
 Reference value :  5.99239e-06
 Reference value :  5.99262e-06
 Reference value :  5.99294e-06
 Reference value :  5.99430e-06
 Reference value :  5.99483e-06
 Reference value :  5.99518e-06
 Reference value :  5.99573e-06
 Reference value :  5.99767e-06
 Reference value :  6.00234e-06
 Reference value :  6.00784e-06
 Reference value :  6.01384e-06
 Reference value :  6.01884e-06
 Reference value :  6.02434e-06
 Reference value :  6.02934e-06
 Reference value :  6.03287e-06
 Reference value :  6.03294e-06
 Reference value :  6.03306e-06
 Reference value :  6.03318e-06
 Reference value :  6.03336e-06
 Reference value :  6.03354e-06
 Reference value :  6.03370e-06
 Reference value :  6.03384e-06
 Reference value :  6.03398e-06
 Reference value :  6.03424e-06
 Reference value :  6.03444e-06
 Reference value :  6.03463e-06
 Reference value :  6.03485e-06
 Reference value :  6.03511e-06
 Reference value :  6.03568e-06
 Reference value :  6.03660e-06
 Reference value :  6.04054e-06
 Reference value :  6.04654e-06
 Reference value :  6.05254e-06
 Reference value :  6.05854e-06
 Reference value :  6.06504e-06
 Reference value :  6.07104e-06
 Reference value :  6.07453e-06
 Reference value :  6.07463e-06
 Reference value :  6.07478e-06
 Reference value :  6.07509e-06
 Reference value :  6.07532e-06
 Reference value :  6.07552e-06
 Reference value :  6.07570e-06
 Reference value :  6.07597e-06
 Reference value :  6.07629e-06
 Reference value :  6.07719e-06
 Reference value :  6.07799e-06
 Reference value :  6.07823e-06
 Reference value :  6.07856e-06
 Reference value :  6.07963e-06
 Reference value :  6.08371e-06
 Reference value :  6.08921e-06
 Reference value :  6.09421e-06
 Reference value :  6.09971e-06
 Reference value :  6.10471e-06
 Reference value :  6.10971e-06
 Reference value :  6.11521e-06
 Reference value :  6.11622e-06
 Reference value :  6.11630e-06
 Reference value :  6.11644e-06
 Reference value :  6.11663e-06
 Reference value :  6.11691e-06
 Reference value :  6.11702e-06
 Reference value :  6.11714e-06
 Reference value :  6.11721e-06
 Reference value :  6.11728e-06
 Reference value :  6.11740e-06
 Reference value :  6.11753e-06
 Reference value :  6.11761e-06
 Reference value :  6.11776e-06
 Reference value :  6.11793e-06
 Reference value :  6.11806e-06
 Reference value :  6.11821e-06
 Reference value :  6.11834e-06
 Reference value :  6.11849e-06
 Reference value :  6.11864e-06
 Reference value :  6.11881e-06
 Reference value :  6.11900e-06
 Reference value :  6.11919e-06
 Reference value :  6.11948e-06
 Reference value :  6.12022e-06
 Reference value :  6.12330e-06
 Reference value :  6.12827e-06
 Reference value :  6.13327e-06
 Reference value :  6.13827e-06
 Reference value :  6.14427e-06
 Reference value :  6.14977e-06
 Reference value :  6.15577e-06
 Reference value :  6.15787e-06
 Reference value :  6.15796e-06
 Reference value :  6.15807e-06
 Reference value :  6.15836e-06
 Reference value :  6.15866e-06
 Reference value :  6.15883e-06
 Reference value :  6.15895e-06
 Reference value :  6.15912e-06
 Reference value :  6.15935e-06
 Reference value :  6.15964e-06
 Reference value :  6.15989e-06
 Reference value :  6.16021e-06
 Reference value :  6.16046e-06
 Reference value :  6.16061e-06
 Reference value :  6.16077e-06
 Reference value :  6.16098e-06
 Reference value :  6.16129e-06
 Reference value :  6.16163e-06
 Reference value :  6.16272e-06
 Reference value :  6.16644e-06
 Reference value :  6.17194e-06
 Reference value :  6.17744e-06
 Reference value :  6.18294e-06
 Reference value :  6.18794e-06
 Reference value :  6.19344e-06
 Reference value :  6.19844e-06
 Reference value :  6.19954e-06
 Reference value :  6.19963e-06
 Reference value :  6.19977e-06
 Reference value :  6.19989e-06
 Reference value :  6.20009e-06
 Reference value :  6.20029e-06
 Reference value :  6.20042e-06
 Reference value :  6.20055e-06
 Reference value :  6.20070e-06
 Reference value :  6.20085e-06
 Reference value :  6.20096e-06
 Reference value :  6.20110e-06
 Reference value :  6.20124e-06
 Reference value :  6.20144e-06
 Reference value :  6.20166e-06
 Reference value :  6.20212e-06
 Reference value :  6.20281e-06
 Reference value :  6.20402e-06
 Reference value :  6.20602e-06
 Reference value :  6.21102e-06
 Reference value :  6.21602e-06
 Reference value :  6.22152e-06
 Reference value :  6.22702e-06
 Reference value :  6.23252e-06
 Reference value :  6.23802e-06
 Reference value :  6.24119e-06
 Reference value :  6.24130e-06
 Reference value :  6.24149e-06
 Reference value :  6.24189e-06
 Reference value :  6.24207e-06
 Reference value :  6.24223e-06
 Reference value :  6.24249e-06
 Reference value :  6.24277e-06
 Reference value :  6.24307e-06
 Reference value :  6.24343e-06
 Reference value :  6.24370e-06
 Reference value :  6.24392e-06
 Reference value :  6.24419e-06
 Reference value :  6.24462e-06
 Reference value :  6.24547e-06
 Reference value :  6.24909e-06
 Reference value :  6.25459e-06
 Reference value :  6.26009e-06
 Reference value :  6.26559e-06
 Reference value :  6.27059e-06
 Reference value :  6.27609e-06
 Reference value :  6.28109e-06
 Reference value :  6.28287e-06
 Reference value :  6.28293e-06
 Reference value :  6.28305e-06
 Reference value :  6.28321e-06
No. of Data Rows : 30202

  Measurements for Transient Analysis

d9_c1               =  1.07716e-03
d8_c1               =  1.56323e-03
d7_c1               =  1.79714e+00
d6_c1               =  1.56328e-03
d5_c1               =  1.79714e+00
d4_c1               =  1.79714e+00
d3_c1               =  1.79714e+00
d2_c1               =  1.56357e-03
d1_c1               =  1.56378e-03
d0_c1               =  1.56424e-03
d9_c2               =  1.07246e-03
d8_c2               =  1.79715e+00
d7_c2               =  1.55518e-03
d6_c2               =  1.79715e+00
d5_c2               =  1.79714e+00
d4_c2               =  1.79714e+00
d3_c2               =  1.79714e+00
d2_c2               =  1.79714e+00
d1_c2               =  1.79714e+00
d0_c2               =  1.79714e+00
d9_c3               =  1.08758e-03
d8_c3               =  1.79719e+00
d7_c3               =  1.79719e+00
d6_c3               =  1.79719e+00
d5_c3               =  1.79719e+00
d4_c3               =  1.79719e+00
d3_c3               =  1.79719e+00
d2_c3               =  1.79719e+00
d1_c3               =  1.79719e+00
d0_c3               =  1.79718e+00
d9_c4               =  1.79780e+00
d8_c4               =  1.61558e-03
d7_c4               =  1.79715e+00
d6_c4               =  1.61557e-03
d5_c4               =  1.61556e-03
d4_c4               =  1.61555e-03
d3_c4               =  1.61554e-03
d2_c4               =  1.61550e-03
d1_c4               =  1.61543e-03
d0_c4               =  1.79715e+00
d9_c5               =  1.79813e+00
d8_c5               =  1.79722e+00
d7_c5               =  1.79722e+00
d6_c5               =  1.79722e+00
d5_c5               =  1.79722e+00
d4_c5               =  1.79722e+00
d3_c5               =  1.79722e+00
d2_c5               =  1.79722e+00
d1_c5               =  1.79722e+00
d0_c5               =  1.79722e+00
busy_c1_p0          =  1.79713e+00
smpl_c1_p0          =  1.19745e-03
busy_c1_p1          =  1.79712e+00
smpl_c1_p1          =  1.18372e-03
busy_c1_p2          =  1.79711e+00
smpl_c1_p2          =  1.17536e-03
busy_c1_p3          =  1.79706e+00
smpl_c1_p3          =  1.20545e-03
busy_c1_p4          =  1.79709e+00
smpl_c1_p4          =  1.18789e-03
busy_c1_p5          =  1.79712e+00
smpl_c1_p5          =  1.18422e-03
busy_c1_p6          =  1.79710e+00
smpl_c1_p6          =  1.18474e-03
busy_c1_p7          =  1.79712e+00
smpl_c1_p7          =  1.19386e-03
busy_c1_p8          =  1.79708e+00
smpl_c1_p8          =  1.19622e-03
busy_c1_p9          =  1.79709e+00
smpl_c1_p9          =  1.19488e-03
busy_c1_p10         =  1.79707e+00
smpl_c1_p10         =  1.20116e-03
busy_c1_p11         =  1.54266e-03
smpl_c1_p11         =  1.79898e+00
busy_c2_p0          =  1.79716e+00
smpl_c2_p0          =  1.18452e-03
busy_c2_p1          =  1.79705e+00
smpl_c2_p1          =  1.20782e-03
busy_c2_p2          =  1.79711e+00
smpl_c2_p2          =  1.19291e-03
busy_c2_p3          =  1.79713e+00
smpl_c2_p3          =  1.18680e-03
busy_c2_p4          =  1.79713e+00
smpl_c2_p4          =  1.18842e-03
busy_c2_p5          =  1.79711e+00
smpl_c2_p5          =  1.20022e-03
busy_c2_p6          =  1.79711e+00
smpl_c2_p6          =  1.20040e-03
busy_c2_p7          =  1.79713e+00
smpl_c2_p7          =  1.19292e-03
busy_c2_p8          =  1.79707e+00
smpl_c2_p8          =  1.20552e-03
busy_c2_p9          =  1.79713e+00
smpl_c2_p9          =  1.18574e-03
busy_c2_p10         =  1.79708e+00
smpl_c2_p10         =  1.20167e-03
busy_c2_p11         =  1.56818e-03
smpl_c2_p11         =  1.79899e+00
busy_c3_p0          =  1.79709e+00
smpl_c3_p0          =  1.19956e-03
busy_c3_p1          =  1.79710e+00
smpl_c3_p1          =  1.19179e-03
busy_c3_p2          =  1.79713e+00
smpl_c3_p2          =  1.18888e-03
busy_c3_p3          =  1.79707e+00
smpl_c3_p3          =  1.20979e-03
busy_c3_p4          =  1.79709e+00
smpl_c3_p4          =  1.20955e-03
busy_c3_p5          =  1.79714e+00
smpl_c3_p5          =  1.19062e-03
busy_c3_p6          =  1.79713e+00
smpl_c3_p6          =  1.19043e-03
busy_c3_p7          =  1.79711e+00
smpl_c3_p7          =  1.19287e-03
busy_c3_p8          =  1.79707e+00
smpl_c3_p8          =  1.20493e-03
busy_c3_p9          =  1.79712e+00
smpl_c3_p9          =  1.19872e-03
busy_c3_p10         =  1.79712e+00
smpl_c3_p10         =  1.19591e-03
busy_c3_p11         =  1.55355e-03
smpl_c3_p11         =  1.79899e+00
busy_c4_p0          =  1.79717e+00
smpl_c4_p0          =  1.17846e-03
busy_c4_p1          =  1.79708e+00
smpl_c4_p1          =  1.19793e-03
busy_c4_p2          =  1.79707e+00
smpl_c4_p2          =  1.20484e-03
busy_c4_p3          =  1.79710e+00
smpl_c4_p3          =  1.18811e-03
busy_c4_p4          =  1.79708e+00
smpl_c4_p4          =  1.20135e-03
busy_c4_p5          =  1.79709e+00
smpl_c4_p5          =  1.19806e-03
busy_c4_p6          =  1.79707e+00
smpl_c4_p6          =  1.20677e-03
busy_c4_p7          =  1.79708e+00
smpl_c4_p7          =  1.20142e-03
busy_c4_p8          =  1.79713e+00
smpl_c4_p8          =  1.19116e-03
busy_c4_p9          =  1.79713e+00
smpl_c4_p9          =  1.19505e-03
busy_c4_p10         =  1.79706e+00
smpl_c4_p10         =  1.20761e-03
busy_c4_p11         =  1.56282e-03
smpl_c4_p11         =  1.79898e+00
busy_c5_p0          =  1.79711e+00
smpl_c5_p0          =  1.19955e-03
busy_c5_p1          =  1.79710e+00
smpl_c5_p1          =  1.19441e-03
busy_c5_p2          =  1.79710e+00
smpl_c5_p2          =  1.17802e-03
busy_c5_p3          =  1.79709e+00
smpl_c5_p3          =  1.17710e-03
busy_c5_p4          =  1.79712e+00
smpl_c5_p4          =  1.17039e-03
busy_c5_p5          =  1.79710e+00
smpl_c5_p5          =  1.16964e-03
busy_c5_p6          =  1.79710e+00
smpl_c5_p6          =  1.17135e-03
busy_c5_p7          =  1.79708e+00
smpl_c5_p7          =  1.18206e-03
busy_c5_p8          =  1.79709e+00
smpl_c5_p8          =  1.17526e-03
busy_c5_p9          =  1.79703e+00
smpl_c5_p9          =  1.17784e-03
busy_c5_p10         =  1.79713e+00
smpl_c5_p10         =  1.16566e-03
busy_c5_p11         =  1.54349e-03
smpl_c5_p11         =  1.79898e+00
i_vdd               =  -2.39557e-06 from=  3.20000e-06 to=  4.20001e-06
i_vpwr              =  -7.36783e-06 from=  3.20000e-06 to=  4.20001e-06
i_vrefp             =  -6.56163e-06 from=  3.20000e-06 to=  4.20001e-06
i_vrefn             =  6.52750e-06 from=  3.20000e-06 to=  4.20001e-06
i_vcm               =  3.38384e-08 from=  3.20000e-06 to=  4.20001e-06
gnd_die_max         =  2.32318e-02 at=  6.11699e-06
gnd_die_min         =  -5.72990e-02 at=  6.11716e-06
vgnd_max            =  2.59937e-02 at=  6.11699e-06
vgnd_min            =  -5.66368e-02 at=  6.11716e-06
vdd_max             =  1.86248e+00 at=  6.11726e-06
vdd_min             =  1.73939e+00 at=  6.11720e-06
vpwr_max            =  1.86915e+00 at=  6.11720e-06
vpwr_min            =  1.74380e+00 at=  6.11716e-06
vdda_min            =  1.71791e+00 at=  6.11720e-06
vdda_max            =  1.87610e+00 at=  6.11714e-06
i_vgnda             =  2.51159e-06 from=  3.20000e-06 to=  4.20001e-06
i_vgnd              =  7.32109e-06 from=  3.20000e-06 to=  4.20001e-06
i_sub               =  -4.21335e-08 from=  3.20000e-06 to=  4.20001e-06


Total analysis time (seconds) = 5663.71

Total elapsed time (seconds) = 5980.700 

Total DRAM available = 98304.000 MB.
DRAM currently available =   73.531 MB.
Maximum ngspice program size =  818.000 MB.
Current ngspice program size =   31.672 MB.

Note: Starting dynamic gmin stepping
Note: Dynamic gmin stepping completed
