
Note: Compatibility modes selected: hs a


Circuit: * sim/ground-return-impedance (issue #378) arm 'pkg-nopad-1k' -- reusing

option SCALE: Scale is set to 1e-06 for instance and model parameters
option SCALE: Scale is set to 1e-06 for instance and model parameters
option SCALE: Scale is set to 1e-06 for instance and model parameters
option SCALE: Scale is set to 1e-06 for instance and model parameters
Doing analysis at TEMP = 27.000000 and TNOM = 27.000000

Using KLU as Direct Linear Solver
 Reference value :  0.00000e+00
 Reference value :  4.14000e-09
 Reference value :  1.21400e-08
 Reference value :  1.95700e-08
 Reference value :  2.01022e-08
 Reference value :  2.03008e-08
 Reference value :  2.05012e-08
 Reference value :  2.06455e-08
 Reference value :  2.09419e-08
 Reference value :  2.10528e-08
 Reference value :  2.11221e-08
 Reference value :  2.12118e-08
 Reference value :  2.13180e-08
 Reference value :  2.15289e-08
 Reference value :  2.20682e-08
 Reference value :  2.37601e-08
 Reference value :  2.96762e-08
 Reference value :  3.66762e-08
 Reference value :  4.41762e-08
 Reference value :  5.11762e-08
 Reference value :  5.86762e-08
 Reference value :  6.61762e-08
 Reference value :  7.36762e-08
 Reference value :  7.86762e-08
 Reference value :  8.36762e-08
 Reference value :  8.86762e-08
 Reference value :  9.36762e-08
 Reference value :  9.86762e-08
 Reference value :  1.03676e-07
 Reference value :  1.08676e-07
 Reference value :  1.14676e-07
 Reference value :  1.20676e-07
 Reference value :  1.25676e-07
 Reference value :  1.30676e-07
 Reference value :  1.35676e-07
 Reference value :  1.40676e-07
 Reference value :  1.45676e-07
 Reference value :  1.50676e-07
 Reference value :  1.55676e-07
 Reference value :  1.60676e-07
 Reference value :  1.65676e-07
 Reference value :  1.70676e-07
 Reference value :  1.75676e-07
 Reference value :  1.80676e-07
 Reference value :  1.85676e-07
 Reference value :  1.91676e-07
 Reference value :  1.96676e-07
 Reference value :  1.99532e-07
 Reference value :  1.99607e-07
 Reference value :  1.99717e-07
 Reference value :  1.99926e-07
 Reference value :  2.00244e-07
 Reference value :  2.00359e-07
 Reference value :  2.00505e-07
 Reference value :  2.00608e-07
 Reference value :  2.00694e-07
 Reference value :  2.00844e-07
 Reference value :  2.01032e-07
 Reference value :  2.01190e-07
 Reference value :  2.01460e-07
 Reference value :  2.01679e-07
 Reference value :  2.01905e-07
 Reference value :  2.02265e-07
 Reference value :  2.02845e-07
 Reference value :  2.05367e-07
 Reference value :  2.10867e-07
 Reference value :  2.16367e-07
 Reference value :  2.21367e-07
 Reference value :  2.26867e-07
 Reference value :  2.31867e-07
 Reference value :  2.37867e-07
 Reference value :  2.41197e-07
 Reference value :  2.41274e-07
 Reference value :  2.41402e-07
 Reference value :  2.41659e-07
 Reference value :  2.42002e-07
 Reference value :  2.42146e-07
 Reference value :  2.42314e-07
 Reference value :  2.42497e-07
 Reference value :  2.42708e-07
 Reference value :  2.42994e-07
 Reference value :  2.43285e-07
 Reference value :  2.43494e-07
 Reference value :  2.43715e-07
 Reference value :  2.44089e-07
 Reference value :  2.44405e-07
 Reference value :  2.44814e-07
 Reference value :  2.45332e-07
 Reference value :  2.47118e-07
 Reference value :  2.53934e-07
 Reference value :  2.60434e-07
 Reference value :  2.66434e-07
 Reference value :  2.71434e-07
 Reference value :  2.76934e-07
 Reference value :  2.82384e-07
 Reference value :  2.82900e-07
 Reference value :  2.83000e-07
 Reference value :  2.83206e-07
 Reference value :  2.83595e-07
 Reference value :  2.83727e-07
 Reference value :  2.83859e-07
 Reference value :  2.83907e-07
 Reference value :  2.84022e-07
 Reference value :  2.84182e-07
 Reference value :  2.84360e-07
 Reference value :  2.84562e-07
 Reference value :  2.84698e-07
 Reference value :  2.84945e-07
 Reference value :  2.85243e-07
 Reference value :  2.85409e-07
 Reference value :  2.85665e-07
 Reference value :  2.86102e-07
 Reference value :  2.87280e-07
 Reference value :  2.92011e-07
 Reference value :  2.97511e-07
 Reference value :  3.02511e-07
 Reference value :  3.08011e-07
 Reference value :  3.13511e-07
 Reference value :  3.18511e-07
 Reference value :  3.24011e-07
 Reference value :  3.24570e-07
 Reference value :  3.24689e-07
 Reference value :  3.24989e-07
 Reference value :  3.25372e-07
 Reference value :  3.25545e-07
 Reference value :  3.25755e-07
 Reference value :  3.26019e-07
 Reference value :  3.26242e-07
 Reference value :  3.26622e-07
 Reference value :  3.27513e-07
 Reference value :  3.28872e-07
 Reference value :  3.30255e-07
 Reference value :  3.35449e-07
 Reference value :  3.41449e-07
 Reference value :  3.47449e-07
 Reference value :  3.53449e-07
 Reference value :  3.59949e-07
 Reference value :  3.65808e-07
 Reference value :  3.66221e-07
 Reference value :  3.66345e-07
 Reference value :  3.66610e-07
 Reference value :  3.66931e-07
 Reference value :  3.67028e-07
 Reference value :  3.67239e-07
 Reference value :  3.67528e-07
 Reference value :  3.67853e-07
 Reference value :  3.68190e-07
 Reference value :  3.68684e-07
 Reference value :  3.72388e-07
 Reference value :  3.78888e-07
 Reference value :  3.85388e-07
 Reference value :  3.92388e-07
 Reference value :  3.98888e-07
 Reference value :  4.05388e-07
 Reference value :  4.07893e-07
 Reference value :  4.08015e-07
 Reference value :  4.08563e-07
 Reference value :  4.08809e-07
 Reference value :  4.09010e-07
 Reference value :  4.09260e-07
 Reference value :  4.09571e-07
 Reference value :  4.10213e-07
 Reference value :  4.11540e-07
 Reference value :  4.12649e-07
 Reference value :  4.13146e-07
 Reference value :  4.13392e-07
 Reference value :  4.13666e-07
 Reference value :  4.13988e-07
 Reference value :  4.14591e-07
 Reference value :  4.18505e-07
 Reference value :  4.24505e-07
 Reference value :  4.30505e-07
 Reference value :  4.37505e-07
 Reference value :  4.45005e-07
 Reference value :  4.49536e-07
 Reference value :  4.49643e-07
 Reference value :  4.49919e-07
 Reference value :  4.50277e-07
 Reference value :  4.50449e-07
 Reference value :  4.50599e-07
 Reference value :  4.50932e-07
 Reference value :  4.51097e-07
 Reference value :  4.51290e-07
 Reference value :  4.51490e-07
 Reference value :  4.51670e-07
 Reference value :  4.51828e-07
 Reference value :  4.52038e-07
 Reference value :  4.52348e-07
 Reference value :  4.52859e-07
 Reference value :  4.55687e-07
 Reference value :  4.61187e-07
 Reference value :  4.66687e-07
 Reference value :  4.71687e-07
 Reference value :  4.77187e-07
 Reference value :  4.82687e-07
 Reference value :  4.87687e-07
 Reference value :  4.91189e-07
 Reference value :  4.91269e-07
 Reference value :  4.91421e-07
 Reference value :  4.91710e-07
 Reference value :  4.92068e-07
 Reference value :  4.92255e-07
 Reference value :  4.92443e-07
 Reference value :  4.92658e-07
 Reference value :  4.92916e-07
 Reference value :  4.93407e-07
 Reference value :  4.94418e-07
 Reference value :  4.95340e-07
 Reference value :  4.96007e-07
 Reference value :  4.98767e-07
 Reference value :  5.04145e-07
 Reference value :  5.09145e-07
 Reference value :  5.14145e-07
 Reference value :  5.19145e-07
 Reference value :  5.24145e-07
 Reference value :  5.32489e-07
 Reference value :  5.32897e-07
 Reference value :  5.32975e-07
 Reference value :  5.33145e-07
 Reference value :  5.33529e-07
 Reference value :  5.33659e-07
 Reference value :  5.33833e-07
 Reference value :  5.33965e-07
 Reference value :  5.34219e-07
 Reference value :  5.34436e-07
 Reference value :  5.34711e-07
 Reference value :  5.34980e-07
 Reference value :  5.35373e-07
 Reference value :  5.36274e-07
 Reference value :  5.41332e-07
 Reference value :  5.46332e-07
 Reference value :  5.51832e-07
 Reference value :  5.56832e-07
 Reference value :  5.61832e-07
 Reference value :  5.66832e-07
 Reference value :  5.73332e-07
 Reference value :  5.74537e-07
 Reference value :  5.74629e-07
 Reference value :  5.74784e-07
 Reference value :  5.75070e-07
 Reference value :  5.75377e-07
 Reference value :  5.75545e-07
 Reference value :  5.75752e-07
 Reference value :  5.75962e-07
 Reference value :  5.76239e-07
 Reference value :  5.76954e-07
 Reference value :  5.77867e-07
 Reference value :  5.78401e-07
 Reference value :  5.79687e-07
 Reference value :  5.84321e-07
 Reference value :  5.85842e-07
 Reference value :  5.86776e-07
 Reference value :  5.86978e-07
 Reference value :  5.87159e-07
 Reference value :  5.87649e-07
 Reference value :  5.89329e-07
 Reference value :  5.96320e-07
 Reference value :  6.03320e-07
 Reference value :  6.09820e-07
 Reference value :  6.15320e-07
 Reference value :  6.16233e-07
 Reference value :  6.16321e-07
 Reference value :  6.16537e-07
 Reference value :  6.16921e-07
 Reference value :  6.17029e-07
 Reference value :  6.17170e-07
 Reference value :  6.17403e-07
 Reference value :  6.17651e-07
 Reference value :  6.17857e-07
 Reference value :  6.18118e-07
 Reference value :  6.18411e-07
 Reference value :  6.18751e-07
 Reference value :  6.19188e-07
 Reference value :  6.19936e-07
 Reference value :  6.24467e-07
 Reference value :  6.27967e-07
 Reference value :  6.35467e-07
 Reference value :  6.40967e-07
 Reference value :  6.46467e-07
 Reference value :  6.51967e-07
 Reference value :  6.56967e-07
 Reference value :  6.57891e-07
 Reference value :  6.57980e-07
 Reference value :  6.58170e-07
 Reference value :  6.58628e-07
 Reference value :  6.58826e-07
 Reference value :  6.58988e-07
 Reference value :  6.59166e-07
 Reference value :  6.59355e-07
 Reference value :  6.59580e-07
 Reference value :  6.59980e-07
 Reference value :  6.61458e-07
 Reference value :  6.62044e-07
 Reference value :  6.62538e-07
 Reference value :  6.64157e-07
 Reference value :  6.69010e-07
 Reference value :  6.74010e-07
 Reference value :  6.77010e-07
 Reference value :  6.78431e-07
 Reference value :  6.78910e-07
 Reference value :  6.79085e-07
 Reference value :  6.79358e-07
 Reference value :  6.79832e-07
 Reference value :  6.81309e-07
 Reference value :  6.86209e-07
 Reference value :  6.91209e-07
 Reference value :  6.96709e-07
 Reference value :  6.99530e-07
 Reference value :  6.99603e-07
 Reference value :  6.99712e-07
 Reference value :  6.99961e-07
 Reference value :  7.00256e-07
 Reference value :  7.00371e-07
 Reference value :  7.00528e-07
 Reference value :  7.00688e-07
 Reference value :  7.00949e-07
 Reference value :  7.01129e-07
 Reference value :  7.01311e-07
 Reference value :  7.01526e-07
 Reference value :  7.01695e-07
 Reference value :  7.01926e-07
 Reference value :  7.02140e-07
 Reference value :  7.02452e-07
 Reference value :  7.03483e-07
 Reference value :  7.08567e-07
 Reference value :  7.13567e-07
 Reference value :  7.20567e-07
 Reference value :  7.25567e-07
 Reference value :  7.30567e-07
 Reference value :  7.36067e-07
 Reference value :  7.40867e-07
 Reference value :  7.41222e-07
 Reference value :  7.41310e-07
 Reference value :  7.41535e-07
 Reference value :  7.41882e-07
 Reference value :  7.42132e-07
 Reference value :  7.42289e-07
 Reference value :  7.42446e-07
 Reference value :  7.42697e-07
 Reference value :  7.42919e-07
 Reference value :  7.43300e-07
 Reference value :  7.44180e-07
 Reference value :  7.44885e-07
 Reference value :  7.45537e-07
 Reference value :  7.47137e-07
 Reference value :  7.51693e-07
 Reference value :  7.56693e-07
 Reference value :  7.64693e-07
 Reference value :  7.69693e-07
 Reference value :  7.71124e-07
 Reference value :  7.72927e-07
 Reference value :  7.73366e-07
 Reference value :  7.73569e-07
 Reference value :  7.73819e-07
 Reference value :  7.74210e-07
 Reference value :  7.75373e-07
 Reference value :  7.80234e-07
 Reference value :  7.82857e-07
 Reference value :  7.82942e-07
 Reference value :  7.83052e-07
 Reference value :  7.83290e-07
 Reference value :  7.83584e-07
 Reference value :  7.83699e-07
 Reference value :  7.83834e-07
 Reference value :  7.83955e-07
 Reference value :  7.84283e-07
 Reference value :  7.84501e-07
 Reference value :  7.84679e-07
 Reference value :  7.84924e-07
 Reference value :  7.85098e-07
 Reference value :  7.85320e-07
 Reference value :  7.85504e-07
 Reference value :  7.85829e-07
 Reference value :  7.86678e-07
 Reference value :  7.90861e-07
 Reference value :  7.96861e-07
 Reference value :  8.02361e-07
 Reference value :  8.07861e-07
 Reference value :  8.13361e-07
 Reference value :  8.18361e-07
 Reference value :  8.23861e-07
 Reference value :  8.24557e-07
 Reference value :  8.24683e-07
 Reference value :  8.24930e-07
 Reference value :  8.25360e-07
 Reference value :  8.25503e-07
 Reference value :  8.25717e-07
 Reference value :  8.25933e-07
 Reference value :  8.26183e-07
 Reference value :  8.26501e-07
 Reference value :  8.27216e-07
 Reference value :  8.28180e-07
 Reference value :  8.28718e-07
 Reference value :  8.30089e-07
 Reference value :  8.34934e-07
 Reference value :  8.39934e-07
 Reference value :  8.44934e-07
 Reference value :  8.50434e-07
 Reference value :  8.56434e-07
 Reference value :  8.61434e-07
 Reference value :  8.62365e-07
 Reference value :  8.64296e-07
 Reference value :  8.64579e-07
 Reference value :  8.64759e-07
 Reference value :  8.65075e-07
 Reference value :  8.65617e-07
 Reference value :  8.66195e-07
 Reference value :  8.66280e-07
 Reference value :  8.66420e-07
 Reference value :  8.66613e-07
 Reference value :  8.66881e-07
 Reference value :  8.67011e-07
 Reference value :  8.67167e-07
 Reference value :  8.67308e-07
 Reference value :  8.67523e-07
 Reference value :  8.67743e-07
 Reference value :  8.67948e-07
 Reference value :  8.68138e-07
 Reference value :  8.68335e-07
 Reference value :  8.68542e-07
 Reference value :  8.68785e-07
 Reference value :  8.69175e-07
 Reference value :  8.70260e-07
 Reference value :  8.75451e-07
 Reference value :  8.80451e-07
 Reference value :  8.85451e-07
 Reference value :  8.90951e-07
 Reference value :  8.95951e-07
 Reference value :  9.00951e-07
 Reference value :  9.06451e-07
 Reference value :  9.07891e-07
 Reference value :  9.07968e-07
 Reference value :  9.08135e-07
 Reference value :  9.08497e-07
 Reference value :  9.08756e-07
 Reference value :  9.08934e-07
 Reference value :  9.09114e-07
 Reference value :  9.09330e-07
 Reference value :  9.09546e-07
 Reference value :  9.10045e-07
 Reference value :  9.11032e-07
 Reference value :  9.11751e-07
 Reference value :  9.12829e-07
 Reference value :  9.16484e-07
 Reference value :  9.21484e-07
 Reference value :  9.26484e-07
 Reference value :  9.32484e-07
 Reference value :  9.38484e-07
 Reference value :  9.43484e-07
 Reference value :  9.49242e-07
 Reference value :  9.49560e-07
 Reference value :  9.49656e-07
 Reference value :  9.49833e-07
 Reference value :  9.50089e-07
 Reference value :  9.50306e-07
 Reference value :  9.50384e-07
 Reference value :  9.50533e-07
 Reference value :  9.50686e-07
 Reference value :  9.50919e-07
 Reference value :  9.51124e-07
 Reference value :  9.51389e-07
 Reference value :  9.51565e-07
 Reference value :  9.51776e-07
 Reference value :  9.52088e-07
 Reference value :  9.52526e-07
 Reference value :  9.53644e-07
 Reference value :  9.59042e-07
 Reference value :  9.65042e-07
 Reference value :  9.70042e-07
 Reference value :  9.75042e-07
 Reference value :  9.80542e-07
 Reference value :  9.86542e-07
 Reference value :  9.91167e-07
 Reference value :  9.91223e-07
 Reference value :  9.91312e-07
 Reference value :  9.91537e-07
 Reference value :  9.91868e-07
 Reference value :  9.92014e-07
 Reference value :  9.92167e-07
 Reference value :  9.92343e-07
 Reference value :  9.92533e-07
 Reference value :  9.92710e-07
 Reference value :  9.92999e-07
 Reference value :  9.93725e-07
 Reference value :  9.94676e-07
 Reference value :  9.95247e-07
 Reference value :  9.96069e-07
 Reference value :  1.00024e-06
 Reference value :  1.00574e-06
 Reference value :  1.01074e-06
 Reference value :  1.01574e-06
 Reference value :  1.02174e-06
 Reference value :  1.02674e-06
 Reference value :  1.03074e-06
 Reference value :  1.03189e-06
 Reference value :  1.03284e-06
 Reference value :  1.03290e-06
 Reference value :  1.03298e-06
 Reference value :  1.03318e-06
 Reference value :  1.03358e-06
 Reference value :  1.03373e-06
 Reference value :  1.03391e-06
 Reference value :  1.03419e-06
 Reference value :  1.03438e-06
 Reference value :  1.03462e-06
 Reference value :  1.03485e-06
 Reference value :  1.03513e-06
 Reference value :  1.03545e-06
 Reference value :  1.03597e-06
 Reference value :  1.03859e-06
 Reference value :  1.04359e-06
 Reference value :  1.04909e-06
 Reference value :  1.05409e-06
 Reference value :  1.05959e-06
 Reference value :  1.06459e-06
 Reference value :  1.06959e-06
 Reference value :  1.07450e-06
 Reference value :  1.07458e-06
 Reference value :  1.07468e-06
 Reference value :  1.07505e-06
 Reference value :  1.07545e-06
 Reference value :  1.07568e-06
 Reference value :  1.07591e-06
 Reference value :  1.07612e-06
 Reference value :  1.07651e-06
 Reference value :  1.07732e-06
 Reference value :  1.07834e-06
 Reference value :  1.07888e-06
 Reference value :  1.07989e-06
 Reference value :  1.08390e-06
 Reference value :  1.08890e-06
 Reference value :  1.09540e-06
 Reference value :  1.10190e-06
 Reference value :  1.10890e-06
 Reference value :  1.11540e-06
 Reference value :  1.11624e-06
 Reference value :  1.11643e-06
 Reference value :  1.11669e-06
 Reference value :  1.11698e-06
 Reference value :  1.11711e-06
 Reference value :  1.11718e-06
 Reference value :  1.11725e-06
 Reference value :  1.11736e-06
 Reference value :  1.11748e-06
 Reference value :  1.11760e-06
 Reference value :  1.11769e-06
 Reference value :  1.11788e-06
 Reference value :  1.11804e-06
 Reference value :  1.11824e-06
 Reference value :  1.11844e-06
 Reference value :  1.11868e-06
 Reference value :  1.11902e-06
 Reference value :  1.11959e-06
 Reference value :  1.12351e-06
 Reference value :  1.12901e-06
 Reference value :  1.13551e-06
 Reference value :  1.14151e-06
 Reference value :  1.14701e-06
 Reference value :  1.15251e-06
 Reference value :  1.15784e-06
 Reference value :  1.15793e-06
 Reference value :  1.15805e-06
 Reference value :  1.15838e-06
 Reference value :  1.15870e-06
 Reference value :  1.15888e-06
 Reference value :  1.15915e-06
 Reference value :  1.15937e-06
 Reference value :  1.15961e-06
 Reference value :  1.15997e-06
 Reference value :  1.16024e-06
 Reference value :  1.16056e-06
 Reference value :  1.16078e-06
 Reference value :  1.16093e-06
 Reference value :  1.16116e-06
 Reference value :  1.16161e-06
 Reference value :  1.16362e-06
 Reference value :  1.17062e-06
 Reference value :  1.17562e-06
 Reference value :  1.18162e-06
 Reference value :  1.18862e-06
 Reference value :  1.19512e-06
 Reference value :  1.19951e-06
 Reference value :  1.19959e-06
 Reference value :  1.19970e-06
 Reference value :  1.19996e-06
 Reference value :  1.20023e-06
 Reference value :  1.20037e-06
 Reference value :  1.20050e-06
 Reference value :  1.20061e-06
 Reference value :  1.20069e-06
 Reference value :  1.20085e-06
 Reference value :  1.20103e-06
 Reference value :  1.20119e-06
 Reference value :  1.20148e-06
 Reference value :  1.20175e-06
 Reference value :  1.20203e-06
 Reference value :  1.20234e-06
 Reference value :  1.20305e-06
 Reference value :  1.20673e-06
 Reference value :  1.21223e-06
 Reference value :  1.21923e-06
 Reference value :  1.22423e-06
 Reference value :  1.22923e-06
 Reference value :  1.23473e-06
 Reference value :  1.24023e-06
 Reference value :  1.24123e-06
 Reference value :  1.24132e-06
 Reference value :  1.24147e-06
 Reference value :  1.24209e-06
 Reference value :  1.24227e-06
 Reference value :  1.24251e-06
 Reference value :  1.24276e-06
 Reference value :  1.24307e-06
 Reference value :  1.24345e-06
 Reference value :  1.24377e-06
 Reference value :  1.24399e-06
 Reference value :  1.24433e-06
 Reference value :  1.24471e-06
 Reference value :  1.24562e-06
 Reference value :  1.24969e-06
 Reference value :  1.25519e-06
 Reference value :  1.26019e-06
 Reference value :  1.26569e-06
 Reference value :  1.27119e-06
 Reference value :  1.27619e-06
 Reference value :  1.28219e-06
 Reference value :  1.28287e-06
 Reference value :  1.28296e-06
 Reference value :  1.28321e-06
 Reference value :  1.28356e-06
 Reference value :  1.28366e-06
 Reference value :  1.28383e-06
 Reference value :  1.28394e-06
 Reference value :  1.28412e-06
 Reference value :  1.28431e-06
 Reference value :  1.28443e-06
 Reference value :  1.28463e-06
 Reference value :  1.28481e-06
 Reference value :  1.28501e-06
 Reference value :  1.28519e-06
 Reference value :  1.28539e-06
 Reference value :  1.28560e-06
 Reference value :  1.28591e-06
 Reference value :  1.28659e-06
 Reference value :  1.29051e-06
 Reference value :  1.29551e-06
 Reference value :  1.30101e-06
 Reference value :  1.30601e-06
 Reference value :  1.31101e-06
 Reference value :  1.31651e-06
 Reference value :  1.32151e-06
 Reference value :  1.32454e-06
 Reference value :  1.32463e-06
 Reference value :  1.32482e-06
 Reference value :  1.32516e-06
 Reference value :  1.32542e-06
 Reference value :  1.32563e-06
 Reference value :  1.32576e-06
 Reference value :  1.32596e-06
 Reference value :  1.32621e-06
 Reference value :  1.32662e-06
 Reference value :  1.32792e-06
 Reference value :  1.32826e-06
 Reference value :  1.32855e-06
 Reference value :  1.32936e-06
 Reference value :  1.33292e-06
 Reference value :  1.33479e-06
 Reference value :  1.33645e-06
 Reference value :  1.33680e-06
 Reference value :  1.33696e-06
 Reference value :  1.33721e-06
 Reference value :  1.33767e-06
 Reference value :  1.33991e-06
 Reference value :  1.34541e-06
 Reference value :  1.35041e-06
 Reference value :  1.35641e-06
 Reference value :  1.36141e-06
 Reference value :  1.36617e-06
 Reference value :  1.36626e-06
 Reference value :  1.36637e-06
 Reference value :  1.36673e-06
 Reference value :  1.36696e-06
 Reference value :  1.36705e-06
 Reference value :  1.36719e-06
 Reference value :  1.36735e-06
 Reference value :  1.36757e-06
 Reference value :  1.36767e-06
 Reference value :  1.36786e-06
 Reference value :  1.36801e-06
 Reference value :  1.36824e-06
 Reference value :  1.36844e-06
 Reference value :  1.36867e-06
 Reference value :  1.36887e-06
 Reference value :  1.36925e-06
 Reference value :  1.37011e-06
 Reference value :  1.37396e-06
 Reference value :  1.37896e-06
 Reference value :  1.38446e-06
 Reference value :  1.38996e-06
 Reference value :  1.39496e-06
 Reference value :  1.40046e-06
 Reference value :  1.40546e-06
 Reference value :  1.40788e-06
 Reference value :  1.40797e-06
 Reference value :  1.40821e-06
 Reference value :  1.40864e-06
 Reference value :  1.40881e-06
 Reference value :  1.40899e-06
 Reference value :  1.40916e-06
 Reference value :  1.40937e-06
 Reference value :  1.40965e-06
 Reference value :  1.41034e-06
 Reference value :  1.41161e-06
 Reference value :  1.41325e-06
 Reference value :  1.41799e-06
 Reference value :  1.42299e-06
 Reference value :  1.42799e-06
 Reference value :  1.43349e-06
 Reference value :  1.43849e-06
 Reference value :  1.44349e-06
 Reference value :  1.44899e-06
 Reference value :  1.44954e-06
 Reference value :  1.44961e-06
 Reference value :  1.44981e-06
 Reference value :  1.45015e-06
 Reference value :  1.45029e-06
 Reference value :  1.45038e-06
 Reference value :  1.45055e-06
 Reference value :  1.45068e-06
 Reference value :  1.45091e-06
 Reference value :  1.45119e-06
 Reference value :  1.45149e-06
 Reference value :  1.45186e-06
 Reference value :  1.45300e-06
 Reference value :  1.45782e-06
 Reference value :  1.46282e-06
 Reference value :  1.46782e-06
 Reference value :  1.47282e-06
 Reference value :  1.47832e-06
 Reference value :  1.48332e-06
 Reference value :  1.48832e-06
 Reference value :  1.49120e-06
 Reference value :  1.49128e-06
 Reference value :  1.49143e-06
 Reference value :  1.49200e-06
 Reference value :  1.49217e-06
 Reference value :  1.49233e-06
 Reference value :  1.49250e-06
 Reference value :  1.49272e-06
 Reference value :  1.49301e-06
 Reference value :  1.49356e-06
 Reference value :  1.49502e-06
 Reference value :  1.49605e-06
 Reference value :  1.49869e-06
 Reference value :  1.50407e-06
 Reference value :  1.50907e-06
 Reference value :  1.51407e-06
 Reference value :  1.51957e-06
 Reference value :  1.52507e-06
 Reference value :  1.53057e-06
 Reference value :  1.53286e-06
 Reference value :  1.53295e-06
 Reference value :  1.53311e-06
 Reference value :  1.53349e-06
 Reference value :  1.53366e-06
 Reference value :  1.53383e-06
 Reference value :  1.53396e-06
 Reference value :  1.53420e-06
 Reference value :  1.53449e-06
 Reference value :  1.53478e-06
 Reference value :  1.53515e-06
 Reference value :  1.53588e-06
 Reference value :  1.54017e-06
 Reference value :  1.54517e-06
 Reference value :  1.55017e-06
 Reference value :  1.55567e-06
 Reference value :  1.56067e-06
 Reference value :  1.56717e-06
 Reference value :  1.57317e-06
 Reference value :  1.57456e-06
 Reference value :  1.57466e-06
 Reference value :  1.57500e-06
 Reference value :  1.57553e-06
 Reference value :  1.57582e-06
 Reference value :  1.57616e-06
 Reference value :  1.57668e-06
 Reference value :  1.57780e-06
 Reference value :  1.57859e-06
 Reference value :  1.58044e-06
 Reference value :  1.58644e-06
 Reference value :  1.59244e-06
 Reference value :  1.59844e-06
 Reference value :  1.59974e-06
 Reference value :  1.60114e-06
 Reference value :  1.60141e-06
 Reference value :  1.60171e-06
 Reference value :  1.60227e-06
 Reference value :  1.60482e-06
 Reference value :  1.61082e-06
 Reference value :  1.61617e-06
 Reference value :  1.61628e-06
 Reference value :  1.61645e-06
 Reference value :  1.61683e-06
 Reference value :  1.61699e-06
 Reference value :  1.61714e-06
 Reference value :  1.61726e-06
 Reference value :  1.61747e-06
 Reference value :  1.61765e-06
 Reference value :  1.61784e-06
 Reference value :  1.61798e-06
 Reference value :  1.61823e-06
 Reference value :  1.61845e-06
 Reference value :  1.61866e-06
 Reference value :  1.61891e-06
 Reference value :  1.61925e-06
 Reference value :  1.62043e-06
 Reference value :  1.62529e-06
 Reference value :  1.63079e-06
 Reference value :  1.63579e-06
 Reference value :  1.64129e-06
 Reference value :  1.64629e-06
 Reference value :  1.65129e-06
 Reference value :  1.65679e-06
 Reference value :  1.65789e-06
 Reference value :  1.65800e-06
 Reference value :  1.65828e-06
 Reference value :  1.65865e-06
 Reference value :  1.65881e-06
 Reference value :  1.65899e-06
 Reference value :  1.65922e-06
 Reference value :  1.65940e-06
 Reference value :  1.65977e-06
 Reference value :  1.66023e-06
 Reference value :  1.66147e-06
 Reference value :  1.66235e-06
 Reference value :  1.66485e-06
 Reference value :  1.66977e-06
 Reference value :  1.67527e-06
 Reference value :  1.68027e-06
 Reference value :  1.68627e-06
 Reference value :  1.69127e-06
 Reference value :  1.69677e-06
 Reference value :  1.69953e-06
 Reference value :  1.69961e-06
 Reference value :  1.69972e-06
 Reference value :  1.69999e-06
 Reference value :  1.70022e-06
 Reference value :  1.70028e-06
 Reference value :  1.70042e-06
 Reference value :  1.70059e-06
 Reference value :  1.70081e-06
 Reference value :  1.70103e-06
 Reference value :  1.70133e-06
 Reference value :  1.70163e-06
 Reference value :  1.70214e-06
 Reference value :  1.70375e-06
 Reference value :  1.70875e-06
 Reference value :  1.71425e-06
 Reference value :  1.71925e-06
 Reference value :  1.72475e-06
 Reference value :  1.72975e-06
 Reference value :  1.73475e-06
 Reference value :  1.74117e-06
 Reference value :  1.74126e-06
 Reference value :  1.74138e-06
 Reference value :  1.74166e-06
 Reference value :  1.74209e-06
 Reference value :  1.74223e-06
 Reference value :  1.74245e-06
 Reference value :  1.74266e-06
 Reference value :  1.74288e-06
 Reference value :  1.74342e-06
 Reference value :  1.74460e-06
 Reference value :  1.74522e-06
 Reference value :  1.74609e-06
 Reference value :  1.74818e-06
 Reference value :  1.75315e-06
 Reference value :  1.75815e-06
 Reference value :  1.76315e-06
 Reference value :  1.76815e-06
 Reference value :  1.77365e-06
 Reference value :  1.77865e-06
 Reference value :  1.78058e-06
 Reference value :  1.78215e-06
 Reference value :  1.78243e-06
 Reference value :  1.78263e-06
 Reference value :  1.78283e-06
 Reference value :  1.78292e-06
 Reference value :  1.78302e-06
 Reference value :  1.78324e-06
 Reference value :  1.78358e-06
 Reference value :  1.78369e-06
 Reference value :  1.78384e-06
 Reference value :  1.78410e-06
 Reference value :  1.78432e-06
 Reference value :  1.78450e-06
 Reference value :  1.78475e-06
 Reference value :  1.78493e-06
 Reference value :  1.78520e-06
 Reference value :  1.78541e-06
 Reference value :  1.78573e-06
 Reference value :  1.78649e-06
 Reference value :  1.79071e-06
 Reference value :  1.79571e-06
 Reference value :  1.80121e-06
 Reference value :  1.80671e-06
 Reference value :  1.81271e-06
 Reference value :  1.81771e-06
 Reference value :  1.82271e-06
 Reference value :  1.82456e-06
 Reference value :  1.82464e-06
 Reference value :  1.82490e-06
 Reference value :  1.82522e-06
 Reference value :  1.82546e-06
 Reference value :  1.82567e-06
 Reference value :  1.82591e-06
 Reference value :  1.82620e-06
 Reference value :  1.82650e-06
 Reference value :  1.82724e-06
 Reference value :  1.82837e-06
 Reference value :  1.82918e-06
 Reference value :  1.83216e-06
 Reference value :  1.83766e-06
 Reference value :  1.84316e-06
 Reference value :  1.84866e-06
 Reference value :  1.85366e-06
 Reference value :  1.85916e-06
 Reference value :  1.86466e-06
 Reference value :  1.86620e-06
 Reference value :  1.86627e-06
 Reference value :  1.86638e-06
 Reference value :  1.86659e-06
 Reference value :  1.86692e-06
 Reference value :  1.86706e-06
 Reference value :  1.86724e-06
 Reference value :  1.86745e-06
 Reference value :  1.86777e-06
 Reference value :  1.86797e-06
 Reference value :  1.86827e-06
 Reference value :  1.86881e-06
 Reference value :  1.87039e-06
 Reference value :  1.87530e-06
 Reference value :  1.88030e-06
 Reference value :  1.88630e-06
 Reference value :  1.89130e-06
 Reference value :  1.89680e-06
 Reference value :  1.90180e-06
 Reference value :  1.90680e-06
 Reference value :  1.90788e-06
 Reference value :  1.90794e-06
 Reference value :  1.90809e-06
 Reference value :  1.90836e-06
 Reference value :  1.90873e-06
 Reference value :  1.90892e-06
 Reference value :  1.90910e-06
 Reference value :  1.90931e-06
 Reference value :  1.90956e-06
 Reference value :  1.90991e-06
 Reference value :  1.91062e-06
 Reference value :  1.91183e-06
 Reference value :  1.91319e-06
 Reference value :  1.91812e-06
 Reference value :  1.92362e-06
 Reference value :  1.92912e-06
 Reference value :  1.93412e-06
 Reference value :  1.93912e-06
 Reference value :  1.94462e-06
 Reference value :  1.94951e-06
 Reference value :  1.94959e-06
 Reference value :  1.94970e-06
 Reference value :  1.94991e-06
 Reference value :  1.95018e-06
 Reference value :  1.95032e-06
 Reference value :  1.95045e-06
 Reference value :  1.95058e-06
 Reference value :  1.95073e-06
 Reference value :  1.95097e-06
 Reference value :  1.95116e-06
 Reference value :  1.95146e-06
 Reference value :  1.95184e-06
 Reference value :  1.95264e-06
 Reference value :  1.95670e-06
 Reference value :  1.96220e-06
 Reference value :  1.96720e-06
 Reference value :  1.97270e-06
 Reference value :  1.97770e-06
 Reference value :  1.98270e-06
 Reference value :  1.98870e-06
 Reference value :  1.99120e-06
 Reference value :  1.99129e-06
 Reference value :  1.99141e-06
 Reference value :  1.99191e-06
 Reference value :  1.99215e-06
 Reference value :  1.99235e-06
 Reference value :  1.99264e-06
 Reference value :  1.99290e-06
 Reference value :  1.99337e-06
 Reference value :  1.99453e-06
 Reference value :  1.99498e-06
 Reference value :  1.99547e-06
 Reference value :  1.99844e-06
 Reference value :  2.00394e-06
 Reference value :  2.00944e-06
 Reference value :  2.01444e-06
 Reference value :  2.02194e-06
 Reference value :  2.02794e-06
 Reference value :  2.03283e-06
 Reference value :  2.03293e-06
 Reference value :  2.03305e-06
 Reference value :  2.03321e-06
 Reference value :  2.03356e-06
 Reference value :  2.03372e-06
 Reference value :  2.03394e-06
 Reference value :  2.03419e-06
 Reference value :  2.03450e-06
 Reference value :  2.03492e-06
 Reference value :  2.03530e-06
 Reference value :  2.03608e-06
 Reference value :  2.03897e-06
 Reference value :  2.04397e-06
 Reference value :  2.04997e-06
 Reference value :  2.05647e-06
 Reference value :  2.06197e-06
 Reference value :  2.06697e-06
 Reference value :  2.07197e-06
 Reference value :  2.07453e-06
 Reference value :  2.07460e-06
 Reference value :  2.07476e-06
 Reference value :  2.07502e-06
 Reference value :  2.07530e-06
 Reference value :  2.07551e-06
 Reference value :  2.07571e-06
 Reference value :  2.07590e-06
 Reference value :  2.07619e-06
 Reference value :  2.07655e-06
 Reference value :  2.07761e-06
 Reference value :  2.07824e-06
 Reference value :  2.07868e-06
 Reference value :  2.07972e-06
 Reference value :  2.08422e-06
 Reference value :  2.08972e-06
 Reference value :  2.09622e-06
 Reference value :  2.10372e-06
 Reference value :  2.10972e-06
 Reference value :  2.11522e-06
 Reference value :  2.11624e-06
 Reference value :  2.11635e-06
 Reference value :  2.11651e-06
 Reference value :  2.11684e-06
 Reference value :  2.11698e-06
 Reference value :  2.11706e-06
 Reference value :  2.11717e-06
 Reference value :  2.11724e-06
 Reference value :  2.11734e-06
 Reference value :  2.11742e-06
 Reference value :  2.11758e-06
 Reference value :  2.11769e-06
 Reference value :  2.11782e-06
 Reference value :  2.11797e-06
 Reference value :  2.11806e-06
 Reference value :  2.11815e-06
 Reference value :  2.11825e-06
 Reference value :  2.11839e-06
 Reference value :  2.11855e-06
 Reference value :  2.11874e-06
 Reference value :  2.11892e-06
 Reference value :  2.11921e-06
 Reference value :  2.11983e-06
 Reference value :  2.12377e-06
 Reference value :  2.12877e-06
 Reference value :  2.13377e-06
 Reference value :  2.13927e-06
 Reference value :  2.14477e-06
 Reference value :  2.15027e-06
 Reference value :  2.15577e-06
 Reference value :  2.15786e-06
 Reference value :  2.15793e-06
 Reference value :  2.15803e-06
 Reference value :  2.15832e-06
 Reference value :  2.15869e-06
 Reference value :  2.15888e-06
 Reference value :  2.15912e-06
 Reference value :  2.15941e-06
 Reference value :  2.15964e-06
 Reference value :  2.15995e-06
 Reference value :  2.16007e-06
 Reference value :  2.16027e-06
 Reference value :  2.16076e-06
 Reference value :  2.16137e-06
 Reference value :  2.16166e-06
 Reference value :  2.16200e-06
 Reference value :  2.16263e-06
 Reference value :  2.16459e-06
 Reference value :  2.16959e-06
 Reference value :  2.17459e-06
 Reference value :  2.18059e-06
 Reference value :  2.18559e-06
 Reference value :  2.19159e-06
 Reference value :  2.19659e-06
 Reference value :  2.19954e-06
 Reference value :  2.19962e-06
 Reference value :  2.19972e-06
 Reference value :  2.20010e-06
 Reference value :  2.20024e-06
 Reference value :  2.20038e-06
 Reference value :  2.20051e-06
 Reference value :  2.20062e-06
 Reference value :  2.20075e-06
 Reference value :  2.20091e-06
 Reference value :  2.20104e-06
 Reference value :  2.20123e-06
 Reference value :  2.20150e-06
 Reference value :  2.20175e-06
 Reference value :  2.20204e-06
 Reference value :  2.20231e-06
 Reference value :  2.20310e-06
 Reference value :  2.20677e-06
 Reference value :  2.21227e-06
 Reference value :  2.21827e-06
 Reference value :  2.22327e-06
 Reference value :  2.22877e-06
 Reference value :  2.23377e-06
 Reference value :  2.23877e-06
 Reference value :  2.24121e-06
 Reference value :  2.24129e-06
 Reference value :  2.24146e-06
 Reference value :  2.24189e-06
 Reference value :  2.24210e-06
 Reference value :  2.24226e-06
 Reference value :  2.24244e-06
 Reference value :  2.24265e-06
 Reference value :  2.24290e-06
 Reference value :  2.24327e-06
 Reference value :  2.24342e-06
 Reference value :  2.24354e-06
 Reference value :  2.24379e-06
 Reference value :  2.24421e-06
 Reference value :  2.24452e-06
 Reference value :  2.24484e-06
 Reference value :  2.24536e-06
 Reference value :  2.24627e-06
 Reference value :  2.25046e-06
 Reference value :  2.25546e-06
 Reference value :  2.26096e-06
 Reference value :  2.26596e-06
 Reference value :  2.27096e-06
 Reference value :  2.27746e-06
 Reference value :  2.28240e-06
 Reference value :  2.28290e-06
 Reference value :  2.28299e-06
 Reference value :  2.28320e-06
 Reference value :  2.28366e-06
 Reference value :  2.28379e-06
 Reference value :  2.28391e-06
 Reference value :  2.28402e-06
 Reference value :  2.28424e-06
 Reference value :  2.28436e-06
 Reference value :  2.28454e-06
 Reference value :  2.28469e-06
 Reference value :  2.28489e-06
 Reference value :  2.28506e-06
 Reference value :  2.28528e-06
 Reference value :  2.28550e-06
 Reference value :  2.28577e-06
 Reference value :  2.28623e-06
 Reference value :  2.28857e-06
 Reference value :  2.29357e-06
 Reference value :  2.29907e-06
 Reference value :  2.30407e-06
 Reference value :  2.30907e-06
 Reference value :  2.31507e-06
 Reference value :  2.32007e-06
 Reference value :  2.32451e-06
 Reference value :  2.32459e-06
 Reference value :  2.32470e-06
 Reference value :  2.32499e-06
 Reference value :  2.32550e-06
 Reference value :  2.32568e-06
 Reference value :  2.32588e-06
 Reference value :  2.32609e-06
 Reference value :  2.32638e-06
 Reference value :  2.32696e-06
 Reference value :  2.32795e-06
 Reference value :  2.32836e-06
 Reference value :  2.32898e-06
 Reference value :  2.33110e-06
 Reference value :  2.33610e-06
 Reference value :  2.33949e-06
 Reference value :  2.34427e-06
 Reference value :  2.34927e-06
 Reference value :  2.35477e-06
 Reference value :  2.35977e-06
 Reference value :  2.36477e-06
 Reference value :  2.36622e-06
 Reference value :  2.36630e-06
 Reference value :  2.36643e-06
 Reference value :  2.36686e-06
 Reference value :  2.36698e-06
 Reference value :  2.36711e-06
 Reference value :  2.36733e-06
 Reference value :  2.36757e-06
 Reference value :  2.36770e-06
 Reference value :  2.36792e-06
 Reference value :  2.36817e-06
 Reference value :  2.36848e-06
 Reference value :  2.36916e-06
 Reference value :  2.37195e-06
 Reference value :  2.37695e-06
 Reference value :  2.38245e-06
 Reference value :  2.38745e-06
 Reference value :  2.39345e-06
 Reference value :  2.39895e-06
 Reference value :  2.40445e-06
 Reference value :  2.40787e-06
 Reference value :  2.40793e-06
 Reference value :  2.40807e-06
 Reference value :  2.40834e-06
 Reference value :  2.40878e-06
 Reference value :  2.40894e-06
 Reference value :  2.40912e-06
 Reference value :  2.40933e-06
 Reference value :  2.40959e-06
 Reference value :  2.41000e-06
 Reference value :  2.41152e-06
 Reference value :  2.41274e-06
 Reference value :  2.41646e-06
 Reference value :  2.42096e-06
 Reference value :  2.42189e-06
 Reference value :  2.42327e-06
 Reference value :  2.42346e-06
 Reference value :  2.42365e-06
 Reference value :  2.42400e-06
 Reference value :  2.42449e-06
 Reference value :  2.42681e-06
 Reference value :  2.43231e-06
 Reference value :  2.43831e-06
 Reference value :  2.44381e-06
 Reference value :  2.44916e-06
 Reference value :  2.44957e-06
 Reference value :  2.44971e-06
 Reference value :  2.45011e-06
 Reference value :  2.45034e-06
 Reference value :  2.45050e-06
 Reference value :  2.45072e-06
 Reference value :  2.45099e-06
 Reference value :  2.45125e-06
 Reference value :  2.45155e-06
 Reference value :  2.45178e-06
 Reference value :  2.45201e-06
 Reference value :  2.45227e-06
 Reference value :  2.45254e-06
 Reference value :  2.45458e-06
 Reference value :  2.46208e-06
 Reference value :  2.46958e-06
 Reference value :  2.47508e-06
 Reference value :  2.48258e-06
 Reference value :  2.48908e-06
 Reference value :  2.49122e-06
 Reference value :  2.49134e-06
 Reference value :  2.49166e-06
 Reference value :  2.49204e-06
 Reference value :  2.49226e-06
 Reference value :  2.49249e-06
 Reference value :  2.49276e-06
 Reference value :  2.49311e-06
 Reference value :  2.49379e-06
 Reference value :  2.49527e-06
 Reference value :  2.49590e-06
 Reference value :  2.49748e-06
 Reference value :  2.50208e-06
 Reference value :  2.50542e-06
 Reference value :  2.50740e-06
 Reference value :  2.51056e-06
 Reference value :  2.51608e-06
 Reference value :  2.52158e-06
 Reference value :  2.52658e-06
 Reference value :  2.53246e-06
 Reference value :  2.53289e-06
 Reference value :  2.53297e-06
 Reference value :  2.53323e-06
 Reference value :  2.53359e-06
 Reference value :  2.53371e-06
 Reference value :  2.53391e-06
 Reference value :  2.53422e-06
 Reference value :  2.53440e-06
 Reference value :  2.53461e-06
 Reference value :  2.53482e-06
 Reference value :  2.53514e-06
 Reference value :  2.53556e-06
 Reference value :  2.53765e-06
 Reference value :  2.54365e-06
 Reference value :  2.54865e-06
 Reference value :  2.55415e-06
 Reference value :  2.55915e-06
 Reference value :  2.56465e-06
 Reference value :  2.56965e-06
 Reference value :  2.57450e-06
 Reference value :  2.57458e-06
 Reference value :  2.57468e-06
 Reference value :  2.57497e-06
 Reference value :  2.57540e-06
 Reference value :  2.57559e-06
 Reference value :  2.57581e-06
 Reference value :  2.57603e-06
 Reference value :  2.57625e-06
 Reference value :  2.57666e-06
 Reference value :  2.57763e-06
 Reference value :  2.57857e-06
 Reference value :  2.57980e-06
 Reference value :  2.58407e-06
 Reference value :  2.58855e-06
 Reference value :  2.59272e-06
 Reference value :  2.59822e-06
 Reference value :  2.60422e-06
 Reference value :  2.61072e-06
 Reference value :  2.61617e-06
 Reference value :  2.61626e-06
 Reference value :  2.61635e-06
 Reference value :  2.61661e-06
 Reference value :  2.61693e-06
 Reference value :  2.61702e-06
 Reference value :  2.61718e-06
 Reference value :  2.61742e-06
 Reference value :  2.61763e-06
 Reference value :  2.61771e-06
 Reference value :  2.61794e-06
 Reference value :  2.61819e-06
 Reference value :  2.61854e-06
 Reference value :  2.61905e-06
 Reference value :  2.62122e-06
 Reference value :  2.62672e-06
 Reference value :  2.63222e-06
 Reference value :  2.63722e-06
 Reference value :  2.64272e-06
 Reference value :  2.64822e-06
 Reference value :  2.65372e-06
 Reference value :  2.65783e-06
 Reference value :  2.65790e-06
 Reference value :  2.65799e-06
 Reference value :  2.65820e-06
 Reference value :  2.65864e-06
 Reference value :  2.65884e-06
 Reference value :  2.65903e-06
 Reference value :  2.65928e-06
 Reference value :  2.65949e-06
 Reference value :  2.65978e-06
 Reference value :  2.66041e-06
 Reference value :  2.66192e-06
 Reference value :  2.66306e-06
 Reference value :  2.66520e-06
 Reference value :  2.66938e-06
 Reference value :  2.67212e-06
 Reference value :  2.67462e-06
 Reference value :  2.67942e-06
 Reference value :  2.68442e-06
 Reference value :  2.69042e-06
 Reference value :  2.69542e-06
 Reference value :  2.69950e-06
 Reference value :  2.69957e-06
 Reference value :  2.69965e-06
 Reference value :  2.69985e-06
 Reference value :  2.70020e-06
 Reference value :  2.70032e-06
 Reference value :  2.70050e-06
 Reference value :  2.70058e-06
 Reference value :  2.70082e-06
 Reference value :  2.70097e-06
 Reference value :  2.70106e-06
 Reference value :  2.70126e-06
 Reference value :  2.70152e-06
 Reference value :  2.70198e-06
 Reference value :  2.70254e-06
 Reference value :  2.70592e-06
 Reference value :  2.71142e-06
 Reference value :  2.71642e-06
 Reference value :  2.72192e-06
 Reference value :  2.72742e-06
 Reference value :  2.73242e-06
 Reference value :  2.73792e-06
 Reference value :  2.74118e-06
 Reference value :  2.74124e-06
 Reference value :  2.74135e-06
 Reference value :  2.74170e-06
 Reference value :  2.74203e-06
 Reference value :  2.74219e-06
 Reference value :  2.74240e-06
 Reference value :  2.74263e-06
 Reference value :  2.74288e-06
 Reference value :  2.74333e-06
 Reference value :  2.74487e-06
 Reference value :  2.74556e-06
 Reference value :  2.74633e-06
 Reference value :  2.74844e-06
 Reference value :  2.75273e-06
 Reference value :  2.75527e-06
 Reference value :  2.75920e-06
 Reference value :  2.76379e-06
 Reference value :  2.76925e-06
 Reference value :  2.77525e-06
 Reference value :  2.78025e-06
 Reference value :  2.78286e-06
 Reference value :  2.78294e-06
 Reference value :  2.78309e-06
 Reference value :  2.78335e-06
 Reference value :  2.78367e-06
 Reference value :  2.78383e-06
 Reference value :  2.78398e-06
 Reference value :  2.78426e-06
 Reference value :  2.78439e-06
 Reference value :  2.78462e-06
 Reference value :  2.78497e-06
 Reference value :  2.78529e-06
 Reference value :  2.78609e-06
 Reference value :  2.79133e-06
 Reference value :  2.79683e-06
 Reference value :  2.80183e-06
 Reference value :  2.80683e-06
 Reference value :  2.81283e-06
 Reference value :  2.81933e-06
 Reference value :  2.82450e-06
 Reference value :  2.82456e-06
 Reference value :  2.82469e-06
 Reference value :  2.82493e-06
 Reference value :  2.82531e-06
 Reference value :  2.82547e-06
 Reference value :  2.82571e-06
 Reference value :  2.82593e-06
 Reference value :  2.82614e-06
 Reference value :  2.82652e-06
 Reference value :  2.82797e-06
 Reference value :  2.82882e-06
 Reference value :  2.83103e-06
 Reference value :  2.83549e-06
 Reference value :  2.83839e-06
 Reference value :  2.84000e-06
 Reference value :  2.84176e-06
 Reference value :  2.84547e-06
 Reference value :  2.85029e-06
 Reference value :  2.85579e-06
 Reference value :  2.86329e-06
 Reference value :  2.86622e-06
 Reference value :  2.86631e-06
 Reference value :  2.86657e-06
 Reference value :  2.86692e-06
 Reference value :  2.86699e-06
 Reference value :  2.86717e-06
 Reference value :  2.86732e-06
 Reference value :  2.86761e-06
 Reference value :  2.86773e-06
 Reference value :  2.86795e-06
 Reference value :  2.86833e-06
 Reference value :  2.86883e-06
 Reference value :  2.87017e-06
 Reference value :  2.87547e-06
 Reference value :  2.88247e-06
 Reference value :  2.88797e-06
 Reference value :  2.89297e-06
 Reference value :  2.89847e-06
 Reference value :  2.90447e-06
 Reference value :  2.90785e-06
 Reference value :  2.90793e-06
 Reference value :  2.90810e-06
 Reference value :  2.90864e-06
 Reference value :  2.90880e-06
 Reference value :  2.90899e-06
 Reference value :  2.90922e-06
 Reference value :  2.90951e-06
 Reference value :  2.90992e-06
 Reference value :  2.91109e-06
 Reference value :  2.91165e-06
 Reference value :  2.91287e-06
 Reference value :  2.91783e-06
 Reference value :  2.92133e-06
 Reference value :  2.92274e-06
 Reference value :  2.92448e-06
 Reference value :  2.92779e-06
 Reference value :  2.93279e-06
 Reference value :  2.93929e-06
 Reference value :  2.94479e-06
 Reference value :  2.94952e-06
 Reference value :  2.94961e-06
 Reference value :  2.94971e-06
 Reference value :  2.95001e-06
 Reference value :  2.95023e-06
 Reference value :  2.95032e-06
 Reference value :  2.95050e-06
 Reference value :  2.95062e-06
 Reference value :  2.95086e-06
 Reference value :  2.95100e-06
 Reference value :  2.95119e-06
 Reference value :  2.95152e-06
 Reference value :  2.95181e-06
 Reference value :  2.95233e-06
 Reference value :  2.95471e-06
 Reference value :  2.96121e-06
 Reference value :  2.96621e-06
 Reference value :  2.97221e-06
 Reference value :  2.97921e-06
 Reference value :  2.98621e-06
 Reference value :  2.99120e-06
 Reference value :  2.99131e-06
 Reference value :  2.99163e-06
 Reference value :  2.99204e-06
 Reference value :  2.99231e-06
 Reference value :  2.99259e-06
 Reference value :  2.99290e-06
 Reference value :  2.99340e-06
 Reference value :  2.99468e-06
 Reference value :  2.99549e-06
 Reference value :  2.99826e-06
 Reference value :  3.00300e-06
 Reference value :  3.00635e-06
 Reference value :  3.01113e-06
 Reference value :  3.01586e-06
 Reference value :  3.01764e-06
 Reference value :  3.02328e-06
 Reference value :  3.02803e-06
 Reference value :  3.03283e-06
 Reference value :  3.03293e-06
 Reference value :  3.03309e-06
 Reference value :  3.03353e-06
 Reference value :  3.03371e-06
 Reference value :  3.03388e-06
 Reference value :  3.03408e-06
 Reference value :  3.03426e-06
 Reference value :  3.03441e-06
 Reference value :  3.03466e-06
 Reference value :  3.03488e-06
 Reference value :  3.03514e-06
 Reference value :  3.03556e-06
 Reference value :  3.03685e-06
 Reference value :  3.04199e-06
 Reference value :  3.04749e-06
 Reference value :  3.05299e-06
 Reference value :  3.05799e-06
 Reference value :  3.06349e-06
 Reference value :  3.06949e-06
 Reference value :  3.07425e-06
 Reference value :  3.07455e-06
 Reference value :  3.07466e-06
 Reference value :  3.07486e-06
 Reference value :  3.07515e-06
 Reference value :  3.07545e-06
 Reference value :  3.07570e-06
 Reference value :  3.07595e-06
 Reference value :  3.07620e-06
 Reference value :  3.07670e-06
 Reference value :  3.07826e-06
 Reference value :  3.07867e-06
 Reference value :  3.07945e-06
 Reference value :  3.08355e-06
 Reference value :  3.08805e-06
 Reference value :  3.09125e-06
 Reference value :  3.09613e-06
 Reference value :  3.09859e-06
 Reference value :  3.10375e-06
 Reference value :  3.10875e-06
 Reference value :  3.11525e-06
 Reference value :  3.11623e-06
 Reference value :  3.11631e-06
 Reference value :  3.11653e-06
 Reference value :  3.11692e-06
 Reference value :  3.11705e-06
 Reference value :  3.11718e-06
 Reference value :  3.11732e-06
 Reference value :  3.11756e-06
 Reference value :  3.11769e-06
 Reference value :  3.11783e-06
 Reference value :  3.11801e-06
 Reference value :  3.11814e-06
 Reference value :  3.11824e-06
 Reference value :  3.11841e-06
 Reference value :  3.11858e-06
 Reference value :  3.11872e-06
 Reference value :  3.11890e-06
 Reference value :  3.11961e-06
 Reference value :  3.12273e-06
 Reference value :  3.12773e-06
 Reference value :  3.13273e-06
 Reference value :  3.13873e-06
 Reference value :  3.14373e-06
 Reference value :  3.14923e-06
 Reference value :  3.15473e-06
 Reference value :  3.15786e-06
 Reference value :  3.15793e-06
 Reference value :  3.15805e-06
 Reference value :  3.15833e-06
 Reference value :  3.15870e-06
 Reference value :  3.15891e-06
 Reference value :  3.15916e-06
 Reference value :  3.15941e-06
 Reference value :  3.15977e-06
 Reference value :  3.16012e-06
 Reference value :  3.16033e-06
 Reference value :  3.16066e-06
 Reference value :  3.16217e-06
 Reference value :  3.16297e-06
 Reference value :  3.16383e-06
 Reference value :  3.16442e-06
 Reference value :  3.16513e-06
 Reference value :  3.16818e-06
 Reference value :  3.17368e-06
 Reference value :  3.17918e-06
 Reference value :  3.18518e-06
 Reference value :  3.19018e-06
 Reference value :  3.19618e-06
 Reference value :  3.19957e-06
 Reference value :  3.19966e-06
 Reference value :  3.19987e-06
 Reference value :  3.20023e-06
 Reference value :  3.20042e-06
 Reference value :  3.20057e-06
 Reference value :  3.20067e-06
 Reference value :  3.20085e-06
 Reference value :  3.20103e-06
 Reference value :  3.20116e-06
 Reference value :  3.20136e-06
 Reference value :  3.20160e-06
 Reference value :  3.20187e-06
 Reference value :  3.20229e-06
 Reference value :  3.20330e-06
 Reference value :  3.20815e-06
 Reference value :  3.21365e-06
 Reference value :  3.22015e-06
 Reference value :  3.22515e-06
 Reference value :  3.23115e-06
 Reference value :  3.23615e-06
 Reference value :  3.24117e-06
 Reference value :  3.24124e-06
 Reference value :  3.24132e-06
 Reference value :  3.24152e-06
 Reference value :  3.24189e-06
 Reference value :  3.24209e-06
 Reference value :  3.24234e-06
 Reference value :  3.24257e-06
 Reference value :  3.24283e-06
 Reference value :  3.24316e-06
 Reference value :  3.24356e-06
 Reference value :  3.24380e-06
 Reference value :  3.24455e-06
 Reference value :  3.24605e-06
 Reference value :  3.24681e-06
 Reference value :  3.24717e-06
 Reference value :  3.24757e-06
 Reference value :  3.24848e-06
 Reference value :  3.25249e-06
 Reference value :  3.25899e-06
 Reference value :  3.26449e-06
 Reference value :  3.26949e-06
 Reference value :  3.27449e-06
 Reference value :  3.27999e-06
 Reference value :  3.28289e-06
 Reference value :  3.28298e-06
 Reference value :  3.28313e-06
 Reference value :  3.28358e-06
 Reference value :  3.28369e-06
 Reference value :  3.28386e-06
 Reference value :  3.28403e-06
 Reference value :  3.28425e-06
 Reference value :  3.28441e-06
 Reference value :  3.28460e-06
 Reference value :  3.28481e-06
 Reference value :  3.28506e-06
 Reference value :  3.28526e-06
 Reference value :  3.28551e-06
 Reference value :  3.28585e-06
 Reference value :  3.28727e-06
 Reference value :  3.29354e-06
 Reference value :  3.29854e-06
 Reference value :  3.30404e-06
 Reference value :  3.31054e-06
 Reference value :  3.31604e-06
 Reference value :  3.32154e-06
 Reference value :  3.32453e-06
 Reference value :  3.32465e-06
 Reference value :  3.32488e-06
 Reference value :  3.32537e-06
 Reference value :  3.32557e-06
 Reference value :  3.32578e-06
 Reference value :  3.32604e-06
 Reference value :  3.32637e-06
 Reference value :  3.32682e-06
 Reference value :  3.32714e-06
 Reference value :  3.32740e-06
 Reference value :  3.32804e-06
 Reference value :  3.32884e-06
 Reference value :  3.33012e-06
 Reference value :  3.33202e-06
 Reference value :  3.33747e-06
 Reference value :  3.34347e-06
 Reference value :  3.34897e-06
 Reference value :  3.35547e-06
 Reference value :  3.36097e-06
 Reference value :  3.36617e-06
 Reference value :  3.36624e-06
 Reference value :  3.36633e-06
 Reference value :  3.36657e-06
 Reference value :  3.36693e-06
 Reference value :  3.36700e-06
 Reference value :  3.36717e-06
 Reference value :  3.36730e-06
 Reference value :  3.36758e-06
 Reference value :  3.36773e-06
 Reference value :  3.36793e-06
 Reference value :  3.36813e-06
 Reference value :  3.36842e-06
 Reference value :  3.36890e-06
 Reference value :  3.37164e-06
 Reference value :  3.37764e-06
 Reference value :  3.38314e-06
 Reference value :  3.38864e-06
 Reference value :  3.39414e-06
 Reference value :  3.39914e-06
 Reference value :  3.40464e-06
 Reference value :  3.40785e-06
 Reference value :  3.40793e-06
 Reference value :  3.40807e-06
 Reference value :  3.40833e-06
 Reference value :  3.40868e-06
 Reference value :  3.40884e-06
 Reference value :  3.40904e-06
 Reference value :  3.40927e-06
 Reference value :  3.40953e-06
 Reference value :  3.40992e-06
 Reference value :  3.41028e-06
 Reference value :  3.41053e-06
 Reference value :  3.41076e-06
 Reference value :  3.41185e-06
 Reference value :  3.41244e-06
 Reference value :  3.41471e-06
 Reference value :  3.42021e-06
 Reference value :  3.42571e-06
 Reference value :  3.43121e-06
 Reference value :  3.43621e-06
 Reference value :  3.44121e-06
 Reference value :  3.44671e-06
 Reference value :  3.44953e-06
 Reference value :  3.44963e-06
 Reference value :  3.44976e-06
 Reference value :  3.45014e-06
 Reference value :  3.45030e-06
 Reference value :  3.45038e-06
 Reference value :  3.45071e-06
 Reference value :  3.45090e-06
 Reference value :  3.45106e-06
 Reference value :  3.45129e-06
 Reference value :  3.45152e-06
 Reference value :  3.45184e-06
 Reference value :  3.45268e-06
 Reference value :  3.45579e-06
 Reference value :  3.46479e-06
 Reference value :  3.47379e-06
 Reference value :  3.48079e-06
 Reference value :  3.48779e-06
 Reference value :  3.49120e-06
 Reference value :  3.49129e-06
 Reference value :  3.49140e-06
 Reference value :  3.49173e-06
 Reference value :  3.49215e-06
 Reference value :  3.49231e-06
 Reference value :  3.49253e-06
 Reference value :  3.49275e-06
 Reference value :  3.49300e-06
 Reference value :  3.49350e-06
 Reference value :  3.49380e-06
 Reference value :  3.49393e-06
 Reference value :  3.49443e-06
 Reference value :  3.49515e-06
 Reference value :  3.49617e-06
 Reference value :  3.49792e-06
 Reference value :  3.50214e-06
 Reference value :  3.50714e-06
 Reference value :  3.51214e-06
 Reference value :  3.51814e-06
 Reference value :  3.52414e-06
 Reference value :  3.52964e-06
 Reference value :  3.53284e-06
 Reference value :  3.53291e-06
 Reference value :  3.53300e-06
 Reference value :  3.53320e-06
 Reference value :  3.53359e-06
 Reference value :  3.53367e-06
 Reference value :  3.53383e-06
 Reference value :  3.53404e-06
 Reference value :  3.53421e-06
 Reference value :  3.53440e-06
 Reference value :  3.53463e-06
 Reference value :  3.53493e-06
 Reference value :  3.53525e-06
 Reference value :  3.53592e-06
 Reference value :  3.54093e-06
 Reference value :  3.54643e-06
 Reference value :  3.55243e-06
 Reference value :  3.55793e-06
 Reference value :  3.56343e-06
 Reference value :  3.57143e-06
 Reference value :  3.57453e-06
 Reference value :  3.57463e-06
 Reference value :  3.57486e-06
 Reference value :  3.57530e-06
 Reference value :  3.57548e-06
 Reference value :  3.57569e-06
 Reference value :  3.57600e-06
 Reference value :  3.57630e-06
 Reference value :  3.57680e-06
 Reference value :  3.57722e-06
 Reference value :  3.57808e-06
 Reference value :  3.57919e-06
 Reference value :  3.58103e-06
 Reference value :  3.58831e-06
 Reference value :  3.59531e-06
 Reference value :  3.60181e-06
 Reference value :  3.60781e-06
 Reference value :  3.61381e-06
 Reference value :  3.61623e-06
 Reference value :  3.61631e-06
 Reference value :  3.61650e-06
 Reference value :  3.61689e-06
 Reference value :  3.61700e-06
 Reference value :  3.61714e-06
 Reference value :  3.61730e-06
 Reference value :  3.61755e-06
 Reference value :  3.61769e-06
 Reference value :  3.61785e-06
 Reference value :  3.61810e-06
 Reference value :  3.61850e-06
 Reference value :  3.61984e-06
 Reference value :  3.62674e-06
 Reference value :  3.63224e-06
 Reference value :  3.63774e-06
 Reference value :  3.64324e-06
 Reference value :  3.64874e-06
 Reference value :  3.65524e-06
 Reference value :  3.65786e-06
 Reference value :  3.65793e-06
 Reference value :  3.65807e-06
 Reference value :  3.65837e-06
 Reference value :  3.65870e-06
 Reference value :  3.65890e-06
 Reference value :  3.65909e-06
 Reference value :  3.65932e-06
 Reference value :  3.65958e-06
 Reference value :  3.65996e-06
 Reference value :  3.66035e-06
 Reference value :  3.66054e-06
 Reference value :  3.66116e-06
 Reference value :  3.66210e-06
 Reference value :  3.66396e-06
 Reference value :  3.67093e-06
 Reference value :  3.67793e-06
 Reference value :  3.68493e-06
 Reference value :  3.69193e-06
 Reference value :  3.69893e-06
 Reference value :  3.69958e-06
 Reference value :  3.69976e-06
 Reference value :  3.70027e-06
 Reference value :  3.70046e-06
 Reference value :  3.70058e-06
 Reference value :  3.70079e-06
 Reference value :  3.70099e-06
 Reference value :  3.70108e-06
 Reference value :  3.70138e-06
 Reference value :  3.70157e-06
 Reference value :  3.70196e-06
 Reference value :  3.70327e-06
 Reference value :  3.70986e-06
 Reference value :  3.71686e-06
 Reference value :  3.72336e-06
 Reference value :  3.73086e-06
 Reference value :  3.73686e-06
 Reference value :  3.74117e-06
 Reference value :  3.74125e-06
 Reference value :  3.74138e-06
 Reference value :  3.74171e-06
 Reference value :  3.74203e-06
 Reference value :  3.74218e-06
 Reference value :  3.74240e-06
 Reference value :  3.74260e-06
 Reference value :  3.74285e-06
 Reference value :  3.74317e-06
 Reference value :  3.74364e-06
 Reference value :  3.74385e-06
 Reference value :  3.74442e-06
 Reference value :  3.74519e-06
 Reference value :  3.74563e-06
 Reference value :  3.74658e-06
 Reference value :  3.75107e-06
 Reference value :  3.75607e-06
 Reference value :  3.76157e-06
 Reference value :  3.76707e-06
 Reference value :  3.77257e-06
 Reference value :  3.77857e-06
 Reference value :  3.78284e-06
 Reference value :  3.78291e-06
 Reference value :  3.78298e-06
 Reference value :  3.78324e-06
 Reference value :  3.78365e-06
 Reference value :  3.78381e-06
 Reference value :  3.78397e-06
 Reference value :  3.78420e-06
 Reference value :  3.78436e-06
 Reference value :  3.78452e-06
 Reference value :  3.78477e-06
 Reference value :  3.78505e-06
 Reference value :  3.78564e-06
 Reference value :  3.79049e-06
 Reference value :  3.79899e-06
 Reference value :  3.80449e-06
 Reference value :  3.80949e-06
 Reference value :  3.81499e-06
 Reference value :  3.82049e-06
 Reference value :  3.82450e-06
 Reference value :  3.82458e-06
 Reference value :  3.82469e-06
 Reference value :  3.82494e-06
 Reference value :  3.82532e-06
 Reference value :  3.82550e-06
 Reference value :  3.82573e-06
 Reference value :  3.82600e-06
 Reference value :  3.82625e-06
 Reference value :  3.82667e-06
 Reference value :  3.82701e-06
 Reference value :  3.82722e-06
 Reference value :  3.82792e-06
 Reference value :  3.82874e-06
 Reference value :  3.82947e-06
 Reference value :  3.83037e-06
 Reference value :  3.83336e-06
 Reference value :  3.83868e-06
 Reference value :  3.84518e-06
 Reference value :  3.85068e-06
 Reference value :  3.85618e-06
 Reference value :  3.86168e-06
 Reference value :  3.86617e-06
 Reference value :  3.86627e-06
 Reference value :  3.86639e-06
 Reference value :  3.86686e-06
 Reference value :  3.86704e-06
 Reference value :  3.86720e-06
 Reference value :  3.86738e-06
 Reference value :  3.86759e-06
 Reference value :  3.86773e-06
 Reference value :  3.86791e-06
 Reference value :  3.86812e-06
 Reference value :  3.86842e-06
 Reference value :  3.86891e-06
 Reference value :  3.87105e-06
 Reference value :  3.87655e-06
 Reference value :  3.88155e-06
 Reference value :  3.88705e-06
 Reference value :  3.89255e-06
 Reference value :  3.89805e-06
 Reference value :  3.90355e-06
 Reference value :  3.90784e-06
 Reference value :  3.90793e-06
 Reference value :  3.90809e-06
 Reference value :  3.90836e-06
 Reference value :  3.90871e-06
 Reference value :  3.90886e-06
 Reference value :  3.90907e-06
 Reference value :  3.90929e-06
 Reference value :  3.90954e-06
 Reference value :  3.90990e-06
 Reference value :  3.91023e-06
 Reference value :  3.91045e-06
 Reference value :  3.91099e-06
 Reference value :  3.91209e-06
 Reference value :  3.91269e-06
 Reference value :  3.91333e-06
 Reference value :  3.91488e-06
 Reference value :  3.91899e-06
 Reference value :  3.92499e-06
 Reference value :  3.93099e-06
 Reference value :  3.93649e-06
 Reference value :  3.94199e-06
 Reference value :  3.94699e-06
 Reference value :  3.94952e-06
 Reference value :  3.94960e-06
 Reference value :  3.94976e-06
 Reference value :  3.95001e-06
 Reference value :  3.95028e-06
 Reference value :  3.95033e-06
 Reference value :  3.95050e-06
 Reference value :  3.95065e-06
 Reference value :  3.95088e-06
 Reference value :  3.95108e-06
 Reference value :  3.95131e-06
 Reference value :  3.95155e-06
 Reference value :  3.95185e-06
 Reference value :  3.95240e-06
 Reference value :  3.95472e-06
 Reference value :  3.96022e-06
 Reference value :  3.96572e-06
 Reference value :  3.97122e-06
 Reference value :  3.97672e-06
 Reference value :  3.98172e-06
 Reference value :  3.98722e-06
 Reference value :  3.99119e-06
 Reference value :  3.99128e-06
 Reference value :  3.99141e-06
 Reference value :  3.99189e-06
 Reference value :  3.99217e-06
 Reference value :  3.99233e-06
 Reference value :  3.99260e-06
 Reference value :  3.99286e-06
 Reference value :  3.99318e-06
 Reference value :  3.99356e-06
 Reference value :  3.99378e-06
 Reference value :  3.99426e-06
 Reference value :  3.99508e-06
 Reference value :  3.99588e-06
 Reference value :  3.99665e-06
 Reference value :  3.99890e-06
 Reference value :  4.00382e-06
 Reference value :  4.00982e-06
 Reference value :  4.01532e-06
 Reference value :  4.02032e-06
 Reference value :  4.02582e-06
 Reference value :  4.03132e-06
 Reference value :  4.03286e-06
 Reference value :  4.03296e-06
 Reference value :  4.03315e-06
 Reference value :  4.03356e-06
 Reference value :  4.03368e-06
 Reference value :  4.03379e-06
 Reference value :  4.03391e-06
 Reference value :  4.03414e-06
 Reference value :  4.03442e-06
 Reference value :  4.03467e-06
 Reference value :  4.03487e-06
 Reference value :  4.03519e-06
 Reference value :  4.03577e-06
 Reference value :  4.03791e-06
 Reference value :  4.04341e-06
 Reference value :  4.04891e-06
 Reference value :  4.05441e-06
 Reference value :  4.05991e-06
 Reference value :  4.06541e-06
 Reference value :  4.07091e-06
 Reference value :  4.07451e-06
 Reference value :  4.07459e-06
 Reference value :  4.07474e-06
 Reference value :  4.07505e-06
 Reference value :  4.07546e-06
 Reference value :  4.07570e-06
 Reference value :  4.07598e-06
 Reference value :  4.07622e-06
 Reference value :  4.07663e-06
 Reference value :  4.07695e-06
 Reference value :  4.07710e-06
 Reference value :  4.07746e-06
 Reference value :  4.07850e-06
 Reference value :  4.07945e-06
 Reference value :  4.08005e-06
 Reference value :  4.08093e-06
 Reference value :  4.08213e-06
 Reference value :  4.08565e-06
 Reference value :  4.09115e-06
 Reference value :  4.09665e-06
 Reference value :  4.10215e-06
 Reference value :  4.10715e-06
 Reference value :  4.11265e-06
 Reference value :  4.11618e-06
 Reference value :  4.11625e-06
 Reference value :  4.11634e-06
 Reference value :  4.11658e-06
 Reference value :  4.11694e-06
 Reference value :  4.11714e-06
 Reference value :  4.11737e-06
 Reference value :  4.11758e-06
 Reference value :  4.11768e-06
 Reference value :  4.11779e-06
 Reference value :  4.11795e-06
 Reference value :  4.11814e-06
 Reference value :  4.11830e-06
 Reference value :  4.11853e-06
 Reference value :  4.11873e-06
 Reference value :  4.11897e-06
 Reference value :  4.11930e-06
 Reference value :  4.12131e-06
 Reference value :  4.12681e-06
 Reference value :  4.13231e-06
 Reference value :  4.13881e-06
 Reference value :  4.14431e-06
 Reference value :  4.15081e-06
 Reference value :  4.15631e-06
 Reference value :  4.15787e-06
 Reference value :  4.15797e-06
 Reference value :  4.15812e-06
 Reference value :  4.15858e-06
 Reference value :  4.15880e-06
 Reference value :  4.15899e-06
 Reference value :  4.15914e-06
 Reference value :  4.15937e-06
 Reference value :  4.15972e-06
 Reference value :  4.16000e-06
 Reference value :  4.16014e-06
 Reference value :  4.16039e-06
 Reference value :  4.16089e-06
 Reference value :  4.16175e-06
 Reference value :  4.16278e-06
 Reference value :  4.16991e-06
 Reference value :  4.18091e-06
 Reference value :  4.18991e-06
 Reference value :  4.19791e-06
 Reference value :  4.19957e-06
 Reference value :  4.19974e-06
 Reference value :  4.20026e-06
 Reference value :  4.20045e-06
 Reference value :  4.20062e-06
 Reference value :  4.20094e-06
 Reference value :  4.20116e-06
 Reference value :  4.20159e-06
 Reference value :  4.20222e-06
 Reference value :  4.20604e-06
 Reference value :  4.21704e-06
 Reference value :  4.22604e-06
 Reference value :  4.23504e-06
 Reference value :  4.24118e-06
 Reference value :  4.24130e-06
 Reference value :  4.24168e-06
 Reference value :  4.24219e-06
 Reference value :  4.24257e-06
 Reference value :  4.24291e-06
 Reference value :  4.24332e-06
 Reference value :  4.24349e-06
 Reference value :  4.24383e-06
 Reference value :  4.24480e-06
 Reference value :  4.24525e-06
 Reference value :  4.24639e-06
 Reference value :  4.25252e-06
 Reference value :  4.26152e-06
 Reference value :  4.26952e-06
 Reference value :  4.27852e-06
 Reference value :  4.28289e-06
 Reference value :  4.28308e-06
 Reference value :  4.28357e-06
 Reference value :  4.28373e-06
 Reference value :  4.28398e-06
 Reference value :  4.28423e-06
 Reference value :  4.28434e-06
 Reference value :  4.28460e-06
 Reference value :  4.28502e-06
 Reference value :  4.28544e-06
 Reference value :  4.29000e-06
 Reference value :  4.29850e-06
 Reference value :  4.30700e-06
 Reference value :  4.31500e-06
 Reference value :  4.32250e-06
 Reference value :  4.32455e-06
 Reference value :  4.32473e-06
 Reference value :  4.32513e-06
 Reference value :  4.32546e-06
 Reference value :  4.32578e-06
 Reference value :  4.32607e-06
 Reference value :  4.32679e-06
 Reference value :  4.32863e-06
 Reference value :  4.33023e-06
 Reference value :  4.33765e-06
 Reference value :  4.33952e-06
 Reference value :  4.34003e-06
 Reference value :  4.34040e-06
 Reference value :  4.34122e-06
 Reference value :  4.34849e-06
 Reference value :  4.35599e-06
 Reference value :  4.36449e-06
 Reference value :  4.36623e-06
 Reference value :  4.36652e-06
 Reference value :  4.36701e-06
 Reference value :  4.36726e-06
 Reference value :  4.36758e-06
 Reference value :  4.36776e-06
 Reference value :  4.36804e-06
 Reference value :  4.36828e-06
 Reference value :  4.36866e-06
 Reference value :  4.36927e-06
 Reference value :  4.37264e-06
 Reference value :  4.38114e-06
 Reference value :  4.38964e-06
 Reference value :  4.39814e-06
 Reference value :  4.40714e-06
 Reference value :  4.40793e-06
 Reference value :  4.40819e-06
 Reference value :  4.40869e-06
 Reference value :  4.40905e-06
 Reference value :  4.40942e-06
 Reference value :  4.40998e-06
 Reference value :  4.41180e-06
 Reference value :  4.41579e-06
 Reference value :  4.42117e-06
 Reference value :  4.42390e-06
 Reference value :  4.42583e-06
 Reference value :  4.43515e-06
 Reference value :  4.44315e-06
 Reference value :  4.44953e-06
 Reference value :  4.44970e-06
 Reference value :  4.45026e-06
 Reference value :  4.45050e-06
 Reference value :  4.45069e-06
 Reference value :  4.45099e-06
 Reference value :  4.45123e-06
 Reference value :  4.45160e-06
 Reference value :  4.45223e-06
 Reference value :  4.45472e-06
 Reference value :  4.46022e-06
 Reference value :  4.46522e-06
 Reference value :  4.47022e-06
 Reference value :  4.47522e-06
 Reference value :  4.48222e-06
 Reference value :  4.48722e-06
 Reference value :  4.49117e-06
 Reference value :  4.49127e-06
 Reference value :  4.49141e-06
 Reference value :  4.49192e-06
 Reference value :  4.49217e-06
 Reference value :  4.49239e-06
 Reference value :  4.49259e-06
 Reference value :  4.49289e-06
 Reference value :  4.49329e-06
 Reference value :  4.49447e-06
 Reference value :  4.49500e-06
 Reference value :  4.49568e-06
 Reference value :  4.49785e-06
 Reference value :  4.50371e-06
 Reference value :  4.50514e-06
 Reference value :  4.50661e-06
 Reference value :  4.50687e-06
 Reference value :  4.50711e-06
 Reference value :  4.50746e-06
 Reference value :  4.50825e-06
 Reference value :  4.51508e-06
 Reference value :  4.52058e-06
 Reference value :  4.52608e-06
 Reference value :  4.53158e-06
 Reference value :  4.53287e-06
 Reference value :  4.53296e-06
 Reference value :  4.53314e-06
 Reference value :  4.53352e-06
 Reference value :  4.53367e-06
 Reference value :  4.53384e-06
 Reference value :  4.53397e-06
 Reference value :  4.53421e-06
 Reference value :  4.53439e-06
 Reference value :  4.53456e-06
 Reference value :  4.53479e-06
 Reference value :  4.53498e-06
 Reference value :  4.53524e-06
 Reference value :  4.53568e-06
 Reference value :  4.53680e-06
 Reference value :  4.54173e-06
 Reference value :  4.54723e-06
 Reference value :  4.55273e-06
 Reference value :  4.55923e-06
 Reference value :  4.56473e-06
 Reference value :  4.57023e-06
 Reference value :  4.57451e-06
 Reference value :  4.57459e-06
 Reference value :  4.57479e-06
 Reference value :  4.57514e-06
 Reference value :  4.57548e-06
 Reference value :  4.57573e-06
 Reference value :  4.57605e-06
 Reference value :  4.57653e-06
 Reference value :  4.57728e-06
 Reference value :  4.57859e-06
 Reference value :  4.58054e-06
 Reference value :  4.58514e-06
 Reference value :  4.58801e-06
 Reference value :  4.58899e-06
 Reference value :  4.58948e-06
 Reference value :  4.58972e-06
 Reference value :  4.58996e-06
 Reference value :  4.59048e-06
 Reference value :  4.59244e-06
 Reference value :  4.59894e-06
 Reference value :  4.60444e-06
 Reference value :  4.60944e-06
 Reference value :  4.61494e-06
 Reference value :  4.61620e-06
 Reference value :  4.61630e-06
 Reference value :  4.61646e-06
 Reference value :  4.61676e-06
 Reference value :  4.61699e-06
 Reference value :  4.61706e-06
 Reference value :  4.61722e-06
 Reference value :  4.61739e-06
 Reference value :  4.61764e-06
 Reference value :  4.61787e-06
 Reference value :  4.61810e-06
 Reference value :  4.61828e-06
 Reference value :  4.61851e-06
 Reference value :  4.61889e-06
 Reference value :  4.61946e-06
 Reference value :  4.62268e-06
 Reference value :  4.62818e-06
 Reference value :  4.63368e-06
 Reference value :  4.64118e-06
 Reference value :  4.64868e-06
 Reference value :  4.65618e-06
 Reference value :  4.65788e-06
 Reference value :  4.65797e-06
 Reference value :  4.65827e-06
 Reference value :  4.65873e-06
 Reference value :  4.65890e-06
 Reference value :  4.65907e-06
 Reference value :  4.65933e-06
 Reference value :  4.65960e-06
 Reference value :  4.66009e-06
 Reference value :  4.66152e-06
 Reference value :  4.66289e-06
 Reference value :  4.66674e-06
 Reference value :  4.67123e-06
 Reference value :  4.67333e-06
 Reference value :  4.67370e-06
 Reference value :  4.67398e-06
 Reference value :  4.67450e-06
 Reference value :  4.67782e-06
 Reference value :  4.68332e-06
 Reference value :  4.69032e-06
 Reference value :  4.69582e-06
 Reference value :  4.69950e-06
 Reference value :  4.69959e-06
 Reference value :  4.69969e-06
 Reference value :  4.69996e-06
 Reference value :  4.70031e-06
 Reference value :  4.70036e-06
 Reference value :  4.70055e-06
 Reference value :  4.70061e-06
 Reference value :  4.70089e-06
 Reference value :  4.70102e-06
 Reference value :  4.70122e-06
 Reference value :  4.70136e-06
 Reference value :  4.70154e-06
 Reference value :  4.70177e-06
 Reference value :  4.70210e-06
 Reference value :  4.70280e-06
 Reference value :  4.70620e-06
 Reference value :  4.71170e-06
 Reference value :  4.71770e-06
 Reference value :  4.72320e-06
 Reference value :  4.72870e-06
 Reference value :  4.73420e-06
 Reference value :  4.73920e-06
 Reference value :  4.74123e-06
 Reference value :  4.74132e-06
 Reference value :  4.74152e-06
 Reference value :  4.74208e-06
 Reference value :  4.74221e-06
 Reference value :  4.74240e-06
 Reference value :  4.74264e-06
 Reference value :  4.74290e-06
 Reference value :  4.74327e-06
 Reference value :  4.74414e-06
 Reference value :  4.74583e-06
 Reference value :  4.75217e-06
 Reference value :  4.75460e-06
 Reference value :  4.75604e-06
 Reference value :  4.75632e-06
 Reference value :  4.75666e-06
 Reference value :  4.75770e-06
 Reference value :  4.76315e-06
 Reference value :  4.77065e-06
 Reference value :  4.77665e-06
 Reference value :  4.78165e-06
 Reference value :  4.78287e-06
 Reference value :  4.78294e-06
 Reference value :  4.78307e-06
 Reference value :  4.78359e-06
 Reference value :  4.78378e-06
 Reference value :  4.78391e-06
 Reference value :  4.78412e-06
 Reference value :  4.78434e-06
 Reference value :  4.78470e-06
 Reference value :  4.78494e-06
 Reference value :  4.78513e-06
 Reference value :  4.78545e-06
 Reference value :  4.78589e-06
 Reference value :  4.78863e-06
 Reference value :  4.79663e-06
 Reference value :  4.80363e-06
 Reference value :  4.80913e-06
 Reference value :  4.81513e-06
 Reference value :  4.82063e-06
 Reference value :  4.82452e-06
 Reference value :  4.82460e-06
 Reference value :  4.82471e-06
 Reference value :  4.82495e-06
 Reference value :  4.82550e-06
 Reference value :  4.82574e-06
 Reference value :  4.82608e-06
 Reference value :  4.82660e-06
 Reference value :  4.82764e-06
 Reference value :  4.82846e-06
 Reference value :  4.82917e-06
 Reference value :  4.83176e-06
 Reference value :  4.83726e-06
 Reference value :  4.83869e-06
 Reference value :  4.84060e-06
 Reference value :  4.84086e-06
 Reference value :  4.84114e-06
 Reference value :  4.84165e-06
 Reference value :  4.84698e-06
 Reference value :  4.85398e-06
 Reference value :  4.85948e-06
 Reference value :  4.86498e-06
 Reference value :  4.86621e-06
 Reference value :  4.86630e-06
 Reference value :  4.86649e-06
 Reference value :  4.86689e-06
 Reference value :  4.86700e-06
 Reference value :  4.86723e-06
 Reference value :  4.86746e-06
 Reference value :  4.86768e-06
 Reference value :  4.86788e-06
 Reference value :  4.86813e-06
 Reference value :  4.86834e-06
 Reference value :  4.86863e-06
 Reference value :  4.86946e-06
 Reference value :  4.87323e-06
 Reference value :  4.87973e-06
 Reference value :  4.88723e-06
 Reference value :  4.89423e-06
 Reference value :  4.90023e-06
 Reference value :  4.90784e-06
 Reference value :  4.90804e-06
 Reference value :  4.90864e-06
 Reference value :  4.90880e-06
 Reference value :  4.90900e-06
 Reference value :  4.90924e-06
 Reference value :  4.90945e-06
 Reference value :  4.90993e-06
 Reference value :  4.91158e-06
 Reference value :  4.91313e-06
 Reference value :  4.91604e-06
 Reference value :  4.92121e-06
 Reference value :  4.92247e-06
 Reference value :  4.92372e-06
 Reference value :  4.92396e-06
 Reference value :  4.92428e-06
 Reference value :  4.92481e-06
 Reference value :  4.92747e-06
 Reference value :  4.93247e-06
 Reference value :  4.93797e-06
 Reference value :  4.94347e-06
 Reference value :  4.94897e-06
 Reference value :  4.94955e-06
 Reference value :  4.94964e-06
 Reference value :  4.94985e-06
 Reference value :  4.95012e-06
 Reference value :  4.95028e-06
 Reference value :  4.95042e-06
 Reference value :  4.95060e-06
 Reference value :  4.95079e-06
 Reference value :  4.95098e-06
 Reference value :  4.95110e-06
 Reference value :  4.95126e-06
 Reference value :  4.95148e-06
 Reference value :  4.95163e-06
 Reference value :  4.95183e-06
 Reference value :  4.95207e-06
 Reference value :  4.95265e-06
 Reference value :  4.95496e-06
 Reference value :  4.96046e-06
 Reference value :  4.96546e-06
 Reference value :  4.97196e-06
 Reference value :  4.97746e-06
 Reference value :  4.98296e-06
 Reference value :  4.98896e-06
 Reference value :  4.99120e-06
 Reference value :  4.99130e-06
 Reference value :  4.99145e-06
 Reference value :  4.99182e-06
 Reference value :  4.99209e-06
 Reference value :  4.99221e-06
 Reference value :  4.99248e-06
 Reference value :  4.99272e-06
 Reference value :  4.99324e-06
 Reference value :  4.99476e-06
 Reference value :  4.99554e-06
 Reference value :  4.99734e-06
 Reference value :  5.00125e-06
 Reference value :  5.00469e-06
 Reference value :  5.00714e-06
 Reference value :  5.00797e-06
 Reference value :  5.00930e-06
 Reference value :  5.01420e-06
 Reference value :  5.01970e-06
 Reference value :  5.02570e-06
 Reference value :  5.03170e-06
 Reference value :  5.03288e-06
 Reference value :  5.03296e-06
 Reference value :  5.03313e-06
 Reference value :  5.03355e-06
 Reference value :  5.03371e-06
 Reference value :  5.03388e-06
 Reference value :  5.03407e-06
 Reference value :  5.03431e-06
 Reference value :  5.03447e-06
 Reference value :  5.03476e-06
 Reference value :  5.03495e-06
 Reference value :  5.03525e-06
 Reference value :  5.03576e-06
 Reference value :  5.03844e-06
 Reference value :  5.04394e-06
 Reference value :  5.04994e-06
 Reference value :  5.05594e-06
 Reference value :  5.06194e-06
 Reference value :  5.06744e-06
 Reference value :  5.07294e-06
 Reference value :  5.07453e-06
 Reference value :  5.07462e-06
 Reference value :  5.07476e-06
 Reference value :  5.07502e-06
 Reference value :  5.07535e-06
 Reference value :  5.07550e-06
 Reference value :  5.07570e-06
 Reference value :  5.07595e-06
 Reference value :  5.07621e-06
 Reference value :  5.07664e-06
 Reference value :  5.07786e-06
 Reference value :  5.07832e-06
 Reference value :  5.07906e-06
 Reference value :  5.08501e-06
 Reference value :  5.08795e-06
 Reference value :  5.08991e-06
 Reference value :  5.09076e-06
 Reference value :  5.09161e-06
 Reference value :  5.09617e-06
 Reference value :  5.10167e-06
 Reference value :  5.10767e-06
 Reference value :  5.11317e-06
 Reference value :  5.11620e-06
 Reference value :  5.11629e-06
 Reference value :  5.11644e-06
 Reference value :  5.11689e-06
 Reference value :  5.11703e-06
 Reference value :  5.11718e-06
 Reference value :  5.11727e-06
 Reference value :  5.11744e-06
 Reference value :  5.11757e-06
 Reference value :  5.11771e-06
 Reference value :  5.11786e-06
 Reference value :  5.11800e-06
 Reference value :  5.11814e-06
 Reference value :  5.11823e-06
 Reference value :  5.11838e-06
 Reference value :  5.11851e-06
 Reference value :  5.11865e-06
 Reference value :  5.11885e-06
 Reference value :  5.11916e-06
 Reference value :  5.11983e-06
 Reference value :  5.12376e-06
 Reference value :  5.12876e-06
 Reference value :  5.13426e-06
 Reference value :  5.13976e-06
 Reference value :  5.14526e-06
 Reference value :  5.15126e-06
 Reference value :  5.15676e-06
 Reference value :  5.15788e-06
 Reference value :  5.15797e-06
 Reference value :  5.15809e-06
 Reference value :  5.15856e-06
 Reference value :  5.15874e-06
 Reference value :  5.15890e-06
 Reference value :  5.15915e-06
 Reference value :  5.15945e-06
 Reference value :  5.15987e-06
 Reference value :  5.16037e-06
 Reference value :  5.16071e-06
 Reference value :  5.16087e-06
 Reference value :  5.16102e-06
 Reference value :  5.16127e-06
 Reference value :  5.16201e-06
 Reference value :  5.16584e-06
 Reference value :  5.17134e-06
 Reference value :  5.17684e-06
 Reference value :  5.18234e-06
 Reference value :  5.18784e-06
 Reference value :  5.19384e-06
 Reference value :  5.19950e-06
 Reference value :  5.19956e-06
 Reference value :  5.19966e-06
 Reference value :  5.19984e-06
 Reference value :  5.20027e-06
 Reference value :  5.20041e-06
 Reference value :  5.20055e-06
 Reference value :  5.20062e-06
 Reference value :  5.20073e-06
 Reference value :  5.20098e-06
 Reference value :  5.20111e-06
 Reference value :  5.20135e-06
 Reference value :  5.20164e-06
 Reference value :  5.20190e-06
 Reference value :  5.20233e-06
 Reference value :  5.20366e-06
 Reference value :  5.20961e-06
 Reference value :  5.21611e-06
 Reference value :  5.22261e-06
 Reference value :  5.22961e-06
 Reference value :  5.23611e-06
 Reference value :  5.24117e-06
 Reference value :  5.24124e-06
 Reference value :  5.24138e-06
 Reference value :  5.24165e-06
 Reference value :  5.24203e-06
 Reference value :  5.24219e-06
 Reference value :  5.24249e-06
 Reference value :  5.24273e-06
 Reference value :  5.24313e-06
 Reference value :  5.24346e-06
 Reference value :  5.24373e-06
 Reference value :  5.24399e-06
 Reference value :  5.24426e-06
 Reference value :  5.24468e-06
 Reference value :  5.24637e-06
 Reference value :  5.25156e-06
 Reference value :  5.25706e-06
 Reference value :  5.26256e-06
 Reference value :  5.26806e-06
 Reference value :  5.27356e-06
 Reference value :  5.27906e-06
 Reference value :  5.28285e-06
 Reference value :  5.28294e-06
 Reference value :  5.28307e-06
 Reference value :  5.28350e-06
 Reference value :  5.28366e-06
 Reference value :  5.28384e-06
 Reference value :  5.28396e-06
 Reference value :  5.28415e-06
 Reference value :  5.28434e-06
 Reference value :  5.28445e-06
 Reference value :  5.28465e-06
 Reference value :  5.28485e-06
 Reference value :  5.28514e-06
 Reference value :  5.28544e-06
 Reference value :  5.28620e-06
 Reference value :  5.29050e-06
 Reference value :  5.29600e-06
 Reference value :  5.30150e-06
 Reference value :  5.30700e-06
 Reference value :  5.31200e-06
 Reference value :  5.31750e-06
 Reference value :  5.32300e-06
 Reference value :  5.32453e-06
 Reference value :  5.32461e-06
 Reference value :  5.32478e-06
 Reference value :  5.32513e-06
 Reference value :  5.32535e-06
 Reference value :  5.32555e-06
 Reference value :  5.32574e-06
 Reference value :  5.32595e-06
 Reference value :  5.32624e-06
 Reference value :  5.32683e-06
 Reference value :  5.32787e-06
 Reference value :  5.32819e-06
 Reference value :  5.32851e-06
 Reference value :  5.32965e-06
 Reference value :  5.33363e-06
 Reference value :  5.33476e-06
 Reference value :  5.33561e-06
 Reference value :  5.34042e-06
 Reference value :  5.34592e-06
 Reference value :  5.35092e-06
 Reference value :  5.35642e-06
 Reference value :  5.36192e-06
 Reference value :  5.36617e-06
 Reference value :  5.36625e-06
 Reference value :  5.36635e-06
 Reference value :  5.36661e-06
 Reference value :  5.36699e-06
 Reference value :  5.36711e-06
 Reference value :  5.36724e-06
 Reference value :  5.36745e-06
 Reference value :  5.36766e-06
 Reference value :  5.36780e-06
 Reference value :  5.36804e-06
 Reference value :  5.36831e-06
 Reference value :  5.36857e-06
 Reference value :  5.36907e-06
 Reference value :  5.37206e-06
 Reference value :  5.37756e-06
 Reference value :  5.38306e-06
 Reference value :  5.38906e-06
 Reference value :  5.39506e-06
 Reference value :  5.40056e-06
 Reference value :  5.40606e-06
 Reference value :  5.40787e-06
 Reference value :  5.40798e-06
 Reference value :  5.40828e-06
 Reference value :  5.40869e-06
 Reference value :  5.40894e-06
 Reference value :  5.40921e-06
 Reference value :  5.40946e-06
 Reference value :  5.40991e-06
 Reference value :  5.41089e-06
 Reference value :  5.41268e-06
 Reference value :  5.41754e-06
 Reference value :  5.42354e-06
 Reference value :  5.42904e-06
 Reference value :  5.43454e-06
 Reference value :  5.44004e-06
 Reference value :  5.44604e-06
 Reference value :  5.44953e-06
 Reference value :  5.44962e-06
 Reference value :  5.44980e-06
 Reference value :  5.45012e-06
 Reference value :  5.45030e-06
 Reference value :  5.45040e-06
 Reference value :  5.45057e-06
 Reference value :  5.45078e-06
 Reference value :  5.45102e-06
 Reference value :  5.45127e-06
 Reference value :  5.45158e-06
 Reference value :  5.45205e-06
 Reference value :  5.45426e-06
 Reference value :  5.46076e-06
 Reference value :  5.46626e-06
 Reference value :  5.47126e-06
 Reference value :  5.47676e-06
 Reference value :  5.48226e-06
 Reference value :  5.48726e-06
 Reference value :  5.49120e-06
 Reference value :  5.49129e-06
 Reference value :  5.49143e-06
 Reference value :  5.49181e-06
 Reference value :  5.49213e-06
 Reference value :  5.49236e-06
 Reference value :  5.49257e-06
 Reference value :  5.49283e-06
 Reference value :  5.49317e-06
 Reference value :  5.49444e-06
 Reference value :  5.49593e-06
 Reference value :  5.50056e-06
 Reference value :  5.50556e-06
 Reference value :  5.51056e-06
 Reference value :  5.51606e-06
 Reference value :  5.52156e-06
 Reference value :  5.52806e-06
 Reference value :  5.53283e-06
 Reference value :  5.53290e-06
 Reference value :  5.53300e-06
 Reference value :  5.53323e-06
 Reference value :  5.53357e-06
 Reference value :  5.53367e-06
 Reference value :  5.53384e-06
 Reference value :  5.53403e-06
 Reference value :  5.53428e-06
 Reference value :  5.53450e-06
 Reference value :  5.53481e-06
 Reference value :  5.53523e-06
 Reference value :  5.53602e-06
 Reference value :  5.54103e-06
 Reference value :  5.54653e-06
 Reference value :  5.55203e-06
 Reference value :  5.55703e-06
 Reference value :  5.56203e-06
 Reference value :  5.56753e-06
 Reference value :  5.57253e-06
 Reference value :  5.57456e-06
 Reference value :  5.57469e-06
 Reference value :  5.57504e-06
 Reference value :  5.57536e-06
 Reference value :  5.57557e-06
 Reference value :  5.57576e-06
 Reference value :  5.57597e-06
 Reference value :  5.57622e-06
 Reference value :  5.57676e-06
 Reference value :  5.57833e-06
 Reference value :  5.58217e-06
 Reference value :  5.58717e-06
 Reference value :  5.59317e-06
 Reference value :  5.59867e-06
 Reference value :  5.60467e-06
 Reference value :  5.61017e-06
 Reference value :  5.61567e-06
 Reference value :  5.61623e-06
 Reference value :  5.61633e-06
 Reference value :  5.61652e-06
 Reference value :  5.61680e-06
 Reference value :  5.61699e-06
 Reference value :  5.61717e-06
 Reference value :  5.61737e-06
 Reference value :  5.61759e-06
 Reference value :  5.61785e-06
 Reference value :  5.61818e-06
 Reference value :  5.61867e-06
 Reference value :  5.62041e-06
 Reference value :  5.62583e-06
 Reference value :  5.63233e-06
 Reference value :  5.63833e-06
 Reference value :  5.64433e-06
 Reference value :  5.64983e-06
 Reference value :  5.65633e-06
 Reference value :  5.65790e-06
 Reference value :  5.65813e-06
 Reference value :  5.65842e-06
 Reference value :  5.65878e-06
 Reference value :  5.65903e-06
 Reference value :  5.65924e-06
 Reference value :  5.65950e-06
 Reference value :  5.65992e-06
 Reference value :  5.66117e-06
 Reference value :  5.66285e-06
 Reference value :  5.66823e-06
 Reference value :  5.67423e-06
 Reference value :  5.67973e-06
 Reference value :  5.68573e-06
 Reference value :  5.69173e-06
 Reference value :  5.69773e-06
 Reference value :  5.69954e-06
 Reference value :  5.69964e-06
 Reference value :  5.69986e-06
 Reference value :  5.70020e-06
 Reference value :  5.70034e-06
 Reference value :  5.70051e-06
 Reference value :  5.70070e-06
 Reference value :  5.70096e-06
 Reference value :  5.70121e-06
 Reference value :  5.70155e-06
 Reference value :  5.70208e-06
 Reference value :  5.70362e-06
 Reference value :  5.70901e-06
 Reference value :  5.71551e-06
 Reference value :  5.72101e-06
 Reference value :  5.72651e-06
 Reference value :  5.73251e-06
 Reference value :  5.73901e-06
 Reference value :  5.74120e-06
 Reference value :  5.74131e-06
 Reference value :  5.74148e-06
 Reference value :  5.74199e-06
 Reference value :  5.74218e-06
 Reference value :  5.74237e-06
 Reference value :  5.74266e-06
 Reference value :  5.74295e-06
 Reference value :  5.74344e-06
 Reference value :  5.74522e-06
 Reference value :  5.75063e-06
 Reference value :  5.75763e-06
 Reference value :  5.76313e-06
 Reference value :  5.76863e-06
 Reference value :  5.77513e-06
 Reference value :  5.78113e-06
 Reference value :  5.78287e-06
 Reference value :  5.78297e-06
 Reference value :  5.78320e-06
 Reference value :  5.78351e-06
 Reference value :  5.78365e-06
 Reference value :  5.78379e-06
 Reference value :  5.78407e-06
 Reference value :  5.78436e-06
 Reference value :  5.78478e-06
 Reference value :  5.78513e-06
 Reference value :  5.78583e-06
 Reference value :  5.78990e-06
 Reference value :  5.79540e-06
 Reference value :  5.80040e-06
 Reference value :  5.80590e-06
 Reference value :  5.81140e-06
 Reference value :  5.81690e-06
 Reference value :  5.82240e-06
 Reference value :  5.82455e-06
 Reference value :  5.82469e-06
 Reference value :  5.82501e-06
 Reference value :  5.82539e-06
 Reference value :  5.82568e-06
 Reference value :  5.82598e-06
 Reference value :  5.82637e-06
 Reference value :  5.82747e-06
 Reference value :  5.82959e-06
 Reference value :  5.83545e-06
 Reference value :  5.84295e-06
 Reference value :  5.84995e-06
 Reference value :  5.85745e-06
 Reference value :  5.86445e-06
 Reference value :  5.86620e-06
 Reference value :  5.86629e-06
 Reference value :  5.86645e-06
 Reference value :  5.86665e-06
 Reference value :  5.86692e-06
 Reference value :  5.86708e-06
 Reference value :  5.86723e-06
 Reference value :  5.86744e-06
 Reference value :  5.86767e-06
 Reference value :  5.86795e-06
 Reference value :  5.86822e-06
 Reference value :  5.86873e-06
 Reference value :  5.87074e-06
 Reference value :  5.87574e-06
 Reference value :  5.88124e-06
 Reference value :  5.88624e-06
 Reference value :  5.89174e-06
 Reference value :  5.89674e-06
 Reference value :  5.90174e-06
 Reference value :  5.90674e-06
 Reference value :  5.90787e-06
 Reference value :  5.90796e-06
 Reference value :  5.90815e-06
 Reference value :  5.90846e-06
 Reference value :  5.90867e-06
 Reference value :  5.90877e-06
 Reference value :  5.90898e-06
 Reference value :  5.90917e-06
 Reference value :  5.90939e-06
 Reference value :  5.90969e-06
 Reference value :  5.91061e-06
 Reference value :  5.91193e-06
 Reference value :  5.91584e-06
 Reference value :  5.92134e-06
 Reference value :  5.92684e-06
 Reference value :  5.93234e-06
 Reference value :  5.93734e-06
 Reference value :  5.94234e-06
 Reference value :  5.94734e-06
 Reference value :  5.94952e-06
 Reference value :  5.94959e-06
 Reference value :  5.94969e-06
 Reference value :  5.94984e-06
 Reference value :  5.95019e-06
 Reference value :  5.95033e-06
 Reference value :  5.95050e-06
 Reference value :  5.95064e-06
 Reference value :  5.95091e-06
 Reference value :  5.95118e-06
 Reference value :  5.95139e-06
 Reference value :  5.95171e-06
 Reference value :  5.95219e-06
 Reference value :  5.95422e-06
 Reference value :  5.95972e-06
 Reference value :  5.96472e-06
 Reference value :  5.96972e-06
 Reference value :  5.97472e-06
 Reference value :  5.97972e-06
 Reference value :  5.98522e-06
 Reference value :  5.99117e-06
 Reference value :  5.99126e-06
 Reference value :  5.99134e-06
 Reference value :  5.99158e-06
 Reference value :  5.99195e-06
 Reference value :  5.99211e-06
 Reference value :  5.99231e-06
 Reference value :  5.99250e-06
 Reference value :  5.99275e-06
 Reference value :  5.99302e-06
 Reference value :  5.99396e-06
 Reference value :  5.99527e-06
 Reference value :  5.99952e-06
 Reference value :  6.00502e-06
 Reference value :  6.01002e-06
 Reference value :  6.01502e-06
 Reference value :  6.02002e-06
 Reference value :  6.02502e-06
 Reference value :  6.03052e-06
 Reference value :  6.03286e-06
 Reference value :  6.03294e-06
 Reference value :  6.03304e-06
 Reference value :  6.03326e-06
 Reference value :  6.03358e-06
 Reference value :  6.03369e-06
 Reference value :  6.03386e-06
 Reference value :  6.03409e-06
 Reference value :  6.03432e-06
 Reference value :  6.03449e-06
 Reference value :  6.03469e-06
 Reference value :  6.03493e-06
 Reference value :  6.03516e-06
 Reference value :  6.03541e-06
 Reference value :  6.03589e-06
 Reference value :  6.03740e-06
 Reference value :  6.04236e-06
 Reference value :  6.04786e-06
 Reference value :  6.05286e-06
 Reference value :  6.05836e-06
 Reference value :  6.06336e-06
 Reference value :  6.06836e-06
 Reference value :  6.07336e-06
 Reference value :  6.07454e-06
 Reference value :  6.07462e-06
 Reference value :  6.07474e-06
 Reference value :  6.07497e-06
 Reference value :  6.07534e-06
 Reference value :  6.07549e-06
 Reference value :  6.07563e-06
 Reference value :  6.07582e-06
 Reference value :  6.07601e-06
 Reference value :  6.07636e-06
 Reference value :  6.07707e-06
 Reference value :  6.07846e-06
 Reference value :  6.08050e-06
 Reference value :  6.08504e-06
 Reference value :  6.09004e-06
 Reference value :  6.09504e-06
 Reference value :  6.10054e-06
 Reference value :  6.10554e-06
 Reference value :  6.11054e-06
 Reference value :  6.11554e-06
 Reference value :  6.11621e-06
 Reference value :  6.11629e-06
 Reference value :  6.11644e-06
 Reference value :  6.11666e-06
 Reference value :  6.11691e-06
 Reference value :  6.11708e-06
 Reference value :  6.11720e-06
 Reference value :  6.11728e-06
 Reference value :  6.11736e-06
 Reference value :  6.11745e-06
 Reference value :  6.11753e-06
 Reference value :  6.11761e-06
 Reference value :  6.11771e-06
 Reference value :  6.11781e-06
 Reference value :  6.11798e-06
 Reference value :  6.11822e-06
 Reference value :  6.11843e-06
 Reference value :  6.11865e-06
 Reference value :  6.11902e-06
 Reference value :  6.11982e-06
 Reference value :  6.12390e-06
 Reference value :  6.12990e-06
 Reference value :  6.13540e-06
 Reference value :  6.14090e-06
 Reference value :  6.14640e-06
 Reference value :  6.15190e-06
 Reference value :  6.15690e-06
 Reference value :  6.15790e-06
 Reference value :  6.15802e-06
 Reference value :  6.15826e-06
 Reference value :  6.15864e-06
 Reference value :  6.15883e-06
 Reference value :  6.15900e-06
 Reference value :  6.15915e-06
 Reference value :  6.15936e-06
 Reference value :  6.15966e-06
 Reference value :  6.16003e-06
 Reference value :  6.16033e-06
 Reference value :  6.16055e-06
 Reference value :  6.16074e-06
 Reference value :  6.16090e-06
 Reference value :  6.16110e-06
 Reference value :  6.16146e-06
 Reference value :  6.16251e-06
 Reference value :  6.16787e-06
 Reference value :  6.17487e-06
 Reference value :  6.18037e-06
 Reference value :  6.18587e-06
 Reference value :  6.19187e-06
 Reference value :  6.19737e-06
 Reference value :  6.19954e-06
 Reference value :  6.19963e-06
 Reference value :  6.19980e-06
 Reference value :  6.20018e-06
 Reference value :  6.20032e-06
 Reference value :  6.20047e-06
 Reference value :  6.20059e-06
 Reference value :  6.20069e-06
 Reference value :  6.20088e-06
 Reference value :  6.20102e-06
 Reference value :  6.20113e-06
 Reference value :  6.20135e-06
 Reference value :  6.20162e-06
 Reference value :  6.20191e-06
 Reference value :  6.20235e-06
 Reference value :  6.20414e-06
 Reference value :  6.20961e-06
 Reference value :  6.21511e-06
 Reference value :  6.22061e-06
 Reference value :  6.22611e-06
 Reference value :  6.23161e-06
 Reference value :  6.23761e-06
 Reference value :  6.24118e-06
 Reference value :  6.24125e-06
 Reference value :  6.24138e-06
 Reference value :  6.24170e-06
 Reference value :  6.24203e-06
 Reference value :  6.24218e-06
 Reference value :  6.24242e-06
 Reference value :  6.24273e-06
 Reference value :  6.24305e-06
 Reference value :  6.24342e-06
 Reference value :  6.24366e-06
 Reference value :  6.24393e-06
 Reference value :  6.24419e-06
 Reference value :  6.24454e-06
 Reference value :  6.24606e-06
 Reference value :  6.25115e-06
 Reference value :  6.25665e-06
 Reference value :  6.26215e-06
 Reference value :  6.26765e-06
 Reference value :  6.27315e-06
 Reference value :  6.27865e-06
 Reference value :  6.28284e-06
 Reference value :  6.28291e-06
 Reference value :  6.28301e-06
 Reference value :  6.28327e-06
No. of Data Rows : 27466

  Measurements for Transient Analysis

d9_c1               =  6.30057e-04
d8_c1               =  1.02543e-03
d7_c1               =  1.79900e+00
d6_c1               =  1.79900e+00
d5_c1               =  1.02556e-03
d4_c1               =  1.79900e+00
d3_c1               =  1.02571e-03
d2_c1               =  1.79900e+00
d1_c1               =  1.79900e+00
d0_c1               =  1.02647e-03
d9_c2               =  6.12845e-04
d8_c2               =  1.79899e+00
d7_c2               =  1.00614e-03
d6_c2               =  1.79899e+00
d5_c2               =  1.79899e+00
d4_c2               =  1.79899e+00
d3_c2               =  1.79899e+00
d2_c2               =  1.79899e+00
d1_c2               =  1.79898e+00
d0_c2               =  1.79898e+00
d9_c3               =  5.91588e-04
d8_c3               =  1.79899e+00
d7_c3               =  1.79899e+00
d6_c3               =  1.79899e+00
d5_c3               =  1.79899e+00
d4_c3               =  1.79899e+00
d3_c3               =  1.79899e+00
d2_c3               =  1.79899e+00
d1_c3               =  1.79899e+00
d0_c3               =  1.79898e+00
d9_c4               =  1.79937e+00
d8_c4               =  1.07196e-03
d7_c4               =  1.79899e+00
d6_c4               =  1.07194e-03
d5_c4               =  1.07193e-03
d4_c4               =  1.07191e-03
d3_c4               =  1.07194e-03
d2_c4               =  1.07189e-03
d1_c4               =  1.07186e-03
d0_c4               =  1.79899e+00
d9_c5               =  1.79961e+00
d8_c5               =  1.79907e+00
d7_c5               =  1.79907e+00
d6_c5               =  1.79907e+00
d5_c5               =  1.79907e+00
d4_c5               =  1.79907e+00
d3_c5               =  1.79907e+00
d2_c5               =  1.79907e+00
d1_c5               =  1.79907e+00
d0_c5               =  1.79907e+00
busy_c1_p0          =  1.79888e+00
smpl_c1_p0          =  6.95323e-04
busy_c1_p1          =  1.79889e+00
smpl_c1_p1          =  7.02157e-04
busy_c1_p2          =  1.79889e+00
smpl_c1_p2          =  6.93017e-04
busy_c1_p3          =  1.79888e+00
smpl_c1_p3          =  7.12930e-04
busy_c1_p4          =  1.79890e+00
smpl_c1_p4          =  6.90187e-04
busy_c1_p5          =  1.79890e+00
smpl_c1_p5          =  7.05693e-04
busy_c1_p6          =  1.79888e+00
smpl_c1_p6          =  6.99313e-04
busy_c1_p7          =  1.79890e+00
smpl_c1_p7          =  7.01739e-04
busy_c1_p8          =  1.79890e+00
smpl_c1_p8          =  7.07342e-04
busy_c1_p9          =  1.79885e+00
smpl_c1_p9          =  7.20572e-04
busy_c1_p10         =  1.79891e+00
smpl_c1_p10         =  7.10072e-04
busy_c1_p11         =  9.52442e-04
smpl_c1_p11         =  1.79977e+00
busy_c2_p0          =  1.79887e+00
smpl_c2_p0          =  7.22436e-04
busy_c2_p1          =  1.79888e+00
smpl_c2_p1          =  7.03503e-04
busy_c2_p2          =  1.79889e+00
smpl_c2_p2          =  7.08201e-04
busy_c2_p3          =  1.79891e+00
smpl_c2_p3          =  6.90840e-04
busy_c2_p4          =  1.79888e+00
smpl_c2_p4          =  7.17132e-04
busy_c2_p5          =  1.79891e+00
smpl_c2_p5          =  6.92088e-04
busy_c2_p6          =  1.79889e+00
smpl_c2_p6          =  7.12255e-04
busy_c2_p7          =  1.79889e+00
smpl_c2_p7          =  7.15954e-04
busy_c2_p8          =  1.79888e+00
smpl_c2_p8          =  7.15786e-04
busy_c2_p9          =  1.79889e+00
smpl_c2_p9          =  7.06543e-04
busy_c2_p10         =  1.79889e+00
smpl_c2_p10         =  7.09528e-04
busy_c2_p11         =  9.35281e-04
smpl_c2_p11         =  1.79978e+00
busy_c3_p0          =  1.79888e+00
smpl_c3_p0          =  7.20071e-04
busy_c3_p1          =  1.79888e+00
smpl_c3_p1          =  7.15995e-04
busy_c3_p2          =  1.79890e+00
smpl_c3_p2          =  6.96502e-04
busy_c3_p3          =  1.79888e+00
smpl_c3_p3          =  7.10970e-04
busy_c3_p4          =  1.79889e+00
smpl_c3_p4          =  7.10741e-04
busy_c3_p5          =  1.79890e+00
smpl_c3_p5          =  7.03148e-04
busy_c3_p6          =  1.79889e+00
smpl_c3_p6          =  7.06958e-04
busy_c3_p7          =  1.79889e+00
smpl_c3_p7          =  7.15554e-04
busy_c3_p8          =  1.79889e+00
smpl_c3_p8          =  7.15920e-04
busy_c3_p9          =  1.79888e+00
smpl_c3_p9          =  6.93496e-04
busy_c3_p10         =  1.79890e+00
smpl_c3_p10         =  6.99599e-04
busy_c3_p11         =  9.44579e-04
smpl_c3_p11         =  1.79977e+00
busy_c4_p0          =  1.79888e+00
smpl_c4_p0          =  7.15183e-04
busy_c4_p1          =  1.79890e+00
smpl_c4_p1          =  7.15021e-04
busy_c4_p2          =  1.79890e+00
smpl_c4_p2          =  7.02904e-04
busy_c4_p3          =  1.79886e+00
smpl_c4_p3          =  7.15974e-04
busy_c4_p4          =  1.79890e+00
smpl_c4_p4          =  7.07684e-04
busy_c4_p5          =  1.79889e+00
smpl_c4_p5          =  6.95847e-04
busy_c4_p6          =  1.79888e+00
smpl_c4_p6          =  6.94951e-04
busy_c4_p7          =  1.79891e+00
smpl_c4_p7          =  6.85964e-04
busy_c4_p8          =  1.79890e+00
smpl_c4_p8          =  7.06152e-04
busy_c4_p9          =  1.79889e+00
smpl_c4_p9          =  7.13940e-04
busy_c4_p10         =  1.79890e+00
smpl_c4_p10         =  7.14608e-04
busy_c4_p11         =  9.50690e-04
smpl_c4_p11         =  1.79977e+00
busy_c5_p0          =  1.79889e+00
smpl_c5_p0          =  7.12227e-04
busy_c5_p1          =  1.79890e+00
smpl_c5_p1          =  7.15222e-04
busy_c5_p2          =  1.79890e+00
smpl_c5_p2          =  6.84321e-04
busy_c5_p3          =  1.79888e+00
smpl_c5_p3          =  6.90196e-04
busy_c5_p4          =  1.79889e+00
smpl_c5_p4          =  6.71675e-04
busy_c5_p5          =  1.79892e+00
smpl_c5_p5          =  6.71420e-04
busy_c5_p6          =  1.79891e+00
smpl_c5_p6          =  6.85660e-04
busy_c5_p7          =  1.79894e+00
smpl_c5_p7          =  6.87071e-04
busy_c5_p8          =  1.79893e+00
smpl_c5_p8          =  6.87611e-04
busy_c5_p9          =  1.79893e+00
smpl_c5_p9          =  6.89049e-04
busy_c5_p10         =  1.79897e+00
smpl_c5_p10         =  6.85441e-04
busy_c5_p11         =  9.62810e-04
smpl_c5_p11         =  1.79978e+00
i_vdd               =  -2.15388e-06 from=  3.20000e-06 to=  4.20005e-06
i_vpwr              =  -6.52346e-06 from=  3.20000e-06 to=  4.20005e-06
i_vrefp             =  -6.50266e-06 from=  3.20000e-06 to=  4.20005e-06
i_vrefn             =  6.49105e-06 from=  3.20000e-06 to=  4.20005e-06
i_vcm               =  1.18432e-08 from=  3.20000e-06 to=  4.20005e-06
gnd_die_max         =  2.23692e-01 at=  4.11785e-06
gnd_die_min         =  -9.52906e-02 at=  4.20066e-06
vgnd_max            =  4.22058e-02 at=  6.11711e-06
vgnd_min            =  -6.39690e-02 at=  6.11715e-06
vdd_max             =  1.89294e+00 at=  6.11725e-06
vdd_min             =  1.67985e+00 at=  6.11719e-06
vpwr_max            =  1.85768e+00 at=  6.11720e-06
vpwr_min            =  1.75306e+00 at=  6.11715e-06
vdda_min            =  1.57841e+00 at=  4.11783e-06
vdda_max            =  1.89449e+00 at=  5.28389e-06
i_vgnd              =  8.73623e-06 from=  3.20000e-06 to=  4.20005e-06
i_sub               =  2.22417e-06 from=  3.20000e-06 to=  4.20005e-06


Total analysis time (seconds) = 6062.27

Total elapsed time (seconds) = 6405.826 

Total DRAM available = 98304.000 MB.
DRAM currently available = 4781.797 MB.
Maximum ngspice program size =  819.469 MB.
Current ngspice program size =   34.891 MB.

