
Note: Compatibility modes selected: hs a


Circuit: * sim/ground-return-impedance (issue #378) arm 'pkg-nopad-10' -- reusing

option SCALE: Scale is set to 1e-06 for instance and model parameters
option SCALE: Scale is set to 1e-06 for instance and model parameters
option SCALE: Scale is set to 1e-06 for instance and model parameters
option SCALE: Scale is set to 1e-06 for instance and model parameters
Doing analysis at TEMP = 27.000000 and TNOM = 27.000000

Using KLU as Direct Linear Solver
 Reference value :  0.00000e+00
 Reference value :  3.64000e-09
 Reference value :  1.06400e-08
 Reference value :  1.76400e-08
 Reference value :  2.00314e-08
 Reference value :  2.01571e-08
 Reference value :  2.02696e-08
 Reference value :  2.03966e-08
 Reference value :  2.05360e-08
 Reference value :  2.06725e-08
 Reference value :  2.08117e-08
 Reference value :  2.09828e-08
 Reference value :  2.10591e-08
 Reference value :  2.11566e-08
 Reference value :  2.12664e-08
 Reference value :  2.13983e-08
 Reference value :  2.15277e-08
 Reference value :  2.16870e-08
 Reference value :  2.18892e-08
 Reference value :  2.22121e-08
 Reference value :  2.27877e-08
 Reference value :  2.47576e-08
 Reference value :  2.95163e-08
 Reference value :  3.45163e-08
 Reference value :  3.95163e-08
 Reference value :  4.45163e-08
 Reference value :  5.00163e-08
 Reference value :  5.50163e-08
 Reference value :  6.05163e-08
 Reference value :  6.55163e-08
 Reference value :  7.05163e-08
 Reference value :  7.55163e-08
 Reference value :  8.05163e-08
 Reference value :  8.55163e-08
 Reference value :  9.10163e-08
 Reference value :  9.65163e-08
 Reference value :  1.01516e-07
 Reference value :  1.06516e-07
 Reference value :  1.11516e-07
 Reference value :  1.16516e-07
 Reference value :  1.21516e-07
 Reference value :  1.26516e-07
 Reference value :  1.32016e-07
 Reference value :  1.37016e-07
 Reference value :  1.43016e-07
 Reference value :  1.48016e-07
 Reference value :  1.53016e-07
 Reference value :  1.58016e-07
 Reference value :  1.63016e-07
 Reference value :  1.68016e-07
 Reference value :  1.73016e-07
 Reference value :  1.78016e-07
 Reference value :  1.83516e-07
 Reference value :  1.88516e-07
 Reference value :  1.93516e-07
 Reference value :  1.98516e-07
 Reference value :  1.99563e-07
 Reference value :  1.99670e-07
 Reference value :  1.99781e-07
 Reference value :  1.99934e-07
 Reference value :  2.00190e-07
 Reference value :  2.00306e-07
 Reference value :  2.00414e-07
 Reference value :  2.00497e-07
 Reference value :  2.00563e-07
 Reference value :  2.00670e-07
 Reference value :  2.00793e-07
 Reference value :  2.00997e-07
 Reference value :  2.01231e-07
 Reference value :  2.01362e-07
 Reference value :  2.01538e-07
 Reference value :  2.01797e-07
 Reference value :  2.02145e-07
 Reference value :  2.03105e-07
 Reference value :  2.07064e-07
 Reference value :  2.12564e-07
 Reference value :  2.18064e-07
 Reference value :  2.23064e-07
 Reference value :  2.28564e-07
 Reference value :  2.36064e-07
 Reference value :  2.41181e-07
 Reference value :  2.41268e-07
 Reference value :  2.41367e-07
 Reference value :  2.41622e-07
 Reference value :  2.41926e-07
 Reference value :  2.42086e-07
 Reference value :  2.42259e-07
 Reference value :  2.42457e-07
 Reference value :  2.42689e-07
 Reference value :  2.42890e-07
 Reference value :  2.43057e-07
 Reference value :  2.43250e-07
 Reference value :  2.43549e-07
 Reference value :  2.43813e-07
 Reference value :  2.44019e-07
 Reference value :  2.44348e-07
 Reference value :  2.44797e-07
 Reference value :  2.46198e-07
 Reference value :  2.52247e-07
 Reference value :  2.58247e-07
 Reference value :  2.63747e-07
 Reference value :  2.68747e-07
 Reference value :  2.73747e-07
 Reference value :  2.78747e-07
 Reference value :  2.82838e-07
 Reference value :  2.82912e-07
 Reference value :  2.83031e-07
 Reference value :  2.83154e-07
 Reference value :  2.83395e-07
 Reference value :  2.83577e-07
 Reference value :  2.83611e-07
 Reference value :  2.83745e-07
 Reference value :  2.83868e-07
 Reference value :  2.84067e-07
 Reference value :  2.84259e-07
 Reference value :  2.84400e-07
 Reference value :  2.84532e-07
 Reference value :  2.84656e-07
 Reference value :  2.84787e-07
 Reference value :  2.85012e-07
 Reference value :  2.85228e-07
 Reference value :  2.85578e-07
 Reference value :  2.86019e-07
 Reference value :  2.86706e-07
 Reference value :  2.90077e-07
 Reference value :  2.95077e-07
 Reference value :  3.00077e-07
 Reference value :  3.05077e-07
 Reference value :  3.10577e-07
 Reference value :  3.16077e-07
 Reference value :  3.21577e-07
 Reference value :  3.24533e-07
 Reference value :  3.24628e-07
 Reference value :  3.24717e-07
 Reference value :  3.25077e-07
 Reference value :  3.25503e-07
 Reference value :  3.25661e-07
 Reference value :  3.25868e-07
 Reference value :  3.26096e-07
 Reference value :  3.26363e-07
 Reference value :  3.26836e-07
 Reference value :  3.27376e-07
 Reference value :  3.27751e-07
 Reference value :  3.28037e-07
 Reference value :  3.28520e-07
 Reference value :  3.31798e-07
 Reference value :  3.38798e-07
 Reference value :  3.45798e-07
 Reference value :  3.51298e-07
 Reference value :  3.56298e-07
 Reference value :  3.61298e-07
 Reference value :  3.66167e-07
 Reference value :  3.66236e-07
 Reference value :  3.66341e-07
 Reference value :  3.66438e-07
 Reference value :  3.66608e-07
 Reference value :  3.66849e-07
 Reference value :  3.66936e-07
 Reference value :  3.67057e-07
 Reference value :  3.67183e-07
 Reference value :  3.67438e-07
 Reference value :  3.67779e-07
 Reference value :  3.68086e-07
 Reference value :  3.68519e-07
 Reference value :  3.69300e-07
 Reference value :  3.71993e-07
 Reference value :  3.76993e-07
 Reference value :  3.81493e-07
 Reference value :  3.86493e-07
 Reference value :  3.91493e-07
 Reference value :  3.96493e-07
 Reference value :  4.02993e-07
 Reference value :  4.07840e-07
 Reference value :  4.07937e-07
 Reference value :  4.08024e-07
 Reference value :  4.08192e-07
 Reference value :  4.08743e-07
 Reference value :  4.08929e-07
 Reference value :  4.09119e-07
 Reference value :  4.09342e-07
 Reference value :  4.09591e-07
 Reference value :  4.09981e-07
 Reference value :  4.10227e-07
 Reference value :  4.10591e-07
 Reference value :  4.11123e-07
 Reference value :  4.11501e-07
 Reference value :  4.11602e-07
 Reference value :  4.11748e-07
 Reference value :  4.11917e-07
 Reference value :  4.12072e-07
 Reference value :  4.12286e-07
 Reference value :  4.12532e-07
 Reference value :  4.12987e-07
 Reference value :  4.14484e-07
 Reference value :  4.19202e-07
 Reference value :  4.24202e-07
 Reference value :  4.29202e-07
 Reference value :  4.34202e-07
 Reference value :  4.39202e-07
 Reference value :  4.44202e-07
 Reference value :  4.49506e-07
 Reference value :  4.49604e-07
 Reference value :  4.49710e-07
 Reference value :  4.49868e-07
 Reference value :  4.50123e-07
 Reference value :  4.50262e-07
 Reference value :  4.50328e-07
 Reference value :  4.50441e-07
 Reference value :  4.50648e-07
 Reference value :  4.50878e-07
 Reference value :  4.51081e-07
 Reference value :  4.51192e-07
 Reference value :  4.51319e-07
 Reference value :  4.51485e-07
 Reference value :  4.51680e-07
 Reference value :  4.51907e-07
 Reference value :  4.52100e-07
 Reference value :  4.52408e-07
 Reference value :  4.52889e-07
 Reference value :  4.54313e-07
 Reference value :  4.59198e-07
 Reference value :  4.64198e-07
 Reference value :  4.70198e-07
 Reference value :  4.75698e-07
 Reference value :  4.81698e-07
 Reference value :  4.87198e-07
 Reference value :  4.91174e-07
 Reference value :  4.91261e-07
 Reference value :  4.91358e-07
 Reference value :  4.91661e-07
 Reference value :  4.92177e-07
 Reference value :  4.92375e-07
 Reference value :  4.92608e-07
 Reference value :  4.92832e-07
 Reference value :  4.93163e-07
 Reference value :  4.93686e-07
 Reference value :  4.94124e-07
 Reference value :  4.94366e-07
 Reference value :  4.94654e-07
 Reference value :  4.95117e-07
 Reference value :  4.98597e-07
 Reference value :  5.03597e-07
 Reference value :  5.04502e-07
 Reference value :  5.06051e-07
 Reference value :  5.06206e-07
 Reference value :  5.06345e-07
 Reference value :  5.06506e-07
 Reference value :  5.06734e-07
 Reference value :  5.07452e-07
 Reference value :  5.09410e-07
 Reference value :  5.15792e-07
 Reference value :  5.20792e-07
 Reference value :  5.26292e-07
 Reference value :  5.31792e-07
 Reference value :  5.32865e-07
 Reference value :  5.32993e-07
 Reference value :  5.33107e-07
 Reference value :  5.33265e-07
 Reference value :  5.33547e-07
 Reference value :  5.33603e-07
 Reference value :  5.33709e-07
 Reference value :  5.33836e-07
 Reference value :  5.34075e-07
 Reference value :  5.34338e-07
 Reference value :  5.34462e-07
 Reference value :  5.34597e-07
 Reference value :  5.34741e-07
 Reference value :  5.34992e-07
 Reference value :  5.35178e-07
 Reference value :  5.35406e-07
 Reference value :  5.35714e-07
 Reference value :  5.36460e-07
 Reference value :  5.39245e-07
 Reference value :  5.44745e-07
 Reference value :  5.51245e-07
 Reference value :  5.57245e-07
 Reference value :  5.62745e-07
 Reference value :  5.69245e-07
 Reference value :  5.74506e-07
 Reference value :  5.74620e-07
 Reference value :  5.74723e-07
 Reference value :  5.75090e-07
 Reference value :  5.75469e-07
 Reference value :  5.75664e-07
 Reference value :  5.75975e-07
 Reference value :  5.76343e-07
 Reference value :  5.76917e-07
 Reference value :  5.77681e-07
 Reference value :  5.78068e-07
 Reference value :  5.78920e-07
 Reference value :  5.84519e-07
 Reference value :  5.91019e-07
 Reference value :  5.97519e-07
 Reference value :  6.04019e-07
 Reference value :  6.10519e-07
 Reference value :  6.16172e-07
 Reference value :  6.16288e-07
 Reference value :  6.16421e-07
 Reference value :  6.16616e-07
 Reference value :  6.16882e-07
 Reference value :  6.16958e-07
 Reference value :  6.17087e-07
 Reference value :  6.17225e-07
 Reference value :  6.17436e-07
 Reference value :  6.17706e-07
 Reference value :  6.17986e-07
 Reference value :  6.18228e-07
 Reference value :  6.18604e-07
 Reference value :  6.19294e-07
 Reference value :  6.22582e-07
 Reference value :  6.29082e-07
 Reference value :  6.34582e-07
 Reference value :  6.40082e-07
 Reference value :  6.46582e-07
 Reference value :  6.53582e-07
 Reference value :  6.57862e-07
 Reference value :  6.57979e-07
 Reference value :  6.58182e-07
 Reference value :  6.58664e-07
 Reference value :  6.58848e-07
 Reference value :  6.59119e-07
 Reference value :  6.59390e-07
 Reference value :  6.59731e-07
 Reference value :  6.60259e-07
 Reference value :  6.60951e-07
 Reference value :  6.61614e-07
 Reference value :  6.63017e-07
 Reference value :  6.68004e-07
 Reference value :  6.73004e-07
 Reference value :  6.79004e-07
 Reference value :  6.84004e-07
 Reference value :  6.89504e-07
 Reference value :  6.90656e-07
 Reference value :  6.91579e-07
 Reference value :  6.91706e-07
 Reference value :  6.91834e-07
 Reference value :  6.91999e-07
 Reference value :  6.92209e-07
 Reference value :  6.92510e-07
 Reference value :  6.93105e-07
 Reference value :  6.95587e-07
 Reference value :  6.99531e-07
 Reference value :  6.99650e-07
 Reference value :  6.99757e-07
 Reference value :  6.99907e-07
 Reference value :  7.00180e-07
 Reference value :  7.00274e-07
 Reference value :  7.00352e-07
 Reference value :  7.00474e-07
 Reference value :  7.00610e-07
 Reference value :  7.00909e-07
 Reference value :  7.01031e-07
 Reference value :  7.01142e-07
 Reference value :  7.01318e-07
 Reference value :  7.01497e-07
 Reference value :  7.01833e-07
 Reference value :  7.02249e-07
 Reference value :  7.02645e-07
 Reference value :  7.03324e-07
 Reference value :  7.06824e-07
 Reference value :  7.11824e-07
 Reference value :  7.17324e-07
 Reference value :  7.22824e-07
 Reference value :  7.27824e-07
 Reference value :  7.32824e-07
 Reference value :  7.37824e-07
 Reference value :  7.41199e-07
 Reference value :  7.41310e-07
 Reference value :  7.41416e-07
 Reference value :  7.41700e-07
 Reference value :  7.41999e-07
 Reference value :  7.42171e-07
 Reference value :  7.42332e-07
 Reference value :  7.42603e-07
 Reference value :  7.42841e-07
 Reference value :  7.43182e-07
 Reference value :  7.43701e-07
 Reference value :  7.44420e-07
 Reference value :  7.45188e-07
 Reference value :  7.47396e-07
 Reference value :  7.51896e-07
 Reference value :  7.56896e-07
 Reference value :  7.61396e-07
 Reference value :  7.66396e-07
 Reference value :  7.72896e-07
 Reference value :  7.79396e-07
 Reference value :  7.82865e-07
 Reference value :  7.82985e-07
 Reference value :  7.83106e-07
 Reference value :  7.83257e-07
 Reference value :  7.83525e-07
 Reference value :  7.83605e-07
 Reference value :  7.83724e-07
 Reference value :  7.83840e-07
 Reference value :  7.83964e-07
 Reference value :  7.84213e-07
 Reference value :  7.84516e-07
 Reference value :  7.84900e-07
 Reference value :  7.85599e-07
 Reference value :  7.87525e-07
 Reference value :  7.92435e-07
 Reference value :  7.98435e-07
 Reference value :  8.03435e-07
 Reference value :  8.08435e-07
 Reference value :  8.14435e-07
 Reference value :  8.20435e-07
 Reference value :  8.24505e-07
 Reference value :  8.24625e-07
 Reference value :  8.24764e-07
 Reference value :  8.25274e-07
 Reference value :  8.25466e-07
 Reference value :  8.25773e-07
 Reference value :  8.26180e-07
 Reference value :  8.26913e-07
 Reference value :  8.27618e-07
 Reference value :  8.28142e-07
 Reference value :  8.28669e-07
 Reference value :  8.33698e-07
 Reference value :  8.38698e-07
 Reference value :  8.43698e-07
 Reference value :  8.49198e-07
 Reference value :  8.55198e-07
 Reference value :  8.61698e-07
 Reference value :  8.65698e-07
 Reference value :  8.66230e-07
 Reference value :  8.66323e-07
 Reference value :  8.66472e-07
 Reference value :  8.66808e-07
 Reference value :  8.66978e-07
 Reference value :  8.67077e-07
 Reference value :  8.67176e-07
 Reference value :  8.67320e-07
 Reference value :  8.67480e-07
 Reference value :  8.67639e-07
 Reference value :  8.67755e-07
 Reference value :  8.67919e-07
 Reference value :  8.68070e-07
 Reference value :  8.68332e-07
 Reference value :  8.68570e-07
 Reference value :  8.68862e-07
 Reference value :  8.69227e-07
 Reference value :  8.70098e-07
 Reference value :  8.74539e-07
 Reference value :  8.80539e-07
 Reference value :  8.86539e-07
 Reference value :  8.91539e-07
 Reference value :  8.96539e-07
 Reference value :  9.02039e-07
 Reference value :  9.07039e-07
 Reference value :  9.07888e-07
 Reference value :  9.07998e-07
 Reference value :  9.08114e-07
 Reference value :  9.08431e-07
 Reference value :  9.08679e-07
 Reference value :  9.08853e-07
 Reference value :  9.09137e-07
 Reference value :  9.09416e-07
 Reference value :  9.09674e-07
 Reference value :  9.09984e-07
 Reference value :  9.10666e-07
 Reference value :  9.11162e-07
 Reference value :  9.11502e-07
 Reference value :  9.12183e-07
 Reference value :  9.16373e-07
 Reference value :  9.22873e-07
 Reference value :  9.28873e-07
 Reference value :  9.33873e-07
 Reference value :  9.40373e-07
 Reference value :  9.48373e-07
 Reference value :  9.49544e-07
 Reference value :  9.49649e-07
 Reference value :  9.49753e-07
 Reference value :  9.49899e-07
 Reference value :  9.50096e-07
 Reference value :  9.50264e-07
 Reference value :  9.50318e-07
 Reference value :  9.50444e-07
 Reference value :  9.50506e-07
 Reference value :  9.50643e-07
 Reference value :  9.50789e-07
 Reference value :  9.50939e-07
 Reference value :  9.51088e-07
 Reference value :  9.51220e-07
 Reference value :  9.51664e-07
 Reference value :  9.52891e-07
 Reference value :  9.56920e-07
 Reference value :  9.61920e-07
 Reference value :  9.67420e-07
 Reference value :  9.74420e-07
 Reference value :  9.79420e-07
 Reference value :  9.84420e-07
 Reference value :  9.89420e-07
 Reference value :  9.91207e-07
 Reference value :  9.91313e-07
 Reference value :  9.91424e-07
 Reference value :  9.91840e-07
 Reference value :  9.92137e-07
 Reference value :  9.92280e-07
 Reference value :  9.92569e-07
 Reference value :  9.92805e-07
 Reference value :  9.93077e-07
 Reference value :  9.93728e-07
 Reference value :  9.94220e-07
 Reference value :  9.94534e-07
 Reference value :  9.94890e-07
 Reference value :  9.95899e-07
 Reference value :  1.00092e-06
 Reference value :  1.00592e-06
 Reference value :  1.01192e-06
 Reference value :  1.01742e-06
 Reference value :  1.02292e-06
 Reference value :  1.02892e-06
 Reference value :  1.03285e-06
 Reference value :  1.03294e-06
 Reference value :  1.03305e-06
 Reference value :  1.03319e-06
 Reference value :  1.03351e-06
 Reference value :  1.03361e-06
 Reference value :  1.03371e-06
 Reference value :  1.03383e-06
 Reference value :  1.03392e-06
 Reference value :  1.03408e-06
 Reference value :  1.03424e-06
 Reference value :  1.03451e-06
 Reference value :  1.03474e-06
 Reference value :  1.03499e-06
 Reference value :  1.03523e-06
 Reference value :  1.03551e-06
 Reference value :  1.03597e-06
 Reference value :  1.03770e-06
 Reference value :  1.04270e-06
 Reference value :  1.04770e-06
 Reference value :  1.05320e-06
 Reference value :  1.05820e-06
 Reference value :  1.06320e-06
 Reference value :  1.06870e-06
 Reference value :  1.07320e-06
 Reference value :  1.07456e-06
 Reference value :  1.07468e-06
 Reference value :  1.07482e-06
 Reference value :  1.07519e-06
 Reference value :  1.07538e-06
 Reference value :  1.07553e-06
 Reference value :  1.07577e-06
 Reference value :  1.07604e-06
 Reference value :  1.07638e-06
 Reference value :  1.07694e-06
 Reference value :  1.07763e-06
 Reference value :  1.07809e-06
 Reference value :  1.07882e-06
 Reference value :  1.08160e-06
 Reference value :  1.08710e-06
 Reference value :  1.09210e-06
 Reference value :  1.09810e-06
 Reference value :  1.10360e-06
 Reference value :  1.11060e-06
 Reference value :  1.11560e-06
 Reference value :  1.11622e-06
 Reference value :  1.11633e-06
 Reference value :  1.11642e-06
 Reference value :  1.11659e-06
 Reference value :  1.11683e-06
 Reference value :  1.11694e-06
 Reference value :  1.11700e-06
 Reference value :  1.11708e-06
 Reference value :  1.11715e-06
 Reference value :  1.11721e-06
 Reference value :  1.11731e-06
 Reference value :  1.11741e-06
 Reference value :  1.11754e-06
 Reference value :  1.11771e-06
 Reference value :  1.11781e-06
 Reference value :  1.11798e-06
 Reference value :  1.11815e-06
 Reference value :  1.11831e-06
 Reference value :  1.11851e-06
 Reference value :  1.11886e-06
 Reference value :  1.11947e-06
 Reference value :  1.12237e-06
 Reference value :  1.12787e-06
 Reference value :  1.13237e-06
 Reference value :  1.13737e-06
 Reference value :  1.14237e-06
 Reference value :  1.14837e-06
 Reference value :  1.15337e-06
 Reference value :  1.15784e-06
 Reference value :  1.15794e-06
 Reference value :  1.15805e-06
 Reference value :  1.15817e-06
 Reference value :  1.15850e-06
 Reference value :  1.15873e-06
 Reference value :  1.15890e-06
 Reference value :  1.15909e-06
 Reference value :  1.15932e-06
 Reference value :  1.15957e-06
 Reference value :  1.15973e-06
 Reference value :  1.15996e-06
 Reference value :  1.16030e-06
 Reference value :  1.16053e-06
 Reference value :  1.16088e-06
 Reference value :  1.16134e-06
 Reference value :  1.16215e-06
 Reference value :  1.16495e-06
 Reference value :  1.17145e-06
 Reference value :  1.17695e-06
 Reference value :  1.18195e-06
 Reference value :  1.18745e-06
 Reference value :  1.19245e-06
 Reference value :  1.19845e-06
 Reference value :  1.19953e-06
 Reference value :  1.19963e-06
 Reference value :  1.19974e-06
 Reference value :  1.19988e-06
 Reference value :  1.20019e-06
 Reference value :  1.20030e-06
 Reference value :  1.20044e-06
 Reference value :  1.20051e-06
 Reference value :  1.20058e-06
 Reference value :  1.20075e-06
 Reference value :  1.20086e-06
 Reference value :  1.20094e-06
 Reference value :  1.20108e-06
 Reference value :  1.20126e-06
 Reference value :  1.20146e-06
 Reference value :  1.20169e-06
 Reference value :  1.20193e-06
 Reference value :  1.20227e-06
 Reference value :  1.20275e-06
 Reference value :  1.20396e-06
 Reference value :  1.20857e-06
 Reference value :  1.21357e-06
 Reference value :  1.21857e-06
 Reference value :  1.22357e-06
 Reference value :  1.22907e-06
 Reference value :  1.23357e-06
 Reference value :  1.23857e-06
 Reference value :  1.24119e-06
 Reference value :  1.24129e-06
 Reference value :  1.24138e-06
 Reference value :  1.24175e-06
 Reference value :  1.24193e-06
 Reference value :  1.24209e-06
 Reference value :  1.24224e-06
 Reference value :  1.24243e-06
 Reference value :  1.24266e-06
 Reference value :  1.24286e-06
 Reference value :  1.24305e-06
 Reference value :  1.24330e-06
 Reference value :  1.24362e-06
 Reference value :  1.24381e-06
 Reference value :  1.24408e-06
 Reference value :  1.24444e-06
 Reference value :  1.24488e-06
 Reference value :  1.24600e-06
 Reference value :  1.25062e-06
 Reference value :  1.25562e-06
 Reference value :  1.26112e-06
 Reference value :  1.26612e-06
 Reference value :  1.27112e-06
 Reference value :  1.27762e-06
 Reference value :  1.28285e-06
 Reference value :  1.28295e-06
 Reference value :  1.28307e-06
 Reference value :  1.28320e-06
 Reference value :  1.28351e-06
 Reference value :  1.28360e-06
 Reference value :  1.28368e-06
 Reference value :  1.28380e-06
 Reference value :  1.28388e-06
 Reference value :  1.28408e-06
 Reference value :  1.28427e-06
 Reference value :  1.28446e-06
 Reference value :  1.28463e-06
 Reference value :  1.28483e-06
 Reference value :  1.28514e-06
 Reference value :  1.28546e-06
 Reference value :  1.28594e-06
 Reference value :  1.28673e-06
 Reference value :  1.29105e-06
 Reference value :  1.29555e-06
 Reference value :  1.30055e-06
 Reference value :  1.30605e-06
 Reference value :  1.31255e-06
 Reference value :  1.31755e-06
 Reference value :  1.32305e-06
 Reference value :  1.32456e-06
 Reference value :  1.32465e-06
 Reference value :  1.32479e-06
 Reference value :  1.32530e-06
 Reference value :  1.32552e-06
 Reference value :  1.32567e-06
 Reference value :  1.32594e-06
 Reference value :  1.32616e-06
 Reference value :  1.32660e-06
 Reference value :  1.32764e-06
 Reference value :  1.32822e-06
 Reference value :  1.32990e-06
 Reference value :  1.33069e-06
 Reference value :  1.33144e-06
 Reference value :  1.33178e-06
 Reference value :  1.33190e-06
 Reference value :  1.33205e-06
 Reference value :  1.33225e-06
 Reference value :  1.33248e-06
 Reference value :  1.33287e-06
 Reference value :  1.33349e-06
 Reference value :  1.33583e-06
 Reference value :  1.34125e-06
 Reference value :  1.34625e-06
 Reference value :  1.35125e-06
 Reference value :  1.35675e-06
 Reference value :  1.36175e-06
 Reference value :  1.36620e-06
 Reference value :  1.36633e-06
 Reference value :  1.36644e-06
 Reference value :  1.36679e-06
 Reference value :  1.36693e-06
 Reference value :  1.36699e-06
 Reference value :  1.36711e-06
 Reference value :  1.36722e-06
 Reference value :  1.36750e-06
 Reference value :  1.36776e-06
 Reference value :  1.36788e-06
 Reference value :  1.36801e-06
 Reference value :  1.36817e-06
 Reference value :  1.36836e-06
 Reference value :  1.36861e-06
 Reference value :  1.36886e-06
 Reference value :  1.36919e-06
 Reference value :  1.37014e-06
 Reference value :  1.37438e-06
 Reference value :  1.37988e-06
 Reference value :  1.38488e-06
 Reference value :  1.39038e-06
 Reference value :  1.39588e-06
 Reference value :  1.40088e-06
 Reference value :  1.40688e-06
 Reference value :  1.40790e-06
 Reference value :  1.40800e-06
 Reference value :  1.40811e-06
 Reference value :  1.40849e-06
 Reference value :  1.40883e-06
 Reference value :  1.40894e-06
 Reference value :  1.40914e-06
 Reference value :  1.40937e-06
 Reference value :  1.40961e-06
 Reference value :  1.41001e-06
 Reference value :  1.41063e-06
 Reference value :  1.41102e-06
 Reference value :  1.41136e-06
 Reference value :  1.41195e-06
 Reference value :  1.41539e-06
 Reference value :  1.42039e-06
 Reference value :  1.42589e-06
 Reference value :  1.43139e-06
 Reference value :  1.43689e-06
 Reference value :  1.44189e-06
 Reference value :  1.44739e-06
 Reference value :  1.44952e-06
 Reference value :  1.44962e-06
 Reference value :  1.44974e-06
 Reference value :  1.44988e-06
 Reference value :  1.45011e-06
 Reference value :  1.45023e-06
 Reference value :  1.45032e-06
 Reference value :  1.45045e-06
 Reference value :  1.45058e-06
 Reference value :  1.45077e-06
 Reference value :  1.45098e-06
 Reference value :  1.45125e-06
 Reference value :  1.45154e-06
 Reference value :  1.45192e-06
 Reference value :  1.45251e-06
 Reference value :  1.45379e-06
 Reference value :  1.45902e-06
 Reference value :  1.46402e-06
 Reference value :  1.46902e-06
 Reference value :  1.47452e-06
 Reference value :  1.47902e-06
 Reference value :  1.48352e-06
 Reference value :  1.48852e-06
 Reference value :  1.49119e-06
 Reference value :  1.49129e-06
 Reference value :  1.49140e-06
 Reference value :  1.49173e-06
 Reference value :  1.49211e-06
 Reference value :  1.49222e-06
 Reference value :  1.49245e-06
 Reference value :  1.49279e-06
 Reference value :  1.49319e-06
 Reference value :  1.49387e-06
 Reference value :  1.49432e-06
 Reference value :  1.49459e-06
 Reference value :  1.49492e-06
 Reference value :  1.49621e-06
 Reference value :  1.50120e-06
 Reference value :  1.50620e-06
 Reference value :  1.51170e-06
 Reference value :  1.51670e-06
 Reference value :  1.52170e-06
 Reference value :  1.52720e-06
 Reference value :  1.53220e-06
 Reference value :  1.53289e-06
 Reference value :  1.53301e-06
 Reference value :  1.53310e-06
 Reference value :  1.53328e-06
 Reference value :  1.53348e-06
 Reference value :  1.53359e-06
 Reference value :  1.53370e-06
 Reference value :  1.53379e-06
 Reference value :  1.53392e-06
 Reference value :  1.53418e-06
 Reference value :  1.53440e-06
 Reference value :  1.53463e-06
 Reference value :  1.53486e-06
 Reference value :  1.53518e-06
 Reference value :  1.53579e-06
 Reference value :  1.53721e-06
 Reference value :  1.54261e-06
 Reference value :  1.54811e-06
 Reference value :  1.55361e-06
 Reference value :  1.55861e-06
 Reference value :  1.56361e-06
 Reference value :  1.56911e-06
 Reference value :  1.57406e-06
 Reference value :  1.57457e-06
 Reference value :  1.57468e-06
 Reference value :  1.57482e-06
 Reference value :  1.57529e-06
 Reference value :  1.57550e-06
 Reference value :  1.57563e-06
 Reference value :  1.57592e-06
 Reference value :  1.57626e-06
 Reference value :  1.57690e-06
 Reference value :  1.57752e-06
 Reference value :  1.57779e-06
 Reference value :  1.57807e-06
 Reference value :  1.57863e-06
 Reference value :  1.58164e-06
 Reference value :  1.58664e-06
 Reference value :  1.58856e-06
 Reference value :  1.59025e-06
 Reference value :  1.59043e-06
 Reference value :  1.59055e-06
 Reference value :  1.59075e-06
 Reference value :  1.59101e-06
 Reference value :  1.59147e-06
 Reference value :  1.59236e-06
 Reference value :  1.59777e-06
 Reference value :  1.60277e-06
 Reference value :  1.60777e-06
 Reference value :  1.61277e-06
 Reference value :  1.61619e-06
 Reference value :  1.61628e-06
 Reference value :  1.61638e-06
 Reference value :  1.61654e-06
 Reference value :  1.61676e-06
 Reference value :  1.61690e-06
 Reference value :  1.61695e-06
 Reference value :  1.61707e-06
 Reference value :  1.61723e-06
 Reference value :  1.61752e-06
 Reference value :  1.61768e-06
 Reference value :  1.61781e-06
 Reference value :  1.61794e-06
 Reference value :  1.61809e-06
 Reference value :  1.61836e-06
 Reference value :  1.61860e-06
 Reference value :  1.61883e-06
 Reference value :  1.61912e-06
 Reference value :  1.61953e-06
 Reference value :  1.62095e-06
 Reference value :  1.62632e-06
 Reference value :  1.63132e-06
 Reference value :  1.63682e-06
 Reference value :  1.64182e-06
 Reference value :  1.64682e-06
 Reference value :  1.65182e-06
 Reference value :  1.65682e-06
 Reference value :  1.65788e-06
 Reference value :  1.65800e-06
 Reference value :  1.65810e-06
 Reference value :  1.65844e-06
 Reference value :  1.65867e-06
 Reference value :  1.65884e-06
 Reference value :  1.65903e-06
 Reference value :  1.65930e-06
 Reference value :  1.65954e-06
 Reference value :  1.65985e-06
 Reference value :  1.66036e-06
 Reference value :  1.66111e-06
 Reference value :  1.66179e-06
 Reference value :  1.66403e-06
 Reference value :  1.66993e-06
 Reference value :  1.67593e-06
 Reference value :  1.68193e-06
 Reference value :  1.68793e-06
 Reference value :  1.69243e-06
 Reference value :  1.69358e-06
 Reference value :  1.69458e-06
 Reference value :  1.69470e-06
 Reference value :  1.69483e-06
 Reference value :  1.69503e-06
 Reference value :  1.69531e-06
 Reference value :  1.69575e-06
 Reference value :  1.69727e-06
 Reference value :  1.69957e-06
 Reference value :  1.69971e-06
 Reference value :  1.69988e-06
 Reference value :  1.70009e-06
 Reference value :  1.70025e-06
 Reference value :  1.70035e-06
 Reference value :  1.70050e-06
 Reference value :  1.70063e-06
 Reference value :  1.70087e-06
 Reference value :  1.70102e-06
 Reference value :  1.70115e-06
 Reference value :  1.70140e-06
 Reference value :  1.70175e-06
 Reference value :  1.70208e-06
 Reference value :  1.70257e-06
 Reference value :  1.70534e-06
 Reference value :  1.71284e-06
 Reference value :  1.72084e-06
 Reference value :  1.72784e-06
 Reference value :  1.73484e-06
 Reference value :  1.74075e-06
 Reference value :  1.74125e-06
 Reference value :  1.74137e-06
 Reference value :  1.74165e-06
 Reference value :  1.74218e-06
 Reference value :  1.74235e-06
 Reference value :  1.74260e-06
 Reference value :  1.74282e-06
 Reference value :  1.74322e-06
 Reference value :  1.74388e-06
 Reference value :  1.74440e-06
 Reference value :  1.74477e-06
 Reference value :  1.74556e-06
 Reference value :  1.75045e-06
 Reference value :  1.75595e-06
 Reference value :  1.76145e-06
 Reference value :  1.76645e-06
 Reference value :  1.77295e-06
 Reference value :  1.77895e-06
 Reference value :  1.78287e-06
 Reference value :  1.78300e-06
 Reference value :  1.78319e-06
 Reference value :  1.78351e-06
 Reference value :  1.78362e-06
 Reference value :  1.78375e-06
 Reference value :  1.78385e-06
 Reference value :  1.78406e-06
 Reference value :  1.78429e-06
 Reference value :  1.78452e-06
 Reference value :  1.78480e-06
 Reference value :  1.78506e-06
 Reference value :  1.78547e-06
 Reference value :  1.78615e-06
 Reference value :  1.79081e-06
 Reference value :  1.79681e-06
 Reference value :  1.80181e-06
 Reference value :  1.80681e-06
 Reference value :  1.81181e-06
 Reference value :  1.81681e-06
 Reference value :  1.82181e-06
 Reference value :  1.82452e-06
 Reference value :  1.82461e-06
 Reference value :  1.82470e-06
 Reference value :  1.82489e-06
 Reference value :  1.82527e-06
 Reference value :  1.82538e-06
 Reference value :  1.82556e-06
 Reference value :  1.82579e-06
 Reference value :  1.82606e-06
 Reference value :  1.82631e-06
 Reference value :  1.82678e-06
 Reference value :  1.82748e-06
 Reference value :  1.82822e-06
 Reference value :  1.83017e-06
 Reference value :  1.83516e-06
 Reference value :  1.84016e-06
 Reference value :  1.84516e-06
 Reference value :  1.85166e-06
 Reference value :  1.85716e-06
 Reference value :  1.86416e-06
 Reference value :  1.86620e-06
 Reference value :  1.86630e-06
 Reference value :  1.86638e-06
 Reference value :  1.86654e-06
 Reference value :  1.86680e-06
 Reference value :  1.86691e-06
 Reference value :  1.86699e-06
 Reference value :  1.86710e-06
 Reference value :  1.86718e-06
 Reference value :  1.86741e-06
 Reference value :  1.86762e-06
 Reference value :  1.86790e-06
 Reference value :  1.86815e-06
 Reference value :  1.86849e-06
 Reference value :  1.86907e-06
 Reference value :  1.87105e-06
 Reference value :  1.87655e-06
 Reference value :  1.88155e-06
 Reference value :  1.88655e-06
 Reference value :  1.89105e-06
 Reference value :  1.89655e-06
 Reference value :  1.90155e-06
 Reference value :  1.90655e-06
 Reference value :  1.90789e-06
 Reference value :  1.90798e-06
 Reference value :  1.90810e-06
 Reference value :  1.90843e-06
 Reference value :  1.90868e-06
 Reference value :  1.90886e-06
 Reference value :  1.90914e-06
 Reference value :  1.90942e-06
 Reference value :  1.90972e-06
 Reference value :  1.91014e-06
 Reference value :  1.91090e-06
 Reference value :  1.91130e-06
 Reference value :  1.91173e-06
 Reference value :  1.91318e-06
 Reference value :  1.91761e-06
 Reference value :  1.92211e-06
 Reference value :  1.92811e-06
 Reference value :  1.93361e-06
 Reference value :  1.93911e-06
 Reference value :  1.94611e-06
 Reference value :  1.94754e-06
 Reference value :  1.94889e-06
 Reference value :  1.94908e-06
 Reference value :  1.94922e-06
 Reference value :  1.94950e-06
 Reference value :  1.94960e-06
 Reference value :  1.94971e-06
 Reference value :  1.94984e-06
 Reference value :  1.95000e-06
 Reference value :  1.95019e-06
 Reference value :  1.95029e-06
 Reference value :  1.95043e-06
 Reference value :  1.95055e-06
 Reference value :  1.95075e-06
 Reference value :  1.95095e-06
 Reference value :  1.95104e-06
 Reference value :  1.95121e-06
 Reference value :  1.95139e-06
 Reference value :  1.95165e-06
 Reference value :  1.95191e-06
 Reference value :  1.95221e-06
 Reference value :  1.95258e-06
 Reference value :  1.95344e-06
 Reference value :  1.95747e-06
 Reference value :  1.96297e-06
 Reference value :  1.96797e-06
 Reference value :  1.97297e-06
 Reference value :  1.97847e-06
 Reference value :  1.98347e-06
 Reference value :  1.98897e-06
 Reference value :  1.99119e-06
 Reference value :  1.99130e-06
 Reference value :  1.99140e-06
 Reference value :  1.99159e-06
 Reference value :  1.99201e-06
 Reference value :  1.99217e-06
 Reference value :  1.99235e-06
 Reference value :  1.99262e-06
 Reference value :  1.99291e-06
 Reference value :  1.99325e-06
 Reference value :  1.99398e-06
 Reference value :  1.99467e-06
 Reference value :  1.99597e-06
 Reference value :  2.00027e-06
 Reference value :  2.00527e-06
 Reference value :  2.01077e-06
 Reference value :  2.01677e-06
 Reference value :  2.02227e-06
 Reference value :  2.02877e-06
 Reference value :  2.03283e-06
 Reference value :  2.03290e-06
 Reference value :  2.03302e-06
 Reference value :  2.03311e-06
 Reference value :  2.03325e-06
 Reference value :  2.03342e-06
 Reference value :  2.03356e-06
 Reference value :  2.03365e-06
 Reference value :  2.03374e-06
 Reference value :  2.03383e-06
 Reference value :  2.03395e-06
 Reference value :  2.03411e-06
 Reference value :  2.03431e-06
 Reference value :  2.03448e-06
 Reference value :  2.03472e-06
 Reference value :  2.03495e-06
 Reference value :  2.03519e-06
 Reference value :  2.03560e-06
 Reference value :  2.03618e-06
 Reference value :  2.03827e-06
 Reference value :  2.04327e-06
 Reference value :  2.04927e-06
 Reference value :  2.05427e-06
 Reference value :  2.05927e-06
 Reference value :  2.06527e-06
 Reference value :  2.07027e-06
 Reference value :  2.07451e-06
 Reference value :  2.07461e-06
 Reference value :  2.07470e-06
 Reference value :  2.07495e-06
 Reference value :  2.07540e-06
 Reference value :  2.07554e-06
 Reference value :  2.07568e-06
 Reference value :  2.07596e-06
 Reference value :  2.07621e-06
 Reference value :  2.07655e-06
 Reference value :  2.07732e-06
 Reference value :  2.07768e-06
 Reference value :  2.07796e-06
 Reference value :  2.07847e-06
 Reference value :  2.08083e-06
 Reference value :  2.08583e-06
 Reference value :  2.09133e-06
 Reference value :  2.09733e-06
 Reference value :  2.10283e-06
 Reference value :  2.10933e-06
 Reference value :  2.11383e-06
 Reference value :  2.11620e-06
 Reference value :  2.11630e-06
 Reference value :  2.11639e-06
 Reference value :  2.11654e-06
 Reference value :  2.11677e-06
 Reference value :  2.11695e-06
 Reference value :  2.11701e-06
 Reference value :  2.11710e-06
 Reference value :  2.11718e-06
 Reference value :  2.11727e-06
 Reference value :  2.11739e-06
 Reference value :  2.11748e-06
 Reference value :  2.11772e-06
 Reference value :  2.11783e-06
 Reference value :  2.11793e-06
 Reference value :  2.11801e-06
 Reference value :  2.11815e-06
 Reference value :  2.11831e-06
 Reference value :  2.11850e-06
 Reference value :  2.11874e-06
 Reference value :  2.11918e-06
 Reference value :  2.12129e-06
 Reference value :  2.12579e-06
 Reference value :  2.13179e-06
 Reference value :  2.13829e-06
 Reference value :  2.14529e-06
 Reference value :  2.15179e-06
 Reference value :  2.15784e-06
 Reference value :  2.15793e-06
 Reference value :  2.15804e-06
 Reference value :  2.15816e-06
 Reference value :  2.15857e-06
 Reference value :  2.15875e-06
 Reference value :  2.15889e-06
 Reference value :  2.15905e-06
 Reference value :  2.15932e-06
 Reference value :  2.15956e-06
 Reference value :  2.15980e-06
 Reference value :  2.16005e-06
 Reference value :  2.16045e-06
 Reference value :  2.16078e-06
 Reference value :  2.16095e-06
 Reference value :  2.16118e-06
 Reference value :  2.16167e-06
 Reference value :  2.16243e-06
 Reference value :  2.16485e-06
 Reference value :  2.17035e-06
 Reference value :  2.17535e-06
 Reference value :  2.18135e-06
 Reference value :  2.18635e-06
 Reference value :  2.19235e-06
 Reference value :  2.19835e-06
 Reference value :  2.19957e-06
 Reference value :  2.19973e-06
 Reference value :  2.19984e-06
 Reference value :  2.20017e-06
 Reference value :  2.20030e-06
 Reference value :  2.20042e-06
 Reference value :  2.20052e-06
 Reference value :  2.20059e-06
 Reference value :  2.20072e-06
 Reference value :  2.20084e-06
 Reference value :  2.20093e-06
 Reference value :  2.20103e-06
 Reference value :  2.20118e-06
 Reference value :  2.20136e-06
 Reference value :  2.20155e-06
 Reference value :  2.20178e-06
 Reference value :  2.20210e-06
 Reference value :  2.20258e-06
 Reference value :  2.20376e-06
 Reference value :  2.20811e-06
 Reference value :  2.21311e-06
 Reference value :  2.21911e-06
 Reference value :  2.22411e-06
 Reference value :  2.22961e-06
 Reference value :  2.23561e-06
 Reference value :  2.24061e-06
 Reference value :  2.24122e-06
 Reference value :  2.24134e-06
 Reference value :  2.24150e-06
 Reference value :  2.24195e-06
 Reference value :  2.24215e-06
 Reference value :  2.24226e-06
 Reference value :  2.24254e-06
 Reference value :  2.24278e-06
 Reference value :  2.24302e-06
 Reference value :  2.24317e-06
 Reference value :  2.24335e-06
 Reference value :  2.24367e-06
 Reference value :  2.24392e-06
 Reference value :  2.24422e-06
 Reference value :  2.24456e-06
 Reference value :  2.24490e-06
 Reference value :  2.24563e-06
 Reference value :  2.24877e-06
 Reference value :  2.25427e-06
 Reference value :  2.25927e-06
 Reference value :  2.26527e-06
 Reference value :  2.27227e-06
 Reference value :  2.27727e-06
 Reference value :  2.28283e-06
 Reference value :  2.28290e-06
 Reference value :  2.28303e-06
 Reference value :  2.28318e-06
 Reference value :  2.28350e-06
 Reference value :  2.28360e-06
 Reference value :  2.28369e-06
 Reference value :  2.28383e-06
 Reference value :  2.28396e-06
 Reference value :  2.28421e-06
 Reference value :  2.28441e-06
 Reference value :  2.28449e-06
 Reference value :  2.28462e-06
 Reference value :  2.28480e-06
 Reference value :  2.28501e-06
 Reference value :  2.28521e-06
 Reference value :  2.28544e-06
 Reference value :  2.28578e-06
 Reference value :  2.28631e-06
 Reference value :  2.28859e-06
 Reference value :  2.29459e-06
 Reference value :  2.30009e-06
 Reference value :  2.30559e-06
 Reference value :  2.31059e-06
 Reference value :  2.31559e-06
 Reference value :  2.32109e-06
 Reference value :  2.32452e-06
 Reference value :  2.32460e-06
 Reference value :  2.32472e-06
 Reference value :  2.32495e-06
 Reference value :  2.32527e-06
 Reference value :  2.32546e-06
 Reference value :  2.32566e-06
 Reference value :  2.32592e-06
 Reference value :  2.32621e-06
 Reference value :  2.32650e-06
 Reference value :  2.32703e-06
 Reference value :  2.32750e-06
 Reference value :  2.32784e-06
 Reference value :  2.32820e-06
 Reference value :  2.33019e-06
 Reference value :  2.33369e-06
 Reference value :  2.33526e-06
 Reference value :  2.33939e-06
 Reference value :  2.34439e-06
 Reference value :  2.35039e-06
 Reference value :  2.35539e-06
 Reference value :  2.36039e-06
 Reference value :  2.36539e-06
 Reference value :  2.36623e-06
 Reference value :  2.36633e-06
 Reference value :  2.36645e-06
 Reference value :  2.36670e-06
 Reference value :  2.36688e-06
 Reference value :  2.36695e-06
 Reference value :  2.36707e-06
 Reference value :  2.36717e-06
 Reference value :  2.36739e-06
 Reference value :  2.36758e-06
 Reference value :  2.36778e-06
 Reference value :  2.36807e-06
 Reference value :  2.36832e-06
 Reference value :  2.36859e-06
 Reference value :  2.36896e-06
 Reference value :  2.36969e-06
 Reference value :  2.37274e-06
 Reference value :  2.37874e-06
 Reference value :  2.38374e-06
 Reference value :  2.38874e-06
 Reference value :  2.39424e-06
 Reference value :  2.39924e-06
 Reference value :  2.40424e-06
 Reference value :  2.40786e-06
 Reference value :  2.40793e-06
 Reference value :  2.40805e-06
 Reference value :  2.40828e-06
 Reference value :  2.40861e-06
 Reference value :  2.40879e-06
 Reference value :  2.40893e-06
 Reference value :  2.40920e-06
 Reference value :  2.40947e-06
 Reference value :  2.40979e-06
 Reference value :  2.41049e-06
 Reference value :  2.41147e-06
 Reference value :  2.41279e-06
 Reference value :  2.41654e-06
 Reference value :  2.41748e-06
 Reference value :  2.41851e-06
 Reference value :  2.41876e-06
 Reference value :  2.41889e-06
 Reference value :  2.41906e-06
 Reference value :  2.41928e-06
 Reference value :  2.41960e-06
 Reference value :  2.42043e-06
 Reference value :  2.42429e-06
 Reference value :  2.42979e-06
 Reference value :  2.43479e-06
 Reference value :  2.44029e-06
 Reference value :  2.44529e-06
 Reference value :  2.44951e-06
 Reference value :  2.44958e-06
 Reference value :  2.44968e-06
 Reference value :  2.44985e-06
 Reference value :  2.45010e-06
 Reference value :  2.45026e-06
 Reference value :  2.45033e-06
 Reference value :  2.45049e-06
 Reference value :  2.45060e-06
 Reference value :  2.45096e-06
 Reference value :  2.45110e-06
 Reference value :  2.45127e-06
 Reference value :  2.45141e-06
 Reference value :  2.45162e-06
 Reference value :  2.45183e-06
 Reference value :  2.45208e-06
 Reference value :  2.45236e-06
 Reference value :  2.45289e-06
 Reference value :  2.45402e-06
 Reference value :  2.45919e-06
 Reference value :  2.46419e-06
 Reference value :  2.46919e-06
 Reference value :  2.47469e-06
 Reference value :  2.47969e-06
 Reference value :  2.48469e-06
 Reference value :  2.49019e-06
 Reference value :  2.49123e-06
 Reference value :  2.49132e-06
 Reference value :  2.49146e-06
 Reference value :  2.49198e-06
 Reference value :  2.49225e-06
 Reference value :  2.49249e-06
 Reference value :  2.49279e-06
 Reference value :  2.49341e-06
 Reference value :  2.49392e-06
 Reference value :  2.49425e-06
 Reference value :  2.49447e-06
 Reference value :  2.49493e-06
 Reference value :  2.49741e-06
 Reference value :  2.50076e-06
 Reference value :  2.50386e-06
 Reference value :  2.50886e-06
 Reference value :  2.51386e-06
 Reference value :  2.51936e-06
 Reference value :  2.52486e-06
 Reference value :  2.52986e-06
 Reference value :  2.53287e-06
 Reference value :  2.53302e-06
 Reference value :  2.53320e-06
 Reference value :  2.53347e-06
 Reference value :  2.53360e-06
 Reference value :  2.53372e-06
 Reference value :  2.53384e-06
 Reference value :  2.53407e-06
 Reference value :  2.53430e-06
 Reference value :  2.53459e-06
 Reference value :  2.53486e-06
 Reference value :  2.53518e-06
 Reference value :  2.53548e-06
 Reference value :  2.53618e-06
 Reference value :  2.54037e-06
 Reference value :  2.54937e-06
 Reference value :  2.55687e-06
 Reference value :  2.56237e-06
 Reference value :  2.56937e-06
 Reference value :  2.57451e-06
 Reference value :  2.57464e-06
 Reference value :  2.57479e-06
 Reference value :  2.57538e-06
 Reference value :  2.57552e-06
 Reference value :  2.57572e-06
 Reference value :  2.57609e-06
 Reference value :  2.57666e-06
 Reference value :  2.57754e-06
 Reference value :  2.57777e-06
 Reference value :  2.57809e-06
 Reference value :  2.58000e-06
 Reference value :  2.58400e-06
 Reference value :  2.58609e-06
 Reference value :  2.58969e-06
 Reference value :  2.59469e-06
 Reference value :  2.60119e-06
 Reference value :  2.60619e-06
 Reference value :  2.61169e-06
 Reference value :  2.61617e-06
 Reference value :  2.61628e-06
 Reference value :  2.61641e-06
 Reference value :  2.61656e-06
 Reference value :  2.61682e-06
 Reference value :  2.61695e-06
 Reference value :  2.61702e-06
 Reference value :  2.61715e-06
 Reference value :  2.61731e-06
 Reference value :  2.61765e-06
 Reference value :  2.61789e-06
 Reference value :  2.61814e-06
 Reference value :  2.61837e-06
 Reference value :  2.61872e-06
 Reference value :  2.61913e-06
 Reference value :  2.62043e-06
 Reference value :  2.62462e-06
 Reference value :  2.62962e-06
 Reference value :  2.63512e-06
 Reference value :  2.64012e-06
 Reference value :  2.64512e-06
 Reference value :  2.64962e-06
 Reference value :  2.65512e-06
 Reference value :  2.65786e-06
 Reference value :  2.65795e-06
 Reference value :  2.65805e-06
 Reference value :  2.65829e-06
 Reference value :  2.65860e-06
 Reference value :  2.65880e-06
 Reference value :  2.65897e-06
 Reference value :  2.65918e-06
 Reference value :  2.65942e-06
 Reference value :  2.65970e-06
 Reference value :  2.66013e-06
 Reference value :  2.66105e-06
 Reference value :  2.66202e-06
 Reference value :  2.66514e-06
 Reference value :  2.66736e-06
 Reference value :  2.67049e-06
 Reference value :  2.67649e-06
 Reference value :  2.68249e-06
 Reference value :  2.68799e-06
 Reference value :  2.69349e-06
 Reference value :  2.69899e-06
 Reference value :  2.69954e-06
 Reference value :  2.69965e-06
 Reference value :  2.69976e-06
 Reference value :  2.69991e-06
 Reference value :  2.70017e-06
 Reference value :  2.70028e-06
 Reference value :  2.70037e-06
 Reference value :  2.70046e-06
 Reference value :  2.70062e-06
 Reference value :  2.70083e-06
 Reference value :  2.70095e-06
 Reference value :  2.70117e-06
 Reference value :  2.70141e-06
 Reference value :  2.70167e-06
 Reference value :  2.70190e-06
 Reference value :  2.70220e-06
 Reference value :  2.70267e-06
 Reference value :  2.70425e-06
 Reference value :  2.70864e-06
 Reference value :  2.71414e-06
 Reference value :  2.71914e-06
 Reference value :  2.72464e-06
 Reference value :  2.72964e-06
 Reference value :  2.73514e-06
 Reference value :  2.74014e-06
 Reference value :  2.74121e-06
 Reference value :  2.74132e-06
 Reference value :  2.74143e-06
 Reference value :  2.74178e-06
 Reference value :  2.74204e-06
 Reference value :  2.74223e-06
 Reference value :  2.74245e-06
 Reference value :  2.74268e-06
 Reference value :  2.74296e-06
 Reference value :  2.74336e-06
 Reference value :  2.74393e-06
 Reference value :  2.74434e-06
 Reference value :  2.74463e-06
 Reference value :  2.74546e-06
 Reference value :  2.74959e-06
 Reference value :  2.75086e-06
 Reference value :  2.75255e-06
 Reference value :  2.75825e-06
 Reference value :  2.76275e-06
 Reference value :  2.76775e-06
 Reference value :  2.77275e-06
 Reference value :  2.77725e-06
 Reference value :  2.78254e-06
 Reference value :  2.78289e-06
 Reference value :  2.78299e-06
 Reference value :  2.78311e-06
 Reference value :  2.78336e-06
 Reference value :  2.78358e-06
 Reference value :  2.78366e-06
 Reference value :  2.78378e-06
 Reference value :  2.78387e-06
 Reference value :  2.78407e-06
 Reference value :  2.78427e-06
 Reference value :  2.78450e-06
 Reference value :  2.78478e-06
 Reference value :  2.78504e-06
 Reference value :  2.78533e-06
 Reference value :  2.78573e-06
 Reference value :  2.78650e-06
 Reference value :  2.79010e-06
 Reference value :  2.79610e-06
 Reference value :  2.80160e-06
 Reference value :  2.80660e-06
 Reference value :  2.81210e-06
 Reference value :  2.81710e-06
 Reference value :  2.82310e-06
 Reference value :  2.82455e-06
 Reference value :  2.82464e-06
 Reference value :  2.82477e-06
 Reference value :  2.82529e-06
 Reference value :  2.82548e-06
 Reference value :  2.82563e-06
 Reference value :  2.82587e-06
 Reference value :  2.82621e-06
 Reference value :  2.82667e-06
 Reference value :  2.82752e-06
 Reference value :  2.82776e-06
 Reference value :  2.82823e-06
 Reference value :  2.83213e-06
 Reference value :  2.83387e-06
 Reference value :  2.83501e-06
 Reference value :  2.83665e-06
 Reference value :  2.84080e-06
 Reference value :  2.84672e-06
 Reference value :  2.85322e-06
 Reference value :  2.85872e-06
 Reference value :  2.86372e-06
 Reference value :  2.86624e-06
 Reference value :  2.86635e-06
 Reference value :  2.86646e-06
 Reference value :  2.86665e-06
 Reference value :  2.86690e-06
 Reference value :  2.86695e-06
 Reference value :  2.86703e-06
 Reference value :  2.86717e-06
 Reference value :  2.86738e-06
 Reference value :  2.86754e-06
 Reference value :  2.86774e-06
 Reference value :  2.86804e-06
 Reference value :  2.86823e-06
 Reference value :  2.86849e-06
 Reference value :  2.86878e-06
 Reference value :  2.86947e-06
 Reference value :  2.87133e-06
 Reference value :  2.87633e-06
 Reference value :  2.88133e-06
 Reference value :  2.88783e-06
 Reference value :  2.89383e-06
 Reference value :  2.89883e-06
 Reference value :  2.90383e-06
 Reference value :  2.90787e-06
 Reference value :  2.90796e-06
 Reference value :  2.90805e-06
 Reference value :  2.90833e-06
 Reference value :  2.90884e-06
 Reference value :  2.90903e-06
 Reference value :  2.90929e-06
 Reference value :  2.90992e-06
 Reference value :  2.91042e-06
 Reference value :  2.91076e-06
 Reference value :  2.91104e-06
 Reference value :  2.91151e-06
 Reference value :  2.91521e-06
 Reference value :  2.91792e-06
 Reference value :  2.91898e-06
 Reference value :  2.92220e-06
 Reference value :  2.92768e-06
 Reference value :  2.93318e-06
 Reference value :  2.94018e-06
 Reference value :  2.94518e-06
 Reference value :  2.94951e-06
 Reference value :  2.94961e-06
 Reference value :  2.94974e-06
 Reference value :  2.94989e-06
 Reference value :  2.95007e-06
 Reference value :  2.95020e-06
 Reference value :  2.95029e-06
 Reference value :  2.95042e-06
 Reference value :  2.95049e-06
 Reference value :  2.95060e-06
 Reference value :  2.95082e-06
 Reference value :  2.95103e-06
 Reference value :  2.95129e-06
 Reference value :  2.95158e-06
 Reference value :  2.95195e-06
 Reference value :  2.95229e-06
 Reference value :  2.95328e-06
 Reference value :  2.95759e-06
 Reference value :  2.96309e-06
 Reference value :  2.96809e-06
 Reference value :  2.97309e-06
 Reference value :  2.97809e-06
 Reference value :  2.98459e-06
 Reference value :  2.98959e-06
 Reference value :  2.99120e-06
 Reference value :  2.99132e-06
 Reference value :  2.99149e-06
 Reference value :  2.99194e-06
 Reference value :  2.99207e-06
 Reference value :  2.99229e-06
 Reference value :  2.99259e-06
 Reference value :  2.99287e-06
 Reference value :  2.99326e-06
 Reference value :  2.99396e-06
 Reference value :  2.99434e-06
 Reference value :  2.99465e-06
 Reference value :  2.99731e-06
 Reference value :  3.00123e-06
 Reference value :  3.00283e-06
 Reference value :  3.00417e-06
 Reference value :  3.00841e-06
 Reference value :  3.01391e-06
 Reference value :  3.01991e-06
 Reference value :  3.02591e-06
 Reference value :  3.03091e-06
 Reference value :  3.03292e-06
 Reference value :  3.03305e-06
 Reference value :  3.03325e-06
 Reference value :  3.03356e-06
 Reference value :  3.03367e-06
 Reference value :  3.03387e-06
 Reference value :  3.03409e-06
 Reference value :  3.03434e-06
 Reference value :  3.03466e-06
 Reference value :  3.03499e-06
 Reference value :  3.03525e-06
 Reference value :  3.03547e-06
 Reference value :  3.03593e-06
 Reference value :  3.03719e-06
 Reference value :  3.04179e-06
 Reference value :  3.04679e-06
 Reference value :  3.05379e-06
 Reference value :  3.05929e-06
 Reference value :  3.06429e-06
 Reference value :  3.06979e-06
 Reference value :  3.07451e-06
 Reference value :  3.07458e-06
 Reference value :  3.07468e-06
 Reference value :  3.07490e-06
 Reference value :  3.07532e-06
 Reference value :  3.07556e-06
 Reference value :  3.07581e-06
 Reference value :  3.07608e-06
 Reference value :  3.07630e-06
 Reference value :  3.07669e-06
 Reference value :  3.07744e-06
 Reference value :  3.07776e-06
 Reference value :  3.07826e-06
 Reference value :  3.08210e-06
 Reference value :  3.08441e-06
 Reference value :  3.08592e-06
 Reference value :  3.08644e-06
 Reference value :  3.08737e-06
 Reference value :  3.09117e-06
 Reference value :  3.09667e-06
 Reference value :  3.10267e-06
 Reference value :  3.10767e-06
 Reference value :  3.11317e-06
 Reference value :  3.11620e-06
 Reference value :  3.11630e-06
 Reference value :  3.11639e-06
 Reference value :  3.11659e-06
 Reference value :  3.11689e-06
 Reference value :  3.11697e-06
 Reference value :  3.11708e-06
 Reference value :  3.11718e-06
 Reference value :  3.11738e-06
 Reference value :  3.11751e-06
 Reference value :  3.11767e-06
 Reference value :  3.11783e-06
 Reference value :  3.11793e-06
 Reference value :  3.11807e-06
 Reference value :  3.11823e-06
 Reference value :  3.11841e-06
 Reference value :  3.11856e-06
 Reference value :  3.11875e-06
 Reference value :  3.11915e-06
 Reference value :  3.12062e-06
 Reference value :  3.12499e-06
 Reference value :  3.12999e-06
 Reference value :  3.13599e-06
 Reference value :  3.14149e-06
 Reference value :  3.14649e-06
 Reference value :  3.15149e-06
 Reference value :  3.15699e-06
 Reference value :  3.15790e-06
 Reference value :  3.15802e-06
 Reference value :  3.15815e-06
 Reference value :  3.15846e-06
 Reference value :  3.15869e-06
 Reference value :  3.15893e-06
 Reference value :  3.15917e-06
 Reference value :  3.15935e-06
 Reference value :  3.15970e-06
 Reference value :  3.15993e-06
 Reference value :  3.16009e-06
 Reference value :  3.16044e-06
 Reference value :  3.16084e-06
 Reference value :  3.16131e-06
 Reference value :  3.16207e-06
 Reference value :  3.16249e-06
 Reference value :  3.16270e-06
 Reference value :  3.16286e-06
 Reference value :  3.16305e-06
 Reference value :  3.16328e-06
 Reference value :  3.16377e-06
 Reference value :  3.16570e-06
 Reference value :  3.17155e-06
 Reference value :  3.17655e-06
 Reference value :  3.18155e-06
 Reference value :  3.18805e-06
 Reference value :  3.19305e-06
 Reference value :  3.19805e-06
 Reference value :  3.19956e-06
 Reference value :  3.19973e-06
 Reference value :  3.19983e-06
 Reference value :  3.20007e-06
 Reference value :  3.20025e-06
 Reference value :  3.20034e-06
 Reference value :  3.20049e-06
 Reference value :  3.20056e-06
 Reference value :  3.20067e-06
 Reference value :  3.20081e-06
 Reference value :  3.20092e-06
 Reference value :  3.20115e-06
 Reference value :  3.20127e-06
 Reference value :  3.20165e-06
 Reference value :  3.20191e-06
 Reference value :  3.20241e-06
 Reference value :  3.20324e-06
 Reference value :  3.20628e-06
 Reference value :  3.21178e-06
 Reference value :  3.21778e-06
 Reference value :  3.22328e-06
 Reference value :  3.22828e-06
 Reference value :  3.23428e-06
 Reference value :  3.23978e-06
 Reference value :  3.24123e-06
 Reference value :  3.24135e-06
 Reference value :  3.24154e-06
 Reference value :  3.24207e-06
 Reference value :  3.24226e-06
 Reference value :  3.24246e-06
 Reference value :  3.24271e-06
 Reference value :  3.24294e-06
 Reference value :  3.24324e-06
 Reference value :  3.24343e-06
 Reference value :  3.24398e-06
 Reference value :  3.24484e-06
 Reference value :  3.24516e-06
 Reference value :  3.24550e-06
 Reference value :  3.24581e-06
 Reference value :  3.24614e-06
 Reference value :  3.24674e-06
 Reference value :  3.24789e-06
 Reference value :  3.25277e-06
 Reference value :  3.25877e-06
 Reference value :  3.26427e-06
 Reference value :  3.26977e-06
 Reference value :  3.27477e-06
 Reference value :  3.28177e-06
 Reference value :  3.28288e-06
 Reference value :  3.28299e-06
 Reference value :  3.28311e-06
 Reference value :  3.28339e-06
 Reference value :  3.28359e-06
 Reference value :  3.28367e-06
 Reference value :  3.28379e-06
 Reference value :  3.28397e-06
 Reference value :  3.28426e-06
 Reference value :  3.28444e-06
 Reference value :  3.28455e-06
 Reference value :  3.28467e-06
 Reference value :  3.28487e-06
 Reference value :  3.28510e-06
 Reference value :  3.28536e-06
 Reference value :  3.28558e-06
 Reference value :  3.28618e-06
 Reference value :  3.28736e-06
 Reference value :  3.29207e-06
 Reference value :  3.29857e-06
 Reference value :  3.30457e-06
 Reference value :  3.30957e-06
 Reference value :  3.31507e-06
 Reference value :  3.32007e-06
 Reference value :  3.32453e-06
 Reference value :  3.32465e-06
 Reference value :  3.32477e-06
 Reference value :  3.32527e-06
 Reference value :  3.32544e-06
 Reference value :  3.32560e-06
 Reference value :  3.32584e-06
 Reference value :  3.32620e-06
 Reference value :  3.32647e-06
 Reference value :  3.32671e-06
 Reference value :  3.32689e-06
 Reference value :  3.32725e-06
 Reference value :  3.32811e-06
 Reference value :  3.32898e-06
 Reference value :  3.33154e-06
 Reference value :  3.33804e-06
 Reference value :  3.34504e-06
 Reference value :  3.35204e-06
 Reference value :  3.35804e-06
 Reference value :  3.36354e-06
 Reference value :  3.36619e-06
 Reference value :  3.36631e-06
 Reference value :  3.36644e-06
 Reference value :  3.36665e-06
 Reference value :  3.36691e-06
 Reference value :  3.36700e-06
 Reference value :  3.36711e-06
 Reference value :  3.36720e-06
 Reference value :  3.36742e-06
 Reference value :  3.36767e-06
 Reference value :  3.36791e-06
 Reference value :  3.36810e-06
 Reference value :  3.36831e-06
 Reference value :  3.36853e-06
 Reference value :  3.36899e-06
 Reference value :  3.36982e-06
 Reference value :  3.37362e-06
 Reference value :  3.37862e-06
 Reference value :  3.38412e-06
 Reference value :  3.38912e-06
 Reference value :  3.39562e-06
 Reference value :  3.40112e-06
 Reference value :  3.40612e-06
 Reference value :  3.40787e-06
 Reference value :  3.40798e-06
 Reference value :  3.40809e-06
 Reference value :  3.40841e-06
 Reference value :  3.40859e-06
 Reference value :  3.40875e-06
 Reference value :  3.40894e-06
 Reference value :  3.40917e-06
 Reference value :  3.40943e-06
 Reference value :  3.40969e-06
 Reference value :  3.40990e-06
 Reference value :  3.41009e-06
 Reference value :  3.41029e-06
 Reference value :  3.41068e-06
 Reference value :  3.41146e-06
 Reference value :  3.41302e-06
 Reference value :  3.41634e-06
 Reference value :  3.42184e-06
 Reference value :  3.42734e-06
 Reference value :  3.43284e-06
 Reference value :  3.43784e-06
 Reference value :  3.44334e-06
 Reference value :  3.44834e-06
 Reference value :  3.44955e-06
 Reference value :  3.44965e-06
 Reference value :  3.44976e-06
 Reference value :  3.44992e-06
 Reference value :  3.45022e-06
 Reference value :  3.45029e-06
 Reference value :  3.45039e-06
 Reference value :  3.45050e-06
 Reference value :  3.45071e-06
 Reference value :  3.45114e-06
 Reference value :  3.45137e-06
 Reference value :  3.45158e-06
 Reference value :  3.45183e-06
 Reference value :  3.45221e-06
 Reference value :  3.45297e-06
 Reference value :  3.45651e-06
 Reference value :  3.46201e-06
 Reference value :  3.46901e-06
 Reference value :  3.47851e-06
 Reference value :  3.48701e-06
 Reference value :  3.49120e-06
 Reference value :  3.49131e-06
 Reference value :  3.49142e-06
 Reference value :  3.49183e-06
 Reference value :  3.49193e-06
 Reference value :  3.49209e-06
 Reference value :  3.49224e-06
 Reference value :  3.49245e-06
 Reference value :  3.49272e-06
 Reference value :  3.49298e-06
 Reference value :  3.49322e-06
 Reference value :  3.49341e-06
 Reference value :  3.49356e-06
 Reference value :  3.49411e-06
 Reference value :  3.49494e-06
 Reference value :  3.49566e-06
 Reference value :  3.49743e-06
 Reference value :  3.50213e-06
 Reference value :  3.50713e-06
 Reference value :  3.51263e-06
 Reference value :  3.51763e-06
 Reference value :  3.52313e-06
 Reference value :  3.52913e-06
 Reference value :  3.53285e-06
 Reference value :  3.53294e-06
 Reference value :  3.53304e-06
 Reference value :  3.53320e-06
 Reference value :  3.53356e-06
 Reference value :  3.53362e-06
 Reference value :  3.53372e-06
 Reference value :  3.53384e-06
 Reference value :  3.53409e-06
 Reference value :  3.53435e-06
 Reference value :  3.53453e-06
 Reference value :  3.53481e-06
 Reference value :  3.53506e-06
 Reference value :  3.53539e-06
 Reference value :  3.53580e-06
 Reference value :  3.53683e-06
 Reference value :  3.54238e-06
 Reference value :  3.54838e-06
 Reference value :  3.55338e-06
 Reference value :  3.55888e-06
 Reference value :  3.56488e-06
 Reference value :  3.57388e-06
 Reference value :  3.57456e-06
 Reference value :  3.57468e-06
 Reference value :  3.57500e-06
 Reference value :  3.57538e-06
 Reference value :  3.57556e-06
 Reference value :  3.57579e-06
 Reference value :  3.57612e-06
 Reference value :  3.57646e-06
 Reference value :  3.57669e-06
 Reference value :  3.57708e-06
 Reference value :  3.57827e-06
 Reference value :  3.57942e-06
 Reference value :  3.58091e-06
 Reference value :  3.58721e-06
 Reference value :  3.59321e-06
 Reference value :  3.59971e-06
 Reference value :  3.60621e-06
 Reference value :  3.61171e-06
 Reference value :  3.61617e-06
 Reference value :  3.61628e-06
 Reference value :  3.61638e-06
 Reference value :  3.61653e-06
 Reference value :  3.61684e-06
 Reference value :  3.61695e-06
 Reference value :  3.61705e-06
 Reference value :  3.61717e-06
 Reference value :  3.61738e-06
 Reference value :  3.61763e-06
 Reference value :  3.61797e-06
 Reference value :  3.61823e-06
 Reference value :  3.61845e-06
 Reference value :  3.61877e-06
 Reference value :  3.61929e-06
 Reference value :  3.62099e-06
 Reference value :  3.62699e-06
 Reference value :  3.63199e-06
 Reference value :  3.63749e-06
 Reference value :  3.64249e-06
 Reference value :  3.64749e-06
 Reference value :  3.65299e-06
 Reference value :  3.65784e-06
 Reference value :  3.65794e-06
 Reference value :  3.65805e-06
 Reference value :  3.65833e-06
 Reference value :  3.65884e-06
 Reference value :  3.65905e-06
 Reference value :  3.65946e-06
 Reference value :  3.65992e-06
 Reference value :  3.66048e-06
 Reference value :  3.66124e-06
 Reference value :  3.66209e-06
 Reference value :  3.66546e-06
 Reference value :  3.67296e-06
 Reference value :  3.67996e-06
 Reference value :  3.68746e-06
 Reference value :  3.69496e-06
 Reference value :  3.69952e-06
 Reference value :  3.69966e-06
 Reference value :  3.69985e-06
 Reference value :  3.70017e-06
 Reference value :  3.70028e-06
 Reference value :  3.70038e-06
 Reference value :  3.70048e-06
 Reference value :  3.70065e-06
 Reference value :  3.70087e-06
 Reference value :  3.70106e-06
 Reference value :  3.70133e-06
 Reference value :  3.70159e-06
 Reference value :  3.70190e-06
 Reference value :  3.70229e-06
 Reference value :  3.70334e-06
 Reference value :  3.70734e-06
 Reference value :  3.71234e-06
 Reference value :  3.71784e-06
 Reference value :  3.72434e-06
 Reference value :  3.73034e-06
 Reference value :  3.73584e-06
 Reference value :  3.74117e-06
 Reference value :  3.74126e-06
 Reference value :  3.74136e-06
 Reference value :  3.74175e-06
 Reference value :  3.74193e-06
 Reference value :  3.74210e-06
 Reference value :  3.74223e-06
 Reference value :  3.74244e-06
 Reference value :  3.74268e-06
 Reference value :  3.74298e-06
 Reference value :  3.74319e-06
 Reference value :  3.74336e-06
 Reference value :  3.74362e-06
 Reference value :  3.74408e-06
 Reference value :  3.74462e-06
 Reference value :  3.74508e-06
 Reference value :  3.74532e-06
 Reference value :  3.74562e-06
 Reference value :  3.74651e-06
 Reference value :  3.75149e-06
 Reference value :  3.75999e-06
 Reference value :  3.76549e-06
 Reference value :  3.77149e-06
 Reference value :  3.77699e-06
 Reference value :  3.78241e-06
 Reference value :  3.78292e-06
 Reference value :  3.78302e-06
 Reference value :  3.78313e-06
 Reference value :  3.78345e-06
 Reference value :  3.78358e-06
 Reference value :  3.78372e-06
 Reference value :  3.78385e-06
 Reference value :  3.78407e-06
 Reference value :  3.78427e-06
 Reference value :  3.78450e-06
 Reference value :  3.78472e-06
 Reference value :  3.78499e-06
 Reference value :  3.78517e-06
 Reference value :  3.78547e-06
 Reference value :  3.78614e-06
 Reference value :  3.78904e-06
 Reference value :  3.79454e-06
 Reference value :  3.80004e-06
 Reference value :  3.80504e-06
 Reference value :  3.81154e-06
 Reference value :  3.81704e-06
 Reference value :  3.82204e-06
 Reference value :  3.82453e-06
 Reference value :  3.82464e-06
 Reference value :  3.82477e-06
 Reference value :  3.82530e-06
 Reference value :  3.82554e-06
 Reference value :  3.82568e-06
 Reference value :  3.82603e-06
 Reference value :  3.82636e-06
 Reference value :  3.82657e-06
 Reference value :  3.82675e-06
 Reference value :  3.82705e-06
 Reference value :  3.82770e-06
 Reference value :  3.82818e-06
 Reference value :  3.82845e-06
 Reference value :  3.82885e-06
 Reference value :  3.82934e-06
 Reference value :  3.83213e-06
 Reference value :  3.83763e-06
 Reference value :  3.84313e-06
 Reference value :  3.84863e-06
 Reference value :  3.85363e-06
 Reference value :  3.85913e-06
 Reference value :  3.86463e-06
 Reference value :  3.86620e-06
 Reference value :  3.86631e-06
 Reference value :  3.86640e-06
 Reference value :  3.86656e-06
 Reference value :  3.86683e-06
 Reference value :  3.86695e-06
 Reference value :  3.86706e-06
 Reference value :  3.86717e-06
 Reference value :  3.86734e-06
 Reference value :  3.86755e-06
 Reference value :  3.86780e-06
 Reference value :  3.86799e-06
 Reference value :  3.86825e-06
 Reference value :  3.86849e-06
 Reference value :  3.86880e-06
 Reference value :  3.86934e-06
 Reference value :  3.87077e-06
 Reference value :  3.87548e-06
 Reference value :  3.88048e-06
 Reference value :  3.88548e-06
 Reference value :  3.89098e-06
 Reference value :  3.89648e-06
 Reference value :  3.90198e-06
 Reference value :  3.90741e-06
 Reference value :  3.90790e-06
 Reference value :  3.90800e-06
 Reference value :  3.90816e-06
 Reference value :  3.90860e-06
 Reference value :  3.90879e-06
 Reference value :  3.90893e-06
 Reference value :  3.90919e-06
 Reference value :  3.90947e-06
 Reference value :  3.90970e-06
 Reference value :  3.90989e-06
 Reference value :  3.91007e-06
 Reference value :  3.91036e-06
 Reference value :  3.91090e-06
 Reference value :  3.91137e-06
 Reference value :  3.91163e-06
 Reference value :  3.91211e-06
 Reference value :  3.91310e-06
 Reference value :  3.91699e-06
 Reference value :  3.92249e-06
 Reference value :  3.92799e-06
 Reference value :  3.93299e-06
 Reference value :  3.93849e-06
 Reference value :  3.94399e-06
 Reference value :  3.94924e-06
 Reference value :  3.94955e-06
 Reference value :  3.94966e-06
 Reference value :  3.94975e-06
 Reference value :  3.94995e-06
 Reference value :  3.95012e-06
 Reference value :  3.95025e-06
 Reference value :  3.95036e-06
 Reference value :  3.95044e-06
 Reference value :  3.95053e-06
 Reference value :  3.95064e-06
 Reference value :  3.95088e-06
 Reference value :  3.95105e-06
 Reference value :  3.95132e-06
 Reference value :  3.95159e-06
 Reference value :  3.95187e-06
 Reference value :  3.95221e-06
 Reference value :  3.95296e-06
 Reference value :  3.95581e-06
 Reference value :  3.96081e-06
 Reference value :  3.96581e-06
 Reference value :  3.97181e-06
 Reference value :  3.97681e-06
 Reference value :  3.98181e-06
 Reference value :  3.98681e-06
 Reference value :  3.99117e-06
 Reference value :  3.99127e-06
 Reference value :  3.99138e-06
 Reference value :  3.99175e-06
 Reference value :  3.99217e-06
 Reference value :  3.99239e-06
 Reference value :  3.99265e-06
 Reference value :  3.99302e-06
 Reference value :  3.99326e-06
 Reference value :  3.99351e-06
 Reference value :  3.99393e-06
 Reference value :  3.99460e-06
 Reference value :  3.99493e-06
 Reference value :  3.99513e-06
 Reference value :  3.99547e-06
 Reference value :  3.99618e-06
 Reference value :  3.99869e-06
 Reference value :  4.00405e-06
 Reference value :  4.00955e-06
 Reference value :  4.01505e-06
 Reference value :  4.02055e-06
 Reference value :  4.02605e-06
 Reference value :  4.03205e-06
 Reference value :  4.03290e-06
 Reference value :  4.03303e-06
 Reference value :  4.03320e-06
 Reference value :  4.03350e-06
 Reference value :  4.03362e-06
 Reference value :  4.03372e-06
 Reference value :  4.03384e-06
 Reference value :  4.03403e-06
 Reference value :  4.03426e-06
 Reference value :  4.03449e-06
 Reference value :  4.03474e-06
 Reference value :  4.03492e-06
 Reference value :  4.03520e-06
 Reference value :  4.03545e-06
 Reference value :  4.03590e-06
 Reference value :  4.03735e-06
 Reference value :  4.04247e-06
 Reference value :  4.04797e-06
 Reference value :  4.05297e-06
 Reference value :  4.05847e-06
 Reference value :  4.06397e-06
 Reference value :  4.06947e-06
 Reference value :  4.07450e-06
 Reference value :  4.07456e-06
 Reference value :  4.07469e-06
 Reference value :  4.07486e-06
 Reference value :  4.07533e-06
 Reference value :  4.07551e-06
 Reference value :  4.07575e-06
 Reference value :  4.07604e-06
 Reference value :  4.07631e-06
 Reference value :  4.07654e-06
 Reference value :  4.07674e-06
 Reference value :  4.07708e-06
 Reference value :  4.07768e-06
 Reference value :  4.07827e-06
 Reference value :  4.07859e-06
 Reference value :  4.07891e-06
 Reference value :  4.07964e-06
 Reference value :  4.08163e-06
 Reference value :  4.08689e-06
 Reference value :  4.09189e-06
 Reference value :  4.09689e-06
 Reference value :  4.10289e-06
 Reference value :  4.10839e-06
 Reference value :  4.11339e-06
 Reference value :  4.11621e-06
 Reference value :  4.11633e-06
 Reference value :  4.11644e-06
 Reference value :  4.11673e-06
 Reference value :  4.11691e-06
 Reference value :  4.11703e-06
 Reference value :  4.11718e-06
 Reference value :  4.11738e-06
 Reference value :  4.11752e-06
 Reference value :  4.11769e-06
 Reference value :  4.11781e-06
 Reference value :  4.11795e-06
 Reference value :  4.11816e-06
 Reference value :  4.11854e-06
 Reference value :  4.11919e-06
 Reference value :  4.12683e-06
 Reference value :  4.13483e-06
 Reference value :  4.14233e-06
 Reference value :  4.15033e-06
 Reference value :  4.15784e-06
 Reference value :  4.15796e-06
 Reference value :  4.15812e-06
 Reference value :  4.15864e-06
 Reference value :  4.15892e-06
 Reference value :  4.15930e-06
 Reference value :  4.15970e-06
 Reference value :  4.16000e-06
 Reference value :  4.16053e-06
 Reference value :  4.16078e-06
 Reference value :  4.16106e-06
 Reference value :  4.16170e-06
 Reference value :  4.16379e-06
 Reference value :  4.17159e-06
 Reference value :  4.18009e-06
 Reference value :  4.18909e-06
 Reference value :  4.19709e-06
 Reference value :  4.19957e-06
 Reference value :  4.19975e-06
 Reference value :  4.19993e-06
 Reference value :  4.20024e-06
 Reference value :  4.20037e-06
 Reference value :  4.20051e-06
 Reference value :  4.20061e-06
 Reference value :  4.20086e-06
 Reference value :  4.20096e-06
 Reference value :  4.20118e-06
 Reference value :  4.20139e-06
 Reference value :  4.20168e-06
 Reference value :  4.20222e-06
 Reference value :  4.20481e-06
 Reference value :  4.21271e-06
 Reference value :  4.22071e-06
 Reference value :  4.22821e-06
 Reference value :  4.23571e-06
 Reference value :  4.24121e-06
 Reference value :  4.24136e-06
 Reference value :  4.24193e-06
 Reference value :  4.24217e-06
 Reference value :  4.24245e-06
 Reference value :  4.24284e-06
 Reference value :  4.24311e-06
 Reference value :  4.24347e-06
 Reference value :  4.24391e-06
 Reference value :  4.24417e-06
 Reference value :  4.24456e-06
 Reference value :  4.24623e-06
 Reference value :  4.25391e-06
 Reference value :  4.26241e-06
 Reference value :  4.27091e-06
 Reference value :  4.27941e-06
 Reference value :  4.28293e-06
 Reference value :  4.28309e-06
 Reference value :  4.28339e-06
 Reference value :  4.28362e-06
 Reference value :  4.28375e-06
 Reference value :  4.28402e-06
 Reference value :  4.28426e-06
 Reference value :  4.28464e-06
 Reference value :  4.28515e-06
 Reference value :  4.28569e-06
 Reference value :  4.28660e-06
 Reference value :  4.29276e-06
 Reference value :  4.30026e-06
 Reference value :  4.30876e-06
 Reference value :  4.31876e-06
 Reference value :  4.32454e-06
 Reference value :  4.32468e-06
 Reference value :  4.32502e-06
 Reference value :  4.32547e-06
 Reference value :  4.32570e-06
 Reference value :  4.32609e-06
 Reference value :  4.32677e-06
 Reference value :  4.32766e-06
 Reference value :  4.32826e-06
 Reference value :  4.33324e-06
 Reference value :  4.33450e-06
 Reference value :  4.33538e-06
 Reference value :  4.33561e-06
 Reference value :  4.33600e-06
 Reference value :  4.33675e-06
 Reference value :  4.34195e-06
 Reference value :  4.35145e-06
 Reference value :  4.35895e-06
 Reference value :  4.36617e-06
 Reference value :  4.36633e-06
 Reference value :  4.36661e-06
 Reference value :  4.36690e-06
 Reference value :  4.36704e-06
 Reference value :  4.36717e-06
 Reference value :  4.36753e-06
 Reference value :  4.36779e-06
 Reference value :  4.36803e-06
 Reference value :  4.36824e-06
 Reference value :  4.36848e-06
 Reference value :  4.36873e-06
 Reference value :  4.36909e-06
 Reference value :  4.36976e-06
 Reference value :  4.37461e-06
 Reference value :  4.37961e-06
 Reference value :  4.38561e-06
 Reference value :  4.39061e-06
 Reference value :  4.39611e-06
 Reference value :  4.40161e-06
 Reference value :  4.40747e-06
 Reference value :  4.40790e-06
 Reference value :  4.40799e-06
 Reference value :  4.40814e-06
 Reference value :  4.40861e-06
 Reference value :  4.40878e-06
 Reference value :  4.40897e-06
 Reference value :  4.40924e-06
 Reference value :  4.40951e-06
 Reference value :  4.40985e-06
 Reference value :  4.41075e-06
 Reference value :  4.41147e-06
 Reference value :  4.41332e-06
 Reference value :  4.41660e-06
 Reference value :  4.41797e-06
 Reference value :  4.41844e-06
 Reference value :  4.41913e-06
 Reference value :  4.42325e-06
 Reference value :  4.42875e-06
 Reference value :  4.43425e-06
 Reference value :  4.43975e-06
 Reference value :  4.44525e-06
 Reference value :  4.44951e-06
 Reference value :  4.44960e-06
 Reference value :  4.44970e-06
 Reference value :  4.44985e-06
 Reference value :  4.45010e-06
 Reference value :  4.45026e-06
 Reference value :  4.45036e-06
 Reference value :  4.45050e-06
 Reference value :  4.45076e-06
 Reference value :  4.45097e-06
 Reference value :  4.45115e-06
 Reference value :  4.45140e-06
 Reference value :  4.45168e-06
 Reference value :  4.45194e-06
 Reference value :  4.45247e-06
 Reference value :  4.45408e-06
 Reference value :  4.45993e-06
 Reference value :  4.46543e-06
 Reference value :  4.47043e-06
 Reference value :  4.47743e-06
 Reference value :  4.48293e-06
 Reference value :  4.48843e-06
 Reference value :  4.49122e-06
 Reference value :  4.49136e-06
 Reference value :  4.49198e-06
 Reference value :  4.49226e-06
 Reference value :  4.49246e-06
 Reference value :  4.49271e-06
 Reference value :  4.49310e-06
 Reference value :  4.49348e-06
 Reference value :  4.49399e-06
 Reference value :  4.49425e-06
 Reference value :  4.49465e-06
 Reference value :  4.49524e-06
 Reference value :  4.49923e-06
 Reference value :  4.50066e-06
 Reference value :  4.50188e-06
 Reference value :  4.50213e-06
 Reference value :  4.50228e-06
 Reference value :  4.50248e-06
 Reference value :  4.50283e-06
 Reference value :  4.50349e-06
 Reference value :  4.50653e-06
 Reference value :  4.51203e-06
 Reference value :  4.51703e-06
 Reference value :  4.52203e-06
 Reference value :  4.52703e-06
 Reference value :  4.53203e-06
 Reference value :  4.53290e-06
 Reference value :  4.53303e-06
 Reference value :  4.53324e-06
 Reference value :  4.53350e-06
 Reference value :  4.53361e-06
 Reference value :  4.53372e-06
 Reference value :  4.53384e-06
 Reference value :  4.53411e-06
 Reference value :  4.53433e-06
 Reference value :  4.53446e-06
 Reference value :  4.53461e-06
 Reference value :  4.53493e-06
 Reference value :  4.53530e-06
 Reference value :  4.53570e-06
 Reference value :  4.53629e-06
 Reference value :  4.53918e-06
 Reference value :  4.54468e-06
 Reference value :  4.55018e-06
 Reference value :  4.55568e-06
 Reference value :  4.56118e-06
 Reference value :  4.56718e-06
 Reference value :  4.57268e-06
 Reference value :  4.57454e-06
 Reference value :  4.57466e-06
 Reference value :  4.57480e-06
 Reference value :  4.57528e-06
 Reference value :  4.57550e-06
 Reference value :  4.57566e-06
 Reference value :  4.57599e-06
 Reference value :  4.57631e-06
 Reference value :  4.57683e-06
 Reference value :  4.57757e-06
 Reference value :  4.57781e-06
 Reference value :  4.57824e-06
 Reference value :  4.58050e-06
 Reference value :  4.58350e-06
 Reference value :  4.58465e-06
 Reference value :  4.58537e-06
 Reference value :  4.58551e-06
 Reference value :  4.58568e-06
 Reference value :  4.58596e-06
 Reference value :  4.58642e-06
 Reference value :  4.58730e-06
 Reference value :  4.59163e-06
 Reference value :  4.59763e-06
 Reference value :  4.60263e-06
 Reference value :  4.60863e-06
 Reference value :  4.61513e-06
 Reference value :  4.61621e-06
 Reference value :  4.61632e-06
 Reference value :  4.61648e-06
 Reference value :  4.61683e-06
 Reference value :  4.61695e-06
 Reference value :  4.61705e-06
 Reference value :  4.61713e-06
 Reference value :  4.61730e-06
 Reference value :  4.61754e-06
 Reference value :  4.61773e-06
 Reference value :  4.61786e-06
 Reference value :  4.61802e-06
 Reference value :  4.61824e-06
 Reference value :  4.61847e-06
 Reference value :  4.61873e-06
 Reference value :  4.61910e-06
 Reference value :  4.61971e-06
 Reference value :  4.62195e-06
 Reference value :  4.62695e-06
 Reference value :  4.63245e-06
 Reference value :  4.63845e-06
 Reference value :  4.64545e-06
 Reference value :  4.65295e-06
 Reference value :  4.65784e-06
 Reference value :  4.65798e-06
 Reference value :  4.65816e-06
 Reference value :  4.65877e-06
 Reference value :  4.65893e-06
 Reference value :  4.65929e-06
 Reference value :  4.65970e-06
 Reference value :  4.66031e-06
 Reference value :  4.66091e-06
 Reference value :  4.66120e-06
 Reference value :  4.66170e-06
 Reference value :  4.66623e-06
 Reference value :  4.66752e-06
 Reference value :  4.66833e-06
 Reference value :  4.66847e-06
 Reference value :  4.66879e-06
 Reference value :  4.66944e-06
 Reference value :  4.67081e-06
 Reference value :  4.67651e-06
 Reference value :  4.68151e-06
 Reference value :  4.68651e-06
 Reference value :  4.69351e-06
 Reference value :  4.69952e-06
 Reference value :  4.69962e-06
 Reference value :  4.69971e-06
 Reference value :  4.69990e-06
 Reference value :  4.70017e-06
 Reference value :  4.70029e-06
 Reference value :  4.70039e-06
 Reference value :  4.70053e-06
 Reference value :  4.70074e-06
 Reference value :  4.70099e-06
 Reference value :  4.70119e-06
 Reference value :  4.70149e-06
 Reference value :  4.70172e-06
 Reference value :  4.70197e-06
 Reference value :  4.70223e-06
 Reference value :  4.70283e-06
 Reference value :  4.70550e-06
 Reference value :  4.71100e-06
 Reference value :  4.71700e-06
 Reference value :  4.72300e-06
 Reference value :  4.72850e-06
 Reference value :  4.73400e-06
 Reference value :  4.74083e-06
 Reference value :  4.74128e-06
 Reference value :  4.74142e-06
 Reference value :  4.74182e-06
 Reference value :  4.74213e-06
 Reference value :  4.74231e-06
 Reference value :  4.74263e-06
 Reference value :  4.74299e-06
 Reference value :  4.74342e-06
 Reference value :  4.74429e-06
 Reference value :  4.74473e-06
 Reference value :  4.74891e-06
 Reference value :  4.75070e-06
 Reference value :  4.75149e-06
 Reference value :  4.75165e-06
 Reference value :  4.75189e-06
 Reference value :  4.75234e-06
 Reference value :  4.75345e-06
 Reference value :  4.75894e-06
 Reference value :  4.76544e-06
 Reference value :  4.77294e-06
 Reference value :  4.77844e-06
 Reference value :  4.78284e-06
 Reference value :  4.78303e-06
 Reference value :  4.78345e-06
 Reference value :  4.78362e-06
 Reference value :  4.78372e-06
 Reference value :  4.78385e-06
 Reference value :  4.78408e-06
 Reference value :  4.78436e-06
 Reference value :  4.78450e-06
 Reference value :  4.78472e-06
 Reference value :  4.78509e-06
 Reference value :  4.78528e-06
 Reference value :  4.78557e-06
 Reference value :  4.78602e-06
 Reference value :  4.78710e-06
 Reference value :  4.79223e-06
 Reference value :  4.79773e-06
 Reference value :  4.80323e-06
 Reference value :  4.80873e-06
 Reference value :  4.81373e-06
 Reference value :  4.81873e-06
 Reference value :  4.82411e-06
 Reference value :  4.82456e-06
 Reference value :  4.82467e-06
 Reference value :  4.82482e-06
 Reference value :  4.82528e-06
 Reference value :  4.82546e-06
 Reference value :  4.82560e-06
 Reference value :  4.82590e-06
 Reference value :  4.82618e-06
 Reference value :  4.82667e-06
 Reference value :  4.82740e-06
 Reference value :  4.82774e-06
 Reference value :  4.82815e-06
 Reference value :  4.82986e-06
 Reference value :  4.83325e-06
 Reference value :  4.83427e-06
 Reference value :  4.83496e-06
 Reference value :  4.83519e-06
 Reference value :  4.83546e-06
 Reference value :  4.83569e-06
 Reference value :  4.83602e-06
 Reference value :  4.83676e-06
 Reference value :  4.84054e-06
 Reference value :  4.84554e-06
 Reference value :  4.85104e-06
 Reference value :  4.85604e-06
 Reference value :  4.86154e-06
 Reference value :  4.86617e-06
 Reference value :  4.86623e-06
 Reference value :  4.86637e-06
 Reference value :  4.86652e-06
 Reference value :  4.86677e-06
 Reference value :  4.86694e-06
 Reference value :  4.86709e-06
 Reference value :  4.86724e-06
 Reference value :  4.86748e-06
 Reference value :  4.86766e-06
 Reference value :  4.86778e-06
 Reference value :  4.86792e-06
 Reference value :  4.86811e-06
 Reference value :  4.86836e-06
 Reference value :  4.86860e-06
 Reference value :  4.86889e-06
 Reference value :  4.86931e-06
 Reference value :  4.87120e-06
 Reference value :  4.87670e-06
 Reference value :  4.88270e-06
 Reference value :  4.88820e-06
 Reference value :  4.89320e-06
 Reference value :  4.89820e-06
 Reference value :  4.90370e-06
 Reference value :  4.90784e-06
 Reference value :  4.90794e-06
 Reference value :  4.90803e-06
 Reference value :  4.90833e-06
 Reference value :  4.90876e-06
 Reference value :  4.90889e-06
 Reference value :  4.90916e-06
 Reference value :  4.90951e-06
 Reference value :  4.90987e-06
 Reference value :  4.91082e-06
 Reference value :  4.91117e-06
 Reference value :  4.91220e-06
 Reference value :  4.91699e-06
 Reference value :  4.91813e-06
 Reference value :  4.91874e-06
 Reference value :  4.91889e-06
 Reference value :  4.91908e-06
 Reference value :  4.91932e-06
 Reference value :  4.91977e-06
 Reference value :  4.92078e-06
 Reference value :  4.92550e-06
 Reference value :  4.93050e-06
 Reference value :  4.93550e-06
 Reference value :  4.94050e-06
 Reference value :  4.94550e-06
 Reference value :  4.94950e-06
 Reference value :  4.94959e-06
 Reference value :  4.94970e-06
 Reference value :  4.94984e-06
 Reference value :  4.95002e-06
 Reference value :  4.95020e-06
 Reference value :  4.95028e-06
 Reference value :  4.95040e-06
 Reference value :  4.95050e-06
 Reference value :  4.95066e-06
 Reference value :  4.95091e-06
 Reference value :  4.95114e-06
 Reference value :  4.95128e-06
 Reference value :  4.95154e-06
 Reference value :  4.95180e-06
 Reference value :  4.95212e-06
 Reference value :  4.95253e-06
 Reference value :  4.95316e-06
 Reference value :  4.95741e-06
 Reference value :  4.96291e-06
 Reference value :  4.96841e-06
 Reference value :  4.97441e-06
 Reference value :  4.97941e-06
 Reference value :  4.98491e-06
 Reference value :  4.99041e-06
 Reference value :  4.99123e-06
 Reference value :  4.99132e-06
 Reference value :  4.99145e-06
 Reference value :  4.99194e-06
 Reference value :  4.99213e-06
 Reference value :  4.99231e-06
 Reference value :  4.99257e-06
 Reference value :  4.99281e-06
 Reference value :  4.99314e-06
 Reference value :  4.99391e-06
 Reference value :  4.99494e-06
 Reference value :  4.99745e-06
 Reference value :  5.00066e-06
 Reference value :  5.00228e-06
 Reference value :  5.00279e-06
 Reference value :  5.00335e-06
 Reference value :  5.00623e-06
 Reference value :  5.01173e-06
 Reference value :  5.01723e-06
 Reference value :  5.02273e-06
 Reference value :  5.02823e-06
 Reference value :  5.03284e-06
 Reference value :  5.03293e-06
 Reference value :  5.03304e-06
 Reference value :  5.03320e-06
 Reference value :  5.03350e-06
 Reference value :  5.03362e-06
 Reference value :  5.03375e-06
 Reference value :  5.03385e-06
 Reference value :  5.03400e-06
 Reference value :  5.03417e-06
 Reference value :  5.03439e-06
 Reference value :  5.03468e-06
 Reference value :  5.03492e-06
 Reference value :  5.03523e-06
 Reference value :  5.03554e-06
 Reference value :  5.03603e-06
 Reference value :  5.03740e-06
 Reference value :  5.04263e-06
 Reference value :  5.04813e-06
 Reference value :  5.05363e-06
 Reference value :  5.05913e-06
 Reference value :  5.06463e-06
 Reference value :  5.07013e-06
 Reference value :  5.07451e-06
 Reference value :  5.07460e-06
 Reference value :  5.07470e-06
 Reference value :  5.07494e-06
 Reference value :  5.07546e-06
 Reference value :  5.07568e-06
 Reference value :  5.07603e-06
 Reference value :  5.07646e-06
 Reference value :  5.07730e-06
 Reference value :  5.07761e-06
 Reference value :  5.07806e-06
 Reference value :  5.08133e-06
 Reference value :  5.08410e-06
 Reference value :  5.08536e-06
 Reference value :  5.08577e-06
 Reference value :  5.08704e-06
 Reference value :  5.09204e-06
 Reference value :  5.09754e-06
 Reference value :  5.10304e-06
 Reference value :  5.10904e-06
 Reference value :  5.11454e-06
 Reference value :  5.11620e-06
 Reference value :  5.11631e-06
 Reference value :  5.11642e-06
 Reference value :  5.11660e-06
 Reference value :  5.11683e-06
 Reference value :  5.11696e-06
 Reference value :  5.11706e-06
 Reference value :  5.11717e-06
 Reference value :  5.11727e-06
 Reference value :  5.11747e-06
 Reference value :  5.11767e-06
 Reference value :  5.11781e-06
 Reference value :  5.11792e-06
 Reference value :  5.11803e-06
 Reference value :  5.11814e-06
 Reference value :  5.11831e-06
 Reference value :  5.11850e-06
 Reference value :  5.11871e-06
 Reference value :  5.11914e-06
 Reference value :  5.12088e-06
 Reference value :  5.12646e-06
 Reference value :  5.13196e-06
 Reference value :  5.13746e-06
 Reference value :  5.14296e-06
 Reference value :  5.14846e-06
 Reference value :  5.15396e-06
 Reference value :  5.15785e-06
 Reference value :  5.15795e-06
 Reference value :  5.15805e-06
 Reference value :  5.15819e-06
 Reference value :  5.15846e-06
 Reference value :  5.15869e-06
 Reference value :  5.15889e-06
 Reference value :  5.15908e-06
 Reference value :  5.15932e-06
 Reference value :  5.15957e-06
 Reference value :  5.15975e-06
 Reference value :  5.16002e-06
 Reference value :  5.16033e-06
 Reference value :  5.16054e-06
 Reference value :  5.16091e-06
 Reference value :  5.16140e-06
 Reference value :  5.16220e-06
 Reference value :  5.16632e-06
 Reference value :  5.17182e-06
 Reference value :  5.17732e-06
 Reference value :  5.18282e-06
 Reference value :  5.18832e-06
 Reference value :  5.19332e-06
 Reference value :  5.19916e-06
 Reference value :  5.19956e-06
 Reference value :  5.19971e-06
 Reference value :  5.19983e-06
 Reference value :  5.20008e-06
 Reference value :  5.20026e-06
 Reference value :  5.20038e-06
 Reference value :  5.20050e-06
 Reference value :  5.20057e-06
 Reference value :  5.20067e-06
 Reference value :  5.20081e-06
 Reference value :  5.20090e-06
 Reference value :  5.20098e-06
 Reference value :  5.20125e-06
 Reference value :  5.20151e-06
 Reference value :  5.20175e-06
 Reference value :  5.20199e-06
 Reference value :  5.20235e-06
 Reference value :  5.20317e-06
 Reference value :  5.20798e-06
 Reference value :  5.21398e-06
 Reference value :  5.21948e-06
 Reference value :  5.22498e-06
 Reference value :  5.23048e-06
 Reference value :  5.23598e-06
 Reference value :  5.24118e-06
 Reference value :  5.24130e-06
 Reference value :  5.24142e-06
 Reference value :  5.24183e-06
 Reference value :  5.24214e-06
 Reference value :  5.24229e-06
 Reference value :  5.24262e-06
 Reference value :  5.24298e-06
 Reference value :  5.24337e-06
 Reference value :  5.24368e-06
 Reference value :  5.24389e-06
 Reference value :  5.24420e-06
 Reference value :  5.24470e-06
 Reference value :  5.24573e-06
 Reference value :  5.25000e-06
 Reference value :  5.25500e-06
 Reference value :  5.26000e-06
 Reference value :  5.26550e-06
 Reference value :  5.27100e-06
 Reference value :  5.27650e-06
 Reference value :  5.28200e-06
 Reference value :  5.28290e-06
 Reference value :  5.28302e-06
 Reference value :  5.28313e-06
 Reference value :  5.28342e-06
 Reference value :  5.28356e-06
 Reference value :  5.28362e-06
 Reference value :  5.28373e-06
 Reference value :  5.28385e-06
 Reference value :  5.28407e-06
 Reference value :  5.28426e-06
 Reference value :  5.28443e-06
 Reference value :  5.28467e-06
 Reference value :  5.28496e-06
 Reference value :  5.28520e-06
 Reference value :  5.28562e-06
 Reference value :  5.28668e-06
 Reference value :  5.29291e-06
 Reference value :  5.29841e-06
 Reference value :  5.30391e-06
 Reference value :  5.30991e-06
 Reference value :  5.31541e-06
 Reference value :  5.32091e-06
 Reference value :  5.32451e-06
 Reference value :  5.32460e-06
 Reference value :  5.32470e-06
 Reference value :  5.32499e-06
 Reference value :  5.32543e-06
 Reference value :  5.32557e-06
 Reference value :  5.32582e-06
 Reference value :  5.32612e-06
 Reference value :  5.32647e-06
 Reference value :  5.32731e-06
 Reference value :  5.32802e-06
 Reference value :  5.32939e-06
 Reference value :  5.33083e-06
 Reference value :  5.33146e-06
 Reference value :  5.33190e-06
 Reference value :  5.33261e-06
 Reference value :  5.33627e-06
 Reference value :  5.34127e-06
 Reference value :  5.34627e-06
 Reference value :  5.35127e-06
 Reference value :  5.35727e-06
 Reference value :  5.36227e-06
 Reference value :  5.36617e-06
 Reference value :  5.36628e-06
 Reference value :  5.36638e-06
 Reference value :  5.36654e-06
 Reference value :  5.36684e-06
 Reference value :  5.36694e-06
 Reference value :  5.36704e-06
 Reference value :  5.36717e-06
 Reference value :  5.36744e-06
 Reference value :  5.36767e-06
 Reference value :  5.36787e-06
 Reference value :  5.36808e-06
 Reference value :  5.36833e-06
 Reference value :  5.36854e-06
 Reference value :  5.36899e-06
 Reference value :  5.36990e-06
 Reference value :  5.37372e-06
 Reference value :  5.37922e-06
 Reference value :  5.38472e-06
 Reference value :  5.39022e-06
 Reference value :  5.39572e-06
 Reference value :  5.40172e-06
 Reference value :  5.40753e-06
 Reference value :  5.40790e-06
 Reference value :  5.40801e-06
 Reference value :  5.40815e-06
 Reference value :  5.40861e-06
 Reference value :  5.40877e-06
 Reference value :  5.40902e-06
 Reference value :  5.40932e-06
 Reference value :  5.40964e-06
 Reference value :  5.41021e-06
 Reference value :  5.41103e-06
 Reference value :  5.41221e-06
 Reference value :  5.41664e-06
 Reference value :  5.42264e-06
 Reference value :  5.42864e-06
 Reference value :  5.43364e-06
 Reference value :  5.44014e-06
 Reference value :  5.44614e-06
 Reference value :  5.44953e-06
 Reference value :  5.44965e-06
 Reference value :  5.44976e-06
 Reference value :  5.44994e-06
 Reference value :  5.45016e-06
 Reference value :  5.45027e-06
 Reference value :  5.45038e-06
 Reference value :  5.45054e-06
 Reference value :  5.45081e-06
 Reference value :  5.45104e-06
 Reference value :  5.45133e-06
 Reference value :  5.45162e-06
 Reference value :  5.45215e-06
 Reference value :  5.45296e-06
 Reference value :  5.45698e-06
 Reference value :  5.46298e-06
 Reference value :  5.46848e-06
 Reference value :  5.47398e-06
 Reference value :  5.47948e-06
 Reference value :  5.48548e-06
 Reference value :  5.49082e-06
 Reference value :  5.49124e-06
 Reference value :  5.49135e-06
 Reference value :  5.49149e-06
 Reference value :  5.49207e-06
 Reference value :  5.49226e-06
 Reference value :  5.49255e-06
 Reference value :  5.49282e-06
 Reference value :  5.49319e-06
 Reference value :  5.49372e-06
 Reference value :  5.49437e-06
 Reference value :  5.49487e-06
 Reference value :  5.49642e-06
 Reference value :  5.50090e-06
 Reference value :  5.50640e-06
 Reference value :  5.51190e-06
 Reference value :  5.51740e-06
 Reference value :  5.52340e-06
 Reference value :  5.52890e-06
 Reference value :  5.53285e-06
 Reference value :  5.53298e-06
 Reference value :  5.53310e-06
 Reference value :  5.53336e-06
 Reference value :  5.53357e-06
 Reference value :  5.53368e-06
 Reference value :  5.53383e-06
 Reference value :  5.53408e-06
 Reference value :  5.53442e-06
 Reference value :  5.53473e-06
 Reference value :  5.53506e-06
 Reference value :  5.53552e-06
 Reference value :  5.53684e-06
 Reference value :  5.54203e-06
 Reference value :  5.54753e-06
 Reference value :  5.55453e-06
 Reference value :  5.56203e-06
 Reference value :  5.56853e-06
 Reference value :  5.57451e-06
 Reference value :  5.57461e-06
 Reference value :  5.57474e-06
 Reference value :  5.57498e-06
 Reference value :  5.57550e-06
 Reference value :  5.57566e-06
 Reference value :  5.57588e-06
 Reference value :  5.57611e-06
 Reference value :  5.57646e-06
 Reference value :  5.57709e-06
 Reference value :  5.57780e-06
 Reference value :  5.57859e-06
 Reference value :  5.58363e-06
 Reference value :  5.59013e-06
 Reference value :  5.59813e-06
 Reference value :  5.60513e-06
 Reference value :  5.61213e-06
 Reference value :  5.61619e-06
 Reference value :  5.61632e-06
 Reference value :  5.61647e-06
 Reference value :  5.61674e-06
 Reference value :  5.61693e-06
 Reference value :  5.61706e-06
 Reference value :  5.61735e-06
 Reference value :  5.61764e-06
 Reference value :  5.61788e-06
 Reference value :  5.61814e-06
 Reference value :  5.61839e-06
 Reference value :  5.61894e-06
 Reference value :  5.62000e-06
 Reference value :  5.62521e-06
 Reference value :  5.63121e-06
 Reference value :  5.63671e-06
 Reference value :  5.64271e-06
 Reference value :  5.64771e-06
 Reference value :  5.65521e-06
 Reference value :  5.65787e-06
 Reference value :  5.65798e-06
 Reference value :  5.65808e-06
 Reference value :  5.65837e-06
 Reference value :  5.65867e-06
 Reference value :  5.65884e-06
 Reference value :  5.65901e-06
 Reference value :  5.65925e-06
 Reference value :  5.65944e-06
 Reference value :  5.65974e-06
 Reference value :  5.66015e-06
 Reference value :  5.66070e-06
 Reference value :  5.66128e-06
 Reference value :  5.66284e-06
 Reference value :  5.66769e-06
 Reference value :  5.67319e-06
 Reference value :  5.67819e-06
 Reference value :  5.68319e-06
 Reference value :  5.68819e-06
 Reference value :  5.69319e-06
 Reference value :  5.69869e-06
 Reference value :  5.69957e-06
 Reference value :  5.69967e-06
 Reference value :  5.69979e-06
 Reference value :  5.69995e-06
 Reference value :  5.70020e-06
 Reference value :  5.70028e-06
 Reference value :  5.70039e-06
 Reference value :  5.70050e-06
 Reference value :  5.70063e-06
 Reference value :  5.70089e-06
 Reference value :  5.70114e-06
 Reference value :  5.70137e-06
 Reference value :  5.70167e-06
 Reference value :  5.70200e-06
 Reference value :  5.70275e-06
 Reference value :  5.70597e-06
 Reference value :  5.71097e-06
 Reference value :  5.71597e-06
 Reference value :  5.72097e-06
 Reference value :  5.72597e-06
 Reference value :  5.73097e-06
 Reference value :  5.73647e-06
 Reference value :  5.74117e-06
 Reference value :  5.74124e-06
 Reference value :  5.74133e-06
 Reference value :  5.74143e-06
 Reference value :  5.74178e-06
 Reference value :  5.74206e-06
 Reference value :  5.74221e-06
 Reference value :  5.74242e-06
 Reference value :  5.74270e-06
 Reference value :  5.74295e-06
 Reference value :  5.74327e-06
 Reference value :  5.74385e-06
 Reference value :  5.74451e-06
 Reference value :  5.74578e-06
 Reference value :  5.75024e-06
 Reference value :  5.75524e-06
 Reference value :  5.76024e-06
 Reference value :  5.76624e-06
 Reference value :  5.77174e-06
 Reference value :  5.77674e-06
 Reference value :  5.78174e-06
 Reference value :  5.78287e-06
 Reference value :  5.78295e-06
 Reference value :  5.78307e-06
 Reference value :  5.78321e-06
 Reference value :  5.78353e-06
 Reference value :  5.78365e-06
 Reference value :  5.78380e-06
 Reference value :  5.78392e-06
 Reference value :  5.78412e-06
 Reference value :  5.78432e-06
 Reference value :  5.78458e-06
 Reference value :  5.78481e-06
 Reference value :  5.78521e-06
 Reference value :  5.78621e-06
 Reference value :  5.78980e-06
 Reference value :  5.79530e-06
 Reference value :  5.80030e-06
 Reference value :  5.80530e-06
 Reference value :  5.81030e-06
 Reference value :  5.81530e-06
 Reference value :  5.82080e-06
 Reference value :  5.82453e-06
 Reference value :  5.82463e-06
 Reference value :  5.82472e-06
 Reference value :  5.82493e-06
 Reference value :  5.82528e-06
 Reference value :  5.82540e-06
 Reference value :  5.82553e-06
 Reference value :  5.82578e-06
 Reference value :  5.82598e-06
 Reference value :  5.82623e-06
 Reference value :  5.82650e-06
 Reference value :  5.82695e-06
 Reference value :  5.82752e-06
 Reference value :  5.82830e-06
 Reference value :  5.83049e-06
 Reference value :  5.83549e-06
 Reference value :  5.84049e-06
 Reference value :  5.84549e-06
 Reference value :  5.85049e-06
 Reference value :  5.85549e-06
 Reference value :  5.86049e-06
 Reference value :  5.86549e-06
 Reference value :  5.86621e-06
 Reference value :  5.86631e-06
 Reference value :  5.86642e-06
 Reference value :  5.86657e-06
 Reference value :  5.86684e-06
 Reference value :  5.86694e-06
 Reference value :  5.86701e-06
 Reference value :  5.86711e-06
 Reference value :  5.86726e-06
 Reference value :  5.86753e-06
 Reference value :  5.86777e-06
 Reference value :  5.86808e-06
 Reference value :  5.86829e-06
 Reference value :  5.86855e-06
 Reference value :  5.86903e-06
 Reference value :  5.87044e-06
 Reference value :  5.87506e-06
 Reference value :  5.88006e-06
 Reference value :  5.88556e-06
 Reference value :  5.89106e-06
 Reference value :  5.89606e-06
 Reference value :  5.90106e-06
 Reference value :  5.90606e-06
 Reference value :  5.90787e-06
 Reference value :  5.90798e-06
 Reference value :  5.90808e-06
 Reference value :  5.90843e-06
 Reference value :  5.90877e-06
 Reference value :  5.90893e-06
 Reference value :  5.90916e-06
 Reference value :  5.90943e-06
 Reference value :  5.90973e-06
 Reference value :  5.91019e-06
 Reference value :  5.91073e-06
 Reference value :  5.91142e-06
 Reference value :  5.91277e-06
 Reference value :  5.91764e-06
 Reference value :  5.92264e-06
 Reference value :  5.92764e-06
 Reference value :  5.93264e-06
 Reference value :  5.93814e-06
 Reference value :  5.94314e-06
 Reference value :  5.94864e-06
 Reference value :  5.94957e-06
 Reference value :  5.94970e-06
 Reference value :  5.94988e-06
 Reference value :  5.95020e-06
 Reference value :  5.95028e-06
 Reference value :  5.95042e-06
 Reference value :  5.95056e-06
 Reference value :  5.95072e-06
 Reference value :  5.95097e-06
 Reference value :  5.95123e-06
 Reference value :  5.95156e-06
 Reference value :  5.95190e-06
 Reference value :  5.95262e-06
 Reference value :  5.95530e-06
 Reference value :  5.96080e-06
 Reference value :  5.96630e-06
 Reference value :  5.97130e-06
 Reference value :  5.97680e-06
 Reference value :  5.98180e-06
 Reference value :  5.98680e-06
 Reference value :  5.99117e-06
 Reference value :  5.99127e-06
 Reference value :  5.99137e-06
 Reference value :  5.99154e-06
 Reference value :  5.99203e-06
 Reference value :  5.99221e-06
 Reference value :  5.99252e-06
 Reference value :  5.99284e-06
 Reference value :  5.99309e-06
 Reference value :  5.99342e-06
 Reference value :  5.99394e-06
 Reference value :  5.99472e-06
 Reference value :  5.99647e-06
 Reference value :  6.00116e-06
 Reference value :  6.00666e-06
 Reference value :  6.01166e-06
 Reference value :  6.01716e-06
 Reference value :  6.02266e-06
 Reference value :  6.02766e-06
 Reference value :  6.03249e-06
 Reference value :  6.03289e-06
 Reference value :  6.03299e-06
 Reference value :  6.03311e-06
 Reference value :  6.03338e-06
 Reference value :  6.03355e-06
 Reference value :  6.03374e-06
 Reference value :  6.03393e-06
 Reference value :  6.03412e-06
 Reference value :  6.03434e-06
 Reference value :  6.03453e-06
 Reference value :  6.03475e-06
 Reference value :  6.03496e-06
 Reference value :  6.03517e-06
 Reference value :  6.03540e-06
 Reference value :  6.03575e-06
 Reference value :  6.03625e-06
 Reference value :  6.03793e-06
 Reference value :  6.04393e-06
 Reference value :  6.04893e-06
 Reference value :  6.05443e-06
 Reference value :  6.05993e-06
 Reference value :  6.06493e-06
 Reference value :  6.07043e-06
 Reference value :  6.07450e-06
 Reference value :  6.07459e-06
 Reference value :  6.07469e-06
 Reference value :  6.07483e-06
 Reference value :  6.07527e-06
 Reference value :  6.07550e-06
 Reference value :  6.07570e-06
 Reference value :  6.07597e-06
 Reference value :  6.07625e-06
 Reference value :  6.07659e-06
 Reference value :  6.07730e-06
 Reference value :  6.07800e-06
 Reference value :  6.07934e-06
 Reference value :  6.08425e-06
 Reference value :  6.08925e-06
 Reference value :  6.09425e-06
 Reference value :  6.09975e-06
 Reference value :  6.10575e-06
 Reference value :  6.11125e-06
 Reference value :  6.11617e-06
 Reference value :  6.11628e-06
 Reference value :  6.11639e-06
 Reference value :  6.11654e-06
 Reference value :  6.11685e-06
 Reference value :  6.11698e-06
 Reference value :  6.11707e-06
 Reference value :  6.11716e-06
 Reference value :  6.11722e-06
 Reference value :  6.11730e-06
 Reference value :  6.11740e-06
 Reference value :  6.11752e-06
 Reference value :  6.11771e-06
 Reference value :  6.11787e-06
 Reference value :  6.11801e-06
 Reference value :  6.11818e-06
 Reference value :  6.11832e-06
 Reference value :  6.11847e-06
 Reference value :  6.11868e-06
 Reference value :  6.11903e-06
 Reference value :  6.12049e-06
 Reference value :  6.12549e-06
 Reference value :  6.13049e-06
 Reference value :  6.13599e-06
 Reference value :  6.14149e-06
 Reference value :  6.14699e-06
 Reference value :  6.15249e-06
 Reference value :  6.15783e-06
 Reference value :  6.15794e-06
 Reference value :  6.15806e-06
 Reference value :  6.15819e-06
 Reference value :  6.15853e-06
 Reference value :  6.15872e-06
 Reference value :  6.15893e-06
 Reference value :  6.15917e-06
 Reference value :  6.15942e-06
 Reference value :  6.15965e-06
 Reference value :  6.15982e-06
 Reference value :  6.16012e-06
 Reference value :  6.16037e-06
 Reference value :  6.16082e-06
 Reference value :  6.16124e-06
 Reference value :  6.16197e-06
 Reference value :  6.16579e-06
 Reference value :  6.17129e-06
 Reference value :  6.17679e-06
 Reference value :  6.18229e-06
 Reference value :  6.18829e-06
 Reference value :  6.19429e-06
 Reference value :  6.19950e-06
 Reference value :  6.19959e-06
 Reference value :  6.19971e-06
 Reference value :  6.19983e-06
 Reference value :  6.20019e-06
 Reference value :  6.20031e-06
 Reference value :  6.20044e-06
 Reference value :  6.20056e-06
 Reference value :  6.20064e-06
 Reference value :  6.20079e-06
 Reference value :  6.20088e-06
 Reference value :  6.20098e-06
 Reference value :  6.20122e-06
 Reference value :  6.20151e-06
 Reference value :  6.20178e-06
 Reference value :  6.20207e-06
 Reference value :  6.20267e-06
 Reference value :  6.20526e-06
 Reference value :  6.21126e-06
 Reference value :  6.21676e-06
 Reference value :  6.22276e-06
 Reference value :  6.22826e-06
 Reference value :  6.23426e-06
 Reference value :  6.23976e-06
 Reference value :  6.24124e-06
 Reference value :  6.24135e-06
 Reference value :  6.24154e-06
 Reference value :  6.24207e-06
 Reference value :  6.24226e-06
 Reference value :  6.24243e-06
 Reference value :  6.24271e-06
 Reference value :  6.24305e-06
 Reference value :  6.24349e-06
 Reference value :  6.24372e-06
 Reference value :  6.24390e-06
 Reference value :  6.24428e-06
 Reference value :  6.24470e-06
 Reference value :  6.24567e-06
 Reference value :  6.25074e-06
 Reference value :  6.25724e-06
 Reference value :  6.26274e-06
 Reference value :  6.26824e-06
 Reference value :  6.27374e-06
 Reference value :  6.28283e-06
 Reference value :  6.28297e-06
 Reference value :  6.28311e-06
No. of Data Rows : 29192

  Measurements for Transient Analysis

d9_c1               =  2.11066e-03
d8_c1               =  2.79516e-03
d7_c1               =  1.79736e+00
d6_c1               =  1.79736e+00
d5_c1               =  2.79531e-03
d4_c1               =  2.79538e-03
d3_c1               =  1.79736e+00
d2_c1               =  1.79736e+00
d1_c1               =  2.79582e-03
d0_c1               =  1.79735e+00
d9_c2               =  2.14006e-03
d8_c2               =  1.79727e+00
d7_c2               =  2.85939e-03
d6_c2               =  1.79727e+00
d5_c2               =  1.79727e+00
d4_c2               =  1.79727e+00
d3_c2               =  1.79727e+00
d2_c2               =  1.79727e+00
d1_c2               =  1.79727e+00
d0_c2               =  1.79727e+00
d9_c3               =  2.10401e-03
d8_c3               =  1.79737e+00
d7_c3               =  1.79737e+00
d6_c3               =  1.79737e+00
d5_c3               =  1.79737e+00
d4_c3               =  1.79737e+00
d3_c3               =  1.79737e+00
d2_c3               =  1.79737e+00
d1_c3               =  1.79737e+00
d0_c3               =  1.79737e+00
d9_c4               =  1.79830e+00
d8_c4               =  2.77847e-03
d7_c4               =  1.79743e+00
d6_c4               =  2.77846e-03
d5_c4               =  2.77845e-03
d4_c4               =  2.77845e-03
d3_c4               =  2.77844e-03
d2_c4               =  2.77848e-03
d1_c4               =  2.77841e-03
d0_c4               =  1.79743e+00
d9_c5               =  1.79868e+00
d8_c5               =  1.79731e+00
d7_c5               =  1.79731e+00
d6_c5               =  1.79731e+00
d5_c5               =  1.79731e+00
d4_c5               =  1.79731e+00
d3_c5               =  1.79731e+00
d2_c5               =  1.79731e+00
d1_c5               =  1.79731e+00
d0_c5               =  1.79731e+00
busy_c1_p0          =  1.79714e+00
smpl_c1_p0          =  2.35535e-03
busy_c1_p1          =  1.79722e+00
smpl_c1_p1          =  2.31207e-03
busy_c1_p2          =  1.79735e+00
smpl_c1_p2          =  2.17186e-03
busy_c1_p3          =  1.79732e+00
smpl_c1_p3          =  2.22648e-03
busy_c1_p4          =  1.79731e+00
smpl_c1_p4          =  2.24114e-03
busy_c1_p5          =  1.79724e+00
smpl_c1_p5          =  2.28151e-03
busy_c1_p6          =  1.79733e+00
smpl_c1_p6          =  2.20989e-03
busy_c1_p7          =  1.79727e+00
smpl_c1_p7          =  2.25364e-03
busy_c1_p8          =  1.79723e+00
smpl_c1_p8          =  2.29033e-03
busy_c1_p9          =  1.79723e+00
smpl_c1_p9          =  2.27581e-03
busy_c1_p10         =  1.79722e+00
smpl_c1_p10         =  2.30798e-03
busy_c1_p11         =  2.78649e-03
smpl_c1_p11         =  1.79941e+00
busy_c2_p0          =  1.79714e+00
smpl_c2_p0          =  2.35721e-03
busy_c2_p1          =  1.79724e+00
smpl_c2_p1          =  2.28902e-03
busy_c2_p2          =  1.79724e+00
smpl_c2_p2          =  2.28833e-03
busy_c2_p3          =  1.79725e+00
smpl_c2_p3          =  2.28421e-03
busy_c2_p4          =  1.79730e+00
smpl_c2_p4          =  2.23728e-03
busy_c2_p5          =  1.79715e+00
smpl_c2_p5          =  2.35006e-03
busy_c2_p6          =  1.79727e+00
smpl_c2_p6          =  2.26286e-03
busy_c2_p7          =  1.79730e+00
smpl_c2_p7          =  2.24142e-03
busy_c2_p8          =  1.79723e+00
smpl_c2_p8          =  2.29760e-03
busy_c2_p9          =  1.79728e+00
smpl_c2_p9          =  2.25044e-03
busy_c2_p10         =  1.79712e+00
smpl_c2_p10         =  2.36267e-03
busy_c2_p11         =  2.80534e-03
smpl_c2_p11         =  1.79942e+00
busy_c3_p0          =  1.79717e+00
smpl_c3_p0          =  2.34004e-03
busy_c3_p1          =  1.79724e+00
smpl_c3_p1          =  2.29604e-03
busy_c3_p2          =  1.79716e+00
smpl_c3_p2          =  2.33696e-03
busy_c3_p3          =  1.79714e+00
smpl_c3_p3          =  2.35468e-03
busy_c3_p4          =  1.79715e+00
smpl_c3_p4          =  2.35611e-03
busy_c3_p5          =  1.79717e+00
smpl_c3_p5          =  2.34725e-03
busy_c3_p6          =  1.79718e+00
smpl_c3_p6          =  2.33144e-03
busy_c3_p7          =  1.79715e+00
smpl_c3_p7          =  2.35823e-03
busy_c3_p8          =  1.79723e+00
smpl_c3_p8          =  2.29549e-03
busy_c3_p9          =  1.79714e+00
smpl_c3_p9          =  2.35608e-03
busy_c3_p10         =  1.79724e+00
smpl_c3_p10         =  2.29027e-03
busy_c3_p11         =  2.78623e-03
smpl_c3_p11         =  1.79941e+00
busy_c4_p0          =  1.79716e+00
smpl_c4_p0          =  2.34168e-03
busy_c4_p1          =  1.79721e+00
smpl_c4_p1          =  2.30704e-03
busy_c4_p2          =  1.79723e+00
smpl_c4_p2          =  2.29164e-03
busy_c4_p3          =  1.79732e+00
smpl_c4_p3          =  2.23957e-03
busy_c4_p4          =  1.79716e+00
smpl_c4_p4          =  2.34819e-03
busy_c4_p5          =  1.79728e+00
smpl_c4_p5          =  2.26053e-03
busy_c4_p6          =  1.79726e+00
smpl_c4_p6          =  2.27205e-03
busy_c4_p7          =  1.79729e+00
smpl_c4_p7          =  2.24677e-03
busy_c4_p8          =  1.79722e+00
smpl_c4_p8          =  2.30158e-03
busy_c4_p9          =  1.79724e+00
smpl_c4_p9          =  2.28123e-03
busy_c4_p10         =  1.79728e+00
smpl_c4_p10         =  2.25214e-03
busy_c4_p11         =  2.79571e-03
smpl_c4_p11         =  1.79941e+00
busy_c5_p0          =  1.79719e+00
smpl_c5_p0          =  2.31977e-03
busy_c5_p1          =  1.79726e+00
smpl_c5_p1          =  2.27121e-03
busy_c5_p2          =  1.79732e+00
smpl_c5_p2          =  2.19259e-03
busy_c5_p3          =  1.79730e+00
smpl_c5_p3          =  2.20968e-03
busy_c5_p4          =  1.79734e+00
smpl_c5_p4          =  2.17755e-03
busy_c5_p5          =  1.79726e+00
smpl_c5_p5          =  2.22896e-03
busy_c5_p6          =  1.79728e+00
smpl_c5_p6          =  2.21622e-03
busy_c5_p7          =  1.79725e+00
smpl_c5_p7          =  2.23633e-03
busy_c5_p8          =  1.79722e+00
smpl_c5_p8          =  2.26681e-03
busy_c5_p9          =  1.79717e+00
smpl_c5_p9          =  2.29041e-03
busy_c5_p10         =  1.79714e+00
smpl_c5_p10         =  2.30497e-03
busy_c5_p11         =  2.81235e-03
smpl_c5_p11         =  1.79942e+00
i_vdd               =  -2.09768e-06 from=  3.20000e-06 to=  4.20002e-06
i_vpwr              =  -7.10131e-06 from=  3.20000e-06 to=  4.20002e-06
i_vrefp             =  -6.50462e-06 from=  3.20000e-06 to=  4.20002e-06
i_vrefn             =  6.49249e-06 from=  3.20000e-06 to=  4.20002e-06
i_vcm               =  1.21192e-08 from=  3.20000e-06 to=  4.20002e-06
gnd_die_max         =  7.26288e-02 at=  6.11702e-06
gnd_die_min         =  -8.21495e-02 at=  6.11707e-06
vgnd_max            =  7.30038e-02 at=  6.11701e-06
vgnd_min            =  -8.39918e-02 at=  6.11707e-06
vdd_max             =  1.86190e+00 at=  6.11704e-06
vdd_min             =  1.73942e+00 at=  6.11709e-06
vpwr_max            =  1.92355e+00 at=  6.11711e-06
vpwr_min            =  1.70713e+00 at=  6.11705e-06
vdda_min            =  1.71604e+00 at=  6.11701e-06
vdda_max            =  1.91448e+00 at=  6.11716e-06
i_vgnd              =  9.26574e-06 from=  3.20000e-06 to=  4.20002e-06
i_sub               =  2.17114e-06 from=  3.20000e-06 to=  4.20002e-06


Total analysis time (seconds) = 6483.93

Total elapsed time (seconds) = 6788.011 

Total DRAM available = 98304.000 MB.
DRAM currently available = 6493.500 MB.
Maximum ngspice program size =  819.266 MB.
Current ngspice program size =   34.750 MB.

Note: Starting dynamic gmin stepping
Note: Dynamic gmin stepping completed
