
Note: Compatibility modes selected: hs a


Circuit: * sim/ground-return-impedance (issue #378) arm 'pkg-sub1k' -- reusing

option SCALE: Scale is set to 1e-06 for instance and model parameters
option SCALE: Scale is set to 1e-06 for instance and model parameters
option SCALE: Scale is set to 1e-06 for instance and model parameters
option SCALE: Scale is set to 1e-06 for instance and model parameters
Doing analysis at TEMP = 27.000000 and TNOM = 27.000000

Using KLU as Direct Linear Solver
 Reference value :  0.00000e+00
 Reference value :  7.14000e-09
 Reference value :  1.61400e-08
 Reference value :  2.00647e-08
 Reference value :  2.01478e-08
 Reference value :  2.02600e-08
 Reference value :  2.04956e-08
 Reference value :  2.06508e-08
 Reference value :  2.08376e-08
 Reference value :  2.10164e-08
 Reference value :  2.10995e-08
 Reference value :  2.11989e-08
 Reference value :  2.13607e-08
 Reference value :  2.16106e-08
 Reference value :  2.20701e-08
 Reference value :  2.35106e-08
 Reference value :  2.84157e-08
 Reference value :  3.44157e-08
 Reference value :  4.04157e-08
 Reference value :  4.59157e-08
 Reference value :  5.19157e-08
 Reference value :  5.89157e-08
 Reference value :  6.69157e-08
 Reference value :  7.69157e-08
 Reference value :  8.34157e-08
 Reference value :  9.09157e-08
 Reference value :  1.00416e-07
 Reference value :  1.08416e-07
 Reference value :  1.18416e-07
 Reference value :  1.26916e-07
 Reference value :  1.37416e-07
 Reference value :  1.47916e-07
 Reference value :  1.55416e-07
 Reference value :  1.62416e-07
 Reference value :  1.69916e-07
 Reference value :  1.77916e-07
 Reference value :  1.85416e-07
 Reference value :  1.92916e-07
 Reference value :  1.99505e-07
 Reference value :  1.99625e-07
 Reference value :  1.99835e-07
 Reference value :  2.00121e-07
 Reference value :  2.00335e-07
 Reference value :  2.00500e-07
 Reference value :  2.00635e-07
 Reference value :  2.00746e-07
 Reference value :  2.00908e-07
 Reference value :  2.01026e-07
 Reference value :  2.01240e-07
 Reference value :  2.01379e-07
 Reference value :  2.01592e-07
 Reference value :  2.01811e-07
 Reference value :  2.02160e-07
 Reference value :  2.03857e-07
 Reference value :  2.09857e-07
 Reference value :  2.15330e-07
 Reference value :  2.20567e-07
 Reference value :  2.27067e-07
 Reference value :  2.32567e-07
 Reference value :  2.38067e-07
 Reference value :  2.41190e-07
 Reference value :  2.41273e-07
 Reference value :  2.41384e-07
 Reference value :  2.41761e-07
 Reference value :  2.42167e-07
 Reference value :  2.42268e-07
 Reference value :  2.42441e-07
 Reference value :  2.42651e-07
 Reference value :  2.42919e-07
 Reference value :  2.43143e-07
 Reference value :  2.43422e-07
 Reference value :  2.43634e-07
 Reference value :  2.43971e-07
 Reference value :  2.44310e-07
 Reference value :  2.44498e-07
 Reference value :  2.44686e-07
 Reference value :  2.45070e-07
 Reference value :  2.46000e-07
 Reference value :  2.50745e-07
 Reference value :  2.56245e-07
 Reference value :  2.61745e-07
 Reference value :  2.67245e-07
 Reference value :  2.72745e-07
 Reference value :  2.78245e-07
 Reference value :  2.82833e-07
 Reference value :  2.82903e-07
 Reference value :  2.82993e-07
 Reference value :  2.83172e-07
 Reference value :  2.83565e-07
 Reference value :  2.83731e-07
 Reference value :  2.83860e-07
 Reference value :  2.83981e-07
 Reference value :  2.84080e-07
 Reference value :  2.84174e-07
 Reference value :  2.84357e-07
 Reference value :  2.84654e-07
 Reference value :  2.84862e-07
 Reference value :  2.85029e-07
 Reference value :  2.85197e-07
 Reference value :  2.85311e-07
 Reference value :  2.85559e-07
 Reference value :  2.85816e-07
 Reference value :  2.86237e-07
 Reference value :  2.87823e-07
 Reference value :  2.93243e-07
 Reference value :  2.99243e-07
 Reference value :  3.05243e-07
 Reference value :  3.10743e-07
 Reference value :  3.16243e-07
 Reference value :  3.21743e-07
 Reference value :  3.24542e-07
 Reference value :  3.24633e-07
 Reference value :  3.24762e-07
 Reference value :  3.25267e-07
 Reference value :  3.25505e-07
 Reference value :  3.25670e-07
 Reference value :  3.25838e-07
 Reference value :  3.26059e-07
 Reference value :  3.26270e-07
 Reference value :  3.26555e-07
 Reference value :  3.27081e-07
 Reference value :  3.29128e-07
 Reference value :  3.29730e-07
 Reference value :  3.30297e-07
 Reference value :  3.31882e-07
 Reference value :  3.36604e-07
 Reference value :  3.42104e-07
 Reference value :  3.47604e-07
 Reference value :  3.53604e-07
 Reference value :  3.59604e-07
 Reference value :  3.65885e-07
 Reference value :  3.66226e-07
 Reference value :  3.66335e-07
 Reference value :  3.66583e-07
 Reference value :  3.66945e-07
 Reference value :  3.67144e-07
 Reference value :  3.67278e-07
 Reference value :  3.67406e-07
 Reference value :  3.67594e-07
 Reference value :  3.67783e-07
 Reference value :  3.68105e-07
 Reference value :  3.68561e-07
 Reference value :  3.69326e-07
 Reference value :  3.73024e-07
 Reference value :  3.79024e-07
 Reference value :  3.85024e-07
 Reference value :  3.90524e-07
 Reference value :  3.96024e-07
 Reference value :  4.01524e-07
 Reference value :  4.07024e-07
 Reference value :  4.07898e-07
 Reference value :  4.08003e-07
 Reference value :  4.08233e-07
 Reference value :  4.08709e-07
 Reference value :  4.08866e-07
 Reference value :  4.09022e-07
 Reference value :  4.09118e-07
 Reference value :  4.09307e-07
 Reference value :  4.09580e-07
 Reference value :  4.09825e-07
 Reference value :  4.10226e-07
 Reference value :  4.10685e-07
 Reference value :  4.11119e-07
 Reference value :  4.11391e-07
 Reference value :  4.11751e-07
 Reference value :  4.13045e-07
 Reference value :  4.17030e-07
 Reference value :  4.18520e-07
 Reference value :  4.19169e-07
 Reference value :  4.19357e-07
 Reference value :  4.19610e-07
 Reference value :  4.20193e-07
 Reference value :  4.22234e-07
 Reference value :  4.28234e-07
 Reference value :  4.35234e-07
 Reference value :  4.40734e-07
 Reference value :  4.46234e-07
 Reference value :  4.49530e-07
 Reference value :  4.49625e-07
 Reference value :  4.49739e-07
 Reference value :  4.49992e-07
 Reference value :  4.50375e-07
 Reference value :  4.50477e-07
 Reference value :  4.50611e-07
 Reference value :  4.50751e-07
 Reference value :  4.50875e-07
 Reference value :  4.51034e-07
 Reference value :  4.51279e-07
 Reference value :  4.51417e-07
 Reference value :  4.51535e-07
 Reference value :  4.51671e-07
 Reference value :  4.51840e-07
 Reference value :  4.51947e-07
 Reference value :  4.52146e-07
 Reference value :  4.52413e-07
 Reference value :  4.52792e-07
 Reference value :  4.54480e-07
 Reference value :  4.60382e-07
 Reference value :  4.66882e-07
 Reference value :  4.73382e-07
 Reference value :  4.79882e-07
 Reference value :  4.85882e-07
 Reference value :  4.91173e-07
 Reference value :  4.91262e-07
 Reference value :  4.91383e-07
 Reference value :  4.91859e-07
 Reference value :  4.92119e-07
 Reference value :  4.92237e-07
 Reference value :  4.92380e-07
 Reference value :  4.92502e-07
 Reference value :  4.92740e-07
 Reference value :  4.92947e-07
 Reference value :  4.93207e-07
 Reference value :  4.93993e-07
 Reference value :  4.94883e-07
 Reference value :  4.95318e-07
 Reference value :  4.95778e-07
 Reference value :  4.98136e-07
 Reference value :  5.03636e-07
 Reference value :  5.09136e-07
 Reference value :  5.14636e-07
 Reference value :  5.19636e-07
 Reference value :  5.24636e-07
 Reference value :  5.30636e-07
 Reference value :  5.32860e-07
 Reference value :  5.32955e-07
 Reference value :  5.33080e-07
 Reference value :  5.33483e-07
 Reference value :  5.33750e-07
 Reference value :  5.33857e-07
 Reference value :  5.33989e-07
 Reference value :  5.34144e-07
 Reference value :  5.34262e-07
 Reference value :  5.34433e-07
 Reference value :  5.34673e-07
 Reference value :  5.35000e-07
 Reference value :  5.35568e-07
 Reference value :  5.37850e-07
 Reference value :  5.43350e-07
 Reference value :  5.48850e-07
 Reference value :  5.54350e-07
 Reference value :  5.59850e-07
 Reference value :  5.65350e-07
 Reference value :  5.71350e-07
 Reference value :  5.74525e-07
 Reference value :  5.74597e-07
 Reference value :  5.74728e-07
 Reference value :  5.75110e-07
 Reference value :  5.75383e-07
 Reference value :  5.75503e-07
 Reference value :  5.75591e-07
 Reference value :  5.75681e-07
 Reference value :  5.75834e-07
 Reference value :  5.76086e-07
 Reference value :  5.76330e-07
 Reference value :  5.76643e-07
 Reference value :  5.77074e-07
 Reference value :  5.77651e-07
 Reference value :  5.78064e-07
 Reference value :  5.78397e-07
 Reference value :  5.78823e-07
 Reference value :  5.79776e-07
 Reference value :  5.83928e-07
 Reference value :  5.90428e-07
 Reference value :  5.96428e-07
 Reference value :  6.02928e-07
 Reference value :  6.10428e-07
 Reference value :  6.11860e-07
 Reference value :  6.13385e-07
 Reference value :  6.13717e-07
 Reference value :  6.13998e-07
 Reference value :  6.14496e-07
 Reference value :  6.15993e-07
 Reference value :  6.16214e-07
 Reference value :  6.16311e-07
 Reference value :  6.16429e-07
 Reference value :  6.16794e-07
 Reference value :  6.17039e-07
 Reference value :  6.17142e-07
 Reference value :  6.17277e-07
 Reference value :  6.17417e-07
 Reference value :  6.17533e-07
 Reference value :  6.17784e-07
 Reference value :  6.17912e-07
 Reference value :  6.18039e-07
 Reference value :  6.18173e-07
 Reference value :  6.18318e-07
 Reference value :  6.18412e-07
 Reference value :  6.18535e-07
 Reference value :  6.18762e-07
 Reference value :  6.19012e-07
 Reference value :  6.19478e-07
 Reference value :  6.21823e-07
 Reference value :  6.26823e-07
 Reference value :  6.32323e-07
 Reference value :  6.37323e-07
 Reference value :  6.42823e-07
 Reference value :  6.48823e-07
 Reference value :  6.54823e-07
 Reference value :  6.57855e-07
 Reference value :  6.57947e-07
 Reference value :  6.58060e-07
 Reference value :  6.58582e-07
 Reference value :  6.58853e-07
 Reference value :  6.59015e-07
 Reference value :  6.59148e-07
 Reference value :  6.59357e-07
 Reference value :  6.59600e-07
 Reference value :  6.59922e-07
 Reference value :  6.60481e-07
 Reference value :  6.61374e-07
 Reference value :  6.61716e-07
 Reference value :  6.62083e-07
 Reference value :  6.62729e-07
 Reference value :  6.66137e-07
 Reference value :  6.71137e-07
 Reference value :  6.76637e-07
 Reference value :  6.82637e-07
 Reference value :  6.88137e-07
 Reference value :  6.94137e-07
 Reference value :  6.99500e-07
 Reference value :  6.99575e-07
 Reference value :  6.99663e-07
 Reference value :  6.99878e-07
 Reference value :  7.00281e-07
 Reference value :  7.00475e-07
 Reference value :  7.00610e-07
 Reference value :  7.00746e-07
 Reference value :  7.00846e-07
 Reference value :  7.01101e-07
 Reference value :  7.01240e-07
 Reference value :  7.01513e-07
 Reference value :  7.01937e-07
 Reference value :  7.03136e-07
 Reference value :  7.07163e-07
 Reference value :  7.12663e-07
 Reference value :  7.18163e-07
 Reference value :  7.24163e-07
 Reference value :  7.29663e-07
 Reference value :  7.35163e-07
 Reference value :  7.40915e-07
 Reference value :  7.41217e-07
 Reference value :  7.41327e-07
 Reference value :  7.41540e-07
 Reference value :  7.42042e-07
 Reference value :  7.42202e-07
 Reference value :  7.42379e-07
 Reference value :  7.42527e-07
 Reference value :  7.42697e-07
 Reference value :  7.42949e-07
 Reference value :  7.43207e-07
 Reference value :  7.43702e-07
 Reference value :  7.44375e-07
 Reference value :  7.44802e-07
 Reference value :  7.45101e-07
 Reference value :  7.45700e-07
 Reference value :  7.48076e-07
 Reference value :  7.53572e-07
 Reference value :  7.59572e-07
 Reference value :  7.65072e-07
 Reference value :  7.71572e-07
 Reference value :  7.78572e-07
 Reference value :  7.82839e-07
 Reference value :  7.82931e-07
 Reference value :  7.83045e-07
 Reference value :  7.83405e-07
 Reference value :  7.83732e-07
 Reference value :  7.83845e-07
 Reference value :  7.83950e-07
 Reference value :  7.84049e-07
 Reference value :  7.84145e-07
 Reference value :  7.84297e-07
 Reference value :  7.84511e-07
 Reference value :  7.84770e-07
 Reference value :  7.85132e-07
 Reference value :  7.85814e-07
 Reference value :  7.88522e-07
 Reference value :  7.94022e-07
 Reference value :  7.99522e-07
 Reference value :  8.05022e-07
 Reference value :  8.10522e-07
 Reference value :  8.16022e-07
 Reference value :  8.21522e-07
 Reference value :  8.24536e-07
 Reference value :  8.24624e-07
 Reference value :  8.24775e-07
 Reference value :  8.25236e-07
 Reference value :  8.25520e-07
 Reference value :  8.25680e-07
 Reference value :  8.25866e-07
 Reference value :  8.26086e-07
 Reference value :  8.26347e-07
 Reference value :  8.26654e-07
 Reference value :  8.27118e-07
 Reference value :  8.27767e-07
 Reference value :  8.28162e-07
 Reference value :  8.28509e-07
 Reference value :  8.29052e-07
 Reference value :  8.30906e-07
 Reference value :  8.36726e-07
 Reference value :  8.42226e-07
 Reference value :  8.49226e-07
 Reference value :  8.57226e-07
 Reference value :  8.63726e-07
 Reference value :  8.66225e-07
 Reference value :  8.66301e-07
 Reference value :  8.66429e-07
 Reference value :  8.66802e-07
 Reference value :  8.67065e-07
 Reference value :  8.67226e-07
 Reference value :  8.67337e-07
 Reference value :  8.67447e-07
 Reference value :  8.67528e-07
 Reference value :  8.67781e-07
 Reference value :  8.67907e-07
 Reference value :  8.68047e-07
 Reference value :  8.68261e-07
 Reference value :  8.68599e-07
 Reference value :  8.69070e-07
 Reference value :  8.70261e-07
 Reference value :  8.74430e-07
 Reference value :  8.80930e-07
 Reference value :  8.86430e-07
 Reference value :  8.91930e-07
 Reference value :  8.97430e-07
 Reference value :  9.02930e-07
 Reference value :  9.07840e-07
 Reference value :  9.07947e-07
 Reference value :  9.08067e-07
 Reference value :  9.08696e-07
 Reference value :  9.08953e-07
 Reference value :  9.09085e-07
 Reference value :  9.09340e-07
 Reference value :  9.09585e-07
 Reference value :  9.09992e-07
 Reference value :  9.10500e-07
 Reference value :  9.11143e-07
 Reference value :  9.11475e-07
 Reference value :  9.11832e-07
 Reference value :  9.12407e-07
 Reference value :  9.15366e-07
 Reference value :  9.20866e-07
 Reference value :  9.28866e-07
 Reference value :  9.34366e-07
 Reference value :  9.40366e-07
 Reference value :  9.47366e-07
 Reference value :  9.49183e-07
 Reference value :  9.49555e-07
 Reference value :  9.49645e-07
 Reference value :  9.49787e-07
 Reference value :  9.50178e-07
 Reference value :  9.50380e-07
 Reference value :  9.50526e-07
 Reference value :  9.50668e-07
 Reference value :  9.50788e-07
 Reference value :  9.50967e-07
 Reference value :  9.51220e-07
 Reference value :  9.51361e-07
 Reference value :  9.51494e-07
 Reference value :  9.51662e-07
 Reference value :  9.51801e-07
 Reference value :  9.52069e-07
 Reference value :  9.52451e-07
 Reference value :  9.53922e-07
 Reference value :  9.61151e-07
 Reference value :  9.68151e-07
 Reference value :  9.75151e-07
 Reference value :  9.82651e-07
 Reference value :  9.90651e-07
 Reference value :  9.91218e-07
 Reference value :  9.91302e-07
 Reference value :  9.91434e-07
 Reference value :  9.91973e-07
 Reference value :  9.92167e-07
 Reference value :  9.92229e-07
 Reference value :  9.92330e-07
 Reference value :  9.92430e-07
 Reference value :  9.92662e-07
 Reference value :  9.92904e-07
 Reference value :  9.93222e-07
 Reference value :  9.93789e-07
 Reference value :  9.94583e-07
 Reference value :  9.94940e-07
 Reference value :  9.95399e-07
 Reference value :  9.96545e-07
 Reference value :  1.00049e-06
 Reference value :  1.00699e-06
 Reference value :  1.01349e-06
 Reference value :  1.02099e-06
 Reference value :  1.02799e-06
 Reference value :  1.03284e-06
 Reference value :  1.03293e-06
 Reference value :  1.03301e-06
 Reference value :  1.03320e-06
 Reference value :  1.03361e-06
 Reference value :  1.03374e-06
 Reference value :  1.03390e-06
 Reference value :  1.03396e-06
 Reference value :  1.03412e-06
 Reference value :  1.03424e-06
 Reference value :  1.03450e-06
 Reference value :  1.03463e-06
 Reference value :  1.03475e-06
 Reference value :  1.03493e-06
 Reference value :  1.03518e-06
 Reference value :  1.03574e-06
 Reference value :  1.03787e-06
 Reference value :  1.04336e-06
 Reference value :  1.04836e-06
 Reference value :  1.05336e-06
 Reference value :  1.05886e-06
 Reference value :  1.06436e-06
 Reference value :  1.06936e-06
 Reference value :  1.07418e-06
 Reference value :  1.07456e-06
 Reference value :  1.07463e-06
 Reference value :  1.07480e-06
 Reference value :  1.07531e-06
 Reference value :  1.07550e-06
 Reference value :  1.07556e-06
 Reference value :  1.07565e-06
 Reference value :  1.07573e-06
 Reference value :  1.07595e-06
 Reference value :  1.07615e-06
 Reference value :  1.07639e-06
 Reference value :  1.07677e-06
 Reference value :  1.07730e-06
 Reference value :  1.07790e-06
 Reference value :  1.07828e-06
 Reference value :  1.07867e-06
 Reference value :  1.07975e-06
 Reference value :  1.08326e-06
 Reference value :  1.08876e-06
 Reference value :  1.09476e-06
 Reference value :  1.10026e-06
 Reference value :  1.10576e-06
 Reference value :  1.11126e-06
 Reference value :  1.11617e-06
 Reference value :  1.11624e-06
 Reference value :  1.11632e-06
 Reference value :  1.11643e-06
 Reference value :  1.11687e-06
 Reference value :  1.11707e-06
 Reference value :  1.11723e-06
 Reference value :  1.11729e-06
 Reference value :  1.11738e-06
 Reference value :  1.11749e-06
 Reference value :  1.11761e-06
 Reference value :  1.11775e-06
 Reference value :  1.11786e-06
 Reference value :  1.11799e-06
 Reference value :  1.11816e-06
 Reference value :  1.11835e-06
 Reference value :  1.11848e-06
 Reference value :  1.11859e-06
 Reference value :  1.11874e-06
 Reference value :  1.11887e-06
 Reference value :  1.11900e-06
 Reference value :  1.11918e-06
 Reference value :  1.11936e-06
 Reference value :  1.11980e-06
 Reference value :  1.12084e-06
 Reference value :  1.12473e-06
 Reference value :  1.13023e-06
 Reference value :  1.13523e-06
 Reference value :  1.14073e-06
 Reference value :  1.14623e-06
 Reference value :  1.15123e-06
 Reference value :  1.15673e-06
 Reference value :  1.15789e-06
 Reference value :  1.15799e-06
 Reference value :  1.15813e-06
 Reference value :  1.15857e-06
 Reference value :  1.15886e-06
 Reference value :  1.15904e-06
 Reference value :  1.15923e-06
 Reference value :  1.15956e-06
 Reference value :  1.15978e-06
 Reference value :  1.16005e-06
 Reference value :  1.16044e-06
 Reference value :  1.16079e-06
 Reference value :  1.16097e-06
 Reference value :  1.16123e-06
 Reference value :  1.16164e-06
 Reference value :  1.16222e-06
 Reference value :  1.16482e-06
 Reference value :  1.17032e-06
 Reference value :  1.17532e-06
 Reference value :  1.18132e-06
 Reference value :  1.18682e-06
 Reference value :  1.19232e-06
 Reference value :  1.19782e-06
 Reference value :  1.19954e-06
 Reference value :  1.19963e-06
 Reference value :  1.19975e-06
 Reference value :  1.20015e-06
 Reference value :  1.20044e-06
 Reference value :  1.20062e-06
 Reference value :  1.20084e-06
 Reference value :  1.20102e-06
 Reference value :  1.20116e-06
 Reference value :  1.20130e-06
 Reference value :  1.20142e-06
 Reference value :  1.20153e-06
 Reference value :  1.20166e-06
 Reference value :  1.20180e-06
 Reference value :  1.20197e-06
 Reference value :  1.20226e-06
 Reference value :  1.20256e-06
 Reference value :  1.20321e-06
 Reference value :  1.20482e-06
 Reference value :  1.20964e-06
 Reference value :  1.21564e-06
 Reference value :  1.22064e-06
 Reference value :  1.22614e-06
 Reference value :  1.23264e-06
 Reference value :  1.23914e-06
 Reference value :  1.24119e-06
 Reference value :  1.24128e-06
 Reference value :  1.24137e-06
 Reference value :  1.24162e-06
 Reference value :  1.24215e-06
 Reference value :  1.24226e-06
 Reference value :  1.24246e-06
 Reference value :  1.24266e-06
 Reference value :  1.24293e-06
 Reference value :  1.24316e-06
 Reference value :  1.24345e-06
 Reference value :  1.24377e-06
 Reference value :  1.24410e-06
 Reference value :  1.24424e-06
 Reference value :  1.24445e-06
 Reference value :  1.24469e-06
 Reference value :  1.24544e-06
 Reference value :  1.24768e-06
 Reference value :  1.25418e-06
 Reference value :  1.25968e-06
 Reference value :  1.26568e-06
 Reference value :  1.27118e-06
 Reference value :  1.27718e-06
 Reference value :  1.28284e-06
 Reference value :  1.28294e-06
 Reference value :  1.28305e-06
 Reference value :  1.28329e-06
 Reference value :  1.28364e-06
 Reference value :  1.28378e-06
 Reference value :  1.28396e-06
 Reference value :  1.28405e-06
 Reference value :  1.28416e-06
 Reference value :  1.28428e-06
 Reference value :  1.28450e-06
 Reference value :  1.28479e-06
 Reference value :  1.28490e-06
 Reference value :  1.28505e-06
 Reference value :  1.28522e-06
 Reference value :  1.28538e-06
 Reference value :  1.28561e-06
 Reference value :  1.28601e-06
 Reference value :  1.28682e-06
 Reference value :  1.29115e-06
 Reference value :  1.29715e-06
 Reference value :  1.30265e-06
 Reference value :  1.30765e-06
 Reference value :  1.31315e-06
 Reference value :  1.31865e-06
 Reference value :  1.32408e-06
 Reference value :  1.32457e-06
 Reference value :  1.32468e-06
 Reference value :  1.32486e-06
 Reference value :  1.32538e-06
 Reference value :  1.32551e-06
 Reference value :  1.32562e-06
 Reference value :  1.32572e-06
 Reference value :  1.32588e-06
 Reference value :  1.32610e-06
 Reference value :  1.32636e-06
 Reference value :  1.32670e-06
 Reference value :  1.32703e-06
 Reference value :  1.32744e-06
 Reference value :  1.32799e-06
 Reference value :  1.32832e-06
 Reference value :  1.32875e-06
 Reference value :  1.32994e-06
 Reference value :  1.33480e-06
 Reference value :  1.34030e-06
 Reference value :  1.34530e-06
 Reference value :  1.34659e-06
 Reference value :  1.34800e-06
 Reference value :  1.34817e-06
 Reference value :  1.34840e-06
 Reference value :  1.34883e-06
 Reference value :  1.35029e-06
 Reference value :  1.35565e-06
 Reference value :  1.36115e-06
 Reference value :  1.36617e-06
 Reference value :  1.36622e-06
 Reference value :  1.36631e-06
 Reference value :  1.36642e-06
 Reference value :  1.36680e-06
 Reference value :  1.36706e-06
 Reference value :  1.36719e-06
 Reference value :  1.36735e-06
 Reference value :  1.36744e-06
 Reference value :  1.36761e-06
 Reference value :  1.36786e-06
 Reference value :  1.36800e-06
 Reference value :  1.36815e-06
 Reference value :  1.36826e-06
 Reference value :  1.36845e-06
 Reference value :  1.36856e-06
 Reference value :  1.36871e-06
 Reference value :  1.36893e-06
 Reference value :  1.36927e-06
 Reference value :  1.37012e-06
 Reference value :  1.37404e-06
 Reference value :  1.37904e-06
 Reference value :  1.38404e-06
 Reference value :  1.38904e-06
 Reference value :  1.39454e-06
 Reference value :  1.40004e-06
 Reference value :  1.40604e-06
 Reference value :  1.40788e-06
 Reference value :  1.40797e-06
 Reference value :  1.40810e-06
 Reference value :  1.40859e-06
 Reference value :  1.40887e-06
 Reference value :  1.40902e-06
 Reference value :  1.40915e-06
 Reference value :  1.40936e-06
 Reference value :  1.40960e-06
 Reference value :  1.40992e-06
 Reference value :  1.41045e-06
 Reference value :  1.41255e-06
 Reference value :  1.41735e-06
 Reference value :  1.42235e-06
 Reference value :  1.42735e-06
 Reference value :  1.43285e-06
 Reference value :  1.43835e-06
 Reference value :  1.44385e-06
 Reference value :  1.44885e-06
 Reference value :  1.44955e-06
 Reference value :  1.44964e-06
 Reference value :  1.44974e-06
 Reference value :  1.45011e-06
 Reference value :  1.45039e-06
 Reference value :  1.45058e-06
 Reference value :  1.45066e-06
 Reference value :  1.45082e-06
 Reference value :  1.45098e-06
 Reference value :  1.45115e-06
 Reference value :  1.45137e-06
 Reference value :  1.45167e-06
 Reference value :  1.45218e-06
 Reference value :  1.45381e-06
 Reference value :  1.45937e-06
 Reference value :  1.46487e-06
 Reference value :  1.47037e-06
 Reference value :  1.47587e-06
 Reference value :  1.48137e-06
 Reference value :  1.48637e-06
 Reference value :  1.49117e-06
 Reference value :  1.49129e-06
 Reference value :  1.49143e-06
 Reference value :  1.49194e-06
 Reference value :  1.49219e-06
 Reference value :  1.49242e-06
 Reference value :  1.49263e-06
 Reference value :  1.49289e-06
 Reference value :  1.49316e-06
 Reference value :  1.49370e-06
 Reference value :  1.49615e-06
 Reference value :  1.49901e-06
 Reference value :  1.50562e-06
 Reference value :  1.51062e-06
 Reference value :  1.51612e-06
 Reference value :  1.52212e-06
 Reference value :  1.52712e-06
 Reference value :  1.53212e-06
 Reference value :  1.53287e-06
 Reference value :  1.53296e-06
 Reference value :  1.53305e-06
 Reference value :  1.53327e-06
 Reference value :  1.53363e-06
 Reference value :  1.53381e-06
 Reference value :  1.53396e-06
 Reference value :  1.53408e-06
 Reference value :  1.53419e-06
 Reference value :  1.53436e-06
 Reference value :  1.53451e-06
 Reference value :  1.53470e-06
 Reference value :  1.53497e-06
 Reference value :  1.53544e-06
 Reference value :  1.53697e-06
 Reference value :  1.54159e-06
 Reference value :  1.54709e-06
 Reference value :  1.55259e-06
 Reference value :  1.55909e-06
 Reference value :  1.56459e-06
 Reference value :  1.57009e-06
 Reference value :  1.57451e-06
 Reference value :  1.57463e-06
 Reference value :  1.57475e-06
 Reference value :  1.57524e-06
 Reference value :  1.57552e-06
 Reference value :  1.57568e-06
 Reference value :  1.57584e-06
 Reference value :  1.57608e-06
 Reference value :  1.57633e-06
 Reference value :  1.57663e-06
 Reference value :  1.57715e-06
 Reference value :  1.57794e-06
 Reference value :  1.57830e-06
 Reference value :  1.57862e-06
 Reference value :  1.57917e-06
 Reference value :  1.58078e-06
 Reference value :  1.58618e-06
 Reference value :  1.59118e-06
 Reference value :  1.59668e-06
 Reference value :  1.60168e-06
 Reference value :  1.60668e-06
 Reference value :  1.61168e-06
 Reference value :  1.61617e-06
 Reference value :  1.61627e-06
 Reference value :  1.61639e-06
 Reference value :  1.61661e-06
 Reference value :  1.61695e-06
 Reference value :  1.61707e-06
 Reference value :  1.61722e-06
 Reference value :  1.61731e-06
 Reference value :  1.61746e-06
 Reference value :  1.61759e-06
 Reference value :  1.61777e-06
 Reference value :  1.61791e-06
 Reference value :  1.61818e-06
 Reference value :  1.61871e-06
 Reference value :  1.62072e-06
 Reference value :  1.62611e-06
 Reference value :  1.63161e-06
 Reference value :  1.63661e-06
 Reference value :  1.64211e-06
 Reference value :  1.64761e-06
 Reference value :  1.65311e-06
 Reference value :  1.65784e-06
 Reference value :  1.65792e-06
 Reference value :  1.65802e-06
 Reference value :  1.65834e-06
 Reference value :  1.65883e-06
 Reference value :  1.65897e-06
 Reference value :  1.65908e-06
 Reference value :  1.65925e-06
 Reference value :  1.65950e-06
 Reference value :  1.65972e-06
 Reference value :  1.66011e-06
 Reference value :  1.66098e-06
 Reference value :  1.66154e-06
 Reference value :  1.66201e-06
 Reference value :  1.66268e-06
 Reference value :  1.66599e-06
 Reference value :  1.67199e-06
 Reference value :  1.67849e-06
 Reference value :  1.68399e-06
 Reference value :  1.69049e-06
 Reference value :  1.69399e-06
 Reference value :  1.69596e-06
 Reference value :  1.69627e-06
 Reference value :  1.69647e-06
 Reference value :  1.69688e-06
 Reference value :  1.69823e-06
 Reference value :  1.69953e-06
 Reference value :  1.69961e-06
 Reference value :  1.69969e-06
 Reference value :  1.69992e-06
 Reference value :  1.70031e-06
 Reference value :  1.70049e-06
 Reference value :  1.70059e-06
 Reference value :  1.70073e-06
 Reference value :  1.70091e-06
 Reference value :  1.70121e-06
 Reference value :  1.70137e-06
 Reference value :  1.70153e-06
 Reference value :  1.70174e-06
 Reference value :  1.70192e-06
 Reference value :  1.70221e-06
 Reference value :  1.70267e-06
 Reference value :  1.70619e-06
 Reference value :  1.71319e-06
 Reference value :  1.71869e-06
 Reference value :  1.72469e-06
 Reference value :  1.73019e-06
 Reference value :  1.73619e-06
 Reference value :  1.74117e-06
 Reference value :  1.74125e-06
 Reference value :  1.74135e-06
 Reference value :  1.74166e-06
 Reference value :  1.74213e-06
 Reference value :  1.74225e-06
 Reference value :  1.74237e-06
 Reference value :  1.74252e-06
 Reference value :  1.74276e-06
 Reference value :  1.74301e-06
 Reference value :  1.74337e-06
 Reference value :  1.74376e-06
 Reference value :  1.74448e-06
 Reference value :  1.74480e-06
 Reference value :  1.74515e-06
 Reference value :  1.74570e-06
 Reference value :  1.74706e-06
 Reference value :  1.75138e-06
 Reference value :  1.75638e-06
 Reference value :  1.76138e-06
 Reference value :  1.76688e-06
 Reference value :  1.77238e-06
 Reference value :  1.77738e-06
 Reference value :  1.78283e-06
 Reference value :  1.78291e-06
 Reference value :  1.78302e-06
 Reference value :  1.78318e-06
 Reference value :  1.78357e-06
 Reference value :  1.78374e-06
 Reference value :  1.78384e-06
 Reference value :  1.78399e-06
 Reference value :  1.78410e-06
 Reference value :  1.78420e-06
 Reference value :  1.78441e-06
 Reference value :  1.78452e-06
 Reference value :  1.78477e-06
 Reference value :  1.78514e-06
 Reference value :  1.78594e-06
 Reference value :  1.78888e-06
 Reference value :  1.79488e-06
 Reference value :  1.80088e-06
 Reference value :  1.80638e-06
 Reference value :  1.81238e-06
 Reference value :  1.81838e-06
 Reference value :  1.82388e-06
 Reference value :  1.82455e-06
 Reference value :  1.82466e-06
 Reference value :  1.82487e-06
 Reference value :  1.82550e-06
 Reference value :  1.82567e-06
 Reference value :  1.82581e-06
 Reference value :  1.82608e-06
 Reference value :  1.82639e-06
 Reference value :  1.82681e-06
 Reference value :  1.82739e-06
 Reference value :  1.82802e-06
 Reference value :  1.82836e-06
 Reference value :  1.82870e-06
 Reference value :  1.82983e-06
 Reference value :  1.83475e-06
 Reference value :  1.84075e-06
 Reference value :  1.84875e-06
 Reference value :  1.85475e-06
 Reference value :  1.86275e-06
 Reference value :  1.86622e-06
 Reference value :  1.86640e-06
 Reference value :  1.86675e-06
 Reference value :  1.86703e-06
 Reference value :  1.86717e-06
 Reference value :  1.86728e-06
 Reference value :  1.86741e-06
 Reference value :  1.86750e-06
 Reference value :  1.86769e-06
 Reference value :  1.86792e-06
 Reference value :  1.86805e-06
 Reference value :  1.86822e-06
 Reference value :  1.86846e-06
 Reference value :  1.86916e-06
 Reference value :  1.87122e-06
 Reference value :  1.87672e-06
 Reference value :  1.88322e-06
 Reference value :  1.88922e-06
 Reference value :  1.89522e-06
 Reference value :  1.90172e-06
 Reference value :  1.90722e-06
 Reference value :  1.90789e-06
 Reference value :  1.90798e-06
 Reference value :  1.90817e-06
 Reference value :  1.90875e-06
 Reference value :  1.90886e-06
 Reference value :  1.90899e-06
 Reference value :  1.90912e-06
 Reference value :  1.90934e-06
 Reference value :  1.90959e-06
 Reference value :  1.90995e-06
 Reference value :  1.91062e-06
 Reference value :  1.91126e-06
 Reference value :  1.91174e-06
 Reference value :  1.91224e-06
 Reference value :  1.91351e-06
 Reference value :  1.91851e-06
 Reference value :  1.92651e-06
 Reference value :  1.93401e-06
 Reference value :  1.94051e-06
 Reference value :  1.94651e-06
 Reference value :  1.94844e-06
 Reference value :  1.94948e-06
 Reference value :  1.94955e-06
 Reference value :  1.94966e-06
 Reference value :  1.94979e-06
 Reference value :  1.95007e-06
 Reference value :  1.95021e-06
 Reference value :  1.95037e-06
 Reference value :  1.95053e-06
 Reference value :  1.95067e-06
 Reference value :  1.95075e-06
 Reference value :  1.95085e-06
 Reference value :  1.95101e-06
 Reference value :  1.95119e-06
 Reference value :  1.95132e-06
 Reference value :  1.95142e-06
 Reference value :  1.95158e-06
 Reference value :  1.95167e-06
 Reference value :  1.95177e-06
 Reference value :  1.95196e-06
 Reference value :  1.95217e-06
 Reference value :  1.95252e-06
 Reference value :  1.95329e-06
 Reference value :  1.95769e-06
 Reference value :  1.96319e-06
 Reference value :  1.96869e-06
 Reference value :  1.97419e-06
 Reference value :  1.98019e-06
 Reference value :  1.98519e-06
 Reference value :  1.99069e-06
 Reference value :  1.99125e-06
 Reference value :  1.99133e-06
 Reference value :  1.99150e-06
 Reference value :  1.99205e-06
 Reference value :  1.99220e-06
 Reference value :  1.99238e-06
 Reference value :  1.99258e-06
 Reference value :  1.99287e-06
 Reference value :  1.99316e-06
 Reference value :  1.99356e-06
 Reference value :  1.99430e-06
 Reference value :  1.99471e-06
 Reference value :  1.99511e-06
 Reference value :  1.99563e-06
 Reference value :  1.99824e-06
 Reference value :  2.00374e-06
 Reference value :  2.01024e-06
 Reference value :  2.01574e-06
 Reference value :  2.02124e-06
 Reference value :  2.02724e-06
 Reference value :  2.03283e-06
 Reference value :  2.03290e-06
 Reference value :  2.03299e-06
 Reference value :  2.03317e-06
 Reference value :  2.03351e-06
 Reference value :  2.03373e-06
 Reference value :  2.03388e-06
 Reference value :  2.03394e-06
 Reference value :  2.03402e-06
 Reference value :  2.03414e-06
 Reference value :  2.03428e-06
 Reference value :  2.03450e-06
 Reference value :  2.03462e-06
 Reference value :  2.03474e-06
 Reference value :  2.03501e-06
 Reference value :  2.03530e-06
 Reference value :  2.03593e-06
 Reference value :  2.03889e-06
 Reference value :  2.04439e-06
 Reference value :  2.04989e-06
 Reference value :  2.05589e-06
 Reference value :  2.06139e-06
 Reference value :  2.06689e-06
 Reference value :  2.07239e-06
 Reference value :  2.07452e-06
 Reference value :  2.07462e-06
 Reference value :  2.07475e-06
 Reference value :  2.07525e-06
 Reference value :  2.07553e-06
 Reference value :  2.07569e-06
 Reference value :  2.07578e-06
 Reference value :  2.07595e-06
 Reference value :  2.07622e-06
 Reference value :  2.07652e-06
 Reference value :  2.07702e-06
 Reference value :  2.07764e-06
 Reference value :  2.07806e-06
 Reference value :  2.07840e-06
 Reference value :  2.07941e-06
 Reference value :  2.08284e-06
 Reference value :  2.08834e-06
 Reference value :  2.09534e-06
 Reference value :  2.10184e-06
 Reference value :  2.10784e-06
 Reference value :  2.11434e-06
 Reference value :  2.11625e-06
 Reference value :  2.11633e-06
 Reference value :  2.11648e-06
 Reference value :  2.11690e-06
 Reference value :  2.11707e-06
 Reference value :  2.11722e-06
 Reference value :  2.11728e-06
 Reference value :  2.11737e-06
 Reference value :  2.11746e-06
 Reference value :  2.11756e-06
 Reference value :  2.11769e-06
 Reference value :  2.11785e-06
 Reference value :  2.11798e-06
 Reference value :  2.11821e-06
 Reference value :  2.11839e-06
 Reference value :  2.11848e-06
 Reference value :  2.11859e-06
 Reference value :  2.11869e-06
 Reference value :  2.11879e-06
 Reference value :  2.11892e-06
 Reference value :  2.11906e-06
 Reference value :  2.11919e-06
 Reference value :  2.11934e-06
 Reference value :  2.11956e-06
 Reference value :  2.11988e-06
 Reference value :  2.12143e-06
 Reference value :  2.12618e-06
 Reference value :  2.13118e-06
 Reference value :  2.13618e-06
 Reference value :  2.14168e-06
 Reference value :  2.14768e-06
 Reference value :  2.15468e-06
 Reference value :  2.15786e-06
 Reference value :  2.15794e-06
 Reference value :  2.15805e-06
 Reference value :  2.15839e-06
 Reference value :  2.15884e-06
 Reference value :  2.15901e-06
 Reference value :  2.15914e-06
 Reference value :  2.15941e-06
 Reference value :  2.15967e-06
 Reference value :  2.15995e-06
 Reference value :  2.16013e-06
 Reference value :  2.16031e-06
 Reference value :  2.16060e-06
 Reference value :  2.16101e-06
 Reference value :  2.16139e-06
 Reference value :  2.16174e-06
 Reference value :  2.16213e-06
 Reference value :  2.16317e-06
 Reference value :  2.16888e-06
 Reference value :  2.17438e-06
 Reference value :  2.17938e-06
 Reference value :  2.18488e-06
 Reference value :  2.19038e-06
 Reference value :  2.19588e-06
 Reference value :  2.19952e-06
 Reference value :  2.19959e-06
 Reference value :  2.19967e-06
 Reference value :  2.19984e-06
 Reference value :  2.20025e-06
 Reference value :  2.20041e-06
 Reference value :  2.20055e-06
 Reference value :  2.20068e-06
 Reference value :  2.20075e-06
 Reference value :  2.20089e-06
 Reference value :  2.20104e-06
 Reference value :  2.20119e-06
 Reference value :  2.20134e-06
 Reference value :  2.20146e-06
 Reference value :  2.20158e-06
 Reference value :  2.20173e-06
 Reference value :  2.20186e-06
 Reference value :  2.20202e-06
 Reference value :  2.20223e-06
 Reference value :  2.20263e-06
 Reference value :  2.20346e-06
 Reference value :  2.20585e-06
 Reference value :  2.21111e-06
 Reference value :  2.21761e-06
 Reference value :  2.22361e-06
 Reference value :  2.23061e-06
 Reference value :  2.23711e-06
 Reference value :  2.24117e-06
 Reference value :  2.24124e-06
 Reference value :  2.24134e-06
 Reference value :  2.24156e-06
 Reference value :  2.24215e-06
 Reference value :  2.24227e-06
 Reference value :  2.24244e-06
 Reference value :  2.24263e-06
 Reference value :  2.24289e-06
 Reference value :  2.24320e-06
 Reference value :  2.24345e-06
 Reference value :  2.24358e-06
 Reference value :  2.24392e-06
 Reference value :  2.24434e-06
 Reference value :  2.24461e-06
 Reference value :  2.24479e-06
 Reference value :  2.24506e-06
 Reference value :  2.24550e-06
 Reference value :  2.24753e-06
 Reference value :  2.25253e-06
 Reference value :  2.25753e-06
 Reference value :  2.26303e-06
 Reference value :  2.26853e-06
 Reference value :  2.27403e-06
 Reference value :  2.27953e-06
 Reference value :  2.28285e-06
 Reference value :  2.28295e-06
 Reference value :  2.28306e-06
 Reference value :  2.28329e-06
 Reference value :  2.28364e-06
 Reference value :  2.28378e-06
 Reference value :  2.28392e-06
 Reference value :  2.28404e-06
 Reference value :  2.28413e-06
 Reference value :  2.28424e-06
 Reference value :  2.28443e-06
 Reference value :  2.28466e-06
 Reference value :  2.28478e-06
 Reference value :  2.28502e-06
 Reference value :  2.28516e-06
 Reference value :  2.28533e-06
 Reference value :  2.28552e-06
 Reference value :  2.28572e-06
 Reference value :  2.28608e-06
 Reference value :  2.28700e-06
 Reference value :  2.29183e-06
 Reference value :  2.29733e-06
 Reference value :  2.30283e-06
 Reference value :  2.30833e-06
 Reference value :  2.31383e-06
 Reference value :  2.31933e-06
 Reference value :  2.32450e-06
 Reference value :  2.32457e-06
 Reference value :  2.32466e-06
 Reference value :  2.32483e-06
 Reference value :  2.32538e-06
 Reference value :  2.32550e-06
 Reference value :  2.32566e-06
 Reference value :  2.32575e-06
 Reference value :  2.32595e-06
 Reference value :  2.32622e-06
 Reference value :  2.32649e-06
 Reference value :  2.32689e-06
 Reference value :  2.32769e-06
 Reference value :  2.32814e-06
 Reference value :  2.32849e-06
 Reference value :  2.32893e-06
 Reference value :  2.33046e-06
 Reference value :  2.33584e-06
 Reference value :  2.34184e-06
 Reference value :  2.34684e-06
 Reference value :  2.35234e-06
 Reference value :  2.35784e-06
 Reference value :  2.36284e-06
 Reference value :  2.36620e-06
 Reference value :  2.36628e-06
 Reference value :  2.36637e-06
 Reference value :  2.36657e-06
 Reference value :  2.36690e-06
 Reference value :  2.36706e-06
 Reference value :  2.36722e-06
 Reference value :  2.36733e-06
 Reference value :  2.36744e-06
 Reference value :  2.36756e-06
 Reference value :  2.36774e-06
 Reference value :  2.36788e-06
 Reference value :  2.36800e-06
 Reference value :  2.36812e-06
 Reference value :  2.36830e-06
 Reference value :  2.36855e-06
 Reference value :  2.36896e-06
 Reference value :  2.36964e-06
 Reference value :  2.37498e-06
 Reference value :  2.38248e-06
 Reference value :  2.38898e-06
 Reference value :  2.39448e-06
 Reference value :  2.39948e-06
 Reference value :  2.40448e-06
 Reference value :  2.40785e-06
 Reference value :  2.40793e-06
 Reference value :  2.40804e-06
 Reference value :  2.40829e-06
 Reference value :  2.40881e-06
 Reference value :  2.40893e-06
 Reference value :  2.40911e-06
 Reference value :  2.40935e-06
 Reference value :  2.40968e-06
 Reference value :  2.41008e-06
 Reference value :  2.41091e-06
 Reference value :  2.41147e-06
 Reference value :  2.41191e-06
 Reference value :  2.41298e-06
 Reference value :  2.41654e-06
 Reference value :  2.42454e-06
 Reference value :  2.43054e-06
 Reference value :  2.43554e-06
 Reference value :  2.44054e-06
 Reference value :  2.44234e-06
 Reference value :  2.44266e-06
 Reference value :  2.44279e-06
 Reference value :  2.44305e-06
 Reference value :  2.44367e-06
 Reference value :  2.44568e-06
 Reference value :  2.44951e-06
 Reference value :  2.44959e-06
 Reference value :  2.44967e-06
 Reference value :  2.44987e-06
 Reference value :  2.45016e-06
 Reference value :  2.45037e-06
 Reference value :  2.45050e-06
 Reference value :  2.45060e-06
 Reference value :  2.45074e-06
 Reference value :  2.45089e-06
 Reference value :  2.45117e-06
 Reference value :  2.45132e-06
 Reference value :  2.45144e-06
 Reference value :  2.45157e-06
 Reference value :  2.45169e-06
 Reference value :  2.45178e-06
 Reference value :  2.45193e-06
 Reference value :  2.45217e-06
 Reference value :  2.45249e-06
 Reference value :  2.45334e-06
 Reference value :  2.45769e-06
 Reference value :  2.46269e-06
 Reference value :  2.46919e-06
 Reference value :  2.47519e-06
 Reference value :  2.48069e-06
 Reference value :  2.48619e-06
 Reference value :  2.49117e-06
 Reference value :  2.49127e-06
 Reference value :  2.49138e-06
 Reference value :  2.49174e-06
 Reference value :  2.49217e-06
 Reference value :  2.49234e-06
 Reference value :  2.49249e-06
 Reference value :  2.49265e-06
 Reference value :  2.49292e-06
 Reference value :  2.49321e-06
 Reference value :  2.49379e-06
 Reference value :  2.49481e-06
 Reference value :  2.49511e-06
 Reference value :  2.49548e-06
 Reference value :  2.49657e-06
 Reference value :  2.50017e-06
 Reference value :  2.50567e-06
 Reference value :  2.51167e-06
 Reference value :  2.51717e-06
 Reference value :  2.52317e-06
 Reference value :  2.52717e-06
 Reference value :  2.53250e-06
 Reference value :  2.53290e-06
 Reference value :  2.53300e-06
 Reference value :  2.53319e-06
 Reference value :  2.53364e-06
 Reference value :  2.53377e-06
 Reference value :  2.53388e-06
 Reference value :  2.53402e-06
 Reference value :  2.53411e-06
 Reference value :  2.53419e-06
 Reference value :  2.53442e-06
 Reference value :  2.53465e-06
 Reference value :  2.53480e-06
 Reference value :  2.53497e-06
 Reference value :  2.53520e-06
 Reference value :  2.53563e-06
 Reference value :  2.53645e-06
 Reference value :  2.53983e-06
 Reference value :  2.54483e-06
 Reference value :  2.54983e-06
 Reference value :  2.55483e-06
 Reference value :  2.56033e-06
 Reference value :  2.56683e-06
 Reference value :  2.57183e-06
 Reference value :  2.57453e-06
 Reference value :  2.57460e-06
 Reference value :  2.57471e-06
 Reference value :  2.57490e-06
 Reference value :  2.57539e-06
 Reference value :  2.57554e-06
 Reference value :  2.57573e-06
 Reference value :  2.57590e-06
 Reference value :  2.57610e-06
 Reference value :  2.57633e-06
 Reference value :  2.57656e-06
 Reference value :  2.57688e-06
 Reference value :  2.57784e-06
 Reference value :  2.57828e-06
 Reference value :  2.57856e-06
 Reference value :  2.57904e-06
 Reference value :  2.58048e-06
 Reference value :  2.58582e-06
 Reference value :  2.59182e-06
 Reference value :  2.59782e-06
 Reference value :  2.60382e-06
 Reference value :  2.60832e-06
 Reference value :  2.61382e-06
 Reference value :  2.61620e-06
 Reference value :  2.61629e-06
 Reference value :  2.61639e-06
 Reference value :  2.61662e-06
 Reference value :  2.61698e-06
 Reference value :  2.61711e-06
 Reference value :  2.61725e-06
 Reference value :  2.61738e-06
 Reference value :  2.61749e-06
 Reference value :  2.61766e-06
 Reference value :  2.61784e-06
 Reference value :  2.61797e-06
 Reference value :  2.61810e-06
 Reference value :  2.61823e-06
 Reference value :  2.61845e-06
 Reference value :  2.61879e-06
 Reference value :  2.61929e-06
 Reference value :  2.62110e-06
 Reference value :  2.62660e-06
 Reference value :  2.63210e-06
 Reference value :  2.63910e-06
 Reference value :  2.64610e-06
 Reference value :  2.65210e-06
 Reference value :  2.65710e-06
 Reference value :  2.65788e-06
 Reference value :  2.65797e-06
 Reference value :  2.65810e-06
 Reference value :  2.65866e-06
 Reference value :  2.65884e-06
 Reference value :  2.65894e-06
 Reference value :  2.65904e-06
 Reference value :  2.65920e-06
 Reference value :  2.65945e-06
 Reference value :  2.65972e-06
 Reference value :  2.66026e-06
 Reference value :  2.66087e-06
 Reference value :  2.66130e-06
 Reference value :  2.66166e-06
 Reference value :  2.66210e-06
 Reference value :  2.66322e-06
 Reference value :  2.66837e-06
 Reference value :  2.67537e-06
 Reference value :  2.68187e-06
 Reference value :  2.68687e-06
 Reference value :  2.69087e-06
 Reference value :  2.69637e-06
 Reference value :  2.69952e-06
 Reference value :  2.69961e-06
 Reference value :  2.69970e-06
 Reference value :  2.69994e-06
 Reference value :  2.70028e-06
 Reference value :  2.70038e-06
 Reference value :  2.70053e-06
 Reference value :  2.70061e-06
 Reference value :  2.70070e-06
 Reference value :  2.70081e-06
 Reference value :  2.70097e-06
 Reference value :  2.70112e-06
 Reference value :  2.70129e-06
 Reference value :  2.70142e-06
 Reference value :  2.70157e-06
 Reference value :  2.70173e-06
 Reference value :  2.70208e-06
 Reference value :  2.70259e-06
 Reference value :  2.70359e-06
 Reference value :  2.70886e-06
 Reference value :  2.71386e-06
 Reference value :  2.71936e-06
 Reference value :  2.72486e-06
 Reference value :  2.72986e-06
 Reference value :  2.73486e-06
 Reference value :  2.74036e-06
 Reference value :  2.74123e-06
 Reference value :  2.74134e-06
 Reference value :  2.74151e-06
 Reference value :  2.74205e-06
 Reference value :  2.74217e-06
 Reference value :  2.74232e-06
 Reference value :  2.74242e-06
 Reference value :  2.74259e-06
 Reference value :  2.74278e-06
 Reference value :  2.74302e-06
 Reference value :  2.74344e-06
 Reference value :  2.74428e-06
 Reference value :  2.74472e-06
 Reference value :  2.74501e-06
 Reference value :  2.74544e-06
 Reference value :  2.74664e-06
 Reference value :  2.75136e-06
 Reference value :  2.75786e-06
 Reference value :  2.76536e-06
 Reference value :  2.77086e-06
 Reference value :  2.77486e-06
 Reference value :  2.77986e-06
 Reference value :  2.78287e-06
 Reference value :  2.78297e-06
 Reference value :  2.78311e-06
 Reference value :  2.78350e-06
 Reference value :  2.78371e-06
 Reference value :  2.78384e-06
 Reference value :  2.78395e-06
 Reference value :  2.78409e-06
 Reference value :  2.78425e-06
 Reference value :  2.78441e-06
 Reference value :  2.78454e-06
 Reference value :  2.78468e-06
 Reference value :  2.78479e-06
 Reference value :  2.78490e-06
 Reference value :  2.78503e-06
 Reference value :  2.78528e-06
 Reference value :  2.78566e-06
 Reference value :  2.78658e-06
 Reference value :  2.79012e-06
 Reference value :  2.79562e-06
 Reference value :  2.80112e-06
 Reference value :  2.80712e-06
 Reference value :  2.81262e-06
 Reference value :  2.81812e-06
 Reference value :  2.82312e-06
 Reference value :  2.82456e-06
 Reference value :  2.82466e-06
 Reference value :  2.82483e-06
 Reference value :  2.82542e-06
 Reference value :  2.82557e-06
 Reference value :  2.82573e-06
 Reference value :  2.82599e-06
 Reference value :  2.82623e-06
 Reference value :  2.82657e-06
 Reference value :  2.82708e-06
 Reference value :  2.82769e-06
 Reference value :  2.82812e-06
 Reference value :  2.82855e-06
 Reference value :  2.82914e-06
 Reference value :  2.83221e-06
 Reference value :  2.83821e-06
 Reference value :  2.84421e-06
 Reference value :  2.84971e-06
 Reference value :  2.85521e-06
 Reference value :  2.85971e-06
 Reference value :  2.86617e-06
 Reference value :  2.86630e-06
 Reference value :  2.86648e-06
 Reference value :  2.86697e-06
 Reference value :  2.86717e-06
 Reference value :  2.86732e-06
 Reference value :  2.86747e-06
 Reference value :  2.86762e-06
 Reference value :  2.86795e-06
 Reference value :  2.86812e-06
 Reference value :  2.86824e-06
 Reference value :  2.86841e-06
 Reference value :  2.86871e-06
 Reference value :  2.86910e-06
 Reference value :  2.87005e-06
 Reference value :  2.87575e-06
 Reference value :  2.88225e-06
 Reference value :  2.88775e-06
 Reference value :  2.89425e-06
 Reference value :  2.90075e-06
 Reference value :  2.90675e-06
 Reference value :  2.90789e-06
 Reference value :  2.90799e-06
 Reference value :  2.90814e-06
 Reference value :  2.90856e-06
 Reference value :  2.90884e-06
 Reference value :  2.90895e-06
 Reference value :  2.90906e-06
 Reference value :  2.90926e-06
 Reference value :  2.90950e-06
 Reference value :  2.90980e-06
 Reference value :  2.91011e-06
 Reference value :  2.91066e-06
 Reference value :  2.91126e-06
 Reference value :  2.91162e-06
 Reference value :  2.91202e-06
 Reference value :  2.91306e-06
 Reference value :  2.91684e-06
 Reference value :  2.92384e-06
 Reference value :  2.92984e-06
 Reference value :  2.93684e-06
 Reference value :  2.94134e-06
 Reference value :  2.94684e-06
 Reference value :  2.94953e-06
 Reference value :  2.94961e-06
 Reference value :  2.94971e-06
 Reference value :  2.94994e-06
 Reference value :  2.95021e-06
 Reference value :  2.95034e-06
 Reference value :  2.95050e-06
 Reference value :  2.95060e-06
 Reference value :  2.95066e-06
 Reference value :  2.95075e-06
 Reference value :  2.95094e-06
 Reference value :  2.95109e-06
 Reference value :  2.95121e-06
 Reference value :  2.95135e-06
 Reference value :  2.95148e-06
 Reference value :  2.95164e-06
 Reference value :  2.95184e-06
 Reference value :  2.95218e-06
 Reference value :  2.95287e-06
 Reference value :  2.95589e-06
 Reference value :  2.96139e-06
 Reference value :  2.96689e-06
 Reference value :  2.97239e-06
 Reference value :  2.97739e-06
 Reference value :  2.98239e-06
 Reference value :  2.98789e-06
 Reference value :  2.99120e-06
 Reference value :  2.99127e-06
 Reference value :  2.99136e-06
 Reference value :  2.99166e-06
 Reference value :  2.99208e-06
 Reference value :  2.99220e-06
 Reference value :  2.99230e-06
 Reference value :  2.99238e-06
 Reference value :  2.99257e-06
 Reference value :  2.99279e-06
 Reference value :  2.99311e-06
 Reference value :  2.99344e-06
 Reference value :  2.99407e-06
 Reference value :  2.99464e-06
 Reference value :  2.99498e-06
 Reference value :  2.99532e-06
 Reference value :  2.99626e-06
 Reference value :  3.00136e-06
 Reference value :  3.01036e-06
 Reference value :  3.01686e-06
 Reference value :  3.02236e-06
 Reference value :  3.02686e-06
 Reference value :  3.03185e-06
 Reference value :  3.03290e-06
 Reference value :  3.03299e-06
 Reference value :  3.03313e-06
 Reference value :  3.03348e-06
 Reference value :  3.03371e-06
 Reference value :  3.03384e-06
 Reference value :  3.03393e-06
 Reference value :  3.03400e-06
 Reference value :  3.03413e-06
 Reference value :  3.03433e-06
 Reference value :  3.03456e-06
 Reference value :  3.03469e-06
 Reference value :  3.03482e-06
 Reference value :  3.03497e-06
 Reference value :  3.03516e-06
 Reference value :  3.03552e-06
 Reference value :  3.03637e-06
 Reference value :  3.04125e-06
 Reference value :  3.04725e-06
 Reference value :  3.05275e-06
 Reference value :  3.05825e-06
 Reference value :  3.06425e-06
 Reference value :  3.07025e-06
 Reference value :  3.07451e-06
 Reference value :  3.07459e-06
 Reference value :  3.07468e-06
 Reference value :  3.07491e-06
 Reference value :  3.07541e-06
 Reference value :  3.07552e-06
 Reference value :  3.07562e-06
 Reference value :  3.07571e-06
 Reference value :  3.07591e-06
 Reference value :  3.07609e-06
 Reference value :  3.07636e-06
 Reference value :  3.07672e-06
 Reference value :  3.07722e-06
 Reference value :  3.07786e-06
 Reference value :  3.07831e-06
 Reference value :  3.07870e-06
 Reference value :  3.07965e-06
 Reference value :  3.08309e-06
 Reference value :  3.09059e-06
 Reference value :  3.09809e-06
 Reference value :  3.10359e-06
 Reference value :  3.10859e-06
 Reference value :  3.11297e-06
 Reference value :  3.11619e-06
 Reference value :  3.11629e-06
 Reference value :  3.11639e-06
 Reference value :  3.11680e-06
 Reference value :  3.11709e-06
 Reference value :  3.11724e-06
 Reference value :  3.11733e-06
 Reference value :  3.11740e-06
 Reference value :  3.11752e-06
 Reference value :  3.11769e-06
 Reference value :  3.11787e-06
 Reference value :  3.11799e-06
 Reference value :  3.11816e-06
 Reference value :  3.11835e-06
 Reference value :  3.11849e-06
 Reference value :  3.11863e-06
 Reference value :  3.11875e-06
 Reference value :  3.11889e-06
 Reference value :  3.11900e-06
 Reference value :  3.11913e-06
 Reference value :  3.11925e-06
 Reference value :  3.11946e-06
 Reference value :  3.11975e-06
 Reference value :  3.12047e-06
 Reference value :  3.12433e-06
 Reference value :  3.12983e-06
 Reference value :  3.13533e-06
 Reference value :  3.14033e-06
 Reference value :  3.14583e-06
 Reference value :  3.15083e-06
 Reference value :  3.15583e-06
 Reference value :  3.15786e-06
 Reference value :  3.15793e-06
 Reference value :  3.15802e-06
 Reference value :  3.15835e-06
 Reference value :  3.15882e-06
 Reference value :  3.15890e-06
 Reference value :  3.15913e-06
 Reference value :  3.15932e-06
 Reference value :  3.15954e-06
 Reference value :  3.15974e-06
 Reference value :  3.16006e-06
 Reference value :  3.16035e-06
 Reference value :  3.16053e-06
 Reference value :  3.16078e-06
 Reference value :  3.16185e-06
 Reference value :  3.16274e-06
 Reference value :  3.16388e-06
 Reference value :  3.16468e-06
 Reference value :  3.16507e-06
 Reference value :  3.16539e-06
 Reference value :  3.16606e-06
 Reference value :  3.16875e-06
 Reference value :  3.17375e-06
 Reference value :  3.17875e-06
 Reference value :  3.18425e-06
 Reference value :  3.18975e-06
 Reference value :  3.19475e-06
 Reference value :  3.19951e-06
 Reference value :  3.19958e-06
 Reference value :  3.19967e-06
 Reference value :  3.19984e-06
 Reference value :  3.20024e-06
 Reference value :  3.20041e-06
 Reference value :  3.20059e-06
 Reference value :  3.20068e-06
 Reference value :  3.20078e-06
 Reference value :  3.20093e-06
 Reference value :  3.20114e-06
 Reference value :  3.20127e-06
 Reference value :  3.20139e-06
 Reference value :  3.20152e-06
 Reference value :  3.20165e-06
 Reference value :  3.20177e-06
 Reference value :  3.20193e-06
 Reference value :  3.20211e-06
 Reference value :  3.20236e-06
 Reference value :  3.20277e-06
 Reference value :  3.20342e-06
 Reference value :  3.20522e-06
 Reference value :  3.20959e-06
 Reference value :  3.21509e-06
 Reference value :  3.22059e-06
 Reference value :  3.22559e-06
 Reference value :  3.23059e-06
 Reference value :  3.23559e-06
 Reference value :  3.24059e-06
 Reference value :  3.24122e-06
 Reference value :  3.24131e-06
 Reference value :  3.24143e-06
 Reference value :  3.24204e-06
 Reference value :  3.24221e-06
 Reference value :  3.24239e-06
 Reference value :  3.24256e-06
 Reference value :  3.24276e-06
 Reference value :  3.24301e-06
 Reference value :  3.24333e-06
 Reference value :  3.24375e-06
 Reference value :  3.24394e-06
 Reference value :  3.24420e-06
 Reference value :  3.24502e-06
 Reference value :  3.24653e-06
 Reference value :  3.24704e-06
 Reference value :  3.24729e-06
 Reference value :  3.24752e-06
 Reference value :  3.24796e-06
 Reference value :  3.24877e-06
 Reference value :  3.24918e-06
 Reference value :  3.24951e-06
 Reference value :  3.25039e-06
 Reference value :  3.25598e-06
 Reference value :  3.26198e-06
 Reference value :  3.26748e-06
 Reference value :  3.27298e-06
 Reference value :  3.27848e-06
 Reference value :  3.28284e-06
 Reference value :  3.28293e-06
 Reference value :  3.28301e-06
 Reference value :  3.28322e-06
 Reference value :  3.28357e-06
 Reference value :  3.28373e-06
 Reference value :  3.28383e-06
 Reference value :  3.28396e-06
 Reference value :  3.28405e-06
 Reference value :  3.28413e-06
 Reference value :  3.28423e-06
 Reference value :  3.28439e-06
 Reference value :  3.28467e-06
 Reference value :  3.28482e-06
 Reference value :  3.28495e-06
 Reference value :  3.28512e-06
 Reference value :  3.28521e-06
 Reference value :  3.28532e-06
 Reference value :  3.28555e-06
 Reference value :  3.28582e-06
 Reference value :  3.28629e-06
 Reference value :  3.28812e-06
 Reference value :  3.29312e-06
 Reference value :  3.29812e-06
 Reference value :  3.30312e-06
 Reference value :  3.30862e-06
 Reference value :  3.31362e-06
 Reference value :  3.31862e-06
 Reference value :  3.32362e-06
 Reference value :  3.32457e-06
 Reference value :  3.32468e-06
 Reference value :  3.32487e-06
 Reference value :  3.32543e-06
 Reference value :  3.32557e-06
 Reference value :  3.32574e-06
 Reference value :  3.32593e-06
 Reference value :  3.32619e-06
 Reference value :  3.32640e-06
 Reference value :  3.32679e-06
 Reference value :  3.32716e-06
 Reference value :  3.32737e-06
 Reference value :  3.32761e-06
 Reference value :  3.32814e-06
 Reference value :  3.32876e-06
 Reference value :  3.32952e-06
 Reference value :  3.33008e-06
 Reference value :  3.33254e-06
 Reference value :  3.33754e-06
 Reference value :  3.34254e-06
 Reference value :  3.34754e-06
 Reference value :  3.35254e-06
 Reference value :  3.35754e-06
 Reference value :  3.36254e-06
 Reference value :  3.36617e-06
 Reference value :  3.36625e-06
 Reference value :  3.36634e-06
 Reference value :  3.36651e-06
 Reference value :  3.36690e-06
 Reference value :  3.36707e-06
 Reference value :  3.36719e-06
 Reference value :  3.36734e-06
 Reference value :  3.36746e-06
 Reference value :  3.36767e-06
 Reference value :  3.36794e-06
 Reference value :  3.36806e-06
 Reference value :  3.36818e-06
 Reference value :  3.36830e-06
 Reference value :  3.36845e-06
 Reference value :  3.36867e-06
 Reference value :  3.36896e-06
 Reference value :  3.36951e-06
 Reference value :  3.37183e-06
 Reference value :  3.37833e-06
 Reference value :  3.38583e-06
 Reference value :  3.39333e-06
 Reference value :  3.40083e-06
 Reference value :  3.40784e-06
 Reference value :  3.40794e-06
 Reference value :  3.40810e-06
 Reference value :  3.40862e-06
 Reference value :  3.40883e-06
 Reference value :  3.40900e-06
 Reference value :  3.40919e-06
 Reference value :  3.40933e-06
 Reference value :  3.40960e-06
 Reference value :  3.40987e-06
 Reference value :  3.41041e-06
 Reference value :  3.41065e-06
 Reference value :  3.41085e-06
 Reference value :  3.41119e-06
 Reference value :  3.41185e-06
 Reference value :  3.41290e-06
 Reference value :  3.41350e-06
 Reference value :  3.41494e-06
 Reference value :  3.41986e-06
 Reference value :  3.42486e-06
 Reference value :  3.42986e-06
 Reference value :  3.43536e-06
 Reference value :  3.44086e-06
 Reference value :  3.44586e-06
 Reference value :  3.44952e-06
 Reference value :  3.44958e-06
 Reference value :  3.44966e-06
 Reference value :  3.44981e-06
 Reference value :  3.45024e-06
 Reference value :  3.45040e-06
 Reference value :  3.45051e-06
 Reference value :  3.45065e-06
 Reference value :  3.45076e-06
 Reference value :  3.45085e-06
 Reference value :  3.45103e-06
 Reference value :  3.45127e-06
 Reference value :  3.45140e-06
 Reference value :  3.45150e-06
 Reference value :  3.45163e-06
 Reference value :  3.45178e-06
 Reference value :  3.45199e-06
 Reference value :  3.45233e-06
 Reference value :  3.45311e-06
 Reference value :  3.45755e-06
 Reference value :  3.46255e-06
 Reference value :  3.46805e-06
 Reference value :  3.47405e-06
 Reference value :  3.47955e-06
 Reference value :  3.48505e-06
 Reference value :  3.49005e-06
 Reference value :  3.49121e-06
 Reference value :  3.49130e-06
 Reference value :  3.49145e-06
 Reference value :  3.49194e-06
 Reference value :  3.49217e-06
 Reference value :  3.49236e-06
 Reference value :  3.49250e-06
 Reference value :  3.49263e-06
 Reference value :  3.49292e-06
 Reference value :  3.49320e-06
 Reference value :  3.49356e-06
 Reference value :  3.49391e-06
 Reference value :  3.49410e-06
 Reference value :  3.49441e-06
 Reference value :  3.49555e-06
 Reference value :  3.49639e-06
 Reference value :  3.50001e-06
 Reference value :  3.50601e-06
 Reference value :  3.51101e-06
 Reference value :  3.51651e-06
 Reference value :  3.52201e-06
 Reference value :  3.52701e-06
 Reference value :  3.53242e-06
 Reference value :  3.53290e-06
 Reference value :  3.53298e-06
 Reference value :  3.53309e-06
 Reference value :  3.53346e-06
 Reference value :  3.53374e-06
 Reference value :  3.53384e-06
 Reference value :  3.53399e-06
 Reference value :  3.53413e-06
 Reference value :  3.53430e-06
 Reference value :  3.53454e-06
 Reference value :  3.53471e-06
 Reference value :  3.53485e-06
 Reference value :  3.53497e-06
 Reference value :  3.53513e-06
 Reference value :  3.53536e-06
 Reference value :  3.53567e-06
 Reference value :  3.53612e-06
 Reference value :  3.53827e-06
 Reference value :  3.54377e-06
 Reference value :  3.54927e-06
 Reference value :  3.55527e-06
 Reference value :  3.56027e-06
 Reference value :  3.56627e-06
 Reference value :  3.57227e-06
 Reference value :  3.57453e-06
 Reference value :  3.57463e-06
 Reference value :  3.57474e-06
 Reference value :  3.57501e-06
 Reference value :  3.57550e-06
 Reference value :  3.57567e-06
 Reference value :  3.57582e-06
 Reference value :  3.57598e-06
 Reference value :  3.57624e-06
 Reference value :  3.57656e-06
 Reference value :  3.57702e-06
 Reference value :  3.57730e-06
 Reference value :  3.57747e-06
 Reference value :  3.57801e-06
 Reference value :  3.57853e-06
 Reference value :  3.57967e-06
 Reference value :  3.58046e-06
 Reference value :  3.58426e-06
 Reference value :  3.59076e-06
 Reference value :  3.59676e-06
 Reference value :  3.60276e-06
 Reference value :  3.60926e-06
 Reference value :  3.61571e-06
 Reference value :  3.61624e-06
 Reference value :  3.61634e-06
 Reference value :  3.61662e-06
 Reference value :  3.61698e-06
 Reference value :  3.61712e-06
 Reference value :  3.61730e-06
 Reference value :  3.61744e-06
 Reference value :  3.61760e-06
 Reference value :  3.61790e-06
 Reference value :  3.61806e-06
 Reference value :  3.61823e-06
 Reference value :  3.61843e-06
 Reference value :  3.61876e-06
 Reference value :  3.61929e-06
 Reference value :  3.62157e-06
 Reference value :  3.62790e-06
 Reference value :  3.63390e-06
 Reference value :  3.64040e-06
 Reference value :  3.64690e-06
 Reference value :  3.65390e-06
 Reference value :  3.65787e-06
 Reference value :  3.65797e-06
 Reference value :  3.65816e-06
 Reference value :  3.65881e-06
 Reference value :  3.65896e-06
 Reference value :  3.65911e-06
 Reference value :  3.65938e-06
 Reference value :  3.65968e-06
 Reference value :  3.66002e-06
 Reference value :  3.66040e-06
 Reference value :  3.66069e-06
 Reference value :  3.66101e-06
 Reference value :  3.66259e-06
 Reference value :  3.66344e-06
 Reference value :  3.66667e-06
 Reference value :  3.67267e-06
 Reference value :  3.67867e-06
 Reference value :  3.68417e-06
 Reference value :  3.69017e-06
 Reference value :  3.69517e-06
 Reference value :  3.69951e-06
 Reference value :  3.69959e-06
 Reference value :  3.69967e-06
 Reference value :  3.69984e-06
 Reference value :  3.70024e-06
 Reference value :  3.70040e-06
 Reference value :  3.70051e-06
 Reference value :  3.70065e-06
 Reference value :  3.70074e-06
 Reference value :  3.70083e-06
 Reference value :  3.70099e-06
 Reference value :  3.70124e-06
 Reference value :  3.70138e-06
 Reference value :  3.70149e-06
 Reference value :  3.70169e-06
 Reference value :  3.70197e-06
 Reference value :  3.70235e-06
 Reference value :  3.70309e-06
 Reference value :  3.70680e-06
 Reference value :  3.71180e-06
 Reference value :  3.71680e-06
 Reference value :  3.72180e-06
 Reference value :  3.72680e-06
 Reference value :  3.73180e-06
 Reference value :  3.73680e-06
 Reference value :  3.74117e-06
 Reference value :  3.74127e-06
 Reference value :  3.74140e-06
 Reference value :  3.74162e-06
 Reference value :  3.74217e-06
 Reference value :  3.74237e-06
 Reference value :  3.74255e-06
 Reference value :  3.74271e-06
 Reference value :  3.74295e-06
 Reference value :  3.74326e-06
 Reference value :  3.74375e-06
 Reference value :  3.74395e-06
 Reference value :  3.74418e-06
 Reference value :  3.74526e-06
 Reference value :  3.74593e-06
 Reference value :  3.74658e-06
 Reference value :  3.74867e-06
 Reference value :  3.75363e-06
 Reference value :  3.75863e-06
 Reference value :  3.76413e-06
 Reference value :  3.76913e-06
 Reference value :  3.77463e-06
 Reference value :  3.77963e-06
 Reference value :  3.78285e-06
 Reference value :  3.78293e-06
 Reference value :  3.78304e-06
 Reference value :  3.78320e-06
 Reference value :  3.78365e-06
 Reference value :  3.78377e-06
 Reference value :  3.78386e-06
 Reference value :  3.78402e-06
 Reference value :  3.78412e-06
 Reference value :  3.78430e-06
 Reference value :  3.78453e-06
 Reference value :  3.78471e-06
 Reference value :  3.78481e-06
 Reference value :  3.78497e-06
 Reference value :  3.78518e-06
 Reference value :  3.78556e-06
 Reference value :  3.78624e-06
 Reference value :  3.78899e-06
 Reference value :  3.79496e-06
 Reference value :  3.80096e-06
 Reference value :  3.80696e-06
 Reference value :  3.81296e-06
 Reference value :  3.81946e-06
 Reference value :  3.82450e-06
 Reference value :  3.82460e-06
 Reference value :  3.82472e-06
 Reference value :  3.82500e-06
 Reference value :  3.82548e-06
 Reference value :  3.82562e-06
 Reference value :  3.82579e-06
 Reference value :  3.82599e-06
 Reference value :  3.82628e-06
 Reference value :  3.82659e-06
 Reference value :  3.82697e-06
 Reference value :  3.82728e-06
 Reference value :  3.82780e-06
 Reference value :  3.82938e-06
 Reference value :  3.83021e-06
 Reference value :  3.83165e-06
 Reference value :  3.83743e-06
 Reference value :  3.84443e-06
 Reference value :  3.85043e-06
 Reference value :  3.85543e-06
 Reference value :  3.86043e-06
 Reference value :  3.86617e-06
 Reference value :  3.86625e-06
 Reference value :  3.86633e-06
 Reference value :  3.86651e-06
 Reference value :  3.86680e-06
 Reference value :  3.86705e-06
 Reference value :  3.86712e-06
 Reference value :  3.86726e-06
 Reference value :  3.86734e-06
 Reference value :  3.86743e-06
 Reference value :  3.86752e-06
 Reference value :  3.86770e-06
 Reference value :  3.86793e-06
 Reference value :  3.86805e-06
 Reference value :  3.86820e-06
 Reference value :  3.86842e-06
 Reference value :  3.86877e-06
 Reference value :  3.86955e-06
 Reference value :  3.87327e-06
 Reference value :  3.87827e-06
 Reference value :  3.88377e-06
 Reference value :  3.88927e-06
 Reference value :  3.89427e-06
 Reference value :  3.89977e-06
 Reference value :  3.90527e-06
 Reference value :  3.90787e-06
 Reference value :  3.90797e-06
 Reference value :  3.90809e-06
 Reference value :  3.90841e-06
 Reference value :  3.90881e-06
 Reference value :  3.90896e-06
 Reference value :  3.90911e-06
 Reference value :  3.90930e-06
 Reference value :  3.90952e-06
 Reference value :  3.90982e-06
 Reference value :  3.91018e-06
 Reference value :  3.91044e-06
 Reference value :  3.91062e-06
 Reference value :  3.91170e-06
 Reference value :  3.91228e-06
 Reference value :  3.91350e-06
 Reference value :  3.91402e-06
 Reference value :  3.91435e-06
 Reference value :  3.91473e-06
 Reference value :  3.91575e-06
 Reference value :  3.91973e-06
 Reference value :  3.92623e-06
 Reference value :  3.93273e-06
 Reference value :  3.93823e-06
 Reference value :  3.94473e-06
 Reference value :  3.94951e-06
 Reference value :  3.94958e-06
 Reference value :  3.94967e-06
 Reference value :  3.94981e-06
 Reference value :  3.95007e-06
 Reference value :  3.95028e-06
 Reference value :  3.95042e-06
 Reference value :  3.95058e-06
 Reference value :  3.95064e-06
 Reference value :  3.95070e-06
 Reference value :  3.95083e-06
 Reference value :  3.95100e-06
 Reference value :  3.95125e-06
 Reference value :  3.95137e-06
 Reference value :  3.95148e-06
 Reference value :  3.95163e-06
 Reference value :  3.95183e-06
 Reference value :  3.95209e-06
 Reference value :  3.95246e-06
 Reference value :  3.95339e-06
 Reference value :  3.95992e-06
 Reference value :  3.96642e-06
 Reference value :  3.97142e-06
 Reference value :  3.97642e-06
 Reference value :  3.98192e-06
 Reference value :  3.98692e-06
 Reference value :  3.99117e-06
 Reference value :  3.99126e-06
 Reference value :  3.99136e-06
 Reference value :  3.99151e-06
 Reference value :  3.99192e-06
 Reference value :  3.99217e-06
 Reference value :  3.99231e-06
 Reference value :  3.99244e-06
 Reference value :  3.99264e-06
 Reference value :  3.99289e-06
 Reference value :  3.99312e-06
 Reference value :  3.99343e-06
 Reference value :  3.99378e-06
 Reference value :  3.99398e-06
 Reference value :  3.99437e-06
 Reference value :  3.99578e-06
 Reference value :  3.99666e-06
 Reference value :  3.99737e-06
 Reference value :  3.99790e-06
 Reference value :  3.99819e-06
 Reference value :  3.99875e-06
 Reference value :  4.00104e-06
 Reference value :  4.00654e-06
 Reference value :  4.01254e-06
 Reference value :  4.01804e-06
 Reference value :  4.02354e-06
 Reference value :  4.02904e-06
 Reference value :  4.03285e-06
 Reference value :  4.03293e-06
 Reference value :  4.03302e-06
 Reference value :  4.03320e-06
 Reference value :  4.03361e-06
 Reference value :  4.03373e-06
 Reference value :  4.03390e-06
 Reference value :  4.03396e-06
 Reference value :  4.03410e-06
 Reference value :  4.03421e-06
 Reference value :  4.03446e-06
 Reference value :  4.03463e-06
 Reference value :  4.03479e-06
 Reference value :  4.03493e-06
 Reference value :  4.03516e-06
 Reference value :  4.03559e-06
 Reference value :  4.03624e-06
 Reference value :  4.03897e-06
 Reference value :  4.04447e-06
 Reference value :  4.04997e-06
 Reference value :  4.05497e-06
 Reference value :  4.06047e-06
 Reference value :  4.06647e-06
 Reference value :  4.07197e-06
 Reference value :  4.07452e-06
 Reference value :  4.07459e-06
 Reference value :  4.07469e-06
 Reference value :  4.07489e-06
 Reference value :  4.07548e-06
 Reference value :  4.07556e-06
 Reference value :  4.07571e-06
 Reference value :  4.07589e-06
 Reference value :  4.07606e-06
 Reference value :  4.07628e-06
 Reference value :  4.07652e-06
 Reference value :  4.07694e-06
 Reference value :  4.07717e-06
 Reference value :  4.07741e-06
 Reference value :  4.07799e-06
 Reference value :  4.07907e-06
 Reference value :  4.07982e-06
 Reference value :  4.08069e-06
 Reference value :  4.08188e-06
 Reference value :  4.08369e-06
 Reference value :  4.08514e-06
 Reference value :  4.08817e-06
 Reference value :  4.09305e-06
 Reference value :  4.09855e-06
 Reference value :  4.10405e-06
 Reference value :  4.10905e-06
 Reference value :  4.11455e-06
 Reference value :  4.11620e-06
 Reference value :  4.11630e-06
 Reference value :  4.11640e-06
 Reference value :  4.11666e-06
 Reference value :  4.11706e-06
 Reference value :  4.11719e-06
 Reference value :  4.11737e-06
 Reference value :  4.11751e-06
 Reference value :  4.11776e-06
 Reference value :  4.11791e-06
 Reference value :  4.11804e-06
 Reference value :  4.11828e-06
 Reference value :  4.11842e-06
 Reference value :  4.11855e-06
 Reference value :  4.11866e-06
 Reference value :  4.11877e-06
 Reference value :  4.11893e-06
 Reference value :  4.11908e-06
 Reference value :  4.11923e-06
 Reference value :  4.11947e-06
 Reference value :  4.12001e-06
 Reference value :  4.12142e-06
 Reference value :  4.12564e-06
 Reference value :  4.13114e-06
 Reference value :  4.13614e-06
 Reference value :  4.14164e-06
 Reference value :  4.14714e-06
 Reference value :  4.15214e-06
 Reference value :  4.15749e-06
 Reference value :  4.15790e-06
 Reference value :  4.15799e-06
 Reference value :  4.15823e-06
 Reference value :  4.15874e-06
 Reference value :  4.15895e-06
 Reference value :  4.15909e-06
 Reference value :  4.15931e-06
 Reference value :  4.15958e-06
 Reference value :  4.15979e-06
 Reference value :  4.16006e-06
 Reference value :  4.16027e-06
 Reference value :  4.16055e-06
 Reference value :  4.16094e-06
 Reference value :  4.16135e-06
 Reference value :  4.16160e-06
 Reference value :  4.16190e-06
 Reference value :  4.16252e-06
 Reference value :  4.16580e-06
 Reference value :  4.17080e-06
 Reference value :  4.17580e-06
 Reference value :  4.18130e-06
 Reference value :  4.18680e-06
 Reference value :  4.19180e-06
 Reference value :  4.19680e-06
 Reference value :  4.19953e-06
 Reference value :  4.19962e-06
 Reference value :  4.19973e-06
 Reference value :  4.20001e-06
 Reference value :  4.20038e-06
 Reference value :  4.20051e-06
 Reference value :  4.20065e-06
 Reference value :  4.20078e-06
 Reference value :  4.20092e-06
 Reference value :  4.20110e-06
 Reference value :  4.20125e-06
 Reference value :  4.20138e-06
 Reference value :  4.20150e-06
 Reference value :  4.20161e-06
 Reference value :  4.20174e-06
 Reference value :  4.20190e-06
 Reference value :  4.20210e-06
 Reference value :  4.20238e-06
 Reference value :  4.20281e-06
 Reference value :  4.20378e-06
 Reference value :  4.20721e-06
 Reference value :  4.21200e-06
 Reference value :  4.21750e-06
 Reference value :  4.22300e-06
 Reference value :  4.22850e-06
 Reference value :  4.23400e-06
 Reference value :  4.23950e-06
 Reference value :  4.24120e-06
 Reference value :  4.24129e-06
 Reference value :  4.24138e-06
 Reference value :  4.24175e-06
 Reference value :  4.24214e-06
 Reference value :  4.24230e-06
 Reference value :  4.24249e-06
 Reference value :  4.24262e-06
 Reference value :  4.24288e-06
 Reference value :  4.24309e-06
 Reference value :  4.24342e-06
 Reference value :  4.24365e-06
 Reference value :  4.24413e-06
 Reference value :  4.24442e-06
 Reference value :  4.24467e-06
 Reference value :  4.24495e-06
 Reference value :  4.24567e-06
 Reference value :  4.24881e-06
 Reference value :  4.25381e-06
 Reference value :  4.25931e-06
 Reference value :  4.26431e-06
 Reference value :  4.26931e-06
 Reference value :  4.27431e-06
 Reference value :  4.28131e-06
 Reference value :  4.28288e-06
 Reference value :  4.28300e-06
 Reference value :  4.28332e-06
 Reference value :  4.28370e-06
 Reference value :  4.28384e-06
 Reference value :  4.28396e-06
 Reference value :  4.28409e-06
 Reference value :  4.28415e-06
 Reference value :  4.28424e-06
 Reference value :  4.28437e-06
 Reference value :  4.28451e-06
 Reference value :  4.28464e-06
 Reference value :  4.28475e-06
 Reference value :  4.28487e-06
 Reference value :  4.28504e-06
 Reference value :  4.28520e-06
 Reference value :  4.28546e-06
 Reference value :  4.28581e-06
 Reference value :  4.28632e-06
 Reference value :  4.28990e-06
 Reference value :  4.29540e-06
 Reference value :  4.30090e-06
 Reference value :  4.30690e-06
 Reference value :  4.31340e-06
 Reference value :  4.31940e-06
 Reference value :  4.32450e-06
 Reference value :  4.32459e-06
 Reference value :  4.32475e-06
 Reference value :  4.32509e-06
 Reference value :  4.32550e-06
 Reference value :  4.32566e-06
 Reference value :  4.32579e-06
 Reference value :  4.32602e-06
 Reference value :  4.32626e-06
 Reference value :  4.32652e-06
 Reference value :  4.32701e-06
 Reference value :  4.32769e-06
 Reference value :  4.32811e-06
 Reference value :  4.32845e-06
 Reference value :  4.32885e-06
 Reference value :  4.32984e-06
 Reference value :  4.33465e-06
 Reference value :  4.34215e-06
 Reference value :  4.34765e-06
 Reference value :  4.35515e-06
 Reference value :  4.35915e-06
 Reference value :  4.36053e-06
 Reference value :  4.36199e-06
 Reference value :  4.36231e-06
 Reference value :  4.36281e-06
 Reference value :  4.36486e-06
 Reference value :  4.36622e-06
 Reference value :  4.36630e-06
 Reference value :  4.36645e-06
 Reference value :  4.36683e-06
 Reference value :  4.36704e-06
 Reference value :  4.36717e-06
 Reference value :  4.36729e-06
 Reference value :  4.36739e-06
 Reference value :  4.36748e-06
 Reference value :  4.36762e-06
 Reference value :  4.36789e-06
 Reference value :  4.36798e-06
 Reference value :  4.36806e-06
 Reference value :  4.36818e-06
 Reference value :  4.36837e-06
 Reference value :  4.36860e-06
 Reference value :  4.36904e-06
 Reference value :  4.37119e-06
 Reference value :  4.37619e-06
 Reference value :  4.38169e-06
 Reference value :  4.38719e-06
 Reference value :  4.39269e-06
 Reference value :  4.39769e-06
 Reference value :  4.40319e-06
 Reference value :  4.40783e-06
 Reference value :  4.40790e-06
 Reference value :  4.40798e-06
 Reference value :  4.40812e-06
 Reference value :  4.40859e-06
 Reference value :  4.40883e-06
 Reference value :  4.40901e-06
 Reference value :  4.40917e-06
 Reference value :  4.40930e-06
 Reference value :  4.40956e-06
 Reference value :  4.40983e-06
 Reference value :  4.41022e-06
 Reference value :  4.41087e-06
 Reference value :  4.41135e-06
 Reference value :  4.41165e-06
 Reference value :  4.41198e-06
 Reference value :  4.41300e-06
 Reference value :  4.41659e-06
 Reference value :  4.42259e-06
 Reference value :  4.43009e-06
 Reference value :  4.43559e-06
 Reference value :  4.43835e-06
 Reference value :  4.44085e-06
 Reference value :  4.44320e-06
 Reference value :  4.44870e-06
 Reference value :  4.44955e-06
 Reference value :  4.44963e-06
 Reference value :  4.44978e-06
 Reference value :  4.45011e-06
 Reference value :  4.45033e-06
 Reference value :  4.45043e-06
 Reference value :  4.45058e-06
 Reference value :  4.45071e-06
 Reference value :  4.45082e-06
 Reference value :  4.45107e-06
 Reference value :  4.45122e-06
 Reference value :  4.45133e-06
 Reference value :  4.45145e-06
 Reference value :  4.45158e-06
 Reference value :  4.45171e-06
 Reference value :  4.45197e-06
 Reference value :  4.45239e-06
 Reference value :  4.45334e-06
 Reference value :  4.45807e-06
 Reference value :  4.46307e-06
 Reference value :  4.46857e-06
 Reference value :  4.47457e-06
 Reference value :  4.48007e-06
 Reference value :  4.48507e-06
 Reference value :  4.49057e-06
 Reference value :  4.49121e-06
 Reference value :  4.49130e-06
 Reference value :  4.49146e-06
 Reference value :  4.49199e-06
 Reference value :  4.49217e-06
 Reference value :  4.49228e-06
 Reference value :  4.49235e-06
 Reference value :  4.49254e-06
 Reference value :  4.49279e-06
 Reference value :  4.49302e-06
 Reference value :  4.49347e-06
 Reference value :  4.49410e-06
 Reference value :  4.49466e-06
 Reference value :  4.49500e-06
 Reference value :  4.49533e-06
 Reference value :  4.49599e-06
 Reference value :  4.49979e-06
 Reference value :  4.50479e-06
 Reference value :  4.51079e-06
 Reference value :  4.51729e-06
 Reference value :  4.52229e-06
 Reference value :  4.52579e-06
 Reference value :  4.52654e-06
 Reference value :  4.52747e-06
 Reference value :  4.52777e-06
 Reference value :  4.52836e-06
 Reference value :  4.53086e-06
 Reference value :  4.53288e-06
 Reference value :  4.53300e-06
 Reference value :  4.53317e-06
 Reference value :  4.53354e-06
 Reference value :  4.53372e-06
 Reference value :  4.53386e-06
 Reference value :  4.53396e-06
 Reference value :  4.53406e-06
 Reference value :  4.53416e-06
 Reference value :  4.53427e-06
 Reference value :  4.53450e-06
 Reference value :  4.53463e-06
 Reference value :  4.53470e-06
 Reference value :  4.53482e-06
 Reference value :  4.53500e-06
 Reference value :  4.53519e-06
 Reference value :  4.53550e-06
 Reference value :  4.53616e-06
 Reference value :  4.53882e-06
 Reference value :  4.54432e-06
 Reference value :  4.55132e-06
 Reference value :  4.55782e-06
 Reference value :  4.56332e-06
 Reference value :  4.56882e-06
 Reference value :  4.57382e-06
 Reference value :  4.57456e-06
 Reference value :  4.57463e-06
 Reference value :  4.57476e-06
 Reference value :  4.57527e-06
 Reference value :  4.57550e-06
 Reference value :  4.57567e-06
 Reference value :  4.57582e-06
 Reference value :  4.57599e-06
 Reference value :  4.57622e-06
 Reference value :  4.57644e-06
 Reference value :  4.57675e-06
 Reference value :  4.57741e-06
 Reference value :  4.57808e-06
 Reference value :  4.57842e-06
 Reference value :  4.57885e-06
 Reference value :  4.58071e-06
 Reference value :  4.58667e-06
 Reference value :  4.59217e-06
 Reference value :  4.59917e-06
 Reference value :  4.60517e-06
 Reference value :  4.60867e-06
 Reference value :  4.61004e-06
 Reference value :  4.61149e-06
 Reference value :  4.61171e-06
 Reference value :  4.61209e-06
 Reference value :  4.61328e-06
 Reference value :  4.61618e-06
 Reference value :  4.61625e-06
 Reference value :  4.61633e-06
 Reference value :  4.61651e-06
 Reference value :  4.61690e-06
 Reference value :  4.61707e-06
 Reference value :  4.61718e-06
 Reference value :  4.61731e-06
 Reference value :  4.61741e-06
 Reference value :  4.61752e-06
 Reference value :  4.61769e-06
 Reference value :  4.61788e-06
 Reference value :  4.61798e-06
 Reference value :  4.61806e-06
 Reference value :  4.61818e-06
 Reference value :  4.61832e-06
 Reference value :  4.61856e-06
 Reference value :  4.61889e-06
 Reference value :  4.61947e-06
 Reference value :  4.62272e-06
 Reference value :  4.62822e-06
 Reference value :  4.63372e-06
 Reference value :  4.63972e-06
 Reference value :  4.64522e-06
 Reference value :  4.65072e-06
 Reference value :  4.65672e-06
 Reference value :  4.65787e-06
 Reference value :  4.65797e-06
 Reference value :  4.65813e-06
 Reference value :  4.65864e-06
 Reference value :  4.65882e-06
 Reference value :  4.65891e-06
 Reference value :  4.65903e-06
 Reference value :  4.65918e-06
 Reference value :  4.65947e-06
 Reference value :  4.65986e-06
 Reference value :  4.66036e-06
 Reference value :  4.66101e-06
 Reference value :  4.66145e-06
 Reference value :  4.66174e-06
 Reference value :  4.66219e-06
 Reference value :  4.66353e-06
 Reference value :  4.67013e-06
 Reference value :  4.67663e-06
 Reference value :  4.68363e-06
 Reference value :  4.69063e-06
 Reference value :  4.69236e-06
 Reference value :  4.69268e-06
 Reference value :  4.69310e-06
 Reference value :  4.69561e-06
 Reference value :  4.69956e-06
 Reference value :  4.69969e-06
 Reference value :  4.69995e-06
 Reference value :  4.70038e-06
 Reference value :  4.70045e-06
 Reference value :  4.70060e-06
 Reference value :  4.70072e-06
 Reference value :  4.70081e-06
 Reference value :  4.70100e-06
 Reference value :  4.70124e-06
 Reference value :  4.70132e-06
 Reference value :  4.70142e-06
 Reference value :  4.70154e-06
 Reference value :  4.70170e-06
 Reference value :  4.70191e-06
 Reference value :  4.70227e-06
 Reference value :  4.70273e-06
 Reference value :  4.70584e-06
 Reference value :  4.71134e-06
 Reference value :  4.71684e-06
 Reference value :  4.72234e-06
 Reference value :  4.72884e-06
 Reference value :  4.73434e-06
 Reference value :  4.74034e-06
 Reference value :  4.74123e-06
 Reference value :  4.74139e-06
 Reference value :  4.74185e-06
 Reference value :  4.74212e-06
 Reference value :  4.74224e-06
 Reference value :  4.74240e-06
 Reference value :  4.74257e-06
 Reference value :  4.74278e-06
 Reference value :  4.74303e-06
 Reference value :  4.74336e-06
 Reference value :  4.74391e-06
 Reference value :  4.74459e-06
 Reference value :  4.74497e-06
 Reference value :  4.74534e-06
 Reference value :  4.74664e-06
 Reference value :  4.75100e-06
 Reference value :  4.75650e-06
 Reference value :  4.76350e-06
 Reference value :  4.77000e-06
 Reference value :  4.77350e-06
 Reference value :  4.77462e-06
 Reference value :  4.77539e-06
 Reference value :  4.77557e-06
 Reference value :  4.77588e-06
 Reference value :  4.77651e-06
 Reference value :  4.78006e-06
 Reference value :  4.78286e-06
 Reference value :  4.78295e-06
 Reference value :  4.78305e-06
 Reference value :  4.78332e-06
 Reference value :  4.78362e-06
 Reference value :  4.78378e-06
 Reference value :  4.78393e-06
 Reference value :  4.78401e-06
 Reference value :  4.78410e-06
 Reference value :  4.78422e-06
 Reference value :  4.78440e-06
 Reference value :  4.78459e-06
 Reference value :  4.78466e-06
 Reference value :  4.78476e-06
 Reference value :  4.78486e-06
 Reference value :  4.78504e-06
 Reference value :  4.78523e-06
 Reference value :  4.78565e-06
 Reference value :  4.78631e-06
 Reference value :  4.79033e-06
 Reference value :  4.79633e-06
 Reference value :  4.80133e-06
 Reference value :  4.80633e-06
 Reference value :  4.81183e-06
 Reference value :  4.81733e-06
 Reference value :  4.82233e-06
 Reference value :  4.82454e-06
 Reference value :  4.82462e-06
 Reference value :  4.82476e-06
 Reference value :  4.82538e-06
 Reference value :  4.82555e-06
 Reference value :  4.82572e-06
 Reference value :  4.82590e-06
 Reference value :  4.82610e-06
 Reference value :  4.82631e-06
 Reference value :  4.82664e-06
 Reference value :  4.82708e-06
 Reference value :  4.82770e-06
 Reference value :  4.82822e-06
 Reference value :  4.82858e-06
 Reference value :  4.82935e-06
 Reference value :  4.83273e-06
 Reference value :  4.83873e-06
 Reference value :  4.84573e-06
 Reference value :  4.85173e-06
 Reference value :  4.85723e-06
 Reference value :  4.85815e-06
 Reference value :  4.85912e-06
 Reference value :  4.85952e-06
 Reference value :  4.85970e-06
 Reference value :  4.86006e-06
 Reference value :  4.86135e-06
 Reference value :  4.86590e-06
 Reference value :  4.86622e-06
 Reference value :  4.86630e-06
 Reference value :  4.86643e-06
 Reference value :  4.86681e-06
 Reference value :  4.86708e-06
 Reference value :  4.86721e-06
 Reference value :  4.86733e-06
 Reference value :  4.86744e-06
 Reference value :  4.86754e-06
 Reference value :  4.86781e-06
 Reference value :  4.86797e-06
 Reference value :  4.86808e-06
 Reference value :  4.86818e-06
 Reference value :  4.86833e-06
 Reference value :  4.86848e-06
 Reference value :  4.86876e-06
 Reference value :  4.86914e-06
 Reference value :  4.87063e-06
 Reference value :  4.87559e-06
 Reference value :  4.88159e-06
 Reference value :  4.88709e-06
 Reference value :  4.89259e-06
 Reference value :  4.89859e-06
 Reference value :  4.90409e-06
 Reference value :  4.90785e-06
 Reference value :  4.90794e-06
 Reference value :  4.90803e-06
 Reference value :  4.90831e-06
 Reference value :  4.90879e-06
 Reference value :  4.90886e-06
 Reference value :  4.90898e-06
 Reference value :  4.90906e-06
 Reference value :  4.90928e-06
 Reference value :  4.90952e-06
 Reference value :  4.90972e-06
 Reference value :  4.91010e-06
 Reference value :  4.91068e-06
 Reference value :  4.91127e-06
 Reference value :  4.91159e-06
 Reference value :  4.91195e-06
 Reference value :  4.91280e-06
 Reference value :  4.91615e-06
 Reference value :  4.92415e-06
 Reference value :  4.93065e-06
 Reference value :  4.93715e-06
 Reference value :  4.94215e-06
 Reference value :  4.94316e-06
 Reference value :  4.94389e-06
 Reference value :  4.94419e-06
 Reference value :  4.94481e-06
 Reference value :  4.94648e-06
 Reference value :  4.94952e-06
 Reference value :  4.94959e-06
 Reference value :  4.94970e-06
 Reference value :  4.94985e-06
 Reference value :  4.95017e-06
 Reference value :  4.95035e-06
 Reference value :  4.95050e-06
 Reference value :  4.95059e-06
 Reference value :  4.95064e-06
 Reference value :  4.95072e-06
 Reference value :  4.95084e-06
 Reference value :  4.95104e-06
 Reference value :  4.95120e-06
 Reference value :  4.95129e-06
 Reference value :  4.95139e-06
 Reference value :  4.95148e-06
 Reference value :  4.95169e-06
 Reference value :  4.95194e-06
 Reference value :  4.95232e-06
 Reference value :  4.95311e-06
 Reference value :  4.95758e-06
 Reference value :  4.96308e-06
 Reference value :  4.96858e-06
 Reference value :  4.97458e-06
 Reference value :  4.98008e-06
 Reference value :  4.98508e-06
 Reference value :  4.99087e-06
 Reference value :  4.99122e-06
 Reference value :  4.99130e-06
 Reference value :  4.99145e-06
 Reference value :  4.99187e-06
 Reference value :  4.99209e-06
 Reference value :  4.99221e-06
 Reference value :  4.99231e-06
 Reference value :  4.99240e-06
 Reference value :  4.99260e-06
 Reference value :  4.99281e-06
 Reference value :  4.99303e-06
 Reference value :  4.99343e-06
 Reference value :  4.99390e-06
 Reference value :  4.99453e-06
 Reference value :  4.99501e-06
 Reference value :  4.99542e-06
 Reference value :  4.99625e-06
 Reference value :  4.99978e-06
 Reference value :  5.00828e-06
 Reference value :  5.01428e-06
 Reference value :  5.01978e-06
 Reference value :  5.02406e-06
 Reference value :  5.02602e-06
 Reference value :  5.02695e-06
 Reference value :  5.03084e-06
 Reference value :  5.03289e-06
 Reference value :  5.03297e-06
 Reference value :  5.03316e-06
 Reference value :  5.03357e-06
 Reference value :  5.03375e-06
 Reference value :  5.03393e-06
 Reference value :  5.03409e-06
 Reference value :  5.03429e-06
 Reference value :  5.03456e-06
 Reference value :  5.03466e-06
 Reference value :  5.03477e-06
 Reference value :  5.03494e-06
 Reference value :  5.03519e-06
 Reference value :  5.03556e-06
 Reference value :  5.03609e-06
 Reference value :  5.03994e-06
 Reference value :  5.04544e-06
 Reference value :  5.05094e-06
 Reference value :  5.05594e-06
 Reference value :  5.06244e-06
 Reference value :  5.06744e-06
 Reference value :  5.07344e-06
 Reference value :  5.07456e-06
 Reference value :  5.07469e-06
 Reference value :  5.07496e-06
 Reference value :  5.07550e-06
 Reference value :  5.07566e-06
 Reference value :  5.07579e-06
 Reference value :  5.07594e-06
 Reference value :  5.07616e-06
 Reference value :  5.07647e-06
 Reference value :  5.07679e-06
 Reference value :  5.07742e-06
 Reference value :  5.07789e-06
 Reference value :  5.07829e-06
 Reference value :  5.07861e-06
 Reference value :  5.07963e-06
 Reference value :  5.08324e-06
 Reference value :  5.09024e-06
 Reference value :  5.09824e-06
 Reference value :  5.10474e-06
 Reference value :  5.10728e-06
 Reference value :  5.10869e-06
 Reference value :  5.11036e-06
 Reference value :  5.11535e-06
 Reference value :  5.11623e-06
 Reference value :  5.11630e-06
 Reference value :  5.11643e-06
 Reference value :  5.11669e-06
 Reference value :  5.11704e-06
 Reference value :  5.11721e-06
 Reference value :  5.11732e-06
 Reference value :  5.11742e-06
 Reference value :  5.11752e-06
 Reference value :  5.11772e-06
 Reference value :  5.11785e-06
 Reference value :  5.11795e-06
 Reference value :  5.11813e-06
 Reference value :  5.11834e-06
 Reference value :  5.11844e-06
 Reference value :  5.11859e-06
 Reference value :  5.11871e-06
 Reference value :  5.11885e-06
 Reference value :  5.11899e-06
 Reference value :  5.11915e-06
 Reference value :  5.11933e-06
 Reference value :  5.11976e-06
 Reference value :  5.12192e-06
 Reference value :  5.12694e-06
 Reference value :  5.13194e-06
 Reference value :  5.13744e-06
 Reference value :  5.14244e-06
 Reference value :  5.14794e-06
 Reference value :  5.15344e-06
 Reference value :  5.15785e-06
 Reference value :  5.15795e-06
 Reference value :  5.15806e-06
 Reference value :  5.15862e-06
 Reference value :  5.15884e-06
 Reference value :  5.15902e-06
 Reference value :  5.15927e-06
 Reference value :  5.15951e-06
 Reference value :  5.15977e-06
 Reference value :  5.16007e-06
 Reference value :  5.16042e-06
 Reference value :  5.16067e-06
 Reference value :  5.16086e-06
 Reference value :  5.16109e-06
 Reference value :  5.16136e-06
 Reference value :  5.16173e-06
 Reference value :  5.16262e-06
 Reference value :  5.16581e-06
 Reference value :  5.17081e-06
 Reference value :  5.17631e-06
 Reference value :  5.18181e-06
 Reference value :  5.18781e-06
 Reference value :  5.19281e-06
 Reference value :  5.19951e-06
 Reference value :  5.19960e-06
 Reference value :  5.19973e-06
 Reference value :  5.20002e-06
 Reference value :  5.20039e-06
 Reference value :  5.20051e-06
 Reference value :  5.20066e-06
 Reference value :  5.20075e-06
 Reference value :  5.20093e-06
 Reference value :  5.20107e-06
 Reference value :  5.20123e-06
 Reference value :  5.20135e-06
 Reference value :  5.20145e-06
 Reference value :  5.20157e-06
 Reference value :  5.20170e-06
 Reference value :  5.20187e-06
 Reference value :  5.20203e-06
 Reference value :  5.20232e-06
 Reference value :  5.20263e-06
 Reference value :  5.20341e-06
 Reference value :  5.20592e-06
 Reference value :  5.21142e-06
 Reference value :  5.21692e-06
 Reference value :  5.22242e-06
 Reference value :  5.22792e-06
 Reference value :  5.23342e-06
 Reference value :  5.23842e-06
 Reference value :  5.24120e-06
 Reference value :  5.24130e-06
 Reference value :  5.24142e-06
 Reference value :  5.24190e-06
 Reference value :  5.24220e-06
 Reference value :  5.24234e-06
 Reference value :  5.24250e-06
 Reference value :  5.24270e-06
 Reference value :  5.24292e-06
 Reference value :  5.24322e-06
 Reference value :  5.24361e-06
 Reference value :  5.24395e-06
 Reference value :  5.24409e-06
 Reference value :  5.24420e-06
 Reference value :  5.24440e-06
 Reference value :  5.24476e-06
 Reference value :  5.24538e-06
 Reference value :  5.24686e-06
 Reference value :  5.25157e-06
 Reference value :  5.25707e-06
 Reference value :  5.26207e-06
 Reference value :  5.26707e-06
 Reference value :  5.27257e-06
 Reference value :  5.27757e-06
 Reference value :  5.28245e-06
 Reference value :  5.28289e-06
 Reference value :  5.28297e-06
 Reference value :  5.28312e-06
 Reference value :  5.28347e-06
 Reference value :  5.28372e-06
 Reference value :  5.28383e-06
 Reference value :  5.28394e-06
 Reference value :  5.28406e-06
 Reference value :  5.28413e-06
 Reference value :  5.28421e-06
 Reference value :  5.28439e-06
 Reference value :  5.28469e-06
 Reference value :  5.28490e-06
 Reference value :  5.28505e-06
 Reference value :  5.28523e-06
 Reference value :  5.28550e-06
 Reference value :  5.28581e-06
 Reference value :  5.28686e-06
 Reference value :  5.29100e-06
 Reference value :  5.29600e-06
 Reference value :  5.30150e-06
 Reference value :  5.30650e-06
 Reference value :  5.31200e-06
 Reference value :  5.31800e-06
 Reference value :  5.32300e-06
 Reference value :  5.32453e-06
 Reference value :  5.32462e-06
 Reference value :  5.32471e-06
 Reference value :  5.32504e-06
 Reference value :  5.32544e-06
 Reference value :  5.32553e-06
 Reference value :  5.32565e-06
 Reference value :  5.32573e-06
 Reference value :  5.32595e-06
 Reference value :  5.32623e-06
 Reference value :  5.32654e-06
 Reference value :  5.32693e-06
 Reference value :  5.32729e-06
 Reference value :  5.32765e-06
 Reference value :  5.32806e-06
 Reference value :  5.32843e-06
 Reference value :  5.32898e-06
 Reference value :  5.33072e-06
 Reference value :  5.33522e-06
 Reference value :  5.34072e-06
 Reference value :  5.34415e-06
 Reference value :  5.34599e-06
 Reference value :  5.34650e-06
 Reference value :  5.34790e-06
 Reference value :  5.35243e-06
 Reference value :  5.35843e-06
 Reference value :  5.36343e-06
 Reference value :  5.36619e-06
 Reference value :  5.36627e-06
 Reference value :  5.36634e-06
 Reference value :  5.36654e-06
 Reference value :  5.36697e-06
 Reference value :  5.36712e-06
 Reference value :  5.36729e-06
 Reference value :  5.36742e-06
 Reference value :  5.36754e-06
 Reference value :  5.36778e-06
 Reference value :  5.36799e-06
 Reference value :  5.36809e-06
 Reference value :  5.36824e-06
 Reference value :  5.36844e-06
 Reference value :  5.36873e-06
 Reference value :  5.36916e-06
 Reference value :  5.37025e-06
 Reference value :  5.37506e-06
 Reference value :  5.38056e-06
 Reference value :  5.38556e-06
 Reference value :  5.39106e-06
 Reference value :  5.39656e-06
 Reference value :  5.40156e-06
 Reference value :  5.40706e-06
 Reference value :  5.40789e-06
 Reference value :  5.40799e-06
 Reference value :  5.40816e-06
 Reference value :  5.40862e-06
 Reference value :  5.40883e-06
 Reference value :  5.40900e-06
 Reference value :  5.40920e-06
 Reference value :  5.40947e-06
 Reference value :  5.40975e-06
 Reference value :  5.41019e-06
 Reference value :  5.41151e-06
 Reference value :  5.41581e-06
 Reference value :  5.42142e-06
 Reference value :  5.42642e-06
 Reference value :  5.43142e-06
 Reference value :  5.43692e-06
 Reference value :  5.44192e-06
 Reference value :  5.44742e-06
 Reference value :  5.44952e-06
 Reference value :  5.44960e-06
 Reference value :  5.44971e-06
 Reference value :  5.44994e-06
 Reference value :  5.45036e-06
 Reference value :  5.45056e-06
 Reference value :  5.45071e-06
 Reference value :  5.45098e-06
 Reference value :  5.45129e-06
 Reference value :  5.45189e-06
 Reference value :  5.45469e-06
 Reference value :  5.46213e-06
 Reference value :  5.46963e-06
 Reference value :  5.47663e-06
 Reference value :  5.48263e-06
 Reference value :  5.48813e-06
 Reference value :  5.49119e-06
 Reference value :  5.49129e-06
 Reference value :  5.49158e-06
 Reference value :  5.49212e-06
 Reference value :  5.49229e-06
 Reference value :  5.49242e-06
 Reference value :  5.49267e-06
 Reference value :  5.49300e-06
 Reference value :  5.49342e-06
 Reference value :  5.49546e-06
 Reference value :  5.49779e-06
 Reference value :  5.50379e-06
 Reference value :  5.50979e-06
 Reference value :  5.51629e-06
 Reference value :  5.52179e-06
 Reference value :  5.52679e-06
 Reference value :  5.53179e-06
 Reference value :  5.53288e-06
 Reference value :  5.53296e-06
 Reference value :  5.53310e-06
 Reference value :  5.53340e-06
 Reference value :  5.53366e-06
 Reference value :  5.53380e-06
 Reference value :  5.53391e-06
 Reference value :  5.53405e-06
 Reference value :  5.53421e-06
 Reference value :  5.53438e-06
 Reference value :  5.53461e-06
 Reference value :  5.53488e-06
 Reference value :  5.53533e-06
 Reference value :  5.53715e-06
 Reference value :  5.54357e-06
 Reference value :  5.55057e-06
 Reference value :  5.55707e-06
 Reference value :  5.56457e-06
 Reference value :  5.57057e-06
 Reference value :  5.57454e-06
 Reference value :  5.57462e-06
 Reference value :  5.57476e-06
 Reference value :  5.57530e-06
 Reference value :  5.57554e-06
 Reference value :  5.57570e-06
 Reference value :  5.57584e-06
 Reference value :  5.57609e-06
 Reference value :  5.57634e-06
 Reference value :  5.57674e-06
 Reference value :  5.57750e-06
 Reference value :  5.58129e-06
 Reference value :  5.58615e-06
 Reference value :  5.59115e-06
 Reference value :  5.59665e-06
 Reference value :  5.60165e-06
 Reference value :  5.60815e-06
 Reference value :  5.61365e-06
 Reference value :  5.61619e-06
 Reference value :  5.61627e-06
 Reference value :  5.61636e-06
 Reference value :  5.61656e-06
 Reference value :  5.61698e-06
 Reference value :  5.61711e-06
 Reference value :  5.61729e-06
 Reference value :  5.61744e-06
 Reference value :  5.61767e-06
 Reference value :  5.61785e-06
 Reference value :  5.61808e-06
 Reference value :  5.61884e-06
 Reference value :  5.62101e-06
 Reference value :  5.62581e-06
 Reference value :  5.63181e-06
 Reference value :  5.63731e-06
 Reference value :  5.64281e-06
 Reference value :  5.64831e-06
 Reference value :  5.65381e-06
 Reference value :  5.65785e-06
 Reference value :  5.65792e-06
 Reference value :  5.65800e-06
 Reference value :  5.65825e-06
 Reference value :  5.65870e-06
 Reference value :  5.65884e-06
 Reference value :  5.65898e-06
 Reference value :  5.65906e-06
 Reference value :  5.65927e-06
 Reference value :  5.65950e-06
 Reference value :  5.65972e-06
 Reference value :  5.66024e-06
 Reference value :  5.66244e-06
 Reference value :  5.66781e-06
 Reference value :  5.67281e-06
 Reference value :  5.67831e-06
 Reference value :  5.68331e-06
 Reference value :  5.68881e-06
 Reference value :  5.69381e-06
 Reference value :  5.69916e-06
 Reference value :  5.69956e-06
 Reference value :  5.69967e-06
 Reference value :  5.69987e-06
 Reference value :  5.70025e-06
 Reference value :  5.70039e-06
 Reference value :  5.70053e-06
 Reference value :  5.70069e-06
 Reference value :  5.70083e-06
 Reference value :  5.70103e-06
 Reference value :  5.70126e-06
 Reference value :  5.70163e-06
 Reference value :  5.70276e-06
 Reference value :  5.70748e-06
 Reference value :  5.71298e-06
 Reference value :  5.71798e-06
 Reference value :  5.72398e-06
 Reference value :  5.72948e-06
 Reference value :  5.73448e-06
 Reference value :  5.74048e-06
 Reference value :  5.74122e-06
 Reference value :  5.74129e-06
 Reference value :  5.74142e-06
 Reference value :  5.74183e-06
 Reference value :  5.74217e-06
 Reference value :  5.74234e-06
 Reference value :  5.74244e-06
 Reference value :  5.74265e-06
 Reference value :  5.74292e-06
 Reference value :  5.74325e-06
 Reference value :  5.74391e-06
 Reference value :  5.74553e-06
 Reference value :  5.75039e-06
 Reference value :  5.75539e-06
 Reference value :  5.76089e-06
 Reference value :  5.76639e-06
 Reference value :  5.77139e-06
 Reference value :  5.77689e-06
 Reference value :  5.78236e-06
 Reference value :  5.78290e-06
 Reference value :  5.78301e-06
 Reference value :  5.78325e-06
 Reference value :  5.78364e-06
 Reference value :  5.78379e-06
 Reference value :  5.78396e-06
 Reference value :  5.78409e-06
 Reference value :  5.78425e-06
 Reference value :  5.78444e-06
 Reference value :  5.78471e-06
 Reference value :  5.78504e-06
 Reference value :  5.78649e-06
 Reference value :  5.79188e-06
 Reference value :  5.79738e-06
 Reference value :  5.80338e-06
 Reference value :  5.80888e-06
 Reference value :  5.81438e-06
 Reference value :  5.81988e-06
 Reference value :  5.82450e-06
 Reference value :  5.82459e-06
 Reference value :  5.82470e-06
 Reference value :  5.82500e-06
 Reference value :  5.82545e-06
 Reference value :  5.82552e-06
 Reference value :  5.82565e-06
 Reference value :  5.82574e-06
 Reference value :  5.82593e-06
 Reference value :  5.82616e-06
 Reference value :  5.82654e-06
 Reference value :  5.82707e-06
 Reference value :  5.83041e-06
 Reference value :  5.83641e-06
 Reference value :  5.84191e-06
 Reference value :  5.84691e-06
 Reference value :  5.85341e-06
 Reference value :  5.85841e-06
 Reference value :  5.86341e-06
 Reference value :  5.86619e-06
 Reference value :  5.86629e-06
 Reference value :  5.86640e-06
 Reference value :  5.86664e-06
 Reference value :  5.86705e-06
 Reference value :  5.86715e-06
 Reference value :  5.86729e-06
 Reference value :  5.86743e-06
 Reference value :  5.86774e-06
 Reference value :  5.86798e-06
 Reference value :  5.86822e-06
 Reference value :  5.86862e-06
 Reference value :  5.87265e-06
 Reference value :  5.87815e-06
 Reference value :  5.88365e-06
 Reference value :  5.88915e-06
 Reference value :  5.89515e-06
 Reference value :  5.90065e-06
 Reference value :  5.90565e-06
 Reference value :  5.90787e-06
 Reference value :  5.90796e-06
 Reference value :  5.90809e-06
 Reference value :  5.90863e-06
 Reference value :  5.90884e-06
 Reference value :  5.90899e-06
 Reference value :  5.90910e-06
 Reference value :  5.90941e-06
 Reference value :  5.90966e-06
 Reference value :  5.90996e-06
 Reference value :  5.91074e-06
 Reference value :  5.91552e-06
 Reference value :  5.92202e-06
 Reference value :  5.92702e-06
 Reference value :  5.93252e-06
 Reference value :  5.93952e-06
 Reference value :  5.94652e-06
 Reference value :  5.94954e-06
 Reference value :  5.94964e-06
 Reference value :  5.94987e-06
 Reference value :  5.95027e-06
 Reference value :  5.95039e-06
 Reference value :  5.95055e-06
 Reference value :  5.95067e-06
 Reference value :  5.95079e-06
 Reference value :  5.95098e-06
 Reference value :  5.95124e-06
 Reference value :  5.95172e-06
 Reference value :  5.95264e-06
 Reference value :  5.95688e-06
 Reference value :  5.96338e-06
 Reference value :  5.96988e-06
 Reference value :  5.97538e-06
 Reference value :  5.98088e-06
 Reference value :  5.98588e-06
 Reference value :  5.99117e-06
 Reference value :  5.99124e-06
 Reference value :  5.99133e-06
 Reference value :  5.99161e-06
 Reference value :  5.99204e-06
 Reference value :  5.99216e-06
 Reference value :  5.99224e-06
 Reference value :  5.99237e-06
 Reference value :  5.99252e-06
 Reference value :  5.99291e-06
 Reference value :  5.99321e-06
 Reference value :  5.99404e-06
 Reference value :  5.99682e-06
 Reference value :  6.00182e-06
 Reference value :  6.00682e-06
 Reference value :  6.01282e-06
 Reference value :  6.01882e-06
 Reference value :  6.02382e-06
 Reference value :  6.02932e-06
 Reference value :  6.03285e-06
 Reference value :  6.03293e-06
 Reference value :  6.03303e-06
 Reference value :  6.03319e-06
 Reference value :  6.03367e-06
 Reference value :  6.03383e-06
 Reference value :  6.03395e-06
 Reference value :  6.03408e-06
 Reference value :  6.03437e-06
 Reference value :  6.03449e-06
 Reference value :  6.03467e-06
 Reference value :  6.03493e-06
 Reference value :  6.03532e-06
 Reference value :  6.03587e-06
 Reference value :  6.03947e-06
 Reference value :  6.04647e-06
 Reference value :  6.05297e-06
 Reference value :  6.05847e-06
 Reference value :  6.06347e-06
 Reference value :  6.06847e-06
 Reference value :  6.07423e-06
 Reference value :  6.07455e-06
 Reference value :  6.07463e-06
 Reference value :  6.07488e-06
 Reference value :  6.07550e-06
 Reference value :  6.07556e-06
 Reference value :  6.07571e-06
 Reference value :  6.07585e-06
 Reference value :  6.07610e-06
 Reference value :  6.07630e-06
 Reference value :  6.07711e-06
 Reference value :  6.07991e-06
 Reference value :  6.08636e-06
 Reference value :  6.09236e-06
 Reference value :  6.09836e-06
 Reference value :  6.10386e-06
 Reference value :  6.10886e-06
 Reference value :  6.11436e-06
 Reference value :  6.11622e-06
 Reference value :  6.11631e-06
 Reference value :  6.11644e-06
 Reference value :  6.11683e-06
 Reference value :  6.11707e-06
 Reference value :  6.11717e-06
 Reference value :  6.11725e-06
 Reference value :  6.11733e-06
 Reference value :  6.11742e-06
 Reference value :  6.11754e-06
 Reference value :  6.11762e-06
 Reference value :  6.11777e-06
 Reference value :  6.11787e-06
 Reference value :  6.11798e-06
 Reference value :  6.11821e-06
 Reference value :  6.11840e-06
 Reference value :  6.11853e-06
 Reference value :  6.11864e-06
 Reference value :  6.11875e-06
 Reference value :  6.11889e-06
 Reference value :  6.11904e-06
 Reference value :  6.11920e-06
 Reference value :  6.11948e-06
 Reference value :  6.11991e-06
 Reference value :  6.12167e-06
 Reference value :  6.12679e-06
 Reference value :  6.13229e-06
 Reference value :  6.13829e-06
 Reference value :  6.14479e-06
 Reference value :  6.14979e-06
 Reference value :  6.15479e-06
 Reference value :  6.15787e-06
 Reference value :  6.15797e-06
 Reference value :  6.15815e-06
 Reference value :  6.15870e-06
 Reference value :  6.15892e-06
 Reference value :  6.15906e-06
 Reference value :  6.15923e-06
 Reference value :  6.15947e-06
 Reference value :  6.15976e-06
 Reference value :  6.16012e-06
 Reference value :  6.16061e-06
 Reference value :  6.16084e-06
 Reference value :  6.16099e-06
 Reference value :  6.16119e-06
 Reference value :  6.16161e-06
 Reference value :  6.16213e-06
 Reference value :  6.16400e-06
 Reference value :  6.16988e-06
 Reference value :  6.17788e-06
 Reference value :  6.18338e-06
 Reference value :  6.18838e-06
 Reference value :  6.19438e-06
 Reference value :  6.19950e-06
 Reference value :  6.19957e-06
 Reference value :  6.19967e-06
 Reference value :  6.19987e-06
 Reference value :  6.20032e-06
 Reference value :  6.20046e-06
 Reference value :  6.20058e-06
 Reference value :  6.20068e-06
 Reference value :  6.20082e-06
 Reference value :  6.20094e-06
 Reference value :  6.20110e-06
 Reference value :  6.20123e-06
 Reference value :  6.20137e-06
 Reference value :  6.20147e-06
 Reference value :  6.20158e-06
 Reference value :  6.20173e-06
 Reference value :  6.20186e-06
 Reference value :  6.20199e-06
 Reference value :  6.20223e-06
 Reference value :  6.20276e-06
 Reference value :  6.20381e-06
 Reference value :  6.20621e-06
 Reference value :  6.21171e-06
 Reference value :  6.21771e-06
 Reference value :  6.22271e-06
 Reference value :  6.22821e-06
 Reference value :  6.23621e-06
 Reference value :  6.24117e-06
 Reference value :  6.24127e-06
 Reference value :  6.24138e-06
 Reference value :  6.24175e-06
 Reference value :  6.24217e-06
 Reference value :  6.24226e-06
 Reference value :  6.24246e-06
 Reference value :  6.24270e-06
 Reference value :  6.24295e-06
 Reference value :  6.24320e-06
 Reference value :  6.24375e-06
 Reference value :  6.24405e-06
 Reference value :  6.24421e-06
 Reference value :  6.24437e-06
 Reference value :  6.24471e-06
 Reference value :  6.24532e-06
 Reference value :  6.24722e-06
 Reference value :  6.25372e-06
 Reference value :  6.25922e-06
 Reference value :  6.26422e-06
 Reference value :  6.26922e-06
 Reference value :  6.27572e-06
 Reference value :  6.28122e-06
 Reference value :  6.28287e-06
 Reference value :  6.28296e-06
 Reference value :  6.28307e-06
No. of Data Rows : 30448

  Measurements for Transient Analysis

d9_c1               =  2.12060e-04
d8_c1               =  3.36561e-04
d7_c1               =  1.61964e+00
d6_c1               =  1.61964e+00
d5_c1               =  1.61964e+00
d4_c1               =  3.36669e-04
d3_c1               =  1.61964e+00
d2_c1               =  1.61964e+00
d1_c1               =  3.36946e-04
d0_c1               =  1.61964e+00
d9_c2               =  2.12358e-04
d8_c2               =  1.61963e+00
d7_c2               =  3.41044e-04
d6_c2               =  1.61963e+00
d5_c2               =  1.61963e+00
d4_c2               =  1.61963e+00
d3_c2               =  1.61963e+00
d2_c2               =  1.61963e+00
d1_c2               =  1.61963e+00
d0_c2               =  1.61962e+00
d9_c3               =  2.53438e-04
d8_c3               =  1.61968e+00
d7_c3               =  1.61968e+00
d6_c3               =  1.61968e+00
d5_c3               =  1.61968e+00
d4_c3               =  1.61968e+00
d3_c3               =  1.61968e+00
d2_c3               =  1.61968e+00
d1_c3               =  1.61968e+00
d0_c3               =  1.61968e+00
d9_c4               =  1.61981e+00
d8_c4               =  3.92490e-04
d7_c4               =  1.61968e+00
d6_c4               =  3.92484e-04
d5_c4               =  3.92477e-04
d4_c4               =  3.92471e-04
d3_c4               =  3.92460e-04
d2_c4               =  3.92460e-04
d1_c4               =  3.92457e-04
d0_c4               =  1.61968e+00
d9_c5               =  1.61987e+00
d8_c5               =  1.61968e+00
d7_c5               =  1.61968e+00
d6_c5               =  1.61968e+00
d5_c5               =  1.61968e+00
d4_c5               =  1.61968e+00
d3_c5               =  1.61968e+00
d2_c5               =  1.61968e+00
d1_c5               =  1.61968e+00
d0_c5               =  1.61968e+00
busy_c1_p0          =  1.61965e+00
smpl_c1_p0          =  2.08441e-04
busy_c1_p1          =  1.61959e+00
smpl_c1_p1          =  2.07472e-04
busy_c1_p2          =  1.61959e+00
smpl_c1_p2          =  2.03336e-04
busy_c1_p3          =  1.61961e+00
smpl_c1_p3          =  2.07879e-04
busy_c1_p4          =  1.61962e+00
smpl_c1_p4          =  1.96620e-04
busy_c1_p5          =  1.61960e+00
smpl_c1_p5          =  2.04777e-04
busy_c1_p6          =  1.61962e+00
smpl_c1_p6          =  1.98198e-04
busy_c1_p7          =  1.61961e+00
smpl_c1_p7          =  1.97784e-04
busy_c1_p8          =  1.61960e+00
smpl_c1_p8          =  1.99679e-04
busy_c1_p9          =  1.61960e+00
smpl_c1_p9          =  2.04357e-04
busy_c1_p10         =  1.61961e+00
smpl_c1_p10         =  1.96344e-04
busy_c1_p11         =  3.18634e-04
smpl_c1_p11         =  1.61986e+00
busy_c2_p0          =  1.61965e+00
smpl_c2_p0          =  2.08017e-04
busy_c2_p1          =  1.61961e+00
smpl_c2_p1          =  2.09345e-04
busy_c2_p2          =  1.61964e+00
smpl_c2_p2          =  2.08211e-04
busy_c2_p3          =  1.61961e+00
smpl_c2_p3          =  1.94788e-04
busy_c2_p4          =  1.61963e+00
smpl_c2_p4          =  2.08458e-04
busy_c2_p5          =  1.61959e+00
smpl_c2_p5          =  2.03245e-04
busy_c2_p6          =  1.61961e+00
smpl_c2_p6          =  2.07843e-04
busy_c2_p7          =  1.61959e+00
smpl_c2_p7          =  2.00053e-04
busy_c2_p8          =  1.61965e+00
smpl_c2_p8          =  2.05805e-04
busy_c2_p9          =  1.61960e+00
smpl_c2_p9          =  2.00335e-04
busy_c2_p10         =  1.61960e+00
smpl_c2_p10         =  2.01501e-04
busy_c2_p11         =  3.37137e-04
smpl_c2_p11         =  1.61987e+00
busy_c3_p0          =  1.61959e+00
smpl_c3_p0          =  1.97362e-04
busy_c3_p1          =  1.61960e+00
smpl_c3_p1          =  1.97337e-04
busy_c3_p2          =  1.61961e+00
smpl_c3_p2          =  2.10121e-04
busy_c3_p3          =  1.61967e+00
smpl_c3_p3          =  2.07597e-04
busy_c3_p4          =  1.61964e+00
smpl_c3_p4          =  2.08732e-04
busy_c3_p5          =  1.61965e+00
smpl_c3_p5          =  2.07396e-04
busy_c3_p6          =  1.61966e+00
smpl_c3_p6          =  2.07301e-04
busy_c3_p7          =  1.61967e+00
smpl_c3_p7          =  2.07064e-04
busy_c3_p8          =  1.61966e+00
smpl_c3_p8          =  2.09091e-04
busy_c3_p9          =  1.61967e+00
smpl_c3_p9          =  2.08331e-04
busy_c3_p10         =  1.61965e+00
smpl_c3_p10         =  2.11314e-04
busy_c3_p11         =  3.36100e-04
smpl_c3_p11         =  1.61987e+00
busy_c4_p0          =  1.61963e+00
smpl_c4_p0          =  2.09289e-04
busy_c4_p1          =  1.61961e+00
smpl_c4_p1          =  2.08412e-04
busy_c4_p2          =  1.61965e+00
smpl_c4_p2          =  2.06071e-04
busy_c4_p3          =  1.61959e+00
smpl_c4_p3          =  2.03029e-04
busy_c4_p4          =  1.61964e+00
smpl_c4_p4          =  2.07126e-04
busy_c4_p5          =  1.61959e+00
smpl_c4_p5          =  2.04668e-04
busy_c4_p6          =  1.61960e+00
smpl_c4_p6          =  2.04977e-04
busy_c4_p7          =  1.61963e+00
smpl_c4_p7          =  2.06169e-04
busy_c4_p8          =  1.61959e+00
smpl_c4_p8          =  2.04097e-04
busy_c4_p9          =  1.61963e+00
smpl_c4_p9          =  2.06975e-04
busy_c4_p10         =  1.61964e+00
smpl_c4_p10         =  2.08849e-04
busy_c4_p11         =  3.22422e-04
smpl_c4_p11         =  1.61984e+00
busy_c5_p0          =  1.61960e+00
smpl_c5_p0          =  2.01375e-04
busy_c5_p1          =  1.61960e+00
smpl_c5_p1          =  2.07793e-04
busy_c5_p2          =  1.61961e+00
smpl_c5_p2          =  2.04845e-04
busy_c5_p3          =  1.61959e+00
smpl_c5_p3          =  2.07560e-04
busy_c5_p4          =  1.61957e+00
smpl_c5_p4          =  2.02105e-04
busy_c5_p5          =  1.61959e+00
smpl_c5_p5          =  2.04422e-04
busy_c5_p6          =  1.61962e+00
smpl_c5_p6          =  2.04635e-04
busy_c5_p7          =  1.61966e+00
smpl_c5_p7          =  2.01793e-04
busy_c5_p8          =  1.61965e+00
smpl_c5_p8          =  2.00885e-04
busy_c5_p9          =  1.61967e+00
smpl_c5_p9          =  2.02546e-04
busy_c5_p10         =  1.61964e+00
smpl_c5_p10         =  2.05012e-04
busy_c5_p11         =  3.02876e-04
smpl_c5_p11         =  1.61988e+00
i_vdd               =  -1.85607e-06 from=  3.20000e-06 to=  4.20001e-06
i_vpwr              =  -5.56462e-06 from=  3.20000e-06 to=  4.20001e-06
i_vrefp             =  -5.85266e-06 from=  3.20000e-06 to=  4.20001e-06
i_vrefn             =  5.84196e-06 from=  3.20000e-06 to=  4.20001e-06
i_vcm               =  1.06084e-08 from=  3.20000e-06 to=  4.20001e-06
gnd_die_max         =  6.07499e-02 at=  6.11727e-06
gnd_die_min         =  -8.89243e-02 at=  6.11731e-06
vgnd_max            =  3.56507e-02 at=  6.11710e-06
vgnd_min            =  -4.66487e-02 at=  6.11728e-06
vdd_max             =  1.69334e+00 at=  6.11727e-06
vdd_min             =  1.54933e+00 at=  6.11731e-06
vpwr_max            =  1.67493e+00 at=  6.11732e-06
vpwr_min            =  1.56698e+00 at=  6.11727e-06
vdda_min            =  1.57417e+00 at=  6.11734e-06
vdda_max            =  1.66294e+00 at=  6.11729e-06
i_vgnda             =  1.91657e-06 from=  3.20000e-06 to=  4.20001e-06
i_vgnd              =  5.55960e-06 from=  3.20000e-06 to=  4.20001e-06
i_sub               =  -2.13586e-10 from=  3.20000e-06 to=  4.20001e-06


Total analysis time (seconds) = 7236.04

Total elapsed time (seconds) = 7501.043 

Total DRAM available = 98304.000 MB.
DRAM currently available = 1141.906 MB.
Maximum ngspice program size =  820.469 MB.
Current ngspice program size =   34.344 MB.

Note: Starting dynamic gmin stepping
Note: Dynamic gmin stepping completed
