
Note: Compatibility modes selected: hs a


Circuit: * sim/ground-return-impedance (issue #378) arm 'pkg-nopad-10' -- reusing

option SCALE: Scale is set to 1e-06 for instance and model parameters
option SCALE: Scale is set to 1e-06 for instance and model parameters
option SCALE: Scale is set to 1e-06 for instance and model parameters
option SCALE: Scale is set to 1e-06 for instance and model parameters
Doing analysis at TEMP = 27.000000 and TNOM = 27.000000

Using KLU as Direct Linear Solver
 Reference value :  0.00000e+00
 Reference value :  4.14000e-09
 Reference value :  1.16400e-08
 Reference value :  1.91400e-08
 Reference value :  2.00661e-08
 Reference value :  2.01755e-08
 Reference value :  2.02896e-08
 Reference value :  2.04632e-08
 Reference value :  2.05742e-08
 Reference value :  2.07332e-08
 Reference value :  2.09502e-08
 Reference value :  2.10544e-08
 Reference value :  2.11242e-08
 Reference value :  2.12512e-08
 Reference value :  2.13596e-08
 Reference value :  2.15688e-08
 Reference value :  2.17986e-08
 Reference value :  2.21822e-08
 Reference value :  2.30805e-08
 Reference value :  2.70675e-08
 Reference value :  3.20675e-08
 Reference value :  3.75675e-08
 Reference value :  4.20675e-08
 Reference value :  4.70675e-08
 Reference value :  5.20675e-08
 Reference value :  5.70675e-08
 Reference value :  6.25675e-08
 Reference value :  6.75675e-08
 Reference value :  7.25675e-08
 Reference value :  7.75675e-08
 Reference value :  8.25675e-08
 Reference value :  8.80675e-08
 Reference value :  9.30675e-08
 Reference value :  9.80675e-08
 Reference value :  1.03068e-07
 Reference value :  1.08568e-07
 Reference value :  1.13568e-07
 Reference value :  1.18568e-07
 Reference value :  1.23568e-07
 Reference value :  1.28568e-07
 Reference value :  1.34068e-07
 Reference value :  1.39568e-07
 Reference value :  1.44568e-07
 Reference value :  1.49568e-07
 Reference value :  1.55568e-07
 Reference value :  1.60568e-07
 Reference value :  1.66068e-07
 Reference value :  1.71068e-07
 Reference value :  1.76568e-07
 Reference value :  1.81568e-07
 Reference value :  1.87568e-07
 Reference value :  1.93068e-07
 Reference value :  1.98568e-07
 Reference value :  1.99575e-07
 Reference value :  1.99714e-07
 Reference value :  1.99876e-07
 Reference value :  2.00074e-07
 Reference value :  2.00247e-07
 Reference value :  2.00329e-07
 Reference value :  2.00500e-07
 Reference value :  2.00583e-07
 Reference value :  2.00790e-07
 Reference value :  2.01016e-07
 Reference value :  2.01231e-07
 Reference value :  2.01381e-07
 Reference value :  2.01584e-07
 Reference value :  2.01864e-07
 Reference value :  2.02296e-07
 Reference value :  2.03223e-07
 Reference value :  2.07785e-07
 Reference value :  2.12785e-07
 Reference value :  2.17785e-07
 Reference value :  2.23785e-07
 Reference value :  2.31785e-07
 Reference value :  2.37785e-07
 Reference value :  2.41187e-07
 Reference value :  2.41271e-07
 Reference value :  2.41369e-07
 Reference value :  2.41613e-07
 Reference value :  2.41987e-07
 Reference value :  2.42130e-07
 Reference value :  2.42265e-07
 Reference value :  2.42503e-07
 Reference value :  2.42739e-07
 Reference value :  2.42963e-07
 Reference value :  2.43283e-07
 Reference value :  2.43534e-07
 Reference value :  2.43796e-07
 Reference value :  2.44068e-07
 Reference value :  2.44271e-07
 Reference value :  2.44622e-07
 Reference value :  2.45174e-07
 Reference value :  2.47252e-07
 Reference value :  2.53219e-07
 Reference value :  2.58219e-07
 Reference value :  2.63219e-07
 Reference value :  2.68219e-07
 Reference value :  2.73219e-07
 Reference value :  2.78719e-07
 Reference value :  2.82838e-07
 Reference value :  2.82912e-07
 Reference value :  2.83003e-07
 Reference value :  2.83153e-07
 Reference value :  2.83382e-07
 Reference value :  2.83561e-07
 Reference value :  2.83662e-07
 Reference value :  2.83836e-07
 Reference value :  2.84003e-07
 Reference value :  2.84191e-07
 Reference value :  2.84309e-07
 Reference value :  2.84548e-07
 Reference value :  2.84707e-07
 Reference value :  2.84890e-07
 Reference value :  2.85058e-07
 Reference value :  2.85174e-07
 Reference value :  2.85357e-07
 Reference value :  2.85553e-07
 Reference value :  2.85815e-07
 Reference value :  2.86321e-07
 Reference value :  2.87766e-07
 Reference value :  2.92658e-07
 Reference value :  2.98158e-07
 Reference value :  3.03658e-07
 Reference value :  3.08658e-07
 Reference value :  3.14158e-07
 Reference value :  3.19158e-07
 Reference value :  3.24079e-07
 Reference value :  3.24593e-07
 Reference value :  3.24689e-07
 Reference value :  3.24869e-07
 Reference value :  3.25313e-07
 Reference value :  3.25450e-07
 Reference value :  3.25597e-07
 Reference value :  3.25813e-07
 Reference value :  3.26035e-07
 Reference value :  3.26291e-07
 Reference value :  3.26738e-07
 Reference value :  3.27674e-07
 Reference value :  3.28374e-07
 Reference value :  3.28847e-07
 Reference value :  3.29922e-07
 Reference value :  3.34465e-07
 Reference value :  3.39465e-07
 Reference value :  3.44465e-07
 Reference value :  3.49465e-07
 Reference value :  3.54465e-07
 Reference value :  3.59465e-07
 Reference value :  3.64465e-07
 Reference value :  3.66204e-07
 Reference value :  3.66312e-07
 Reference value :  3.66475e-07
 Reference value :  3.66773e-07
 Reference value :  3.66934e-07
 Reference value :  3.67174e-07
 Reference value :  3.67422e-07
 Reference value :  3.67787e-07
 Reference value :  3.68076e-07
 Reference value :  3.68322e-07
 Reference value :  3.68635e-07
 Reference value :  3.69220e-07
 Reference value :  3.71417e-07
 Reference value :  3.76417e-07
 Reference value :  3.81417e-07
 Reference value :  3.87417e-07
 Reference value :  3.92917e-07
 Reference value :  3.97917e-07
 Reference value :  4.02917e-07
 Reference value :  4.07833e-07
 Reference value :  4.07903e-07
 Reference value :  4.07999e-07
 Reference value :  4.08143e-07
 Reference value :  4.08374e-07
 Reference value :  4.08705e-07
 Reference value :  4.08833e-07
 Reference value :  4.08975e-07
 Reference value :  4.09194e-07
 Reference value :  4.09421e-07
 Reference value :  4.09729e-07
 Reference value :  4.10094e-07
 Reference value :  4.10334e-07
 Reference value :  4.10518e-07
 Reference value :  4.10881e-07
 Reference value :  4.11763e-07
 Reference value :  4.12213e-07
 Reference value :  4.12313e-07
 Reference value :  4.12429e-07
 Reference value :  4.12565e-07
 Reference value :  4.12674e-07
 Reference value :  4.12822e-07
 Reference value :  4.13032e-07
 Reference value :  4.13401e-07
 Reference value :  4.14473e-07
 Reference value :  4.19331e-07
 Reference value :  4.24331e-07
 Reference value :  4.29331e-07
 Reference value :  4.34331e-07
 Reference value :  4.39331e-07
 Reference value :  4.44331e-07
 Reference value :  4.49500e-07
 Reference value :  4.49569e-07
 Reference value :  4.49669e-07
 Reference value :  4.49814e-07
 Reference value :  4.50036e-07
 Reference value :  4.50239e-07
 Reference value :  4.50337e-07
 Reference value :  4.50475e-07
 Reference value :  4.50641e-07
 Reference value :  4.50853e-07
 Reference value :  4.51038e-07
 Reference value :  4.51199e-07
 Reference value :  4.51370e-07
 Reference value :  4.51525e-07
 Reference value :  4.51682e-07
 Reference value :  4.51806e-07
 Reference value :  4.51979e-07
 Reference value :  4.52182e-07
 Reference value :  4.52668e-07
 Reference value :  4.53438e-07
 Reference value :  4.56650e-07
 Reference value :  4.61650e-07
 Reference value :  4.66650e-07
 Reference value :  4.73650e-07
 Reference value :  4.80650e-07
 Reference value :  4.86650e-07
 Reference value :  4.91167e-07
 Reference value :  4.91230e-07
 Reference value :  4.91353e-07
 Reference value :  4.91523e-07
 Reference value :  4.91725e-07
 Reference value :  4.92068e-07
 Reference value :  4.92191e-07
 Reference value :  4.92337e-07
 Reference value :  4.92518e-07
 Reference value :  4.92778e-07
 Reference value :  4.93043e-07
 Reference value :  4.93526e-07
 Reference value :  4.94157e-07
 Reference value :  4.94751e-07
 Reference value :  4.95006e-07
 Reference value :  4.95357e-07
 Reference value :  4.98017e-07
 Reference value :  5.04517e-07
 Reference value :  5.09017e-07
 Reference value :  5.10522e-07
 Reference value :  5.11176e-07
 Reference value :  5.11332e-07
 Reference value :  5.11489e-07
 Reference value :  5.11661e-07
 Reference value :  5.11978e-07
 Reference value :  5.12486e-07
 Reference value :  5.15049e-07
 Reference value :  5.19965e-07
 Reference value :  5.24465e-07
 Reference value :  5.29965e-07
 Reference value :  5.32865e-07
 Reference value :  5.32968e-07
 Reference value :  5.33077e-07
 Reference value :  5.33254e-07
 Reference value :  5.33562e-07
 Reference value :  5.33661e-07
 Reference value :  5.33804e-07
 Reference value :  5.33989e-07
 Reference value :  5.34228e-07
 Reference value :  5.34433e-07
 Reference value :  5.34602e-07
 Reference value :  5.34794e-07
 Reference value :  5.34996e-07
 Reference value :  5.35157e-07
 Reference value :  5.35376e-07
 Reference value :  5.35658e-07
 Reference value :  5.36124e-07
 Reference value :  5.37469e-07
 Reference value :  5.43166e-07
 Reference value :  5.49666e-07
 Reference value :  5.55666e-07
 Reference value :  5.61666e-07
 Reference value :  5.68166e-07
 Reference value :  5.74500e-07
 Reference value :  5.74615e-07
 Reference value :  5.74736e-07
 Reference value :  5.75016e-07
 Reference value :  5.75331e-07
 Reference value :  5.75500e-07
 Reference value :  5.75719e-07
 Reference value :  5.76008e-07
 Reference value :  5.76265e-07
 Reference value :  5.76600e-07
 Reference value :  5.77857e-07
 Reference value :  5.78477e-07
 Reference value :  5.79071e-07
 Reference value :  5.81900e-07
 Reference value :  5.88321e-07
 Reference value :  5.94821e-07
 Reference value :  6.01321e-07
 Reference value :  6.07321e-07
 Reference value :  6.13321e-07
 Reference value :  6.16211e-07
 Reference value :  6.16328e-07
 Reference value :  6.16494e-07
 Reference value :  6.16728e-07
 Reference value :  6.16922e-07
 Reference value :  6.17088e-07
 Reference value :  6.17249e-07
 Reference value :  6.17514e-07
 Reference value :  6.17818e-07
 Reference value :  6.18128e-07
 Reference value :  6.18534e-07
 Reference value :  6.19297e-07
 Reference value :  6.24222e-07
 Reference value :  6.30222e-07
 Reference value :  6.36222e-07
 Reference value :  6.42722e-07
 Reference value :  6.48722e-07
 Reference value :  6.54722e-07
 Reference value :  6.57858e-07
 Reference value :  6.57974e-07
 Reference value :  6.58088e-07
 Reference value :  6.58344e-07
 Reference value :  6.58702e-07
 Reference value :  6.58844e-07
 Reference value :  6.58989e-07
 Reference value :  6.59177e-07
 Reference value :  6.59423e-07
 Reference value :  6.59691e-07
 Reference value :  6.60099e-07
 Reference value :  6.60941e-07
 Reference value :  6.61529e-07
 Reference value :  6.61853e-07
 Reference value :  6.62151e-07
 Reference value :  6.62955e-07
 Reference value :  6.66144e-07
 Reference value :  6.71144e-07
 Reference value :  6.76144e-07
 Reference value :  6.82144e-07
 Reference value :  6.88644e-07
 Reference value :  6.94644e-07
 Reference value :  6.99500e-07
 Reference value :  6.99580e-07
 Reference value :  6.99675e-07
 Reference value :  6.99785e-07
 Reference value :  6.99939e-07
 Reference value :  7.00158e-07
 Reference value :  7.00270e-07
 Reference value :  7.00423e-07
 Reference value :  7.00557e-07
 Reference value :  7.00748e-07
 Reference value :  7.01021e-07
 Reference value :  7.01283e-07
 Reference value :  7.01675e-07
 Reference value :  7.02059e-07
 Reference value :  7.02770e-07
 Reference value :  7.05755e-07
 Reference value :  7.10255e-07
 Reference value :  7.15255e-07
 Reference value :  7.21255e-07
 Reference value :  7.26255e-07
 Reference value :  7.30755e-07
 Reference value :  7.35755e-07
 Reference value :  7.40711e-07
 Reference value :  7.41237e-07
 Reference value :  7.41333e-07
 Reference value :  7.41471e-07
 Reference value :  7.41684e-07
 Reference value :  7.42005e-07
 Reference value :  7.42167e-07
 Reference value :  7.42303e-07
 Reference value :  7.42520e-07
 Reference value :  7.42776e-07
 Reference value :  7.43067e-07
 Reference value :  7.43515e-07
 Reference value :  7.44129e-07
 Reference value :  7.44710e-07
 Reference value :  7.45017e-07
 Reference value :  7.45290e-07
 Reference value :  7.45746e-07
 Reference value :  7.47974e-07
 Reference value :  7.52474e-07
 Reference value :  7.58974e-07
 Reference value :  7.64974e-07
 Reference value :  7.69474e-07
 Reference value :  7.71305e-07
 Reference value :  7.71690e-07
 Reference value :  7.71839e-07
 Reference value :  7.72048e-07
 Reference value :  7.72283e-07
 Reference value :  7.72650e-07
 Reference value :  7.73873e-07
 Reference value :  7.78921e-07
 Reference value :  7.82864e-07
 Reference value :  7.82995e-07
 Reference value :  7.83169e-07
 Reference value :  7.83469e-07
 Reference value :  7.83583e-07
 Reference value :  7.83654e-07
 Reference value :  7.83817e-07
 Reference value :  7.84022e-07
 Reference value :  7.84202e-07
 Reference value :  7.84486e-07
 Reference value :  7.84716e-07
 Reference value :  7.84963e-07
 Reference value :  7.85124e-07
 Reference value :  7.85394e-07
 Reference value :  7.85752e-07
 Reference value :  7.86450e-07
 Reference value :  7.92274e-07
 Reference value :  8.01274e-07
 Reference value :  8.07274e-07
 Reference value :  8.13274e-07
 Reference value :  8.17774e-07
 Reference value :  8.22274e-07
 Reference value :  8.24562e-07
 Reference value :  8.24655e-07
 Reference value :  8.24810e-07
 Reference value :  8.25118e-07
 Reference value :  8.25368e-07
 Reference value :  8.25475e-07
 Reference value :  8.25647e-07
 Reference value :  8.25870e-07
 Reference value :  8.26089e-07
 Reference value :  8.26324e-07
 Reference value :  8.26769e-07
 Reference value :  8.27601e-07
 Reference value :  8.28177e-07
 Reference value :  8.28475e-07
 Reference value :  8.28763e-07
 Reference value :  8.29466e-07
 Reference value :  8.33268e-07
 Reference value :  8.38768e-07
 Reference value :  8.44268e-07
 Reference value :  8.49768e-07
 Reference value :  8.54768e-07
 Reference value :  8.59768e-07
 Reference value :  8.61200e-07
 Reference value :  8.62849e-07
 Reference value :  8.63047e-07
 Reference value :  8.63192e-07
 Reference value :  8.63387e-07
 Reference value :  8.63674e-07
 Reference value :  8.64043e-07
 Reference value :  8.65226e-07
 Reference value :  8.66211e-07
 Reference value :  8.66315e-07
 Reference value :  8.66434e-07
 Reference value :  8.66617e-07
 Reference value :  8.66841e-07
 Reference value :  8.66938e-07
 Reference value :  8.67090e-07
 Reference value :  8.67260e-07
 Reference value :  8.67457e-07
 Reference value :  8.67705e-07
 Reference value :  8.67933e-07
 Reference value :  8.68070e-07
 Reference value :  8.68286e-07
 Reference value :  8.68442e-07
 Reference value :  8.68623e-07
 Reference value :  8.68910e-07
 Reference value :  8.69282e-07
 Reference value :  8.70736e-07
 Reference value :  8.75409e-07
 Reference value :  8.81909e-07
 Reference value :  8.86909e-07
 Reference value :  8.91909e-07
 Reference value :  8.96909e-07
 Reference value :  9.01909e-07
 Reference value :  9.06909e-07
 Reference value :  9.07894e-07
 Reference value :  9.07988e-07
 Reference value :  9.08162e-07
 Reference value :  9.08398e-07
 Reference value :  9.08742e-07
 Reference value :  9.08883e-07
 Reference value :  9.09027e-07
 Reference value :  9.09215e-07
 Reference value :  9.09451e-07
 Reference value :  9.09722e-07
 Reference value :  9.10191e-07
 Reference value :  9.11145e-07
 Reference value :  9.11561e-07
 Reference value :  9.11847e-07
 Reference value :  9.12252e-07
 Reference value :  9.14529e-07
 Reference value :  9.19029e-07
 Reference value :  9.24529e-07
 Reference value :  9.29529e-07
 Reference value :  9.35029e-07
 Reference value :  9.40529e-07
 Reference value :  9.47029e-07
 Reference value :  9.49500e-07
 Reference value :  9.49576e-07
 Reference value :  9.49656e-07
 Reference value :  9.49790e-07
 Reference value :  9.50101e-07
 Reference value :  9.50261e-07
 Reference value :  9.50377e-07
 Reference value :  9.50509e-07
 Reference value :  9.50612e-07
 Reference value :  9.50831e-07
 Reference value :  9.51050e-07
 Reference value :  9.51257e-07
 Reference value :  9.51456e-07
 Reference value :  9.51639e-07
 Reference value :  9.51807e-07
 Reference value :  9.52063e-07
 Reference value :  9.52483e-07
 Reference value :  9.53155e-07
 Reference value :  9.55591e-07
 Reference value :  9.61091e-07
 Reference value :  9.66091e-07
 Reference value :  9.72091e-07
 Reference value :  9.77091e-07
 Reference value :  9.82091e-07
 Reference value :  9.87591e-07
 Reference value :  9.91171e-07
 Reference value :  9.91267e-07
 Reference value :  9.91366e-07
 Reference value :  9.91579e-07
 Reference value :  9.91941e-07
 Reference value :  9.92106e-07
 Reference value :  9.92280e-07
 Reference value :  9.92450e-07
 Reference value :  9.92707e-07
 Reference value :  9.92962e-07
 Reference value :  9.93441e-07
 Reference value :  9.94027e-07
 Reference value :  9.94730e-07
 Reference value :  9.95037e-07
 Reference value :  9.95323e-07
 Reference value :  9.95874e-07
 Reference value :  9.98740e-07
 Reference value :  1.00374e-06
 Reference value :  1.00874e-06
 Reference value :  1.01424e-06
 Reference value :  1.01974e-06
 Reference value :  1.02624e-06
 Reference value :  1.03283e-06
 Reference value :  1.03289e-06
 Reference value :  1.03299e-06
 Reference value :  1.03309e-06
 Reference value :  1.03328e-06
 Reference value :  1.03349e-06
 Reference value :  1.03360e-06
 Reference value :  1.03371e-06
 Reference value :  1.03384e-06
 Reference value :  1.03402e-06
 Reference value :  1.03433e-06
 Reference value :  1.03449e-06
 Reference value :  1.03466e-06
 Reference value :  1.03495e-06
 Reference value :  1.03518e-06
 Reference value :  1.03550e-06
 Reference value :  1.03590e-06
 Reference value :  1.03686e-06
 Reference value :  1.04125e-06
 Reference value :  1.04575e-06
 Reference value :  1.05125e-06
 Reference value :  1.05625e-06
 Reference value :  1.06125e-06
 Reference value :  1.06625e-06
 Reference value :  1.07125e-06
 Reference value :  1.07452e-06
 Reference value :  1.07461e-06
 Reference value :  1.07469e-06
 Reference value :  1.07491e-06
 Reference value :  1.07522e-06
 Reference value :  1.07543e-06
 Reference value :  1.07560e-06
 Reference value :  1.07587e-06
 Reference value :  1.07609e-06
 Reference value :  1.07628e-06
 Reference value :  1.07678e-06
 Reference value :  1.07770e-06
 Reference value :  1.07813e-06
 Reference value :  1.07843e-06
 Reference value :  1.07877e-06
 Reference value :  1.07961e-06
 Reference value :  1.08340e-06
 Reference value :  1.08990e-06
 Reference value :  1.09490e-06
 Reference value :  1.10040e-06
 Reference value :  1.10740e-06
 Reference value :  1.11290e-06
 Reference value :  1.11617e-06
 Reference value :  1.11625e-06
 Reference value :  1.11636e-06
 Reference value :  1.11657e-06
 Reference value :  1.11679e-06
 Reference value :  1.11692e-06
 Reference value :  1.11703e-06
 Reference value :  1.11715e-06
 Reference value :  1.11721e-06
 Reference value :  1.11732e-06
 Reference value :  1.11744e-06
 Reference value :  1.11759e-06
 Reference value :  1.11773e-06
 Reference value :  1.11784e-06
 Reference value :  1.11803e-06
 Reference value :  1.11814e-06
 Reference value :  1.11829e-06
 Reference value :  1.11840e-06
 Reference value :  1.11851e-06
 Reference value :  1.11866e-06
 Reference value :  1.11882e-06
 Reference value :  1.11898e-06
 Reference value :  1.11924e-06
 Reference value :  1.11979e-06
 Reference value :  1.12285e-06
 Reference value :  1.12785e-06
 Reference value :  1.13285e-06
 Reference value :  1.13785e-06
 Reference value :  1.14335e-06
 Reference value :  1.14835e-06
 Reference value :  1.15335e-06
 Reference value :  1.15784e-06
 Reference value :  1.15792e-06
 Reference value :  1.15802e-06
 Reference value :  1.15814e-06
 Reference value :  1.15840e-06
 Reference value :  1.15874e-06
 Reference value :  1.15892e-06
 Reference value :  1.15913e-06
 Reference value :  1.15935e-06
 Reference value :  1.15957e-06
 Reference value :  1.15980e-06
 Reference value :  1.16000e-06
 Reference value :  1.16041e-06
 Reference value :  1.16070e-06
 Reference value :  1.16088e-06
 Reference value :  1.16118e-06
 Reference value :  1.16159e-06
 Reference value :  1.16197e-06
 Reference value :  1.16252e-06
 Reference value :  1.16412e-06
 Reference value :  1.16902e-06
 Reference value :  1.17452e-06
 Reference value :  1.17952e-06
 Reference value :  1.18452e-06
 Reference value :  1.19002e-06
 Reference value :  1.19502e-06
 Reference value :  1.19951e-06
 Reference value :  1.19961e-06
 Reference value :  1.19971e-06
 Reference value :  1.19986e-06
 Reference value :  1.20016e-06
 Reference value :  1.20029e-06
 Reference value :  1.20042e-06
 Reference value :  1.20053e-06
 Reference value :  1.20065e-06
 Reference value :  1.20089e-06
 Reference value :  1.20098e-06
 Reference value :  1.20107e-06
 Reference value :  1.20127e-06
 Reference value :  1.20151e-06
 Reference value :  1.20174e-06
 Reference value :  1.20200e-06
 Reference value :  1.20248e-06
 Reference value :  1.20340e-06
 Reference value :  1.20796e-06
 Reference value :  1.21296e-06
 Reference value :  1.21796e-06
 Reference value :  1.22396e-06
 Reference value :  1.22896e-06
 Reference value :  1.23396e-06
 Reference value :  1.23946e-06
 Reference value :  1.24120e-06
 Reference value :  1.24131e-06
 Reference value :  1.24145e-06
 Reference value :  1.24185e-06
 Reference value :  1.24209e-06
 Reference value :  1.24231e-06
 Reference value :  1.24264e-06
 Reference value :  1.24293e-06
 Reference value :  1.24334e-06
 Reference value :  1.24365e-06
 Reference value :  1.24398e-06
 Reference value :  1.24410e-06
 Reference value :  1.24425e-06
 Reference value :  1.24453e-06
 Reference value :  1.24498e-06
 Reference value :  1.24554e-06
 Reference value :  1.24767e-06
 Reference value :  1.25316e-06
 Reference value :  1.25816e-06
 Reference value :  1.26366e-06
 Reference value :  1.26866e-06
 Reference value :  1.27366e-06
 Reference value :  1.27866e-06
 Reference value :  1.28284e-06
 Reference value :  1.28293e-06
 Reference value :  1.28303e-06
 Reference value :  1.28322e-06
 Reference value :  1.28349e-06
 Reference value :  1.28360e-06
 Reference value :  1.28375e-06
 Reference value :  1.28393e-06
 Reference value :  1.28415e-06
 Reference value :  1.28430e-06
 Reference value :  1.28451e-06
 Reference value :  1.28473e-06
 Reference value :  1.28488e-06
 Reference value :  1.28501e-06
 Reference value :  1.28519e-06
 Reference value :  1.28538e-06
 Reference value :  1.28561e-06
 Reference value :  1.28591e-06
 Reference value :  1.28665e-06
 Reference value :  1.28964e-06
 Reference value :  1.29464e-06
 Reference value :  1.30014e-06
 Reference value :  1.30514e-06
 Reference value :  1.31064e-06
 Reference value :  1.31764e-06
 Reference value :  1.32364e-06
 Reference value :  1.32457e-06
 Reference value :  1.32469e-06
 Reference value :  1.32497e-06
 Reference value :  1.32532e-06
 Reference value :  1.32545e-06
 Reference value :  1.32562e-06
 Reference value :  1.32584e-06
 Reference value :  1.32606e-06
 Reference value :  1.32629e-06
 Reference value :  1.32672e-06
 Reference value :  1.32722e-06
 Reference value :  1.32759e-06
 Reference value :  1.32785e-06
 Reference value :  1.32817e-06
 Reference value :  1.32893e-06
 Reference value :  1.33171e-06
 Reference value :  1.33262e-06
 Reference value :  1.33309e-06
 Reference value :  1.33321e-06
 Reference value :  1.33338e-06
 Reference value :  1.33357e-06
 Reference value :  1.33385e-06
 Reference value :  1.33453e-06
 Reference value :  1.33674e-06
 Reference value :  1.34159e-06
 Reference value :  1.34709e-06
 Reference value :  1.35209e-06
 Reference value :  1.35709e-06
 Reference value :  1.36209e-06
 Reference value :  1.36617e-06
 Reference value :  1.36624e-06
 Reference value :  1.36635e-06
 Reference value :  1.36648e-06
 Reference value :  1.36669e-06
 Reference value :  1.36689e-06
 Reference value :  1.36694e-06
 Reference value :  1.36708e-06
 Reference value :  1.36726e-06
 Reference value :  1.36751e-06
 Reference value :  1.36769e-06
 Reference value :  1.36787e-06
 Reference value :  1.36807e-06
 Reference value :  1.36822e-06
 Reference value :  1.36838e-06
 Reference value :  1.36850e-06
 Reference value :  1.36869e-06
 Reference value :  1.36894e-06
 Reference value :  1.36923e-06
 Reference value :  1.36982e-06
 Reference value :  1.37185e-06
 Reference value :  1.37685e-06
 Reference value :  1.38335e-06
 Reference value :  1.38835e-06
 Reference value :  1.39285e-06
 Reference value :  1.39835e-06
 Reference value :  1.40335e-06
 Reference value :  1.40784e-06
 Reference value :  1.40793e-06
 Reference value :  1.40801e-06
 Reference value :  1.40818e-06
 Reference value :  1.40851e-06
 Reference value :  1.40871e-06
 Reference value :  1.40883e-06
 Reference value :  1.40898e-06
 Reference value :  1.40920e-06
 Reference value :  1.40942e-06
 Reference value :  1.40969e-06
 Reference value :  1.41003e-06
 Reference value :  1.41065e-06
 Reference value :  1.41177e-06
 Reference value :  1.41252e-06
 Reference value :  1.41409e-06
 Reference value :  1.41885e-06
 Reference value :  1.42385e-06
 Reference value :  1.42885e-06
 Reference value :  1.43385e-06
 Reference value :  1.43935e-06
 Reference value :  1.44435e-06
 Reference value :  1.44917e-06
 Reference value :  1.44956e-06
 Reference value :  1.44966e-06
 Reference value :  1.44981e-06
 Reference value :  1.44997e-06
 Reference value :  1.45020e-06
 Reference value :  1.45027e-06
 Reference value :  1.45046e-06
 Reference value :  1.45059e-06
 Reference value :  1.45083e-06
 Reference value :  1.45102e-06
 Reference value :  1.45128e-06
 Reference value :  1.45150e-06
 Reference value :  1.45177e-06
 Reference value :  1.45227e-06
 Reference value :  1.45401e-06
 Reference value :  1.45900e-06
 Reference value :  1.46450e-06
 Reference value :  1.46950e-06
 Reference value :  1.47500e-06
 Reference value :  1.48100e-06
 Reference value :  1.48600e-06
 Reference value :  1.49084e-06
 Reference value :  1.49124e-06
 Reference value :  1.49133e-06
 Reference value :  1.49151e-06
 Reference value :  1.49198e-06
 Reference value :  1.49212e-06
 Reference value :  1.49229e-06
 Reference value :  1.49251e-06
 Reference value :  1.49270e-06
 Reference value :  1.49296e-06
 Reference value :  1.49328e-06
 Reference value :  1.49422e-06
 Reference value :  1.49487e-06
 Reference value :  1.49518e-06
 Reference value :  1.49548e-06
 Reference value :  1.49651e-06
 Reference value :  1.50072e-06
 Reference value :  1.50622e-06
 Reference value :  1.51122e-06
 Reference value :  1.51622e-06
 Reference value :  1.52172e-06
 Reference value :  1.52672e-06
 Reference value :  1.53172e-06
 Reference value :  1.53288e-06
 Reference value :  1.53298e-06
 Reference value :  1.53310e-06
 Reference value :  1.53327e-06
 Reference value :  1.53357e-06
 Reference value :  1.53366e-06
 Reference value :  1.53383e-06
 Reference value :  1.53392e-06
 Reference value :  1.53416e-06
 Reference value :  1.53438e-06
 Reference value :  1.53460e-06
 Reference value :  1.53485e-06
 Reference value :  1.53519e-06
 Reference value :  1.53579e-06
 Reference value :  1.53741e-06
 Reference value :  1.54231e-06
 Reference value :  1.54731e-06
 Reference value :  1.55231e-06
 Reference value :  1.55731e-06
 Reference value :  1.56231e-06
 Reference value :  1.56731e-06
 Reference value :  1.57231e-06
 Reference value :  1.57454e-06
 Reference value :  1.57465e-06
 Reference value :  1.57484e-06
 Reference value :  1.57511e-06
 Reference value :  1.57537e-06
 Reference value :  1.57550e-06
 Reference value :  1.57567e-06
 Reference value :  1.57586e-06
 Reference value :  1.57612e-06
 Reference value :  1.57640e-06
 Reference value :  1.57697e-06
 Reference value :  1.57771e-06
 Reference value :  1.57798e-06
 Reference value :  1.57826e-06
 Reference value :  1.57868e-06
 Reference value :  1.58014e-06
 Reference value :  1.58484e-06
 Reference value :  1.58677e-06
 Reference value :  1.58786e-06
 Reference value :  1.58808e-06
 Reference value :  1.58823e-06
 Reference value :  1.58847e-06
 Reference value :  1.58872e-06
 Reference value :  1.58905e-06
 Reference value :  1.58990e-06
 Reference value :  1.59428e-06
 Reference value :  1.59928e-06
 Reference value :  1.60478e-06
 Reference value :  1.60928e-06
 Reference value :  1.61478e-06
 Reference value :  1.61621e-06
 Reference value :  1.61631e-06
 Reference value :  1.61646e-06
 Reference value :  1.61662e-06
 Reference value :  1.61690e-06
 Reference value :  1.61700e-06
 Reference value :  1.61715e-06
 Reference value :  1.61732e-06
 Reference value :  1.61758e-06
 Reference value :  1.61774e-06
 Reference value :  1.61795e-06
 Reference value :  1.61814e-06
 Reference value :  1.61830e-06
 Reference value :  1.61845e-06
 Reference value :  1.61864e-06
 Reference value :  1.61887e-06
 Reference value :  1.61924e-06
 Reference value :  1.62021e-06
 Reference value :  1.62644e-06
 Reference value :  1.63244e-06
 Reference value :  1.63744e-06
 Reference value :  1.64194e-06
 Reference value :  1.64694e-06
 Reference value :  1.65244e-06
 Reference value :  1.65694e-06
 Reference value :  1.65791e-06
 Reference value :  1.65802e-06
 Reference value :  1.65826e-06
 Reference value :  1.65869e-06
 Reference value :  1.65888e-06
 Reference value :  1.65908e-06
 Reference value :  1.65944e-06
 Reference value :  1.65992e-06
 Reference value :  1.66076e-06
 Reference value :  1.66146e-06
 Reference value :  1.66189e-06
 Reference value :  1.66291e-06
 Reference value :  1.66875e-06
 Reference value :  1.67575e-06
 Reference value :  1.68275e-06
 Reference value :  1.68569e-06
 Reference value :  1.68730e-06
 Reference value :  1.68751e-06
 Reference value :  1.68768e-06
 Reference value :  1.68790e-06
 Reference value :  1.68826e-06
 Reference value :  1.68902e-06
 Reference value :  1.69281e-06
 Reference value :  1.69881e-06
 Reference value :  1.69956e-06
 Reference value :  1.69966e-06
 Reference value :  1.69979e-06
 Reference value :  1.69994e-06
 Reference value :  1.70017e-06
 Reference value :  1.70027e-06
 Reference value :  1.70041e-06
 Reference value :  1.70065e-06
 Reference value :  1.70088e-06
 Reference value :  1.70125e-06
 Reference value :  1.70143e-06
 Reference value :  1.70167e-06
 Reference value :  1.70183e-06
 Reference value :  1.70201e-06
 Reference value :  1.70221e-06
 Reference value :  1.70256e-06
 Reference value :  1.70309e-06
 Reference value :  1.70521e-06
 Reference value :  1.71021e-06
 Reference value :  1.71521e-06
 Reference value :  1.72071e-06
 Reference value :  1.72621e-06
 Reference value :  1.73271e-06
 Reference value :  1.73821e-06
 Reference value :  1.74120e-06
 Reference value :  1.74131e-06
 Reference value :  1.74140e-06
 Reference value :  1.74162e-06
 Reference value :  1.74197e-06
 Reference value :  1.74217e-06
 Reference value :  1.74230e-06
 Reference value :  1.74253e-06
 Reference value :  1.74279e-06
 Reference value :  1.74302e-06
 Reference value :  1.74340e-06
 Reference value :  1.74429e-06
 Reference value :  1.74490e-06
 Reference value :  1.74530e-06
 Reference value :  1.74573e-06
 Reference value :  1.74707e-06
 Reference value :  1.75196e-06
 Reference value :  1.75696e-06
 Reference value :  1.76196e-06
 Reference value :  1.76696e-06
 Reference value :  1.77196e-06
 Reference value :  1.77746e-06
 Reference value :  1.78284e-06
 Reference value :  1.78293e-06
 Reference value :  1.78304e-06
 Reference value :  1.78316e-06
 Reference value :  1.78341e-06
 Reference value :  1.78358e-06
 Reference value :  1.78365e-06
 Reference value :  1.78383e-06
 Reference value :  1.78395e-06
 Reference value :  1.78417e-06
 Reference value :  1.78440e-06
 Reference value :  1.78462e-06
 Reference value :  1.78487e-06
 Reference value :  1.78515e-06
 Reference value :  1.78557e-06
 Reference value :  1.78714e-06
 Reference value :  1.79301e-06
 Reference value :  1.79901e-06
 Reference value :  1.80501e-06
 Reference value :  1.80951e-06
 Reference value :  1.81451e-06
 Reference value :  1.81951e-06
 Reference value :  1.82450e-06
 Reference value :  1.82457e-06
 Reference value :  1.82467e-06
 Reference value :  1.82480e-06
 Reference value :  1.82508e-06
 Reference value :  1.82537e-06
 Reference value :  1.82555e-06
 Reference value :  1.82569e-06
 Reference value :  1.82589e-06
 Reference value :  1.82612e-06
 Reference value :  1.82641e-06
 Reference value :  1.82676e-06
 Reference value :  1.82789e-06
 Reference value :  1.82828e-06
 Reference value :  1.82858e-06
 Reference value :  1.82896e-06
 Reference value :  1.82999e-06
 Reference value :  1.83457e-06
 Reference value :  1.83907e-06
 Reference value :  1.84407e-06
 Reference value :  1.84957e-06
 Reference value :  1.85457e-06
 Reference value :  1.85907e-06
 Reference value :  1.86018e-06
 Reference value :  1.86090e-06
 Reference value :  1.86105e-06
 Reference value :  1.86114e-06
 Reference value :  1.86133e-06
 Reference value :  1.86162e-06
 Reference value :  1.86215e-06
 Reference value :  1.86381e-06
 Reference value :  1.86619e-06
 Reference value :  1.86628e-06
 Reference value :  1.86640e-06
 Reference value :  1.86654e-06
 Reference value :  1.86679e-06
 Reference value :  1.86692e-06
 Reference value :  1.86699e-06
 Reference value :  1.86717e-06
 Reference value :  1.86735e-06
 Reference value :  1.86756e-06
 Reference value :  1.86779e-06
 Reference value :  1.86800e-06
 Reference value :  1.86823e-06
 Reference value :  1.86835e-06
 Reference value :  1.86851e-06
 Reference value :  1.86878e-06
 Reference value :  1.86910e-06
 Reference value :  1.86953e-06
 Reference value :  1.87095e-06
 Reference value :  1.87580e-06
 Reference value :  1.88130e-06
 Reference value :  1.88630e-06
 Reference value :  1.89130e-06
 Reference value :  1.89680e-06
 Reference value :  1.90180e-06
 Reference value :  1.90730e-06
 Reference value :  1.90788e-06
 Reference value :  1.90799e-06
 Reference value :  1.90813e-06
 Reference value :  1.90833e-06
 Reference value :  1.90873e-06
 Reference value :  1.90886e-06
 Reference value :  1.90903e-06
 Reference value :  1.90921e-06
 Reference value :  1.90952e-06
 Reference value :  1.90988e-06
 Reference value :  1.91034e-06
 Reference value :  1.91119e-06
 Reference value :  1.91163e-06
 Reference value :  1.91194e-06
 Reference value :  1.91236e-06
 Reference value :  1.91511e-06
 Reference value :  1.91961e-06
 Reference value :  1.92411e-06
 Reference value :  1.92961e-06
 Reference value :  1.93461e-06
 Reference value :  1.94011e-06
 Reference value :  1.94561e-06
 Reference value :  1.94711e-06
 Reference value :  1.94805e-06
 Reference value :  1.94947e-06
 Reference value :  1.94956e-06
 Reference value :  1.94964e-06
 Reference value :  1.94975e-06
 Reference value :  1.94992e-06
 Reference value :  1.95010e-06
 Reference value :  1.95020e-06
 Reference value :  1.95029e-06
 Reference value :  1.95046e-06
 Reference value :  1.95062e-06
 Reference value :  1.95081e-06
 Reference value :  1.95101e-06
 Reference value :  1.95116e-06
 Reference value :  1.95131e-06
 Reference value :  1.95151e-06
 Reference value :  1.95163e-06
 Reference value :  1.95180e-06
 Reference value :  1.95205e-06
 Reference value :  1.95228e-06
 Reference value :  1.95264e-06
 Reference value :  1.95356e-06
 Reference value :  1.95791e-06
 Reference value :  1.96391e-06
 Reference value :  1.96891e-06
 Reference value :  1.97391e-06
 Reference value :  1.97941e-06
 Reference value :  1.98441e-06
 Reference value :  1.98941e-06
 Reference value :  1.99121e-06
 Reference value :  1.99131e-06
 Reference value :  1.99148e-06
 Reference value :  1.99190e-06
 Reference value :  1.99209e-06
 Reference value :  1.99224e-06
 Reference value :  1.99241e-06
 Reference value :  1.99267e-06
 Reference value :  1.99291e-06
 Reference value :  1.99323e-06
 Reference value :  1.99391e-06
 Reference value :  1.99478e-06
 Reference value :  1.99510e-06
 Reference value :  1.99537e-06
 Reference value :  1.99619e-06
 Reference value :  2.00022e-06
 Reference value :  2.00722e-06
 Reference value :  2.01222e-06
 Reference value :  2.01722e-06
 Reference value :  2.02272e-06
 Reference value :  2.02872e-06
 Reference value :  2.03283e-06
 Reference value :  2.03290e-06
 Reference value :  2.03301e-06
 Reference value :  2.03312e-06
 Reference value :  2.03325e-06
 Reference value :  2.03351e-06
 Reference value :  2.03360e-06
 Reference value :  2.03374e-06
 Reference value :  2.03388e-06
 Reference value :  2.03412e-06
 Reference value :  2.03439e-06
 Reference value :  2.03460e-06
 Reference value :  2.03484e-06
 Reference value :  2.03509e-06
 Reference value :  2.03541e-06
 Reference value :  2.03586e-06
 Reference value :  2.03828e-06
 Reference value :  2.04578e-06
 Reference value :  2.05228e-06
 Reference value :  2.05778e-06
 Reference value :  2.06278e-06
 Reference value :  2.06878e-06
 Reference value :  2.07451e-06
 Reference value :  2.07460e-06
 Reference value :  2.07469e-06
 Reference value :  2.07489e-06
 Reference value :  2.07516e-06
 Reference value :  2.07541e-06
 Reference value :  2.07553e-06
 Reference value :  2.07574e-06
 Reference value :  2.07600e-06
 Reference value :  2.07629e-06
 Reference value :  2.07663e-06
 Reference value :  2.07737e-06
 Reference value :  2.07814e-06
 Reference value :  2.07844e-06
 Reference value :  2.07877e-06
 Reference value :  2.07932e-06
 Reference value :  2.08229e-06
 Reference value :  2.08729e-06
 Reference value :  2.09379e-06
 Reference value :  2.09879e-06
 Reference value :  2.10579e-06
 Reference value :  2.11279e-06
 Reference value :  2.11617e-06
 Reference value :  2.11629e-06
 Reference value :  2.11638e-06
 Reference value :  2.11654e-06
 Reference value :  2.11680e-06
 Reference value :  2.11690e-06
 Reference value :  2.11699e-06
 Reference value :  2.11714e-06
 Reference value :  2.11721e-06
 Reference value :  2.11736e-06
 Reference value :  2.11746e-06
 Reference value :  2.11759e-06
 Reference value :  2.11772e-06
 Reference value :  2.11780e-06
 Reference value :  2.11800e-06
 Reference value :  2.11808e-06
 Reference value :  2.11819e-06
 Reference value :  2.11829e-06
 Reference value :  2.11838e-06
 Reference value :  2.11852e-06
 Reference value :  2.11864e-06
 Reference value :  2.11879e-06
 Reference value :  2.11902e-06
 Reference value :  2.11929e-06
 Reference value :  2.11974e-06
 Reference value :  2.12235e-06
 Reference value :  2.12735e-06
 Reference value :  2.13235e-06
 Reference value :  2.13785e-06
 Reference value :  2.14285e-06
 Reference value :  2.14835e-06
 Reference value :  2.15335e-06
 Reference value :  2.15784e-06
 Reference value :  2.15792e-06
 Reference value :  2.15804e-06
 Reference value :  2.15820e-06
 Reference value :  2.15851e-06
 Reference value :  2.15872e-06
 Reference value :  2.15889e-06
 Reference value :  2.15907e-06
 Reference value :  2.15931e-06
 Reference value :  2.15952e-06
 Reference value :  2.15976e-06
 Reference value :  2.16002e-06
 Reference value :  2.16041e-06
 Reference value :  2.16086e-06
 Reference value :  2.16100e-06
 Reference value :  2.16127e-06
 Reference value :  2.16165e-06
 Reference value :  2.16213e-06
 Reference value :  2.16367e-06
 Reference value :  2.16855e-06
 Reference value :  2.17405e-06
 Reference value :  2.17905e-06
 Reference value :  2.18505e-06
 Reference value :  2.19005e-06
 Reference value :  2.19505e-06
 Reference value :  2.19951e-06
 Reference value :  2.19959e-06
 Reference value :  2.19973e-06
 Reference value :  2.19985e-06
 Reference value :  2.20016e-06
 Reference value :  2.20029e-06
 Reference value :  2.20042e-06
 Reference value :  2.20052e-06
 Reference value :  2.20064e-06
 Reference value :  2.20081e-06
 Reference value :  2.20094e-06
 Reference value :  2.20103e-06
 Reference value :  2.20120e-06
 Reference value :  2.20141e-06
 Reference value :  2.20168e-06
 Reference value :  2.20188e-06
 Reference value :  2.20212e-06
 Reference value :  2.20270e-06
 Reference value :  2.20444e-06
 Reference value :  2.20944e-06
 Reference value :  2.21494e-06
 Reference value :  2.21944e-06
 Reference value :  2.22494e-06
 Reference value :  2.22994e-06
 Reference value :  2.23494e-06
 Reference value :  2.24080e-06
 Reference value :  2.24123e-06
 Reference value :  2.24132e-06
 Reference value :  2.24146e-06
 Reference value :  2.24168e-06
 Reference value :  2.24204e-06
 Reference value :  2.24218e-06
 Reference value :  2.24237e-06
 Reference value :  2.24264e-06
 Reference value :  2.24290e-06
 Reference value :  2.24323e-06
 Reference value :  2.24336e-06
 Reference value :  2.24363e-06
 Reference value :  2.24414e-06
 Reference value :  2.24448e-06
 Reference value :  2.24465e-06
 Reference value :  2.24493e-06
 Reference value :  2.24542e-06
 Reference value :  2.24652e-06
 Reference value :  2.25108e-06
 Reference value :  2.25708e-06
 Reference value :  2.26208e-06
 Reference value :  2.26708e-06
 Reference value :  2.27258e-06
 Reference value :  2.27758e-06
 Reference value :  2.28284e-06
 Reference value :  2.28295e-06
 Reference value :  2.28308e-06
 Reference value :  2.28323e-06
 Reference value :  2.28348e-06
 Reference value :  2.28361e-06
 Reference value :  2.28376e-06
 Reference value :  2.28387e-06
 Reference value :  2.28405e-06
 Reference value :  2.28422e-06
 Reference value :  2.28441e-06
 Reference value :  2.28464e-06
 Reference value :  2.28484e-06
 Reference value :  2.28503e-06
 Reference value :  2.28521e-06
 Reference value :  2.28540e-06
 Reference value :  2.28566e-06
 Reference value :  2.28594e-06
 Reference value :  2.28665e-06
 Reference value :  2.28969e-06
 Reference value :  2.29469e-06
 Reference value :  2.30019e-06
 Reference value :  2.30519e-06
 Reference value :  2.31069e-06
 Reference value :  2.31619e-06
 Reference value :  2.32069e-06
 Reference value :  2.32452e-06
 Reference value :  2.32461e-06
 Reference value :  2.32472e-06
 Reference value :  2.32497e-06
 Reference value :  2.32537e-06
 Reference value :  2.32551e-06
 Reference value :  2.32569e-06
 Reference value :  2.32593e-06
 Reference value :  2.32612e-06
 Reference value :  2.32635e-06
 Reference value :  2.32693e-06
 Reference value :  2.32752e-06
 Reference value :  2.32783e-06
 Reference value :  2.32807e-06
 Reference value :  2.32832e-06
 Reference value :  2.32888e-06
 Reference value :  2.33239e-06
 Reference value :  2.33427e-06
 Reference value :  2.33620e-06
 Reference value :  2.33909e-06
 Reference value :  2.34393e-06
 Reference value :  2.34893e-06
 Reference value :  2.35543e-06
 Reference value :  2.36043e-06
 Reference value :  2.36580e-06
 Reference value :  2.36622e-06
 Reference value :  2.36632e-06
 Reference value :  2.36646e-06
 Reference value :  2.36666e-06
 Reference value :  2.36690e-06
 Reference value :  2.36700e-06
 Reference value :  2.36717e-06
 Reference value :  2.36725e-06
 Reference value :  2.36750e-06
 Reference value :  2.36762e-06
 Reference value :  2.36775e-06
 Reference value :  2.36793e-06
 Reference value :  2.36815e-06
 Reference value :  2.36840e-06
 Reference value :  2.36882e-06
 Reference value :  2.37016e-06
 Reference value :  2.37397e-06
 Reference value :  2.37897e-06
 Reference value :  2.38397e-06
 Reference value :  2.38947e-06
 Reference value :  2.39547e-06
 Reference value :  2.40247e-06
 Reference value :  2.40784e-06
 Reference value :  2.40794e-06
 Reference value :  2.40803e-06
 Reference value :  2.40834e-06
 Reference value :  2.40870e-06
 Reference value :  2.40883e-06
 Reference value :  2.40897e-06
 Reference value :  2.40916e-06
 Reference value :  2.40942e-06
 Reference value :  2.40969e-06
 Reference value :  2.41022e-06
 Reference value :  2.41081e-06
 Reference value :  2.41121e-06
 Reference value :  2.41172e-06
 Reference value :  2.41604e-06
 Reference value :  2.41729e-06
 Reference value :  2.41835e-06
 Reference value :  2.41858e-06
 Reference value :  2.41882e-06
 Reference value :  2.41912e-06
 Reference value :  2.41998e-06
 Reference value :  2.42487e-06
 Reference value :  2.43187e-06
 Reference value :  2.43787e-06
 Reference value :  2.44287e-06
 Reference value :  2.44837e-06
 Reference value :  2.44956e-06
 Reference value :  2.44974e-06
 Reference value :  2.45004e-06
 Reference value :  2.45023e-06
 Reference value :  2.45039e-06
 Reference value :  2.45059e-06
 Reference value :  2.45085e-06
 Reference value :  2.45104e-06
 Reference value :  2.45123e-06
 Reference value :  2.45139e-06
 Reference value :  2.45162e-06
 Reference value :  2.45177e-06
 Reference value :  2.45199e-06
 Reference value :  2.45222e-06
 Reference value :  2.45248e-06
 Reference value :  2.45327e-06
 Reference value :  2.45560e-06
 Reference value :  2.46060e-06
 Reference value :  2.46660e-06
 Reference value :  2.47160e-06
 Reference value :  2.47660e-06
 Reference value :  2.48260e-06
 Reference value :  2.48760e-06
 Reference value :  2.49119e-06
 Reference value :  2.49129e-06
 Reference value :  2.49140e-06
 Reference value :  2.49167e-06
 Reference value :  2.49207e-06
 Reference value :  2.49222e-06
 Reference value :  2.49236e-06
 Reference value :  2.49269e-06
 Reference value :  2.49295e-06
 Reference value :  2.49348e-06
 Reference value :  2.49420e-06
 Reference value :  2.49463e-06
 Reference value :  2.49486e-06
 Reference value :  2.49517e-06
 Reference value :  2.49645e-06
 Reference value :  2.49995e-06
 Reference value :  2.50147e-06
 Reference value :  2.50291e-06
 Reference value :  2.50505e-06
 Reference value :  2.50995e-06
 Reference value :  2.51495e-06
 Reference value :  2.52045e-06
 Reference value :  2.52495e-06
 Reference value :  2.53045e-06
 Reference value :  2.53287e-06
 Reference value :  2.53298e-06
 Reference value :  2.53311e-06
 Reference value :  2.53323e-06
 Reference value :  2.53357e-06
 Reference value :  2.53362e-06
 Reference value :  2.53377e-06
 Reference value :  2.53389e-06
 Reference value :  2.53407e-06
 Reference value :  2.53427e-06
 Reference value :  2.53437e-06
 Reference value :  2.53450e-06
 Reference value :  2.53473e-06
 Reference value :  2.53496e-06
 Reference value :  2.53539e-06
 Reference value :  2.53649e-06
 Reference value :  2.54178e-06
 Reference value :  2.54678e-06
 Reference value :  2.55228e-06
 Reference value :  2.55778e-06
 Reference value :  2.56278e-06
 Reference value :  2.56828e-06
 Reference value :  2.57378e-06
 Reference value :  2.57456e-06
 Reference value :  2.57468e-06
 Reference value :  2.57489e-06
 Reference value :  2.57511e-06
 Reference value :  2.57541e-06
 Reference value :  2.57555e-06
 Reference value :  2.57567e-06
 Reference value :  2.57586e-06
 Reference value :  2.57608e-06
 Reference value :  2.57635e-06
 Reference value :  2.57685e-06
 Reference value :  2.57758e-06
 Reference value :  2.57794e-06
 Reference value :  2.57818e-06
 Reference value :  2.57850e-06
 Reference value :  2.57937e-06
 Reference value :  2.58372e-06
 Reference value :  2.58482e-06
 Reference value :  2.58659e-06
 Reference value :  2.58999e-06
 Reference value :  2.59549e-06
 Reference value :  2.60049e-06
 Reference value :  2.60599e-06
 Reference value :  2.61099e-06
 Reference value :  2.61583e-06
 Reference value :  2.61624e-06
 Reference value :  2.61635e-06
 Reference value :  2.61650e-06
 Reference value :  2.61675e-06
 Reference value :  2.61688e-06
 Reference value :  2.61695e-06
 Reference value :  2.61712e-06
 Reference value :  2.61722e-06
 Reference value :  2.61744e-06
 Reference value :  2.61762e-06
 Reference value :  2.61772e-06
 Reference value :  2.61790e-06
 Reference value :  2.61815e-06
 Reference value :  2.61843e-06
 Reference value :  2.61878e-06
 Reference value :  2.61946e-06
 Reference value :  2.62347e-06
 Reference value :  2.62797e-06
 Reference value :  2.63297e-06
 Reference value :  2.63847e-06
 Reference value :  2.64297e-06
 Reference value :  2.64847e-06
 Reference value :  2.65347e-06
 Reference value :  2.65787e-06
 Reference value :  2.65799e-06
 Reference value :  2.65811e-06
 Reference value :  2.65836e-06
 Reference value :  2.65870e-06
 Reference value :  2.65884e-06
 Reference value :  2.65901e-06
 Reference value :  2.65924e-06
 Reference value :  2.65950e-06
 Reference value :  2.65986e-06
 Reference value :  2.66045e-06
 Reference value :  2.66109e-06
 Reference value :  2.66138e-06
 Reference value :  2.66166e-06
 Reference value :  2.66224e-06
 Reference value :  2.66560e-06
 Reference value :  2.66795e-06
 Reference value :  2.67116e-06
 Reference value :  2.67455e-06
 Reference value :  2.67997e-06
 Reference value :  2.68547e-06
 Reference value :  2.69097e-06
 Reference value :  2.69697e-06
 Reference value :  2.69952e-06
 Reference value :  2.69960e-06
 Reference value :  2.69973e-06
 Reference value :  2.69990e-06
 Reference value :  2.70014e-06
 Reference value :  2.70027e-06
 Reference value :  2.70039e-06
 Reference value :  2.70051e-06
 Reference value :  2.70063e-06
 Reference value :  2.70087e-06
 Reference value :  2.70100e-06
 Reference value :  2.70111e-06
 Reference value :  2.70132e-06
 Reference value :  2.70157e-06
 Reference value :  2.70187e-06
 Reference value :  2.70265e-06
 Reference value :  2.70641e-06
 Reference value :  2.71191e-06
 Reference value :  2.71841e-06
 Reference value :  2.72341e-06
 Reference value :  2.72841e-06
 Reference value :  2.73441e-06
 Reference value :  2.73991e-06
 Reference value :  2.74121e-06
 Reference value :  2.74131e-06
 Reference value :  2.74146e-06
 Reference value :  2.74171e-06
 Reference value :  2.74204e-06
 Reference value :  2.74222e-06
 Reference value :  2.74238e-06
 Reference value :  2.74268e-06
 Reference value :  2.74290e-06
 Reference value :  2.74330e-06
 Reference value :  2.74391e-06
 Reference value :  2.74439e-06
 Reference value :  2.74468e-06
 Reference value :  2.74517e-06
 Reference value :  2.74818e-06
 Reference value :  2.75037e-06
 Reference value :  2.75187e-06
 Reference value :  2.75507e-06
 Reference value :  2.75858e-06
 Reference value :  2.76356e-06
 Reference value :  2.76954e-06
 Reference value :  2.77454e-06
 Reference value :  2.77954e-06
 Reference value :  2.78290e-06
 Reference value :  2.78303e-06
 Reference value :  2.78320e-06
 Reference value :  2.78347e-06
 Reference value :  2.78357e-06
 Reference value :  2.78366e-06
 Reference value :  2.78384e-06
 Reference value :  2.78409e-06
 Reference value :  2.78430e-06
 Reference value :  2.78446e-06
 Reference value :  2.78466e-06
 Reference value :  2.78492e-06
 Reference value :  2.78542e-06
 Reference value :  2.78610e-06
 Reference value :  2.78971e-06
 Reference value :  2.79621e-06
 Reference value :  2.80121e-06
 Reference value :  2.80621e-06
 Reference value :  2.81121e-06
 Reference value :  2.81671e-06
 Reference value :  2.82121e-06
 Reference value :  2.82452e-06
 Reference value :  2.82461e-06
 Reference value :  2.82478e-06
 Reference value :  2.82501e-06
 Reference value :  2.82537e-06
 Reference value :  2.82552e-06
 Reference value :  2.82570e-06
 Reference value :  2.82597e-06
 Reference value :  2.82623e-06
 Reference value :  2.82656e-06
 Reference value :  2.82714e-06
 Reference value :  2.82768e-06
 Reference value :  2.82793e-06
 Reference value :  2.82826e-06
 Reference value :  2.82967e-06
 Reference value :  2.83319e-06
 Reference value :  2.83449e-06
 Reference value :  2.83529e-06
 Reference value :  2.83695e-06
 Reference value :  2.84117e-06
 Reference value :  2.84845e-06
 Reference value :  2.85395e-06
 Reference value :  2.85945e-06
 Reference value :  2.86545e-06
 Reference value :  2.86622e-06
 Reference value :  2.86631e-06
 Reference value :  2.86646e-06
 Reference value :  2.86665e-06
 Reference value :  2.86685e-06
 Reference value :  2.86693e-06
 Reference value :  2.86706e-06
 Reference value :  2.86726e-06
 Reference value :  2.86755e-06
 Reference value :  2.86770e-06
 Reference value :  2.86788e-06
 Reference value :  2.86817e-06
 Reference value :  2.86844e-06
 Reference value :  2.86887e-06
 Reference value :  2.87100e-06
 Reference value :  2.87800e-06
 Reference value :  2.88500e-06
 Reference value :  2.89250e-06
 Reference value :  2.89950e-06
 Reference value :  2.90650e-06
 Reference value :  2.90794e-06
 Reference value :  2.90809e-06
 Reference value :  2.90837e-06
 Reference value :  2.90871e-06
 Reference value :  2.90883e-06
 Reference value :  2.90897e-06
 Reference value :  2.90922e-06
 Reference value :  2.90945e-06
 Reference value :  2.90972e-06
 Reference value :  2.91052e-06
 Reference value :  2.91098e-06
 Reference value :  2.91123e-06
 Reference value :  2.91159e-06
 Reference value :  2.91410e-06
 Reference value :  2.91710e-06
 Reference value :  2.91884e-06
 Reference value :  2.91971e-06
 Reference value :  2.92200e-06
 Reference value :  2.92816e-06
 Reference value :  2.93366e-06
 Reference value :  2.93966e-06
 Reference value :  2.94516e-06
 Reference value :  2.94951e-06
 Reference value :  2.94963e-06
 Reference value :  2.94977e-06
 Reference value :  2.94992e-06
 Reference value :  2.95011e-06
 Reference value :  2.95023e-06
 Reference value :  2.95035e-06
 Reference value :  2.95048e-06
 Reference value :  2.95059e-06
 Reference value :  2.95077e-06
 Reference value :  2.95093e-06
 Reference value :  2.95101e-06
 Reference value :  2.95119e-06
 Reference value :  2.95142e-06
 Reference value :  2.95172e-06
 Reference value :  2.95204e-06
 Reference value :  2.95285e-06
 Reference value :  2.95753e-06
 Reference value :  2.96453e-06
 Reference value :  2.96953e-06
 Reference value :  2.97453e-06
 Reference value :  2.97953e-06
 Reference value :  2.98653e-06
 Reference value :  2.99117e-06
 Reference value :  2.99124e-06
 Reference value :  2.99134e-06
 Reference value :  2.99153e-06
 Reference value :  2.99177e-06
 Reference value :  2.99209e-06
 Reference value :  2.99228e-06
 Reference value :  2.99245e-06
 Reference value :  2.99267e-06
 Reference value :  2.99293e-06
 Reference value :  2.99337e-06
 Reference value :  2.99400e-06
 Reference value :  2.99442e-06
 Reference value :  2.99471e-06
 Reference value :  2.99625e-06
 Reference value :  3.00048e-06
 Reference value :  3.00158e-06
 Reference value :  3.00262e-06
 Reference value :  3.00321e-06
 Reference value :  3.00418e-06
 Reference value :  3.00831e-06
 Reference value :  3.01331e-06
 Reference value :  3.01831e-06
 Reference value :  3.02331e-06
 Reference value :  3.02981e-06
 Reference value :  3.03285e-06
 Reference value :  3.03292e-06
 Reference value :  3.03303e-06
 Reference value :  3.03322e-06
 Reference value :  3.03347e-06
 Reference value :  3.03361e-06
 Reference value :  3.03378e-06
 Reference value :  3.03393e-06
 Reference value :  3.03420e-06
 Reference value :  3.03449e-06
 Reference value :  3.03480e-06
 Reference value :  3.03500e-06
 Reference value :  3.03522e-06
 Reference value :  3.03566e-06
 Reference value :  3.03704e-06
 Reference value :  3.04241e-06
 Reference value :  3.04791e-06
 Reference value :  3.05291e-06
 Reference value :  3.05941e-06
 Reference value :  3.06441e-06
 Reference value :  3.06991e-06
 Reference value :  3.07450e-06
 Reference value :  3.07460e-06
 Reference value :  3.07469e-06
 Reference value :  3.07487e-06
 Reference value :  3.07529e-06
 Reference value :  3.07551e-06
 Reference value :  3.07567e-06
 Reference value :  3.07589e-06
 Reference value :  3.07614e-06
 Reference value :  3.07638e-06
 Reference value :  3.07686e-06
 Reference value :  3.07769e-06
 Reference value :  3.07796e-06
 Reference value :  3.07823e-06
 Reference value :  3.08047e-06
 Reference value :  3.08330e-06
 Reference value :  3.08519e-06
 Reference value :  3.08721e-06
 Reference value :  3.09171e-06
 Reference value :  3.09820e-06
 Reference value :  3.10370e-06
 Reference value :  3.10870e-06
 Reference value :  3.11420e-06
 Reference value :  3.11621e-06
 Reference value :  3.11633e-06
 Reference value :  3.11646e-06
 Reference value :  3.11665e-06
 Reference value :  3.11688e-06
 Reference value :  3.11694e-06
 Reference value :  3.11711e-06
 Reference value :  3.11722e-06
 Reference value :  3.11745e-06
 Reference value :  3.11760e-06
 Reference value :  3.11774e-06
 Reference value :  3.11786e-06
 Reference value :  3.11805e-06
 Reference value :  3.11815e-06
 Reference value :  3.11826e-06
 Reference value :  3.11836e-06
 Reference value :  3.11853e-06
 Reference value :  3.11866e-06
 Reference value :  3.11883e-06
 Reference value :  3.11905e-06
 Reference value :  3.11940e-06
 Reference value :  3.12024e-06
 Reference value :  3.12444e-06
 Reference value :  3.12994e-06
 Reference value :  3.13594e-06
 Reference value :  3.14294e-06
 Reference value :  3.14794e-06
 Reference value :  3.15294e-06
 Reference value :  3.15784e-06
 Reference value :  3.15795e-06
 Reference value :  3.15806e-06
 Reference value :  3.15822e-06
 Reference value :  3.15856e-06
 Reference value :  3.15883e-06
 Reference value :  3.15902e-06
 Reference value :  3.15928e-06
 Reference value :  3.15946e-06
 Reference value :  3.15969e-06
 Reference value :  3.16002e-06
 Reference value :  3.16017e-06
 Reference value :  3.16042e-06
 Reference value :  3.16085e-06
 Reference value :  3.16108e-06
 Reference value :  3.16123e-06
 Reference value :  3.16163e-06
 Reference value :  3.16258e-06
 Reference value :  3.16290e-06
 Reference value :  3.16314e-06
 Reference value :  3.16340e-06
 Reference value :  3.16397e-06
 Reference value :  3.16565e-06
 Reference value :  3.16993e-06
 Reference value :  3.17543e-06
 Reference value :  3.18193e-06
 Reference value :  3.18743e-06
 Reference value :  3.19293e-06
 Reference value :  3.19843e-06
 Reference value :  3.19957e-06
 Reference value :  3.19971e-06
 Reference value :  3.19984e-06
 Reference value :  3.20008e-06
 Reference value :  3.20027e-06
 Reference value :  3.20041e-06
 Reference value :  3.20056e-06
 Reference value :  3.20086e-06
 Reference value :  3.20105e-06
 Reference value :  3.20121e-06
 Reference value :  3.20138e-06
 Reference value :  3.20157e-06
 Reference value :  3.20178e-06
 Reference value :  3.20212e-06
 Reference value :  3.20266e-06
 Reference value :  3.20502e-06
 Reference value :  3.21097e-06
 Reference value :  3.21697e-06
 Reference value :  3.22297e-06
 Reference value :  3.22797e-06
 Reference value :  3.23397e-06
 Reference value :  3.23947e-06
 Reference value :  3.24123e-06
 Reference value :  3.24133e-06
 Reference value :  3.24152e-06
 Reference value :  3.24174e-06
 Reference value :  3.24213e-06
 Reference value :  3.24230e-06
 Reference value :  3.24251e-06
 Reference value :  3.24270e-06
 Reference value :  3.24296e-06
 Reference value :  3.24329e-06
 Reference value :  3.24349e-06
 Reference value :  3.24385e-06
 Reference value :  3.24436e-06
 Reference value :  3.24463e-06
 Reference value :  3.24515e-06
 Reference value :  3.24692e-06
 Reference value :  3.24806e-06
 Reference value :  3.24830e-06
 Reference value :  3.24848e-06
 Reference value :  3.24876e-06
 Reference value :  3.24915e-06
 Reference value :  3.25153e-06
 Reference value :  3.25702e-06
 Reference value :  3.26202e-06
 Reference value :  3.26752e-06
 Reference value :  3.27252e-06
 Reference value :  3.27802e-06
 Reference value :  3.28283e-06
 Reference value :  3.28294e-06
 Reference value :  3.28304e-06
 Reference value :  3.28321e-06
 Reference value :  3.28348e-06
 Reference value :  3.28361e-06
 Reference value :  3.28376e-06
 Reference value :  3.28387e-06
 Reference value :  3.28406e-06
 Reference value :  3.28420e-06
 Reference value :  3.28438e-06
 Reference value :  3.28454e-06
 Reference value :  3.28471e-06
 Reference value :  3.28486e-06
 Reference value :  3.28502e-06
 Reference value :  3.28513e-06
 Reference value :  3.28529e-06
 Reference value :  3.28553e-06
 Reference value :  3.28605e-06
 Reference value :  3.28675e-06
 Reference value :  3.29055e-06
 Reference value :  3.29555e-06
 Reference value :  3.30105e-06
 Reference value :  3.30655e-06
 Reference value :  3.31205e-06
 Reference value :  3.31855e-06
 Reference value :  3.32451e-06
 Reference value :  3.32468e-06
 Reference value :  3.32504e-06
 Reference value :  3.32541e-06
 Reference value :  3.32557e-06
 Reference value :  3.32577e-06
 Reference value :  3.32603e-06
 Reference value :  3.32629e-06
 Reference value :  3.32667e-06
 Reference value :  3.32684e-06
 Reference value :  3.32701e-06
 Reference value :  3.32721e-06
 Reference value :  3.32776e-06
 Reference value :  3.32867e-06
 Reference value :  3.32904e-06
 Reference value :  3.32946e-06
 Reference value :  3.33190e-06
 Reference value :  3.33689e-06
 Reference value :  3.34189e-06
 Reference value :  3.34739e-06
 Reference value :  3.35239e-06
 Reference value :  3.35739e-06
 Reference value :  3.36239e-06
 Reference value :  3.36617e-06
 Reference value :  3.36630e-06
 Reference value :  3.36646e-06
 Reference value :  3.36662e-06
 Reference value :  3.36687e-06
 Reference value :  3.36694e-06
 Reference value :  3.36709e-06
 Reference value :  3.36720e-06
 Reference value :  3.36739e-06
 Reference value :  3.36761e-06
 Reference value :  3.36766e-06
 Reference value :  3.36781e-06
 Reference value :  3.36800e-06
 Reference value :  3.36822e-06
 Reference value :  3.36851e-06
 Reference value :  3.36906e-06
 Reference value :  3.37098e-06
 Reference value :  3.37595e-06
 Reference value :  3.38195e-06
 Reference value :  3.38745e-06
 Reference value :  3.39395e-06
 Reference value :  3.39945e-06
 Reference value :  3.40495e-06
 Reference value :  3.40789e-06
 Reference value :  3.40802e-06
 Reference value :  3.40824e-06
 Reference value :  3.40864e-06
 Reference value :  3.40883e-06
 Reference value :  3.40900e-06
 Reference value :  3.40922e-06
 Reference value :  3.40957e-06
 Reference value :  3.40996e-06
 Reference value :  3.41020e-06
 Reference value :  3.41042e-06
 Reference value :  3.41146e-06
 Reference value :  3.41244e-06
 Reference value :  3.41404e-06
 Reference value :  3.42068e-06
 Reference value :  3.42718e-06
 Reference value :  3.43368e-06
 Reference value :  3.43968e-06
 Reference value :  3.44568e-06
 Reference value :  3.44953e-06
 Reference value :  3.44966e-06
 Reference value :  3.44982e-06
 Reference value :  3.45004e-06
 Reference value :  3.45023e-06
 Reference value :  3.45033e-06
 Reference value :  3.45050e-06
 Reference value :  3.45070e-06
 Reference value :  3.45089e-06
 Reference value :  3.45099e-06
 Reference value :  3.45112e-06
 Reference value :  3.45137e-06
 Reference value :  3.45176e-06
 Reference value :  3.45272e-06
 Reference value :  3.45557e-06
 Reference value :  3.46057e-06
 Reference value :  3.46557e-06
 Reference value :  3.47107e-06
 Reference value :  3.47607e-06
 Reference value :  3.48107e-06
 Reference value :  3.48607e-06
 Reference value :  3.49087e-06
 Reference value :  3.49123e-06
 Reference value :  3.49134e-06
 Reference value :  3.49151e-06
 Reference value :  3.49190e-06
 Reference value :  3.49213e-06
 Reference value :  3.49226e-06
 Reference value :  3.49245e-06
 Reference value :  3.49271e-06
 Reference value :  3.49299e-06
 Reference value :  3.49345e-06
 Reference value :  3.49367e-06
 Reference value :  3.49420e-06
 Reference value :  3.49539e-06
 Reference value :  3.49672e-06
 Reference value :  3.50314e-06
 Reference value :  3.51064e-06
 Reference value :  3.51764e-06
 Reference value :  3.52514e-06
 Reference value :  3.53214e-06
 Reference value :  3.53294e-06
 Reference value :  3.53313e-06
 Reference value :  3.53343e-06
 Reference value :  3.53357e-06
 Reference value :  3.53364e-06
 Reference value :  3.53376e-06
 Reference value :  3.53390e-06
 Reference value :  3.53407e-06
 Reference value :  3.53426e-06
 Reference value :  3.53437e-06
 Reference value :  3.53456e-06
 Reference value :  3.53483e-06
 Reference value :  3.53512e-06
 Reference value :  3.53575e-06
 Reference value :  3.53948e-06
 Reference value :  3.54448e-06
 Reference value :  3.55048e-06
 Reference value :  3.55548e-06
 Reference value :  3.56148e-06
 Reference value :  3.56698e-06
 Reference value :  3.57248e-06
 Reference value :  3.57455e-06
 Reference value :  3.57466e-06
 Reference value :  3.57480e-06
 Reference value :  3.57503e-06
 Reference value :  3.57541e-06
 Reference value :  3.57561e-06
 Reference value :  3.57584e-06
 Reference value :  3.57606e-06
 Reference value :  3.57629e-06
 Reference value :  3.57667e-06
 Reference value :  3.57685e-06
 Reference value :  3.57710e-06
 Reference value :  3.57746e-06
 Reference value :  3.57827e-06
 Reference value :  3.57903e-06
 Reference value :  3.57995e-06
 Reference value :  3.58370e-06
 Reference value :  3.58870e-06
 Reference value :  3.59370e-06
 Reference value :  3.59870e-06
 Reference value :  3.60770e-06
 Reference value :  3.61370e-06
 Reference value :  3.61620e-06
 Reference value :  3.61631e-06
 Reference value :  3.61644e-06
 Reference value :  3.61659e-06
 Reference value :  3.61681e-06
 Reference value :  3.61694e-06
 Reference value :  3.61709e-06
 Reference value :  3.61725e-06
 Reference value :  3.61762e-06
 Reference value :  3.61773e-06
 Reference value :  3.61789e-06
 Reference value :  3.61814e-06
 Reference value :  3.61834e-06
 Reference value :  3.61874e-06
 Reference value :  3.61964e-06
 Reference value :  3.62416e-06
 Reference value :  3.62966e-06
 Reference value :  3.63516e-06
 Reference value :  3.64116e-06
 Reference value :  3.64666e-06
 Reference value :  3.65216e-06
 Reference value :  3.65750e-06
 Reference value :  3.65793e-06
 Reference value :  3.65803e-06
 Reference value :  3.65828e-06
 Reference value :  3.65863e-06
 Reference value :  3.65878e-06
 Reference value :  3.65894e-06
 Reference value :  3.65911e-06
 Reference value :  3.65933e-06
 Reference value :  3.65956e-06
 Reference value :  3.65989e-06
 Reference value :  3.66015e-06
 Reference value :  3.66047e-06
 Reference value :  3.66130e-06
 Reference value :  3.66216e-06
 Reference value :  3.66246e-06
 Reference value :  3.66350e-06
 Reference value :  3.66690e-06
 Reference value :  3.67240e-06
 Reference value :  3.67790e-06
 Reference value :  3.68340e-06
 Reference value :  3.68840e-06
 Reference value :  3.69390e-06
 Reference value :  3.69920e-06
 Reference value :  3.69955e-06
 Reference value :  3.69966e-06
 Reference value :  3.69979e-06
 Reference value :  3.69995e-06
 Reference value :  3.70020e-06
 Reference value :  3.70028e-06
 Reference value :  3.70039e-06
 Reference value :  3.70053e-06
 Reference value :  3.70073e-06
 Reference value :  3.70093e-06
 Reference value :  3.70102e-06
 Reference value :  3.70121e-06
 Reference value :  3.70150e-06
 Reference value :  3.70176e-06
 Reference value :  3.70214e-06
 Reference value :  3.70295e-06
 Reference value :  3.70702e-06
 Reference value :  3.71252e-06
 Reference value :  3.71802e-06
 Reference value :  3.72352e-06
 Reference value :  3.72852e-06
 Reference value :  3.73352e-06
 Reference value :  3.73852e-06
 Reference value :  3.74119e-06
 Reference value :  3.74129e-06
 Reference value :  3.74138e-06
 Reference value :  3.74167e-06
 Reference value :  3.74203e-06
 Reference value :  3.74217e-06
 Reference value :  3.74229e-06
 Reference value :  3.74250e-06
 Reference value :  3.74272e-06
 Reference value :  3.74295e-06
 Reference value :  3.74338e-06
 Reference value :  3.74354e-06
 Reference value :  3.74389e-06
 Reference value :  3.74446e-06
 Reference value :  3.74506e-06
 Reference value :  3.74542e-06
 Reference value :  3.74569e-06
 Reference value :  3.74621e-06
 Reference value :  3.74787e-06
 Reference value :  3.75313e-06
 Reference value :  3.75913e-06
 Reference value :  3.76463e-06
 Reference value :  3.76963e-06
 Reference value :  3.77463e-06
 Reference value :  3.77963e-06
 Reference value :  3.78286e-06
 Reference value :  3.78294e-06
 Reference value :  3.78304e-06
 Reference value :  3.78321e-06
 Reference value :  3.78348e-06
 Reference value :  3.78361e-06
 Reference value :  3.78372e-06
 Reference value :  3.78383e-06
 Reference value :  3.78396e-06
 Reference value :  3.78420e-06
 Reference value :  3.78433e-06
 Reference value :  3.78452e-06
 Reference value :  3.78473e-06
 Reference value :  3.78494e-06
 Reference value :  3.78526e-06
 Reference value :  3.78578e-06
 Reference value :  3.78771e-06
 Reference value :  3.79271e-06
 Reference value :  3.79771e-06
 Reference value :  3.80271e-06
 Reference value :  3.80821e-06
 Reference value :  3.81371e-06
 Reference value :  3.81921e-06
 Reference value :  3.82410e-06
 Reference value :  3.82458e-06
 Reference value :  3.82469e-06
 Reference value :  3.82493e-06
 Reference value :  3.82525e-06
 Reference value :  3.82539e-06
 Reference value :  3.82553e-06
 Reference value :  3.82571e-06
 Reference value :  3.82596e-06
 Reference value :  3.82618e-06
 Reference value :  3.82638e-06
 Reference value :  3.82673e-06
 Reference value :  3.82688e-06
 Reference value :  3.82713e-06
 Reference value :  3.82773e-06
 Reference value :  3.82842e-06
 Reference value :  3.82907e-06
 Reference value :  3.83019e-06
 Reference value :  3.83525e-06
 Reference value :  3.84075e-06
 Reference value :  3.84625e-06
 Reference value :  3.85175e-06
 Reference value :  3.85775e-06
 Reference value :  3.86325e-06
 Reference value :  3.86620e-06
 Reference value :  3.86631e-06
 Reference value :  3.86644e-06
 Reference value :  3.86659e-06
 Reference value :  3.86681e-06
 Reference value :  3.86694e-06
 Reference value :  3.86710e-06
 Reference value :  3.86720e-06
 Reference value :  3.86737e-06
 Reference value :  3.86760e-06
 Reference value :  3.86767e-06
 Reference value :  3.86785e-06
 Reference value :  3.86815e-06
 Reference value :  3.86836e-06
 Reference value :  3.86871e-06
 Reference value :  3.86952e-06
 Reference value :  3.87349e-06
 Reference value :  3.87949e-06
 Reference value :  3.88499e-06
 Reference value :  3.88999e-06
 Reference value :  3.89549e-06
 Reference value :  3.90049e-06
 Reference value :  3.90549e-06
 Reference value :  3.90788e-06
 Reference value :  3.90797e-06
 Reference value :  3.90809e-06
 Reference value :  3.90835e-06
 Reference value :  3.90866e-06
 Reference value :  3.90880e-06
 Reference value :  3.90897e-06
 Reference value :  3.90919e-06
 Reference value :  3.90945e-06
 Reference value :  3.90972e-06
 Reference value :  3.91006e-06
 Reference value :  3.91021e-06
 Reference value :  3.91057e-06
 Reference value :  3.91100e-06
 Reference value :  3.91142e-06
 Reference value :  3.91203e-06
 Reference value :  3.91267e-06
 Reference value :  3.91332e-06
 Reference value :  3.91613e-06
 Reference value :  3.92113e-06
 Reference value :  3.92613e-06
 Reference value :  3.93113e-06
 Reference value :  3.93663e-06
 Reference value :  3.94163e-06
 Reference value :  3.94663e-06
 Reference value :  3.94953e-06
 Reference value :  3.94965e-06
 Reference value :  3.94977e-06
 Reference value :  3.94996e-06
 Reference value :  3.95010e-06
 Reference value :  3.95024e-06
 Reference value :  3.95034e-06
 Reference value :  3.95049e-06
 Reference value :  3.95059e-06
 Reference value :  3.95078e-06
 Reference value :  3.95096e-06
 Reference value :  3.95109e-06
 Reference value :  3.95134e-06
 Reference value :  3.95160e-06
 Reference value :  3.95192e-06
 Reference value :  3.95355e-06
 Reference value :  3.96326e-06
 Reference value :  3.97376e-06
 Reference value :  3.98376e-06
 Reference value :  3.99117e-06
 Reference value :  3.99128e-06
 Reference value :  3.99148e-06
 Reference value :  3.99194e-06
 Reference value :  3.99218e-06
 Reference value :  3.99246e-06
 Reference value :  3.99290e-06
 Reference value :  3.99339e-06
 Reference value :  3.99375e-06
 Reference value :  3.99448e-06
 Reference value :  3.99523e-06
 Reference value :  3.99599e-06
 Reference value :  3.99686e-06
 Reference value :  4.00442e-06
 Reference value :  4.01242e-06
 Reference value :  4.02042e-06
 Reference value :  4.02892e-06
 Reference value :  4.03290e-06
 Reference value :  4.03310e-06
 Reference value :  4.03338e-06
 Reference value :  4.03359e-06
 Reference value :  4.03381e-06
 Reference value :  4.03412e-06
 Reference value :  4.03433e-06
 Reference value :  4.03462e-06
 Reference value :  4.03500e-06
 Reference value :  4.03574e-06
 Reference value :  4.03907e-06
 Reference value :  4.04807e-06
 Reference value :  4.05557e-06
 Reference value :  4.06357e-06
 Reference value :  4.07157e-06
 Reference value :  4.07456e-06
 Reference value :  4.07469e-06
 Reference value :  4.07504e-06
 Reference value :  4.07546e-06
 Reference value :  4.07568e-06
 Reference value :  4.07610e-06
 Reference value :  4.07657e-06
 Reference value :  4.07691e-06
 Reference value :  4.07748e-06
 Reference value :  4.07789e-06
 Reference value :  4.07869e-06
 Reference value :  4.07948e-06
 Reference value :  4.08072e-06
 Reference value :  4.08534e-06
 Reference value :  4.09384e-06
 Reference value :  4.10184e-06
 Reference value :  4.10934e-06
 Reference value :  4.11619e-06
 Reference value :  4.11635e-06
 Reference value :  4.11657e-06
 Reference value :  4.11690e-06
 Reference value :  4.11713e-06
 Reference value :  4.11735e-06
 Reference value :  4.11760e-06
 Reference value :  4.11777e-06
 Reference value :  4.11799e-06
 Reference value :  4.11813e-06
 Reference value :  4.11831e-06
 Reference value :  4.11856e-06
 Reference value :  4.11886e-06
 Reference value :  4.11943e-06
 Reference value :  4.12380e-06
 Reference value :  4.13180e-06
 Reference value :  4.13980e-06
 Reference value :  4.14780e-06
 Reference value :  4.15730e-06
 Reference value :  4.15796e-06
 Reference value :  4.15811e-06
 Reference value :  4.15847e-06
 Reference value :  4.15888e-06
 Reference value :  4.15917e-06
 Reference value :  4.15957e-06
 Reference value :  4.15991e-06
 Reference value :  4.16035e-06
 Reference value :  4.16090e-06
 Reference value :  4.16121e-06
 Reference value :  4.16163e-06
 Reference value :  4.16248e-06
 Reference value :  4.16932e-06
 Reference value :  4.17732e-06
 Reference value :  4.18482e-06
 Reference value :  4.19182e-06
 Reference value :  4.19950e-06
 Reference value :  4.19966e-06
 Reference value :  4.19984e-06
 Reference value :  4.20028e-06
 Reference value :  4.20050e-06
 Reference value :  4.20077e-06
 Reference value :  4.20102e-06
 Reference value :  4.20116e-06
 Reference value :  4.20135e-06
 Reference value :  4.20163e-06
 Reference value :  4.20212e-06
 Reference value :  4.20422e-06
 Reference value :  4.20922e-06
 Reference value :  4.21422e-06
 Reference value :  4.21922e-06
 Reference value :  4.22472e-06
 Reference value :  4.23122e-06
 Reference value :  4.23672e-06
 Reference value :  4.24117e-06
 Reference value :  4.24126e-06
 Reference value :  4.24137e-06
 Reference value :  4.24162e-06
 Reference value :  4.24199e-06
 Reference value :  4.24215e-06
 Reference value :  4.24232e-06
 Reference value :  4.24253e-06
 Reference value :  4.24276e-06
 Reference value :  4.24298e-06
 Reference value :  4.24333e-06
 Reference value :  4.24370e-06
 Reference value :  4.24410e-06
 Reference value :  4.24451e-06
 Reference value :  4.24476e-06
 Reference value :  4.24521e-06
 Reference value :  4.24671e-06
 Reference value :  4.25133e-06
 Reference value :  4.25683e-06
 Reference value :  4.26233e-06
 Reference value :  4.26833e-06
 Reference value :  4.27383e-06
 Reference value :  4.27933e-06
 Reference value :  4.28285e-06
 Reference value :  4.28293e-06
 Reference value :  4.28304e-06
 Reference value :  4.28324e-06
 Reference value :  4.28348e-06
 Reference value :  4.28361e-06
 Reference value :  4.28373e-06
 Reference value :  4.28388e-06
 Reference value :  4.28400e-06
 Reference value :  4.28417e-06
 Reference value :  4.28430e-06
 Reference value :  4.28441e-06
 Reference value :  4.28458e-06
 Reference value :  4.28484e-06
 Reference value :  4.28511e-06
 Reference value :  4.28540e-06
 Reference value :  4.28593e-06
 Reference value :  4.28732e-06
 Reference value :  4.29263e-06
 Reference value :  4.29763e-06
 Reference value :  4.30313e-06
 Reference value :  4.30963e-06
 Reference value :  4.31513e-06
 Reference value :  4.32063e-06
 Reference value :  4.32453e-06
 Reference value :  4.32464e-06
 Reference value :  4.32476e-06
 Reference value :  4.32517e-06
 Reference value :  4.32542e-06
 Reference value :  4.32561e-06
 Reference value :  4.32582e-06
 Reference value :  4.32604e-06
 Reference value :  4.32630e-06
 Reference value :  4.32690e-06
 Reference value :  4.32752e-06
 Reference value :  4.32790e-06
 Reference value :  4.32818e-06
 Reference value :  4.32857e-06
 Reference value :  4.32954e-06
 Reference value :  4.33368e-06
 Reference value :  4.33439e-06
 Reference value :  4.33520e-06
 Reference value :  4.33543e-06
 Reference value :  4.33572e-06
 Reference value :  4.33647e-06
 Reference value :  4.33961e-06
 Reference value :  4.34511e-06
 Reference value :  4.35011e-06
 Reference value :  4.35561e-06
 Reference value :  4.36061e-06
 Reference value :  4.36617e-06
 Reference value :  4.36623e-06
 Reference value :  4.36634e-06
 Reference value :  4.36648e-06
 Reference value :  4.36675e-06
 Reference value :  4.36691e-06
 Reference value :  4.36700e-06
 Reference value :  4.36715e-06
 Reference value :  4.36729e-06
 Reference value :  4.36751e-06
 Reference value :  4.36764e-06
 Reference value :  4.36782e-06
 Reference value :  4.36797e-06
 Reference value :  4.36812e-06
 Reference value :  4.36837e-06
 Reference value :  4.36882e-06
 Reference value :  4.36958e-06
 Reference value :  4.37449e-06
 Reference value :  4.38049e-06
 Reference value :  4.38599e-06
 Reference value :  4.39149e-06
 Reference value :  4.39699e-06
 Reference value :  4.40299e-06
 Reference value :  4.40784e-06
 Reference value :  4.40795e-06
 Reference value :  4.40803e-06
 Reference value :  4.40828e-06
 Reference value :  4.40864e-06
 Reference value :  4.40879e-06
 Reference value :  4.40895e-06
 Reference value :  4.40917e-06
 Reference value :  4.40942e-06
 Reference value :  4.40969e-06
 Reference value :  4.41018e-06
 Reference value :  4.41083e-06
 Reference value :  4.41121e-06
 Reference value :  4.41153e-06
 Reference value :  4.41442e-06
 Reference value :  4.41666e-06
 Reference value :  4.41785e-06
 Reference value :  4.41847e-06
 Reference value :  4.41949e-06
 Reference value :  4.42384e-06
 Reference value :  4.42934e-06
 Reference value :  4.43534e-06
 Reference value :  4.44084e-06
 Reference value :  4.44634e-06
 Reference value :  4.44953e-06
 Reference value :  4.44962e-06
 Reference value :  4.44971e-06
 Reference value :  4.44988e-06
 Reference value :  4.45015e-06
 Reference value :  4.45027e-06
 Reference value :  4.45050e-06
 Reference value :  4.45076e-06
 Reference value :  4.45098e-06
 Reference value :  4.45122e-06
 Reference value :  4.45147e-06
 Reference value :  4.45176e-06
 Reference value :  4.45215e-06
 Reference value :  4.45316e-06
 Reference value :  4.45714e-06
 Reference value :  4.46264e-06
 Reference value :  4.46764e-06
 Reference value :  4.47264e-06
 Reference value :  4.47764e-06
 Reference value :  4.48314e-06
 Reference value :  4.48864e-06
 Reference value :  4.49119e-06
 Reference value :  4.49130e-06
 Reference value :  4.49142e-06
 Reference value :  4.49161e-06
 Reference value :  4.49194e-06
 Reference value :  4.49214e-06
 Reference value :  4.49235e-06
 Reference value :  4.49264e-06
 Reference value :  4.49296e-06
 Reference value :  4.49342e-06
 Reference value :  4.49416e-06
 Reference value :  4.49466e-06
 Reference value :  4.49507e-06
 Reference value :  4.49607e-06
 Reference value :  4.50010e-06
 Reference value :  4.50103e-06
 Reference value :  4.50209e-06
 Reference value :  4.50233e-06
 Reference value :  4.50261e-06
 Reference value :  4.50323e-06
 Reference value :  4.50886e-06
 Reference value :  4.51486e-06
 Reference value :  4.52036e-06
 Reference value :  4.52686e-06
 Reference value :  4.53287e-06
 Reference value :  4.53300e-06
 Reference value :  4.53315e-06
 Reference value :  4.53336e-06
 Reference value :  4.53355e-06
 Reference value :  4.53367e-06
 Reference value :  4.53383e-06
 Reference value :  4.53404e-06
 Reference value :  4.53426e-06
 Reference value :  4.53442e-06
 Reference value :  4.53459e-06
 Reference value :  4.53470e-06
 Reference value :  4.53485e-06
 Reference value :  4.53502e-06
 Reference value :  4.53524e-06
 Reference value :  4.53565e-06
 Reference value :  4.53753e-06
 Reference value :  4.54542e-06
 Reference value :  4.55142e-06
 Reference value :  4.55692e-06
 Reference value :  4.56242e-06
 Reference value :  4.56792e-06
 Reference value :  4.57342e-06
 Reference value :  4.57456e-06
 Reference value :  4.57466e-06
 Reference value :  4.57487e-06
 Reference value :  4.57512e-06
 Reference value :  4.57549e-06
 Reference value :  4.57569e-06
 Reference value :  4.57598e-06
 Reference value :  4.57619e-06
 Reference value :  4.57650e-06
 Reference value :  4.57733e-06
 Reference value :  4.57783e-06
 Reference value :  4.57808e-06
 Reference value :  4.57842e-06
 Reference value :  4.58083e-06
 Reference value :  4.58460e-06
 Reference value :  4.58558e-06
 Reference value :  4.58582e-06
 Reference value :  4.58607e-06
 Reference value :  4.58660e-06
 Reference value :  4.58801e-06
 Reference value :  4.59520e-06
 Reference value :  4.60270e-06
 Reference value :  4.61070e-06
 Reference value :  4.61619e-06
 Reference value :  4.61629e-06
 Reference value :  4.61646e-06
 Reference value :  4.61669e-06
 Reference value :  4.61688e-06
 Reference value :  4.61706e-06
 Reference value :  4.61735e-06
 Reference value :  4.61782e-06
 Reference value :  4.61798e-06
 Reference value :  4.61810e-06
 Reference value :  4.61830e-06
 Reference value :  4.61852e-06
 Reference value :  4.61894e-06
 Reference value :  4.61980e-06
 Reference value :  4.62618e-06
 Reference value :  4.63218e-06
 Reference value :  4.63768e-06
 Reference value :  4.64318e-06
 Reference value :  4.64868e-06
 Reference value :  4.65418e-06
 Reference value :  4.65785e-06
 Reference value :  4.65794e-06
 Reference value :  4.65803e-06
 Reference value :  4.65827e-06
 Reference value :  4.65863e-06
 Reference value :  4.65884e-06
 Reference value :  4.65901e-06
 Reference value :  4.65920e-06
 Reference value :  4.65943e-06
 Reference value :  4.65969e-06
 Reference value :  4.66010e-06
 Reference value :  4.66083e-06
 Reference value :  4.66127e-06
 Reference value :  4.66156e-06
 Reference value :  4.66204e-06
 Reference value :  4.66449e-06
 Reference value :  4.66685e-06
 Reference value :  4.66806e-06
 Reference value :  4.66829e-06
 Reference value :  4.66852e-06
 Reference value :  4.66889e-06
 Reference value :  4.67022e-06
 Reference value :  4.67600e-06
 Reference value :  4.68100e-06
 Reference value :  4.68600e-06
 Reference value :  4.69100e-06
 Reference value :  4.69650e-06
 Reference value :  4.69953e-06
 Reference value :  4.69964e-06
 Reference value :  4.69973e-06
 Reference value :  4.69988e-06
 Reference value :  4.70014e-06
 Reference value :  4.70024e-06
 Reference value :  4.70033e-06
 Reference value :  4.70046e-06
 Reference value :  4.70055e-06
 Reference value :  4.70080e-06
 Reference value :  4.70098e-06
 Reference value :  4.70123e-06
 Reference value :  4.70138e-06
 Reference value :  4.70157e-06
 Reference value :  4.70177e-06
 Reference value :  4.70202e-06
 Reference value :  4.70240e-06
 Reference value :  4.70345e-06
 Reference value :  4.70902e-06
 Reference value :  4.71452e-06
 Reference value :  4.72002e-06
 Reference value :  4.72552e-06
 Reference value :  4.73102e-06
 Reference value :  4.73652e-06
 Reference value :  4.74117e-06
 Reference value :  4.74127e-06
 Reference value :  4.74137e-06
 Reference value :  4.74160e-06
 Reference value :  4.74187e-06
 Reference value :  4.74214e-06
 Reference value :  4.74226e-06
 Reference value :  4.74247e-06
 Reference value :  4.74269e-06
 Reference value :  4.74296e-06
 Reference value :  4.74326e-06
 Reference value :  4.74375e-06
 Reference value :  4.74439e-06
 Reference value :  4.74470e-06
 Reference value :  4.74510e-06
 Reference value :  4.74793e-06
 Reference value :  4.74993e-06
 Reference value :  4.75138e-06
 Reference value :  4.75175e-06
 Reference value :  4.75190e-06
 Reference value :  4.75214e-06
 Reference value :  4.75245e-06
 Reference value :  4.75335e-06
 Reference value :  4.75801e-06
 Reference value :  4.76401e-06
 Reference value :  4.76951e-06
 Reference value :  4.77451e-06
 Reference value :  4.78001e-06
 Reference value :  4.78286e-06
 Reference value :  4.78298e-06
 Reference value :  4.78310e-06
 Reference value :  4.78325e-06
 Reference value :  4.78352e-06
 Reference value :  4.78360e-06
 Reference value :  4.78373e-06
 Reference value :  4.78382e-06
 Reference value :  4.78393e-06
 Reference value :  4.78415e-06
 Reference value :  4.78432e-06
 Reference value :  4.78446e-06
 Reference value :  4.78471e-06
 Reference value :  4.78489e-06
 Reference value :  4.78512e-06
 Reference value :  4.78538e-06
 Reference value :  4.78590e-06
 Reference value :  4.78802e-06
 Reference value :  4.79352e-06
 Reference value :  4.79902e-06
 Reference value :  4.80452e-06
 Reference value :  4.81002e-06
 Reference value :  4.81552e-06
 Reference value :  4.82102e-06
 Reference value :  4.82453e-06
 Reference value :  4.82463e-06
 Reference value :  4.82474e-06
 Reference value :  4.82504e-06
 Reference value :  4.82538e-06
 Reference value :  4.82553e-06
 Reference value :  4.82575e-06
 Reference value :  4.82602e-06
 Reference value :  4.82628e-06
 Reference value :  4.82667e-06
 Reference value :  4.82737e-06
 Reference value :  4.82779e-06
 Reference value :  4.82804e-06
 Reference value :  4.82855e-06
 Reference value :  4.83325e-06
 Reference value :  4.83398e-06
 Reference value :  4.83482e-06
 Reference value :  4.83511e-06
 Reference value :  4.83539e-06
 Reference value :  4.83625e-06
 Reference value :  4.84033e-06
 Reference value :  4.84583e-06
 Reference value :  4.85133e-06
 Reference value :  4.85683e-06
 Reference value :  4.86233e-06
 Reference value :  4.86620e-06
 Reference value :  4.86631e-06
 Reference value :  4.86644e-06
 Reference value :  4.86662e-06
 Reference value :  4.86685e-06
 Reference value :  4.86694e-06
 Reference value :  4.86710e-06
 Reference value :  4.86723e-06
 Reference value :  4.86744e-06
 Reference value :  4.86769e-06
 Reference value :  4.86787e-06
 Reference value :  4.86805e-06
 Reference value :  4.86828e-06
 Reference value :  4.86851e-06
 Reference value :  4.86869e-06
 Reference value :  4.86911e-06
 Reference value :  4.86977e-06
 Reference value :  4.87421e-06
 Reference value :  4.87971e-06
 Reference value :  4.88521e-06
 Reference value :  4.89071e-06
 Reference value :  4.89621e-06
 Reference value :  4.90221e-06
 Reference value :  4.90721e-06
 Reference value :  4.90789e-06
 Reference value :  4.90800e-06
 Reference value :  4.90820e-06
 Reference value :  4.90850e-06
 Reference value :  4.90881e-06
 Reference value :  4.90901e-06
 Reference value :  4.90922e-06
 Reference value :  4.90948e-06
 Reference value :  4.90977e-06
 Reference value :  4.91036e-06
 Reference value :  4.91093e-06
 Reference value :  4.91120e-06
 Reference value :  4.91145e-06
 Reference value :  4.91206e-06
 Reference value :  4.91675e-06
 Reference value :  4.91764e-06
 Reference value :  4.91901e-06
 Reference value :  4.91920e-06
 Reference value :  4.91941e-06
 Reference value :  4.91969e-06
 Reference value :  4.92011e-06
 Reference value :  4.92226e-06
 Reference value :  4.92853e-06
 Reference value :  4.93403e-06
 Reference value :  4.93903e-06
 Reference value :  4.94453e-06
 Reference value :  4.94950e-06
 Reference value :  4.94958e-06
 Reference value :  4.94967e-06
 Reference value :  4.94982e-06
 Reference value :  4.95000e-06
 Reference value :  4.95011e-06
 Reference value :  4.95023e-06
 Reference value :  4.95035e-06
 Reference value :  4.95048e-06
 Reference value :  4.95058e-06
 Reference value :  4.95081e-06
 Reference value :  4.95095e-06
 Reference value :  4.95109e-06
 Reference value :  4.95130e-06
 Reference value :  4.95150e-06
 Reference value :  4.95173e-06
 Reference value :  4.95195e-06
 Reference value :  4.95232e-06
 Reference value :  4.95311e-06
 Reference value :  4.95687e-06
 Reference value :  4.96237e-06
 Reference value :  4.96787e-06
 Reference value :  4.97387e-06
 Reference value :  4.97887e-06
 Reference value :  4.98437e-06
 Reference value :  4.98987e-06
 Reference value :  4.99123e-06
 Reference value :  4.99134e-06
 Reference value :  4.99153e-06
 Reference value :  4.99174e-06
 Reference value :  4.99209e-06
 Reference value :  4.99224e-06
 Reference value :  4.99244e-06
 Reference value :  4.99268e-06
 Reference value :  4.99294e-06
 Reference value :  4.99334e-06
 Reference value :  4.99408e-06
 Reference value :  4.99450e-06
 Reference value :  4.99483e-06
 Reference value :  4.99608e-06
 Reference value :  5.00052e-06
 Reference value :  5.00280e-06
 Reference value :  5.00352e-06
 Reference value :  5.00454e-06
 Reference value :  5.01004e-06
 Reference value :  5.01604e-06
 Reference value :  5.02154e-06
 Reference value :  5.02704e-06
 Reference value :  5.03204e-06
 Reference value :  5.03290e-06
 Reference value :  5.03300e-06
 Reference value :  5.03315e-06
 Reference value :  5.03343e-06
 Reference value :  5.03357e-06
 Reference value :  5.03367e-06
 Reference value :  5.03384e-06
 Reference value :  5.03395e-06
 Reference value :  5.03419e-06
 Reference value :  5.03439e-06
 Reference value :  5.03458e-06
 Reference value :  5.03475e-06
 Reference value :  5.03498e-06
 Reference value :  5.03526e-06
 Reference value :  5.03566e-06
 Reference value :  5.03664e-06
 Reference value :  5.04145e-06
 Reference value :  5.04695e-06
 Reference value :  5.05245e-06
 Reference value :  5.05895e-06
 Reference value :  5.06545e-06
 Reference value :  5.07195e-06
 Reference value :  5.07452e-06
 Reference value :  5.07465e-06
 Reference value :  5.07481e-06
 Reference value :  5.07506e-06
 Reference value :  5.07541e-06
 Reference value :  5.07555e-06
 Reference value :  5.07569e-06
 Reference value :  5.07597e-06
 Reference value :  5.07618e-06
 Reference value :  5.07649e-06
 Reference value :  5.07707e-06
 Reference value :  5.07768e-06
 Reference value :  5.07795e-06
 Reference value :  5.07823e-06
 Reference value :  5.07933e-06
 Reference value :  5.08379e-06
 Reference value :  5.08521e-06
 Reference value :  5.08562e-06
 Reference value :  5.08608e-06
 Reference value :  5.08801e-06
 Reference value :  5.09349e-06
 Reference value :  5.09899e-06
 Reference value :  5.10449e-06
 Reference value :  5.10949e-06
 Reference value :  5.11499e-06
 Reference value :  5.11622e-06
 Reference value :  5.11633e-06
 Reference value :  5.11648e-06
 Reference value :  5.11671e-06
 Reference value :  5.11690e-06
 Reference value :  5.11705e-06
 Reference value :  5.11716e-06
 Reference value :  5.11726e-06
 Reference value :  5.11748e-06
 Reference value :  5.11766e-06
 Reference value :  5.11780e-06
 Reference value :  5.11796e-06
 Reference value :  5.11811e-06
 Reference value :  5.11820e-06
 Reference value :  5.11831e-06
 Reference value :  5.11840e-06
 Reference value :  5.11853e-06
 Reference value :  5.11868e-06
 Reference value :  5.11881e-06
 Reference value :  5.11900e-06
 Reference value :  5.11928e-06
 Reference value :  5.12020e-06
 Reference value :  5.12388e-06
 Reference value :  5.12888e-06
 Reference value :  5.13388e-06
 Reference value :  5.13888e-06
 Reference value :  5.14388e-06
 Reference value :  5.14938e-06
 Reference value :  5.15438e-06
 Reference value :  5.15787e-06
 Reference value :  5.15797e-06
 Reference value :  5.15806e-06
 Reference value :  5.15826e-06
 Reference value :  5.15867e-06
 Reference value :  5.15883e-06
 Reference value :  5.15896e-06
 Reference value :  5.15916e-06
 Reference value :  5.15944e-06
 Reference value :  5.15969e-06
 Reference value :  5.15995e-06
 Reference value :  5.16011e-06
 Reference value :  5.16051e-06
 Reference value :  5.16073e-06
 Reference value :  5.16111e-06
 Reference value :  5.16151e-06
 Reference value :  5.16206e-06
 Reference value :  5.16386e-06
 Reference value :  5.16886e-06
 Reference value :  5.17436e-06
 Reference value :  5.17986e-06
 Reference value :  5.18486e-06
 Reference value :  5.19086e-06
 Reference value :  5.19736e-06
 Reference value :  5.19954e-06
 Reference value :  5.19967e-06
 Reference value :  5.19978e-06
 Reference value :  5.20004e-06
 Reference value :  5.20026e-06
 Reference value :  5.20037e-06
 Reference value :  5.20050e-06
 Reference value :  5.20057e-06
 Reference value :  5.20076e-06
 Reference value :  5.20097e-06
 Reference value :  5.20108e-06
 Reference value :  5.20126e-06
 Reference value :  5.20149e-06
 Reference value :  5.20174e-06
 Reference value :  5.20196e-06
 Reference value :  5.20290e-06
 Reference value :  5.20606e-06
 Reference value :  5.21206e-06
 Reference value :  5.21806e-06
 Reference value :  5.22406e-06
 Reference value :  5.23006e-06
 Reference value :  5.23606e-06
 Reference value :  5.24117e-06
 Reference value :  5.24127e-06
 Reference value :  5.24140e-06
 Reference value :  5.24171e-06
 Reference value :  5.24209e-06
 Reference value :  5.24225e-06
 Reference value :  5.24251e-06
 Reference value :  5.24276e-06
 Reference value :  5.24306e-06
 Reference value :  5.24336e-06
 Reference value :  5.24381e-06
 Reference value :  5.24404e-06
 Reference value :  5.24424e-06
 Reference value :  5.24471e-06
 Reference value :  5.24519e-06
 Reference value :  5.24602e-06
 Reference value :  5.25136e-06
 Reference value :  5.25686e-06
 Reference value :  5.26236e-06
 Reference value :  5.26786e-06
 Reference value :  5.27336e-06
 Reference value :  5.27886e-06
 Reference value :  5.28287e-06
 Reference value :  5.28298e-06
 Reference value :  5.28316e-06
 Reference value :  5.28336e-06
 Reference value :  5.28358e-06
 Reference value :  5.28367e-06
 Reference value :  5.28383e-06
 Reference value :  5.28395e-06
 Reference value :  5.28415e-06
 Reference value :  5.28433e-06
 Reference value :  5.28442e-06
 Reference value :  5.28468e-06
 Reference value :  5.28492e-06
 Reference value :  5.28510e-06
 Reference value :  5.28561e-06
 Reference value :  5.28655e-06
 Reference value :  5.29236e-06
 Reference value :  5.29886e-06
 Reference value :  5.30436e-06
 Reference value :  5.31036e-06
 Reference value :  5.31636e-06
 Reference value :  5.32236e-06
 Reference value :  5.32456e-06
 Reference value :  5.32470e-06
 Reference value :  5.32500e-06
 Reference value :  5.32541e-06
 Reference value :  5.32557e-06
 Reference value :  5.32577e-06
 Reference value :  5.32603e-06
 Reference value :  5.32632e-06
 Reference value :  5.32674e-06
 Reference value :  5.32724e-06
 Reference value :  5.32769e-06
 Reference value :  5.32799e-06
 Reference value :  5.32927e-06
 Reference value :  5.33182e-06
 Reference value :  5.33313e-06
 Reference value :  5.33367e-06
 Reference value :  5.33628e-06
 Reference value :  5.34178e-06
 Reference value :  5.34728e-06
 Reference value :  5.35278e-06
 Reference value :  5.35778e-06
 Reference value :  5.36278e-06
 Reference value :  5.36620e-06
 Reference value :  5.36631e-06
 Reference value :  5.36644e-06
 Reference value :  5.36665e-06
 Reference value :  5.36688e-06
 Reference value :  5.36700e-06
 Reference value :  5.36721e-06
 Reference value :  5.36753e-06
 Reference value :  5.36772e-06
 Reference value :  5.36800e-06
 Reference value :  5.36834e-06
 Reference value :  5.36888e-06
 Reference value :  5.37132e-06
 Reference value :  5.37832e-06
 Reference value :  5.38532e-06
 Reference value :  5.39232e-06
 Reference value :  5.39982e-06
 Reference value :  5.40682e-06
 Reference value :  5.40789e-06
 Reference value :  5.40800e-06
 Reference value :  5.40813e-06
 Reference value :  5.40841e-06
 Reference value :  5.40871e-06
 Reference value :  5.40886e-06
 Reference value :  5.40905e-06
 Reference value :  5.40934e-06
 Reference value :  5.40961e-06
 Reference value :  5.40987e-06
 Reference value :  5.41099e-06
 Reference value :  5.41200e-06
 Reference value :  5.41241e-06
 Reference value :  5.41352e-06
 Reference value :  5.41772e-06
 Reference value :  5.42272e-06
 Reference value :  5.42772e-06
 Reference value :  5.43272e-06
 Reference value :  5.43772e-06
 Reference value :  5.44272e-06
 Reference value :  5.44772e-06
 Reference value :  5.44954e-06
 Reference value :  5.44966e-06
 Reference value :  5.44979e-06
 Reference value :  5.44994e-06
 Reference value :  5.45015e-06
 Reference value :  5.45027e-06
 Reference value :  5.45046e-06
 Reference value :  5.45059e-06
 Reference value :  5.45078e-06
 Reference value :  5.45103e-06
 Reference value :  5.45130e-06
 Reference value :  5.45157e-06
 Reference value :  5.45183e-06
 Reference value :  5.45238e-06
 Reference value :  5.45435e-06
 Reference value :  5.45935e-06
 Reference value :  5.46435e-06
 Reference value :  5.46935e-06
 Reference value :  5.47435e-06
 Reference value :  5.47935e-06
 Reference value :  5.48435e-06
 Reference value :  5.48935e-06
 Reference value :  5.49121e-06
 Reference value :  5.49132e-06
 Reference value :  5.49148e-06
 Reference value :  5.49171e-06
 Reference value :  5.49204e-06
 Reference value :  5.49218e-06
 Reference value :  5.49234e-06
 Reference value :  5.49256e-06
 Reference value :  5.49280e-06
 Reference value :  5.49308e-06
 Reference value :  5.49367e-06
 Reference value :  5.49493e-06
 Reference value :  5.49550e-06
 Reference value :  5.49601e-06
 Reference value :  5.49748e-06
 Reference value :  5.50298e-06
 Reference value :  5.50948e-06
 Reference value :  5.51448e-06
 Reference value :  5.51998e-06
 Reference value :  5.52498e-06
 Reference value :  5.52998e-06
 Reference value :  5.53287e-06
 Reference value :  5.53298e-06
 Reference value :  5.53310e-06
 Reference value :  5.53324e-06
 Reference value :  5.53349e-06
 Reference value :  5.53360e-06
 Reference value :  5.53377e-06
 Reference value :  5.53396e-06
 Reference value :  5.53417e-06
 Reference value :  5.53438e-06
 Reference value :  5.53460e-06
 Reference value :  5.53488e-06
 Reference value :  5.53517e-06
 Reference value :  5.53568e-06
 Reference value :  5.53732e-06
 Reference value :  5.54282e-06
 Reference value :  5.54782e-06
 Reference value :  5.55332e-06
 Reference value :  5.55832e-06
 Reference value :  5.56332e-06
 Reference value :  5.56832e-06
 Reference value :  5.57382e-06
 Reference value :  5.57456e-06
 Reference value :  5.57467e-06
 Reference value :  5.57480e-06
 Reference value :  5.57505e-06
 Reference value :  5.57541e-06
 Reference value :  5.57555e-06
 Reference value :  5.57570e-06
 Reference value :  5.57591e-06
 Reference value :  5.57617e-06
 Reference value :  5.57645e-06
 Reference value :  5.57697e-06
 Reference value :  5.57824e-06
 Reference value :  5.57872e-06
 Reference value :  5.57927e-06
 Reference value :  5.58068e-06
 Reference value :  5.58514e-06
 Reference value :  5.59014e-06
 Reference value :  5.59514e-06
 Reference value :  5.60014e-06
 Reference value :  5.60514e-06
 Reference value :  5.61014e-06
 Reference value :  5.61514e-06
 Reference value :  5.61621e-06
 Reference value :  5.61631e-06
 Reference value :  5.61641e-06
 Reference value :  5.61655e-06
 Reference value :  5.61682e-06
 Reference value :  5.61694e-06
 Reference value :  5.61714e-06
 Reference value :  5.61736e-06
 Reference value :  5.61756e-06
 Reference value :  5.61777e-06
 Reference value :  5.61802e-06
 Reference value :  5.61826e-06
 Reference value :  5.61867e-06
 Reference value :  5.61960e-06
 Reference value :  5.62310e-06
 Reference value :  5.62810e-06
 Reference value :  5.63310e-06
 Reference value :  5.63860e-06
 Reference value :  5.64360e-06
 Reference value :  5.64860e-06
 Reference value :  5.65360e-06
 Reference value :  5.65784e-06
 Reference value :  5.65793e-06
 Reference value :  5.65802e-06
 Reference value :  5.65822e-06
 Reference value :  5.65852e-06
 Reference value :  5.65871e-06
 Reference value :  5.65886e-06
 Reference value :  5.65904e-06
 Reference value :  5.65933e-06
 Reference value :  5.65959e-06
 Reference value :  5.65992e-06
 Reference value :  5.66054e-06
 Reference value :  5.66162e-06
 Reference value :  5.66213e-06
 Reference value :  5.66309e-06
 Reference value :  5.66656e-06
 Reference value :  5.67206e-06
 Reference value :  5.67756e-06
 Reference value :  5.68256e-06
 Reference value :  5.68756e-06
 Reference value :  5.69306e-06
 Reference value :  5.69806e-06
 Reference value :  5.69956e-06
 Reference value :  5.69966e-06
 Reference value :  5.69978e-06
 Reference value :  5.69997e-06
 Reference value :  5.70020e-06
 Reference value :  5.70027e-06
 Reference value :  5.70044e-06
 Reference value :  5.70060e-06
 Reference value :  5.70087e-06
 Reference value :  5.70121e-06
 Reference value :  5.70155e-06
 Reference value :  5.70185e-06
 Reference value :  5.70284e-06
 Reference value :  5.70685e-06
 Reference value :  5.71235e-06
 Reference value :  5.71785e-06
 Reference value :  5.72335e-06
 Reference value :  5.72885e-06
 Reference value :  5.73485e-06
 Reference value :  5.73985e-06
 Reference value :  5.74123e-06
 Reference value :  5.74136e-06
 Reference value :  5.74152e-06
 Reference value :  5.74177e-06
 Reference value :  5.74209e-06
 Reference value :  5.74226e-06
 Reference value :  5.74244e-06
 Reference value :  5.74270e-06
 Reference value :  5.74296e-06
 Reference value :  5.74329e-06
 Reference value :  5.74401e-06
 Reference value :  5.74519e-06
 Reference value :  5.74613e-06
 Reference value :  5.74868e-06
 Reference value :  5.75367e-06
 Reference value :  5.75917e-06
 Reference value :  5.76417e-06
 Reference value :  5.76917e-06
 Reference value :  5.77417e-06
 Reference value :  5.77967e-06
 Reference value :  5.78286e-06
 Reference value :  5.78295e-06
 Reference value :  5.78306e-06
 Reference value :  5.78321e-06
 Reference value :  5.78344e-06
 Reference value :  5.78359e-06
 Reference value :  5.78370e-06
 Reference value :  5.78384e-06
 Reference value :  5.78409e-06
 Reference value :  5.78431e-06
 Reference value :  5.78453e-06
 Reference value :  5.78478e-06
 Reference value :  5.78507e-06
 Reference value :  5.78575e-06
 Reference value :  5.78873e-06
 Reference value :  5.79373e-06
 Reference value :  5.79873e-06
 Reference value :  5.80373e-06
 Reference value :  5.80923e-06
 Reference value :  5.81423e-06
 Reference value :  5.81973e-06
 Reference value :  5.82451e-06
 Reference value :  5.82461e-06
 Reference value :  5.82471e-06
 Reference value :  5.82496e-06
 Reference value :  5.82536e-06
 Reference value :  5.82550e-06
 Reference value :  5.82569e-06
 Reference value :  5.82595e-06
 Reference value :  5.82614e-06
 Reference value :  5.82642e-06
 Reference value :  5.82691e-06
 Reference value :  5.82810e-06
 Reference value :  5.82866e-06
 Reference value :  5.82929e-06
 Reference value :  5.83151e-06
 Reference value :  5.83701e-06
 Reference value :  5.84201e-06
 Reference value :  5.84751e-06
 Reference value :  5.85301e-06
 Reference value :  5.85801e-06
 Reference value :  5.86351e-06
 Reference value :  5.86620e-06
 Reference value :  5.86632e-06
 Reference value :  5.86645e-06
 Reference value :  5.86663e-06
 Reference value :  5.86690e-06
 Reference value :  5.86701e-06
 Reference value :  5.86718e-06
 Reference value :  5.86737e-06
 Reference value :  5.86769e-06
 Reference value :  5.86794e-06
 Reference value :  5.86821e-06
 Reference value :  5.86850e-06
 Reference value :  5.86890e-06
 Reference value :  5.87029e-06
 Reference value :  5.87555e-06
 Reference value :  5.88105e-06
 Reference value :  5.88655e-06
 Reference value :  5.89205e-06
 Reference value :  5.89755e-06
 Reference value :  5.90355e-06
 Reference value :  5.90784e-06
 Reference value :  5.90794e-06
 Reference value :  5.90805e-06
 Reference value :  5.90825e-06
 Reference value :  5.90865e-06
 Reference value :  5.90883e-06
 Reference value :  5.90901e-06
 Reference value :  5.90921e-06
 Reference value :  5.90944e-06
 Reference value :  5.90975e-06
 Reference value :  5.91024e-06
 Reference value :  5.91142e-06
 Reference value :  5.91212e-06
 Reference value :  5.91385e-06
 Reference value :  5.91883e-06
 Reference value :  5.92433e-06
 Reference value :  5.92983e-06
 Reference value :  5.93583e-06
 Reference value :  5.94133e-06
 Reference value :  5.94683e-06
 Reference value :  5.94953e-06
 Reference value :  5.94963e-06
 Reference value :  5.94974e-06
 Reference value :  5.94991e-06
 Reference value :  5.95015e-06
 Reference value :  5.95028e-06
 Reference value :  5.95050e-06
 Reference value :  5.95068e-06
 Reference value :  5.95088e-06
 Reference value :  5.95119e-06
 Reference value :  5.95147e-06
 Reference value :  5.95177e-06
 Reference value :  5.95232e-06
 Reference value :  5.95384e-06
 Reference value :  5.95934e-06
 Reference value :  5.96484e-06
 Reference value :  5.97034e-06
 Reference value :  5.97584e-06
 Reference value :  5.98134e-06
 Reference value :  5.98684e-06
 Reference value :  5.99119e-06
 Reference value :  5.99129e-06
 Reference value :  5.99142e-06
 Reference value :  5.99167e-06
 Reference value :  5.99207e-06
 Reference value :  5.99222e-06
 Reference value :  5.99244e-06
 Reference value :  5.99270e-06
 Reference value :  5.99299e-06
 Reference value :  5.99348e-06
 Reference value :  5.99484e-06
 Reference value :  5.99589e-06
 Reference value :  6.00175e-06
 Reference value :  6.00775e-06
 Reference value :  6.01325e-06
 Reference value :  6.01925e-06
 Reference value :  6.02475e-06
 Reference value :  6.03025e-06
 Reference value :  6.03286e-06
 Reference value :  6.03295e-06
 Reference value :  6.03307e-06
 Reference value :  6.03324e-06
 Reference value :  6.03348e-06
 Reference value :  6.03361e-06
 Reference value :  6.03383e-06
 Reference value :  6.03397e-06
 Reference value :  6.03427e-06
 Reference value :  6.03443e-06
 Reference value :  6.03464e-06
 Reference value :  6.03494e-06
 Reference value :  6.03519e-06
 Reference value :  6.03544e-06
 Reference value :  6.03578e-06
 Reference value :  6.03671e-06
 Reference value :  6.04091e-06
 Reference value :  6.04641e-06
 Reference value :  6.05241e-06
 Reference value :  6.05791e-06
 Reference value :  6.06391e-06
 Reference value :  6.06941e-06
 Reference value :  6.07450e-06
 Reference value :  6.07466e-06
 Reference value :  6.07488e-06
 Reference value :  6.07528e-06
 Reference value :  6.07546e-06
 Reference value :  6.07568e-06
 Reference value :  6.07599e-06
 Reference value :  6.07629e-06
 Reference value :  6.07659e-06
 Reference value :  6.07775e-06
 Reference value :  6.07894e-06
 Reference value :  6.08258e-06
 Reference value :  6.08808e-06
 Reference value :  6.09558e-06
 Reference value :  6.10158e-06
 Reference value :  6.10758e-06
 Reference value :  6.11308e-06
 Reference value :  6.11619e-06
 Reference value :  6.11628e-06
 Reference value :  6.11637e-06
 Reference value :  6.11655e-06
 Reference value :  6.11687e-06
 Reference value :  6.11697e-06
 Reference value :  6.11712e-06
 Reference value :  6.11720e-06
 Reference value :  6.11729e-06
 Reference value :  6.11741e-06
 Reference value :  6.11754e-06
 Reference value :  6.11768e-06
 Reference value :  6.11789e-06
 Reference value :  6.11809e-06
 Reference value :  6.11822e-06
 Reference value :  6.11836e-06
 Reference value :  6.11850e-06
 Reference value :  6.11863e-06
 Reference value :  6.11887e-06
 Reference value :  6.11940e-06
 Reference value :  6.12340e-06
 Reference value :  6.13190e-06
 Reference value :  6.13940e-06
 Reference value :  6.14540e-06
 Reference value :  6.15140e-06
 Reference value :  6.15690e-06
 Reference value :  6.15791e-06
 Reference value :  6.15803e-06
 Reference value :  6.15820e-06
 Reference value :  6.15870e-06
 Reference value :  6.15891e-06
 Reference value :  6.15908e-06
 Reference value :  6.15935e-06
 Reference value :  6.15963e-06
 Reference value :  6.15991e-06
 Reference value :  6.16017e-06
 Reference value :  6.16049e-06
 Reference value :  6.16075e-06
 Reference value :  6.16116e-06
 Reference value :  6.16187e-06
 Reference value :  6.16286e-06
 Reference value :  6.16745e-06
 Reference value :  6.17345e-06
 Reference value :  6.17995e-06
 Reference value :  6.18595e-06
 Reference value :  6.19195e-06
 Reference value :  6.19795e-06
 Reference value :  6.19954e-06
 Reference value :  6.19966e-06
 Reference value :  6.19979e-06
 Reference value :  6.20012e-06
 Reference value :  6.20030e-06
 Reference value :  6.20046e-06
 Reference value :  6.20055e-06
 Reference value :  6.20075e-06
 Reference value :  6.20095e-06
 Reference value :  6.20103e-06
 Reference value :  6.20119e-06
 Reference value :  6.20138e-06
 Reference value :  6.20171e-06
 Reference value :  6.20196e-06
 Reference value :  6.20260e-06
 Reference value :  6.20459e-06
 Reference value :  6.21059e-06
 Reference value :  6.21659e-06
 Reference value :  6.22259e-06
 Reference value :  6.22859e-06
 Reference value :  6.23459e-06
 Reference value :  6.24059e-06
 Reference value :  6.24123e-06
 Reference value :  6.24137e-06
 Reference value :  6.24168e-06
 Reference value :  6.24208e-06
 Reference value :  6.24226e-06
 Reference value :  6.24244e-06
 Reference value :  6.24270e-06
 Reference value :  6.24295e-06
 Reference value :  6.24337e-06
 Reference value :  6.24392e-06
 Reference value :  6.24406e-06
 Reference value :  6.24426e-06
 Reference value :  6.24464e-06
 Reference value :  6.24522e-06
 Reference value :  6.24639e-06
 Reference value :  6.25219e-06
 Reference value :  6.25819e-06
 Reference value :  6.26419e-06
 Reference value :  6.27019e-06
 Reference value :  6.27569e-06
 Reference value :  6.28169e-06
 Reference value :  6.28289e-06
 Reference value :  6.28303e-06
 Reference value :  6.28327e-06
No. of Data Rows : 30049

  Measurements for Transient Analysis

d9_c1               =  1.53824e-04
d8_c1               =  2.75847e-04
d7_c1               =  1.79966e+00
d6_c1               =  1.79966e+00
d5_c1               =  2.75917e-04
d4_c1               =  2.75955e-04
d3_c1               =  1.79966e+00
d2_c1               =  2.76086e-04
d1_c1               =  2.76222e-04
d0_c1               =  1.79965e+00
d9_c2               =  1.41318e-04
d8_c2               =  1.79964e+00
d7_c2               =  2.60678e-04
d6_c2               =  1.79964e+00
d5_c2               =  1.79964e+00
d4_c2               =  1.79964e+00
d3_c2               =  1.79964e+00
d2_c2               =  1.79964e+00
d1_c2               =  1.79964e+00
d0_c2               =  1.79964e+00
d9_c3               =  1.42244e-04
d8_c3               =  1.79964e+00
d7_c3               =  1.79964e+00
d6_c3               =  1.79964e+00
d5_c3               =  1.79964e+00
d4_c3               =  1.79964e+00
d3_c3               =  1.79964e+00
d2_c3               =  1.79964e+00
d1_c3               =  1.79964e+00
d0_c3               =  1.79964e+00
d9_c4               =  1.79979e+00
d8_c4               =  2.91298e-04
d7_c4               =  1.79967e+00
d6_c4               =  2.91292e-04
d5_c4               =  2.91287e-04
d4_c4               =  2.91280e-04
d3_c4               =  2.91269e-04
d2_c4               =  2.91250e-04
d1_c4               =  2.91211e-04
d0_c4               =  1.79967e+00
d9_c5               =  1.79985e+00
d8_c5               =  1.79967e+00
d7_c5               =  1.79967e+00
d6_c5               =  1.79967e+00
d5_c5               =  1.79967e+00
d4_c5               =  1.79967e+00
d3_c5               =  1.79967e+00
d2_c5               =  1.79967e+00
d1_c5               =  1.79967e+00
d0_c5               =  1.79967e+00
busy_c1_p0          =  1.79961e+00
smpl_c1_p0          =  2.20590e-04
busy_c1_p1          =  1.79961e+00
smpl_c1_p1          =  2.21688e-04
busy_c1_p2          =  1.79962e+00
smpl_c1_p2          =  2.19065e-04
busy_c1_p3          =  1.79961e+00
smpl_c1_p3          =  2.21643e-04
busy_c1_p4          =  1.79962e+00
smpl_c1_p4          =  2.18262e-04
busy_c1_p5          =  1.79961e+00
smpl_c1_p5          =  2.18362e-04
busy_c1_p6          =  1.79962e+00
smpl_c1_p6          =  2.22917e-04
busy_c1_p7          =  1.79962e+00
smpl_c1_p7          =  2.23077e-04
busy_c1_p8          =  1.79963e+00
smpl_c1_p8          =  2.21011e-04
busy_c1_p9          =  1.79961e+00
smpl_c1_p9          =  2.14694e-04
busy_c1_p10         =  1.79963e+00
smpl_c1_p10         =  2.23213e-04
busy_c1_p11         =  2.35159e-04
smpl_c1_p11         =  1.79994e+00
busy_c2_p0          =  1.79961e+00
smpl_c2_p0          =  2.22330e-04
busy_c2_p1          =  1.79961e+00
smpl_c2_p1          =  2.20279e-04
busy_c2_p2          =  1.79961e+00
smpl_c2_p2          =  2.17094e-04
busy_c2_p3          =  1.79962e+00
smpl_c2_p3          =  2.16073e-04
busy_c2_p4          =  1.79962e+00
smpl_c2_p4          =  2.16832e-04
busy_c2_p5          =  1.79962e+00
smpl_c2_p5          =  2.10269e-04
busy_c2_p6          =  1.79961e+00
smpl_c2_p6          =  2.21679e-04
busy_c2_p7          =  1.79962e+00
smpl_c2_p7          =  2.23551e-04
busy_c2_p8          =  1.79962e+00
smpl_c2_p8          =  2.23996e-04
busy_c2_p9          =  1.79963e+00
smpl_c2_p9          =  2.24825e-04
busy_c2_p10         =  1.79961e+00
smpl_c2_p10         =  2.18195e-04
busy_c2_p11         =  2.31020e-04
smpl_c2_p11         =  1.79994e+00
busy_c3_p0          =  1.79961e+00
smpl_c3_p0          =  2.19397e-04
busy_c3_p1          =  1.79962e+00
smpl_c3_p1          =  2.18615e-04
busy_c3_p2          =  1.79961e+00
smpl_c3_p2          =  2.18021e-04
busy_c3_p3          =  1.79962e+00
smpl_c3_p3          =  2.18668e-04
busy_c3_p4          =  1.79964e+00
smpl_c3_p4          =  2.21924e-04
busy_c3_p5          =  1.79962e+00
smpl_c3_p5          =  2.16915e-04
busy_c3_p6          =  1.79962e+00
smpl_c3_p6          =  2.16814e-04
busy_c3_p7          =  1.79962e+00
smpl_c3_p7          =  2.22137e-04
busy_c3_p8          =  1.79962e+00
smpl_c3_p8          =  2.23041e-04
busy_c3_p9          =  1.79962e+00
smpl_c3_p9          =  2.18100e-04
busy_c3_p10         =  1.79961e+00
smpl_c3_p10         =  2.20039e-04
busy_c3_p11         =  2.24444e-04
smpl_c3_p11         =  1.79994e+00
busy_c4_p0          =  1.79961e+00
smpl_c4_p0          =  2.17968e-04
busy_c4_p1          =  1.79962e+00
smpl_c4_p1          =  2.17985e-04
busy_c4_p2          =  1.79962e+00
smpl_c4_p2          =  2.17221e-04
busy_c4_p3          =  1.79963e+00
smpl_c4_p3          =  2.25850e-04
busy_c4_p4          =  1.79962e+00
smpl_c4_p4          =  2.20352e-04
busy_c4_p5          =  1.79962e+00
smpl_c4_p5          =  2.14299e-04
busy_c4_p6          =  1.79962e+00
smpl_c4_p6          =  2.18358e-04
busy_c4_p7          =  1.79961e+00
smpl_c4_p7          =  2.20248e-04
busy_c4_p8          =  1.79963e+00
smpl_c4_p8          =  2.25241e-04
busy_c4_p9          =  1.79962e+00
smpl_c4_p9          =  2.23909e-04
busy_c4_p10         =  1.79964e+00
smpl_c4_p10         =  2.25521e-04
busy_c4_p11         =  2.42451e-04
smpl_c4_p11         =  1.79994e+00
busy_c5_p0          =  1.79962e+00
smpl_c5_p0          =  2.15660e-04
busy_c5_p1          =  1.79962e+00
smpl_c5_p1          =  2.17449e-04
busy_c5_p2          =  1.79962e+00
smpl_c5_p2          =  2.22562e-04
busy_c5_p3          =  1.79962e+00
smpl_c5_p3          =  2.20743e-04
busy_c5_p4          =  1.79962e+00
smpl_c5_p4          =  2.18708e-04
busy_c5_p5          =  1.79961e+00
smpl_c5_p5          =  2.18721e-04
busy_c5_p6          =  1.79962e+00
smpl_c5_p6          =  2.20831e-04
busy_c5_p7          =  1.79961e+00
smpl_c5_p7          =  2.06220e-04
busy_c5_p8          =  1.79962e+00
smpl_c5_p8          =  2.15792e-04
busy_c5_p9          =  1.79963e+00
smpl_c5_p9          =  2.17374e-04
busy_c5_p10         =  1.79964e+00
smpl_c5_p10         =  2.16175e-04
busy_c5_p11         =  2.56697e-04
smpl_c5_p11         =  1.79994e+00
i_vdd               =  -2.11131e-06 from=  3.20000e-06 to=  4.20003e-06
i_vpwr              =  -6.48406e-06 from=  3.20000e-06 to=  4.20003e-06
i_vrefp             =  -6.49901e-06 from=  3.20000e-06 to=  4.20003e-06
i_vrefn             =  6.48691e-06 from=  3.20000e-06 to=  4.20003e-06
i_vcm               =  1.20344e-08 from=  3.20000e-06 to=  4.20003e-06
gnd_die_max         =  4.53917e-02 at=  6.11709e-06
gnd_die_min         =  -5.85177e-02 at=  6.11715e-06
vgnd_max            =  4.43496e-02 at=  6.11709e-06
vgnd_min            =  -5.97216e-02 at=  6.11714e-06
vdd_max             =  1.83323e+00 at=  6.11725e-06
vdd_min             =  1.75195e+00 at=  6.11717e-06
vpwr_max            =  1.86191e+00 at=  6.11719e-06
vpwr_min            =  1.73480e+00 at=  6.11714e-06
vdda_min            =  1.74847e+00 at=  6.11697e-06
vdda_max            =  1.87230e+00 at=  6.11724e-06
i_vgnd              =  8.66309e-06 from=  3.20000e-06 to=  4.20003e-06
i_sub               =  2.18423e-06 from=  3.20000e-06 to=  4.20003e-06


Total analysis time (seconds) = 6544.93

Total elapsed time (seconds) = 6856.820 

Total DRAM available = 98304.000 MB.
DRAM currently available = 9011.516 MB.
Maximum ngspice program size =  819.250 MB.
Current ngspice program size =   34.531 MB.

