
Note: Compatibility modes selected: hs a


Circuit: * sim/ground-return-impedance (issue #378) arm 'pkg-nopad-1k' -- reusing

option SCALE: Scale is set to 1e-06 for instance and model parameters
option SCALE: Scale is set to 1e-06 for instance and model parameters
option SCALE: Scale is set to 1e-06 for instance and model parameters
option SCALE: Scale is set to 1e-06 for instance and model parameters
Doing analysis at TEMP = 27.000000 and TNOM = 27.000000

Using KLU as Direct Linear Solver
 Reference value :  0.00000e+00
 Reference value :  4.64000e-09
 Reference value :  1.26400e-08
 Reference value :  2.00067e-08
 Reference value :  2.01270e-08
 Reference value :  2.02194e-08
 Reference value :  2.03811e-08
 Reference value :  2.05273e-08
 Reference value :  2.06847e-08
 Reference value :  2.10037e-08
 Reference value :  2.11016e-08
 Reference value :  2.11829e-08
 Reference value :  2.13150e-08
 Reference value :  2.15367e-08
 Reference value :  2.18463e-08
 Reference value :  2.29325e-08
 Reference value :  2.63781e-08
 Reference value :  3.18781e-08
 Reference value :  3.68781e-08
 Reference value :  4.23781e-08
 Reference value :  4.73781e-08
 Reference value :  5.23781e-08
 Reference value :  5.73781e-08
 Reference value :  6.23781e-08
 Reference value :  6.78781e-08
 Reference value :  7.38781e-08
 Reference value :  7.88781e-08
 Reference value :  8.48781e-08
 Reference value :  9.18781e-08
 Reference value :  9.78781e-08
 Reference value :  1.02878e-07
 Reference value :  1.07878e-07
 Reference value :  1.13378e-07
 Reference value :  1.19378e-07
 Reference value :  1.24378e-07
 Reference value :  1.29878e-07
 Reference value :  1.35378e-07
 Reference value :  1.40378e-07
 Reference value :  1.45878e-07
 Reference value :  1.50878e-07
 Reference value :  1.56378e-07
 Reference value :  1.61878e-07
 Reference value :  1.66878e-07
 Reference value :  1.72378e-07
 Reference value :  1.78378e-07
 Reference value :  1.83378e-07
 Reference value :  1.89878e-07
 Reference value :  1.96378e-07
 Reference value :  1.99515e-07
 Reference value :  1.99589e-07
 Reference value :  1.99703e-07
 Reference value :  2.00088e-07
 Reference value :  2.00279e-07
 Reference value :  2.00417e-07
 Reference value :  2.00517e-07
 Reference value :  2.00641e-07
 Reference value :  2.00814e-07
 Reference value :  2.01012e-07
 Reference value :  2.01205e-07
 Reference value :  2.01462e-07
 Reference value :  2.01700e-07
 Reference value :  2.02044e-07
 Reference value :  2.02594e-07
 Reference value :  2.06017e-07
 Reference value :  2.12517e-07
 Reference value :  2.19517e-07
 Reference value :  2.26017e-07
 Reference value :  2.32517e-07
 Reference value :  2.39017e-07
 Reference value :  2.41224e-07
 Reference value :  2.41344e-07
 Reference value :  2.41719e-07
 Reference value :  2.42170e-07
 Reference value :  2.42459e-07
 Reference value :  2.42770e-07
 Reference value :  2.43109e-07
 Reference value :  2.43261e-07
 Reference value :  2.43643e-07
 Reference value :  2.43889e-07
 Reference value :  2.44174e-07
 Reference value :  2.44625e-07
 Reference value :  2.46046e-07
 Reference value :  2.51247e-07
 Reference value :  2.57247e-07
 Reference value :  2.63747e-07
 Reference value :  2.70247e-07
 Reference value :  2.76747e-07
 Reference value :  2.82833e-07
 Reference value :  2.82906e-07
 Reference value :  2.83031e-07
 Reference value :  2.83429e-07
 Reference value :  2.83629e-07
 Reference value :  2.83769e-07
 Reference value :  2.83906e-07
 Reference value :  2.84219e-07
 Reference value :  2.84450e-07
 Reference value :  2.84742e-07
 Reference value :  2.84990e-07
 Reference value :  2.85284e-07
 Reference value :  2.85603e-07
 Reference value :  2.86213e-07
 Reference value :  2.89839e-07
 Reference value :  2.95839e-07
 Reference value :  3.02339e-07
 Reference value :  3.08339e-07
 Reference value :  3.14339e-07
 Reference value :  3.19339e-07
 Reference value :  3.24170e-07
 Reference value :  3.24558e-07
 Reference value :  3.24650e-07
 Reference value :  3.24897e-07
 Reference value :  3.25468e-07
 Reference value :  3.25600e-07
 Reference value :  3.25804e-07
 Reference value :  3.26022e-07
 Reference value :  3.26311e-07
 Reference value :  3.26805e-07
 Reference value :  3.27692e-07
 Reference value :  3.28358e-07
 Reference value :  3.29888e-07
 Reference value :  3.34426e-07
 Reference value :  3.39926e-07
 Reference value :  3.46426e-07
 Reference value :  3.52426e-07
 Reference value :  3.57426e-07
 Reference value :  3.62426e-07
 Reference value :  3.66172e-07
 Reference value :  3.66254e-07
 Reference value :  3.66347e-07
 Reference value :  3.66567e-07
 Reference value :  3.66901e-07
 Reference value :  3.67034e-07
 Reference value :  3.67167e-07
 Reference value :  3.67287e-07
 Reference value :  3.67549e-07
 Reference value :  3.67732e-07
 Reference value :  3.67969e-07
 Reference value :  3.68538e-07
 Reference value :  3.70390e-07
 Reference value :  3.75390e-07
 Reference value :  3.80390e-07
 Reference value :  3.85390e-07
 Reference value :  3.90890e-07
 Reference value :  3.96890e-07
 Reference value :  4.01890e-07
 Reference value :  4.06890e-07
 Reference value :  4.07893e-07
 Reference value :  4.07983e-07
 Reference value :  4.08228e-07
 Reference value :  4.08801e-07
 Reference value :  4.08933e-07
 Reference value :  4.09167e-07
 Reference value :  4.09419e-07
 Reference value :  4.09762e-07
 Reference value :  4.10303e-07
 Reference value :  4.10553e-07
 Reference value :  4.10806e-07
 Reference value :  4.11368e-07
 Reference value :  4.11648e-07
 Reference value :  4.11900e-07
 Reference value :  4.12083e-07
 Reference value :  4.12289e-07
 Reference value :  4.12510e-07
 Reference value :  4.12770e-07
 Reference value :  4.13141e-07
 Reference value :  4.14109e-07
 Reference value :  4.18907e-07
 Reference value :  4.25407e-07
 Reference value :  4.30907e-07
 Reference value :  4.36907e-07
 Reference value :  4.42907e-07
 Reference value :  4.48407e-07
 Reference value :  4.49553e-07
 Reference value :  4.49640e-07
 Reference value :  4.49885e-07
 Reference value :  4.50204e-07
 Reference value :  4.50288e-07
 Reference value :  4.50434e-07
 Reference value :  4.50546e-07
 Reference value :  4.50837e-07
 Reference value :  4.51083e-07
 Reference value :  4.51246e-07
 Reference value :  4.51438e-07
 Reference value :  4.51663e-07
 Reference value :  4.51923e-07
 Reference value :  4.52198e-07
 Reference value :  4.52755e-07
 Reference value :  4.55529e-07
 Reference value :  4.62029e-07
 Reference value :  4.69029e-07
 Reference value :  4.76029e-07
 Reference value :  4.83029e-07
 Reference value :  4.90529e-07
 Reference value :  4.91266e-07
 Reference value :  4.91650e-07
 Reference value :  4.92168e-07
 Reference value :  4.92388e-07
 Reference value :  4.92558e-07
 Reference value :  4.92783e-07
 Reference value :  4.93236e-07
 Reference value :  4.94254e-07
 Reference value :  4.95380e-07
 Reference value :  4.97985e-07
 Reference value :  5.02985e-07
 Reference value :  5.05414e-07
 Reference value :  5.06954e-07
 Reference value :  5.07263e-07
 Reference value :  5.07458e-07
 Reference value :  5.07661e-07
 Reference value :  5.07995e-07
 Reference value :  5.08910e-07
 Reference value :  5.12358e-07
 Reference value :  5.17358e-07
 Reference value :  5.22358e-07
 Reference value :  5.27858e-07
 Reference value :  5.32841e-07
 Reference value :  5.32913e-07
 Reference value :  5.33001e-07
 Reference value :  5.33225e-07
 Reference value :  5.33501e-07
 Reference value :  5.33640e-07
 Reference value :  5.33768e-07
 Reference value :  5.33951e-07
 Reference value :  5.34214e-07
 Reference value :  5.34434e-07
 Reference value :  5.34611e-07
 Reference value :  5.34869e-07
 Reference value :  5.35137e-07
 Reference value :  5.35386e-07
 Reference value :  5.35736e-07
 Reference value :  5.36536e-07
 Reference value :  5.41084e-07
 Reference value :  5.46584e-07
 Reference value :  5.52084e-07
 Reference value :  5.57584e-07
 Reference value :  5.63084e-07
 Reference value :  5.68584e-07
 Reference value :  5.74042e-07
 Reference value :  5.74569e-07
 Reference value :  5.74662e-07
 Reference value :  5.74937e-07
 Reference value :  5.75459e-07
 Reference value :  5.75639e-07
 Reference value :  5.75850e-07
 Reference value :  5.76102e-07
 Reference value :  5.76425e-07
 Reference value :  5.77132e-07
 Reference value :  5.78158e-07
 Reference value :  5.79584e-07
 Reference value :  5.84061e-07
 Reference value :  5.89561e-07
 Reference value :  5.94561e-07
 Reference value :  5.99561e-07
 Reference value :  6.05061e-07
 Reference value :  6.10061e-07
 Reference value :  6.15561e-07
 Reference value :  6.16220e-07
 Reference value :  6.16323e-07
 Reference value :  6.16549e-07
 Reference value :  6.16878e-07
 Reference value :  6.16989e-07
 Reference value :  6.17079e-07
 Reference value :  6.17169e-07
 Reference value :  6.17291e-07
 Reference value :  6.17487e-07
 Reference value :  6.17764e-07
 Reference value :  6.18052e-07
 Reference value :  6.18455e-07
 Reference value :  6.19664e-07
 Reference value :  6.24015e-07
 Reference value :  6.31515e-07
 Reference value :  6.37015e-07
 Reference value :  6.42015e-07
 Reference value :  6.47015e-07
 Reference value :  6.52015e-07
 Reference value :  6.57015e-07
 Reference value :  6.57900e-07
 Reference value :  6.57977e-07
 Reference value :  6.58199e-07
 Reference value :  6.58703e-07
 Reference value :  6.58859e-07
 Reference value :  6.59088e-07
 Reference value :  6.59345e-07
 Reference value :  6.59578e-07
 Reference value :  6.59950e-07
 Reference value :  6.61012e-07
 Reference value :  6.61896e-07
 Reference value :  6.64594e-07
 Reference value :  6.69896e-07
 Reference value :  6.75396e-07
 Reference value :  6.80896e-07
 Reference value :  6.85896e-07
 Reference value :  6.90396e-07
 Reference value :  6.91910e-07
 Reference value :  6.92844e-07
 Reference value :  6.93020e-07
 Reference value :  6.93246e-07
 Reference value :  6.93611e-07
 Reference value :  6.94283e-07
 Reference value :  6.98250e-07
 Reference value :  6.99535e-07
 Reference value :  6.99633e-07
 Reference value :  6.99796e-07
 Reference value :  7.00136e-07
 Reference value :  7.00267e-07
 Reference value :  7.00363e-07
 Reference value :  7.00502e-07
 Reference value :  7.00650e-07
 Reference value :  7.00847e-07
 Reference value :  7.01019e-07
 Reference value :  7.01233e-07
 Reference value :  7.01460e-07
 Reference value :  7.01694e-07
 Reference value :  7.01935e-07
 Reference value :  7.02268e-07
 Reference value :  7.02914e-07
 Reference value :  7.06438e-07
 Reference value :  7.11938e-07
 Reference value :  7.17438e-07
 Reference value :  7.22438e-07
 Reference value :  7.27938e-07
 Reference value :  7.33938e-07
 Reference value :  7.38938e-07
 Reference value :  7.41194e-07
 Reference value :  7.41269e-07
 Reference value :  7.41451e-07
 Reference value :  7.41836e-07
 Reference value :  7.42167e-07
 Reference value :  7.42395e-07
 Reference value :  7.42632e-07
 Reference value :  7.42896e-07
 Reference value :  7.43348e-07
 Reference value :  7.44219e-07
 Reference value :  7.45423e-07
 Reference value :  7.49041e-07
 Reference value :  7.54041e-07
 Reference value :  7.59041e-07
 Reference value :  7.64541e-07
 Reference value :  7.70041e-07
 Reference value :  7.76041e-07
 Reference value :  7.82833e-07
 Reference value :  7.82921e-07
 Reference value :  7.83005e-07
 Reference value :  7.83153e-07
 Reference value :  7.83481e-07
 Reference value :  7.83622e-07
 Reference value :  7.83776e-07
 Reference value :  7.83839e-07
 Reference value :  7.83972e-07
 Reference value :  7.84169e-07
 Reference value :  7.84429e-07
 Reference value :  7.84643e-07
 Reference value :  7.84976e-07
 Reference value :  7.85612e-07
 Reference value :  7.88230e-07
 Reference value :  7.93730e-07
 Reference value :  7.99230e-07
 Reference value :  8.04730e-07
 Reference value :  8.09730e-07
 Reference value :  8.14730e-07
 Reference value :  8.20230e-07
 Reference value :  8.24506e-07
 Reference value :  8.24593e-07
 Reference value :  8.24708e-07
 Reference value :  8.25080e-07
 Reference value :  8.25501e-07
 Reference value :  8.25739e-07
 Reference value :  8.26027e-07
 Reference value :  8.26302e-07
 Reference value :  8.26770e-07
 Reference value :  8.27891e-07
 Reference value :  8.28693e-07
 Reference value :  8.30183e-07
 Reference value :  8.35010e-07
 Reference value :  8.41010e-07
 Reference value :  8.46010e-07
 Reference value :  8.52010e-07
 Reference value :  8.58010e-07
 Reference value :  8.63510e-07
 Reference value :  8.66192e-07
 Reference value :  8.66278e-07
 Reference value :  8.66383e-07
 Reference value :  8.66631e-07
 Reference value :  8.66892e-07
 Reference value :  8.67024e-07
 Reference value :  8.67168e-07
 Reference value :  8.67294e-07
 Reference value :  8.67512e-07
 Reference value :  8.67681e-07
 Reference value :  8.67883e-07
 Reference value :  8.68047e-07
 Reference value :  8.68320e-07
 Reference value :  8.68559e-07
 Reference value :  8.68813e-07
 Reference value :  8.69204e-07
 Reference value :  8.70843e-07
 Reference value :  8.76343e-07
 Reference value :  8.81343e-07
 Reference value :  8.86843e-07
 Reference value :  8.92843e-07
 Reference value :  8.98343e-07
 Reference value :  9.03343e-07
 Reference value :  9.07856e-07
 Reference value :  9.07937e-07
 Reference value :  9.08055e-07
 Reference value :  9.08411e-07
 Reference value :  9.08835e-07
 Reference value :  9.09045e-07
 Reference value :  9.09329e-07
 Reference value :  9.09636e-07
 Reference value :  9.10091e-07
 Reference value :  9.11029e-07
 Reference value :  9.11839e-07
 Reference value :  9.13295e-07
 Reference value :  9.17054e-07
 Reference value :  9.22054e-07
 Reference value :  9.27054e-07
 Reference value :  9.33554e-07
 Reference value :  9.40054e-07
 Reference value :  9.44554e-07
 Reference value :  9.45855e-07
 Reference value :  9.47109e-07
 Reference value :  9.47352e-07
 Reference value :  9.47533e-07
 Reference value :  9.47830e-07
 Reference value :  9.48347e-07
 Reference value :  9.49503e-07
 Reference value :  9.49570e-07
 Reference value :  9.49648e-07
 Reference value :  9.49833e-07
 Reference value :  9.50153e-07
 Reference value :  9.50274e-07
 Reference value :  9.50376e-07
 Reference value :  9.50500e-07
 Reference value :  9.50639e-07
 Reference value :  9.50848e-07
 Reference value :  9.51010e-07
 Reference value :  9.51205e-07
 Reference value :  9.51426e-07
 Reference value :  9.51585e-07
 Reference value :  9.51818e-07
 Reference value :  9.52089e-07
 Reference value :  9.52596e-07
 Reference value :  9.55518e-07
 Reference value :  9.62518e-07
 Reference value :  9.69518e-07
 Reference value :  9.75018e-07
 Reference value :  9.80018e-07
 Reference value :  9.85018e-07
 Reference value :  9.90842e-07
 Reference value :  9.91224e-07
 Reference value :  9.91331e-07
 Reference value :  9.91606e-07
 Reference value :  9.92147e-07
 Reference value :  9.92261e-07
 Reference value :  9.92509e-07
 Reference value :  9.92768e-07
 Reference value :  9.93221e-07
 Reference value :  9.94406e-07
 Reference value :  9.95668e-07
 Reference value :  9.99902e-07
 Reference value :  1.00690e-06
 Reference value :  1.01290e-06
 Reference value :  1.01890e-06
 Reference value :  1.02540e-06
 Reference value :  1.02990e-06
 Reference value :  1.03134e-06
 Reference value :  1.03285e-06
 Reference value :  1.03293e-06
 Reference value :  1.03303e-06
 Reference value :  1.03322e-06
 Reference value :  1.03356e-06
 Reference value :  1.03370e-06
 Reference value :  1.03385e-06
 Reference value :  1.03402e-06
 Reference value :  1.03417e-06
 Reference value :  1.03438e-06
 Reference value :  1.03463e-06
 Reference value :  1.03490e-06
 Reference value :  1.03516e-06
 Reference value :  1.03561e-06
 Reference value :  1.03719e-06
 Reference value :  1.04308e-06
 Reference value :  1.04858e-06
 Reference value :  1.05508e-06
 Reference value :  1.06058e-06
 Reference value :  1.06558e-06
 Reference value :  1.07208e-06
 Reference value :  1.07455e-06
 Reference value :  1.07464e-06
 Reference value :  1.07493e-06
 Reference value :  1.07535e-06
 Reference value :  1.07557e-06
 Reference value :  1.07578e-06
 Reference value :  1.07604e-06
 Reference value :  1.07632e-06
 Reference value :  1.07687e-06
 Reference value :  1.07781e-06
 Reference value :  1.07936e-06
 Reference value :  1.08343e-06
 Reference value :  1.08943e-06
 Reference value :  1.09693e-06
 Reference value :  1.10243e-06
 Reference value :  1.10843e-06
 Reference value :  1.11493e-06
 Reference value :  1.11624e-06
 Reference value :  1.11633e-06
 Reference value :  1.11650e-06
 Reference value :  1.11689e-06
 Reference value :  1.11699e-06
 Reference value :  1.11706e-06
 Reference value :  1.11712e-06
 Reference value :  1.11717e-06
 Reference value :  1.11727e-06
 Reference value :  1.11737e-06
 Reference value :  1.11746e-06
 Reference value :  1.11759e-06
 Reference value :  1.11781e-06
 Reference value :  1.11799e-06
 Reference value :  1.11810e-06
 Reference value :  1.11824e-06
 Reference value :  1.11836e-06
 Reference value :  1.11851e-06
 Reference value :  1.11873e-06
 Reference value :  1.11908e-06
 Reference value :  1.12303e-06
 Reference value :  1.12803e-06
 Reference value :  1.13303e-06
 Reference value :  1.13853e-06
 Reference value :  1.14353e-06
 Reference value :  1.14853e-06
 Reference value :  1.15403e-06
 Reference value :  1.15784e-06
 Reference value :  1.15793e-06
 Reference value :  1.15805e-06
 Reference value :  1.15834e-06
 Reference value :  1.15859e-06
 Reference value :  1.15881e-06
 Reference value :  1.15897e-06
 Reference value :  1.15913e-06
 Reference value :  1.15936e-06
 Reference value :  1.15963e-06
 Reference value :  1.15985e-06
 Reference value :  1.16004e-06
 Reference value :  1.16050e-06
 Reference value :  1.16071e-06
 Reference value :  1.16091e-06
 Reference value :  1.16117e-06
 Reference value :  1.16183e-06
 Reference value :  1.16537e-06
 Reference value :  1.17037e-06
 Reference value :  1.17587e-06
 Reference value :  1.18087e-06
 Reference value :  1.18637e-06
 Reference value :  1.19287e-06
 Reference value :  1.19787e-06
 Reference value :  1.19954e-06
 Reference value :  1.19963e-06
 Reference value :  1.19980e-06
 Reference value :  1.20015e-06
 Reference value :  1.20029e-06
 Reference value :  1.20047e-06
 Reference value :  1.20054e-06
 Reference value :  1.20065e-06
 Reference value :  1.20081e-06
 Reference value :  1.20099e-06
 Reference value :  1.20122e-06
 Reference value :  1.20146e-06
 Reference value :  1.20173e-06
 Reference value :  1.20194e-06
 Reference value :  1.20233e-06
 Reference value :  1.20308e-06
 Reference value :  1.20685e-06
 Reference value :  1.21235e-06
 Reference value :  1.21735e-06
 Reference value :  1.22335e-06
 Reference value :  1.22835e-06
 Reference value :  1.23385e-06
 Reference value :  1.23985e-06
 Reference value :  1.24122e-06
 Reference value :  1.24130e-06
 Reference value :  1.24154e-06
 Reference value :  1.24195e-06
 Reference value :  1.24217e-06
 Reference value :  1.24237e-06
 Reference value :  1.24255e-06
 Reference value :  1.24286e-06
 Reference value :  1.24314e-06
 Reference value :  1.24340e-06
 Reference value :  1.24373e-06
 Reference value :  1.24401e-06
 Reference value :  1.24432e-06
 Reference value :  1.24481e-06
 Reference value :  1.24546e-06
 Reference value :  1.24836e-06
 Reference value :  1.25386e-06
 Reference value :  1.25936e-06
 Reference value :  1.26436e-06
 Reference value :  1.26986e-06
 Reference value :  1.27536e-06
 Reference value :  1.28086e-06
 Reference value :  1.28289e-06
 Reference value :  1.28298e-06
 Reference value :  1.28317e-06
 Reference value :  1.28350e-06
 Reference value :  1.28362e-06
 Reference value :  1.28377e-06
 Reference value :  1.28389e-06
 Reference value :  1.28411e-06
 Reference value :  1.28428e-06
 Reference value :  1.28449e-06
 Reference value :  1.28472e-06
 Reference value :  1.28493e-06
 Reference value :  1.28514e-06
 Reference value :  1.28534e-06
 Reference value :  1.28564e-06
 Reference value :  1.28617e-06
 Reference value :  1.28840e-06
 Reference value :  1.29440e-06
 Reference value :  1.29990e-06
 Reference value :  1.30540e-06
 Reference value :  1.31090e-06
 Reference value :  1.31640e-06
 Reference value :  1.32190e-06
 Reference value :  1.32452e-06
 Reference value :  1.32460e-06
 Reference value :  1.32476e-06
 Reference value :  1.32521e-06
 Reference value :  1.32542e-06
 Reference value :  1.32563e-06
 Reference value :  1.32594e-06
 Reference value :  1.32621e-06
 Reference value :  1.32670e-06
 Reference value :  1.32736e-06
 Reference value :  1.32783e-06
 Reference value :  1.32837e-06
 Reference value :  1.33031e-06
 Reference value :  1.33270e-06
 Reference value :  1.33439e-06
 Reference value :  1.33471e-06
 Reference value :  1.33493e-06
 Reference value :  1.33515e-06
 Reference value :  1.33549e-06
 Reference value :  1.33646e-06
 Reference value :  1.34055e-06
 Reference value :  1.34555e-06
 Reference value :  1.35105e-06
 Reference value :  1.35605e-06
 Reference value :  1.36155e-06
 Reference value :  1.36617e-06
 Reference value :  1.36627e-06
 Reference value :  1.36643e-06
 Reference value :  1.36682e-06
 Reference value :  1.36697e-06
 Reference value :  1.36710e-06
 Reference value :  1.36720e-06
 Reference value :  1.36752e-06
 Reference value :  1.36770e-06
 Reference value :  1.36777e-06
 Reference value :  1.36795e-06
 Reference value :  1.36815e-06
 Reference value :  1.36832e-06
 Reference value :  1.36858e-06
 Reference value :  1.36882e-06
 Reference value :  1.36919e-06
 Reference value :  1.37019e-06
 Reference value :  1.37514e-06
 Reference value :  1.38064e-06
 Reference value :  1.38614e-06
 Reference value :  1.39214e-06
 Reference value :  1.39764e-06
 Reference value :  1.40264e-06
 Reference value :  1.40783e-06
 Reference value :  1.40790e-06
 Reference value :  1.40805e-06
 Reference value :  1.40844e-06
 Reference value :  1.40867e-06
 Reference value :  1.40892e-06
 Reference value :  1.40909e-06
 Reference value :  1.40935e-06
 Reference value :  1.40956e-06
 Reference value :  1.40996e-06
 Reference value :  1.41081e-06
 Reference value :  1.41181e-06
 Reference value :  1.41500e-06
 Reference value :  1.42000e-06
 Reference value :  1.42550e-06
 Reference value :  1.43050e-06
 Reference value :  1.43600e-06
 Reference value :  1.44150e-06
 Reference value :  1.44650e-06
 Reference value :  1.44954e-06
 Reference value :  1.44963e-06
 Reference value :  1.44979e-06
 Reference value :  1.45021e-06
 Reference value :  1.45037e-06
 Reference value :  1.45049e-06
 Reference value :  1.45060e-06
 Reference value :  1.45079e-06
 Reference value :  1.45101e-06
 Reference value :  1.45129e-06
 Reference value :  1.45162e-06
 Reference value :  1.45215e-06
 Reference value :  1.45521e-06
 Reference value :  1.46121e-06
 Reference value :  1.46671e-06
 Reference value :  1.47321e-06
 Reference value :  1.48021e-06
 Reference value :  1.48771e-06
 Reference value :  1.49123e-06
 Reference value :  1.49138e-06
 Reference value :  1.49213e-06
 Reference value :  1.49243e-06
 Reference value :  1.49280e-06
 Reference value :  1.49326e-06
 Reference value :  1.49406e-06
 Reference value :  1.49511e-06
 Reference value :  1.49638e-06
 Reference value :  1.50188e-06
 Reference value :  1.50738e-06
 Reference value :  1.51388e-06
 Reference value :  1.51938e-06
 Reference value :  1.52488e-06
 Reference value :  1.53088e-06
 Reference value :  1.53289e-06
 Reference value :  1.53298e-06
 Reference value :  1.53317e-06
 Reference value :  1.53355e-06
 Reference value :  1.53363e-06
 Reference value :  1.53379e-06
 Reference value :  1.53389e-06
 Reference value :  1.53417e-06
 Reference value :  1.53443e-06
 Reference value :  1.53472e-06
 Reference value :  1.53509e-06
 Reference value :  1.53573e-06
 Reference value :  1.54055e-06
 Reference value :  1.54705e-06
 Reference value :  1.55255e-06
 Reference value :  1.55755e-06
 Reference value :  1.56305e-06
 Reference value :  1.56855e-06
 Reference value :  1.57403e-06
 Reference value :  1.57457e-06
 Reference value :  1.57468e-06
 Reference value :  1.57500e-06
 Reference value :  1.57547e-06
 Reference value :  1.57560e-06
 Reference value :  1.57591e-06
 Reference value :  1.57614e-06
 Reference value :  1.57655e-06
 Reference value :  1.57748e-06
 Reference value :  1.57829e-06
 Reference value :  1.57974e-06
 Reference value :  1.58446e-06
 Reference value :  1.58896e-06
 Reference value :  1.59026e-06
 Reference value :  1.59167e-06
 Reference value :  1.59192e-06
 Reference value :  1.59213e-06
 Reference value :  1.59253e-06
 Reference value :  1.59337e-06
 Reference value :  1.59665e-06
 Reference value :  1.60215e-06
 Reference value :  1.60765e-06
 Reference value :  1.61315e-06
 Reference value :  1.61619e-06
 Reference value :  1.61627e-06
 Reference value :  1.61640e-06
 Reference value :  1.61672e-06
 Reference value :  1.61687e-06
 Reference value :  1.61700e-06
 Reference value :  1.61713e-06
 Reference value :  1.61726e-06
 Reference value :  1.61752e-06
 Reference value :  1.61767e-06
 Reference value :  1.61781e-06
 Reference value :  1.61808e-06
 Reference value :  1.61823e-06
 Reference value :  1.61841e-06
 Reference value :  1.61864e-06
 Reference value :  1.61890e-06
 Reference value :  1.61953e-06
 Reference value :  1.62268e-06
 Reference value :  1.62768e-06
 Reference value :  1.63268e-06
 Reference value :  1.63868e-06
 Reference value :  1.64368e-06
 Reference value :  1.64918e-06
 Reference value :  1.65418e-06
 Reference value :  1.65784e-06
 Reference value :  1.65792e-06
 Reference value :  1.65808e-06
 Reference value :  1.65867e-06
 Reference value :  1.65884e-06
 Reference value :  1.65906e-06
 Reference value :  1.65930e-06
 Reference value :  1.65959e-06
 Reference value :  1.66001e-06
 Reference value :  1.66074e-06
 Reference value :  1.66156e-06
 Reference value :  1.66255e-06
 Reference value :  1.66577e-06
 Reference value :  1.67127e-06
 Reference value :  1.67627e-06
 Reference value :  1.68177e-06
 Reference value :  1.68877e-06
 Reference value :  1.69377e-06
 Reference value :  1.69470e-06
 Reference value :  1.69641e-06
 Reference value :  1.69665e-06
 Reference value :  1.69686e-06
 Reference value :  1.69721e-06
 Reference value :  1.69767e-06
 Reference value :  1.69900e-06
 Reference value :  1.69955e-06
 Reference value :  1.69963e-06
 Reference value :  1.69976e-06
 Reference value :  1.70003e-06
 Reference value :  1.70027e-06
 Reference value :  1.70037e-06
 Reference value :  1.70048e-06
 Reference value :  1.70055e-06
 Reference value :  1.70077e-06
 Reference value :  1.70098e-06
 Reference value :  1.70109e-06
 Reference value :  1.70135e-06
 Reference value :  1.70158e-06
 Reference value :  1.70182e-06
 Reference value :  1.70212e-06
 Reference value :  1.70268e-06
 Reference value :  1.70426e-06
 Reference value :  1.70926e-06
 Reference value :  1.71526e-06
 Reference value :  1.72076e-06
 Reference value :  1.72576e-06
 Reference value :  1.73176e-06
 Reference value :  1.73726e-06
 Reference value :  1.74119e-06
 Reference value :  1.74127e-06
 Reference value :  1.74141e-06
 Reference value :  1.74186e-06
 Reference value :  1.74206e-06
 Reference value :  1.74225e-06
 Reference value :  1.74244e-06
 Reference value :  1.74275e-06
 Reference value :  1.74302e-06
 Reference value :  1.74343e-06
 Reference value :  1.74443e-06
 Reference value :  1.74551e-06
 Reference value :  1.74854e-06
 Reference value :  1.75404e-06
 Reference value :  1.75904e-06
 Reference value :  1.76404e-06
 Reference value :  1.76954e-06
 Reference value :  1.77454e-06
 Reference value :  1.78104e-06
 Reference value :  1.78289e-06
 Reference value :  1.78298e-06
 Reference value :  1.78312e-06
 Reference value :  1.78344e-06
 Reference value :  1.78360e-06
 Reference value :  1.78369e-06
 Reference value :  1.78383e-06
 Reference value :  1.78400e-06
 Reference value :  1.78423e-06
 Reference value :  1.78449e-06
 Reference value :  1.78471e-06
 Reference value :  1.78503e-06
 Reference value :  1.78548e-06
 Reference value :  1.78804e-06
 Reference value :  1.79304e-06
 Reference value :  1.79804e-06
 Reference value :  1.80354e-06
 Reference value :  1.80854e-06
 Reference value :  1.81404e-06
 Reference value :  1.81904e-06
 Reference value :  1.82404e-06
 Reference value :  1.82457e-06
 Reference value :  1.82466e-06
 Reference value :  1.82493e-06
 Reference value :  1.82534e-06
 Reference value :  1.82553e-06
 Reference value :  1.82576e-06
 Reference value :  1.82602e-06
 Reference value :  1.82621e-06
 Reference value :  1.82663e-06
 Reference value :  1.82740e-06
 Reference value :  1.82849e-06
 Reference value :  1.83099e-06
 Reference value :  1.83599e-06
 Reference value :  1.84099e-06
 Reference value :  1.84699e-06
 Reference value :  1.85199e-06
 Reference value :  1.85699e-06
 Reference value :  1.86299e-06
 Reference value :  1.86619e-06
 Reference value :  1.86627e-06
 Reference value :  1.86642e-06
 Reference value :  1.86663e-06
 Reference value :  1.86691e-06
 Reference value :  1.86705e-06
 Reference value :  1.86717e-06
 Reference value :  1.86734e-06
 Reference value :  1.86758e-06
 Reference value :  1.86781e-06
 Reference value :  1.86806e-06
 Reference value :  1.86834e-06
 Reference value :  1.86886e-06
 Reference value :  1.87216e-06
 Reference value :  1.87916e-06
 Reference value :  1.88466e-06
 Reference value :  1.88966e-06
 Reference value :  1.89466e-06
 Reference value :  1.90066e-06
 Reference value :  1.90566e-06
 Reference value :  1.90786e-06
 Reference value :  1.90796e-06
 Reference value :  1.90815e-06
 Reference value :  1.90865e-06
 Reference value :  1.90884e-06
 Reference value :  1.90905e-06
 Reference value :  1.90934e-06
 Reference value :  1.90961e-06
 Reference value :  1.91013e-06
 Reference value :  1.91090e-06
 Reference value :  1.91180e-06
 Reference value :  1.91438e-06
 Reference value :  1.91972e-06
 Reference value :  1.92522e-06
 Reference value :  1.93022e-06
 Reference value :  1.93522e-06
 Reference value :  1.94072e-06
 Reference value :  1.94622e-06
 Reference value :  1.94950e-06
 Reference value :  1.94958e-06
 Reference value :  1.94967e-06
 Reference value :  1.95001e-06
 Reference value :  1.95024e-06
 Reference value :  1.95036e-06
 Reference value :  1.95050e-06
 Reference value :  1.95065e-06
 Reference value :  1.95082e-06
 Reference value :  1.95104e-06
 Reference value :  1.95131e-06
 Reference value :  1.95154e-06
 Reference value :  1.95182e-06
 Reference value :  1.95221e-06
 Reference value :  1.95287e-06
 Reference value :  1.95585e-06
 Reference value :  1.96135e-06
 Reference value :  1.96735e-06
 Reference value :  1.97335e-06
 Reference value :  1.97885e-06
 Reference value :  1.98385e-06
 Reference value :  1.98985e-06
 Reference value :  1.99122e-06
 Reference value :  1.99130e-06
 Reference value :  1.99149e-06
 Reference value :  1.99200e-06
 Reference value :  1.99219e-06
 Reference value :  1.99245e-06
 Reference value :  1.99267e-06
 Reference value :  1.99295e-06
 Reference value :  1.99343e-06
 Reference value :  1.99438e-06
 Reference value :  1.99554e-06
 Reference value :  1.99789e-06
 Reference value :  2.00349e-06
 Reference value :  2.00899e-06
 Reference value :  2.01499e-06
 Reference value :  2.02099e-06
 Reference value :  2.03049e-06
 Reference value :  2.03293e-06
 Reference value :  2.03303e-06
 Reference value :  2.03329e-06
 Reference value :  2.03360e-06
 Reference value :  2.03372e-06
 Reference value :  2.03383e-06
 Reference value :  2.03397e-06
 Reference value :  2.03413e-06
 Reference value :  2.03431e-06
 Reference value :  2.03454e-06
 Reference value :  2.03480e-06
 Reference value :  2.03500e-06
 Reference value :  2.03533e-06
 Reference value :  2.03606e-06
 Reference value :  2.03850e-06
 Reference value :  2.04450e-06
 Reference value :  2.05000e-06
 Reference value :  2.05500e-06
 Reference value :  2.06100e-06
 Reference value :  2.06600e-06
 Reference value :  2.07100e-06
 Reference value :  2.07452e-06
 Reference value :  2.07460e-06
 Reference value :  2.07478e-06
 Reference value :  2.07534e-06
 Reference value :  2.07553e-06
 Reference value :  2.07581e-06
 Reference value :  2.07600e-06
 Reference value :  2.07629e-06
 Reference value :  2.07686e-06
 Reference value :  2.07788e-06
 Reference value :  2.07863e-06
 Reference value :  2.08035e-06
 Reference value :  2.08499e-06
 Reference value :  2.09049e-06
 Reference value :  2.09549e-06
 Reference value :  2.10099e-06
 Reference value :  2.10649e-06
 Reference value :  2.11149e-06
 Reference value :  2.11617e-06
 Reference value :  2.11623e-06
 Reference value :  2.11634e-06
 Reference value :  2.11646e-06
 Reference value :  2.11686e-06
 Reference value :  2.11701e-06
 Reference value :  2.11709e-06
 Reference value :  2.11717e-06
 Reference value :  2.11726e-06
 Reference value :  2.11736e-06
 Reference value :  2.11745e-06
 Reference value :  2.11759e-06
 Reference value :  2.11776e-06
 Reference value :  2.11789e-06
 Reference value :  2.11802e-06
 Reference value :  2.11819e-06
 Reference value :  2.11838e-06
 Reference value :  2.11854e-06
 Reference value :  2.11877e-06
 Reference value :  2.11920e-06
 Reference value :  2.12197e-06
 Reference value :  2.12747e-06
 Reference value :  2.13297e-06
 Reference value :  2.13847e-06
 Reference value :  2.14347e-06
 Reference value :  2.14897e-06
 Reference value :  2.15497e-06
 Reference value :  2.15787e-06
 Reference value :  2.15793e-06
 Reference value :  2.15808e-06
 Reference value :  2.15841e-06
 Reference value :  2.15866e-06
 Reference value :  2.15889e-06
 Reference value :  2.15904e-06
 Reference value :  2.15929e-06
 Reference value :  2.15952e-06
 Reference value :  2.15978e-06
 Reference value :  2.15991e-06
 Reference value :  2.16005e-06
 Reference value :  2.16023e-06
 Reference value :  2.16052e-06
 Reference value :  2.16095e-06
 Reference value :  2.16129e-06
 Reference value :  2.16149e-06
 Reference value :  2.16182e-06
 Reference value :  2.16243e-06
 Reference value :  2.16350e-06
 Reference value :  2.16857e-06
 Reference value :  2.17357e-06
 Reference value :  2.17857e-06
 Reference value :  2.18407e-06
 Reference value :  2.18907e-06
 Reference value :  2.19457e-06
 Reference value :  2.19950e-06
 Reference value :  2.19957e-06
 Reference value :  2.19969e-06
 Reference value :  2.19995e-06
 Reference value :  2.20027e-06
 Reference value :  2.20037e-06
 Reference value :  2.20051e-06
 Reference value :  2.20060e-06
 Reference value :  2.20079e-06
 Reference value :  2.20088e-06
 Reference value :  2.20103e-06
 Reference value :  2.20122e-06
 Reference value :  2.20146e-06
 Reference value :  2.20164e-06
 Reference value :  2.20196e-06
 Reference value :  2.20236e-06
 Reference value :  2.20506e-06
 Reference value :  2.21206e-06
 Reference value :  2.21806e-06
 Reference value :  2.22406e-06
 Reference value :  2.22956e-06
 Reference value :  2.23456e-06
 Reference value :  2.24056e-06
 Reference value :  2.24122e-06
 Reference value :  2.24131e-06
 Reference value :  2.24150e-06
 Reference value :  2.24203e-06
 Reference value :  2.24218e-06
 Reference value :  2.24246e-06
 Reference value :  2.24273e-06
 Reference value :  2.24300e-06
 Reference value :  2.24320e-06
 Reference value :  2.24332e-06
 Reference value :  2.24349e-06
 Reference value :  2.24379e-06
 Reference value :  2.24415e-06
 Reference value :  2.24439e-06
 Reference value :  2.24464e-06
 Reference value :  2.24504e-06
 Reference value :  2.24561e-06
 Reference value :  2.24718e-06
 Reference value :  2.25196e-06
 Reference value :  2.25646e-06
 Reference value :  2.26196e-06
 Reference value :  2.26696e-06
 Reference value :  2.27246e-06
 Reference value :  2.27796e-06
 Reference value :  2.28284e-06
 Reference value :  2.28292e-06
 Reference value :  2.28301e-06
 Reference value :  2.28327e-06
 Reference value :  2.28357e-06
 Reference value :  2.28365e-06
 Reference value :  2.28383e-06
 Reference value :  2.28400e-06
 Reference value :  2.28419e-06
 Reference value :  2.28443e-06
 Reference value :  2.28455e-06
 Reference value :  2.28478e-06
 Reference value :  2.28500e-06
 Reference value :  2.28517e-06
 Reference value :  2.28541e-06
 Reference value :  2.28571e-06
 Reference value :  2.28654e-06
 Reference value :  2.29093e-06
 Reference value :  2.29793e-06
 Reference value :  2.30293e-06
 Reference value :  2.30893e-06
 Reference value :  2.31493e-06
 Reference value :  2.32043e-06
 Reference value :  2.32450e-06
 Reference value :  2.32458e-06
 Reference value :  2.32469e-06
 Reference value :  2.32510e-06
 Reference value :  2.32535e-06
 Reference value :  2.32555e-06
 Reference value :  2.32580e-06
 Reference value :  2.32606e-06
 Reference value :  2.32627e-06
 Reference value :  2.32670e-06
 Reference value :  2.32739e-06
 Reference value :  2.32818e-06
 Reference value :  2.32888e-06
 Reference value :  2.33222e-06
 Reference value :  2.33554e-06
 Reference value :  2.33778e-06
 Reference value :  2.34321e-06
 Reference value :  2.34914e-06
 Reference value :  2.35464e-06
 Reference value :  2.36164e-06
 Reference value :  2.36618e-06
 Reference value :  2.36625e-06
 Reference value :  2.36636e-06
 Reference value :  2.36661e-06
 Reference value :  2.36688e-06
 Reference value :  2.36701e-06
 Reference value :  2.36711e-06
 Reference value :  2.36718e-06
 Reference value :  2.36735e-06
 Reference value :  2.36756e-06
 Reference value :  2.36780e-06
 Reference value :  2.36805e-06
 Reference value :  2.36836e-06
 Reference value :  2.36898e-06
 Reference value :  2.37227e-06
 Reference value :  2.37827e-06
 Reference value :  2.38577e-06
 Reference value :  2.39327e-06
 Reference value :  2.40077e-06
 Reference value :  2.40755e-06
 Reference value :  2.40792e-06
 Reference value :  2.40816e-06
 Reference value :  2.40868e-06
 Reference value :  2.40892e-06
 Reference value :  2.40910e-06
 Reference value :  2.40938e-06
 Reference value :  2.40975e-06
 Reference value :  2.41074e-06
 Reference value :  2.41268e-06
 Reference value :  2.41746e-06
 Reference value :  2.41926e-06
 Reference value :  2.42122e-06
 Reference value :  2.42149e-06
 Reference value :  2.42184e-06
 Reference value :  2.42248e-06
 Reference value :  2.42488e-06
 Reference value :  2.43038e-06
 Reference value :  2.43638e-06
 Reference value :  2.44338e-06
 Reference value :  2.44950e-06
 Reference value :  2.44957e-06
 Reference value :  2.44966e-06
 Reference value :  2.44990e-06
 Reference value :  2.45023e-06
 Reference value :  2.45030e-06
 Reference value :  2.45043e-06
 Reference value :  2.45052e-06
 Reference value :  2.45078e-06
 Reference value :  2.45096e-06
 Reference value :  2.45117e-06
 Reference value :  2.45140e-06
 Reference value :  2.45157e-06
 Reference value :  2.45180e-06
 Reference value :  2.45206e-06
 Reference value :  2.45238e-06
 Reference value :  2.45363e-06
 Reference value :  2.45963e-06
 Reference value :  2.46713e-06
 Reference value :  2.47363e-06
 Reference value :  2.48063e-06
 Reference value :  2.48713e-06
 Reference value :  2.49118e-06
 Reference value :  2.49126e-06
 Reference value :  2.49136e-06
 Reference value :  2.49176e-06
 Reference value :  2.49211e-06
 Reference value :  2.49226e-06
 Reference value :  2.49241e-06
 Reference value :  2.49265e-06
 Reference value :  2.49288e-06
 Reference value :  2.49318e-06
 Reference value :  2.49401e-06
 Reference value :  2.49468e-06
 Reference value :  2.49514e-06
 Reference value :  2.49762e-06
 Reference value :  2.50162e-06
 Reference value :  2.50312e-06
 Reference value :  2.50716e-06
 Reference value :  2.51362e-06
 Reference value :  2.51912e-06
 Reference value :  2.52412e-06
 Reference value :  2.52962e-06
 Reference value :  2.53285e-06
 Reference value :  2.53293e-06
 Reference value :  2.53301e-06
 Reference value :  2.53330e-06
 Reference value :  2.53357e-06
 Reference value :  2.53368e-06
 Reference value :  2.53382e-06
 Reference value :  2.53400e-06
 Reference value :  2.53429e-06
 Reference value :  2.53453e-06
 Reference value :  2.53482e-06
 Reference value :  2.53505e-06
 Reference value :  2.53546e-06
 Reference value :  2.53653e-06
 Reference value :  2.54149e-06
 Reference value :  2.54699e-06
 Reference value :  2.55249e-06
 Reference value :  2.55849e-06
 Reference value :  2.56399e-06
 Reference value :  2.56949e-06
 Reference value :  2.57450e-06
 Reference value :  2.57457e-06
 Reference value :  2.57469e-06
 Reference value :  2.57509e-06
 Reference value :  2.57547e-06
 Reference value :  2.57564e-06
 Reference value :  2.57582e-06
 Reference value :  2.57604e-06
 Reference value :  2.57631e-06
 Reference value :  2.57689e-06
 Reference value :  2.57782e-06
 Reference value :  2.57817e-06
 Reference value :  2.57906e-06
 Reference value :  2.58329e-06
 Reference value :  2.58597e-06
 Reference value :  2.58968e-06
 Reference value :  2.59568e-06
 Reference value :  2.60068e-06
 Reference value :  2.60668e-06
 Reference value :  2.61168e-06
 Reference value :  2.61617e-06
 Reference value :  2.61627e-06
 Reference value :  2.61637e-06
 Reference value :  2.61677e-06
 Reference value :  2.61695e-06
 Reference value :  2.61709e-06
 Reference value :  2.61720e-06
 Reference value :  2.61742e-06
 Reference value :  2.61757e-06
 Reference value :  2.61779e-06
 Reference value :  2.61801e-06
 Reference value :  2.61829e-06
 Reference value :  2.61864e-06
 Reference value :  2.61928e-06
 Reference value :  2.62209e-06
 Reference value :  2.62759e-06
 Reference value :  2.63259e-06
 Reference value :  2.63759e-06
 Reference value :  2.64309e-06
 Reference value :  2.64809e-06
 Reference value :  2.65359e-06
 Reference value :  2.65784e-06
 Reference value :  2.65793e-06
 Reference value :  2.65804e-06
 Reference value :  2.65852e-06
 Reference value :  2.65877e-06
 Reference value :  2.65898e-06
 Reference value :  2.65926e-06
 Reference value :  2.65949e-06
 Reference value :  2.65980e-06
 Reference value :  2.66048e-06
 Reference value :  2.66121e-06
 Reference value :  2.66261e-06
 Reference value :  2.66641e-06
 Reference value :  2.66902e-06
 Reference value :  2.67262e-06
 Reference value :  2.67812e-06
 Reference value :  2.68312e-06
 Reference value :  2.68912e-06
 Reference value :  2.69462e-06
 Reference value :  2.69950e-06
 Reference value :  2.69957e-06
 Reference value :  2.69965e-06
 Reference value :  2.69988e-06
 Reference value :  2.70020e-06
 Reference value :  2.70034e-06
 Reference value :  2.70044e-06
 Reference value :  2.70051e-06
 Reference value :  2.70066e-06
 Reference value :  2.70089e-06
 Reference value :  2.70111e-06
 Reference value :  2.70135e-06
 Reference value :  2.70164e-06
 Reference value :  2.70197e-06
 Reference value :  2.70281e-06
 Reference value :  2.70774e-06
 Reference value :  2.71324e-06
 Reference value :  2.71874e-06
 Reference value :  2.72424e-06
 Reference value :  2.72974e-06
 Reference value :  2.73524e-06
 Reference value :  2.74117e-06
 Reference value :  2.74127e-06
 Reference value :  2.74141e-06
 Reference value :  2.74200e-06
 Reference value :  2.74224e-06
 Reference value :  2.74252e-06
 Reference value :  2.74277e-06
 Reference value :  2.74322e-06
 Reference value :  2.74387e-06
 Reference value :  2.74482e-06
 Reference value :  2.74782e-06
 Reference value :  2.75132e-06
 Reference value :  2.75260e-06
 Reference value :  2.75554e-06
 Reference value :  2.76146e-06
 Reference value :  2.76696e-06
 Reference value :  2.77246e-06
 Reference value :  2.77796e-06
 Reference value :  2.78285e-06
 Reference value :  2.78293e-06
 Reference value :  2.78301e-06
 Reference value :  2.78324e-06
 Reference value :  2.78354e-06
 Reference value :  2.78361e-06
 Reference value :  2.78374e-06
 Reference value :  2.78385e-06
 Reference value :  2.78402e-06
 Reference value :  2.78417e-06
 Reference value :  2.78434e-06
 Reference value :  2.78463e-06
 Reference value :  2.78485e-06
 Reference value :  2.78514e-06
 Reference value :  2.78630e-06
 Reference value :  2.79192e-06
 Reference value :  2.79742e-06
 Reference value :  2.80342e-06
 Reference value :  2.80942e-06
 Reference value :  2.81492e-06
 Reference value :  2.82042e-06
 Reference value :  2.82452e-06
 Reference value :  2.82463e-06
 Reference value :  2.82487e-06
 Reference value :  2.82537e-06
 Reference value :  2.82555e-06
 Reference value :  2.82582e-06
 Reference value :  2.82604e-06
 Reference value :  2.82622e-06
 Reference value :  2.82687e-06
 Reference value :  2.82768e-06
 Reference value :  2.82810e-06
 Reference value :  2.83010e-06
 Reference value :  2.83457e-06
 Reference value :  2.83593e-06
 Reference value :  2.83752e-06
 Reference value :  2.84274e-06
 Reference value :  2.84924e-06
 Reference value :  2.85524e-06
 Reference value :  2.86024e-06
 Reference value :  2.86570e-06
 Reference value :  2.86625e-06
 Reference value :  2.86639e-06
 Reference value :  2.86668e-06
 Reference value :  2.86693e-06
 Reference value :  2.86707e-06
 Reference value :  2.86717e-06
 Reference value :  2.86725e-06
 Reference value :  2.86753e-06
 Reference value :  2.86783e-06
 Reference value :  2.86808e-06
 Reference value :  2.86832e-06
 Reference value :  2.86867e-06
 Reference value :  2.86942e-06
 Reference value :  2.87458e-06
 Reference value :  2.88108e-06
 Reference value :  2.88658e-06
 Reference value :  2.89308e-06
 Reference value :  2.89908e-06
 Reference value :  2.90458e-06
 Reference value :  2.90786e-06
 Reference value :  2.90796e-06
 Reference value :  2.90816e-06
 Reference value :  2.90852e-06
 Reference value :  2.90875e-06
 Reference value :  2.90891e-06
 Reference value :  2.90916e-06
 Reference value :  2.90939e-06
 Reference value :  2.90960e-06
 Reference value :  2.91012e-06
 Reference value :  2.91107e-06
 Reference value :  2.91202e-06
 Reference value :  2.91781e-06
 Reference value :  2.91988e-06
 Reference value :  2.92164e-06
 Reference value :  2.92664e-06
 Reference value :  2.93346e-06
 Reference value :  2.94096e-06
 Reference value :  2.94796e-06
 Reference value :  2.94955e-06
 Reference value :  2.94969e-06
 Reference value :  2.95000e-06
 Reference value :  2.95018e-06
 Reference value :  2.95028e-06
 Reference value :  2.95042e-06
 Reference value :  2.95050e-06
 Reference value :  2.95059e-06
 Reference value :  2.95083e-06
 Reference value :  2.95100e-06
 Reference value :  2.95120e-06
 Reference value :  2.95143e-06
 Reference value :  2.95177e-06
 Reference value :  2.95208e-06
 Reference value :  2.95331e-06
 Reference value :  2.95881e-06
 Reference value :  2.96531e-06
 Reference value :  2.97181e-06
 Reference value :  2.97831e-06
 Reference value :  2.98431e-06
 Reference value :  2.98981e-06
 Reference value :  2.99122e-06
 Reference value :  2.99131e-06
 Reference value :  2.99163e-06
 Reference value :  2.99201e-06
 Reference value :  2.99220e-06
 Reference value :  2.99243e-06
 Reference value :  2.99269e-06
 Reference value :  2.99287e-06
 Reference value :  2.99342e-06
 Reference value :  2.99414e-06
 Reference value :  2.99519e-06
 Reference value :  2.99963e-06
 Reference value :  3.00302e-06
 Reference value :  3.00532e-06
 Reference value :  3.01082e-06
 Reference value :  3.01606e-06
 Reference value :  3.02156e-06
 Reference value :  3.02706e-06
 Reference value :  3.03284e-06
 Reference value :  3.03292e-06
 Reference value :  3.03301e-06
 Reference value :  3.03324e-06
 Reference value :  3.03360e-06
 Reference value :  3.03371e-06
 Reference value :  3.03383e-06
 Reference value :  3.03400e-06
 Reference value :  3.03417e-06
 Reference value :  3.03434e-06
 Reference value :  3.03463e-06
 Reference value :  3.03492e-06
 Reference value :  3.03521e-06
 Reference value :  3.03549e-06
 Reference value :  3.03694e-06
 Reference value :  3.04313e-06
 Reference value :  3.04813e-06
 Reference value :  3.05313e-06
 Reference value :  3.05863e-06
 Reference value :  3.06563e-06
 Reference value :  3.07063e-06
 Reference value :  3.07451e-06
 Reference value :  3.07460e-06
 Reference value :  3.07474e-06
 Reference value :  3.07533e-06
 Reference value :  3.07556e-06
 Reference value :  3.07580e-06
 Reference value :  3.07602e-06
 Reference value :  3.07642e-06
 Reference value :  3.07695e-06
 Reference value :  3.07833e-06
 Reference value :  3.08068e-06
 Reference value :  3.08516e-06
 Reference value :  3.08659e-06
 Reference value :  3.08907e-06
 Reference value :  3.09414e-06
 Reference value :  3.10014e-06
 Reference value :  3.10564e-06
 Reference value :  3.11164e-06
 Reference value :  3.11617e-06
 Reference value :  3.11626e-06
 Reference value :  3.11638e-06
 Reference value :  3.11666e-06
 Reference value :  3.11687e-06
 Reference value :  3.11707e-06
 Reference value :  3.11718e-06
 Reference value :  3.11736e-06
 Reference value :  3.11746e-06
 Reference value :  3.11761e-06
 Reference value :  3.11778e-06
 Reference value :  3.11792e-06
 Reference value :  3.11816e-06
 Reference value :  3.11830e-06
 Reference value :  3.11842e-06
 Reference value :  3.11864e-06
 Reference value :  3.11895e-06
 Reference value :  3.11984e-06
 Reference value :  3.12461e-06
 Reference value :  3.13011e-06
 Reference value :  3.13661e-06
 Reference value :  3.14161e-06
 Reference value :  3.14661e-06
 Reference value :  3.15461e-06
 Reference value :  3.15786e-06
 Reference value :  3.15794e-06
 Reference value :  3.15810e-06
 Reference value :  3.15841e-06
 Reference value :  3.15888e-06
 Reference value :  3.15917e-06
 Reference value :  3.15941e-06
 Reference value :  3.15977e-06
 Reference value :  3.15998e-06
 Reference value :  3.16015e-06
 Reference value :  3.16040e-06
 Reference value :  3.16098e-06
 Reference value :  3.16227e-06
 Reference value :  3.16268e-06
 Reference value :  3.16306e-06
 Reference value :  3.16365e-06
 Reference value :  3.16405e-06
 Reference value :  3.16462e-06
 Reference value :  3.16715e-06
 Reference value :  3.17215e-06
 Reference value :  3.17815e-06
 Reference value :  3.18365e-06
 Reference value :  3.18915e-06
 Reference value :  3.19565e-06
 Reference value :  3.19952e-06
 Reference value :  3.19960e-06
 Reference value :  3.19972e-06
 Reference value :  3.20003e-06
 Reference value :  3.20026e-06
 Reference value :  3.20036e-06
 Reference value :  3.20050e-06
 Reference value :  3.20056e-06
 Reference value :  3.20074e-06
 Reference value :  3.20088e-06
 Reference value :  3.20104e-06
 Reference value :  3.20126e-06
 Reference value :  3.20155e-06
 Reference value :  3.20178e-06
 Reference value :  3.20206e-06
 Reference value :  3.20262e-06
 Reference value :  3.20567e-06
 Reference value :  3.21117e-06
 Reference value :  3.21667e-06
 Reference value :  3.22217e-06
 Reference value :  3.22867e-06
 Reference value :  3.23467e-06
 Reference value :  3.24017e-06
 Reference value :  3.24124e-06
 Reference value :  3.24135e-06
 Reference value :  3.24186e-06
 Reference value :  3.24210e-06
 Reference value :  3.24230e-06
 Reference value :  3.24258e-06
 Reference value :  3.24285e-06
 Reference value :  3.24324e-06
 Reference value :  3.24363e-06
 Reference value :  3.24438e-06
 Reference value :  3.24558e-06
 Reference value :  3.24623e-06
 Reference value :  3.24650e-06
 Reference value :  3.24725e-06
 Reference value :  3.24855e-06
 Reference value :  3.25426e-06
 Reference value :  3.25926e-06
 Reference value :  3.26476e-06
 Reference value :  3.27026e-06
 Reference value :  3.27726e-06
 Reference value :  3.28255e-06
 Reference value :  3.28290e-06
 Reference value :  3.28300e-06
 Reference value :  3.28327e-06
 Reference value :  3.28360e-06
 Reference value :  3.28378e-06
 Reference value :  3.28391e-06
 Reference value :  3.28419e-06
 Reference value :  3.28443e-06
 Reference value :  3.28461e-06
 Reference value :  3.28479e-06
 Reference value :  3.28502e-06
 Reference value :  3.28528e-06
 Reference value :  3.28561e-06
 Reference value :  3.28632e-06
 Reference value :  3.29124e-06
 Reference value :  3.29724e-06
 Reference value :  3.30374e-06
 Reference value :  3.30974e-06
 Reference value :  3.31524e-06
 Reference value :  3.32174e-06
 Reference value :  3.32453e-06
 Reference value :  3.32463e-06
 Reference value :  3.32482e-06
 Reference value :  3.32542e-06
 Reference value :  3.32561e-06
 Reference value :  3.32593e-06
 Reference value :  3.32614e-06
 Reference value :  3.32648e-06
 Reference value :  3.32691e-06
 Reference value :  3.32713e-06
 Reference value :  3.32740e-06
 Reference value :  3.32808e-06
 Reference value :  3.32901e-06
 Reference value :  3.33026e-06
 Reference value :  3.33262e-06
 Reference value :  3.33757e-06
 Reference value :  3.34307e-06
 Reference value :  3.34807e-06
 Reference value :  3.35357e-06
 Reference value :  3.35907e-06
 Reference value :  3.36407e-06
 Reference value :  3.36620e-06
 Reference value :  3.36628e-06
 Reference value :  3.36642e-06
 Reference value :  3.36681e-06
 Reference value :  3.36694e-06
 Reference value :  3.36705e-06
 Reference value :  3.36712e-06
 Reference value :  3.36722e-06
 Reference value :  3.36746e-06
 Reference value :  3.36761e-06
 Reference value :  3.36781e-06
 Reference value :  3.36806e-06
 Reference value :  3.36833e-06
 Reference value :  3.36876e-06
 Reference value :  3.36994e-06
 Reference value :  3.37439e-06
 Reference value :  3.37989e-06
 Reference value :  3.38539e-06
 Reference value :  3.39089e-06
 Reference value :  3.39689e-06
 Reference value :  3.40239e-06
 Reference value :  3.40736e-06
 Reference value :  3.40790e-06
 Reference value :  3.40801e-06
 Reference value :  3.40850e-06
 Reference value :  3.40893e-06
 Reference value :  3.40917e-06
 Reference value :  3.40942e-06
 Reference value :  3.40981e-06
 Reference value :  3.41019e-06
 Reference value :  3.41051e-06
 Reference value :  3.41096e-06
 Reference value :  3.41155e-06
 Reference value :  3.41333e-06
 Reference value :  3.42075e-06
 Reference value :  3.42825e-06
 Reference value :  3.43525e-06
 Reference value :  3.44075e-06
 Reference value :  3.44675e-06
 Reference value :  3.44953e-06
 Reference value :  3.44962e-06
 Reference value :  3.44976e-06
 Reference value :  3.45016e-06
 Reference value :  3.45035e-06
 Reference value :  3.45046e-06
 Reference value :  3.45064e-06
 Reference value :  3.45090e-06
 Reference value :  3.45115e-06
 Reference value :  3.45135e-06
 Reference value :  3.45158e-06
 Reference value :  3.45195e-06
 Reference value :  3.45285e-06
 Reference value :  3.45784e-06
 Reference value :  3.46334e-06
 Reference value :  3.46884e-06
 Reference value :  3.47434e-06
 Reference value :  3.47984e-06
 Reference value :  3.48584e-06
 Reference value :  3.49117e-06
 Reference value :  3.49125e-06
 Reference value :  3.49136e-06
 Reference value :  3.49183e-06
 Reference value :  3.49217e-06
 Reference value :  3.49234e-06
 Reference value :  3.49256e-06
 Reference value :  3.49287e-06
 Reference value :  3.49318e-06
 Reference value :  3.49367e-06
 Reference value :  3.49387e-06
 Reference value :  3.49438e-06
 Reference value :  3.49510e-06
 Reference value :  3.49608e-06
 Reference value :  3.49702e-06
 Reference value :  3.50003e-06
 Reference value :  3.50603e-06
 Reference value :  3.51153e-06
 Reference value :  3.51753e-06
 Reference value :  3.52303e-06
 Reference value :  3.52853e-06
 Reference value :  3.53285e-06
 Reference value :  3.53298e-06
 Reference value :  3.53318e-06
 Reference value :  3.53355e-06
 Reference value :  3.53366e-06
 Reference value :  3.53379e-06
 Reference value :  3.53394e-06
 Reference value :  3.53421e-06
 Reference value :  3.53445e-06
 Reference value :  3.53467e-06
 Reference value :  3.53504e-06
 Reference value :  3.53574e-06
 Reference value :  3.54009e-06
 Reference value :  3.54659e-06
 Reference value :  3.55359e-06
 Reference value :  3.56009e-06
 Reference value :  3.56659e-06
 Reference value :  3.57309e-06
 Reference value :  3.57457e-06
 Reference value :  3.57474e-06
 Reference value :  3.57533e-06
 Reference value :  3.57554e-06
 Reference value :  3.57578e-06
 Reference value :  3.57602e-06
 Reference value :  3.57632e-06
 Reference value :  3.57667e-06
 Reference value :  3.57698e-06
 Reference value :  3.57714e-06
 Reference value :  3.57746e-06
 Reference value :  3.57818e-06
 Reference value :  3.57912e-06
 Reference value :  3.58399e-06
 Reference value :  3.59149e-06
 Reference value :  3.59749e-06
 Reference value :  3.60249e-06
 Reference value :  3.60799e-06
 Reference value :  3.61349e-06
 Reference value :  3.61619e-06
 Reference value :  3.61626e-06
 Reference value :  3.61638e-06
 Reference value :  3.61674e-06
 Reference value :  3.61690e-06
 Reference value :  3.61698e-06
 Reference value :  3.61711e-06
 Reference value :  3.61720e-06
 Reference value :  3.61745e-06
 Reference value :  3.61768e-06
 Reference value :  3.61792e-06
 Reference value :  3.61822e-06
 Reference value :  3.61860e-06
 Reference value :  3.61938e-06
 Reference value :  3.62512e-06
 Reference value :  3.63312e-06
 Reference value :  3.64012e-06
 Reference value :  3.64712e-06
 Reference value :  3.65462e-06
 Reference value :  3.65787e-06
 Reference value :  3.65801e-06
 Reference value :  3.65844e-06
 Reference value :  3.65877e-06
 Reference value :  3.65910e-06
 Reference value :  3.65945e-06
 Reference value :  3.65982e-06
 Reference value :  3.66024e-06
 Reference value :  3.66039e-06
 Reference value :  3.66078e-06
 Reference value :  3.66150e-06
 Reference value :  3.66198e-06
 Reference value :  3.66324e-06
 Reference value :  3.66715e-06
 Reference value :  3.67357e-06
 Reference value :  3.68007e-06
 Reference value :  3.68657e-06
 Reference value :  3.69407e-06
 Reference value :  3.69951e-06
 Reference value :  3.69959e-06
 Reference value :  3.69968e-06
 Reference value :  3.70009e-06
 Reference value :  3.70031e-06
 Reference value :  3.70045e-06
 Reference value :  3.70053e-06
 Reference value :  3.70072e-06
 Reference value :  3.70088e-06
 Reference value :  3.70109e-06
 Reference value :  3.70132e-06
 Reference value :  3.70160e-06
 Reference value :  3.70194e-06
 Reference value :  3.70276e-06
 Reference value :  3.70697e-06
 Reference value :  3.71197e-06
 Reference value :  3.71747e-06
 Reference value :  3.72247e-06
 Reference value :  3.72797e-06
 Reference value :  3.73347e-06
 Reference value :  3.73897e-06
 Reference value :  3.74120e-06
 Reference value :  3.74131e-06
 Reference value :  3.74154e-06
 Reference value :  3.74194e-06
 Reference value :  3.74229e-06
 Reference value :  3.74262e-06
 Reference value :  3.74285e-06
 Reference value :  3.74315e-06
 Reference value :  3.74353e-06
 Reference value :  3.74371e-06
 Reference value :  3.74425e-06
 Reference value :  3.74499e-06
 Reference value :  3.74570e-06
 Reference value :  3.74736e-06
 Reference value :  3.75168e-06
 Reference value :  3.76268e-06
 Reference value :  3.76968e-06
 Reference value :  3.77518e-06
 Reference value :  3.78018e-06
 Reference value :  3.78286e-06
 Reference value :  3.78294e-06
 Reference value :  3.78312e-06
 Reference value :  3.78347e-06
 Reference value :  3.78362e-06
 Reference value :  3.78378e-06
 Reference value :  3.78388e-06
 Reference value :  3.78403e-06
 Reference value :  3.78422e-06
 Reference value :  3.78442e-06
 Reference value :  3.78473e-06
 Reference value :  3.78507e-06
 Reference value :  3.78542e-06
 Reference value :  3.78647e-06
 Reference value :  3.79186e-06
 Reference value :  3.79736e-06
 Reference value :  3.80286e-06
 Reference value :  3.80836e-06
 Reference value :  3.81386e-06
 Reference value :  3.81936e-06
 Reference value :  3.82450e-06
 Reference value :  3.82457e-06
 Reference value :  3.82468e-06
 Reference value :  3.82504e-06
 Reference value :  3.82535e-06
 Reference value :  3.82555e-06
 Reference value :  3.82579e-06
 Reference value :  3.82605e-06
 Reference value :  3.82633e-06
 Reference value :  3.82674e-06
 Reference value :  3.82697e-06
 Reference value :  3.82728e-06
 Reference value :  3.82814e-06
 Reference value :  3.82884e-06
 Reference value :  3.82983e-06
 Reference value :  3.83133e-06
 Reference value :  3.83569e-06
 Reference value :  3.84119e-06
 Reference value :  3.84669e-06
 Reference value :  3.85219e-06
 Reference value :  3.85769e-06
 Reference value :  3.86319e-06
 Reference value :  3.86620e-06
 Reference value :  3.86630e-06
 Reference value :  3.86650e-06
 Reference value :  3.86682e-06
 Reference value :  3.86697e-06
 Reference value :  3.86713e-06
 Reference value :  3.86718e-06
 Reference value :  3.86742e-06
 Reference value :  3.86758e-06
 Reference value :  3.86780e-06
 Reference value :  3.86804e-06
 Reference value :  3.86831e-06
 Reference value :  3.86869e-06
 Reference value :  3.86976e-06
 Reference value :  3.87514e-06
 Reference value :  3.88114e-06
 Reference value :  3.88664e-06
 Reference value :  3.89214e-06
 Reference value :  3.89764e-06
 Reference value :  3.90314e-06
 Reference value :  3.90784e-06
 Reference value :  3.90791e-06
 Reference value :  3.90809e-06
 Reference value :  3.90844e-06
 Reference value :  3.90868e-06
 Reference value :  3.90886e-06
 Reference value :  3.90911e-06
 Reference value :  3.90937e-06
 Reference value :  3.90958e-06
 Reference value :  3.90999e-06
 Reference value :  3.91030e-06
 Reference value :  3.91071e-06
 Reference value :  3.91131e-06
 Reference value :  3.91194e-06
 Reference value :  3.91275e-06
 Reference value :  3.91355e-06
 Reference value :  3.91455e-06
 Reference value :  3.91925e-06
 Reference value :  3.92475e-06
 Reference value :  3.93125e-06
 Reference value :  3.93675e-06
 Reference value :  3.94225e-06
 Reference value :  3.94775e-06
 Reference value :  3.94954e-06
 Reference value :  3.94963e-06
 Reference value :  3.94979e-06
 Reference value :  3.95005e-06
 Reference value :  3.95023e-06
 Reference value :  3.95028e-06
 Reference value :  3.95045e-06
 Reference value :  3.95053e-06
 Reference value :  3.95066e-06
 Reference value :  3.95089e-06
 Reference value :  3.95105e-06
 Reference value :  3.95130e-06
 Reference value :  3.95155e-06
 Reference value :  3.95188e-06
 Reference value :  3.95267e-06
 Reference value :  3.95570e-06
 Reference value :  3.96070e-06
 Reference value :  3.96570e-06
 Reference value :  3.97120e-06
 Reference value :  3.97720e-06
 Reference value :  3.98220e-06
 Reference value :  3.98770e-06
 Reference value :  3.99120e-06
 Reference value :  3.99130e-06
 Reference value :  3.99151e-06
 Reference value :  3.99214e-06
 Reference value :  3.99226e-06
 Reference value :  3.99253e-06
 Reference value :  3.99278e-06
 Reference value :  3.99318e-06
 Reference value :  3.99347e-06
 Reference value :  3.99368e-06
 Reference value :  3.99427e-06
 Reference value :  3.99499e-06
 Reference value :  3.99580e-06
 Reference value :  3.99648e-06
 Reference value :  3.99733e-06
 Reference value :  3.99919e-06
 Reference value :  4.00412e-06
 Reference value :  4.00962e-06
 Reference value :  4.01562e-06
 Reference value :  4.02112e-06
 Reference value :  4.02662e-06
 Reference value :  4.03248e-06
 Reference value :  4.03289e-06
 Reference value :  4.03300e-06
 Reference value :  4.03319e-06
 Reference value :  4.03349e-06
 Reference value :  4.03363e-06
 Reference value :  4.03377e-06
 Reference value :  4.03387e-06
 Reference value :  4.03404e-06
 Reference value :  4.03426e-06
 Reference value :  4.03448e-06
 Reference value :  4.03470e-06
 Reference value :  4.03492e-06
 Reference value :  4.03528e-06
 Reference value :  4.03605e-06
 Reference value :  4.04072e-06
 Reference value :  4.04672e-06
 Reference value :  4.05222e-06
 Reference value :  4.05822e-06
 Reference value :  4.06372e-06
 Reference value :  4.06922e-06
 Reference value :  4.07450e-06
 Reference value :  4.07458e-06
 Reference value :  4.07467e-06
 Reference value :  4.07504e-06
 Reference value :  4.07544e-06
 Reference value :  4.07559e-06
 Reference value :  4.07582e-06
 Reference value :  4.07610e-06
 Reference value :  4.07639e-06
 Reference value :  4.07684e-06
 Reference value :  4.07705e-06
 Reference value :  4.07761e-06
 Reference value :  4.07834e-06
 Reference value :  4.07928e-06
 Reference value :  4.07974e-06
 Reference value :  4.08040e-06
 Reference value :  4.08210e-06
 Reference value :  4.08745e-06
 Reference value :  4.09345e-06
 Reference value :  4.09895e-06
 Reference value :  4.10445e-06
 Reference value :  4.10995e-06
 Reference value :  4.11581e-06
 Reference value :  4.11622e-06
 Reference value :  4.11632e-06
 Reference value :  4.11653e-06
 Reference value :  4.11689e-06
 Reference value :  4.11706e-06
 Reference value :  4.11726e-06
 Reference value :  4.11743e-06
 Reference value :  4.11748e-06
 Reference value :  4.11763e-06
 Reference value :  4.11783e-06
 Reference value :  4.11797e-06
 Reference value :  4.11810e-06
 Reference value :  4.11825e-06
 Reference value :  4.11843e-06
 Reference value :  4.11861e-06
 Reference value :  4.11886e-06
 Reference value :  4.11951e-06
 Reference value :  4.12590e-06
 Reference value :  4.13640e-06
 Reference value :  4.14690e-06
 Reference value :  4.15640e-06
 Reference value :  4.15794e-06
 Reference value :  4.15814e-06
 Reference value :  4.15864e-06
 Reference value :  4.15906e-06
 Reference value :  4.15948e-06
 Reference value :  4.15983e-06
 Reference value :  4.16005e-06
 Reference value :  4.16043e-06
 Reference value :  4.16134e-06
 Reference value :  4.16184e-06
 Reference value :  4.16342e-06
 Reference value :  4.16563e-06
 Reference value :  4.17323e-06
 Reference value :  4.18223e-06
 Reference value :  4.19023e-06
 Reference value :  4.19823e-06
 Reference value :  4.19959e-06
 Reference value :  4.19983e-06
 Reference value :  4.20027e-06
 Reference value :  4.20046e-06
 Reference value :  4.20056e-06
 Reference value :  4.20081e-06
 Reference value :  4.20097e-06
 Reference value :  4.20124e-06
 Reference value :  4.20162e-06
 Reference value :  4.20247e-06
 Reference value :  4.20882e-06
 Reference value :  4.21682e-06
 Reference value :  4.22632e-06
 Reference value :  4.23382e-06
 Reference value :  4.24117e-06
 Reference value :  4.24130e-06
 Reference value :  4.24171e-06
 Reference value :  4.24207e-06
 Reference value :  4.24241e-06
 Reference value :  4.24275e-06
 Reference value :  4.24310e-06
 Reference value :  4.24332e-06
 Reference value :  4.24366e-06
 Reference value :  4.24476e-06
 Reference value :  4.24592e-06
 Reference value :  4.25130e-06
 Reference value :  4.25880e-06
 Reference value :  4.26630e-06
 Reference value :  4.27530e-06
 Reference value :  4.28283e-06
 Reference value :  4.28296e-06
 Reference value :  4.28321e-06
 Reference value :  4.28360e-06
 Reference value :  4.28376e-06
 Reference value :  4.28391e-06
 Reference value :  4.28408e-06
 Reference value :  4.28434e-06
 Reference value :  4.28469e-06
 Reference value :  4.28508e-06
 Reference value :  4.28548e-06
 Reference value :  4.28652e-06
 Reference value :  4.29393e-06
 Reference value :  4.30143e-06
 Reference value :  4.30993e-06
 Reference value :  4.31943e-06
 Reference value :  4.32456e-06
 Reference value :  4.32496e-06
 Reference value :  4.32543e-06
 Reference value :  4.32568e-06
 Reference value :  4.32607e-06
 Reference value :  4.32657e-06
 Reference value :  4.32799e-06
 Reference value :  4.33018e-06
 Reference value :  4.33480e-06
 Reference value :  4.33625e-06
 Reference value :  4.33661e-06
 Reference value :  4.33701e-06
 Reference value :  4.33808e-06
 Reference value :  4.34548e-06
 Reference value :  4.35348e-06
 Reference value :  4.36298e-06
 Reference value :  4.36623e-06
 Reference value :  4.36640e-06
 Reference value :  4.36684e-06
 Reference value :  4.36699e-06
 Reference value :  4.36717e-06
 Reference value :  4.36747e-06
 Reference value :  4.36772e-06
 Reference value :  4.36801e-06
 Reference value :  4.36843e-06
 Reference value :  4.36888e-06
 Reference value :  4.37151e-06
 Reference value :  4.38201e-06
 Reference value :  4.39151e-06
 Reference value :  4.40201e-06
 Reference value :  4.40786e-06
 Reference value :  4.40798e-06
 Reference value :  4.40844e-06
 Reference value :  4.40878e-06
 Reference value :  4.40911e-06
 Reference value :  4.40937e-06
 Reference value :  4.40959e-06
 Reference value :  4.40996e-06
 Reference value :  4.41082e-06
 Reference value :  4.41182e-06
 Reference value :  4.41684e-06
 Reference value :  4.41954e-06
 Reference value :  4.42056e-06
 Reference value :  4.42169e-06
 Reference value :  4.42633e-06
 Reference value :  4.43233e-06
 Reference value :  4.43783e-06
 Reference value :  4.44333e-06
 Reference value :  4.44883e-06
 Reference value :  4.44955e-06
 Reference value :  4.44964e-06
 Reference value :  4.44989e-06
 Reference value :  4.45016e-06
 Reference value :  4.45031e-06
 Reference value :  4.45042e-06
 Reference value :  4.45052e-06
 Reference value :  4.45069e-06
 Reference value :  4.45087e-06
 Reference value :  4.45105e-06
 Reference value :  4.45132e-06
 Reference value :  4.45157e-06
 Reference value :  4.45203e-06
 Reference value :  4.45285e-06
 Reference value :  4.45634e-06
 Reference value :  4.46234e-06
 Reference value :  4.46784e-06
 Reference value :  4.47334e-06
 Reference value :  4.47884e-06
 Reference value :  4.48434e-06
 Reference value :  4.48984e-06
 Reference value :  4.49122e-06
 Reference value :  4.49131e-06
 Reference value :  4.49158e-06
 Reference value :  4.49202e-06
 Reference value :  4.49217e-06
 Reference value :  4.49240e-06
 Reference value :  4.49262e-06
 Reference value :  4.49286e-06
 Reference value :  4.49331e-06
 Reference value :  4.49445e-06
 Reference value :  4.49492e-06
 Reference value :  4.49581e-06
 Reference value :  4.50049e-06
 Reference value :  4.50192e-06
 Reference value :  4.50317e-06
 Reference value :  4.50351e-06
 Reference value :  4.50381e-06
 Reference value :  4.50425e-06
 Reference value :  4.50612e-06
 Reference value :  4.51312e-06
 Reference value :  4.52062e-06
 Reference value :  4.52812e-06
 Reference value :  4.53284e-06
 Reference value :  4.53293e-06
 Reference value :  4.53303e-06
 Reference value :  4.53341e-06
 Reference value :  4.53362e-06
 Reference value :  4.53372e-06
 Reference value :  4.53384e-06
 Reference value :  4.53403e-06
 Reference value :  4.53432e-06
 Reference value :  4.53446e-06
 Reference value :  4.53459e-06
 Reference value :  4.53484e-06
 Reference value :  4.53503e-06
 Reference value :  4.53528e-06
 Reference value :  4.53566e-06
 Reference value :  4.53664e-06
 Reference value :  4.54217e-06
 Reference value :  4.54817e-06
 Reference value :  4.55467e-06
 Reference value :  4.56017e-06
 Reference value :  4.56567e-06
 Reference value :  4.57117e-06
 Reference value :  4.57453e-06
 Reference value :  4.57462e-06
 Reference value :  4.57483e-06
 Reference value :  4.57535e-06
 Reference value :  4.57552e-06
 Reference value :  4.57576e-06
 Reference value :  4.57603e-06
 Reference value :  4.57626e-06
 Reference value :  4.57691e-06
 Reference value :  4.57796e-06
 Reference value :  4.57853e-06
 Reference value :  4.58154e-06
 Reference value :  4.58547e-06
 Reference value :  4.58700e-06
 Reference value :  4.58733e-06
 Reference value :  4.58760e-06
 Reference value :  4.58813e-06
 Reference value :  4.59084e-06
 Reference value :  4.59634e-06
 Reference value :  4.60184e-06
 Reference value :  4.60784e-06
 Reference value :  4.61334e-06
 Reference value :  4.61620e-06
 Reference value :  4.61627e-06
 Reference value :  4.61640e-06
 Reference value :  4.61673e-06
 Reference value :  4.61688e-06
 Reference value :  4.61702e-06
 Reference value :  4.61717e-06
 Reference value :  4.61739e-06
 Reference value :  4.61759e-06
 Reference value :  4.61773e-06
 Reference value :  4.61788e-06
 Reference value :  4.61801e-06
 Reference value :  4.61832e-06
 Reference value :  4.61858e-06
 Reference value :  4.61890e-06
 Reference value :  4.61954e-06
 Reference value :  4.62303e-06
 Reference value :  4.62853e-06
 Reference value :  4.63403e-06
 Reference value :  4.64003e-06
 Reference value :  4.64553e-06
 Reference value :  4.65153e-06
 Reference value :  4.65743e-06
 Reference value :  4.65791e-06
 Reference value :  4.65801e-06
 Reference value :  4.65836e-06
 Reference value :  4.65868e-06
 Reference value :  4.65886e-06
 Reference value :  4.65913e-06
 Reference value :  4.65949e-06
 Reference value :  4.65989e-06
 Reference value :  4.66081e-06
 Reference value :  4.66133e-06
 Reference value :  4.66248e-06
 Reference value :  4.66673e-06
 Reference value :  4.66815e-06
 Reference value :  4.66978e-06
 Reference value :  4.67015e-06
 Reference value :  4.67037e-06
 Reference value :  4.67067e-06
 Reference value :  4.67125e-06
 Reference value :  4.67436e-06
 Reference value :  4.67986e-06
 Reference value :  4.68536e-06
 Reference value :  4.69036e-06
 Reference value :  4.69536e-06
 Reference value :  4.69950e-06
 Reference value :  4.69960e-06
 Reference value :  4.69971e-06
 Reference value :  4.70015e-06
 Reference value :  4.70035e-06
 Reference value :  4.70049e-06
 Reference value :  4.70068e-06
 Reference value :  4.70101e-06
 Reference value :  4.70121e-06
 Reference value :  4.70147e-06
 Reference value :  4.70182e-06
 Reference value :  4.70210e-06
 Reference value :  4.70258e-06
 Reference value :  4.70447e-06
 Reference value :  4.70997e-06
 Reference value :  4.71747e-06
 Reference value :  4.72597e-06
 Reference value :  4.73497e-06
 Reference value :  4.74117e-06
 Reference value :  4.74124e-06
 Reference value :  4.74146e-06
 Reference value :  4.74204e-06
 Reference value :  4.74222e-06
 Reference value :  4.74246e-06
 Reference value :  4.74274e-06
 Reference value :  4.74305e-06
 Reference value :  4.74404e-06
 Reference value :  4.74489e-06
 Reference value :  4.74680e-06
 Reference value :  4.75107e-06
 Reference value :  4.75221e-06
 Reference value :  4.75333e-06
 Reference value :  4.75356e-06
 Reference value :  4.75379e-06
 Reference value :  4.75421e-06
 Reference value :  4.75489e-06
 Reference value :  4.75973e-06
 Reference value :  4.76823e-06
 Reference value :  4.77623e-06
 Reference value :  4.78173e-06
 Reference value :  4.78288e-06
 Reference value :  4.78297e-06
 Reference value :  4.78318e-06
 Reference value :  4.78359e-06
 Reference value :  4.78379e-06
 Reference value :  4.78396e-06
 Reference value :  4.78427e-06
 Reference value :  4.78443e-06
 Reference value :  4.78459e-06
 Reference value :  4.78483e-06
 Reference value :  4.78517e-06
 Reference value :  4.78556e-06
 Reference value :  4.78656e-06
 Reference value :  4.79185e-06
 Reference value :  4.79785e-06
 Reference value :  4.80385e-06
 Reference value :  4.80985e-06
 Reference value :  4.81535e-06
 Reference value :  4.82335e-06
 Reference value :  4.82460e-06
 Reference value :  4.82481e-06
 Reference value :  4.82548e-06
 Reference value :  4.82559e-06
 Reference value :  4.82587e-06
 Reference value :  4.82613e-06
 Reference value :  4.82698e-06
 Reference value :  4.82863e-06
 Reference value :  4.83337e-06
 Reference value :  4.83530e-06
 Reference value :  4.83692e-06
 Reference value :  4.83732e-06
 Reference value :  4.83758e-06
 Reference value :  4.83805e-06
 Reference value :  4.84559e-06
 Reference value :  4.85659e-06
 Reference value :  4.86359e-06
 Reference value :  4.86620e-06
 Reference value :  4.86628e-06
 Reference value :  4.86645e-06
 Reference value :  4.86681e-06
 Reference value :  4.86697e-06
 Reference value :  4.86714e-06
 Reference value :  4.86740e-06
 Reference value :  4.86762e-06
 Reference value :  4.86781e-06
 Reference value :  4.86798e-06
 Reference value :  4.86820e-06
 Reference value :  4.86843e-06
 Reference value :  4.86866e-06
 Reference value :  4.86900e-06
 Reference value :  4.87019e-06
 Reference value :  4.87516e-06
 Reference value :  4.88066e-06
 Reference value :  4.88666e-06
 Reference value :  4.89216e-06
 Reference value :  4.89766e-06
 Reference value :  4.90316e-06
 Reference value :  4.90784e-06
 Reference value :  4.90791e-06
 Reference value :  4.90804e-06
 Reference value :  4.90843e-06
 Reference value :  4.90869e-06
 Reference value :  4.90884e-06
 Reference value :  4.90913e-06
 Reference value :  4.90940e-06
 Reference value :  4.90963e-06
 Reference value :  4.91034e-06
 Reference value :  4.91116e-06
 Reference value :  4.91183e-06
 Reference value :  4.91569e-06
 Reference value :  4.91912e-06
 Reference value :  4.92066e-06
 Reference value :  4.92099e-06
 Reference value :  4.92126e-06
 Reference value :  4.92167e-06
 Reference value :  4.92253e-06
 Reference value :  4.92736e-06
 Reference value :  4.93286e-06
 Reference value :  4.93886e-06
 Reference value :  4.94436e-06
 Reference value :  4.94950e-06
 Reference value :  4.94955e-06
 Reference value :  4.94968e-06
 Reference value :  4.94995e-06
 Reference value :  4.95018e-06
 Reference value :  4.95029e-06
 Reference value :  4.95042e-06
 Reference value :  4.95056e-06
 Reference value :  4.95083e-06
 Reference value :  4.95100e-06
 Reference value :  4.95118e-06
 Reference value :  4.95138e-06
 Reference value :  4.95159e-06
 Reference value :  4.95183e-06
 Reference value :  4.95214e-06
 Reference value :  4.95269e-06
 Reference value :  4.95455e-06
 Reference value :  4.96005e-06
 Reference value :  4.96555e-06
 Reference value :  4.97105e-06
 Reference value :  4.97655e-06
 Reference value :  4.98205e-06
 Reference value :  4.98755e-06
 Reference value :  4.99118e-06
 Reference value :  4.99127e-06
 Reference value :  4.99140e-06
 Reference value :  4.99176e-06
 Reference value :  4.99202e-06
 Reference value :  4.99217e-06
 Reference value :  4.99237e-06
 Reference value :  4.99265e-06
 Reference value :  4.99293e-06
 Reference value :  4.99340e-06
 Reference value :  4.99455e-06
 Reference value :  4.99553e-06
 Reference value :  4.99981e-06
 Reference value :  5.00297e-06
 Reference value :  5.00487e-06
 Reference value :  5.00542e-06
 Reference value :  5.00838e-06
 Reference value :  5.01388e-06
 Reference value :  5.01938e-06
 Reference value :  5.02538e-06
 Reference value :  5.03188e-06
 Reference value :  5.03289e-06
 Reference value :  5.03298e-06
 Reference value :  5.03319e-06
 Reference value :  5.03350e-06
 Reference value :  5.03369e-06
 Reference value :  5.03384e-06
 Reference value :  5.03397e-06
 Reference value :  5.03419e-06
 Reference value :  5.03439e-06
 Reference value :  5.03468e-06
 Reference value :  5.03500e-06
 Reference value :  5.03530e-06
 Reference value :  5.03582e-06
 Reference value :  5.03775e-06
 Reference value :  5.04325e-06
 Reference value :  5.04875e-06
 Reference value :  5.05425e-06
 Reference value :  5.06025e-06
 Reference value :  5.06575e-06
 Reference value :  5.07175e-06
 Reference value :  5.07454e-06
 Reference value :  5.07463e-06
 Reference value :  5.07482e-06
 Reference value :  5.07528e-06
 Reference value :  5.07545e-06
 Reference value :  5.07568e-06
 Reference value :  5.07593e-06
 Reference value :  5.07623e-06
 Reference value :  5.07672e-06
 Reference value :  5.07780e-06
 Reference value :  5.07857e-06
 Reference value :  5.08164e-06
 Reference value :  5.08551e-06
 Reference value :  5.08815e-06
 Reference value :  5.08879e-06
 Reference value :  5.09223e-06
 Reference value :  5.09773e-06
 Reference value :  5.10323e-06
 Reference value :  5.10873e-06
 Reference value :  5.11423e-06
 Reference value :  5.11621e-06
 Reference value :  5.11628e-06
 Reference value :  5.11644e-06
 Reference value :  5.11682e-06
 Reference value :  5.11695e-06
 Reference value :  5.11706e-06
 Reference value :  5.11716e-06
 Reference value :  5.11727e-06
 Reference value :  5.11739e-06
 Reference value :  5.11747e-06
 Reference value :  5.11764e-06
 Reference value :  5.11786e-06
 Reference value :  5.11800e-06
 Reference value :  5.11810e-06
 Reference value :  5.11837e-06
 Reference value :  5.11861e-06
 Reference value :  5.11913e-06
 Reference value :  5.12205e-06
 Reference value :  5.12755e-06
 Reference value :  5.13255e-06
 Reference value :  5.13805e-06
 Reference value :  5.14355e-06
 Reference value :  5.14905e-06
 Reference value :  5.15455e-06
 Reference value :  5.15786e-06
 Reference value :  5.15795e-06
 Reference value :  5.15810e-06
 Reference value :  5.15841e-06
 Reference value :  5.15869e-06
 Reference value :  5.15885e-06
 Reference value :  5.15909e-06
 Reference value :  5.15935e-06
 Reference value :  5.15957e-06
 Reference value :  5.15989e-06
 Reference value :  5.16018e-06
 Reference value :  5.16050e-06
 Reference value :  5.16075e-06
 Reference value :  5.16096e-06
 Reference value :  5.16131e-06
 Reference value :  5.16239e-06
 Reference value :  5.16760e-06
 Reference value :  5.17410e-06
 Reference value :  5.18060e-06
 Reference value :  5.18710e-06
 Reference value :  5.19260e-06
 Reference value :  5.19860e-06
 Reference value :  5.19957e-06
 Reference value :  5.19968e-06
 Reference value :  5.19994e-06
 Reference value :  5.20028e-06
 Reference value :  5.20036e-06
 Reference value :  5.20050e-06
 Reference value :  5.20055e-06
 Reference value :  5.20064e-06
 Reference value :  5.20079e-06
 Reference value :  5.20094e-06
 Reference value :  5.20114e-06
 Reference value :  5.20138e-06
 Reference value :  5.20169e-06
 Reference value :  5.20201e-06
 Reference value :  5.20262e-06
 Reference value :  5.20599e-06
 Reference value :  5.21149e-06
 Reference value :  5.21699e-06
 Reference value :  5.22249e-06
 Reference value :  5.22899e-06
 Reference value :  5.23449e-06
 Reference value :  5.23999e-06
 Reference value :  5.24122e-06
 Reference value :  5.24131e-06
 Reference value :  5.24154e-06
 Reference value :  5.24195e-06
 Reference value :  5.24217e-06
 Reference value :  5.24237e-06
 Reference value :  5.24271e-06
 Reference value :  5.24302e-06
 Reference value :  5.24325e-06
 Reference value :  5.24361e-06
 Reference value :  5.24390e-06
 Reference value :  5.24419e-06
 Reference value :  5.24462e-06
 Reference value :  5.24686e-06
 Reference value :  5.25329e-06
 Reference value :  5.25879e-06
 Reference value :  5.26479e-06
 Reference value :  5.27079e-06
 Reference value :  5.27679e-06
 Reference value :  5.28229e-06
 Reference value :  5.28288e-06
 Reference value :  5.28301e-06
 Reference value :  5.28332e-06
 Reference value :  5.28357e-06
 Reference value :  5.28365e-06
 Reference value :  5.28380e-06
 Reference value :  5.28394e-06
 Reference value :  5.28420e-06
 Reference value :  5.28434e-06
 Reference value :  5.28454e-06
 Reference value :  5.28481e-06
 Reference value :  5.28505e-06
 Reference value :  5.28561e-06
 Reference value :  5.28750e-06
 Reference value :  5.29294e-06
 Reference value :  5.29894e-06
 Reference value :  5.30494e-06
 Reference value :  5.31044e-06
 Reference value :  5.31594e-06
 Reference value :  5.32144e-06
 Reference value :  5.32452e-06
 Reference value :  5.32461e-06
 Reference value :  5.32475e-06
 Reference value :  5.32529e-06
 Reference value :  5.32547e-06
 Reference value :  5.32567e-06
 Reference value :  5.32592e-06
 Reference value :  5.32623e-06
 Reference value :  5.32673e-06
 Reference value :  5.32744e-06
 Reference value :  5.32777e-06
 Reference value :  5.32815e-06
 Reference value :  5.33058e-06
 Reference value :  5.33319e-06
 Reference value :  5.33475e-06
 Reference value :  5.33530e-06
 Reference value :  5.33777e-06
 Reference value :  5.34327e-06
 Reference value :  5.34877e-06
 Reference value :  5.35477e-06
 Reference value :  5.36077e-06
 Reference value :  5.36617e-06
 Reference value :  5.36624e-06
 Reference value :  5.36635e-06
 Reference value :  5.36660e-06
 Reference value :  5.36694e-06
 Reference value :  5.36710e-06
 Reference value :  5.36720e-06
 Reference value :  5.36744e-06
 Reference value :  5.36761e-06
 Reference value :  5.36784e-06
 Reference value :  5.36813e-06
 Reference value :  5.36847e-06
 Reference value :  5.36900e-06
 Reference value :  5.37137e-06
 Reference value :  5.37787e-06
 Reference value :  5.38337e-06
 Reference value :  5.38887e-06
 Reference value :  5.39487e-06
 Reference value :  5.40037e-06
 Reference value :  5.40637e-06
 Reference value :  5.40789e-06
 Reference value :  5.40798e-06
 Reference value :  5.40822e-06
 Reference value :  5.40880e-06
 Reference value :  5.40896e-06
 Reference value :  5.40921e-06
 Reference value :  5.40943e-06
 Reference value :  5.40973e-06
 Reference value :  5.41029e-06
 Reference value :  5.41137e-06
 Reference value :  5.41322e-06
 Reference value :  5.41972e-06
 Reference value :  5.42522e-06
 Reference value :  5.43072e-06
 Reference value :  5.43572e-06
 Reference value :  5.44122e-06
 Reference value :  5.44672e-06
 Reference value :  5.44953e-06
 Reference value :  5.44963e-06
 Reference value :  5.44981e-06
 Reference value :  5.45015e-06
 Reference value :  5.45027e-06
 Reference value :  5.45042e-06
 Reference value :  5.45051e-06
 Reference value :  5.45069e-06
 Reference value :  5.45097e-06
 Reference value :  5.45127e-06
 Reference value :  5.45156e-06
 Reference value :  5.45201e-06
 Reference value :  5.45350e-06
 Reference value :  5.45880e-06
 Reference value :  5.46430e-06
 Reference value :  5.46980e-06
 Reference value :  5.47480e-06
 Reference value :  5.48030e-06
 Reference value :  5.48580e-06
 Reference value :  5.49117e-06
 Reference value :  5.49127e-06
 Reference value :  5.49143e-06
 Reference value :  5.49185e-06
 Reference value :  5.49207e-06
 Reference value :  5.49228e-06
 Reference value :  5.49254e-06
 Reference value :  5.49276e-06
 Reference value :  5.49304e-06
 Reference value :  5.49362e-06
 Reference value :  5.49454e-06
 Reference value :  5.49646e-06
 Reference value :  5.50238e-06
 Reference value :  5.50788e-06
 Reference value :  5.51338e-06
 Reference value :  5.51888e-06
 Reference value :  5.52438e-06
 Reference value :  5.52988e-06
 Reference value :  5.53287e-06
 Reference value :  5.53295e-06
 Reference value :  5.53311e-06
 Reference value :  5.53347e-06
 Reference value :  5.53362e-06
 Reference value :  5.53378e-06
 Reference value :  5.53387e-06
 Reference value :  5.53414e-06
 Reference value :  5.53438e-06
 Reference value :  5.53465e-06
 Reference value :  5.53507e-06
 Reference value :  5.53584e-06
 Reference value :  5.54051e-06
 Reference value :  5.54701e-06
 Reference value :  5.55251e-06
 Reference value :  5.55851e-06
 Reference value :  5.56401e-06
 Reference value :  5.56951e-06
 Reference value :  5.57454e-06
 Reference value :  5.57463e-06
 Reference value :  5.57487e-06
 Reference value :  5.57535e-06
 Reference value :  5.57551e-06
 Reference value :  5.57573e-06
 Reference value :  5.57603e-06
 Reference value :  5.57629e-06
 Reference value :  5.57683e-06
 Reference value :  5.57809e-06
 Reference value :  5.58018e-06
 Reference value :  5.58718e-06
 Reference value :  5.59268e-06
 Reference value :  5.59868e-06
 Reference value :  5.60468e-06
 Reference value :  5.61068e-06
 Reference value :  5.61619e-06
 Reference value :  5.61628e-06
 Reference value :  5.61643e-06
 Reference value :  5.61677e-06
 Reference value :  5.61694e-06
 Reference value :  5.61708e-06
 Reference value :  5.61720e-06
 Reference value :  5.61742e-06
 Reference value :  5.61770e-06
 Reference value :  5.61796e-06
 Reference value :  5.61823e-06
 Reference value :  5.61877e-06
 Reference value :  5.62007e-06
 Reference value :  5.62579e-06
 Reference value :  5.63129e-06
 Reference value :  5.63779e-06
 Reference value :  5.64279e-06
 Reference value :  5.64879e-06
 Reference value :  5.65429e-06
 Reference value :  5.65785e-06
 Reference value :  5.65793e-06
 Reference value :  5.65802e-06
 Reference value :  5.65841e-06
 Reference value :  5.65883e-06
 Reference value :  5.65906e-06
 Reference value :  5.65931e-06
 Reference value :  5.65964e-06
 Reference value :  5.66004e-06
 Reference value :  5.66073e-06
 Reference value :  5.66209e-06
 Reference value :  5.66690e-06
 Reference value :  5.67240e-06
 Reference value :  5.67790e-06
 Reference value :  5.68390e-06
 Reference value :  5.68890e-06
 Reference value :  5.69490e-06
 Reference value :  5.69950e-06
 Reference value :  5.69959e-06
 Reference value :  5.69976e-06
 Reference value :  5.70009e-06
 Reference value :  5.70027e-06
 Reference value :  5.70032e-06
 Reference value :  5.70048e-06
 Reference value :  5.70068e-06
 Reference value :  5.70101e-06
 Reference value :  5.70123e-06
 Reference value :  5.70158e-06
 Reference value :  5.70225e-06
 Reference value :  5.70569e-06
 Reference value :  5.71169e-06
 Reference value :  5.71819e-06
 Reference value :  5.72369e-06
 Reference value :  5.73019e-06
 Reference value :  5.73619e-06
 Reference value :  5.74119e-06
 Reference value :  5.74132e-06
 Reference value :  5.74174e-06
 Reference value :  5.74217e-06
 Reference value :  5.74242e-06
 Reference value :  5.74269e-06
 Reference value :  5.74294e-06
 Reference value :  5.74331e-06
 Reference value :  5.74406e-06
 Reference value :  5.74544e-06
 Reference value :  5.74925e-06
 Reference value :  5.75475e-06
 Reference value :  5.76025e-06
 Reference value :  5.76575e-06
 Reference value :  5.77225e-06
 Reference value :  5.77925e-06
 Reference value :  5.78287e-06
 Reference value :  5.78297e-06
 Reference value :  5.78324e-06
 Reference value :  5.78361e-06
 Reference value :  5.78373e-06
 Reference value :  5.78394e-06
 Reference value :  5.78421e-06
 Reference value :  5.78456e-06
 Reference value :  5.78504e-06
 Reference value :  5.78667e-06
 Reference value :  5.79387e-06
 Reference value :  5.80187e-06
 Reference value :  5.80937e-06
 Reference value :  5.81537e-06
 Reference value :  5.82087e-06
 Reference value :  5.82452e-06
 Reference value :  5.82460e-06
 Reference value :  5.82474e-06
 Reference value :  5.82508e-06
 Reference value :  5.82531e-06
 Reference value :  5.82552e-06
 Reference value :  5.82576e-06
 Reference value :  5.82609e-06
 Reference value :  5.82653e-06
 Reference value :  5.82728e-06
 Reference value :  5.82828e-06
 Reference value :  5.83254e-06
 Reference value :  5.83804e-06
 Reference value :  5.84354e-06
 Reference value :  5.84904e-06
 Reference value :  5.85404e-06
 Reference value :  5.85904e-06
 Reference value :  5.86404e-06
 Reference value :  5.86619e-06
 Reference value :  5.86627e-06
 Reference value :  5.86637e-06
 Reference value :  5.86658e-06
 Reference value :  5.86695e-06
 Reference value :  5.86707e-06
 Reference value :  5.86717e-06
 Reference value :  5.86731e-06
 Reference value :  5.86753e-06
 Reference value :  5.86782e-06
 Reference value :  5.86808e-06
 Reference value :  5.86853e-06
 Reference value :  5.86938e-06
 Reference value :  5.87404e-06
 Reference value :  5.87954e-06
 Reference value :  5.88454e-06
 Reference value :  5.88954e-06
 Reference value :  5.89454e-06
 Reference value :  5.90004e-06
 Reference value :  5.90554e-06
 Reference value :  5.90786e-06
 Reference value :  5.90795e-06
 Reference value :  5.90809e-06
 Reference value :  5.90849e-06
 Reference value :  5.90884e-06
 Reference value :  5.90906e-06
 Reference value :  5.90933e-06
 Reference value :  5.90956e-06
 Reference value :  5.90985e-06
 Reference value :  5.91050e-06
 Reference value :  5.91140e-06
 Reference value :  5.91297e-06
 Reference value :  5.91824e-06
 Reference value :  5.92374e-06
 Reference value :  5.92924e-06
 Reference value :  5.93424e-06
 Reference value :  5.93924e-06
 Reference value :  5.94424e-06
 Reference value :  5.94950e-06
 Reference value :  5.94960e-06
 Reference value :  5.94973e-06
 Reference value :  5.94994e-06
 Reference value :  5.95018e-06
 Reference value :  5.95029e-06
 Reference value :  5.95042e-06
 Reference value :  5.95054e-06
 Reference value :  5.95076e-06
 Reference value :  5.95092e-06
 Reference value :  5.95112e-06
 Reference value :  5.95135e-06
 Reference value :  5.95176e-06
 Reference value :  5.95278e-06
 Reference value :  5.95796e-06
 Reference value :  5.96346e-06
 Reference value :  5.96846e-06
 Reference value :  5.97346e-06
 Reference value :  5.97846e-06
 Reference value :  5.98396e-06
 Reference value :  5.98946e-06
 Reference value :  5.99120e-06
 Reference value :  5.99130e-06
 Reference value :  5.99151e-06
 Reference value :  5.99192e-06
 Reference value :  5.99208e-06
 Reference value :  5.99228e-06
 Reference value :  5.99257e-06
 Reference value :  5.99284e-06
 Reference value :  5.99315e-06
 Reference value :  5.99383e-06
 Reference value :  5.99476e-06
 Reference value :  5.99675e-06
 Reference value :  6.00225e-06
 Reference value :  6.00725e-06
 Reference value :  6.01275e-06
 Reference value :  6.01825e-06
 Reference value :  6.02375e-06
 Reference value :  6.02925e-06
 Reference value :  6.03285e-06
 Reference value :  6.03293e-06
 Reference value :  6.03302e-06
 Reference value :  6.03321e-06
 Reference value :  6.03350e-06
 Reference value :  6.03365e-06
 Reference value :  6.03383e-06
 Reference value :  6.03395e-06
 Reference value :  6.03418e-06
 Reference value :  6.03439e-06
 Reference value :  6.03462e-06
 Reference value :  6.03483e-06
 Reference value :  6.03506e-06
 Reference value :  6.03534e-06
 Reference value :  6.03567e-06
 Reference value :  6.03669e-06
 Reference value :  6.04107e-06
 Reference value :  6.04607e-06
 Reference value :  6.05107e-06
 Reference value :  6.05657e-06
 Reference value :  6.06157e-06
 Reference value :  6.06657e-06
 Reference value :  6.07157e-06
 Reference value :  6.07453e-06
 Reference value :  6.07462e-06
 Reference value :  6.07479e-06
 Reference value :  6.07515e-06
 Reference value :  6.07541e-06
 Reference value :  6.07561e-06
 Reference value :  6.07580e-06
 Reference value :  6.07598e-06
 Reference value :  6.07625e-06
 Reference value :  6.07660e-06
 Reference value :  6.07730e-06
 Reference value :  6.07852e-06
 Reference value :  6.08199e-06
 Reference value :  6.08699e-06
 Reference value :  6.09199e-06
 Reference value :  6.09749e-06
 Reference value :  6.10299e-06
 Reference value :  6.10899e-06
 Reference value :  6.11499e-06
 Reference value :  6.11621e-06
 Reference value :  6.11629e-06
 Reference value :  6.11644e-06
 Reference value :  6.11669e-06
 Reference value :  6.11695e-06
 Reference value :  6.11716e-06
 Reference value :  6.11723e-06
 Reference value :  6.11731e-06
 Reference value :  6.11741e-06
 Reference value :  6.11756e-06
 Reference value :  6.11780e-06
 Reference value :  6.11795e-06
 Reference value :  6.11811e-06
 Reference value :  6.11829e-06
 Reference value :  6.11844e-06
 Reference value :  6.11866e-06
 Reference value :  6.11915e-06
 Reference value :  6.12185e-06
 Reference value :  6.12685e-06
 Reference value :  6.13235e-06
 Reference value :  6.13785e-06
 Reference value :  6.14335e-06
 Reference value :  6.14885e-06
 Reference value :  6.15485e-06
 Reference value :  6.15790e-06
 Reference value :  6.15802e-06
 Reference value :  6.15849e-06
 Reference value :  6.15870e-06
 Reference value :  6.15893e-06
 Reference value :  6.15909e-06
 Reference value :  6.15935e-06
 Reference value :  6.15965e-06
 Reference value :  6.15995e-06
 Reference value :  6.16027e-06
 Reference value :  6.16055e-06
 Reference value :  6.16071e-06
 Reference value :  6.16090e-06
 Reference value :  6.16125e-06
 Reference value :  6.16177e-06
 Reference value :  6.16439e-06
 Reference value :  6.16989e-06
 Reference value :  6.17539e-06
 Reference value :  6.18139e-06
 Reference value :  6.18689e-06
 Reference value :  6.19239e-06
 Reference value :  6.19789e-06
 Reference value :  6.19955e-06
 Reference value :  6.19964e-06
 Reference value :  6.19980e-06
 Reference value :  6.20016e-06
 Reference value :  6.20030e-06
 Reference value :  6.20049e-06
 Reference value :  6.20054e-06
 Reference value :  6.20062e-06
 Reference value :  6.20082e-06
 Reference value :  6.20094e-06
 Reference value :  6.20120e-06
 Reference value :  6.20144e-06
 Reference value :  6.20172e-06
 Reference value :  6.20208e-06
 Reference value :  6.20281e-06
 Reference value :  6.20722e-06
 Reference value :  6.21272e-06
 Reference value :  6.21822e-06
 Reference value :  6.22422e-06
 Reference value :  6.22972e-06
 Reference value :  6.23522e-06
 Reference value :  6.24117e-06
 Reference value :  6.24126e-06
 Reference value :  6.24138e-06
 Reference value :  6.24183e-06
 Reference value :  6.24217e-06
 Reference value :  6.24240e-06
 Reference value :  6.24258e-06
 Reference value :  6.24283e-06
 Reference value :  6.24310e-06
 Reference value :  6.24327e-06
 Reference value :  6.24353e-06
 Reference value :  6.24411e-06
 Reference value :  6.24469e-06
 Reference value :  6.24624e-06
 Reference value :  6.25205e-06
 Reference value :  6.25755e-06
 Reference value :  6.26355e-06
 Reference value :  6.27005e-06
 Reference value :  6.27555e-06
 Reference value :  6.28105e-06
 Reference value :  6.28289e-06
 Reference value :  6.28297e-06
 Reference value :  6.28315e-06
No. of Data Rows : 27373

  Measurements for Transient Analysis

d9_c1               =  2.08368e-03
d8_c1               =  2.78055e-03
d7_c1               =  1.79725e+00
d6_c1               =  1.79725e+00
d5_c1               =  2.78070e-03
d4_c1               =  2.78077e-03
d3_c1               =  1.79725e+00
d2_c1               =  1.79724e+00
d1_c1               =  2.78121e-03
d0_c1               =  1.79724e+00
d9_c2               =  1.90433e-03
d8_c2               =  1.79749e+00
d7_c2               =  2.45251e-03
d6_c2               =  1.79749e+00
d5_c2               =  1.79749e+00
d4_c2               =  1.79749e+00
d3_c2               =  1.79749e+00
d2_c2               =  1.79749e+00
d1_c2               =  1.79749e+00
d0_c2               =  1.79748e+00
d9_c3               =  2.00971e-03
d8_c3               =  1.79739e+00
d7_c3               =  1.79739e+00
d6_c3               =  1.79739e+00
d5_c3               =  1.79739e+00
d4_c3               =  1.79739e+00
d3_c3               =  1.79739e+00
d2_c3               =  1.79738e+00
d1_c3               =  1.79738e+00
d0_c3               =  1.79738e+00
d9_c4               =  1.79821e+00
d8_c4               =  2.74307e-03
d7_c4               =  1.79734e+00
d6_c4               =  2.74308e-03
d5_c4               =  2.74308e-03
d4_c4               =  2.74308e-03
d3_c4               =  2.74308e-03
d2_c4               =  2.74308e-03
d1_c4               =  2.74300e-03
d0_c4               =  1.79734e+00
d9_c5               =  1.79867e+00
d8_c5               =  1.79737e+00
d7_c5               =  1.79737e+00
d6_c5               =  1.79737e+00
d5_c5               =  1.79737e+00
d4_c5               =  1.79737e+00
d3_c5               =  1.79737e+00
d2_c5               =  1.79737e+00
d1_c5               =  1.79737e+00
d0_c5               =  1.79737e+00
busy_c1_p0          =  1.79729e+00
smpl_c1_p0          =  2.10286e-03
busy_c1_p1          =  1.79730e+00
smpl_c1_p1          =  2.08658e-03
busy_c1_p2          =  1.79725e+00
smpl_c1_p2          =  2.08740e-03
busy_c1_p3          =  1.79716e+00
smpl_c1_p3          =  2.15614e-03
busy_c1_p4          =  1.79717e+00
smpl_c1_p4          =  2.15201e-03
busy_c1_p5          =  1.79725e+00
smpl_c1_p5          =  2.09511e-03
busy_c1_p6          =  1.79727e+00
smpl_c1_p6          =  2.10621e-03
busy_c1_p7          =  1.79727e+00
smpl_c1_p7          =  2.10196e-03
busy_c1_p8          =  1.79714e+00
smpl_c1_p8          =  2.19037e-03
busy_c1_p9          =  1.79711e+00
smpl_c1_p9          =  2.20095e-03
busy_c1_p10         =  1.79710e+00
smpl_c1_p10         =  2.20098e-03
busy_c1_p11         =  2.73674e-03
smpl_c1_p11         =  1.79928e+00
busy_c2_p0          =  1.79726e+00
smpl_c2_p0          =  2.11821e-03
busy_c2_p1          =  1.79721e+00
smpl_c2_p1          =  2.15886e-03
busy_c2_p2          =  1.79721e+00
smpl_c2_p2          =  2.15866e-03
busy_c2_p3          =  1.79716e+00
smpl_c2_p3          =  2.18838e-03
busy_c2_p4          =  1.79716e+00
smpl_c2_p4          =  2.19050e-03
busy_c2_p5          =  1.79722e+00
smpl_c2_p5          =  2.15150e-03
busy_c2_p6          =  1.79717e+00
smpl_c2_p6          =  2.15685e-03
busy_c2_p7          =  1.79717e+00
smpl_c2_p7          =  2.18342e-03
busy_c2_p8          =  1.79721e+00
smpl_c2_p8          =  2.15673e-03
busy_c2_p9          =  1.79722e+00
smpl_c2_p9          =  2.15086e-03
busy_c2_p10         =  1.79738e+00
smpl_c2_p10         =  2.02012e-03
busy_c2_p11         =  2.73879e-03
smpl_c2_p11         =  1.79928e+00
busy_c3_p0          =  1.79734e+00
smpl_c3_p0          =  2.08247e-03
busy_c3_p1          =  1.79725e+00
smpl_c3_p1          =  2.12933e-03
busy_c3_p2          =  1.79715e+00
smpl_c3_p2          =  2.16801e-03
busy_c3_p3          =  1.79725e+00
smpl_c3_p3          =  2.13594e-03
busy_c3_p4          =  1.79711e+00
smpl_c3_p4          =  2.19447e-03
busy_c3_p5          =  1.79723e+00
smpl_c3_p5          =  2.14840e-03
busy_c3_p6          =  1.79722e+00
smpl_c3_p6          =  2.15816e-03
busy_c3_p7          =  1.79728e+00
smpl_c3_p7          =  2.10795e-03
busy_c3_p8          =  1.79720e+00
smpl_c3_p8          =  2.16818e-03
busy_c3_p9          =  1.79739e+00
smpl_c3_p9          =  2.01936e-03
busy_c3_p10         =  1.79728e+00
smpl_c3_p10         =  2.11629e-03
busy_c3_p11         =  2.74198e-03
smpl_c3_p11         =  1.79927e+00
busy_c4_p0          =  1.79730e+00
smpl_c4_p0          =  2.09218e-03
busy_c4_p1          =  1.79719e+00
smpl_c4_p1          =  2.16856e-03
busy_c4_p2          =  1.79723e+00
smpl_c4_p2          =  2.14051e-03
busy_c4_p3          =  1.79720e+00
smpl_c4_p3          =  2.16234e-03
busy_c4_p4          =  1.79720e+00
smpl_c4_p4          =  2.16401e-03
busy_c4_p5          =  1.79721e+00
smpl_c4_p5          =  2.15669e-03
busy_c4_p6          =  1.79717e+00
smpl_c4_p6          =  2.17855e-03
busy_c4_p7          =  1.79721e+00
smpl_c4_p7          =  2.12069e-03
busy_c4_p8          =  1.79721e+00
smpl_c4_p8          =  2.15485e-03
busy_c4_p9          =  1.79720e+00
smpl_c4_p9          =  2.15942e-03
busy_c4_p10         =  1.79720e+00
smpl_c4_p10         =  2.16209e-03
busy_c4_p11         =  2.73521e-03
smpl_c4_p11         =  1.79927e+00
busy_c5_p0          =  1.79731e+00
smpl_c5_p0          =  2.09447e-03
busy_c5_p1          =  1.79717e+00
smpl_c5_p1          =  2.17796e-03
busy_c5_p2          =  1.79735e+00
smpl_c5_p2          =  1.99432e-03
busy_c5_p3          =  1.79724e+00
smpl_c5_p3          =  2.09355e-03
busy_c5_p4          =  1.79722e+00
smpl_c5_p4          =  2.10571e-03
busy_c5_p5          =  1.79711e+00
smpl_c5_p5          =  2.15662e-03
busy_c5_p6          =  1.79716e+00
smpl_c5_p6          =  2.11169e-03
busy_c5_p7          =  1.79714e+00
smpl_c5_p7          =  2.16606e-03
busy_c5_p8          =  1.79723e+00
smpl_c5_p8          =  2.07621e-03
busy_c5_p9          =  1.79715e+00
smpl_c5_p9          =  2.17110e-03
busy_c5_p10         =  1.79721e+00
smpl_c5_p10         =  2.11133e-03
busy_c5_p11         =  2.72525e-03
smpl_c5_p11         =  1.79927e+00
i_vdd               =  -2.13324e-06 from=  3.20000e-06 to=  4.20009e-06
i_vpwr              =  -7.19144e-06 from=  3.20000e-06 to=  4.20009e-06
i_vrefp             =  -6.50307e-06 from=  3.20000e-06 to=  4.20009e-06
i_vrefn             =  6.49098e-06 from=  3.20000e-06 to=  4.20009e-06
i_vcm               =  1.22306e-08 from=  3.20000e-06 to=  4.20009e-06
gnd_die_max         =  2.67486e-01 at=  3.11765e-06
gnd_die_min         =  -1.10426e-01 at=  1.20056e-06
vgnd_max            =  4.93318e-02 at=  6.11699e-06
vgnd_min            =  -7.74090e-02 at=  6.11709e-06
vdd_max             =  1.85880e+00 at=  6.11717e-06
vdd_min             =  1.71603e+00 at=  6.11712e-06
vpwr_max            =  1.87724e+00 at=  6.11714e-06
vpwr_min            =  1.74439e+00 at=  6.11718e-06
vdda_min            =  1.53589e+00 at=  3.11765e-06
vdda_max            =  1.90927e+00 at=  3.20053e-06
i_vgnd              =  9.38752e-06 from=  3.20000e-06 to=  4.20009e-06
i_sub               =  2.20183e-06 from=  3.20000e-06 to=  4.20009e-06


Total analysis time (seconds) = 5895.59

Total elapsed time (seconds) = 6265.198 

Total DRAM available = 98304.000 MB.
DRAM currently available = 5780.750 MB.
Maximum ngspice program size =  813.188 MB.
Current ngspice program size =   34.547 MB.

Note: Starting dynamic gmin stepping
Note: Dynamic gmin stepping completed
