
Note: Compatibility modes selected: hs a


Circuit: * sim/ground-return-impedance (issue #378) arm 'pkg-nopad-1k' -- reusing

option SCALE: Scale is set to 1e-06 for instance and model parameters
option SCALE: Scale is set to 1e-06 for instance and model parameters
option SCALE: Scale is set to 1e-06 for instance and model parameters
option SCALE: Scale is set to 1e-06 for instance and model parameters
Doing analysis at TEMP = 27.000000 and TNOM = 27.000000

Using KLU as Direct Linear Solver
 Reference value :  0.00000e+00
 Reference value :  5.64000e-09
 Reference value :  1.41400e-08
 Reference value :  2.00320e-08
 Reference value :  2.01382e-08
 Reference value :  2.03395e-08
 Reference value :  2.04528e-08
 Reference value :  2.05907e-08
 Reference value :  2.07747e-08
 Reference value :  2.10016e-08
 Reference value :  2.10588e-08
 Reference value :  2.11259e-08
 Reference value :  2.12226e-08
 Reference value :  2.13283e-08
 Reference value :  2.15825e-08
 Reference value :  2.19654e-08
 Reference value :  2.27634e-08
 Reference value :  2.71434e-08
 Reference value :  3.21434e-08
 Reference value :  3.71434e-08
 Reference value :  4.21434e-08
 Reference value :  4.71434e-08
 Reference value :  5.26434e-08
 Reference value :  5.91434e-08
 Reference value :  6.46434e-08
 Reference value :  6.96434e-08
 Reference value :  7.46434e-08
 Reference value :  7.96434e-08
 Reference value :  8.46434e-08
 Reference value :  8.96434e-08
 Reference value :  9.46434e-08
 Reference value :  9.96434e-08
 Reference value :  1.04643e-07
 Reference value :  1.09643e-07
 Reference value :  1.14643e-07
 Reference value :  1.20143e-07
 Reference value :  1.25143e-07
 Reference value :  1.30643e-07
 Reference value :  1.39643e-07
 Reference value :  1.44643e-07
 Reference value :  1.49143e-07
 Reference value :  1.54143e-07
 Reference value :  1.59143e-07
 Reference value :  1.64643e-07
 Reference value :  1.70143e-07
 Reference value :  1.75143e-07
 Reference value :  1.80143e-07
 Reference value :  1.85143e-07
 Reference value :  1.90143e-07
 Reference value :  1.95143e-07
 Reference value :  1.99507e-07
 Reference value :  1.99589e-07
 Reference value :  1.99685e-07
 Reference value :  1.99905e-07
 Reference value :  2.00179e-07
 Reference value :  2.00311e-07
 Reference value :  2.00500e-07
 Reference value :  2.00624e-07
 Reference value :  2.00876e-07
 Reference value :  2.01038e-07
 Reference value :  2.01207e-07
 Reference value :  2.01427e-07
 Reference value :  2.01640e-07
 Reference value :  2.01880e-07
 Reference value :  2.02460e-07
 Reference value :  2.04852e-07
 Reference value :  2.09852e-07
 Reference value :  2.15852e-07
 Reference value :  2.21852e-07
 Reference value :  2.27352e-07
 Reference value :  2.33352e-07
 Reference value :  2.39852e-07
 Reference value :  2.41222e-07
 Reference value :  2.41309e-07
 Reference value :  2.41513e-07
 Reference value :  2.42058e-07
 Reference value :  2.42218e-07
 Reference value :  2.42430e-07
 Reference value :  2.42698e-07
 Reference value :  2.42980e-07
 Reference value :  2.43659e-07
 Reference value :  2.43964e-07
 Reference value :  2.44264e-07
 Reference value :  2.44432e-07
 Reference value :  2.44740e-07
 Reference value :  2.45565e-07
 Reference value :  2.49131e-07
 Reference value :  2.55631e-07
 Reference value :  2.61631e-07
 Reference value :  2.67131e-07
 Reference value :  2.74131e-07
 Reference value :  2.81131e-07
 Reference value :  2.82887e-07
 Reference value :  2.83012e-07
 Reference value :  2.83468e-07
 Reference value :  2.83684e-07
 Reference value :  2.83920e-07
 Reference value :  2.84125e-07
 Reference value :  2.84290e-07
 Reference value :  2.84415e-07
 Reference value :  2.84716e-07
 Reference value :  2.84833e-07
 Reference value :  2.85096e-07
 Reference value :  2.85268e-07
 Reference value :  2.85466e-07
 Reference value :  2.85720e-07
 Reference value :  2.86251e-07
 Reference value :  2.88845e-07
 Reference value :  2.94345e-07
 Reference value :  2.99345e-07
 Reference value :  3.04345e-07
 Reference value :  3.09345e-07
 Reference value :  3.14345e-07
 Reference value :  3.19345e-07
 Reference value :  3.24172e-07
 Reference value :  3.24557e-07
 Reference value :  3.24681e-07
 Reference value :  3.24965e-07
 Reference value :  3.25475e-07
 Reference value :  3.25618e-07
 Reference value :  3.25854e-07
 Reference value :  3.26109e-07
 Reference value :  3.26293e-07
 Reference value :  3.26802e-07
 Reference value :  3.28990e-07
 Reference value :  3.31306e-07
 Reference value :  3.31964e-07
 Reference value :  3.32734e-07
 Reference value :  3.36428e-07
 Reference value :  3.41428e-07
 Reference value :  3.46928e-07
 Reference value :  3.51928e-07
 Reference value :  3.56928e-07
 Reference value :  3.61928e-07
 Reference value :  3.66172e-07
 Reference value :  3.66253e-07
 Reference value :  3.66346e-07
 Reference value :  3.66552e-07
 Reference value :  3.66929e-07
 Reference value :  3.67063e-07
 Reference value :  3.67194e-07
 Reference value :  3.67332e-07
 Reference value :  3.67535e-07
 Reference value :  3.67753e-07
 Reference value :  3.67944e-07
 Reference value :  3.68264e-07
 Reference value :  3.68713e-07
 Reference value :  3.71955e-07
 Reference value :  3.78455e-07
 Reference value :  3.83955e-07
 Reference value :  3.89455e-07
 Reference value :  3.95955e-07
 Reference value :  4.00955e-07
 Reference value :  4.05955e-07
 Reference value :  4.07891e-07
 Reference value :  4.07966e-07
 Reference value :  4.08122e-07
 Reference value :  4.08545e-07
 Reference value :  4.08837e-07
 Reference value :  4.09039e-07
 Reference value :  4.09280e-07
 Reference value :  4.09485e-07
 Reference value :  4.09760e-07
 Reference value :  4.10237e-07
 Reference value :  4.10647e-07
 Reference value :  4.10847e-07
 Reference value :  4.11488e-07
 Reference value :  4.12322e-07
 Reference value :  4.12902e-07
 Reference value :  4.13077e-07
 Reference value :  4.13311e-07
 Reference value :  4.13549e-07
 Reference value :  4.14206e-07
 Reference value :  4.15831e-07
 Reference value :  4.20831e-07
 Reference value :  4.26331e-07
 Reference value :  4.31331e-07
 Reference value :  4.36831e-07
 Reference value :  4.42331e-07
 Reference value :  4.47831e-07
 Reference value :  4.49533e-07
 Reference value :  4.49615e-07
 Reference value :  4.49744e-07
 Reference value :  4.50088e-07
 Reference value :  4.50239e-07
 Reference value :  4.50415e-07
 Reference value :  4.50557e-07
 Reference value :  4.50779e-07
 Reference value :  4.50947e-07
 Reference value :  4.51167e-07
 Reference value :  4.51404e-07
 Reference value :  4.51573e-07
 Reference value :  4.51767e-07
 Reference value :  4.51939e-07
 Reference value :  4.52171e-07
 Reference value :  4.52450e-07
 Reference value :  4.53298e-07
 Reference value :  4.57965e-07
 Reference value :  4.62965e-07
 Reference value :  4.68465e-07
 Reference value :  4.73965e-07
 Reference value :  4.79965e-07
 Reference value :  4.85465e-07
 Reference value :  4.90465e-07
 Reference value :  4.91226e-07
 Reference value :  4.91308e-07
 Reference value :  4.91479e-07
 Reference value :  4.91937e-07
 Reference value :  4.92168e-07
 Reference value :  4.92334e-07
 Reference value :  4.92567e-07
 Reference value :  4.92777e-07
 Reference value :  4.92988e-07
 Reference value :  4.93665e-07
 Reference value :  4.95312e-07
 Reference value :  4.95832e-07
 Reference value :  4.96228e-07
 Reference value :  4.97615e-07
 Reference value :  5.02707e-07
 Reference value :  5.07707e-07
 Reference value :  5.10707e-07
 Reference value :  5.12216e-07
 Reference value :  5.13082e-07
 Reference value :  5.13308e-07
 Reference value :  5.13478e-07
 Reference value :  5.13775e-07
 Reference value :  5.14539e-07
 Reference value :  5.18721e-07
 Reference value :  5.24221e-07
 Reference value :  5.29221e-07
 Reference value :  5.32858e-07
 Reference value :  5.32927e-07
 Reference value :  5.33013e-07
 Reference value :  5.33265e-07
 Reference value :  5.33532e-07
 Reference value :  5.33616e-07
 Reference value :  5.33826e-07
 Reference value :  5.33902e-07
 Reference value :  5.34101e-07
 Reference value :  5.34320e-07
 Reference value :  5.34554e-07
 Reference value :  5.34763e-07
 Reference value :  5.34930e-07
 Reference value :  5.35102e-07
 Reference value :  5.35326e-07
 Reference value :  5.35602e-07
 Reference value :  5.35949e-07
 Reference value :  5.37484e-07
 Reference value :  5.42360e-07
 Reference value :  5.47860e-07
 Reference value :  5.52860e-07
 Reference value :  5.57860e-07
 Reference value :  5.63360e-07
 Reference value :  5.68360e-07
 Reference value :  5.73360e-07
 Reference value :  5.74547e-07
 Reference value :  5.74637e-07
 Reference value :  5.74807e-07
 Reference value :  5.75264e-07
 Reference value :  5.75502e-07
 Reference value :  5.75645e-07
 Reference value :  5.75883e-07
 Reference value :  5.76174e-07
 Reference value :  5.76396e-07
 Reference value :  5.76885e-07
 Reference value :  5.79314e-07
 Reference value :  5.80430e-07
 Reference value :  5.81044e-07
 Reference value :  5.82355e-07
 Reference value :  5.86614e-07
 Reference value :  5.91614e-07
 Reference value :  5.96614e-07
 Reference value :  6.02614e-07
 Reference value :  6.08114e-07
 Reference value :  6.13114e-07
 Reference value :  6.16190e-07
 Reference value :  6.16269e-07
 Reference value :  6.16426e-07
 Reference value :  6.16816e-07
 Reference value :  6.16989e-07
 Reference value :  6.17098e-07
 Reference value :  6.17249e-07
 Reference value :  6.17420e-07
 Reference value :  6.17609e-07
 Reference value :  6.17820e-07
 Reference value :  6.18196e-07
 Reference value :  6.19214e-07
 Reference value :  6.23917e-07
 Reference value :  6.29417e-07
 Reference value :  6.36417e-07
 Reference value :  6.41917e-07
 Reference value :  6.47917e-07
 Reference value :  6.53417e-07
 Reference value :  6.57840e-07
 Reference value :  6.57934e-07
 Reference value :  6.58029e-07
 Reference value :  6.58245e-07
 Reference value :  6.58719e-07
 Reference value :  6.58889e-07
 Reference value :  6.59068e-07
 Reference value :  6.59265e-07
 Reference value :  6.59472e-07
 Reference value :  6.59732e-07
 Reference value :  6.60713e-07
 Reference value :  6.62071e-07
 Reference value :  6.62523e-07
 Reference value :  6.63055e-07
 Reference value :  6.65120e-07
 Reference value :  6.70620e-07
 Reference value :  6.75620e-07
 Reference value :  6.80620e-07
 Reference value :  6.86620e-07
 Reference value :  6.93620e-07
 Reference value :  6.99500e-07
 Reference value :  6.99567e-07
 Reference value :  6.99676e-07
 Reference value :  6.99890e-07
 Reference value :  7.00250e-07
 Reference value :  7.00368e-07
 Reference value :  7.00518e-07
 Reference value :  7.00649e-07
 Reference value :  7.00832e-07
 Reference value :  7.01026e-07
 Reference value :  7.01254e-07
 Reference value :  7.01530e-07
 Reference value :  7.02010e-07
 Reference value :  7.03695e-07
 Reference value :  7.09195e-07
 Reference value :  7.14695e-07
 Reference value :  7.19695e-07
 Reference value :  7.24695e-07
 Reference value :  7.30195e-07
 Reference value :  7.35695e-07
 Reference value :  7.41167e-07
 Reference value :  7.41258e-07
 Reference value :  7.41345e-07
 Reference value :  7.41624e-07
 Reference value :  7.42053e-07
 Reference value :  7.42179e-07
 Reference value :  7.42402e-07
 Reference value :  7.42638e-07
 Reference value :  7.42840e-07
 Reference value :  7.43029e-07
 Reference value :  7.43838e-07
 Reference value :  7.44876e-07
 Reference value :  7.45385e-07
 Reference value :  7.45801e-07
 Reference value :  7.47631e-07
 Reference value :  7.55353e-07
 Reference value :  7.61353e-07
 Reference value :  7.66853e-07
 Reference value :  7.70853e-07
 Reference value :  7.72675e-07
 Reference value :  7.73087e-07
 Reference value :  7.73300e-07
 Reference value :  7.73519e-07
 Reference value :  7.73845e-07
 Reference value :  7.74466e-07
 Reference value :  7.78278e-07
 Reference value :  7.82847e-07
 Reference value :  7.82938e-07
 Reference value :  7.83214e-07
 Reference value :  7.83598e-07
 Reference value :  7.83756e-07
 Reference value :  7.83962e-07
 Reference value :  7.84155e-07
 Reference value :  7.84457e-07
 Reference value :  7.84586e-07
 Reference value :  7.84807e-07
 Reference value :  7.85023e-07
 Reference value :  7.85299e-07
 Reference value :  7.85478e-07
 Reference value :  7.85924e-07
 Reference value :  7.88352e-07
 Reference value :  7.93352e-07
 Reference value :  7.98852e-07
 Reference value :  8.03852e-07
 Reference value :  8.08852e-07
 Reference value :  8.13852e-07
 Reference value :  8.19352e-07
 Reference value :  8.24500e-07
 Reference value :  8.24568e-07
 Reference value :  8.24682e-07
 Reference value :  8.25036e-07
 Reference value :  8.25477e-07
 Reference value :  8.25624e-07
 Reference value :  8.25869e-07
 Reference value :  8.26146e-07
 Reference value :  8.26447e-07
 Reference value :  8.27369e-07
 Reference value :  8.28664e-07
 Reference value :  8.29153e-07
 Reference value :  8.29669e-07
 Reference value :  8.31990e-07
 Reference value :  8.37408e-07
 Reference value :  8.42908e-07
 Reference value :  8.48408e-07
 Reference value :  8.53908e-07
 Reference value :  8.60408e-07
 Reference value :  8.62337e-07
 Reference value :  8.63771e-07
 Reference value :  8.64059e-07
 Reference value :  8.64274e-07
 Reference value :  8.64678e-07
 Reference value :  8.65953e-07
 Reference value :  8.66228e-07
 Reference value :  8.66344e-07
 Reference value :  8.66811e-07
 Reference value :  8.66966e-07
 Reference value :  8.67087e-07
 Reference value :  8.67244e-07
 Reference value :  8.67434e-07
 Reference value :  8.67656e-07
 Reference value :  8.67846e-07
 Reference value :  8.68032e-07
 Reference value :  8.68246e-07
 Reference value :  8.68415e-07
 Reference value :  8.68644e-07
 Reference value :  8.68932e-07
 Reference value :  8.69436e-07
 Reference value :  8.72832e-07
 Reference value :  8.78332e-07
 Reference value :  8.83332e-07
 Reference value :  8.88332e-07
 Reference value :  8.94332e-07
 Reference value :  8.99332e-07
 Reference value :  9.04332e-07
 Reference value :  9.07864e-07
 Reference value :  9.07935e-07
 Reference value :  9.08084e-07
 Reference value :  9.08357e-07
 Reference value :  9.08723e-07
 Reference value :  9.08921e-07
 Reference value :  9.09153e-07
 Reference value :  9.09373e-07
 Reference value :  9.09594e-07
 Reference value :  9.09975e-07
 Reference value :  9.11361e-07
 Reference value :  9.12095e-07
 Reference value :  9.12476e-07
 Reference value :  9.13694e-07
 Reference value :  9.18305e-07
 Reference value :  9.23305e-07
 Reference value :  9.29305e-07
 Reference value :  9.34805e-07
 Reference value :  9.40805e-07
 Reference value :  9.45805e-07
 Reference value :  9.49526e-07
 Reference value :  9.49602e-07
 Reference value :  9.49746e-07
 Reference value :  9.50146e-07
 Reference value :  9.50291e-07
 Reference value :  9.50472e-07
 Reference value :  9.50534e-07
 Reference value :  9.50648e-07
 Reference value :  9.50872e-07
 Reference value :  9.51122e-07
 Reference value :  9.51272e-07
 Reference value :  9.51505e-07
 Reference value :  9.51766e-07
 Reference value :  9.51979e-07
 Reference value :  9.52293e-07
 Reference value :  9.52805e-07
 Reference value :  9.54952e-07
 Reference value :  9.60452e-07
 Reference value :  9.65452e-07
 Reference value :  9.70452e-07
 Reference value :  9.75952e-07
 Reference value :  9.80952e-07
 Reference value :  9.85952e-07
 Reference value :  9.91167e-07
 Reference value :  9.91227e-07
 Reference value :  9.91304e-07
 Reference value :  9.91550e-07
 Reference value :  9.92042e-07
 Reference value :  9.92181e-07
 Reference value :  9.92413e-07
 Reference value :  9.92655e-07
 Reference value :  9.92912e-07
 Reference value :  9.93239e-07
 Reference value :  9.94740e-07
 Reference value :  9.95274e-07
 Reference value :  9.95641e-07
 Reference value :  9.96586e-07
 Reference value :  1.00037e-06
 Reference value :  1.00587e-06
 Reference value :  1.01137e-06
 Reference value :  1.01687e-06
 Reference value :  1.02237e-06
 Reference value :  1.02737e-06
 Reference value :  1.03087e-06
 Reference value :  1.03201e-06
 Reference value :  1.03283e-06
 Reference value :  1.03291e-06
 Reference value :  1.03300e-06
 Reference value :  1.03319e-06
 Reference value :  1.03353e-06
 Reference value :  1.03368e-06
 Reference value :  1.03383e-06
 Reference value :  1.03392e-06
 Reference value :  1.03411e-06
 Reference value :  1.03440e-06
 Reference value :  1.03457e-06
 Reference value :  1.03478e-06
 Reference value :  1.03501e-06
 Reference value :  1.03530e-06
 Reference value :  1.03574e-06
 Reference value :  1.03827e-06
 Reference value :  1.04377e-06
 Reference value :  1.04927e-06
 Reference value :  1.05477e-06
 Reference value :  1.05977e-06
 Reference value :  1.06477e-06
 Reference value :  1.07077e-06
 Reference value :  1.07451e-06
 Reference value :  1.07459e-06
 Reference value :  1.07475e-06
 Reference value :  1.07508e-06
 Reference value :  1.07555e-06
 Reference value :  1.07578e-06
 Reference value :  1.07603e-06
 Reference value :  1.07629e-06
 Reference value :  1.07684e-06
 Reference value :  1.07839e-06
 Reference value :  1.07900e-06
 Reference value :  1.07941e-06
 Reference value :  1.08060e-06
 Reference value :  1.08536e-06
 Reference value :  1.09086e-06
 Reference value :  1.09736e-06
 Reference value :  1.10386e-06
 Reference value :  1.11236e-06
 Reference value :  1.11617e-06
 Reference value :  1.11627e-06
 Reference value :  1.11638e-06
 Reference value :  1.11654e-06
 Reference value :  1.11687e-06
 Reference value :  1.11698e-06
 Reference value :  1.11712e-06
 Reference value :  1.11719e-06
 Reference value :  1.11726e-06
 Reference value :  1.11740e-06
 Reference value :  1.11755e-06
 Reference value :  1.11768e-06
 Reference value :  1.11778e-06
 Reference value :  1.11798e-06
 Reference value :  1.11817e-06
 Reference value :  1.11827e-06
 Reference value :  1.11842e-06
 Reference value :  1.11860e-06
 Reference value :  1.11882e-06
 Reference value :  1.11920e-06
 Reference value :  1.12037e-06
 Reference value :  1.12469e-06
 Reference value :  1.13019e-06
 Reference value :  1.13519e-06
 Reference value :  1.14069e-06
 Reference value :  1.14669e-06
 Reference value :  1.15169e-06
 Reference value :  1.15669e-06
 Reference value :  1.15788e-06
 Reference value :  1.15798e-06
 Reference value :  1.15813e-06
 Reference value :  1.15860e-06
 Reference value :  1.15883e-06
 Reference value :  1.15905e-06
 Reference value :  1.15921e-06
 Reference value :  1.15946e-06
 Reference value :  1.15967e-06
 Reference value :  1.15996e-06
 Reference value :  1.16025e-06
 Reference value :  1.16085e-06
 Reference value :  1.16118e-06
 Reference value :  1.16141e-06
 Reference value :  1.16178e-06
 Reference value :  1.16278e-06
 Reference value :  1.16715e-06
 Reference value :  1.17265e-06
 Reference value :  1.17765e-06
 Reference value :  1.18315e-06
 Reference value :  1.18815e-06
 Reference value :  1.19365e-06
 Reference value :  1.19908e-06
 Reference value :  1.19957e-06
 Reference value :  1.19967e-06
 Reference value :  1.19987e-06
 Reference value :  1.20022e-06
 Reference value :  1.20033e-06
 Reference value :  1.20050e-06
 Reference value :  1.20056e-06
 Reference value :  1.20070e-06
 Reference value :  1.20087e-06
 Reference value :  1.20103e-06
 Reference value :  1.20122e-06
 Reference value :  1.20146e-06
 Reference value :  1.20169e-06
 Reference value :  1.20200e-06
 Reference value :  1.20286e-06
 Reference value :  1.20903e-06
 Reference value :  1.21453e-06
 Reference value :  1.22003e-06
 Reference value :  1.22503e-06
 Reference value :  1.23003e-06
 Reference value :  1.23553e-06
 Reference value :  1.24053e-06
 Reference value :  1.24123e-06
 Reference value :  1.24136e-06
 Reference value :  1.24165e-06
 Reference value :  1.24206e-06
 Reference value :  1.24224e-06
 Reference value :  1.24251e-06
 Reference value :  1.24288e-06
 Reference value :  1.24334e-06
 Reference value :  1.24375e-06
 Reference value :  1.24417e-06
 Reference value :  1.24436e-06
 Reference value :  1.24470e-06
 Reference value :  1.24586e-06
 Reference value :  1.25049e-06
 Reference value :  1.25649e-06
 Reference value :  1.26299e-06
 Reference value :  1.26899e-06
 Reference value :  1.27549e-06
 Reference value :  1.28149e-06
 Reference value :  1.28289e-06
 Reference value :  1.28297e-06
 Reference value :  1.28317e-06
 Reference value :  1.28351e-06
 Reference value :  1.28363e-06
 Reference value :  1.28381e-06
 Reference value :  1.28392e-06
 Reference value :  1.28410e-06
 Reference value :  1.28429e-06
 Reference value :  1.28445e-06
 Reference value :  1.28471e-06
 Reference value :  1.28491e-06
 Reference value :  1.28513e-06
 Reference value :  1.28532e-06
 Reference value :  1.28567e-06
 Reference value :  1.28633e-06
 Reference value :  1.28900e-06
 Reference value :  1.29400e-06
 Reference value :  1.29950e-06
 Reference value :  1.30450e-06
 Reference value :  1.30950e-06
 Reference value :  1.31500e-06
 Reference value :  1.32050e-06
 Reference value :  1.32450e-06
 Reference value :  1.32457e-06
 Reference value :  1.32467e-06
 Reference value :  1.32484e-06
 Reference value :  1.32538e-06
 Reference value :  1.32558e-06
 Reference value :  1.32580e-06
 Reference value :  1.32601e-06
 Reference value :  1.32630e-06
 Reference value :  1.32671e-06
 Reference value :  1.32778e-06
 Reference value :  1.32845e-06
 Reference value :  1.32887e-06
 Reference value :  1.33027e-06
 Reference value :  1.33271e-06
 Reference value :  1.33395e-06
 Reference value :  1.33433e-06
 Reference value :  1.33457e-06
 Reference value :  1.33486e-06
 Reference value :  1.33532e-06
 Reference value :  1.33736e-06
 Reference value :  1.34236e-06
 Reference value :  1.34786e-06
 Reference value :  1.35336e-06
 Reference value :  1.35836e-06
 Reference value :  1.36336e-06
 Reference value :  1.36620e-06
 Reference value :  1.36627e-06
 Reference value :  1.36641e-06
 Reference value :  1.36667e-06
 Reference value :  1.36690e-06
 Reference value :  1.36695e-06
 Reference value :  1.36716e-06
 Reference value :  1.36728e-06
 Reference value :  1.36747e-06
 Reference value :  1.36762e-06
 Reference value :  1.36783e-06
 Reference value :  1.36808e-06
 Reference value :  1.36824e-06
 Reference value :  1.36841e-06
 Reference value :  1.36859e-06
 Reference value :  1.36882e-06
 Reference value :  1.36915e-06
 Reference value :  1.37013e-06
 Reference value :  1.37466e-06
 Reference value :  1.38066e-06
 Reference value :  1.38716e-06
 Reference value :  1.39366e-06
 Reference value :  1.39866e-06
 Reference value :  1.40416e-06
 Reference value :  1.40784e-06
 Reference value :  1.40790e-06
 Reference value :  1.40802e-06
 Reference value :  1.40829e-06
 Reference value :  1.40882e-06
 Reference value :  1.40894e-06
 Reference value :  1.40915e-06
 Reference value :  1.40942e-06
 Reference value :  1.40960e-06
 Reference value :  1.41003e-06
 Reference value :  1.41134e-06
 Reference value :  1.41356e-06
 Reference value :  1.41808e-06
 Reference value :  1.42358e-06
 Reference value :  1.42858e-06
 Reference value :  1.43408e-06
 Reference value :  1.43908e-06
 Reference value :  1.44408e-06
 Reference value :  1.44950e-06
 Reference value :  1.44957e-06
 Reference value :  1.44965e-06
 Reference value :  1.44986e-06
 Reference value :  1.45014e-06
 Reference value :  1.45029e-06
 Reference value :  1.45044e-06
 Reference value :  1.45054e-06
 Reference value :  1.45070e-06
 Reference value :  1.45100e-06
 Reference value :  1.45120e-06
 Reference value :  1.45154e-06
 Reference value :  1.45223e-06
 Reference value :  1.45508e-06
 Reference value :  1.46058e-06
 Reference value :  1.46558e-06
 Reference value :  1.47158e-06
 Reference value :  1.47658e-06
 Reference value :  1.48158e-06
 Reference value :  1.48758e-06
 Reference value :  1.49117e-06
 Reference value :  1.49123e-06
 Reference value :  1.49136e-06
 Reference value :  1.49159e-06
 Reference value :  1.49215e-06
 Reference value :  1.49228e-06
 Reference value :  1.49251e-06
 Reference value :  1.49280e-06
 Reference value :  1.49306e-06
 Reference value :  1.49419e-06
 Reference value :  1.49518e-06
 Reference value :  1.49563e-06
 Reference value :  1.49619e-06
 Reference value :  1.49872e-06
 Reference value :  1.50422e-06
 Reference value :  1.50922e-06
 Reference value :  1.51422e-06
 Reference value :  1.51972e-06
 Reference value :  1.52472e-06
 Reference value :  1.53022e-06
 Reference value :  1.53286e-06
 Reference value :  1.53295e-06
 Reference value :  1.53313e-06
 Reference value :  1.53347e-06
 Reference value :  1.53360e-06
 Reference value :  1.53368e-06
 Reference value :  1.53384e-06
 Reference value :  1.53394e-06
 Reference value :  1.53416e-06
 Reference value :  1.53442e-06
 Reference value :  1.53467e-06
 Reference value :  1.53497e-06
 Reference value :  1.53544e-06
 Reference value :  1.53885e-06
 Reference value :  1.54385e-06
 Reference value :  1.54935e-06
 Reference value :  1.55435e-06
 Reference value :  1.55935e-06
 Reference value :  1.56535e-06
 Reference value :  1.57035e-06
 Reference value :  1.57451e-06
 Reference value :  1.57459e-06
 Reference value :  1.57468e-06
 Reference value :  1.57497e-06
 Reference value :  1.57547e-06
 Reference value :  1.57562e-06
 Reference value :  1.57586e-06
 Reference value :  1.57607e-06
 Reference value :  1.57629e-06
 Reference value :  1.57672e-06
 Reference value :  1.57822e-06
 Reference value :  1.57895e-06
 Reference value :  1.57924e-06
 Reference value :  1.57970e-06
 Reference value :  1.58267e-06
 Reference value :  1.58717e-06
 Reference value :  1.58858e-06
 Reference value :  1.59004e-06
 Reference value :  1.59037e-06
 Reference value :  1.59054e-06
 Reference value :  1.59084e-06
 Reference value :  1.59149e-06
 Reference value :  1.59366e-06
 Reference value :  1.59916e-06
 Reference value :  1.60466e-06
 Reference value :  1.61016e-06
 Reference value :  1.61516e-06
 Reference value :  1.61622e-06
 Reference value :  1.61630e-06
 Reference value :  1.61653e-06
 Reference value :  1.61685e-06
 Reference value :  1.61699e-06
 Reference value :  1.61717e-06
 Reference value :  1.61726e-06
 Reference value :  1.61752e-06
 Reference value :  1.61771e-06
 Reference value :  1.61790e-06
 Reference value :  1.61807e-06
 Reference value :  1.61824e-06
 Reference value :  1.61846e-06
 Reference value :  1.61860e-06
 Reference value :  1.61883e-06
 Reference value :  1.61923e-06
 Reference value :  1.62039e-06
 Reference value :  1.62501e-06
 Reference value :  1.63001e-06
 Reference value :  1.63501e-06
 Reference value :  1.64051e-06
 Reference value :  1.64651e-06
 Reference value :  1.65301e-06
 Reference value :  1.65783e-06
 Reference value :  1.65790e-06
 Reference value :  1.65801e-06
 Reference value :  1.65819e-06
 Reference value :  1.65872e-06
 Reference value :  1.65891e-06
 Reference value :  1.65917e-06
 Reference value :  1.65938e-06
 Reference value :  1.65968e-06
 Reference value :  1.66059e-06
 Reference value :  1.66159e-06
 Reference value :  1.66213e-06
 Reference value :  1.66275e-06
 Reference value :  1.66602e-06
 Reference value :  1.67152e-06
 Reference value :  1.67802e-06
 Reference value :  1.68302e-06
 Reference value :  1.68702e-06
 Reference value :  1.68900e-06
 Reference value :  1.68937e-06
 Reference value :  1.68961e-06
 Reference value :  1.69014e-06
 Reference value :  1.69219e-06
 Reference value :  1.69719e-06
 Reference value :  1.69953e-06
 Reference value :  1.69964e-06
 Reference value :  1.69991e-06
 Reference value :  1.70020e-06
 Reference value :  1.70031e-06
 Reference value :  1.70051e-06
 Reference value :  1.70069e-06
 Reference value :  1.70095e-06
 Reference value :  1.70115e-06
 Reference value :  1.70134e-06
 Reference value :  1.70148e-06
 Reference value :  1.70169e-06
 Reference value :  1.70190e-06
 Reference value :  1.70217e-06
 Reference value :  1.70260e-06
 Reference value :  1.70363e-06
 Reference value :  1.70880e-06
 Reference value :  1.71380e-06
 Reference value :  1.71980e-06
 Reference value :  1.72530e-06
 Reference value :  1.73130e-06
 Reference value :  1.73630e-06
 Reference value :  1.74120e-06
 Reference value :  1.74131e-06
 Reference value :  1.74162e-06
 Reference value :  1.74214e-06
 Reference value :  1.74229e-06
 Reference value :  1.74250e-06
 Reference value :  1.74271e-06
 Reference value :  1.74297e-06
 Reference value :  1.74339e-06
 Reference value :  1.74492e-06
 Reference value :  1.74618e-06
 Reference value :  1.74662e-06
 Reference value :  1.74729e-06
 Reference value :  1.75072e-06
 Reference value :  1.75622e-06
 Reference value :  1.76122e-06
 Reference value :  1.76772e-06
 Reference value :  1.77322e-06
 Reference value :  1.77822e-06
 Reference value :  1.78284e-06
 Reference value :  1.78292e-06
 Reference value :  1.78302e-06
 Reference value :  1.78336e-06
 Reference value :  1.78349e-06
 Reference value :  1.78361e-06
 Reference value :  1.78377e-06
 Reference value :  1.78386e-06
 Reference value :  1.78401e-06
 Reference value :  1.78422e-06
 Reference value :  1.78446e-06
 Reference value :  1.78466e-06
 Reference value :  1.78506e-06
 Reference value :  1.78544e-06
 Reference value :  1.78812e-06
 Reference value :  1.79312e-06
 Reference value :  1.79862e-06
 Reference value :  1.80412e-06
 Reference value :  1.80912e-06
 Reference value :  1.81462e-06
 Reference value :  1.81962e-06
 Reference value :  1.82451e-06
 Reference value :  1.82460e-06
 Reference value :  1.82474e-06
 Reference value :  1.82503e-06
 Reference value :  1.82550e-06
 Reference value :  1.82576e-06
 Reference value :  1.82601e-06
 Reference value :  1.82626e-06
 Reference value :  1.82666e-06
 Reference value :  1.82857e-06
 Reference value :  1.82888e-06
 Reference value :  1.82932e-06
 Reference value :  1.83157e-06
 Reference value :  1.83657e-06
 Reference value :  1.84257e-06
 Reference value :  1.84757e-06
 Reference value :  1.85257e-06
 Reference value :  1.85807e-06
 Reference value :  1.86157e-06
 Reference value :  1.86347e-06
 Reference value :  1.86399e-06
 Reference value :  1.86419e-06
 Reference value :  1.86438e-06
 Reference value :  1.86467e-06
 Reference value :  1.86564e-06
 Reference value :  1.86622e-06
 Reference value :  1.86631e-06
 Reference value :  1.86655e-06
 Reference value :  1.86681e-06
 Reference value :  1.86693e-06
 Reference value :  1.86712e-06
 Reference value :  1.86731e-06
 Reference value :  1.86757e-06
 Reference value :  1.86785e-06
 Reference value :  1.86808e-06
 Reference value :  1.86827e-06
 Reference value :  1.86851e-06
 Reference value :  1.86878e-06
 Reference value :  1.86914e-06
 Reference value :  1.87027e-06
 Reference value :  1.87476e-06
 Reference value :  1.87976e-06
 Reference value :  1.88576e-06
 Reference value :  1.89076e-06
 Reference value :  1.89576e-06
 Reference value :  1.90176e-06
 Reference value :  1.90676e-06
 Reference value :  1.90788e-06
 Reference value :  1.90796e-06
 Reference value :  1.90812e-06
 Reference value :  1.90861e-06
 Reference value :  1.90884e-06
 Reference value :  1.90904e-06
 Reference value :  1.90924e-06
 Reference value :  1.90948e-06
 Reference value :  1.90970e-06
 Reference value :  1.91070e-06
 Reference value :  1.91191e-06
 Reference value :  1.91225e-06
 Reference value :  1.91265e-06
 Reference value :  1.91416e-06
 Reference value :  1.91854e-06
 Reference value :  1.92504e-06
 Reference value :  1.93004e-06
 Reference value :  1.93654e-06
 Reference value :  1.94354e-06
 Reference value :  1.94904e-06
 Reference value :  1.94954e-06
 Reference value :  1.94969e-06
 Reference value :  1.94986e-06
 Reference value :  1.95012e-06
 Reference value :  1.95025e-06
 Reference value :  1.95045e-06
 Reference value :  1.95053e-06
 Reference value :  1.95074e-06
 Reference value :  1.95096e-06
 Reference value :  1.95111e-06
 Reference value :  1.95130e-06
 Reference value :  1.95152e-06
 Reference value :  1.95171e-06
 Reference value :  1.95190e-06
 Reference value :  1.95217e-06
 Reference value :  1.95255e-06
 Reference value :  1.95338e-06
 Reference value :  1.95855e-06
 Reference value :  1.96355e-06
 Reference value :  1.96905e-06
 Reference value :  1.97455e-06
 Reference value :  1.97955e-06
 Reference value :  1.98505e-06
 Reference value :  1.99005e-06
 Reference value :  1.99121e-06
 Reference value :  1.99130e-06
 Reference value :  1.99153e-06
 Reference value :  1.99206e-06
 Reference value :  1.99224e-06
 Reference value :  1.99246e-06
 Reference value :  1.99270e-06
 Reference value :  1.99293e-06
 Reference value :  1.99334e-06
 Reference value :  1.99529e-06
 Reference value :  1.99572e-06
 Reference value :  1.99615e-06
 Reference value :  1.99754e-06
 Reference value :  2.00225e-06
 Reference value :  2.00775e-06
 Reference value :  2.01375e-06
 Reference value :  2.01975e-06
 Reference value :  2.02525e-06
 Reference value :  2.03254e-06
 Reference value :  2.03289e-06
 Reference value :  2.03299e-06
 Reference value :  2.03314e-06
 Reference value :  2.03347e-06
 Reference value :  2.03364e-06
 Reference value :  2.03382e-06
 Reference value :  2.03389e-06
 Reference value :  2.03405e-06
 Reference value :  2.03427e-06
 Reference value :  2.03446e-06
 Reference value :  2.03466e-06
 Reference value :  2.03487e-06
 Reference value :  2.03510e-06
 Reference value :  2.03541e-06
 Reference value :  2.03655e-06
 Reference value :  2.04090e-06
 Reference value :  2.04690e-06
 Reference value :  2.05190e-06
 Reference value :  2.05790e-06
 Reference value :  2.06290e-06
 Reference value :  2.06790e-06
 Reference value :  2.07340e-06
 Reference value :  2.07453e-06
 Reference value :  2.07463e-06
 Reference value :  2.07486e-06
 Reference value :  2.07529e-06
 Reference value :  2.07550e-06
 Reference value :  2.07574e-06
 Reference value :  2.07598e-06
 Reference value :  2.07628e-06
 Reference value :  2.07746e-06
 Reference value :  2.07861e-06
 Reference value :  2.07903e-06
 Reference value :  2.07990e-06
 Reference value :  2.08349e-06
 Reference value :  2.08849e-06
 Reference value :  2.09349e-06
 Reference value :  2.09949e-06
 Reference value :  2.10499e-06
 Reference value :  2.11249e-06
 Reference value :  2.11617e-06
 Reference value :  2.11627e-06
 Reference value :  2.11639e-06
 Reference value :  2.11681e-06
 Reference value :  2.11700e-06
 Reference value :  2.11713e-06
 Reference value :  2.11719e-06
 Reference value :  2.11734e-06
 Reference value :  2.11754e-06
 Reference value :  2.11772e-06
 Reference value :  2.11787e-06
 Reference value :  2.11810e-06
 Reference value :  2.11822e-06
 Reference value :  2.11836e-06
 Reference value :  2.11847e-06
 Reference value :  2.11863e-06
 Reference value :  2.11877e-06
 Reference value :  2.11909e-06
 Reference value :  2.11986e-06
 Reference value :  2.12525e-06
 Reference value :  2.13225e-06
 Reference value :  2.13875e-06
 Reference value :  2.14575e-06
 Reference value :  2.15225e-06
 Reference value :  2.15784e-06
 Reference value :  2.15791e-06
 Reference value :  2.15801e-06
 Reference value :  2.15825e-06
 Reference value :  2.15872e-06
 Reference value :  2.15899e-06
 Reference value :  2.15922e-06
 Reference value :  2.15940e-06
 Reference value :  2.15971e-06
 Reference value :  2.16007e-06
 Reference value :  2.16027e-06
 Reference value :  2.16053e-06
 Reference value :  2.16088e-06
 Reference value :  2.16141e-06
 Reference value :  2.16168e-06
 Reference value :  2.16202e-06
 Reference value :  2.16284e-06
 Reference value :  2.16561e-06
 Reference value :  2.17111e-06
 Reference value :  2.17711e-06
 Reference value :  2.18211e-06
 Reference value :  2.18761e-06
 Reference value :  2.19361e-06
 Reference value :  2.19951e-06
 Reference value :  2.19961e-06
 Reference value :  2.19978e-06
 Reference value :  2.20018e-06
 Reference value :  2.20036e-06
 Reference value :  2.20050e-06
 Reference value :  2.20060e-06
 Reference value :  2.20080e-06
 Reference value :  2.20093e-06
 Reference value :  2.20110e-06
 Reference value :  2.20128e-06
 Reference value :  2.20149e-06
 Reference value :  2.20173e-06
 Reference value :  2.20197e-06
 Reference value :  2.20261e-06
 Reference value :  2.20453e-06
 Reference value :  2.21053e-06
 Reference value :  2.21553e-06
 Reference value :  2.22103e-06
 Reference value :  2.22653e-06
 Reference value :  2.23153e-06
 Reference value :  2.23803e-06
 Reference value :  2.24119e-06
 Reference value :  2.24129e-06
 Reference value :  2.24143e-06
 Reference value :  2.24173e-06
 Reference value :  2.24211e-06
 Reference value :  2.24228e-06
 Reference value :  2.24251e-06
 Reference value :  2.24276e-06
 Reference value :  2.24297e-06
 Reference value :  2.24333e-06
 Reference value :  2.24359e-06
 Reference value :  2.24399e-06
 Reference value :  2.24466e-06
 Reference value :  2.24498e-06
 Reference value :  2.24531e-06
 Reference value :  2.24626e-06
 Reference value :  2.24887e-06
 Reference value :  2.25437e-06
 Reference value :  2.26037e-06
 Reference value :  2.26537e-06
 Reference value :  2.27087e-06
 Reference value :  2.27687e-06
 Reference value :  2.28237e-06
 Reference value :  2.28290e-06
 Reference value :  2.28299e-06
 Reference value :  2.28317e-06
 Reference value :  2.28352e-06
 Reference value :  2.28362e-06
 Reference value :  2.28382e-06
 Reference value :  2.28392e-06
 Reference value :  2.28408e-06
 Reference value :  2.28426e-06
 Reference value :  2.28440e-06
 Reference value :  2.28464e-06
 Reference value :  2.28482e-06
 Reference value :  2.28503e-06
 Reference value :  2.28526e-06
 Reference value :  2.28552e-06
 Reference value :  2.28580e-06
 Reference value :  2.28664e-06
 Reference value :  2.29141e-06
 Reference value :  2.29691e-06
 Reference value :  2.30191e-06
 Reference value :  2.30691e-06
 Reference value :  2.31341e-06
 Reference value :  2.31841e-06
 Reference value :  2.32391e-06
 Reference value :  2.32454e-06
 Reference value :  2.32463e-06
 Reference value :  2.32481e-06
 Reference value :  2.32528e-06
 Reference value :  2.32555e-06
 Reference value :  2.32579e-06
 Reference value :  2.32601e-06
 Reference value :  2.32626e-06
 Reference value :  2.32662e-06
 Reference value :  2.32834e-06
 Reference value :  2.32966e-06
 Reference value :  2.33020e-06
 Reference value :  2.33078e-06
 Reference value :  2.33352e-06
 Reference value :  2.33587e-06
 Reference value :  2.33804e-06
 Reference value :  2.34286e-06
 Reference value :  2.34786e-06
 Reference value :  2.35386e-06
 Reference value :  2.35936e-06
 Reference value :  2.36576e-06
 Reference value :  2.36626e-06
 Reference value :  2.36638e-06
 Reference value :  2.36667e-06
 Reference value :  2.36690e-06
 Reference value :  2.36693e-06
 Reference value :  2.36716e-06
 Reference value :  2.36719e-06
 Reference value :  2.36739e-06
 Reference value :  2.36759e-06
 Reference value :  2.36766e-06
 Reference value :  2.36785e-06
 Reference value :  2.36809e-06
 Reference value :  2.36834e-06
 Reference value :  2.36888e-06
 Reference value :  2.37101e-06
 Reference value :  2.37592e-06
 Reference value :  2.38142e-06
 Reference value :  2.38642e-06
 Reference value :  2.39192e-06
 Reference value :  2.39792e-06
 Reference value :  2.40292e-06
 Reference value :  2.40784e-06
 Reference value :  2.40793e-06
 Reference value :  2.40805e-06
 Reference value :  2.40827e-06
 Reference value :  2.40872e-06
 Reference value :  2.40892e-06
 Reference value :  2.40917e-06
 Reference value :  2.40942e-06
 Reference value :  2.40961e-06
 Reference value :  2.40996e-06
 Reference value :  2.41109e-06
 Reference value :  2.41194e-06
 Reference value :  2.41407e-06
 Reference value :  2.41834e-06
 Reference value :  2.41947e-06
 Reference value :  2.42057e-06
 Reference value :  2.42084e-06
 Reference value :  2.42114e-06
 Reference value :  2.42170e-06
 Reference value :  2.42381e-06
 Reference value :  2.43031e-06
 Reference value :  2.43581e-06
 Reference value :  2.44081e-06
 Reference value :  2.44731e-06
 Reference value :  2.44952e-06
 Reference value :  2.44959e-06
 Reference value :  2.44972e-06
 Reference value :  2.45001e-06
 Reference value :  2.45027e-06
 Reference value :  2.45041e-06
 Reference value :  2.45062e-06
 Reference value :  2.45086e-06
 Reference value :  2.45104e-06
 Reference value :  2.45125e-06
 Reference value :  2.45146e-06
 Reference value :  2.45169e-06
 Reference value :  2.45183e-06
 Reference value :  2.45203e-06
 Reference value :  2.45235e-06
 Reference value :  2.45289e-06
 Reference value :  2.45547e-06
 Reference value :  2.46097e-06
 Reference value :  2.46647e-06
 Reference value :  2.47147e-06
 Reference value :  2.47647e-06
 Reference value :  2.48247e-06
 Reference value :  2.48747e-06
 Reference value :  2.49118e-06
 Reference value :  2.49130e-06
 Reference value :  2.49151e-06
 Reference value :  2.49205e-06
 Reference value :  2.49222e-06
 Reference value :  2.49243e-06
 Reference value :  2.49266e-06
 Reference value :  2.49291e-06
 Reference value :  2.49342e-06
 Reference value :  2.49534e-06
 Reference value :  2.49643e-06
 Reference value :  2.49735e-06
 Reference value :  2.50058e-06
 Reference value :  2.50297e-06
 Reference value :  2.50471e-06
 Reference value :  2.50896e-06
 Reference value :  2.51596e-06
 Reference value :  2.52146e-06
 Reference value :  2.52646e-06
 Reference value :  2.53146e-06
 Reference value :  2.53289e-06
 Reference value :  2.53297e-06
 Reference value :  2.53310e-06
 Reference value :  2.53339e-06
 Reference value :  2.53357e-06
 Reference value :  2.53376e-06
 Reference value :  2.53386e-06
 Reference value :  2.53406e-06
 Reference value :  2.53427e-06
 Reference value :  2.53433e-06
 Reference value :  2.53454e-06
 Reference value :  2.53482e-06
 Reference value :  2.53513e-06
 Reference value :  2.53560e-06
 Reference value :  2.53976e-06
 Reference value :  2.54526e-06
 Reference value :  2.55026e-06
 Reference value :  2.55676e-06
 Reference value :  2.56326e-06
 Reference value :  2.56926e-06
 Reference value :  2.57451e-06
 Reference value :  2.57460e-06
 Reference value :  2.57482e-06
 Reference value :  2.57528e-06
 Reference value :  2.57550e-06
 Reference value :  2.57571e-06
 Reference value :  2.57600e-06
 Reference value :  2.57624e-06
 Reference value :  2.57657e-06
 Reference value :  2.57791e-06
 Reference value :  2.57956e-06
 Reference value :  2.58046e-06
 Reference value :  2.58286e-06
 Reference value :  2.58569e-06
 Reference value :  2.58726e-06
 Reference value :  2.59068e-06
 Reference value :  2.59618e-06
 Reference value :  2.60318e-06
 Reference value :  2.61018e-06
 Reference value :  2.61617e-06
 Reference value :  2.61629e-06
 Reference value :  2.61647e-06
 Reference value :  2.61687e-06
 Reference value :  2.61697e-06
 Reference value :  2.61717e-06
 Reference value :  2.61735e-06
 Reference value :  2.61758e-06
 Reference value :  2.61768e-06
 Reference value :  2.61786e-06
 Reference value :  2.61811e-06
 Reference value :  2.61845e-06
 Reference value :  2.61893e-06
 Reference value :  2.62281e-06
 Reference value :  2.62831e-06
 Reference value :  2.63331e-06
 Reference value :  2.63931e-06
 Reference value :  2.64431e-06
 Reference value :  2.64931e-06
 Reference value :  2.65431e-06
 Reference value :  2.65786e-06
 Reference value :  2.65795e-06
 Reference value :  2.65818e-06
 Reference value :  2.65872e-06
 Reference value :  2.65889e-06
 Reference value :  2.65913e-06
 Reference value :  2.65935e-06
 Reference value :  2.65963e-06
 Reference value :  2.66064e-06
 Reference value :  2.66253e-06
 Reference value :  2.66359e-06
 Reference value :  2.66454e-06
 Reference value :  2.66636e-06
 Reference value :  2.66848e-06
 Reference value :  2.67267e-06
 Reference value :  2.67767e-06
 Reference value :  2.68317e-06
 Reference value :  2.68917e-06
 Reference value :  2.69417e-06
 Reference value :  2.69950e-06
 Reference value :  2.69959e-06
 Reference value :  2.69970e-06
 Reference value :  2.69991e-06
 Reference value :  2.70020e-06
 Reference value :  2.70033e-06
 Reference value :  2.70048e-06
 Reference value :  2.70061e-06
 Reference value :  2.70084e-06
 Reference value :  2.70100e-06
 Reference value :  2.70119e-06
 Reference value :  2.70139e-06
 Reference value :  2.70174e-06
 Reference value :  2.70218e-06
 Reference value :  2.70415e-06
 Reference value :  2.70965e-06
 Reference value :  2.71615e-06
 Reference value :  2.72215e-06
 Reference value :  2.72715e-06
 Reference value :  2.73265e-06
 Reference value :  2.73915e-06
 Reference value :  2.74120e-06
 Reference value :  2.74127e-06
 Reference value :  2.74145e-06
 Reference value :  2.74205e-06
 Reference value :  2.74219e-06
 Reference value :  2.74240e-06
 Reference value :  2.74266e-06
 Reference value :  2.74291e-06
 Reference value :  2.74324e-06
 Reference value :  2.74529e-06
 Reference value :  2.74648e-06
 Reference value :  2.74756e-06
 Reference value :  2.75020e-06
 Reference value :  2.75327e-06
 Reference value :  2.75489e-06
 Reference value :  2.75757e-06
 Reference value :  2.76387e-06
 Reference value :  2.76933e-06
 Reference value :  2.77483e-06
 Reference value :  2.78083e-06
 Reference value :  2.78286e-06
 Reference value :  2.78297e-06
 Reference value :  2.78316e-06
 Reference value :  2.78353e-06
 Reference value :  2.78363e-06
 Reference value :  2.78383e-06
 Reference value :  2.78392e-06
 Reference value :  2.78418e-06
 Reference value :  2.78435e-06
 Reference value :  2.78458e-06
 Reference value :  2.78483e-06
 Reference value :  2.78520e-06
 Reference value :  2.78672e-06
 Reference value :  2.79186e-06
 Reference value :  2.79736e-06
 Reference value :  2.80286e-06
 Reference value :  2.80936e-06
 Reference value :  2.81436e-06
 Reference value :  2.81986e-06
 Reference value :  2.82451e-06
 Reference value :  2.82460e-06
 Reference value :  2.82474e-06
 Reference value :  2.82503e-06
 Reference value :  2.82549e-06
 Reference value :  2.82560e-06
 Reference value :  2.82579e-06
 Reference value :  2.82611e-06
 Reference value :  2.82637e-06
 Reference value :  2.82734e-06
 Reference value :  2.82860e-06
 Reference value :  2.82955e-06
 Reference value :  2.83296e-06
 Reference value :  2.83523e-06
 Reference value :  2.83665e-06
 Reference value :  2.84115e-06
 Reference value :  2.84665e-06
 Reference value :  2.85215e-06
 Reference value :  2.85815e-06
 Reference value :  2.86315e-06
 Reference value :  2.86619e-06
 Reference value :  2.86627e-06
 Reference value :  2.86645e-06
 Reference value :  2.86685e-06
 Reference value :  2.86698e-06
 Reference value :  2.86717e-06
 Reference value :  2.86723e-06
 Reference value :  2.86741e-06
 Reference value :  2.86762e-06
 Reference value :  2.86780e-06
 Reference value :  2.86804e-06
 Reference value :  2.86847e-06
 Reference value :  2.86907e-06
 Reference value :  2.87221e-06
 Reference value :  2.87821e-06
 Reference value :  2.88371e-06
 Reference value :  2.88921e-06
 Reference value :  2.89471e-06
 Reference value :  2.89971e-06
 Reference value :  2.90571e-06
 Reference value :  2.90787e-06
 Reference value :  2.90797e-06
 Reference value :  2.90812e-06
 Reference value :  2.90864e-06
 Reference value :  2.90891e-06
 Reference value :  2.90910e-06
 Reference value :  2.90935e-06
 Reference value :  2.90959e-06
 Reference value :  2.91024e-06
 Reference value :  2.91184e-06
 Reference value :  2.91398e-06
 Reference value :  2.91680e-06
 Reference value :  2.91911e-06
 Reference value :  2.92104e-06
 Reference value :  2.92297e-06
 Reference value :  2.92802e-06
 Reference value :  2.93352e-06
 Reference value :  2.93902e-06
 Reference value :  2.94452e-06
 Reference value :  2.94951e-06
 Reference value :  2.94960e-06
 Reference value :  2.94970e-06
 Reference value :  2.94994e-06
 Reference value :  2.95016e-06
 Reference value :  2.95030e-06
 Reference value :  2.95045e-06
 Reference value :  2.95057e-06
 Reference value :  2.95082e-06
 Reference value :  2.95094e-06
 Reference value :  2.95105e-06
 Reference value :  2.95130e-06
 Reference value :  2.95159e-06
 Reference value :  2.95206e-06
 Reference value :  2.95336e-06
 Reference value :  2.95948e-06
 Reference value :  2.96498e-06
 Reference value :  2.97098e-06
 Reference value :  2.97648e-06
 Reference value :  2.98198e-06
 Reference value :  2.98848e-06
 Reference value :  2.99120e-06
 Reference value :  2.99134e-06
 Reference value :  2.99161e-06
 Reference value :  2.99217e-06
 Reference value :  2.99233e-06
 Reference value :  2.99257e-06
 Reference value :  2.99280e-06
 Reference value :  2.99307e-06
 Reference value :  2.99468e-06
 Reference value :  2.99674e-06
 Reference value :  2.99942e-06
 Reference value :  3.00273e-06
 Reference value :  3.00496e-06
 Reference value :  3.01142e-06
 Reference value :  3.01742e-06
 Reference value :  3.02292e-06
 Reference value :  3.02942e-06
 Reference value :  3.03287e-06
 Reference value :  3.03295e-06
 Reference value :  3.03307e-06
 Reference value :  3.03333e-06
 Reference value :  3.03357e-06
 Reference value :  3.03369e-06
 Reference value :  3.03385e-06
 Reference value :  3.03395e-06
 Reference value :  3.03408e-06
 Reference value :  3.03433e-06
 Reference value :  3.03458e-06
 Reference value :  3.03478e-06
 Reference value :  3.03517e-06
 Reference value :  3.03611e-06
 Reference value :  3.03999e-06
 Reference value :  3.04599e-06
 Reference value :  3.05249e-06
 Reference value :  3.05799e-06
 Reference value :  3.06349e-06
 Reference value :  3.06899e-06
 Reference value :  3.07425e-06
 Reference value :  3.07455e-06
 Reference value :  3.07464e-06
 Reference value :  3.07481e-06
 Reference value :  3.07514e-06
 Reference value :  3.07550e-06
 Reference value :  3.07564e-06
 Reference value :  3.07587e-06
 Reference value :  3.07611e-06
 Reference value :  3.07629e-06
 Reference value :  3.07703e-06
 Reference value :  3.07905e-06
 Reference value :  3.08037e-06
 Reference value :  3.08394e-06
 Reference value :  3.08587e-06
 Reference value :  3.08720e-06
 Reference value :  3.09127e-06
 Reference value :  3.09677e-06
 Reference value :  3.10177e-06
 Reference value :  3.10727e-06
 Reference value :  3.11277e-06
 Reference value :  3.11620e-06
 Reference value :  3.11630e-06
 Reference value :  3.11641e-06
 Reference value :  3.11667e-06
 Reference value :  3.11690e-06
 Reference value :  3.11710e-06
 Reference value :  3.11725e-06
 Reference value :  3.11741e-06
 Reference value :  3.11759e-06
 Reference value :  3.11776e-06
 Reference value :  3.11788e-06
 Reference value :  3.11801e-06
 Reference value :  3.11822e-06
 Reference value :  3.11837e-06
 Reference value :  3.11861e-06
 Reference value :  3.11892e-06
 Reference value :  3.11953e-06
 Reference value :  3.12372e-06
 Reference value :  3.12922e-06
 Reference value :  3.13472e-06
 Reference value :  3.14022e-06
 Reference value :  3.14572e-06
 Reference value :  3.15122e-06
 Reference value :  3.15722e-06
 Reference value :  3.15788e-06
 Reference value :  3.15797e-06
 Reference value :  3.15812e-06
 Reference value :  3.15846e-06
 Reference value :  3.15883e-06
 Reference value :  3.15903e-06
 Reference value :  3.15925e-06
 Reference value :  3.15946e-06
 Reference value :  3.15970e-06
 Reference value :  3.16017e-06
 Reference value :  3.16033e-06
 Reference value :  3.16046e-06
 Reference value :  3.16075e-06
 Reference value :  3.16148e-06
 Reference value :  3.16253e-06
 Reference value :  3.16336e-06
 Reference value :  3.16370e-06
 Reference value :  3.16395e-06
 Reference value :  3.16433e-06
 Reference value :  3.16473e-06
 Reference value :  3.16563e-06
 Reference value :  3.16949e-06
 Reference value :  3.17549e-06
 Reference value :  3.18199e-06
 Reference value :  3.18849e-06
 Reference value :  3.19399e-06
 Reference value :  3.19924e-06
 Reference value :  3.19956e-06
 Reference value :  3.19963e-06
 Reference value :  3.19976e-06
 Reference value :  3.20014e-06
 Reference value :  3.20029e-06
 Reference value :  3.20049e-06
 Reference value :  3.20059e-06
 Reference value :  3.20074e-06
 Reference value :  3.20097e-06
 Reference value :  3.20124e-06
 Reference value :  3.20143e-06
 Reference value :  3.20171e-06
 Reference value :  3.20209e-06
 Reference value :  3.20286e-06
 Reference value :  3.20771e-06
 Reference value :  3.21371e-06
 Reference value :  3.22021e-06
 Reference value :  3.22721e-06
 Reference value :  3.23421e-06
 Reference value :  3.24120e-06
 Reference value :  3.24133e-06
 Reference value :  3.24160e-06
 Reference value :  3.24206e-06
 Reference value :  3.24236e-06
 Reference value :  3.24264e-06
 Reference value :  3.24291e-06
 Reference value :  3.24333e-06
 Reference value :  3.24363e-06
 Reference value :  3.24381e-06
 Reference value :  3.24414e-06
 Reference value :  3.24512e-06
 Reference value :  3.24803e-06
 Reference value :  3.24957e-06
 Reference value :  3.24980e-06
 Reference value :  3.24998e-06
 Reference value :  3.25030e-06
 Reference value :  3.25250e-06
 Reference value :  3.25793e-06
 Reference value :  3.26393e-06
 Reference value :  3.27193e-06
 Reference value :  3.28093e-06
 Reference value :  3.28290e-06
 Reference value :  3.28301e-06
 Reference value :  3.28324e-06
 Reference value :  3.28358e-06
 Reference value :  3.28365e-06
 Reference value :  3.28384e-06
 Reference value :  3.28396e-06
 Reference value :  3.28415e-06
 Reference value :  3.28429e-06
 Reference value :  3.28436e-06
 Reference value :  3.28456e-06
 Reference value :  3.28482e-06
 Reference value :  3.28506e-06
 Reference value :  3.28541e-06
 Reference value :  3.28609e-06
 Reference value :  3.29049e-06
 Reference value :  3.29649e-06
 Reference value :  3.30349e-06
 Reference value :  3.31099e-06
 Reference value :  3.31799e-06
 Reference value :  3.32450e-06
 Reference value :  3.32460e-06
 Reference value :  3.32481e-06
 Reference value :  3.32537e-06
 Reference value :  3.32562e-06
 Reference value :  3.32592e-06
 Reference value :  3.32628e-06
 Reference value :  3.32679e-06
 Reference value :  3.32720e-06
 Reference value :  3.32754e-06
 Reference value :  3.32833e-06
 Reference value :  3.32870e-06
 Reference value :  3.32892e-06
 Reference value :  3.32905e-06
 Reference value :  3.32924e-06
 Reference value :  3.32970e-06
 Reference value :  3.33146e-06
 Reference value :  3.33839e-06
 Reference value :  3.34489e-06
 Reference value :  3.35189e-06
 Reference value :  3.35839e-06
 Reference value :  3.36539e-06
 Reference value :  3.36626e-06
 Reference value :  3.36638e-06
 Reference value :  3.36667e-06
 Reference value :  3.36690e-06
 Reference value :  3.36707e-06
 Reference value :  3.36717e-06
 Reference value :  3.36735e-06
 Reference value :  3.36757e-06
 Reference value :  3.36771e-06
 Reference value :  3.36788e-06
 Reference value :  3.36802e-06
 Reference value :  3.36822e-06
 Reference value :  3.36842e-06
 Reference value :  3.36870e-06
 Reference value :  3.36921e-06
 Reference value :  3.37056e-06
 Reference value :  3.37597e-06
 Reference value :  3.38147e-06
 Reference value :  3.38697e-06
 Reference value :  3.39247e-06
 Reference value :  3.39797e-06
 Reference value :  3.40347e-06
 Reference value :  3.40784e-06
 Reference value :  3.40791e-06
 Reference value :  3.40801e-06
 Reference value :  3.40821e-06
 Reference value :  3.40882e-06
 Reference value :  3.40903e-06
 Reference value :  3.40924e-06
 Reference value :  3.40947e-06
 Reference value :  3.40975e-06
 Reference value :  3.41022e-06
 Reference value :  3.41048e-06
 Reference value :  3.41070e-06
 Reference value :  3.41115e-06
 Reference value :  3.41175e-06
 Reference value :  3.41220e-06
 Reference value :  3.41260e-06
 Reference value :  3.41301e-06
 Reference value :  3.41477e-06
 Reference value :  3.42011e-06
 Reference value :  3.42611e-06
 Reference value :  3.43161e-06
 Reference value :  3.43761e-06
 Reference value :  3.44261e-06
 Reference value :  3.44811e-06
 Reference value :  3.44956e-06
 Reference value :  3.44964e-06
 Reference value :  3.44987e-06
 Reference value :  3.45019e-06
 Reference value :  3.45031e-06
 Reference value :  3.45050e-06
 Reference value :  3.45068e-06
 Reference value :  3.45093e-06
 Reference value :  3.45110e-06
 Reference value :  3.45132e-06
 Reference value :  3.45154e-06
 Reference value :  3.45178e-06
 Reference value :  3.45203e-06
 Reference value :  3.45244e-06
 Reference value :  3.45460e-06
 Reference value :  3.46060e-06
 Reference value :  3.46610e-06
 Reference value :  3.47160e-06
 Reference value :  3.47710e-06
 Reference value :  3.48310e-06
 Reference value :  3.48860e-06
 Reference value :  3.49119e-06
 Reference value :  3.49126e-06
 Reference value :  3.49140e-06
 Reference value :  3.49165e-06
 Reference value :  3.49215e-06
 Reference value :  3.49231e-06
 Reference value :  3.49255e-06
 Reference value :  3.49284e-06
 Reference value :  3.49318e-06
 Reference value :  3.49353e-06
 Reference value :  3.49383e-06
 Reference value :  3.49402e-06
 Reference value :  3.49439e-06
 Reference value :  3.49504e-06
 Reference value :  3.49534e-06
 Reference value :  3.49558e-06
 Reference value :  3.49574e-06
 Reference value :  3.49602e-06
 Reference value :  3.49649e-06
 Reference value :  3.49922e-06
 Reference value :  3.50522e-06
 Reference value :  3.51072e-06
 Reference value :  3.51622e-06
 Reference value :  3.52172e-06
 Reference value :  3.52722e-06
 Reference value :  3.53253e-06
 Reference value :  3.53290e-06
 Reference value :  3.53300e-06
 Reference value :  3.53320e-06
 Reference value :  3.53351e-06
 Reference value :  3.53364e-06
 Reference value :  3.53383e-06
 Reference value :  3.53390e-06
 Reference value :  3.53416e-06
 Reference value :  3.53429e-06
 Reference value :  3.53441e-06
 Reference value :  3.53458e-06
 Reference value :  3.53474e-06
 Reference value :  3.53496e-06
 Reference value :  3.53524e-06
 Reference value :  3.53562e-06
 Reference value :  3.53675e-06
 Reference value :  3.54173e-06
 Reference value :  3.54723e-06
 Reference value :  3.55273e-06
 Reference value :  3.55823e-06
 Reference value :  3.56373e-06
 Reference value :  3.56923e-06
 Reference value :  3.57450e-06
 Reference value :  3.57456e-06
 Reference value :  3.57473e-06
 Reference value :  3.57499e-06
 Reference value :  3.57548e-06
 Reference value :  3.57561e-06
 Reference value :  3.57581e-06
 Reference value :  3.57606e-06
 Reference value :  3.57628e-06
 Reference value :  3.57670e-06
 Reference value :  3.57701e-06
 Reference value :  3.57724e-06
 Reference value :  3.57743e-06
 Reference value :  3.57830e-06
 Reference value :  3.57858e-06
 Reference value :  3.57888e-06
 Reference value :  3.57906e-06
 Reference value :  3.57930e-06
 Reference value :  3.58016e-06
 Reference value :  3.58471e-06
 Reference value :  3.59121e-06
 Reference value :  3.59621e-06
 Reference value :  3.60171e-06
 Reference value :  3.60671e-06
 Reference value :  3.61221e-06
 Reference value :  3.61617e-06
 Reference value :  3.61625e-06
 Reference value :  3.61636e-06
 Reference value :  3.61668e-06
 Reference value :  3.61693e-06
 Reference value :  3.61707e-06
 Reference value :  3.61718e-06
 Reference value :  3.61736e-06
 Reference value :  3.61760e-06
 Reference value :  3.61773e-06
 Reference value :  3.61791e-06
 Reference value :  3.61808e-06
 Reference value :  3.61823e-06
 Reference value :  3.61850e-06
 Reference value :  3.61884e-06
 Reference value :  3.61984e-06
 Reference value :  3.62410e-06
 Reference value :  3.62960e-06
 Reference value :  3.63510e-06
 Reference value :  3.64060e-06
 Reference value :  3.64610e-06
 Reference value :  3.65160e-06
 Reference value :  3.65710e-06
 Reference value :  3.65788e-06
 Reference value :  3.65798e-06
 Reference value :  3.65817e-06
 Reference value :  3.65863e-06
 Reference value :  3.65888e-06
 Reference value :  3.65912e-06
 Reference value :  3.65938e-06
 Reference value :  3.65965e-06
 Reference value :  3.66006e-06
 Reference value :  3.66040e-06
 Reference value :  3.66063e-06
 Reference value :  3.66092e-06
 Reference value :  3.66174e-06
 Reference value :  3.66207e-06
 Reference value :  3.66239e-06
 Reference value :  3.66260e-06
 Reference value :  3.66274e-06
 Reference value :  3.66303e-06
 Reference value :  3.66434e-06
 Reference value :  3.66932e-06
 Reference value :  3.67532e-06
 Reference value :  3.68082e-06
 Reference value :  3.68582e-06
 Reference value :  3.69182e-06
 Reference value :  3.69782e-06
 Reference value :  3.69953e-06
 Reference value :  3.69963e-06
 Reference value :  3.69979e-06
 Reference value :  3.70013e-06
 Reference value :  3.70026e-06
 Reference value :  3.70045e-06
 Reference value :  3.70052e-06
 Reference value :  3.70070e-06
 Reference value :  3.70094e-06
 Reference value :  3.70112e-06
 Reference value :  3.70130e-06
 Reference value :  3.70147e-06
 Reference value :  3.70164e-06
 Reference value :  3.70184e-06
 Reference value :  3.70214e-06
 Reference value :  3.70278e-06
 Reference value :  3.70633e-06
 Reference value :  3.71183e-06
 Reference value :  3.71733e-06
 Reference value :  3.72283e-06
 Reference value :  3.72883e-06
 Reference value :  3.73433e-06
 Reference value :  3.73983e-06
 Reference value :  3.74122e-06
 Reference value :  3.74131e-06
 Reference value :  3.74151e-06
 Reference value :  3.74206e-06
 Reference value :  3.74219e-06
 Reference value :  3.74243e-06
 Reference value :  3.74269e-06
 Reference value :  3.74295e-06
 Reference value :  3.74337e-06
 Reference value :  3.74367e-06
 Reference value :  3.74384e-06
 Reference value :  3.74404e-06
 Reference value :  3.74485e-06
 Reference value :  3.74541e-06
 Reference value :  3.74569e-06
 Reference value :  3.74589e-06
 Reference value :  3.74607e-06
 Reference value :  3.74656e-06
 Reference value :  3.74791e-06
 Reference value :  3.75357e-06
 Reference value :  3.76007e-06
 Reference value :  3.77007e-06
 Reference value :  3.78057e-06
 Reference value :  3.78293e-06
 Reference value :  3.78318e-06
 Reference value :  3.78357e-06
 Reference value :  3.78381e-06
 Reference value :  3.78402e-06
 Reference value :  3.78429e-06
 Reference value :  3.78453e-06
 Reference value :  3.78479e-06
 Reference value :  3.78520e-06
 Reference value :  3.78576e-06
 Reference value :  3.79130e-06
 Reference value :  3.80080e-06
 Reference value :  3.80930e-06
 Reference value :  3.81980e-06
 Reference value :  3.82455e-06
 Reference value :  3.82475e-06
 Reference value :  3.82538e-06
 Reference value :  3.82564e-06
 Reference value :  3.82601e-06
 Reference value :  3.82652e-06
 Reference value :  3.82698e-06
 Reference value :  3.82720e-06
 Reference value :  3.82795e-06
 Reference value :  3.82863e-06
 Reference value :  3.82899e-06
 Reference value :  3.82933e-06
 Reference value :  3.82961e-06
 Reference value :  3.83190e-06
 Reference value :  3.84036e-06
 Reference value :  3.84836e-06
 Reference value :  3.85786e-06
 Reference value :  3.86577e-06
 Reference value :  3.86627e-06
 Reference value :  3.86653e-06
 Reference value :  3.86690e-06
 Reference value :  3.86712e-06
 Reference value :  3.86733e-06
 Reference value :  3.86760e-06
 Reference value :  3.86783e-06
 Reference value :  3.86815e-06
 Reference value :  3.86848e-06
 Reference value :  3.86907e-06
 Reference value :  3.87353e-06
 Reference value :  3.88153e-06
 Reference value :  3.88953e-06
 Reference value :  3.89703e-06
 Reference value :  3.90553e-06
 Reference value :  3.90792e-06
 Reference value :  3.90809e-06
 Reference value :  3.90871e-06
 Reference value :  3.90898e-06
 Reference value :  3.90935e-06
 Reference value :  3.90978e-06
 Reference value :  3.91026e-06
 Reference value :  3.91050e-06
 Reference value :  3.91116e-06
 Reference value :  3.91220e-06
 Reference value :  3.91265e-06
 Reference value :  3.91305e-06
 Reference value :  3.91385e-06
 Reference value :  3.91883e-06
 Reference value :  3.92733e-06
 Reference value :  3.93533e-06
 Reference value :  3.94683e-06
 Reference value :  3.94960e-06
 Reference value :  3.95000e-06
 Reference value :  3.95025e-06
 Reference value :  3.95048e-06
 Reference value :  3.95060e-06
 Reference value :  3.95088e-06
 Reference value :  3.95115e-06
 Reference value :  3.95141e-06
 Reference value :  3.95166e-06
 Reference value :  3.95206e-06
 Reference value :  3.95291e-06
 Reference value :  3.95970e-06
 Reference value :  3.96870e-06
 Reference value :  3.97570e-06
 Reference value :  3.98470e-06
 Reference value :  3.99121e-06
 Reference value :  3.99138e-06
 Reference value :  3.99178e-06
 Reference value :  3.99218e-06
 Reference value :  3.99255e-06
 Reference value :  3.99291e-06
 Reference value :  3.99348e-06
 Reference value :  3.99375e-06
 Reference value :  3.99415e-06
 Reference value :  3.99565e-06
 Reference value :  3.99610e-06
 Reference value :  3.99643e-06
 Reference value :  3.99699e-06
 Reference value :  4.00391e-06
 Reference value :  4.01241e-06
 Reference value :  4.01991e-06
 Reference value :  4.02841e-06
 Reference value :  4.03288e-06
 Reference value :  4.03301e-06
 Reference value :  4.03327e-06
 Reference value :  4.03352e-06
 Reference value :  4.03367e-06
 Reference value :  4.03382e-06
 Reference value :  4.03394e-06
 Reference value :  4.03410e-06
 Reference value :  4.03430e-06
 Reference value :  4.03447e-06
 Reference value :  4.03475e-06
 Reference value :  4.03501e-06
 Reference value :  4.03542e-06
 Reference value :  4.03624e-06
 Reference value :  4.04026e-06
 Reference value :  4.04576e-06
 Reference value :  4.05176e-06
 Reference value :  4.05726e-06
 Reference value :  4.06326e-06
 Reference value :  4.06876e-06
 Reference value :  4.07450e-06
 Reference value :  4.07456e-06
 Reference value :  4.07468e-06
 Reference value :  4.07496e-06
 Reference value :  4.07549e-06
 Reference value :  4.07560e-06
 Reference value :  4.07586e-06
 Reference value :  4.07613e-06
 Reference value :  4.07646e-06
 Reference value :  4.07685e-06
 Reference value :  4.07703e-06
 Reference value :  4.07725e-06
 Reference value :  4.07762e-06
 Reference value :  4.07900e-06
 Reference value :  4.07928e-06
 Reference value :  4.07968e-06
 Reference value :  4.08132e-06
 Reference value :  4.08596e-06
 Reference value :  4.09146e-06
 Reference value :  4.09746e-06
 Reference value :  4.10296e-06
 Reference value :  4.10846e-06
 Reference value :  4.11396e-06
 Reference value :  4.11620e-06
 Reference value :  4.11630e-06
 Reference value :  4.11646e-06
 Reference value :  4.11680e-06
 Reference value :  4.11694e-06
 Reference value :  4.11714e-06
 Reference value :  4.11725e-06
 Reference value :  4.11743e-06
 Reference value :  4.11760e-06
 Reference value :  4.11777e-06
 Reference value :  4.11794e-06
 Reference value :  4.11815e-06
 Reference value :  4.11831e-06
 Reference value :  4.11854e-06
 Reference value :  4.11874e-06
 Reference value :  4.11905e-06
 Reference value :  4.12021e-06
 Reference value :  4.12580e-06
 Reference value :  4.13180e-06
 Reference value :  4.13730e-06
 Reference value :  4.14330e-06
 Reference value :  4.14880e-06
 Reference value :  4.15430e-06
 Reference value :  4.15785e-06
 Reference value :  4.15792e-06
 Reference value :  4.15803e-06
 Reference value :  4.15825e-06
 Reference value :  4.15873e-06
 Reference value :  4.15894e-06
 Reference value :  4.15919e-06
 Reference value :  4.15941e-06
 Reference value :  4.15975e-06
 Reference value :  4.16008e-06
 Reference value :  4.16028e-06
 Reference value :  4.16068e-06
 Reference value :  4.16111e-06
 Reference value :  4.16153e-06
 Reference value :  4.16184e-06
 Reference value :  4.16244e-06
 Reference value :  4.16358e-06
 Reference value :  4.16709e-06
 Reference value :  4.17309e-06
 Reference value :  4.18059e-06
 Reference value :  4.18659e-06
 Reference value :  4.19259e-06
 Reference value :  4.19809e-06
 Reference value :  4.19956e-06
 Reference value :  4.19965e-06
 Reference value :  4.19984e-06
 Reference value :  4.20017e-06
 Reference value :  4.20034e-06
 Reference value :  4.20053e-06
 Reference value :  4.20070e-06
 Reference value :  4.20098e-06
 Reference value :  4.20111e-06
 Reference value :  4.20139e-06
 Reference value :  4.20165e-06
 Reference value :  4.20195e-06
 Reference value :  4.20273e-06
 Reference value :  4.20733e-06
 Reference value :  4.21283e-06
 Reference value :  4.21833e-06
 Reference value :  4.22433e-06
 Reference value :  4.22983e-06
 Reference value :  4.23583e-06
 Reference value :  4.24117e-06
 Reference value :  4.24124e-06
 Reference value :  4.24136e-06
 Reference value :  4.24162e-06
 Reference value :  4.24215e-06
 Reference value :  4.24228e-06
 Reference value :  4.24251e-06
 Reference value :  4.24278e-06
 Reference value :  4.24299e-06
 Reference value :  4.24350e-06
 Reference value :  4.24364e-06
 Reference value :  4.24408e-06
 Reference value :  4.24448e-06
 Reference value :  4.24503e-06
 Reference value :  4.24610e-06
 Reference value :  4.24814e-06
 Reference value :  4.25270e-06
 Reference value :  4.25820e-06
 Reference value :  4.26370e-06
 Reference value :  4.26920e-06
 Reference value :  4.27470e-06
 Reference value :  4.28020e-06
 Reference value :  4.28286e-06
 Reference value :  4.28296e-06
 Reference value :  4.28317e-06
 Reference value :  4.28353e-06
 Reference value :  4.28368e-06
 Reference value :  4.28383e-06
 Reference value :  4.28395e-06
 Reference value :  4.28416e-06
 Reference value :  4.28430e-06
 Reference value :  4.28447e-06
 Reference value :  4.28476e-06
 Reference value :  4.28502e-06
 Reference value :  4.28539e-06
 Reference value :  4.28612e-06
 Reference value :  4.29084e-06
 Reference value :  4.29634e-06
 Reference value :  4.30184e-06
 Reference value :  4.30734e-06
 Reference value :  4.31234e-06
 Reference value :  4.31784e-06
 Reference value :  4.32334e-06
 Reference value :  4.32455e-06
 Reference value :  4.32468e-06
 Reference value :  4.32503e-06
 Reference value :  4.32550e-06
 Reference value :  4.32577e-06
 Reference value :  4.32607e-06
 Reference value :  4.32645e-06
 Reference value :  4.32791e-06
 Reference value :  4.32865e-06
 Reference value :  4.32906e-06
 Reference value :  4.33071e-06
 Reference value :  4.33509e-06
 Reference value :  4.33629e-06
 Reference value :  4.33671e-06
 Reference value :  4.33729e-06
 Reference value :  4.34164e-06
 Reference value :  4.34864e-06
 Reference value :  4.35414e-06
 Reference value :  4.36114e-06
 Reference value :  4.36620e-06
 Reference value :  4.36630e-06
 Reference value :  4.36646e-06
 Reference value :  4.36680e-06
 Reference value :  4.36694e-06
 Reference value :  4.36717e-06
 Reference value :  4.36741e-06
 Reference value :  4.36761e-06
 Reference value :  4.36778e-06
 Reference value :  4.36794e-06
 Reference value :  4.36810e-06
 Reference value :  4.36827e-06
 Reference value :  4.36843e-06
 Reference value :  4.36870e-06
 Reference value :  4.36912e-06
 Reference value :  4.37050e-06
 Reference value :  4.37846e-06
 Reference value :  4.38646e-06
 Reference value :  4.39296e-06
 Reference value :  4.39846e-06
 Reference value :  4.40396e-06
 Reference value :  4.40785e-06
 Reference value :  4.40793e-06
 Reference value :  4.40807e-06
 Reference value :  4.40834e-06
 Reference value :  4.40883e-06
 Reference value :  4.40900e-06
 Reference value :  4.40928e-06
 Reference value :  4.40954e-06
 Reference value :  4.41034e-06
 Reference value :  4.41142e-06
 Reference value :  4.41173e-06
 Reference value :  4.41249e-06
 Reference value :  4.41790e-06
 Reference value :  4.41997e-06
 Reference value :  4.42059e-06
 Reference value :  4.42321e-06
 Reference value :  4.43021e-06
 Reference value :  4.43871e-06
 Reference value :  4.44521e-06
 Reference value :  4.44956e-06
 Reference value :  4.44964e-06
 Reference value :  4.44980e-06
 Reference value :  4.45018e-06
 Reference value :  4.45037e-06
 Reference value :  4.45066e-06
 Reference value :  4.45095e-06
 Reference value :  4.45111e-06
 Reference value :  4.45144e-06
 Reference value :  4.45186e-06
 Reference value :  4.45271e-06
 Reference value :  4.46070e-06
 Reference value :  4.47320e-06
 Reference value :  4.48370e-06
 Reference value :  4.48970e-06
 Reference value :  4.49123e-06
 Reference value :  4.49131e-06
 Reference value :  4.49153e-06
 Reference value :  4.49217e-06
 Reference value :  4.49242e-06
 Reference value :  4.49279e-06
 Reference value :  4.49304e-06
 Reference value :  4.49419e-06
 Reference value :  4.49594e-06
 Reference value :  4.49643e-06
 Reference value :  4.49706e-06
 Reference value :  4.49984e-06
 Reference value :  4.50219e-06
 Reference value :  4.50352e-06
 Reference value :  4.50376e-06
 Reference value :  4.50398e-06
 Reference value :  4.50442e-06
 Reference value :  4.50681e-06
 Reference value :  4.51281e-06
 Reference value :  4.51781e-06
 Reference value :  4.52381e-06
 Reference value :  4.52881e-06
 Reference value :  4.53284e-06
 Reference value :  4.53291e-06
 Reference value :  4.53301e-06
 Reference value :  4.53333e-06
 Reference value :  4.53357e-06
 Reference value :  4.53367e-06
 Reference value :  4.53384e-06
 Reference value :  4.53398e-06
 Reference value :  4.53420e-06
 Reference value :  4.53439e-06
 Reference value :  4.53457e-06
 Reference value :  4.53470e-06
 Reference value :  4.53493e-06
 Reference value :  4.53520e-06
 Reference value :  4.53551e-06
 Reference value :  4.53650e-06
 Reference value :  4.54129e-06
 Reference value :  4.54729e-06
 Reference value :  4.55279e-06
 Reference value :  4.55829e-06
 Reference value :  4.56379e-06
 Reference value :  4.56929e-06
 Reference value :  4.57450e-06
 Reference value :  4.57457e-06
 Reference value :  4.57469e-06
 Reference value :  4.57503e-06
 Reference value :  4.57550e-06
 Reference value :  4.57564e-06
 Reference value :  4.57593e-06
 Reference value :  4.57617e-06
 Reference value :  4.57647e-06
 Reference value :  4.57779e-06
 Reference value :  4.57950e-06
 Reference value :  4.58007e-06
 Reference value :  4.58068e-06
 Reference value :  4.58284e-06
 Reference value :  4.58507e-06
 Reference value :  4.58622e-06
 Reference value :  4.58661e-06
 Reference value :  4.58681e-06
 Reference value :  4.58729e-06
 Reference value :  4.58860e-06
 Reference value :  4.59389e-06
 Reference value :  4.59939e-06
 Reference value :  4.60489e-06
 Reference value :  4.61039e-06
 Reference value :  4.61617e-06
 Reference value :  4.61623e-06
 Reference value :  4.61632e-06
 Reference value :  4.61656e-06
 Reference value :  4.61686e-06
 Reference value :  4.61695e-06
 Reference value :  4.61713e-06
 Reference value :  4.61726e-06
 Reference value :  4.61751e-06
 Reference value :  4.61772e-06
 Reference value :  4.61790e-06
 Reference value :  4.61804e-06
 Reference value :  4.61827e-06
 Reference value :  4.61845e-06
 Reference value :  4.61874e-06
 Reference value :  4.61921e-06
 Reference value :  4.62207e-06
 Reference value :  4.62757e-06
 Reference value :  4.63357e-06
 Reference value :  4.64007e-06
 Reference value :  4.64557e-06
 Reference value :  4.65157e-06
 Reference value :  4.65707e-06
 Reference value :  4.65788e-06
 Reference value :  4.65799e-06
 Reference value :  4.65821e-06
 Reference value :  4.65872e-06
 Reference value :  4.65886e-06
 Reference value :  4.65907e-06
 Reference value :  4.65930e-06
 Reference value :  4.65954e-06
 Reference value :  4.65980e-06
 Reference value :  4.66116e-06
 Reference value :  4.66201e-06
 Reference value :  4.66250e-06
 Reference value :  4.66321e-06
 Reference value :  4.66708e-06
 Reference value :  4.66851e-06
 Reference value :  4.67011e-06
 Reference value :  4.67042e-06
 Reference value :  4.67070e-06
 Reference value :  4.67126e-06
 Reference value :  4.67408e-06
 Reference value :  4.67958e-06
 Reference value :  4.68508e-06
 Reference value :  4.69058e-06
 Reference value :  4.69608e-06
 Reference value :  4.69953e-06
 Reference value :  4.69963e-06
 Reference value :  4.69977e-06
 Reference value :  4.70006e-06
 Reference value :  4.70026e-06
 Reference value :  4.70045e-06
 Reference value :  4.70056e-06
 Reference value :  4.70088e-06
 Reference value :  4.70103e-06
 Reference value :  4.70118e-06
 Reference value :  4.70141e-06
 Reference value :  4.70160e-06
 Reference value :  4.70186e-06
 Reference value :  4.70216e-06
 Reference value :  4.70289e-06
 Reference value :  4.70739e-06
 Reference value :  4.71339e-06
 Reference value :  4.71889e-06
 Reference value :  4.72489e-06
 Reference value :  4.73039e-06
 Reference value :  4.73589e-06
 Reference value :  4.74117e-06
 Reference value :  4.74126e-06
 Reference value :  4.74140e-06
 Reference value :  4.74171e-06
 Reference value :  4.74216e-06
 Reference value :  4.74234e-06
 Reference value :  4.74266e-06
 Reference value :  4.74296e-06
 Reference value :  4.74346e-06
 Reference value :  4.74478e-06
 Reference value :  4.74587e-06
 Reference value :  4.74670e-06
 Reference value :  4.74923e-06
 Reference value :  4.75129e-06
 Reference value :  4.75233e-06
 Reference value :  4.75258e-06
 Reference value :  4.75278e-06
 Reference value :  4.75310e-06
 Reference value :  4.75427e-06
 Reference value :  4.75981e-06
 Reference value :  4.76531e-06
 Reference value :  4.77081e-06
 Reference value :  4.77631e-06
 Reference value :  4.78231e-06
 Reference value :  4.78289e-06
 Reference value :  4.78301e-06
 Reference value :  4.78333e-06
 Reference value :  4.78357e-06
 Reference value :  4.78370e-06
 Reference value :  4.78386e-06
 Reference value :  4.78410e-06
 Reference value :  4.78428e-06
 Reference value :  4.78458e-06
 Reference value :  4.78478e-06
 Reference value :  4.78498e-06
 Reference value :  4.78522e-06
 Reference value :  4.78573e-06
 Reference value :  4.78723e-06
 Reference value :  4.79273e-06
 Reference value :  4.79823e-06
 Reference value :  4.80423e-06
 Reference value :  4.80973e-06
 Reference value :  4.81573e-06
 Reference value :  4.82173e-06
 Reference value :  4.82453e-06
 Reference value :  4.82462e-06
 Reference value :  4.82478e-06
 Reference value :  4.82515e-06
 Reference value :  4.82550e-06
 Reference value :  4.82563e-06
 Reference value :  4.82590e-06
 Reference value :  4.82614e-06
 Reference value :  4.82638e-06
 Reference value :  4.82719e-06
 Reference value :  4.82923e-06
 Reference value :  4.83049e-06
 Reference value :  4.83173e-06
 Reference value :  4.83459e-06
 Reference value :  4.83539e-06
 Reference value :  4.83642e-06
 Reference value :  4.83668e-06
 Reference value :  4.83704e-06
 Reference value :  4.83765e-06
 Reference value :  4.84118e-06
 Reference value :  4.84668e-06
 Reference value :  4.85268e-06
 Reference value :  4.85868e-06
 Reference value :  4.86468e-06
 Reference value :  4.86623e-06
 Reference value :  4.86631e-06
 Reference value :  4.86651e-06
 Reference value :  4.86686e-06
 Reference value :  4.86699e-06
 Reference value :  4.86716e-06
 Reference value :  4.86719e-06
 Reference value :  4.86736e-06
 Reference value :  4.86756e-06
 Reference value :  4.86769e-06
 Reference value :  4.86788e-06
 Reference value :  4.86810e-06
 Reference value :  4.86830e-06
 Reference value :  4.86857e-06
 Reference value :  4.86887e-06
 Reference value :  4.86950e-06
 Reference value :  4.87262e-06
 Reference value :  4.87812e-06
 Reference value :  4.88362e-06
 Reference value :  4.88962e-06
 Reference value :  4.89512e-06
 Reference value :  4.90162e-06
 Reference value :  4.90712e-06
 Reference value :  4.90789e-06
 Reference value :  4.90800e-06
 Reference value :  4.90821e-06
 Reference value :  4.90871e-06
 Reference value :  4.90886e-06
 Reference value :  4.90910e-06
 Reference value :  4.90934e-06
 Reference value :  4.90959e-06
 Reference value :  4.90996e-06
 Reference value :  4.91144e-06
 Reference value :  4.91232e-06
 Reference value :  4.91334e-06
 Reference value :  4.91709e-06
 Reference value :  4.91895e-06
 Reference value :  4.92020e-06
 Reference value :  4.92040e-06
 Reference value :  4.92065e-06
 Reference value :  4.92119e-06
 Reference value :  4.92273e-06
 Reference value :  4.92809e-06
 Reference value :  4.93409e-06
 Reference value :  4.93959e-06
 Reference value :  4.94509e-06
 Reference value :  4.94951e-06
 Reference value :  4.94960e-06
 Reference value :  4.94972e-06
 Reference value :  4.95000e-06
 Reference value :  4.95016e-06
 Reference value :  4.95030e-06
 Reference value :  4.95049e-06
 Reference value :  4.95064e-06
 Reference value :  4.95088e-06
 Reference value :  4.95101e-06
 Reference value :  4.95117e-06
 Reference value :  4.95137e-06
 Reference value :  4.95155e-06
 Reference value :  4.95179e-06
 Reference value :  4.95216e-06
 Reference value :  4.95309e-06
 Reference value :  4.95773e-06
 Reference value :  4.96323e-06
 Reference value :  4.96873e-06
 Reference value :  4.97473e-06
 Reference value :  4.98023e-06
 Reference value :  4.98573e-06
 Reference value :  4.99117e-06
 Reference value :  4.99125e-06
 Reference value :  4.99134e-06
 Reference value :  4.99156e-06
 Reference value :  4.99212e-06
 Reference value :  4.99229e-06
 Reference value :  4.99252e-06
 Reference value :  4.99277e-06
 Reference value :  4.99299e-06
 Reference value :  4.99404e-06
 Reference value :  4.99599e-06
 Reference value :  4.99812e-06
 Reference value :  5.00160e-06
 Reference value :  5.00284e-06
 Reference value :  5.00351e-06
 Reference value :  5.00469e-06
 Reference value :  5.00959e-06
 Reference value :  5.01509e-06
 Reference value :  5.02059e-06
 Reference value :  5.02609e-06
 Reference value :  5.03209e-06
 Reference value :  5.03288e-06
 Reference value :  5.03298e-06
 Reference value :  5.03319e-06
 Reference value :  5.03353e-06
 Reference value :  5.03368e-06
 Reference value :  5.03384e-06
 Reference value :  5.03397e-06
 Reference value :  5.03417e-06
 Reference value :  5.03431e-06
 Reference value :  5.03455e-06
 Reference value :  5.03476e-06
 Reference value :  5.03506e-06
 Reference value :  5.03550e-06
 Reference value :  5.03697e-06
 Reference value :  5.04229e-06
 Reference value :  5.04779e-06
 Reference value :  5.05329e-06
 Reference value :  5.05879e-06
 Reference value :  5.06429e-06
 Reference value :  5.06929e-06
 Reference value :  5.07451e-06
 Reference value :  5.07459e-06
 Reference value :  5.07470e-06
 Reference value :  5.07495e-06
 Reference value :  5.07548e-06
 Reference value :  5.07565e-06
 Reference value :  5.07589e-06
 Reference value :  5.07620e-06
 Reference value :  5.07664e-06
 Reference value :  5.07811e-06
 Reference value :  5.07863e-06
 Reference value :  5.07937e-06
 Reference value :  5.08361e-06
 Reference value :  5.08619e-06
 Reference value :  5.08799e-06
 Reference value :  5.08853e-06
 Reference value :  5.09074e-06
 Reference value :  5.09624e-06
 Reference value :  5.10174e-06
 Reference value :  5.10724e-06
 Reference value :  5.11274e-06
 Reference value :  5.11620e-06
 Reference value :  5.11629e-06
 Reference value :  5.11641e-06
 Reference value :  5.11680e-06
 Reference value :  5.11693e-06
 Reference value :  5.11709e-06
 Reference value :  5.11717e-06
 Reference value :  5.11722e-06
 Reference value :  5.11735e-06
 Reference value :  5.11750e-06
 Reference value :  5.11765e-06
 Reference value :  5.11776e-06
 Reference value :  5.11788e-06
 Reference value :  5.11811e-06
 Reference value :  5.11822e-06
 Reference value :  5.11832e-06
 Reference value :  5.11846e-06
 Reference value :  5.11857e-06
 Reference value :  5.11872e-06
 Reference value :  5.11887e-06
 Reference value :  5.11908e-06
 Reference value :  5.11957e-06
 Reference value :  5.12188e-06
 Reference value :  5.12888e-06
 Reference value :  5.13488e-06
 Reference value :  5.14088e-06
 Reference value :  5.14638e-06
 Reference value :  5.15288e-06
 Reference value :  5.15784e-06
 Reference value :  5.15796e-06
 Reference value :  5.15810e-06
 Reference value :  5.15837e-06
 Reference value :  5.15883e-06
 Reference value :  5.15903e-06
 Reference value :  5.15926e-06
 Reference value :  5.15959e-06
 Reference value :  5.15994e-06
 Reference value :  5.16027e-06
 Reference value :  5.16064e-06
 Reference value :  5.16105e-06
 Reference value :  5.16136e-06
 Reference value :  5.16180e-06
 Reference value :  5.16433e-06
 Reference value :  5.17071e-06
 Reference value :  5.17621e-06
 Reference value :  5.18271e-06
 Reference value :  5.18821e-06
 Reference value :  5.19421e-06
 Reference value :  5.19951e-06
 Reference value :  5.19960e-06
 Reference value :  5.19974e-06
 Reference value :  5.20001e-06
 Reference value :  5.20027e-06
 Reference value :  5.20050e-06
 Reference value :  5.20063e-06
 Reference value :  5.20082e-06
 Reference value :  5.20099e-06
 Reference value :  5.20116e-06
 Reference value :  5.20146e-06
 Reference value :  5.20178e-06
 Reference value :  5.20213e-06
 Reference value :  5.20329e-06
 Reference value :  5.20852e-06
 Reference value :  5.21452e-06
 Reference value :  5.22052e-06
 Reference value :  5.22652e-06
 Reference value :  5.23302e-06
 Reference value :  5.23902e-06
 Reference value :  5.24120e-06
 Reference value :  5.24131e-06
 Reference value :  5.24160e-06
 Reference value :  5.24211e-06
 Reference value :  5.24231e-06
 Reference value :  5.24254e-06
 Reference value :  5.24284e-06
 Reference value :  5.24334e-06
 Reference value :  5.24371e-06
 Reference value :  5.24402e-06
 Reference value :  5.24426e-06
 Reference value :  5.24452e-06
 Reference value :  5.24518e-06
 Reference value :  5.24943e-06
 Reference value :  5.25793e-06
 Reference value :  5.26543e-06
 Reference value :  5.27243e-06
 Reference value :  5.27943e-06
 Reference value :  5.28287e-06
 Reference value :  5.28297e-06
 Reference value :  5.28310e-06
 Reference value :  5.28353e-06
 Reference value :  5.28362e-06
 Reference value :  5.28382e-06
 Reference value :  5.28393e-06
 Reference value :  5.28411e-06
 Reference value :  5.28429e-06
 Reference value :  5.28444e-06
 Reference value :  5.28477e-06
 Reference value :  5.28510e-06
 Reference value :  5.28555e-06
 Reference value :  5.28966e-06
 Reference value :  5.29716e-06
 Reference value :  5.30416e-06
 Reference value :  5.31116e-06
 Reference value :  5.31866e-06
 Reference value :  5.32451e-06
 Reference value :  5.32462e-06
 Reference value :  5.32481e-06
 Reference value :  5.32539e-06
 Reference value :  5.32560e-06
 Reference value :  5.32600e-06
 Reference value :  5.32625e-06
 Reference value :  5.32665e-06
 Reference value :  5.32793e-06
 Reference value :  5.32834e-06
 Reference value :  5.32862e-06
 Reference value :  5.33009e-06
 Reference value :  5.33276e-06
 Reference value :  5.33547e-06
 Reference value :  5.33604e-06
 Reference value :  5.33748e-06
 Reference value :  5.34326e-06
 Reference value :  5.35126e-06
 Reference value :  5.35676e-06
 Reference value :  5.36226e-06
 Reference value :  5.36619e-06
 Reference value :  5.36626e-06
 Reference value :  5.36636e-06
 Reference value :  5.36661e-06
 Reference value :  5.36686e-06
 Reference value :  5.36698e-06
 Reference value :  5.36717e-06
 Reference value :  5.36736e-06
 Reference value :  5.36761e-06
 Reference value :  5.36772e-06
 Reference value :  5.36800e-06
 Reference value :  5.36826e-06
 Reference value :  5.36859e-06
 Reference value :  5.36931e-06
 Reference value :  5.37388e-06
 Reference value :  5.37888e-06
 Reference value :  5.38438e-06
 Reference value :  5.39088e-06
 Reference value :  5.39638e-06
 Reference value :  5.40138e-06
 Reference value :  5.40688e-06
 Reference value :  5.40789e-06
 Reference value :  5.40798e-06
 Reference value :  5.40817e-06
 Reference value :  5.40860e-06
 Reference value :  5.40883e-06
 Reference value :  5.40900e-06
 Reference value :  5.40924e-06
 Reference value :  5.40950e-06
 Reference value :  5.40978e-06
 Reference value :  5.41041e-06
 Reference value :  5.41258e-06
 Reference value :  5.41619e-06
 Reference value :  5.42169e-06
 Reference value :  5.42669e-06
 Reference value :  5.43169e-06
 Reference value :  5.43669e-06
 Reference value :  5.44169e-06
 Reference value :  5.44719e-06
 Reference value :  5.44954e-06
 Reference value :  5.44963e-06
 Reference value :  5.44977e-06
 Reference value :  5.45003e-06
 Reference value :  5.45035e-06
 Reference value :  5.45046e-06
 Reference value :  5.45056e-06
 Reference value :  5.45077e-06
 Reference value :  5.45102e-06
 Reference value :  5.45126e-06
 Reference value :  5.45156e-06
 Reference value :  5.45227e-06
 Reference value :  5.45533e-06
 Reference value :  5.46083e-06
 Reference value :  5.46633e-06
 Reference value :  5.47183e-06
 Reference value :  5.47683e-06
 Reference value :  5.48183e-06
 Reference value :  5.48733e-06
 Reference value :  5.49119e-06
 Reference value :  5.49126e-06
 Reference value :  5.49140e-06
 Reference value :  5.49169e-06
 Reference value :  5.49217e-06
 Reference value :  5.49229e-06
 Reference value :  5.49252e-06
 Reference value :  5.49277e-06
 Reference value :  5.49299e-06
 Reference value :  5.49365e-06
 Reference value :  5.49621e-06
 Reference value :  5.49921e-06
 Reference value :  5.50421e-06
 Reference value :  5.50921e-06
 Reference value :  5.51471e-06
 Reference value :  5.52021e-06
 Reference value :  5.52571e-06
 Reference value :  5.53121e-06
 Reference value :  5.53287e-06
 Reference value :  5.53296e-06
 Reference value :  5.53312e-06
 Reference value :  5.53350e-06
 Reference value :  5.53361e-06
 Reference value :  5.53378e-06
 Reference value :  5.53398e-06
 Reference value :  5.53420e-06
 Reference value :  5.53447e-06
 Reference value :  5.53468e-06
 Reference value :  5.53501e-06
 Reference value :  5.53562e-06
 Reference value :  5.53803e-06
 Reference value :  5.54303e-06
 Reference value :  5.54803e-06
 Reference value :  5.55303e-06
 Reference value :  5.55803e-06
 Reference value :  5.56303e-06
 Reference value :  5.56853e-06
 Reference value :  5.57353e-06
 Reference value :  5.57457e-06
 Reference value :  5.57466e-06
 Reference value :  5.57489e-06
 Reference value :  5.57527e-06
 Reference value :  5.57550e-06
 Reference value :  5.57567e-06
 Reference value :  5.57587e-06
 Reference value :  5.57612e-06
 Reference value :  5.57634e-06
 Reference value :  5.57683e-06
 Reference value :  5.57858e-06
 Reference value :  5.58170e-06
 Reference value :  5.58714e-06
 Reference value :  5.59214e-06
 Reference value :  5.59714e-06
 Reference value :  5.60264e-06
 Reference value :  5.60814e-06
 Reference value :  5.61314e-06
 Reference value :  5.61619e-06
 Reference value :  5.61626e-06
 Reference value :  5.61636e-06
 Reference value :  5.61653e-06
 Reference value :  5.61684e-06
 Reference value :  5.61695e-06
 Reference value :  5.61713e-06
 Reference value :  5.61726e-06
 Reference value :  5.61753e-06
 Reference value :  5.61781e-06
 Reference value :  5.61802e-06
 Reference value :  5.61838e-06
 Reference value :  5.61970e-06
 Reference value :  5.62488e-06
 Reference value :  5.63038e-06
 Reference value :  5.63588e-06
 Reference value :  5.64138e-06
 Reference value :  5.64638e-06
 Reference value :  5.65188e-06
 Reference value :  5.65783e-06
 Reference value :  5.65792e-06
 Reference value :  5.65801e-06
 Reference value :  5.65828e-06
 Reference value :  5.65876e-06
 Reference value :  5.65890e-06
 Reference value :  5.65909e-06
 Reference value :  5.65933e-06
 Reference value :  5.65961e-06
 Reference value :  5.65998e-06
 Reference value :  5.66155e-06
 Reference value :  5.66379e-06
 Reference value :  5.66875e-06
 Reference value :  5.67425e-06
 Reference value :  5.68075e-06
 Reference value :  5.68825e-06
 Reference value :  5.69475e-06
 Reference value :  5.69952e-06
 Reference value :  5.69961e-06
 Reference value :  5.69975e-06
 Reference value :  5.70013e-06
 Reference value :  5.70028e-06
 Reference value :  5.70037e-06
 Reference value :  5.70052e-06
 Reference value :  5.70074e-06
 Reference value :  5.70098e-06
 Reference value :  5.70130e-06
 Reference value :  5.70164e-06
 Reference value :  5.70229e-06
 Reference value :  5.70605e-06
 Reference value :  5.71155e-06
 Reference value :  5.71705e-06
 Reference value :  5.72205e-06
 Reference value :  5.72755e-06
 Reference value :  5.73305e-06
 Reference value :  5.73855e-06
 Reference value :  5.74119e-06
 Reference value :  5.74128e-06
 Reference value :  5.74143e-06
 Reference value :  5.74173e-06
 Reference value :  5.74211e-06
 Reference value :  5.74232e-06
 Reference value :  5.74254e-06
 Reference value :  5.74280e-06
 Reference value :  5.74303e-06
 Reference value :  5.74397e-06
 Reference value :  5.74648e-06
 Reference value :  5.75086e-06
 Reference value :  5.75636e-06
 Reference value :  5.76186e-06
 Reference value :  5.76736e-06
 Reference value :  5.77286e-06
 Reference value :  5.77836e-06
 Reference value :  5.78284e-06
 Reference value :  5.78292e-06
 Reference value :  5.78301e-06
 Reference value :  5.78321e-06
 Reference value :  5.78353e-06
 Reference value :  5.78365e-06
 Reference value :  5.78384e-06
 Reference value :  5.78406e-06
 Reference value :  5.78434e-06
 Reference value :  5.78463e-06
 Reference value :  5.78495e-06
 Reference value :  5.78541e-06
 Reference value :  5.78775e-06
 Reference value :  5.79325e-06
 Reference value :  5.79875e-06
 Reference value :  5.80425e-06
 Reference value :  5.80975e-06
 Reference value :  5.81525e-06
 Reference value :  5.82125e-06
 Reference value :  5.82452e-06
 Reference value :  5.82460e-06
 Reference value :  5.82478e-06
 Reference value :  5.82522e-06
 Reference value :  5.82551e-06
 Reference value :  5.82574e-06
 Reference value :  5.82603e-06
 Reference value :  5.82628e-06
 Reference value :  5.82667e-06
 Reference value :  5.82837e-06
 Reference value :  5.83130e-06
 Reference value :  5.83665e-06
 Reference value :  5.84215e-06
 Reference value :  5.84765e-06
 Reference value :  5.85315e-06
 Reference value :  5.85915e-06
 Reference value :  5.86515e-06
 Reference value :  5.86621e-06
 Reference value :  5.86629e-06
 Reference value :  5.86644e-06
 Reference value :  5.86672e-06
 Reference value :  5.86694e-06
 Reference value :  5.86717e-06
 Reference value :  5.86739e-06
 Reference value :  5.86769e-06
 Reference value :  5.86795e-06
 Reference value :  5.86832e-06
 Reference value :  5.86901e-06
 Reference value :  5.87216e-06
 Reference value :  5.87766e-06
 Reference value :  5.88316e-06
 Reference value :  5.88866e-06
 Reference value :  5.89416e-06
 Reference value :  5.89966e-06
 Reference value :  5.90566e-06
 Reference value :  5.90787e-06
 Reference value :  5.90797e-06
 Reference value :  5.90822e-06
 Reference value :  5.90864e-06
 Reference value :  5.90885e-06
 Reference value :  5.90908e-06
 Reference value :  5.90935e-06
 Reference value :  5.90962e-06
 Reference value :  5.91008e-06
 Reference value :  5.91175e-06
 Reference value :  5.91457e-06
 Reference value :  5.92000e-06
 Reference value :  5.92550e-06
 Reference value :  5.93100e-06
 Reference value :  5.93650e-06
 Reference value :  5.94200e-06
 Reference value :  5.94750e-06
 Reference value :  5.94956e-06
 Reference value :  5.94964e-06
 Reference value :  5.94986e-06
 Reference value :  5.95022e-06
 Reference value :  5.95029e-06
 Reference value :  5.95047e-06
 Reference value :  5.95057e-06
 Reference value :  5.95078e-06
 Reference value :  5.95101e-06
 Reference value :  5.95131e-06
 Reference value :  5.95167e-06
 Reference value :  5.95273e-06
 Reference value :  5.95837e-06
 Reference value :  5.96387e-06
 Reference value :  5.96937e-06
 Reference value :  5.97487e-06
 Reference value :  5.98087e-06
 Reference value :  5.98637e-06
 Reference value :  5.99117e-06
 Reference value :  5.99127e-06
 Reference value :  5.99145e-06
 Reference value :  5.99172e-06
 Reference value :  5.99214e-06
 Reference value :  5.99234e-06
 Reference value :  5.99267e-06
 Reference value :  5.99294e-06
 Reference value :  5.99327e-06
 Reference value :  5.99486e-06
 Reference value :  5.99701e-06
 Reference value :  6.00261e-06
 Reference value :  6.00811e-06
 Reference value :  6.01361e-06
 Reference value :  6.01961e-06
 Reference value :  6.02661e-06
 Reference value :  6.03284e-06
 Reference value :  6.03296e-06
 Reference value :  6.03319e-06
 Reference value :  6.03355e-06
 Reference value :  6.03372e-06
 Reference value :  6.03387e-06
 Reference value :  6.03401e-06
 Reference value :  6.03429e-06
 Reference value :  6.03447e-06
 Reference value :  6.03465e-06
 Reference value :  6.03494e-06
 Reference value :  6.03518e-06
 Reference value :  6.03547e-06
 Reference value :  6.03614e-06
 Reference value :  6.04049e-06
 Reference value :  6.04649e-06
 Reference value :  6.05249e-06
 Reference value :  6.05799e-06
 Reference value :  6.06399e-06
 Reference value :  6.06999e-06
 Reference value :  6.07450e-06
 Reference value :  6.07459e-06
 Reference value :  6.07472e-06
 Reference value :  6.07496e-06
 Reference value :  6.07537e-06
 Reference value :  6.07550e-06
 Reference value :  6.07572e-06
 Reference value :  6.07597e-06
 Reference value :  6.07627e-06
 Reference value :  6.07673e-06
 Reference value :  6.07862e-06
 Reference value :  6.08544e-06
 Reference value :  6.09394e-06
 Reference value :  6.10044e-06
 Reference value :  6.10644e-06
 Reference value :  6.11244e-06
 Reference value :  6.11620e-06
 Reference value :  6.11630e-06
 Reference value :  6.11647e-06
 Reference value :  6.11685e-06
 Reference value :  6.11703e-06
 Reference value :  6.11713e-06
 Reference value :  6.11723e-06
 Reference value :  6.11737e-06
 Reference value :  6.11751e-06
 Reference value :  6.11765e-06
 Reference value :  6.11777e-06
 Reference value :  6.11793e-06
 Reference value :  6.11826e-06
 Reference value :  6.11853e-06
 Reference value :  6.11880e-06
 Reference value :  6.11939e-06
 Reference value :  6.12230e-06
 Reference value :  6.12830e-06
 Reference value :  6.13430e-06
 Reference value :  6.13980e-06
 Reference value :  6.14530e-06
 Reference value :  6.15130e-06
 Reference value :  6.15784e-06
 Reference value :  6.15797e-06
 Reference value :  6.15825e-06
 Reference value :  6.15884e-06
 Reference value :  6.15905e-06
 Reference value :  6.15930e-06
 Reference value :  6.15958e-06
 Reference value :  6.16008e-06
 Reference value :  6.16054e-06
 Reference value :  6.16106e-06
 Reference value :  6.16152e-06
 Reference value :  6.16294e-06
 Reference value :  6.16823e-06
 Reference value :  6.17423e-06
 Reference value :  6.18023e-06
 Reference value :  6.18673e-06
 Reference value :  6.19323e-06
 Reference value :  6.19950e-06
 Reference value :  6.19957e-06
 Reference value :  6.19969e-06
 Reference value :  6.19996e-06
 Reference value :  6.20021e-06
 Reference value :  6.20038e-06
 Reference value :  6.20052e-06
 Reference value :  6.20066e-06
 Reference value :  6.20093e-06
 Reference value :  6.20103e-06
 Reference value :  6.20132e-06
 Reference value :  6.20164e-06
 Reference value :  6.20199e-06
 Reference value :  6.20274e-06
 Reference value :  6.20730e-06
 Reference value :  6.21380e-06
 Reference value :  6.21980e-06
 Reference value :  6.22580e-06
 Reference value :  6.23230e-06
 Reference value :  6.23830e-06
 Reference value :  6.24121e-06
 Reference value :  6.24130e-06
 Reference value :  6.24152e-06
 Reference value :  6.24206e-06
 Reference value :  6.24222e-06
 Reference value :  6.24245e-06
 Reference value :  6.24273e-06
 Reference value :  6.24307e-06
 Reference value :  6.24372e-06
 Reference value :  6.24410e-06
 Reference value :  6.24450e-06
 Reference value :  6.24517e-06
 Reference value :  6.24959e-06
 Reference value :  6.25559e-06
 Reference value :  6.26159e-06
 Reference value :  6.26759e-06
 Reference value :  6.27359e-06
 Reference value :  6.28009e-06
 Reference value :  6.28287e-06
 Reference value :  6.28297e-06
 Reference value :  6.28320e-06
No. of Data Rows : 27921

  Measurements for Transient Analysis

d9_c1               =  1.82924e-04
d8_c1               =  3.07895e-04
d7_c1               =  1.79968e+00
d6_c1               =  1.79968e+00
d5_c1               =  3.07967e-04
d4_c1               =  3.08005e-04
d3_c1               =  1.79968e+00
d2_c1               =  3.08138e-04
d1_c1               =  3.08275e-04
d0_c1               =  1.79968e+00
d9_c2               =  1.90955e-04
d8_c2               =  1.79967e+00
d7_c2               =  3.17555e-04
d6_c2               =  1.79967e+00
d5_c2               =  1.79967e+00
d4_c2               =  1.79967e+00
d3_c2               =  1.79967e+00
d2_c2               =  1.79967e+00
d1_c2               =  1.79967e+00
d0_c2               =  1.79967e+00
d9_c3               =  1.79977e+00
d8_c3               =  2.89108e-04
d7_c3               =  2.89104e-04
d6_c3               =  2.89101e-04
d5_c3               =  2.89096e-04
d4_c3               =  2.89090e-04
d3_c3               =  2.89129e-04
d2_c3               =  2.89063e-04
d1_c3               =  2.89018e-04
d0_c3               =  2.88865e-04
d9_c4               =  1.79980e+00
d8_c4               =  3.29990e-04
d7_c4               =  1.79968e+00
d6_c4               =  3.29984e-04
d5_c4               =  3.29985e-04
d4_c4               =  3.29973e-04
d3_c4               =  3.29962e-04
d2_c4               =  3.29942e-04
d1_c4               =  3.29901e-04
d0_c4               =  1.79968e+00
d9_c5               =  1.79988e+00
d8_c5               =  1.79970e+00
d7_c5               =  1.79970e+00
d6_c5               =  1.79970e+00
d5_c5               =  1.79970e+00
d4_c5               =  1.79970e+00
d3_c5               =  1.79970e+00
d2_c5               =  1.79970e+00
d1_c5               =  1.79970e+00
d0_c5               =  1.79970e+00
busy_c1_p0          =  1.79961e+00
smpl_c1_p0          =  2.11940e-04
busy_c1_p1          =  1.79964e+00
smpl_c1_p1          =  2.11141e-04
busy_c1_p2          =  1.79965e+00
smpl_c1_p2          =  2.02926e-04
busy_c1_p3          =  1.79965e+00
smpl_c1_p3          =  2.07486e-04
busy_c1_p4          =  1.79964e+00
smpl_c1_p4          =  1.99052e-04
busy_c1_p5          =  1.79962e+00
smpl_c1_p5          =  2.07275e-04
busy_c1_p6          =  1.79963e+00
smpl_c1_p6          =  1.91855e-04
busy_c1_p7          =  1.79962e+00
smpl_c1_p7          =  1.98965e-04
busy_c1_p8          =  1.79967e+00
smpl_c1_p8          =  2.03503e-04
busy_c1_p9          =  1.79964e+00
smpl_c1_p9          =  2.04214e-04
busy_c1_p10         =  1.79964e+00
smpl_c1_p10         =  2.02944e-04
busy_c1_p11         =  2.90017e-04
smpl_c1_p11         =  1.79993e+00
busy_c2_p0          =  1.79963e+00
smpl_c2_p0          =  2.06883e-04
busy_c2_p1          =  1.79967e+00
smpl_c2_p1          =  2.02067e-04
busy_c2_p2          =  1.79963e+00
smpl_c2_p2          =  2.04258e-04
busy_c2_p3          =  1.79964e+00
smpl_c2_p3          =  2.07548e-04
busy_c2_p4          =  1.79965e+00
smpl_c2_p4          =  2.01298e-04
busy_c2_p5          =  1.79967e+00
smpl_c2_p5          =  2.03307e-04
busy_c2_p6          =  1.79964e+00
smpl_c2_p6          =  2.12974e-04
busy_c2_p7          =  1.79963e+00
smpl_c2_p7          =  1.93009e-04
busy_c2_p8          =  1.79963e+00
smpl_c2_p8          =  2.09031e-04
busy_c2_p9          =  1.79964e+00
smpl_c2_p9          =  2.11550e-04
busy_c2_p10         =  1.79964e+00
smpl_c2_p10         =  2.13945e-04
busy_c2_p11         =  2.89288e-04
smpl_c2_p11         =  1.79993e+00
busy_c3_p0          =  1.79961e+00
smpl_c3_p0          =  2.06496e-04
busy_c3_p1          =  1.79965e+00
smpl_c3_p1          =  2.09561e-04
busy_c3_p2          =  1.79967e+00
smpl_c3_p2          =  1.97481e-04
busy_c3_p3          =  1.79964e+00
smpl_c3_p3          =  2.11038e-04
busy_c3_p4          =  1.79964e+00
smpl_c3_p4          =  2.10864e-04
busy_c3_p5          =  1.79963e+00
smpl_c3_p5          =  1.89455e-04
busy_c3_p6          =  1.79965e+00
smpl_c3_p6          =  2.05942e-04
busy_c3_p7          =  1.79964e+00
smpl_c3_p7          =  2.10272e-04
busy_c3_p8          =  1.79964e+00
smpl_c3_p8          =  2.09891e-04
busy_c3_p9          =  1.79965e+00
smpl_c3_p9          =  2.05721e-04
busy_c3_p10         =  1.79964e+00
smpl_c3_p10         =  1.89668e-04
busy_c3_p11         =  2.87956e-04
smpl_c3_p11         =  1.79993e+00
busy_c4_p0          =  1.79966e+00
smpl_c4_p0          =  1.93928e-04
busy_c4_p1          =  1.79964e+00
smpl_c4_p1          =  2.05602e-04
busy_c4_p2          =  1.79966e+00
smpl_c4_p2          =  2.01937e-04
busy_c4_p3          =  1.79961e+00
smpl_c4_p3          =  2.04526e-04
busy_c4_p4          =  1.79964e+00
smpl_c4_p4          =  2.06441e-04
busy_c4_p5          =  1.79964e+00
smpl_c4_p5          =  2.10022e-04
busy_c4_p6          =  1.79965e+00
smpl_c4_p6          =  2.08105e-04
busy_c4_p7          =  1.79964e+00
smpl_c4_p7          =  2.11243e-04
busy_c4_p8          =  1.79964e+00
smpl_c4_p8          =  2.07505e-04
busy_c4_p9          =  1.79963e+00
smpl_c4_p9          =  2.04062e-04
busy_c4_p10         =  1.79964e+00
smpl_c4_p10         =  2.08140e-04
busy_c4_p11         =  2.75625e-04
smpl_c4_p11         =  1.79993e+00
busy_c5_p0          =  1.79962e+00
smpl_c5_p0          =  2.05592e-04
busy_c5_p1          =  1.79965e+00
smpl_c5_p1          =  2.04147e-04
busy_c5_p2          =  1.79963e+00
smpl_c5_p2          =  1.85690e-04
busy_c5_p3          =  1.79963e+00
smpl_c5_p3          =  2.02538e-04
busy_c5_p4          =  1.79964e+00
smpl_c5_p4          =  1.89923e-04
busy_c5_p5          =  1.79963e+00
smpl_c5_p5          =  1.93602e-04
busy_c5_p6          =  1.79963e+00
smpl_c5_p6          =  1.99252e-04
busy_c5_p7          =  1.79966e+00
smpl_c5_p7          =  2.01439e-04
busy_c5_p8          =  1.79966e+00
smpl_c5_p8          =  2.01387e-04
busy_c5_p9          =  1.79966e+00
smpl_c5_p9          =  2.03599e-04
busy_c5_p10         =  1.79967e+00
smpl_c5_p10         =  2.05453e-04
busy_c5_p11         =  2.88367e-04
smpl_c5_p11         =  1.79993e+00
i_vdd               =  -2.17062e-06 from=  3.20000e-06 to=  4.20003e-06
i_vpwr              =  -7.07854e-06 from=  3.20000e-06 to=  4.20003e-06
i_vrefp             =  -6.67279e-06 from=  3.20000e-06 to=  4.20003e-06
i_vrefn             =  6.66070e-06 from=  3.20000e-06 to=  4.20003e-06
i_vcm               =  1.21075e-08 from=  3.20000e-06 to=  4.20003e-06
gnd_die_max         =  2.14964e-01 at=  3.11800e-06
gnd_die_min         =  -1.08403e-01 at=  3.20061e-06
vgnd_max            =  3.32552e-02 at=  6.11697e-06
vgnd_min            =  -5.24198e-02 at=  6.11711e-06
vdd_max             =  1.88929e+00 at=  6.11722e-06
vdd_min             =  1.68392e+00 at=  6.11717e-06
vpwr_max            =  1.85847e+00 at=  6.11717e-06
vpwr_min            =  1.74854e+00 at=  6.11711e-06
vdda_min            =  1.58594e+00 at=  3.11801e-06
vdda_max            =  1.90420e+00 at=  3.20057e-06
i_vgnd              =  9.31051e-06 from=  3.20000e-06 to=  4.20003e-06
i_sub               =  2.23892e-06 from=  3.20000e-06 to=  4.20003e-06


Total analysis time (seconds) = 5855.13

Total elapsed time (seconds) = 6199.010 

Total DRAM available = 98304.000 MB.
DRAM currently available = 8665.141 MB.
Maximum ngspice program size =  784.891 MB.
Current ngspice program size =   36.766 MB.

