
Note: Compatibility modes selected: hs a


Circuit: * sim/ground-return-impedance (issue #378) arm 'pkg-sub10' -- reusing

option SCALE: Scale is set to 1e-06 for instance and model parameters
option SCALE: Scale is set to 1e-06 for instance and model parameters
option SCALE: Scale is set to 1e-06 for instance and model parameters
option SCALE: Scale is set to 1e-06 for instance and model parameters
Doing analysis at TEMP = 27.000000 and TNOM = 27.000000

Using KLU as Direct Linear Solver
 Reference value :  0.00000e+00
 Reference value :  4.14000e-09
 Reference value :  1.16400e-08
 Reference value :  1.86400e-08
 Reference value :  2.00550e-08
 Reference value :  2.01466e-08
 Reference value :  2.02794e-08
 Reference value :  2.03960e-08
 Reference value :  2.05264e-08
 Reference value :  2.06380e-08
 Reference value :  2.07708e-08
 Reference value :  2.09451e-08
 Reference value :  2.10299e-08
 Reference value :  2.11054e-08
 Reference value :  2.11928e-08
 Reference value :  2.12956e-08
 Reference value :  2.14128e-08
 Reference value :  2.16077e-08
 Reference value :  2.18142e-08
 Reference value :  2.20938e-08
 Reference value :  2.24301e-08
 Reference value :  2.31182e-08
 Reference value :  2.57765e-08
 Reference value :  3.12765e-08
 Reference value :  3.67765e-08
 Reference value :  4.17765e-08
 Reference value :  4.67765e-08
 Reference value :  5.17765e-08
 Reference value :  5.72765e-08
 Reference value :  6.22765e-08
 Reference value :  6.82765e-08
 Reference value :  7.32765e-08
 Reference value :  7.87765e-08
 Reference value :  8.37765e-08
 Reference value :  8.97765e-08
 Reference value :  9.47765e-08
 Reference value :  1.00276e-07
 Reference value :  1.06776e-07
 Reference value :  1.12276e-07
 Reference value :  1.17776e-07
 Reference value :  1.23276e-07
 Reference value :  1.28776e-07
 Reference value :  1.34776e-07
 Reference value :  1.40276e-07
 Reference value :  1.47276e-07
 Reference value :  1.53276e-07
 Reference value :  1.58776e-07
 Reference value :  1.64276e-07
 Reference value :  1.70776e-07
 Reference value :  1.78776e-07
 Reference value :  1.84776e-07
 Reference value :  1.92276e-07
 Reference value :  1.99138e-07
 Reference value :  1.99563e-07
 Reference value :  1.99681e-07
 Reference value :  1.99847e-07
 Reference value :  1.99988e-07
 Reference value :  2.00278e-07
 Reference value :  2.00401e-07
 Reference value :  2.00552e-07
 Reference value :  2.00677e-07
 Reference value :  2.00780e-07
 Reference value :  2.00872e-07
 Reference value :  2.00998e-07
 Reference value :  2.01153e-07
 Reference value :  2.01242e-07
 Reference value :  2.01407e-07
 Reference value :  2.01581e-07
 Reference value :  2.01881e-07
 Reference value :  2.02653e-07
 Reference value :  2.05980e-07
 Reference value :  2.10911e-07
 Reference value :  2.15246e-07
 Reference value :  2.20621e-07
 Reference value :  2.26085e-07
 Reference value :  2.31085e-07
 Reference value :  2.36585e-07
 Reference value :  2.41171e-07
 Reference value :  2.41239e-07
 Reference value :  2.41336e-07
 Reference value :  2.41506e-07
 Reference value :  2.41777e-07
 Reference value :  2.42167e-07
 Reference value :  2.42278e-07
 Reference value :  2.42525e-07
 Reference value :  2.42734e-07
 Reference value :  2.43055e-07
 Reference value :  2.43786e-07
 Reference value :  2.44128e-07
 Reference value :  2.44331e-07
 Reference value :  2.44435e-07
 Reference value :  2.44595e-07
 Reference value :  2.44785e-07
 Reference value :  2.44991e-07
 Reference value :  2.45318e-07
 Reference value :  2.46239e-07
 Reference value :  2.50813e-07
 Reference value :  2.55813e-07
 Reference value :  2.61313e-07
 Reference value :  2.68313e-07
 Reference value :  2.74313e-07
 Reference value :  2.80313e-07
 Reference value :  2.82863e-07
 Reference value :  2.82964e-07
 Reference value :  2.83120e-07
 Reference value :  2.83331e-07
 Reference value :  2.83592e-07
 Reference value :  2.83759e-07
 Reference value :  2.83936e-07
 Reference value :  2.84054e-07
 Reference value :  2.84170e-07
 Reference value :  2.84283e-07
 Reference value :  2.84488e-07
 Reference value :  2.84642e-07
 Reference value :  2.84818e-07
 Reference value :  2.84997e-07
 Reference value :  2.85118e-07
 Reference value :  2.85280e-07
 Reference value :  2.85430e-07
 Reference value :  2.85634e-07
 Reference value :  2.85914e-07
 Reference value :  2.86983e-07
 Reference value :  2.93127e-07
 Reference value :  2.99627e-07
 Reference value :  3.05627e-07
 Reference value :  3.11127e-07
 Reference value :  3.18127e-07
 Reference value :  3.24507e-07
 Reference value :  3.24608e-07
 Reference value :  3.24777e-07
 Reference value :  3.24983e-07
 Reference value :  3.25333e-07
 Reference value :  3.25497e-07
 Reference value :  3.25556e-07
 Reference value :  3.25685e-07
 Reference value :  3.25856e-07
 Reference value :  3.26188e-07
 Reference value :  3.26530e-07
 Reference value :  3.27111e-07
 Reference value :  3.27874e-07
 Reference value :  3.28270e-07
 Reference value :  3.28523e-07
 Reference value :  3.29006e-07
 Reference value :  3.30473e-07
 Reference value :  3.34686e-07
 Reference value :  3.39686e-07
 Reference value :  3.44686e-07
 Reference value :  3.49686e-07
 Reference value :  3.54686e-07
 Reference value :  3.59686e-07
 Reference value :  3.64686e-07
 Reference value :  3.66212e-07
 Reference value :  3.66282e-07
 Reference value :  3.66378e-07
 Reference value :  3.66497e-07
 Reference value :  3.66643e-07
 Reference value :  3.66922e-07
 Reference value :  3.67068e-07
 Reference value :  3.67195e-07
 Reference value :  3.67260e-07
 Reference value :  3.67350e-07
 Reference value :  3.67502e-07
 Reference value :  3.67661e-07
 Reference value :  3.67769e-07
 Reference value :  3.67904e-07
 Reference value :  3.68101e-07
 Reference value :  3.68417e-07
 Reference value :  3.68858e-07
 Reference value :  3.69359e-07
 Reference value :  3.71372e-07
 Reference value :  3.76372e-07
 Reference value :  3.81872e-07
 Reference value :  3.86872e-07
 Reference value :  3.91872e-07
 Reference value :  3.96872e-07
 Reference value :  4.02372e-07
 Reference value :  4.07372e-07
 Reference value :  4.07899e-07
 Reference value :  4.07976e-07
 Reference value :  4.08157e-07
 Reference value :  4.08403e-07
 Reference value :  4.08801e-07
 Reference value :  4.08901e-07
 Reference value :  4.09096e-07
 Reference value :  4.09285e-07
 Reference value :  4.09603e-07
 Reference value :  4.10161e-07
 Reference value :  4.10562e-07
 Reference value :  4.11021e-07
 Reference value :  4.11339e-07
 Reference value :  4.11611e-07
 Reference value :  4.12198e-07
 Reference value :  4.16174e-07
 Reference value :  4.17597e-07
 Reference value :  4.19398e-07
 Reference value :  4.19675e-07
 Reference value :  4.19816e-07
 Reference value :  4.20031e-07
 Reference value :  4.20359e-07
 Reference value :  4.20888e-07
 Reference value :  4.23510e-07
 Reference value :  4.28510e-07
 Reference value :  4.33510e-07
 Reference value :  4.38510e-07
 Reference value :  4.44010e-07
 Reference value :  4.49010e-07
 Reference value :  4.49556e-07
 Reference value :  4.49638e-07
 Reference value :  4.49767e-07
 Reference value :  4.49891e-07
 Reference value :  4.50095e-07
 Reference value :  4.50312e-07
 Reference value :  4.50433e-07
 Reference value :  4.50567e-07
 Reference value :  4.50676e-07
 Reference value :  4.50750e-07
 Reference value :  4.50918e-07
 Reference value :  4.51078e-07
 Reference value :  4.51394e-07
 Reference value :  4.51618e-07
 Reference value :  4.51905e-07
 Reference value :  4.52143e-07
 Reference value :  4.52357e-07
 Reference value :  4.52640e-07
 Reference value :  4.53647e-07
 Reference value :  4.58285e-07
 Reference value :  4.63785e-07
 Reference value :  4.69285e-07
 Reference value :  4.74285e-07
 Reference value :  4.79285e-07
 Reference value :  4.84285e-07
 Reference value :  4.89285e-07
 Reference value :  4.91199e-07
 Reference value :  4.91298e-07
 Reference value :  4.91490e-07
 Reference value :  4.91852e-07
 Reference value :  4.92161e-07
 Reference value :  4.92280e-07
 Reference value :  4.92478e-07
 Reference value :  4.92862e-07
 Reference value :  4.93469e-07
 Reference value :  4.94718e-07
 Reference value :  4.95160e-07
 Reference value :  4.95514e-07
 Reference value :  4.96046e-07
 Reference value :  4.98001e-07
 Reference value :  5.02680e-07
 Reference value :  5.07680e-07
 Reference value :  5.14680e-07
 Reference value :  5.19680e-07
 Reference value :  5.24680e-07
 Reference value :  5.30180e-07
 Reference value :  5.32868e-07
 Reference value :  5.32947e-07
 Reference value :  5.33059e-07
 Reference value :  5.33175e-07
 Reference value :  5.33359e-07
 Reference value :  5.33572e-07
 Reference value :  5.33702e-07
 Reference value :  5.33825e-07
 Reference value :  5.33903e-07
 Reference value :  5.33973e-07
 Reference value :  5.34049e-07
 Reference value :  5.34149e-07
 Reference value :  5.34272e-07
 Reference value :  5.34461e-07
 Reference value :  5.34653e-07
 Reference value :  5.34930e-07
 Reference value :  5.35351e-07
 Reference value :  5.35717e-07
 Reference value :  5.36856e-07
 Reference value :  5.41555e-07
 Reference value :  5.46555e-07
 Reference value :  5.52055e-07
 Reference value :  5.57555e-07
 Reference value :  5.62555e-07
 Reference value :  5.67555e-07
 Reference value :  5.72555e-07
 Reference value :  5.74546e-07
 Reference value :  5.74621e-07
 Reference value :  5.74733e-07
 Reference value :  5.74899e-07
 Reference value :  5.75290e-07
 Reference value :  5.75447e-07
 Reference value :  5.75567e-07
 Reference value :  5.75744e-07
 Reference value :  5.75893e-07
 Reference value :  5.76200e-07
 Reference value :  5.76524e-07
 Reference value :  5.77053e-07
 Reference value :  5.77677e-07
 Reference value :  5.78331e-07
 Reference value :  5.78670e-07
 Reference value :  5.79393e-07
 Reference value :  5.82204e-07
 Reference value :  5.87204e-07
 Reference value :  5.92204e-07
 Reference value :  5.97204e-07
 Reference value :  6.02704e-07
 Reference value :  6.07704e-07
 Reference value :  6.11204e-07
 Reference value :  6.12600e-07
 Reference value :  6.13116e-07
 Reference value :  6.13272e-07
 Reference value :  6.13423e-07
 Reference value :  6.13640e-07
 Reference value :  6.14051e-07
 Reference value :  6.14671e-07
 Reference value :  6.16170e-07
 Reference value :  6.16239e-07
 Reference value :  6.16312e-07
 Reference value :  6.16446e-07
 Reference value :  6.16572e-07
 Reference value :  6.16822e-07
 Reference value :  6.17003e-07
 Reference value :  6.17118e-07
 Reference value :  6.17255e-07
 Reference value :  6.17349e-07
 Reference value :  6.17487e-07
 Reference value :  6.17661e-07
 Reference value :  6.17849e-07
 Reference value :  6.18052e-07
 Reference value :  6.18208e-07
 Reference value :  6.18384e-07
 Reference value :  6.18557e-07
 Reference value :  6.18728e-07
 Reference value :  6.18996e-07
 Reference value :  6.19450e-07
 Reference value :  6.21782e-07
 Reference value :  6.26782e-07
 Reference value :  6.31782e-07
 Reference value :  6.36782e-07
 Reference value :  6.41782e-07
 Reference value :  6.47282e-07
 Reference value :  6.52282e-07
 Reference value :  6.57282e-07
 Reference value :  6.57884e-07
 Reference value :  6.57969e-07
 Reference value :  6.58122e-07
 Reference value :  6.58418e-07
 Reference value :  6.58760e-07
 Reference value :  6.58847e-07
 Reference value :  6.58947e-07
 Reference value :  6.59080e-07
 Reference value :  6.59355e-07
 Reference value :  6.59571e-07
 Reference value :  6.59982e-07
 Reference value :  6.60492e-07
 Reference value :  6.61679e-07
 Reference value :  6.63788e-07
 Reference value :  6.67666e-07
 Reference value :  6.72666e-07
 Reference value :  6.77166e-07
 Reference value :  6.82166e-07
 Reference value :  6.87166e-07
 Reference value :  6.92166e-07
 Reference value :  6.97166e-07
 Reference value :  6.99530e-07
 Reference value :  6.99600e-07
 Reference value :  6.99719e-07
 Reference value :  6.99864e-07
 Reference value :  7.00036e-07
 Reference value :  7.00266e-07
 Reference value :  7.00406e-07
 Reference value :  7.00544e-07
 Reference value :  7.00608e-07
 Reference value :  7.00673e-07
 Reference value :  7.00878e-07
 Reference value :  7.01024e-07
 Reference value :  7.01175e-07
 Reference value :  7.01317e-07
 Reference value :  7.01597e-07
 Reference value :  7.02057e-07
 Reference value :  7.02802e-07
 Reference value :  7.05349e-07
 Reference value :  7.10849e-07
 Reference value :  7.15849e-07
 Reference value :  7.20849e-07
 Reference value :  7.25849e-07
 Reference value :  7.30849e-07
 Reference value :  7.35849e-07
 Reference value :  7.41167e-07
 Reference value :  7.41230e-07
 Reference value :  7.41335e-07
 Reference value :  7.41509e-07
 Reference value :  7.41714e-07
 Reference value :  7.42054e-07
 Reference value :  7.42188e-07
 Reference value :  7.42317e-07
 Reference value :  7.42503e-07
 Reference value :  7.42822e-07
 Reference value :  7.43005e-07
 Reference value :  7.43517e-07
 Reference value :  7.44092e-07
 Reference value :  7.44749e-07
 Reference value :  7.45127e-07
 Reference value :  7.45577e-07
 Reference value :  7.46389e-07
 Reference value :  7.50235e-07
 Reference value :  7.55235e-07
 Reference value :  7.60235e-07
 Reference value :  7.65235e-07
 Reference value :  7.70235e-07
 Reference value :  7.75235e-07
 Reference value :  7.80235e-07
 Reference value :  7.82857e-07
 Reference value :  7.82921e-07
 Reference value :  7.83000e-07
 Reference value :  7.83145e-07
 Reference value :  7.83292e-07
 Reference value :  7.83625e-07
 Reference value :  7.83765e-07
 Reference value :  7.83899e-07
 Reference value :  7.83974e-07
 Reference value :  7.84085e-07
 Reference value :  7.84262e-07
 Reference value :  7.84413e-07
 Reference value :  7.84555e-07
 Reference value :  7.84769e-07
 Reference value :  7.85132e-07
 Reference value :  7.85593e-07
 Reference value :  7.86173e-07
 Reference value :  7.90436e-07
 Reference value :  7.96436e-07
 Reference value :  8.01436e-07
 Reference value :  8.06436e-07
 Reference value :  8.11936e-07
 Reference value :  8.16936e-07
 Reference value :  8.21936e-07
 Reference value :  8.24542e-07
 Reference value :  8.24650e-07
 Reference value :  8.24860e-07
 Reference value :  8.25207e-07
 Reference value :  8.25437e-07
 Reference value :  8.25512e-07
 Reference value :  8.25633e-07
 Reference value :  8.25763e-07
 Reference value :  8.26012e-07
 Reference value :  8.26287e-07
 Reference value :  8.26825e-07
 Reference value :  8.27587e-07
 Reference value :  8.28144e-07
 Reference value :  8.28663e-07
 Reference value :  8.29138e-07
 Reference value :  8.30235e-07
 Reference value :  8.33429e-07
 Reference value :  8.38429e-07
 Reference value :  8.43929e-07
 Reference value :  8.49429e-07
 Reference value :  8.54929e-07
 Reference value :  8.60429e-07
 Reference value :  8.66167e-07
 Reference value :  8.66237e-07
 Reference value :  8.66309e-07
 Reference value :  8.66444e-07
 Reference value :  8.66624e-07
 Reference value :  8.66831e-07
 Reference value :  8.66974e-07
 Reference value :  8.67125e-07
 Reference value :  8.67268e-07
 Reference value :  8.67393e-07
 Reference value :  8.67510e-07
 Reference value :  8.67642e-07
 Reference value :  8.67753e-07
 Reference value :  8.67992e-07
 Reference value :  8.68333e-07
 Reference value :  8.69039e-07
 Reference value :  8.70110e-07
 Reference value :  8.76470e-07
 Reference value :  8.84970e-07
 Reference value :  8.92970e-07
 Reference value :  9.00470e-07
 Reference value :  9.06470e-07
 Reference value :  9.07930e-07
 Reference value :  9.08153e-07
 Reference value :  9.08660e-07
 Reference value :  9.08865e-07
 Reference value :  9.09002e-07
 Reference value :  9.09192e-07
 Reference value :  9.09521e-07
 Reference value :  9.10128e-07
 Reference value :  9.11066e-07
 Reference value :  9.11862e-07
 Reference value :  9.12609e-07
 Reference value :  9.15080e-07
 Reference value :  9.23580e-07
 Reference value :  9.31580e-07
 Reference value :  9.40580e-07
 Reference value :  9.48580e-07
 Reference value :  9.49435e-07
 Reference value :  9.49556e-07
 Reference value :  9.49717e-07
 Reference value :  9.49899e-07
 Reference value :  9.50197e-07
 Reference value :  9.50422e-07
 Reference value :  9.50622e-07
 Reference value :  9.50773e-07
 Reference value :  9.50957e-07
 Reference value :  9.51152e-07
 Reference value :  9.51369e-07
 Reference value :  9.51519e-07
 Reference value :  9.51682e-07
 Reference value :  9.52027e-07
 Reference value :  9.52551e-07
 Reference value :  9.55830e-07
 Reference value :  9.63330e-07
 Reference value :  9.68830e-07
 Reference value :  9.77330e-07
 Reference value :  9.85830e-07
 Reference value :  9.91197e-07
 Reference value :  9.91336e-07
 Reference value :  9.91573e-07
 Reference value :  9.91966e-07
 Reference value :  9.92137e-07
 Reference value :  9.92192e-07
 Reference value :  9.92313e-07
 Reference value :  9.92554e-07
 Reference value :  9.93186e-07
 Reference value :  9.93982e-07
 Reference value :  9.95203e-07
 Reference value :  9.96001e-07
 Reference value :  9.99458e-07
 Reference value :  1.00743e-06
 Reference value :  1.01543e-06
 Reference value :  1.02293e-06
 Reference value :  1.03093e-06
 Reference value :  1.03290e-06
 Reference value :  1.03299e-06
 Reference value :  1.03313e-06
 Reference value :  1.03331e-06
 Reference value :  1.03369e-06
 Reference value :  1.03389e-06
 Reference value :  1.03407e-06
 Reference value :  1.03432e-06
 Reference value :  1.03445e-06
 Reference value :  1.03465e-06
 Reference value :  1.03504e-06
 Reference value :  1.03543e-06
 Reference value :  1.03654e-06
 Reference value :  1.04065e-06
 Reference value :  1.04815e-06
 Reference value :  1.05715e-06
 Reference value :  1.06465e-06
 Reference value :  1.07215e-06
 Reference value :  1.07455e-06
 Reference value :  1.07467e-06
 Reference value :  1.07491e-06
 Reference value :  1.07538e-06
 Reference value :  1.07553e-06
 Reference value :  1.07569e-06
 Reference value :  1.07591e-06
 Reference value :  1.07631e-06
 Reference value :  1.07698e-06
 Reference value :  1.07872e-06
 Reference value :  1.07963e-06
 Reference value :  1.08449e-06
 Reference value :  1.09449e-06
 Reference value :  1.10349e-06
 Reference value :  1.11299e-06
 Reference value :  1.11621e-06
 Reference value :  1.11628e-06
 Reference value :  1.11642e-06
 Reference value :  1.11660e-06
 Reference value :  1.11697e-06
 Reference value :  1.11712e-06
 Reference value :  1.11724e-06
 Reference value :  1.11735e-06
 Reference value :  1.11754e-06
 Reference value :  1.11777e-06
 Reference value :  1.11790e-06
 Reference value :  1.11801e-06
 Reference value :  1.11827e-06
 Reference value :  1.11843e-06
 Reference value :  1.11865e-06
 Reference value :  1.11891e-06
 Reference value :  1.11918e-06
 Reference value :  1.11972e-06
 Reference value :  1.12596e-06
 Reference value :  1.13346e-06
 Reference value :  1.14196e-06
 Reference value :  1.14796e-06
 Reference value :  1.15596e-06
 Reference value :  1.15798e-06
 Reference value :  1.15828e-06
 Reference value :  1.15882e-06
 Reference value :  1.15896e-06
 Reference value :  1.15934e-06
 Reference value :  1.15975e-06
 Reference value :  1.16038e-06
 Reference value :  1.16078e-06
 Reference value :  1.16094e-06
 Reference value :  1.16119e-06
 Reference value :  1.16174e-06
 Reference value :  1.16297e-06
 Reference value :  1.17047e-06
 Reference value :  1.17847e-06
 Reference value :  1.18597e-06
 Reference value :  1.19447e-06
 Reference value :  1.19952e-06
 Reference value :  1.19963e-06
 Reference value :  1.19983e-06
 Reference value :  1.20003e-06
 Reference value :  1.20034e-06
 Reference value :  1.20055e-06
 Reference value :  1.20072e-06
 Reference value :  1.20083e-06
 Reference value :  1.20103e-06
 Reference value :  1.20128e-06
 Reference value :  1.20147e-06
 Reference value :  1.20175e-06
 Reference value :  1.20211e-06
 Reference value :  1.20260e-06
 Reference value :  1.20404e-06
 Reference value :  1.20981e-06
 Reference value :  1.21831e-06
 Reference value :  1.22631e-06
 Reference value :  1.23381e-06
 Reference value :  1.24117e-06
 Reference value :  1.24131e-06
 Reference value :  1.24162e-06
 Reference value :  1.24217e-06
 Reference value :  1.24236e-06
 Reference value :  1.24262e-06
 Reference value :  1.24295e-06
 Reference value :  1.24375e-06
 Reference value :  1.24419e-06
 Reference value :  1.24437e-06
 Reference value :  1.24468e-06
 Reference value :  1.24528e-06
 Reference value :  1.24718e-06
 Reference value :  1.25415e-06
 Reference value :  1.26115e-06
 Reference value :  1.27015e-06
 Reference value :  1.27765e-06
 Reference value :  1.28286e-06
 Reference value :  1.28297e-06
 Reference value :  1.28324e-06
 Reference value :  1.28360e-06
 Reference value :  1.28374e-06
 Reference value :  1.28396e-06
 Reference value :  1.28410e-06
 Reference value :  1.28423e-06
 Reference value :  1.28456e-06
 Reference value :  1.28483e-06
 Reference value :  1.28508e-06
 Reference value :  1.28535e-06
 Reference value :  1.28562e-06
 Reference value :  1.28593e-06
 Reference value :  1.28766e-06
 Reference value :  1.29510e-06
 Reference value :  1.30360e-06
 Reference value :  1.31210e-06
 Reference value :  1.32060e-06
 Reference value :  1.32457e-06
 Reference value :  1.32478e-06
 Reference value :  1.32518e-06
 Reference value :  1.32545e-06
 Reference value :  1.32559e-06
 Reference value :  1.32585e-06
 Reference value :  1.32632e-06
 Reference value :  1.32719e-06
 Reference value :  1.32773e-06
 Reference value :  1.32833e-06
 Reference value :  1.32923e-06
 Reference value :  1.33482e-06
 Reference value :  1.34482e-06
 Reference value :  1.34692e-06
 Reference value :  1.34816e-06
 Reference value :  1.34837e-06
 Reference value :  1.34866e-06
 Reference value :  1.34905e-06
 Reference value :  1.35201e-06
 Reference value :  1.35931e-06
 Reference value :  1.36574e-06
 Reference value :  1.36626e-06
 Reference value :  1.36643e-06
 Reference value :  1.36666e-06
 Reference value :  1.36703e-06
 Reference value :  1.36726e-06
 Reference value :  1.36737e-06
 Reference value :  1.36749e-06
 Reference value :  1.36783e-06
 Reference value :  1.36813e-06
 Reference value :  1.36836e-06
 Reference value :  1.36857e-06
 Reference value :  1.36872e-06
 Reference value :  1.36903e-06
 Reference value :  1.36962e-06
 Reference value :  1.37536e-06
 Reference value :  1.38286e-06
 Reference value :  1.39036e-06
 Reference value :  1.39586e-06
 Reference value :  1.40136e-06
 Reference value :  1.40787e-06
 Reference value :  1.40798e-06
 Reference value :  1.40823e-06
 Reference value :  1.40883e-06
 Reference value :  1.40897e-06
 Reference value :  1.40926e-06
 Reference value :  1.40979e-06
 Reference value :  1.41106e-06
 Reference value :  1.41185e-06
 Reference value :  1.41230e-06
 Reference value :  1.41300e-06
 Reference value :  1.41776e-06
 Reference value :  1.42476e-06
 Reference value :  1.43176e-06
 Reference value :  1.43976e-06
 Reference value :  1.44676e-06
 Reference value :  1.44955e-06
 Reference value :  1.44965e-06
 Reference value :  1.44985e-06
 Reference value :  1.45015e-06
 Reference value :  1.45038e-06
 Reference value :  1.45056e-06
 Reference value :  1.45059e-06
 Reference value :  1.45067e-06
 Reference value :  1.45093e-06
 Reference value :  1.45115e-06
 Reference value :  1.45139e-06
 Reference value :  1.45181e-06
 Reference value :  1.45225e-06
 Reference value :  1.45409e-06
 Reference value :  1.46336e-06
 Reference value :  1.47336e-06
 Reference value :  1.48236e-06
 Reference value :  1.49036e-06
 Reference value :  1.49122e-06
 Reference value :  1.49135e-06
 Reference value :  1.49168e-06
 Reference value :  1.49210e-06
 Reference value :  1.49226e-06
 Reference value :  1.49252e-06
 Reference value :  1.49291e-06
 Reference value :  1.49342e-06
 Reference value :  1.49480e-06
 Reference value :  1.49540e-06
 Reference value :  1.49712e-06
 Reference value :  1.50390e-06
 Reference value :  1.51140e-06
 Reference value :  1.51690e-06
 Reference value :  1.52390e-06
 Reference value :  1.53284e-06
 Reference value :  1.53297e-06
 Reference value :  1.53318e-06
 Reference value :  1.53340e-06
 Reference value :  1.53369e-06
 Reference value :  1.53392e-06
 Reference value :  1.53406e-06
 Reference value :  1.53425e-06
 Reference value :  1.53443e-06
 Reference value :  1.53459e-06
 Reference value :  1.53500e-06
 Reference value :  1.53574e-06
 Reference value :  1.53947e-06
 Reference value :  1.54947e-06
 Reference value :  1.55797e-06
 Reference value :  1.56847e-06
 Reference value :  1.57451e-06
 Reference value :  1.57463e-06
 Reference value :  1.57489e-06
 Reference value :  1.57529e-06
 Reference value :  1.57550e-06
 Reference value :  1.57566e-06
 Reference value :  1.57596e-06
 Reference value :  1.57674e-06
 Reference value :  1.57777e-06
 Reference value :  1.58027e-06
 Reference value :  1.58296e-06
 Reference value :  1.58869e-06
 Reference value :  1.59569e-06
 Reference value :  1.60469e-06
 Reference value :  1.61019e-06
 Reference value :  1.61569e-06
 Reference value :  1.61627e-06
 Reference value :  1.61645e-06
 Reference value :  1.61664e-06
 Reference value :  1.61697e-06
 Reference value :  1.61712e-06
 Reference value :  1.61727e-06
 Reference value :  1.61743e-06
 Reference value :  1.61767e-06
 Reference value :  1.61787e-06
 Reference value :  1.61810e-06
 Reference value :  1.61854e-06
 Reference value :  1.61919e-06
 Reference value :  1.62453e-06
 Reference value :  1.63403e-06
 Reference value :  1.64453e-06
 Reference value :  1.65203e-06
 Reference value :  1.65785e-06
 Reference value :  1.65798e-06
 Reference value :  1.65828e-06
 Reference value :  1.65871e-06
 Reference value :  1.65884e-06
 Reference value :  1.65895e-06
 Reference value :  1.65914e-06
 Reference value :  1.65961e-06
 Reference value :  1.66037e-06
 Reference value :  1.66273e-06
 Reference value :  1.66382e-06
 Reference value :  1.66479e-06
 Reference value :  1.67351e-06
 Reference value :  1.68351e-06
 Reference value :  1.69051e-06
 Reference value :  1.69444e-06
 Reference value :  1.69646e-06
 Reference value :  1.69660e-06
 Reference value :  1.69691e-06
 Reference value :  1.69746e-06
 Reference value :  1.69950e-06
 Reference value :  1.69959e-06
 Reference value :  1.69972e-06
 Reference value :  1.70001e-06
 Reference value :  1.70036e-06
 Reference value :  1.70057e-06
 Reference value :  1.70078e-06
 Reference value :  1.70104e-06
 Reference value :  1.70120e-06
 Reference value :  1.70154e-06
 Reference value :  1.70179e-06
 Reference value :  1.70205e-06
 Reference value :  1.70239e-06
 Reference value :  1.70321e-06
 Reference value :  1.71058e-06
 Reference value :  1.71908e-06
 Reference value :  1.72708e-06
 Reference value :  1.73558e-06
 Reference value :  1.74120e-06
 Reference value :  1.74132e-06
 Reference value :  1.74153e-06
 Reference value :  1.74197e-06
 Reference value :  1.74222e-06
 Reference value :  1.74258e-06
 Reference value :  1.74311e-06
 Reference value :  1.74370e-06
 Reference value :  1.74493e-06
 Reference value :  1.74567e-06
 Reference value :  1.74706e-06
 Reference value :  1.75332e-06
 Reference value :  1.76032e-06
 Reference value :  1.76582e-06
 Reference value :  1.77182e-06
 Reference value :  1.78032e-06
 Reference value :  1.78292e-06
 Reference value :  1.78309e-06
 Reference value :  1.78340e-06
 Reference value :  1.78359e-06
 Reference value :  1.78381e-06
 Reference value :  1.78395e-06
 Reference value :  1.78410e-06
 Reference value :  1.78441e-06
 Reference value :  1.78465e-06
 Reference value :  1.78496e-06
 Reference value :  1.78536e-06
 Reference value :  1.78644e-06
 Reference value :  1.79220e-06
 Reference value :  1.80070e-06
 Reference value :  1.80970e-06
 Reference value :  1.81520e-06
 Reference value :  1.82320e-06
 Reference value :  1.82459e-06
 Reference value :  1.82482e-06
 Reference value :  1.82538e-06
 Reference value :  1.82550e-06
 Reference value :  1.82562e-06
 Reference value :  1.82591e-06
 Reference value :  1.82630e-06
 Reference value :  1.82699e-06
 Reference value :  1.82855e-06
 Reference value :  1.83059e-06
 Reference value :  1.83378e-06
 Reference value :  1.84228e-06
 Reference value :  1.85178e-06
 Reference value :  1.86228e-06
 Reference value :  1.86623e-06
 Reference value :  1.86634e-06
 Reference value :  1.86650e-06
 Reference value :  1.86682e-06
 Reference value :  1.86710e-06
 Reference value :  1.86727e-06
 Reference value :  1.86737e-06
 Reference value :  1.86754e-06
 Reference value :  1.86781e-06
 Reference value :  1.86812e-06
 Reference value :  1.86890e-06
 Reference value :  1.87359e-06
 Reference value :  1.88009e-06
 Reference value :  1.88609e-06
 Reference value :  1.89509e-06
 Reference value :  1.90309e-06
 Reference value :  1.90790e-06
 Reference value :  1.90810e-06
 Reference value :  1.90862e-06
 Reference value :  1.90887e-06
 Reference value :  1.90908e-06
 Reference value :  1.90952e-06
 Reference value :  1.90971e-06
 Reference value :  1.91043e-06
 Reference value :  1.91179e-06
 Reference value :  1.91256e-06
 Reference value :  1.91632e-06
 Reference value :  1.92332e-06
 Reference value :  1.93182e-06
 Reference value :  1.93932e-06
 Reference value :  1.94682e-06
 Reference value :  1.94950e-06
 Reference value :  1.94959e-06
 Reference value :  1.94973e-06
 Reference value :  1.94991e-06
 Reference value :  1.95025e-06
 Reference value :  1.95047e-06
 Reference value :  1.95066e-06
 Reference value :  1.95077e-06
 Reference value :  1.95100e-06
 Reference value :  1.95123e-06
 Reference value :  1.95148e-06
 Reference value :  1.95174e-06
 Reference value :  1.95198e-06
 Reference value :  1.95223e-06
 Reference value :  1.95373e-06
 Reference value :  1.96252e-06
 Reference value :  1.97152e-06
 Reference value :  1.98002e-06
 Reference value :  1.98552e-06
 Reference value :  1.99118e-06
 Reference value :  1.99129e-06
 Reference value :  1.99148e-06
 Reference value :  1.99199e-06
 Reference value :  1.99217e-06
 Reference value :  1.99228e-06
 Reference value :  1.99268e-06
 Reference value :  1.99311e-06
 Reference value :  1.99380e-06
 Reference value :  1.99525e-06
 Reference value :  1.99593e-06
 Reference value :  1.99915e-06
 Reference value :  2.00915e-06
 Reference value :  2.01815e-06
 Reference value :  2.02915e-06
 Reference value :  2.03290e-06
 Reference value :  2.03307e-06
 Reference value :  2.03331e-06
 Reference value :  2.03367e-06
 Reference value :  2.03387e-06
 Reference value :  2.03407e-06
 Reference value :  2.03427e-06
 Reference value :  2.03443e-06
 Reference value :  2.03465e-06
 Reference value :  2.03497e-06
 Reference value :  2.03537e-06
 Reference value :  2.03665e-06
 Reference value :  2.04550e-06
 Reference value :  2.05200e-06
 Reference value :  2.05750e-06
 Reference value :  2.06650e-06
 Reference value :  2.07451e-06
 Reference value :  2.07463e-06
 Reference value :  2.07490e-06
 Reference value :  2.07547e-06
 Reference value :  2.07563e-06
 Reference value :  2.07597e-06
 Reference value :  2.07641e-06
 Reference value :  2.07703e-06
 Reference value :  2.07846e-06
 Reference value :  2.07904e-06
 Reference value :  2.08236e-06
 Reference value :  2.09086e-06
 Reference value :  2.09936e-06
 Reference value :  2.10786e-06
 Reference value :  2.11436e-06
 Reference value :  2.11626e-06
 Reference value :  2.11646e-06
 Reference value :  2.11686e-06
 Reference value :  2.11709e-06
 Reference value :  2.11721e-06
 Reference value :  2.11732e-06
 Reference value :  2.11746e-06
 Reference value :  2.11765e-06
 Reference value :  2.11784e-06
 Reference value :  2.11796e-06
 Reference value :  2.11814e-06
 Reference value :  2.11839e-06
 Reference value :  2.11851e-06
 Reference value :  2.11863e-06
 Reference value :  2.11877e-06
 Reference value :  2.11890e-06
 Reference value :  2.11905e-06
 Reference value :  2.11925e-06
 Reference value :  2.11961e-06
 Reference value :  2.12094e-06
 Reference value :  2.12798e-06
 Reference value :  2.13648e-06
 Reference value :  2.14548e-06
 Reference value :  2.15298e-06
 Reference value :  2.15787e-06
 Reference value :  2.15802e-06
 Reference value :  2.15834e-06
 Reference value :  2.15883e-06
 Reference value :  2.15900e-06
 Reference value :  2.15923e-06
 Reference value :  2.15949e-06
 Reference value :  2.15972e-06
 Reference value :  2.16015e-06
 Reference value :  2.16041e-06
 Reference value :  2.16098e-06
 Reference value :  2.16157e-06
 Reference value :  2.16200e-06
 Reference value :  2.16301e-06
 Reference value :  2.17050e-06
 Reference value :  2.18000e-06
 Reference value :  2.18900e-06
 Reference value :  2.19650e-06
 Reference value :  2.19954e-06
 Reference value :  2.19968e-06
 Reference value :  2.19992e-06
 Reference value :  2.20019e-06
 Reference value :  2.20045e-06
 Reference value :  2.20067e-06
 Reference value :  2.20080e-06
 Reference value :  2.20096e-06
 Reference value :  2.20109e-06
 Reference value :  2.20130e-06
 Reference value :  2.20150e-06
 Reference value :  2.20173e-06
 Reference value :  2.20201e-06
 Reference value :  2.20249e-06
 Reference value :  2.20367e-06
 Reference value :  2.20721e-06
 Reference value :  2.21271e-06
 Reference value :  2.21771e-06
 Reference value :  2.22521e-06
 Reference value :  2.23271e-06
 Reference value :  2.24117e-06
 Reference value :  2.24130e-06
 Reference value :  2.24147e-06
 Reference value :  2.24207e-06
 Reference value :  2.24233e-06
 Reference value :  2.24261e-06
 Reference value :  2.24303e-06
 Reference value :  2.24366e-06
 Reference value :  2.24401e-06
 Reference value :  2.24430e-06
 Reference value :  2.24456e-06
 Reference value :  2.24472e-06
 Reference value :  2.24491e-06
 Reference value :  2.24515e-06
 Reference value :  2.24553e-06
 Reference value :  2.24666e-06
 Reference value :  2.25171e-06
 Reference value :  2.25671e-06
 Reference value :  2.26171e-06
 Reference value :  2.26721e-06
 Reference value :  2.27221e-06
 Reference value :  2.27721e-06
 Reference value :  2.28221e-06
 Reference value :  2.28288e-06
 Reference value :  2.28297e-06
 Reference value :  2.28310e-06
 Reference value :  2.28322e-06
 Reference value :  2.28339e-06
 Reference value :  2.28365e-06
 Reference value :  2.28377e-06
 Reference value :  2.28390e-06
 Reference value :  2.28402e-06
 Reference value :  2.28412e-06
 Reference value :  2.28420e-06
 Reference value :  2.28438e-06
 Reference value :  2.28451e-06
 Reference value :  2.28464e-06
 Reference value :  2.28479e-06
 Reference value :  2.28497e-06
 Reference value :  2.28515e-06
 Reference value :  2.28527e-06
 Reference value :  2.28545e-06
 Reference value :  2.28563e-06
 Reference value :  2.28587e-06
 Reference value :  2.28651e-06
 Reference value :  2.29010e-06
 Reference value :  2.29510e-06
 Reference value :  2.30160e-06
 Reference value :  2.30660e-06
 Reference value :  2.31210e-06
 Reference value :  2.31710e-06
 Reference value :  2.32210e-06
 Reference value :  2.32453e-06
 Reference value :  2.32461e-06
 Reference value :  2.32473e-06
 Reference value :  2.32490e-06
 Reference value :  2.32526e-06
 Reference value :  2.32549e-06
 Reference value :  2.32554e-06
 Reference value :  2.32570e-06
 Reference value :  2.32587e-06
 Reference value :  2.32616e-06
 Reference value :  2.32638e-06
 Reference value :  2.32681e-06
 Reference value :  2.32738e-06
 Reference value :  2.32822e-06
 Reference value :  2.32865e-06
 Reference value :  2.32910e-06
 Reference value :  2.32998e-06
 Reference value :  2.33316e-06
 Reference value :  2.33816e-06
 Reference value :  2.34316e-06
 Reference value :  2.34816e-06
 Reference value :  2.35366e-06
 Reference value :  2.35816e-06
 Reference value :  2.36316e-06
 Reference value :  2.36618e-06
 Reference value :  2.36624e-06
 Reference value :  2.36632e-06
 Reference value :  2.36644e-06
 Reference value :  2.36659e-06
 Reference value :  2.36681e-06
 Reference value :  2.36700e-06
 Reference value :  2.36714e-06
 Reference value :  2.36724e-06
 Reference value :  2.36730e-06
 Reference value :  2.36739e-06
 Reference value :  2.36752e-06
 Reference value :  2.36765e-06
 Reference value :  2.36780e-06
 Reference value :  2.36798e-06
 Reference value :  2.36811e-06
 Reference value :  2.36832e-06
 Reference value :  2.36866e-06
 Reference value :  2.36895e-06
 Reference value :  2.36932e-06
 Reference value :  2.37170e-06
 Reference value :  2.37712e-06
 Reference value :  2.38262e-06
 Reference value :  2.38912e-06
 Reference value :  2.39612e-06
 Reference value :  2.40262e-06
 Reference value :  2.40748e-06
 Reference value :  2.40789e-06
 Reference value :  2.40798e-06
 Reference value :  2.40815e-06
 Reference value :  2.40833e-06
 Reference value :  2.40872e-06
 Reference value :  2.40884e-06
 Reference value :  2.40895e-06
 Reference value :  2.40912e-06
 Reference value :  2.40934e-06
 Reference value :  2.40960e-06
 Reference value :  2.40988e-06
 Reference value :  2.41034e-06
 Reference value :  2.41095e-06
 Reference value :  2.41179e-06
 Reference value :  2.41286e-06
 Reference value :  2.41458e-06
 Reference value :  2.41955e-06
 Reference value :  2.42455e-06
 Reference value :  2.43155e-06
 Reference value :  2.43655e-06
 Reference value :  2.44055e-06
 Reference value :  2.44202e-06
 Reference value :  2.44297e-06
 Reference value :  2.44312e-06
 Reference value :  2.44332e-06
 Reference value :  2.44353e-06
 Reference value :  2.44380e-06
 Reference value :  2.44455e-06
 Reference value :  2.44802e-06
 Reference value :  2.44955e-06
 Reference value :  2.44963e-06
 Reference value :  2.44975e-06
 Reference value :  2.44994e-06
 Reference value :  2.45026e-06
 Reference value :  2.45041e-06
 Reference value :  2.45051e-06
 Reference value :  2.45063e-06
 Reference value :  2.45075e-06
 Reference value :  2.45092e-06
 Reference value :  2.45103e-06
 Reference value :  2.45121e-06
 Reference value :  2.45140e-06
 Reference value :  2.45155e-06
 Reference value :  2.45172e-06
 Reference value :  2.45193e-06
 Reference value :  2.45210e-06
 Reference value :  2.45234e-06
 Reference value :  2.45279e-06
 Reference value :  2.45523e-06
 Reference value :  2.46023e-06
 Reference value :  2.46673e-06
 Reference value :  2.47323e-06
 Reference value :  2.47973e-06
 Reference value :  2.48573e-06
 Reference value :  2.49070e-06
 Reference value :  2.49122e-06
 Reference value :  2.49130e-06
 Reference value :  2.49144e-06
 Reference value :  2.49166e-06
 Reference value :  2.49212e-06
 Reference value :  2.49222e-06
 Reference value :  2.49250e-06
 Reference value :  2.49282e-06
 Reference value :  2.49321e-06
 Reference value :  2.49365e-06
 Reference value :  2.49429e-06
 Reference value :  2.49477e-06
 Reference value :  2.49512e-06
 Reference value :  2.49554e-06
 Reference value :  2.49655e-06
 Reference value :  2.50024e-06
 Reference value :  2.50474e-06
 Reference value :  2.50974e-06
 Reference value :  2.51524e-06
 Reference value :  2.52074e-06
 Reference value :  2.52474e-06
 Reference value :  2.52924e-06
 Reference value :  2.53284e-06
 Reference value :  2.53290e-06
 Reference value :  2.53297e-06
 Reference value :  2.53311e-06
 Reference value :  2.53322e-06
 Reference value :  2.53342e-06
 Reference value :  2.53368e-06
 Reference value :  2.53381e-06
 Reference value :  2.53391e-06
 Reference value :  2.53398e-06
 Reference value :  2.53407e-06
 Reference value :  2.53418e-06
 Reference value :  2.53434e-06
 Reference value :  2.53446e-06
 Reference value :  2.53464e-06
 Reference value :  2.53478e-06
 Reference value :  2.53503e-06
 Reference value :  2.53525e-06
 Reference value :  2.53549e-06
 Reference value :  2.53583e-06
 Reference value :  2.53749e-06
 Reference value :  2.54244e-06
 Reference value :  2.54744e-06
 Reference value :  2.55244e-06
 Reference value :  2.55744e-06
 Reference value :  2.56394e-06
 Reference value :  2.56894e-06
 Reference value :  2.57394e-06
 Reference value :  2.57455e-06
 Reference value :  2.57465e-06
 Reference value :  2.57484e-06
 Reference value :  2.57505e-06
 Reference value :  2.57539e-06
 Reference value :  2.57550e-06
 Reference value :  2.57561e-06
 Reference value :  2.57579e-06
 Reference value :  2.57601e-06
 Reference value :  2.57628e-06
 Reference value :  2.57672e-06
 Reference value :  2.57709e-06
 Reference value :  2.57789e-06
 Reference value :  2.57854e-06
 Reference value :  2.57895e-06
 Reference value :  2.57966e-06
 Reference value :  2.58212e-06
 Reference value :  2.58762e-06
 Reference value :  2.59362e-06
 Reference value :  2.59862e-06
 Reference value :  2.60462e-06
 Reference value :  2.60862e-06
 Reference value :  2.61412e-06
 Reference value :  2.61620e-06
 Reference value :  2.61626e-06
 Reference value :  2.61637e-06
 Reference value :  2.61650e-06
 Reference value :  2.61667e-06
 Reference value :  2.61696e-06
 Reference value :  2.61710e-06
 Reference value :  2.61723e-06
 Reference value :  2.61730e-06
 Reference value :  2.61740e-06
 Reference value :  2.61757e-06
 Reference value :  2.61774e-06
 Reference value :  2.61785e-06
 Reference value :  2.61805e-06
 Reference value :  2.61816e-06
 Reference value :  2.61833e-06
 Reference value :  2.61860e-06
 Reference value :  2.61888e-06
 Reference value :  2.61925e-06
 Reference value :  2.62189e-06
 Reference value :  2.62939e-06
 Reference value :  2.63589e-06
 Reference value :  2.64089e-06
 Reference value :  2.64639e-06
 Reference value :  2.65189e-06
 Reference value :  2.65736e-06
 Reference value :  2.65789e-06
 Reference value :  2.65796e-06
 Reference value :  2.65811e-06
 Reference value :  2.65832e-06
 Reference value :  2.65879e-06
 Reference value :  2.65891e-06
 Reference value :  2.65915e-06
 Reference value :  2.65939e-06
 Reference value :  2.65965e-06
 Reference value :  2.66015e-06
 Reference value :  2.66074e-06
 Reference value :  2.66149e-06
 Reference value :  2.66193e-06
 Reference value :  2.66249e-06
 Reference value :  2.66386e-06
 Reference value :  2.66787e-06
 Reference value :  2.67337e-06
 Reference value :  2.67837e-06
 Reference value :  2.68337e-06
 Reference value :  2.68837e-06
 Reference value :  2.69237e-06
 Reference value :  2.69737e-06
 Reference value :  2.69952e-06
 Reference value :  2.69960e-06
 Reference value :  2.69974e-06
 Reference value :  2.69991e-06
 Reference value :  2.70015e-06
 Reference value :  2.70034e-06
 Reference value :  2.70045e-06
 Reference value :  2.70058e-06
 Reference value :  2.70065e-06
 Reference value :  2.70076e-06
 Reference value :  2.70096e-06
 Reference value :  2.70113e-06
 Reference value :  2.70132e-06
 Reference value :  2.70145e-06
 Reference value :  2.70163e-06
 Reference value :  2.70188e-06
 Reference value :  2.70213e-06
 Reference value :  2.70251e-06
 Reference value :  2.70349e-06
 Reference value :  2.70810e-06
 Reference value :  2.71310e-06
 Reference value :  2.71810e-06
 Reference value :  2.72310e-06
 Reference value :  2.72860e-06
 Reference value :  2.73360e-06
 Reference value :  2.73860e-06
 Reference value :  2.74119e-06
 Reference value :  2.74130e-06
 Reference value :  2.74158e-06
 Reference value :  2.74199e-06
 Reference value :  2.74221e-06
 Reference value :  2.74247e-06
 Reference value :  2.74289e-06
 Reference value :  2.74356e-06
 Reference value :  2.74423e-06
 Reference value :  2.74490e-06
 Reference value :  2.74545e-06
 Reference value :  2.74623e-06
 Reference value :  2.74903e-06
 Reference value :  2.75403e-06
 Reference value :  2.75953e-06
 Reference value :  2.76603e-06
 Reference value :  2.77153e-06
 Reference value :  2.77553e-06
 Reference value :  2.78103e-06
 Reference value :  2.78286e-06
 Reference value :  2.78297e-06
 Reference value :  2.78309e-06
 Reference value :  2.78319e-06
 Reference value :  2.78331e-06
 Reference value :  2.78360e-06
 Reference value :  2.78374e-06
 Reference value :  2.78386e-06
 Reference value :  2.78394e-06
 Reference value :  2.78401e-06
 Reference value :  2.78421e-06
 Reference value :  2.78437e-06
 Reference value :  2.78447e-06
 Reference value :  2.78466e-06
 Reference value :  2.78477e-06
 Reference value :  2.78497e-06
 Reference value :  2.78517e-06
 Reference value :  2.78543e-06
 Reference value :  2.78572e-06
 Reference value :  2.78646e-06
 Reference value :  2.79060e-06
 Reference value :  2.79560e-06
 Reference value :  2.80060e-06
 Reference value :  2.80610e-06
 Reference value :  2.81110e-06
 Reference value :  2.81610e-06
 Reference value :  2.82110e-06
 Reference value :  2.82452e-06
 Reference value :  2.82459e-06
 Reference value :  2.82467e-06
 Reference value :  2.82482e-06
 Reference value :  2.82506e-06
 Reference value :  2.82545e-06
 Reference value :  2.82554e-06
 Reference value :  2.82574e-06
 Reference value :  2.82591e-06
 Reference value :  2.82626e-06
 Reference value :  2.82669e-06
 Reference value :  2.82718e-06
 Reference value :  2.82794e-06
 Reference value :  2.82843e-06
 Reference value :  2.82886e-06
 Reference value :  2.82995e-06
 Reference value :  2.83357e-06
 Reference value :  2.83957e-06
 Reference value :  2.84457e-06
 Reference value :  2.84957e-06
 Reference value :  2.85457e-06
 Reference value :  2.85907e-06
 Reference value :  2.86457e-06
 Reference value :  2.86620e-06
 Reference value :  2.86626e-06
 Reference value :  2.86635e-06
 Reference value :  2.86648e-06
 Reference value :  2.86663e-06
 Reference value :  2.86684e-06
 Reference value :  2.86702e-06
 Reference value :  2.86714e-06
 Reference value :  2.86725e-06
 Reference value :  2.86731e-06
 Reference value :  2.86739e-06
 Reference value :  2.86751e-06
 Reference value :  2.86768e-06
 Reference value :  2.86779e-06
 Reference value :  2.86795e-06
 Reference value :  2.86809e-06
 Reference value :  2.86825e-06
 Reference value :  2.86839e-06
 Reference value :  2.86865e-06
 Reference value :  2.86890e-06
 Reference value :  2.86927e-06
 Reference value :  2.87204e-06
 Reference value :  2.87704e-06
 Reference value :  2.88204e-06
 Reference value :  2.88754e-06
 Reference value :  2.89304e-06
 Reference value :  2.89804e-06
 Reference value :  2.90304e-06
 Reference value :  2.90783e-06
 Reference value :  2.90790e-06
 Reference value :  2.90798e-06
 Reference value :  2.90812e-06
 Reference value :  2.90830e-06
 Reference value :  2.90865e-06
 Reference value :  2.90884e-06
 Reference value :  2.90897e-06
 Reference value :  2.90916e-06
 Reference value :  2.90944e-06
 Reference value :  2.90965e-06
 Reference value :  2.91016e-06
 Reference value :  2.91064e-06
 Reference value :  2.91124e-06
 Reference value :  2.91165e-06
 Reference value :  2.91200e-06
 Reference value :  2.91255e-06
 Reference value :  2.91458e-06
 Reference value :  2.91974e-06
 Reference value :  2.92524e-06
 Reference value :  2.93174e-06
 Reference value :  2.93774e-06
 Reference value :  2.94174e-06
 Reference value :  2.94674e-06
 Reference value :  2.94953e-06
 Reference value :  2.94960e-06
 Reference value :  2.94972e-06
 Reference value :  2.94985e-06
 Reference value :  2.95001e-06
 Reference value :  2.95024e-06
 Reference value :  2.95035e-06
 Reference value :  2.95047e-06
 Reference value :  2.95057e-06
 Reference value :  2.95064e-06
 Reference value :  2.95073e-06
 Reference value :  2.95084e-06
 Reference value :  2.95096e-06
 Reference value :  2.95110e-06
 Reference value :  2.95129e-06
 Reference value :  2.95143e-06
 Reference value :  2.95162e-06
 Reference value :  2.95179e-06
 Reference value :  2.95210e-06
 Reference value :  2.95250e-06
 Reference value :  2.95343e-06
 Reference value :  2.95780e-06
 Reference value :  2.96280e-06
 Reference value :  2.96780e-06
 Reference value :  2.97280e-06
 Reference value :  2.97780e-06
 Reference value :  2.98330e-06
 Reference value :  2.98830e-06
 Reference value :  2.99120e-06
 Reference value :  2.99129e-06
 Reference value :  2.99144e-06
 Reference value :  2.99164e-06
 Reference value :  2.99201e-06
 Reference value :  2.99217e-06
 Reference value :  2.99224e-06
 Reference value :  2.99237e-06
 Reference value :  2.99258e-06
 Reference value :  2.99285e-06
 Reference value :  2.99324e-06
 Reference value :  2.99356e-06
 Reference value :  2.99426e-06
 Reference value :  2.99511e-06
 Reference value :  2.99603e-06
 Reference value :  2.99733e-06
 Reference value :  3.00085e-06
 Reference value :  3.00635e-06
 Reference value :  3.01185e-06
 Reference value :  3.01785e-06
 Reference value :  3.02285e-06
 Reference value :  3.02735e-06
 Reference value :  3.03116e-06
 Reference value :  3.03287e-06
 Reference value :  3.03294e-06
 Reference value :  3.03305e-06
 Reference value :  3.03318e-06
 Reference value :  3.03337e-06
 Reference value :  3.03361e-06
 Reference value :  3.03371e-06
 Reference value :  3.03384e-06
 Reference value :  3.03398e-06
 Reference value :  3.03409e-06
 Reference value :  3.03425e-06
 Reference value :  3.03441e-06
 Reference value :  3.03454e-06
 Reference value :  3.03471e-06
 Reference value :  3.03493e-06
 Reference value :  3.03516e-06
 Reference value :  3.03552e-06
 Reference value :  3.03611e-06
 Reference value :  3.03937e-06
 Reference value :  3.04437e-06
 Reference value :  3.04987e-06
 Reference value :  3.05487e-06
 Reference value :  3.06037e-06
 Reference value :  3.06637e-06
 Reference value :  3.07418e-06
 Reference value :  3.07455e-06
 Reference value :  3.07464e-06
 Reference value :  3.07477e-06
 Reference value :  3.07498e-06
 Reference value :  3.07533e-06
 Reference value :  3.07550e-06
 Reference value :  3.07563e-06
 Reference value :  3.07583e-06
 Reference value :  3.07609e-06
 Reference value :  3.07632e-06
 Reference value :  3.07682e-06
 Reference value :  3.07728e-06
 Reference value :  3.07820e-06
 Reference value :  3.07879e-06
 Reference value :  3.07934e-06
 Reference value :  3.08129e-06
 Reference value :  3.08629e-06
 Reference value :  3.09279e-06
 Reference value :  3.09879e-06
 Reference value :  3.10429e-06
 Reference value :  3.10829e-06
 Reference value :  3.11279e-06
 Reference value :  3.11619e-06
 Reference value :  3.11626e-06
 Reference value :  3.11638e-06
 Reference value :  3.11653e-06
 Reference value :  3.11673e-06
 Reference value :  3.11692e-06
 Reference value :  3.11707e-06
 Reference value :  3.11723e-06
 Reference value :  3.11732e-06
 Reference value :  3.11742e-06
 Reference value :  3.11757e-06
 Reference value :  3.11770e-06
 Reference value :  3.11786e-06
 Reference value :  3.11796e-06
 Reference value :  3.11809e-06
 Reference value :  3.11828e-06
 Reference value :  3.11839e-06
 Reference value :  3.11848e-06
 Reference value :  3.11859e-06
 Reference value :  3.11871e-06
 Reference value :  3.11882e-06
 Reference value :  3.11896e-06
 Reference value :  3.11910e-06
 Reference value :  3.11932e-06
 Reference value :  3.11968e-06
 Reference value :  3.12103e-06
 Reference value :  3.12571e-06
 Reference value :  3.13071e-06
 Reference value :  3.13571e-06
 Reference value :  3.14221e-06
 Reference value :  3.14871e-06
 Reference value :  3.15571e-06
 Reference value :  3.15787e-06
 Reference value :  3.15796e-06
 Reference value :  3.15808e-06
 Reference value :  3.15830e-06
 Reference value :  3.15860e-06
 Reference value :  3.15882e-06
 Reference value :  3.15899e-06
 Reference value :  3.15918e-06
 Reference value :  3.15946e-06
 Reference value :  3.15971e-06
 Reference value :  3.16009e-06
 Reference value :  3.16034e-06
 Reference value :  3.16054e-06
 Reference value :  3.16080e-06
 Reference value :  3.16169e-06
 Reference value :  3.16345e-06
 Reference value :  3.16419e-06
 Reference value :  3.16473e-06
 Reference value :  3.16525e-06
 Reference value :  3.16628e-06
 Reference value :  3.17219e-06
 Reference value :  3.17819e-06
 Reference value :  3.18319e-06
 Reference value :  3.18919e-06
 Reference value :  3.19469e-06
 Reference value :  3.19950e-06
 Reference value :  3.19956e-06
 Reference value :  3.19968e-06
 Reference value :  3.19985e-06
 Reference value :  3.20001e-06
 Reference value :  3.20028e-06
 Reference value :  3.20042e-06
 Reference value :  3.20051e-06
 Reference value :  3.20059e-06
 Reference value :  3.20070e-06
 Reference value :  3.20078e-06
 Reference value :  3.20084e-06
 Reference value :  3.20095e-06
 Reference value :  3.20109e-06
 Reference value :  3.20118e-06
 Reference value :  3.20130e-06
 Reference value :  3.20138e-06
 Reference value :  3.20155e-06
 Reference value :  3.20174e-06
 Reference value :  3.20189e-06
 Reference value :  3.20218e-06
 Reference value :  3.20261e-06
 Reference value :  3.20362e-06
 Reference value :  3.20589e-06
 Reference value :  3.21014e-06
 Reference value :  3.21564e-06
 Reference value :  3.22064e-06
 Reference value :  3.22564e-06
 Reference value :  3.23064e-06
 Reference value :  3.23614e-06
 Reference value :  3.24090e-06
 Reference value :  3.24122e-06
 Reference value :  3.24130e-06
 Reference value :  3.24148e-06
 Reference value :  3.24167e-06
 Reference value :  3.24210e-06
 Reference value :  3.24219e-06
 Reference value :  3.24234e-06
 Reference value :  3.24252e-06
 Reference value :  3.24283e-06
 Reference value :  3.24313e-06
 Reference value :  3.24362e-06
 Reference value :  3.24395e-06
 Reference value :  3.24475e-06
 Reference value :  3.24592e-06
 Reference value :  3.24692e-06
 Reference value :  3.24752e-06
 Reference value :  3.24790e-06
 Reference value :  3.24817e-06
 Reference value :  3.24891e-06
 Reference value :  3.24931e-06
 Reference value :  3.24967e-06
 Reference value :  3.25078e-06
 Reference value :  3.25549e-06
 Reference value :  3.26099e-06
 Reference value :  3.26649e-06
 Reference value :  3.27199e-06
 Reference value :  3.27699e-06
 Reference value :  3.28241e-06
 Reference value :  3.28289e-06
 Reference value :  3.28296e-06
 Reference value :  3.28308e-06
 Reference value :  3.28320e-06
 Reference value :  3.28335e-06
 Reference value :  3.28359e-06
 Reference value :  3.28376e-06
 Reference value :  3.28390e-06
 Reference value :  3.28402e-06
 Reference value :  3.28410e-06
 Reference value :  3.28420e-06
 Reference value :  3.28435e-06
 Reference value :  3.28449e-06
 Reference value :  3.28473e-06
 Reference value :  3.28490e-06
 Reference value :  3.28510e-06
 Reference value :  3.28527e-06
 Reference value :  3.28550e-06
 Reference value :  3.28573e-06
 Reference value :  3.28621e-06
 Reference value :  3.28786e-06
 Reference value :  3.29278e-06
 Reference value :  3.29828e-06
 Reference value :  3.30378e-06
 Reference value :  3.30878e-06
 Reference value :  3.31378e-06
 Reference value :  3.31928e-06
 Reference value :  3.32451e-06
 Reference value :  3.32459e-06
 Reference value :  3.32470e-06
 Reference value :  3.32492e-06
 Reference value :  3.32531e-06
 Reference value :  3.32550e-06
 Reference value :  3.32558e-06
 Reference value :  3.32576e-06
 Reference value :  3.32604e-06
 Reference value :  3.32631e-06
 Reference value :  3.32684e-06
 Reference value :  3.32724e-06
 Reference value :  3.32750e-06
 Reference value :  3.32795e-06
 Reference value :  3.32850e-06
 Reference value :  3.32955e-06
 Reference value :  3.33012e-06
 Reference value :  3.33246e-06
 Reference value :  3.33746e-06
 Reference value :  3.34246e-06
 Reference value :  3.34746e-06
 Reference value :  3.35246e-06
 Reference value :  3.35746e-06
 Reference value :  3.36246e-06
 Reference value :  3.36618e-06
 Reference value :  3.36625e-06
 Reference value :  3.36636e-06
 Reference value :  3.36647e-06
 Reference value :  3.36663e-06
 Reference value :  3.36692e-06
 Reference value :  3.36711e-06
 Reference value :  3.36724e-06
 Reference value :  3.36731e-06
 Reference value :  3.36738e-06
 Reference value :  3.36753e-06
 Reference value :  3.36773e-06
 Reference value :  3.36792e-06
 Reference value :  3.36811e-06
 Reference value :  3.36828e-06
 Reference value :  3.36849e-06
 Reference value :  3.36886e-06
 Reference value :  3.36947e-06
 Reference value :  3.37143e-06
 Reference value :  3.37611e-06
 Reference value :  3.38111e-06
 Reference value :  3.38611e-06
 Reference value :  3.39111e-06
 Reference value :  3.39611e-06
 Reference value :  3.40111e-06
 Reference value :  3.40661e-06
 Reference value :  3.40788e-06
 Reference value :  3.40797e-06
 Reference value :  3.40812e-06
 Reference value :  3.40833e-06
 Reference value :  3.40872e-06
 Reference value :  3.40887e-06
 Reference value :  3.40904e-06
 Reference value :  3.40921e-06
 Reference value :  3.40953e-06
 Reference value :  3.41000e-06
 Reference value :  3.41056e-06
 Reference value :  3.41119e-06
 Reference value :  3.41233e-06
 Reference value :  3.41357e-06
 Reference value :  3.41534e-06
 Reference value :  3.42024e-06
 Reference value :  3.42524e-06
 Reference value :  3.43124e-06
 Reference value :  3.43724e-06
 Reference value :  3.44274e-06
 Reference value :  3.44774e-06
 Reference value :  3.44953e-06
 Reference value :  3.44960e-06
 Reference value :  3.44970e-06
 Reference value :  3.44982e-06
 Reference value :  3.44996e-06
 Reference value :  3.45026e-06
 Reference value :  3.45041e-06
 Reference value :  3.45054e-06
 Reference value :  3.45061e-06
 Reference value :  3.45068e-06
 Reference value :  3.45080e-06
 Reference value :  3.45095e-06
 Reference value :  3.45119e-06
 Reference value :  3.45139e-06
 Reference value :  3.45159e-06
 Reference value :  3.45181e-06
 Reference value :  3.45211e-06
 Reference value :  3.45254e-06
 Reference value :  3.45375e-06
 Reference value :  3.45866e-06
 Reference value :  3.46416e-06
 Reference value :  3.46916e-06
 Reference value :  3.47466e-06
 Reference value :  3.48016e-06
 Reference value :  3.48566e-06
 Reference value :  3.49091e-06
 Reference value :  3.49121e-06
 Reference value :  3.49130e-06
 Reference value :  3.49152e-06
 Reference value :  3.49175e-06
 Reference value :  3.49211e-06
 Reference value :  3.49219e-06
 Reference value :  3.49231e-06
 Reference value :  3.49245e-06
 Reference value :  3.49271e-06
 Reference value :  3.49296e-06
 Reference value :  3.49352e-06
 Reference value :  3.49383e-06
 Reference value :  3.49414e-06
 Reference value :  3.49439e-06
 Reference value :  3.49528e-06
 Reference value :  3.49626e-06
 Reference value :  3.49756e-06
 Reference value :  3.50101e-06
 Reference value :  3.50651e-06
 Reference value :  3.51151e-06
 Reference value :  3.51701e-06
 Reference value :  3.52251e-06
 Reference value :  3.52751e-06
 Reference value :  3.53284e-06
 Reference value :  3.53292e-06
 Reference value :  3.53301e-06
 Reference value :  3.53313e-06
 Reference value :  3.53327e-06
 Reference value :  3.53349e-06
 Reference value :  3.53368e-06
 Reference value :  3.53383e-06
 Reference value :  3.53391e-06
 Reference value :  3.53399e-06
 Reference value :  3.53414e-06
 Reference value :  3.53426e-06
 Reference value :  3.53443e-06
 Reference value :  3.53460e-06
 Reference value :  3.53480e-06
 Reference value :  3.53501e-06
 Reference value :  3.53516e-06
 Reference value :  3.53545e-06
 Reference value :  3.53580e-06
 Reference value :  3.53686e-06
 Reference value :  3.54173e-06
 Reference value :  3.54673e-06
 Reference value :  3.55173e-06
 Reference value :  3.55723e-06
 Reference value :  3.56223e-06
 Reference value :  3.56773e-06
 Reference value :  3.57323e-06
 Reference value :  3.57455e-06
 Reference value :  3.57464e-06
 Reference value :  3.57479e-06
 Reference value :  3.57500e-06
 Reference value :  3.57539e-06
 Reference value :  3.57551e-06
 Reference value :  3.57565e-06
 Reference value :  3.57584e-06
 Reference value :  3.57617e-06
 Reference value :  3.57642e-06
 Reference value :  3.57697e-06
 Reference value :  3.57735e-06
 Reference value :  3.57799e-06
 Reference value :  3.57924e-06
 Reference value :  3.58034e-06
 Reference value :  3.58347e-06
 Reference value :  3.58947e-06
 Reference value :  3.59497e-06
 Reference value :  3.60047e-06
 Reference value :  3.60597e-06
 Reference value :  3.61147e-06
 Reference value :  3.61617e-06
 Reference value :  3.61625e-06
 Reference value :  3.61635e-06
 Reference value :  3.61647e-06
 Reference value :  3.61660e-06
 Reference value :  3.61693e-06
 Reference value :  3.61708e-06
 Reference value :  3.61721e-06
 Reference value :  3.61727e-06
 Reference value :  3.61736e-06
 Reference value :  3.61748e-06
 Reference value :  3.61766e-06
 Reference value :  3.61784e-06
 Reference value :  3.61796e-06
 Reference value :  3.61817e-06
 Reference value :  3.61838e-06
 Reference value :  3.61866e-06
 Reference value :  3.61897e-06
 Reference value :  3.61949e-06
 Reference value :  3.62202e-06
 Reference value :  3.62752e-06
 Reference value :  3.63302e-06
 Reference value :  3.63852e-06
 Reference value :  3.64452e-06
 Reference value :  3.65002e-06
 Reference value :  3.65552e-06
 Reference value :  3.65786e-06
 Reference value :  3.65796e-06
 Reference value :  3.65810e-06
 Reference value :  3.65834e-06
 Reference value :  3.65876e-06
 Reference value :  3.65886e-06
 Reference value :  3.65899e-06
 Reference value :  3.65914e-06
 Reference value :  3.65943e-06
 Reference value :  3.65969e-06
 Reference value :  3.66016e-06
 Reference value :  3.66057e-06
 Reference value :  3.66087e-06
 Reference value :  3.66210e-06
 Reference value :  3.66321e-06
 Reference value :  3.66415e-06
 Reference value :  3.66498e-06
 Reference value :  3.66758e-06
 Reference value :  3.67258e-06
 Reference value :  3.67758e-06
 Reference value :  3.68258e-06
 Reference value :  3.68808e-06
 Reference value :  3.69308e-06
 Reference value :  3.69808e-06
 Reference value :  3.69955e-06
 Reference value :  3.69964e-06
 Reference value :  3.69977e-06
 Reference value :  3.69989e-06
 Reference value :  3.70010e-06
 Reference value :  3.70031e-06
 Reference value :  3.70047e-06
 Reference value :  3.70057e-06
 Reference value :  3.70064e-06
 Reference value :  3.70074e-06
 Reference value :  3.70086e-06
 Reference value :  3.70104e-06
 Reference value :  3.70125e-06
 Reference value :  3.70144e-06
 Reference value :  3.70161e-06
 Reference value :  3.70185e-06
 Reference value :  3.70232e-06
 Reference value :  3.70409e-06
 Reference value :  3.70944e-06
 Reference value :  3.71494e-06
 Reference value :  3.72044e-06
 Reference value :  3.72594e-06
 Reference value :  3.73144e-06
 Reference value :  3.73694e-06
 Reference value :  3.74117e-06
 Reference value :  3.74126e-06
 Reference value :  3.74138e-06
 Reference value :  3.74157e-06
 Reference value :  3.74198e-06
 Reference value :  3.74217e-06
 Reference value :  3.74233e-06
 Reference value :  3.74255e-06
 Reference value :  3.74288e-06
 Reference value :  3.74336e-06
 Reference value :  3.74382e-06
 Reference value :  3.74438e-06
 Reference value :  3.74575e-06
 Reference value :  3.74640e-06
 Reference value :  3.74864e-06
 Reference value :  3.75464e-06
 Reference value :  3.76114e-06
 Reference value :  3.76864e-06
 Reference value :  3.77414e-06
 Reference value :  3.77964e-06
 Reference value :  3.78286e-06
 Reference value :  3.78293e-06
 Reference value :  3.78304e-06
 Reference value :  3.78316e-06
 Reference value :  3.78332e-06
 Reference value :  3.78359e-06
 Reference value :  3.78374e-06
 Reference value :  3.78386e-06
 Reference value :  3.78393e-06
 Reference value :  3.78399e-06
 Reference value :  3.78411e-06
 Reference value :  3.78427e-06
 Reference value :  3.78449e-06
 Reference value :  3.78461e-06
 Reference value :  3.78480e-06
 Reference value :  3.78503e-06
 Reference value :  3.78552e-06
 Reference value :  3.78902e-06
 Reference value :  3.79452e-06
 Reference value :  3.80152e-06
 Reference value :  3.80802e-06
 Reference value :  3.81502e-06
 Reference value :  3.82202e-06
 Reference value :  3.82456e-06
 Reference value :  3.82467e-06
 Reference value :  3.82487e-06
 Reference value :  3.82521e-06
 Reference value :  3.82550e-06
 Reference value :  3.82562e-06
 Reference value :  3.82581e-06
 Reference value :  3.82604e-06
 Reference value :  3.82631e-06
 Reference value :  3.82689e-06
 Reference value :  3.82741e-06
 Reference value :  3.82832e-06
 Reference value :  3.82863e-06
 Reference value :  3.82936e-06
 Reference value :  3.82991e-06
 Reference value :  3.83150e-06
 Reference value :  3.83644e-06
 Reference value :  3.84144e-06
 Reference value :  3.84644e-06
 Reference value :  3.85194e-06
 Reference value :  3.85694e-06
 Reference value :  3.86244e-06
 Reference value :  3.86618e-06
 Reference value :  3.86625e-06
 Reference value :  3.86635e-06
 Reference value :  3.86646e-06
 Reference value :  3.86660e-06
 Reference value :  3.86688e-06
 Reference value :  3.86701e-06
 Reference value :  3.86717e-06
 Reference value :  3.86726e-06
 Reference value :  3.86733e-06
 Reference value :  3.86746e-06
 Reference value :  3.86757e-06
 Reference value :  3.86776e-06
 Reference value :  3.86796e-06
 Reference value :  3.86817e-06
 Reference value :  3.86839e-06
 Reference value :  3.86865e-06
 Reference value :  3.86926e-06
 Reference value :  3.87186e-06
 Reference value :  3.87786e-06
 Reference value :  3.88336e-06
 Reference value :  3.88886e-06
 Reference value :  3.89436e-06
 Reference value :  3.89936e-06
 Reference value :  3.90486e-06
 Reference value :  3.90787e-06
 Reference value :  3.90793e-06
 Reference value :  3.90804e-06
 Reference value :  3.90820e-06
 Reference value :  3.90852e-06
 Reference value :  3.90883e-06
 Reference value :  3.90901e-06
 Reference value :  3.90921e-06
 Reference value :  3.90946e-06
 Reference value :  3.90966e-06
 Reference value :  3.91017e-06
 Reference value :  3.91071e-06
 Reference value :  3.91148e-06
 Reference value :  3.91286e-06
 Reference value :  3.91354e-06
 Reference value :  3.91410e-06
 Reference value :  3.91473e-06
 Reference value :  3.91604e-06
 Reference value :  3.92082e-06
 Reference value :  3.92582e-06
 Reference value :  3.93132e-06
 Reference value :  3.93732e-06
 Reference value :  3.94282e-06
 Reference value :  3.94832e-06
 Reference value :  3.94955e-06
 Reference value :  3.94964e-06
 Reference value :  3.94976e-06
 Reference value :  3.94991e-06
 Reference value :  3.95010e-06
 Reference value :  3.95034e-06
 Reference value :  3.95045e-06
 Reference value :  3.95058e-06
 Reference value :  3.95064e-06
 Reference value :  3.95072e-06
 Reference value :  3.95085e-06
 Reference value :  3.95099e-06
 Reference value :  3.95121e-06
 Reference value :  3.95136e-06
 Reference value :  3.95153e-06
 Reference value :  3.95179e-06
 Reference value :  3.95232e-06
 Reference value :  3.95369e-06
 Reference value :  3.95855e-06
 Reference value :  3.96405e-06
 Reference value :  3.96905e-06
 Reference value :  3.97455e-06
 Reference value :  3.98005e-06
 Reference value :  3.98555e-06
 Reference value :  3.99117e-06
 Reference value :  3.99125e-06
 Reference value :  3.99139e-06
 Reference value :  3.99163e-06
 Reference value :  3.99213e-06
 Reference value :  3.99226e-06
 Reference value :  3.99249e-06
 Reference value :  3.99286e-06
 Reference value :  3.99334e-06
 Reference value :  3.99390e-06
 Reference value :  3.99494e-06
 Reference value :  3.99600e-06
 Reference value :  3.99731e-06
 Reference value :  3.99790e-06
 Reference value :  3.99818e-06
 Reference value :  3.99850e-06
 Reference value :  3.99951e-06
 Reference value :  4.00447e-06
 Reference value :  4.00997e-06
 Reference value :  4.01547e-06
 Reference value :  4.02097e-06
 Reference value :  4.02647e-06
 Reference value :  4.03197e-06
 Reference value :  4.03290e-06
 Reference value :  4.03301e-06
 Reference value :  4.03313e-06
 Reference value :  4.03327e-06
 Reference value :  4.03355e-06
 Reference value :  4.03368e-06
 Reference value :  4.03381e-06
 Reference value :  4.03395e-06
 Reference value :  4.03407e-06
 Reference value :  4.03427e-06
 Reference value :  4.03441e-06
 Reference value :  4.03460e-06
 Reference value :  4.03479e-06
 Reference value :  4.03506e-06
 Reference value :  4.03529e-06
 Reference value :  4.03597e-06
 Reference value :  4.03915e-06
 Reference value :  4.04415e-06
 Reference value :  4.04915e-06
 Reference value :  4.05465e-06
 Reference value :  4.06015e-06
 Reference value :  4.06565e-06
 Reference value :  4.07215e-06
 Reference value :  4.07453e-06
 Reference value :  4.07463e-06
 Reference value :  4.07477e-06
 Reference value :  4.07498e-06
 Reference value :  4.07544e-06
 Reference value :  4.07560e-06
 Reference value :  4.07583e-06
 Reference value :  4.07614e-06
 Reference value :  4.07634e-06
 Reference value :  4.07684e-06
 Reference value :  4.07727e-06
 Reference value :  4.07783e-06
 Reference value :  4.07920e-06
 Reference value :  4.08047e-06
 Reference value :  4.08117e-06
 Reference value :  4.08165e-06
 Reference value :  4.08223e-06
 Reference value :  4.08293e-06
 Reference value :  4.08549e-06
 Reference value :  4.09143e-06
 Reference value :  4.09793e-06
 Reference value :  4.10393e-06
 Reference value :  4.10993e-06
 Reference value :  4.11617e-06
 Reference value :  4.11627e-06
 Reference value :  4.11639e-06
 Reference value :  4.11653e-06
 Reference value :  4.11668e-06
 Reference value :  4.11693e-06
 Reference value :  4.11710e-06
 Reference value :  4.11725e-06
 Reference value :  4.11737e-06
 Reference value :  4.11755e-06
 Reference value :  4.11776e-06
 Reference value :  4.11791e-06
 Reference value :  4.11804e-06
 Reference value :  4.11824e-06
 Reference value :  4.11842e-06
 Reference value :  4.11852e-06
 Reference value :  4.11869e-06
 Reference value :  4.11887e-06
 Reference value :  4.11914e-06
 Reference value :  4.11954e-06
 Reference value :  4.12117e-06
 Reference value :  4.12583e-06
 Reference value :  4.13083e-06
 Reference value :  4.13633e-06
 Reference value :  4.14183e-06
 Reference value :  4.14683e-06
 Reference value :  4.15233e-06
 Reference value :  4.15758e-06
 Reference value :  4.15788e-06
 Reference value :  4.15799e-06
 Reference value :  4.15813e-06
 Reference value :  4.15841e-06
 Reference value :  4.15878e-06
 Reference value :  4.15889e-06
 Reference value :  4.15909e-06
 Reference value :  4.15929e-06
 Reference value :  4.15951e-06
 Reference value :  4.15976e-06
 Reference value :  4.16011e-06
 Reference value :  4.16028e-06
 Reference value :  4.16054e-06
 Reference value :  4.16083e-06
 Reference value :  4.16138e-06
 Reference value :  4.16170e-06
 Reference value :  4.16207e-06
 Reference value :  4.16267e-06
 Reference value :  4.16463e-06
 Reference value :  4.16963e-06
 Reference value :  4.17463e-06
 Reference value :  4.17963e-06
 Reference value :  4.18513e-06
 Reference value :  4.19013e-06
 Reference value :  4.19563e-06
 Reference value :  4.19951e-06
 Reference value :  4.19960e-06
 Reference value :  4.19975e-06
 Reference value :  4.19989e-06
 Reference value :  4.20005e-06
 Reference value :  4.20034e-06
 Reference value :  4.20050e-06
 Reference value :  4.20062e-06
 Reference value :  4.20075e-06
 Reference value :  4.20082e-06
 Reference value :  4.20089e-06
 Reference value :  4.20108e-06
 Reference value :  4.20119e-06
 Reference value :  4.20136e-06
 Reference value :  4.20153e-06
 Reference value :  4.20169e-06
 Reference value :  4.20185e-06
 Reference value :  4.20218e-06
 Reference value :  4.20258e-06
 Reference value :  4.20347e-06
 Reference value :  4.20586e-06
 Reference value :  4.21136e-06
 Reference value :  4.21686e-06
 Reference value :  4.22186e-06
 Reference value :  4.22686e-06
 Reference value :  4.23186e-06
 Reference value :  4.23786e-06
 Reference value :  4.24120e-06
 Reference value :  4.24129e-06
 Reference value :  4.24143e-06
 Reference value :  4.24165e-06
 Reference value :  4.24214e-06
 Reference value :  4.24226e-06
 Reference value :  4.24247e-06
 Reference value :  4.24269e-06
 Reference value :  4.24293e-06
 Reference value :  4.24337e-06
 Reference value :  4.24372e-06
 Reference value :  4.24397e-06
 Reference value :  4.24425e-06
 Reference value :  4.24440e-06
 Reference value :  4.24472e-06
 Reference value :  4.24506e-06
 Reference value :  4.24549e-06
 Reference value :  4.24785e-06
 Reference value :  4.25285e-06
 Reference value :  4.25835e-06
 Reference value :  4.26435e-06
 Reference value :  4.27085e-06
 Reference value :  4.27635e-06
 Reference value :  4.28185e-06
 Reference value :  4.28289e-06
 Reference value :  4.28297e-06
 Reference value :  4.28310e-06
 Reference value :  4.28323e-06
 Reference value :  4.28347e-06
 Reference value :  4.28369e-06
 Reference value :  4.28383e-06
 Reference value :  4.28395e-06
 Reference value :  4.28404e-06
 Reference value :  4.28421e-06
 Reference value :  4.28437e-06
 Reference value :  4.28450e-06
 Reference value :  4.28463e-06
 Reference value :  4.28479e-06
 Reference value :  4.28494e-06
 Reference value :  4.28510e-06
 Reference value :  4.28534e-06
 Reference value :  4.28563e-06
 Reference value :  4.28626e-06
 Reference value :  4.29004e-06
 Reference value :  4.29604e-06
 Reference value :  4.30254e-06
 Reference value :  4.31004e-06
 Reference value :  4.31704e-06
 Reference value :  4.32354e-06
 Reference value :  4.32457e-06
 Reference value :  4.32467e-06
 Reference value :  4.32487e-06
 Reference value :  4.32536e-06
 Reference value :  4.32551e-06
 Reference value :  4.32565e-06
 Reference value :  4.32583e-06
 Reference value :  4.32611e-06
 Reference value :  4.32644e-06
 Reference value :  4.32691e-06
 Reference value :  4.32812e-06
 Reference value :  4.32877e-06
 Reference value :  4.32974e-06
 Reference value :  4.33283e-06
 Reference value :  4.33833e-06
 Reference value :  4.34433e-06
 Reference value :  4.34983e-06
 Reference value :  4.35533e-06
 Reference value :  4.35933e-06
 Reference value :  4.36043e-06
 Reference value :  4.36114e-06
 Reference value :  4.36134e-06
 Reference value :  4.36159e-06
 Reference value :  4.36185e-06
 Reference value :  4.36243e-06
 Reference value :  4.36498e-06
 Reference value :  4.36622e-06
 Reference value :  4.36631e-06
 Reference value :  4.36646e-06
 Reference value :  4.36663e-06
 Reference value :  4.36690e-06
 Reference value :  4.36704e-06
 Reference value :  4.36717e-06
 Reference value :  4.36725e-06
 Reference value :  4.36736e-06
 Reference value :  4.36753e-06
 Reference value :  4.36769e-06
 Reference value :  4.36782e-06
 Reference value :  4.36794e-06
 Reference value :  4.36810e-06
 Reference value :  4.36823e-06
 Reference value :  4.36846e-06
 Reference value :  4.36865e-06
 Reference value :  4.36895e-06
 Reference value :  4.36953e-06
 Reference value :  4.37242e-06
 Reference value :  4.37792e-06
 Reference value :  4.38292e-06
 Reference value :  4.38792e-06
 Reference value :  4.39292e-06
 Reference value :  4.39842e-06
 Reference value :  4.40392e-06
 Reference value :  4.40785e-06
 Reference value :  4.40792e-06
 Reference value :  4.40802e-06
 Reference value :  4.40818e-06
 Reference value :  4.40844e-06
 Reference value :  4.40878e-06
 Reference value :  4.40891e-06
 Reference value :  4.40909e-06
 Reference value :  4.40934e-06
 Reference value :  4.40961e-06
 Reference value :  4.41015e-06
 Reference value :  4.41072e-06
 Reference value :  4.41158e-06
 Reference value :  4.41215e-06
 Reference value :  4.41302e-06
 Reference value :  4.41558e-06
 Reference value :  4.42051e-06
 Reference value :  4.42601e-06
 Reference value :  4.43101e-06
 Reference value :  4.43701e-06
 Reference value :  4.43887e-06
 Reference value :  4.44070e-06
 Reference value :  4.44555e-06
 Reference value :  4.44952e-06
 Reference value :  4.44958e-06
 Reference value :  4.44969e-06
 Reference value :  4.44984e-06
 Reference value :  4.45004e-06
 Reference value :  4.45032e-06
 Reference value :  4.45044e-06
 Reference value :  4.45058e-06
 Reference value :  4.45073e-06
 Reference value :  4.45093e-06
 Reference value :  4.45103e-06
 Reference value :  4.45121e-06
 Reference value :  4.45142e-06
 Reference value :  4.45165e-06
 Reference value :  4.45196e-06
 Reference value :  4.45246e-06
 Reference value :  4.45345e-06
 Reference value :  4.45853e-06
 Reference value :  4.46403e-06
 Reference value :  4.46953e-06
 Reference value :  4.47453e-06
 Reference value :  4.47953e-06
 Reference value :  4.48553e-06
 Reference value :  4.49117e-06
 Reference value :  4.49129e-06
 Reference value :  4.49142e-06
 Reference value :  4.49158e-06
 Reference value :  4.49200e-06
 Reference value :  4.49217e-06
 Reference value :  4.49229e-06
 Reference value :  4.49243e-06
 Reference value :  4.49267e-06
 Reference value :  4.49293e-06
 Reference value :  4.49342e-06
 Reference value :  4.49386e-06
 Reference value :  4.49435e-06
 Reference value :  4.49483e-06
 Reference value :  4.49522e-06
 Reference value :  4.49568e-06
 Reference value :  4.49738e-06
 Reference value :  4.50224e-06
 Reference value :  4.50724e-06
 Reference value :  4.51224e-06
 Reference value :  4.51824e-06
 Reference value :  4.52324e-06
 Reference value :  4.52610e-06
 Reference value :  4.52738e-06
 Reference value :  4.52773e-06
 Reference value :  4.52821e-06
 Reference value :  4.53035e-06
 Reference value :  4.53288e-06
 Reference value :  4.53298e-06
 Reference value :  4.53317e-06
 Reference value :  4.53341e-06
 Reference value :  4.53367e-06
 Reference value :  4.53386e-06
 Reference value :  4.53396e-06
 Reference value :  4.53412e-06
 Reference value :  4.53430e-06
 Reference value :  4.53449e-06
 Reference value :  4.53463e-06
 Reference value :  4.53478e-06
 Reference value :  4.53500e-06
 Reference value :  4.53521e-06
 Reference value :  4.53541e-06
 Reference value :  4.53570e-06
 Reference value :  4.53661e-06
 Reference value :  4.54072e-06
 Reference value :  4.54622e-06
 Reference value :  4.55172e-06
 Reference value :  4.55772e-06
 Reference value :  4.56372e-06
 Reference value :  4.57122e-06
 Reference value :  4.57454e-06
 Reference value :  4.57463e-06
 Reference value :  4.57476e-06
 Reference value :  4.57497e-06
 Reference value :  4.57539e-06
 Reference value :  4.57553e-06
 Reference value :  4.57573e-06
 Reference value :  4.57591e-06
 Reference value :  4.57622e-06
 Reference value :  4.57668e-06
 Reference value :  4.57703e-06
 Reference value :  4.57756e-06
 Reference value :  4.57813e-06
 Reference value :  4.57850e-06
 Reference value :  4.57890e-06
 Reference value :  4.57985e-06
 Reference value :  4.58385e-06
 Reference value :  4.58885e-06
 Reference value :  4.59485e-06
 Reference value :  4.59985e-06
 Reference value :  4.60535e-06
 Reference value :  4.60885e-06
 Reference value :  4.61023e-06
 Reference value :  4.61085e-06
 Reference value :  4.61103e-06
 Reference value :  4.61130e-06
 Reference value :  4.61174e-06
 Reference value :  4.61265e-06
 Reference value :  4.61575e-06
 Reference value :  4.61623e-06
 Reference value :  4.61631e-06
 Reference value :  4.61645e-06
 Reference value :  4.61658e-06
 Reference value :  4.61687e-06
 Reference value :  4.61703e-06
 Reference value :  4.61718e-06
 Reference value :  4.61727e-06
 Reference value :  4.61740e-06
 Reference value :  4.61756e-06
 Reference value :  4.61771e-06
 Reference value :  4.61789e-06
 Reference value :  4.61799e-06
 Reference value :  4.61815e-06
 Reference value :  4.61833e-06
 Reference value :  4.61850e-06
 Reference value :  4.61882e-06
 Reference value :  4.61919e-06
 Reference value :  4.62019e-06
 Reference value :  4.62481e-06
 Reference value :  4.63031e-06
 Reference value :  4.63531e-06
 Reference value :  4.64081e-06
 Reference value :  4.64631e-06
 Reference value :  4.65181e-06
 Reference value :  4.65681e-06
 Reference value :  4.65787e-06
 Reference value :  4.65796e-06
 Reference value :  4.65810e-06
 Reference value :  4.65826e-06
 Reference value :  4.65871e-06
 Reference value :  4.65880e-06
 Reference value :  4.65886e-06
 Reference value :  4.65909e-06
 Reference value :  4.65936e-06
 Reference value :  4.65958e-06
 Reference value :  4.66012e-06
 Reference value :  4.66056e-06
 Reference value :  4.66128e-06
 Reference value :  4.66179e-06
 Reference value :  4.66216e-06
 Reference value :  4.66296e-06
 Reference value :  4.66694e-06
 Reference value :  4.67244e-06
 Reference value :  4.67794e-06
 Reference value :  4.68294e-06
 Reference value :  4.68844e-06
 Reference value :  4.69044e-06
 Reference value :  4.69110e-06
 Reference value :  4.69171e-06
 Reference value :  4.69199e-06
 Reference value :  4.69267e-06
 Reference value :  4.69610e-06
 Reference value :  4.69953e-06
 Reference value :  4.69960e-06
 Reference value :  4.69972e-06
 Reference value :  4.69986e-06
 Reference value :  4.70001e-06
 Reference value :  4.70028e-06
 Reference value :  4.70042e-06
 Reference value :  4.70054e-06
 Reference value :  4.70064e-06
 Reference value :  4.70078e-06
 Reference value :  4.70096e-06
 Reference value :  4.70113e-06
 Reference value :  4.70131e-06
 Reference value :  4.70144e-06
 Reference value :  4.70158e-06
 Reference value :  4.70174e-06
 Reference value :  4.70193e-06
 Reference value :  4.70240e-06
 Reference value :  4.70345e-06
 Reference value :  4.70790e-06
 Reference value :  4.71340e-06
 Reference value :  4.71890e-06
 Reference value :  4.72390e-06
 Reference value :  4.72890e-06
 Reference value :  4.73390e-06
 Reference value :  4.73940e-06
 Reference value :  4.74122e-06
 Reference value :  4.74130e-06
 Reference value :  4.74146e-06
 Reference value :  4.74163e-06
 Reference value :  4.74199e-06
 Reference value :  4.74217e-06
 Reference value :  4.74229e-06
 Reference value :  4.74246e-06
 Reference value :  4.74267e-06
 Reference value :  4.74297e-06
 Reference value :  4.74350e-06
 Reference value :  4.74391e-06
 Reference value :  4.74440e-06
 Reference value :  4.74487e-06
 Reference value :  4.74518e-06
 Reference value :  4.74583e-06
 Reference value :  4.74852e-06
 Reference value :  4.75352e-06
 Reference value :  4.76002e-06
 Reference value :  4.76502e-06
 Reference value :  4.77102e-06
 Reference value :  4.77352e-06
 Reference value :  4.77494e-06
 Reference value :  4.77557e-06
 Reference value :  4.77572e-06
 Reference value :  4.77597e-06
 Reference value :  4.77637e-06
 Reference value :  4.77742e-06
 Reference value :  4.78211e-06
 Reference value :  4.78289e-06
 Reference value :  4.78298e-06
 Reference value :  4.78311e-06
 Reference value :  4.78325e-06
 Reference value :  4.78353e-06
 Reference value :  4.78369e-06
 Reference value :  4.78383e-06
 Reference value :  4.78392e-06
 Reference value :  4.78402e-06
 Reference value :  4.78418e-06
 Reference value :  4.78431e-06
 Reference value :  4.78447e-06
 Reference value :  4.78461e-06
 Reference value :  4.78476e-06
 Reference value :  4.78488e-06
 Reference value :  4.78513e-06
 Reference value :  4.78536e-06
 Reference value :  4.78571e-06
 Reference value :  4.78637e-06
 Reference value :  4.78933e-06
 Reference value :  4.79483e-06
 Reference value :  4.80033e-06
 Reference value :  4.80733e-06
 Reference value :  4.81383e-06
 Reference value :  4.82083e-06
 Reference value :  4.82451e-06
 Reference value :  4.82459e-06
 Reference value :  4.82467e-06
 Reference value :  4.82482e-06
 Reference value :  4.82505e-06
 Reference value :  4.82540e-06
 Reference value :  4.82551e-06
 Reference value :  4.82565e-06
 Reference value :  4.82581e-06
 Reference value :  4.82610e-06
 Reference value :  4.82638e-06
 Reference value :  4.82694e-06
 Reference value :  4.82801e-06
 Reference value :  4.82855e-06
 Reference value :  4.82916e-06
 Reference value :  4.83125e-06
 Reference value :  4.83725e-06
 Reference value :  4.84275e-06
 Reference value :  4.84825e-06
 Reference value :  4.85375e-06
 Reference value :  4.85775e-06
 Reference value :  4.85851e-06
 Reference value :  4.85977e-06
 Reference value :  4.85992e-06
 Reference value :  4.86012e-06
 Reference value :  4.86039e-06
 Reference value :  4.86077e-06
 Reference value :  4.86209e-06
 Reference value :  4.86617e-06
 Reference value :  4.86623e-06
 Reference value :  4.86631e-06
 Reference value :  4.86646e-06
 Reference value :  4.86664e-06
 Reference value :  4.86686e-06
 Reference value :  4.86701e-06
 Reference value :  4.86714e-06
 Reference value :  4.86724e-06
 Reference value :  4.86731e-06
 Reference value :  4.86746e-06
 Reference value :  4.86759e-06
 Reference value :  4.86771e-06
 Reference value :  4.86784e-06
 Reference value :  4.86793e-06
 Reference value :  4.86807e-06
 Reference value :  4.86821e-06
 Reference value :  4.86839e-06
 Reference value :  4.86856e-06
 Reference value :  4.86886e-06
 Reference value :  4.86923e-06
 Reference value :  4.87128e-06
 Reference value :  4.87678e-06
 Reference value :  4.88228e-06
 Reference value :  4.88778e-06
 Reference value :  4.89278e-06
 Reference value :  4.89778e-06
 Reference value :  4.90378e-06
 Reference value :  4.90784e-06
 Reference value :  4.90793e-06
 Reference value :  4.90803e-06
 Reference value :  4.90819e-06
 Reference value :  4.90841e-06
 Reference value :  4.90877e-06
 Reference value :  4.90886e-06
 Reference value :  4.90900e-06
 Reference value :  4.90918e-06
 Reference value :  4.90946e-06
 Reference value :  4.90973e-06
 Reference value :  4.91025e-06
 Reference value :  4.91100e-06
 Reference value :  4.91169e-06
 Reference value :  4.91219e-06
 Reference value :  4.91292e-06
 Reference value :  4.91543e-06
 Reference value :  4.92189e-06
 Reference value :  4.92839e-06
 Reference value :  4.93589e-06
 Reference value :  4.94139e-06
 Reference value :  4.94282e-06
 Reference value :  4.94438e-06
 Reference value :  4.94467e-06
 Reference value :  4.94486e-06
 Reference value :  4.94509e-06
 Reference value :  4.94551e-06
 Reference value :  4.94646e-06
 Reference value :  4.94952e-06
 Reference value :  4.94958e-06
 Reference value :  4.94968e-06
 Reference value :  4.94985e-06
 Reference value :  4.95001e-06
 Reference value :  4.95026e-06
 Reference value :  4.95041e-06
 Reference value :  4.95053e-06
 Reference value :  4.95062e-06
 Reference value :  4.95073e-06
 Reference value :  4.95083e-06
 Reference value :  4.95096e-06
 Reference value :  4.95108e-06
 Reference value :  4.95122e-06
 Reference value :  4.95135e-06
 Reference value :  4.95153e-06
 Reference value :  4.95179e-06
 Reference value :  4.95219e-06
 Reference value :  4.95276e-06
 Reference value :  4.95504e-06
 Reference value :  4.96004e-06
 Reference value :  4.96504e-06
 Reference value :  4.97054e-06
 Reference value :  4.97604e-06
 Reference value :  4.98104e-06
 Reference value :  4.98704e-06
 Reference value :  4.99117e-06
 Reference value :  4.99125e-06
 Reference value :  4.99134e-06
 Reference value :  4.99150e-06
 Reference value :  4.99183e-06
 Reference value :  4.99206e-06
 Reference value :  4.99217e-06
 Reference value :  4.99239e-06
 Reference value :  4.99263e-06
 Reference value :  4.99292e-06
 Reference value :  4.99338e-06
 Reference value :  4.99400e-06
 Reference value :  4.99513e-06
 Reference value :  4.99567e-06
 Reference value :  4.99665e-06
 Reference value :  5.00027e-06
 Reference value :  5.00577e-06
 Reference value :  5.01127e-06
 Reference value :  5.01677e-06
 Reference value :  5.02227e-06
 Reference value :  5.02460e-06
 Reference value :  5.02590e-06
 Reference value :  5.02709e-06
 Reference value :  5.03107e-06
 Reference value :  5.03286e-06
 Reference value :  5.03293e-06
 Reference value :  5.03305e-06
 Reference value :  5.03318e-06
 Reference value :  5.03334e-06
 Reference value :  5.03367e-06
 Reference value :  5.03380e-06
 Reference value :  5.03390e-06
 Reference value :  5.03401e-06
 Reference value :  5.03419e-06
 Reference value :  5.03439e-06
 Reference value :  5.03466e-06
 Reference value :  5.03484e-06
 Reference value :  5.03501e-06
 Reference value :  5.03538e-06
 Reference value :  5.03605e-06
 Reference value :  5.04012e-06
 Reference value :  5.04562e-06
 Reference value :  5.05112e-06
 Reference value :  5.05612e-06
 Reference value :  5.06212e-06
 Reference value :  5.06712e-06
 Reference value :  5.07212e-06
 Reference value :  5.07453e-06
 Reference value :  5.07463e-06
 Reference value :  5.07477e-06
 Reference value :  5.07497e-06
 Reference value :  5.07550e-06
 Reference value :  5.07560e-06
 Reference value :  5.07579e-06
 Reference value :  5.07602e-06
 Reference value :  5.07633e-06
 Reference value :  5.07682e-06
 Reference value :  5.07731e-06
 Reference value :  5.07801e-06
 Reference value :  5.07853e-06
 Reference value :  5.07904e-06
 Reference value :  5.08039e-06
 Reference value :  5.08476e-06
 Reference value :  5.09076e-06
 Reference value :  5.09576e-06
 Reference value :  5.10126e-06
 Reference value :  5.10626e-06
 Reference value :  5.10756e-06
 Reference value :  5.10858e-06
 Reference value :  5.11239e-06
 Reference value :  5.11620e-06
 Reference value :  5.11627e-06
 Reference value :  5.11637e-06
 Reference value :  5.11652e-06
 Reference value :  5.11671e-06
 Reference value :  5.11700e-06
 Reference value :  5.11711e-06
 Reference value :  5.11722e-06
 Reference value :  5.11729e-06
 Reference value :  5.11736e-06
 Reference value :  5.11748e-06
 Reference value :  5.11761e-06
 Reference value :  5.11779e-06
 Reference value :  5.11794e-06
 Reference value :  5.11808e-06
 Reference value :  5.11828e-06
 Reference value :  5.11839e-06
 Reference value :  5.11848e-06
 Reference value :  5.11858e-06
 Reference value :  5.11870e-06
 Reference value :  5.11882e-06
 Reference value :  5.11894e-06
 Reference value :  5.11906e-06
 Reference value :  5.11921e-06
 Reference value :  5.11948e-06
 Reference value :  5.11981e-06
 Reference value :  5.12064e-06
 Reference value :  5.12413e-06
 Reference value :  5.13013e-06
 Reference value :  5.13513e-06
 Reference value :  5.14213e-06
 Reference value :  5.14913e-06
 Reference value :  5.15613e-06
 Reference value :  5.15790e-06
 Reference value :  5.15801e-06
 Reference value :  5.15817e-06
 Reference value :  5.15841e-06
 Reference value :  5.15873e-06
 Reference value :  5.15885e-06
 Reference value :  5.15902e-06
 Reference value :  5.15927e-06
 Reference value :  5.15957e-06
 Reference value :  5.16006e-06
 Reference value :  5.16058e-06
 Reference value :  5.16080e-06
 Reference value :  5.16095e-06
 Reference value :  5.16116e-06
 Reference value :  5.16149e-06
 Reference value :  5.16180e-06
 Reference value :  5.16230e-06
 Reference value :  5.16425e-06
 Reference value :  5.16975e-06
 Reference value :  5.17525e-06
 Reference value :  5.18025e-06
 Reference value :  5.18725e-06
 Reference value :  5.19475e-06
 Reference value :  5.19953e-06
 Reference value :  5.19964e-06
 Reference value :  5.19986e-06
 Reference value :  5.20009e-06
 Reference value :  5.20036e-06
 Reference value :  5.20057e-06
 Reference value :  5.20071e-06
 Reference value :  5.20082e-06
 Reference value :  5.20090e-06
 Reference value :  5.20108e-06
 Reference value :  5.20123e-06
 Reference value :  5.20134e-06
 Reference value :  5.20151e-06
 Reference value :  5.20170e-06
 Reference value :  5.20188e-06
 Reference value :  5.20221e-06
 Reference value :  5.20293e-06
 Reference value :  5.20473e-06
 Reference value :  5.20969e-06
 Reference value :  5.21469e-06
 Reference value :  5.22019e-06
 Reference value :  5.22519e-06
 Reference value :  5.23019e-06
 Reference value :  5.23569e-06
 Reference value :  5.24069e-06
 Reference value :  5.24123e-06
 Reference value :  5.24131e-06
 Reference value :  5.24147e-06
 Reference value :  5.24166e-06
 Reference value :  5.24206e-06
 Reference value :  5.24223e-06
 Reference value :  5.24243e-06
 Reference value :  5.24267e-06
 Reference value :  5.24294e-06
 Reference value :  5.24359e-06
 Reference value :  5.24391e-06
 Reference value :  5.24409e-06
 Reference value :  5.24423e-06
 Reference value :  5.24437e-06
 Reference value :  5.24456e-06
 Reference value :  5.24485e-06
 Reference value :  5.24533e-06
 Reference value :  5.24685e-06
 Reference value :  5.25187e-06
 Reference value :  5.25737e-06
 Reference value :  5.26337e-06
 Reference value :  5.26887e-06
 Reference value :  5.27437e-06
 Reference value :  5.27987e-06
 Reference value :  5.28287e-06
 Reference value :  5.28296e-06
 Reference value :  5.28306e-06
 Reference value :  5.28324e-06
 Reference value :  5.28350e-06
 Reference value :  5.28368e-06
 Reference value :  5.28383e-06
 Reference value :  5.28399e-06
 Reference value :  5.28409e-06
 Reference value :  5.28419e-06
 Reference value :  5.28430e-06
 Reference value :  5.28445e-06
 Reference value :  5.28461e-06
 Reference value :  5.28476e-06
 Reference value :  5.28498e-06
 Reference value :  5.28515e-06
 Reference value :  5.28562e-06
 Reference value :  5.28626e-06
 Reference value :  5.28954e-06
 Reference value :  5.29504e-06
 Reference value :  5.30054e-06
 Reference value :  5.30654e-06
 Reference value :  5.31204e-06
 Reference value :  5.31854e-06
 Reference value :  5.32451e-06
 Reference value :  5.32461e-06
 Reference value :  5.32475e-06
 Reference value :  5.32496e-06
 Reference value :  5.32545e-06
 Reference value :  5.32560e-06
 Reference value :  5.32584e-06
 Reference value :  5.32614e-06
 Reference value :  5.32638e-06
 Reference value :  5.32691e-06
 Reference value :  5.32736e-06
 Reference value :  5.32781e-06
 Reference value :  5.32828e-06
 Reference value :  5.32874e-06
 Reference value :  5.33006e-06
 Reference value :  5.33509e-06
 Reference value :  5.34059e-06
 Reference value :  5.34432e-06
 Reference value :  5.34678e-06
 Reference value :  5.34754e-06
 Reference value :  5.34996e-06
 Reference value :  5.35546e-06
 Reference value :  5.36096e-06
 Reference value :  5.36617e-06
 Reference value :  5.36625e-06
 Reference value :  5.36633e-06
 Reference value :  5.36646e-06
 Reference value :  5.36666e-06
 Reference value :  5.36697e-06
 Reference value :  5.36709e-06
 Reference value :  5.36725e-06
 Reference value :  5.36745e-06
 Reference value :  5.36767e-06
 Reference value :  5.36793e-06
 Reference value :  5.36813e-06
 Reference value :  5.36834e-06
 Reference value :  5.36869e-06
 Reference value :  5.36909e-06
 Reference value :  5.36998e-06
 Reference value :  5.37518e-06
 Reference value :  5.38018e-06
 Reference value :  5.38568e-06
 Reference value :  5.39118e-06
 Reference value :  5.39718e-06
 Reference value :  5.40318e-06
 Reference value :  5.40783e-06
 Reference value :  5.40790e-06
 Reference value :  5.40797e-06
 Reference value :  5.40814e-06
 Reference value :  5.40832e-06
 Reference value :  5.40865e-06
 Reference value :  5.40887e-06
 Reference value :  5.40907e-06
 Reference value :  5.40932e-06
 Reference value :  5.40959e-06
 Reference value :  5.41017e-06
 Reference value :  5.41082e-06
 Reference value :  5.41169e-06
 Reference value :  5.41206e-06
 Reference value :  5.41245e-06
 Reference value :  5.41332e-06
 Reference value :  5.41642e-06
 Reference value :  5.42141e-06
 Reference value :  5.42691e-06
 Reference value :  5.43191e-06
 Reference value :  5.43691e-06
 Reference value :  5.44241e-06
 Reference value :  5.44741e-06
 Reference value :  5.44953e-06
 Reference value :  5.44961e-06
 Reference value :  5.44972e-06
 Reference value :  5.44990e-06
 Reference value :  5.45008e-06
 Reference value :  5.45034e-06
 Reference value :  5.45050e-06
 Reference value :  5.45063e-06
 Reference value :  5.45084e-06
 Reference value :  5.45105e-06
 Reference value :  5.45128e-06
 Reference value :  5.45156e-06
 Reference value :  5.45199e-06
 Reference value :  5.45245e-06
 Reference value :  5.45363e-06
 Reference value :  5.45805e-06
 Reference value :  5.46355e-06
 Reference value :  5.46955e-06
 Reference value :  5.47505e-06
 Reference value :  5.48055e-06
 Reference value :  5.48655e-06
 Reference value :  5.49117e-06
 Reference value :  5.49124e-06
 Reference value :  5.49132e-06
 Reference value :  5.49152e-06
 Reference value :  5.49183e-06
 Reference value :  5.49210e-06
 Reference value :  5.49220e-06
 Reference value :  5.49232e-06
 Reference value :  5.49252e-06
 Reference value :  5.49282e-06
 Reference value :  5.49311e-06
 Reference value :  5.49406e-06
 Reference value :  5.49493e-06
 Reference value :  5.49525e-06
 Reference value :  5.49556e-06
 Reference value :  5.49629e-06
 Reference value :  5.49955e-06
 Reference value :  5.50455e-06
 Reference value :  5.50955e-06
 Reference value :  5.51555e-06
 Reference value :  5.52105e-06
 Reference value :  5.52605e-06
 Reference value :  5.53105e-06
 Reference value :  5.53286e-06
 Reference value :  5.53296e-06
 Reference value :  5.53305e-06
 Reference value :  5.53323e-06
 Reference value :  5.53344e-06
 Reference value :  5.53359e-06
 Reference value :  5.53376e-06
 Reference value :  5.53390e-06
 Reference value :  5.53405e-06
 Reference value :  5.53421e-06
 Reference value :  5.53437e-06
 Reference value :  5.53451e-06
 Reference value :  5.53477e-06
 Reference value :  5.53520e-06
 Reference value :  5.53572e-06
 Reference value :  5.53776e-06
 Reference value :  5.54363e-06
 Reference value :  5.54863e-06
 Reference value :  5.55463e-06
 Reference value :  5.56063e-06
 Reference value :  5.56613e-06
 Reference value :  5.57113e-06
 Reference value :  5.57453e-06
 Reference value :  5.57463e-06
 Reference value :  5.57483e-06
 Reference value :  5.57506e-06
 Reference value :  5.57538e-06
 Reference value :  5.57550e-06
 Reference value :  5.57557e-06
 Reference value :  5.57574e-06
 Reference value :  5.57595e-06
 Reference value :  5.57624e-06
 Reference value :  5.57683e-06
 Reference value :  5.57808e-06
 Reference value :  5.57850e-06
 Reference value :  5.57877e-06
 Reference value :  5.57938e-06
 Reference value :  5.58127e-06
 Reference value :  5.58574e-06
 Reference value :  5.59124e-06
 Reference value :  5.59624e-06
 Reference value :  5.60124e-06
 Reference value :  5.60624e-06
 Reference value :  5.61124e-06
 Reference value :  5.61617e-06
 Reference value :  5.61623e-06
 Reference value :  5.61632e-06
 Reference value :  5.61646e-06
 Reference value :  5.61663e-06
 Reference value :  5.61696e-06
 Reference value :  5.61708e-06
 Reference value :  5.61719e-06
 Reference value :  5.61736e-06
 Reference value :  5.61753e-06
 Reference value :  5.61767e-06
 Reference value :  5.61783e-06
 Reference value :  5.61819e-06
 Reference value :  5.61880e-06
 Reference value :  5.61936e-06
 Reference value :  5.62156e-06
 Reference value :  5.62656e-06
 Reference value :  5.63206e-06
 Reference value :  5.63806e-06
 Reference value :  5.64306e-06
 Reference value :  5.64856e-06
 Reference value :  5.65406e-06
 Reference value :  5.65784e-06
 Reference value :  5.65793e-06
 Reference value :  5.65804e-06
 Reference value :  5.65826e-06
 Reference value :  5.65863e-06
 Reference value :  5.65882e-06
 Reference value :  5.65891e-06
 Reference value :  5.65906e-06
 Reference value :  5.65928e-06
 Reference value :  5.65951e-06
 Reference value :  5.65994e-06
 Reference value :  5.66090e-06
 Reference value :  5.66163e-06
 Reference value :  5.66196e-06
 Reference value :  5.66234e-06
 Reference value :  5.66313e-06
 Reference value :  5.66719e-06
 Reference value :  5.67269e-06
 Reference value :  5.67769e-06
 Reference value :  5.68269e-06
 Reference value :  5.68769e-06
 Reference value :  5.69269e-06
 Reference value :  5.69869e-06
 Reference value :  5.69955e-06
 Reference value :  5.69962e-06
 Reference value :  5.69972e-06
 Reference value :  5.69987e-06
 Reference value :  5.70003e-06
 Reference value :  5.70026e-06
 Reference value :  5.70041e-06
 Reference value :  5.70055e-06
 Reference value :  5.70069e-06
 Reference value :  5.70086e-06
 Reference value :  5.70105e-06
 Reference value :  5.70129e-06
 Reference value :  5.70162e-06
 Reference value :  5.70227e-06
 Reference value :  5.70352e-06
 Reference value :  5.70953e-06
 Reference value :  5.71603e-06
 Reference value :  5.72153e-06
 Reference value :  5.72703e-06
 Reference value :  5.73253e-06
 Reference value :  5.73803e-06
 Reference value :  5.74120e-06
 Reference value :  5.74129e-06
 Reference value :  5.74140e-06
 Reference value :  5.74162e-06
 Reference value :  5.74196e-06
 Reference value :  5.74213e-06
 Reference value :  5.74221e-06
 Reference value :  5.74235e-06
 Reference value :  5.74252e-06
 Reference value :  5.74276e-06
 Reference value :  5.74310e-06
 Reference value :  5.74385e-06
 Reference value :  5.74489e-06
 Reference value :  5.74535e-06
 Reference value :  5.74578e-06
 Reference value :  5.74661e-06
 Reference value :  5.74995e-06
 Reference value :  5.75495e-06
 Reference value :  5.75995e-06
 Reference value :  5.76495e-06
 Reference value :  5.77045e-06
 Reference value :  5.77545e-06
 Reference value :  5.78045e-06
 Reference value :  5.78286e-06
 Reference value :  5.78293e-06
 Reference value :  5.78304e-06
 Reference value :  5.78318e-06
 Reference value :  5.78340e-06
 Reference value :  5.78359e-06
 Reference value :  5.78374e-06
 Reference value :  5.78392e-06
 Reference value :  5.78408e-06
 Reference value :  5.78428e-06
 Reference value :  5.78442e-06
 Reference value :  5.78461e-06
 Reference value :  5.78495e-06
 Reference value :  5.78547e-06
 Reference value :  5.78637e-06
 Reference value :  5.79037e-06
 Reference value :  5.79537e-06
 Reference value :  5.80037e-06
 Reference value :  5.80537e-06
 Reference value :  5.81037e-06
 Reference value :  5.81537e-06
 Reference value :  5.82087e-06
 Reference value :  5.82450e-06
 Reference value :  5.82459e-06
 Reference value :  5.82467e-06
 Reference value :  5.82484e-06
 Reference value :  5.82509e-06
 Reference value :  5.82542e-06
 Reference value :  5.82553e-06
 Reference value :  5.82565e-06
 Reference value :  5.82583e-06
 Reference value :  5.82607e-06
 Reference value :  5.82631e-06
 Reference value :  5.82697e-06
 Reference value :  5.82829e-06
 Reference value :  5.82882e-06
 Reference value :  5.82931e-06
 Reference value :  5.83048e-06
 Reference value :  5.83499e-06
 Reference value :  5.83999e-06
 Reference value :  5.84499e-06
 Reference value :  5.84999e-06
 Reference value :  5.85499e-06
 Reference value :  5.85999e-06
 Reference value :  5.86499e-06
 Reference value :  5.86620e-06
 Reference value :  5.86629e-06
 Reference value :  5.86639e-06
 Reference value :  5.86651e-06
 Reference value :  5.86667e-06
 Reference value :  5.86692e-06
 Reference value :  5.86708e-06
 Reference value :  5.86722e-06
 Reference value :  5.86732e-06
 Reference value :  5.86749e-06
 Reference value :  5.86768e-06
 Reference value :  5.86782e-06
 Reference value :  5.86800e-06
 Reference value :  5.86841e-06
 Reference value :  5.86877e-06
 Reference value :  5.86926e-06
 Reference value :  5.87127e-06
 Reference value :  5.87662e-06
 Reference value :  5.88212e-06
 Reference value :  5.88912e-06
 Reference value :  5.89612e-06
 Reference value :  5.90262e-06
 Reference value :  5.90748e-06
 Reference value :  5.90789e-06
 Reference value :  5.90799e-06
 Reference value :  5.90815e-06
 Reference value :  5.90832e-06
 Reference value :  5.90881e-06
 Reference value :  5.90894e-06
 Reference value :  5.90915e-06
 Reference value :  5.90940e-06
 Reference value :  5.90969e-06
 Reference value :  5.91064e-06
 Reference value :  5.91165e-06
 Reference value :  5.91218e-06
 Reference value :  5.91366e-06
 Reference value :  5.91948e-06
 Reference value :  5.92648e-06
 Reference value :  5.93298e-06
 Reference value :  5.93798e-06
 Reference value :  5.94348e-06
 Reference value :  5.94848e-06
 Reference value :  5.94953e-06
 Reference value :  5.94960e-06
 Reference value :  5.94971e-06
 Reference value :  5.94983e-06
 Reference value :  5.94997e-06
 Reference value :  5.95020e-06
 Reference value :  5.95035e-06
 Reference value :  5.95050e-06
 Reference value :  5.95065e-06
 Reference value :  5.95078e-06
 Reference value :  5.95089e-06
 Reference value :  5.95102e-06
 Reference value :  5.95116e-06
 Reference value :  5.95134e-06
 Reference value :  5.95165e-06
 Reference value :  5.95215e-06
 Reference value :  5.95271e-06
 Reference value :  5.95460e-06
 Reference value :  5.95930e-06
 Reference value :  5.96430e-06
 Reference value :  5.96930e-06
 Reference value :  5.97430e-06
 Reference value :  5.97930e-06
 Reference value :  5.98430e-06
 Reference value :  5.98930e-06
 Reference value :  5.99120e-06
 Reference value :  5.99129e-06
 Reference value :  5.99143e-06
 Reference value :  5.99159e-06
 Reference value :  5.99195e-06
 Reference value :  5.99217e-06
 Reference value :  5.99228e-06
 Reference value :  5.99244e-06
 Reference value :  5.99269e-06
 Reference value :  5.99289e-06
 Reference value :  5.99343e-06
 Reference value :  5.99473e-06
 Reference value :  5.99546e-06
 Reference value :  5.99594e-06
 Reference value :  5.99651e-06
 Reference value :  5.99951e-06
 Reference value :  6.00451e-06
 Reference value :  6.01001e-06
 Reference value :  6.01551e-06
 Reference value :  6.02001e-06
 Reference value :  6.02651e-06
 Reference value :  6.03242e-06
 Reference value :  6.03291e-06
 Reference value :  6.03298e-06
 Reference value :  6.03310e-06
 Reference value :  6.03324e-06
 Reference value :  6.03352e-06
 Reference value :  6.03369e-06
 Reference value :  6.03383e-06
 Reference value :  6.03398e-06
 Reference value :  6.03416e-06
 Reference value :  6.03442e-06
 Reference value :  6.03459e-06
 Reference value :  6.03477e-06
 Reference value :  6.03497e-06
 Reference value :  6.03521e-06
 Reference value :  6.03543e-06
 Reference value :  6.03593e-06
 Reference value :  6.03773e-06
 Reference value :  6.04263e-06
 Reference value :  6.04763e-06
 Reference value :  6.05413e-06
 Reference value :  6.05963e-06
 Reference value :  6.06463e-06
 Reference value :  6.06963e-06
 Reference value :  6.07451e-06
 Reference value :  6.07460e-06
 Reference value :  6.07471e-06
 Reference value :  6.07486e-06
 Reference value :  6.07507e-06
 Reference value :  6.07546e-06
 Reference value :  6.07553e-06
 Reference value :  6.07571e-06
 Reference value :  6.07600e-06
 Reference value :  6.07632e-06
 Reference value :  6.07653e-06
 Reference value :  6.07712e-06
 Reference value :  6.07778e-06
 Reference value :  6.07832e-06
 Reference value :  6.07874e-06
 Reference value :  6.07945e-06
 Reference value :  6.08166e-06
 Reference value :  6.08616e-06
 Reference value :  6.09116e-06
 Reference value :  6.09616e-06
 Reference value :  6.10116e-06
 Reference value :  6.10616e-06
 Reference value :  6.11216e-06
 Reference value :  6.11617e-06
 Reference value :  6.11623e-06
 Reference value :  6.11631e-06
 Reference value :  6.11645e-06
 Reference value :  6.11659e-06
 Reference value :  6.11696e-06
 Reference value :  6.11711e-06
 Reference value :  6.11722e-06
 Reference value :  6.11730e-06
 Reference value :  6.11736e-06
 Reference value :  6.11744e-06
 Reference value :  6.11752e-06
 Reference value :  6.11761e-06
 Reference value :  6.11775e-06
 Reference value :  6.11784e-06
 Reference value :  6.11796e-06
 Reference value :  6.11808e-06
 Reference value :  6.11826e-06
 Reference value :  6.11842e-06
 Reference value :  6.11850e-06
 Reference value :  6.11863e-06
 Reference value :  6.11877e-06
 Reference value :  6.11890e-06
 Reference value :  6.11909e-06
 Reference value :  6.11935e-06
 Reference value :  6.11982e-06
 Reference value :  6.12206e-06
 Reference value :  6.12706e-06
 Reference value :  6.13206e-06
 Reference value :  6.13906e-06
 Reference value :  6.14556e-06
 Reference value :  6.15106e-06
 Reference value :  6.15606e-06
 Reference value :  6.15788e-06
 Reference value :  6.15797e-06
 Reference value :  6.15812e-06
 Reference value :  6.15831e-06
 Reference value :  6.15873e-06
 Reference value :  6.15891e-06
 Reference value :  6.15910e-06
 Reference value :  6.15923e-06
 Reference value :  6.15947e-06
 Reference value :  6.15974e-06
 Reference value :  6.16027e-06
 Reference value :  6.16060e-06
 Reference value :  6.16082e-06
 Reference value :  6.16094e-06
 Reference value :  6.16112e-06
 Reference value :  6.16133e-06
 Reference value :  6.16160e-06
 Reference value :  6.16189e-06
 Reference value :  6.16254e-06
 Reference value :  6.16443e-06
 Reference value :  6.16906e-06
 Reference value :  6.17406e-06
 Reference value :  6.17956e-06
 Reference value :  6.18506e-06
 Reference value :  6.19006e-06
 Reference value :  6.19506e-06
 Reference value :  6.19951e-06
 Reference value :  6.19960e-06
 Reference value :  6.19971e-06
 Reference value :  6.19984e-06
 Reference value :  6.19996e-06
 Reference value :  6.20027e-06
 Reference value :  6.20041e-06
 Reference value :  6.20055e-06
 Reference value :  6.20066e-06
 Reference value :  6.20076e-06
 Reference value :  6.20084e-06
 Reference value :  6.20098e-06
 Reference value :  6.20113e-06
 Reference value :  6.20129e-06
 Reference value :  6.20144e-06
 Reference value :  6.20159e-06
 Reference value :  6.20177e-06
 Reference value :  6.20197e-06
 Reference value :  6.20221e-06
 Reference value :  6.20267e-06
 Reference value :  6.20387e-06
 Reference value :  6.20692e-06
 Reference value :  6.21242e-06
 Reference value :  6.21842e-06
 Reference value :  6.22342e-06
 Reference value :  6.22842e-06
 Reference value :  6.23342e-06
 Reference value :  6.23892e-06
 Reference value :  6.24121e-06
 Reference value :  6.24128e-06
 Reference value :  6.24138e-06
 Reference value :  6.24158e-06
 Reference value :  6.24211e-06
 Reference value :  6.24229e-06
 Reference value :  6.24253e-06
 Reference value :  6.24280e-06
 Reference value :  6.24299e-06
 Reference value :  6.24356e-06
 Reference value :  6.24393e-06
 Reference value :  6.24410e-06
 Reference value :  6.24425e-06
 Reference value :  6.24439e-06
 Reference value :  6.24470e-06
 Reference value :  6.24502e-06
 Reference value :  6.24568e-06
 Reference value :  6.24815e-06
 Reference value :  6.25312e-06
 Reference value :  6.25862e-06
 Reference value :  6.26412e-06
 Reference value :  6.26912e-06
 Reference value :  6.27412e-06
 Reference value :  6.27962e-06
 Reference value :  6.28286e-06
 Reference value :  6.28293e-06
 Reference value :  6.28303e-06
 Reference value :  6.28317e-06
No. of Data Rows : 30904

  Measurements for Transient Analysis

d9_c1               =  3.07062e-05
d8_c1               =  1.56838e-04
d7_c1               =  1.61961e+00
d6_c1               =  1.61961e+00
d5_c1               =  1.61961e+00
d4_c1               =  1.56958e-04
d3_c1               =  1.61961e+00
d2_c1               =  1.61961e+00
d1_c1               =  1.57260e-04
d0_c1               =  1.61961e+00
d9_c2               =  1.73794e-05
d8_c2               =  1.61960e+00
d7_c2               =  1.46297e-04
d6_c2               =  1.61960e+00
d5_c2               =  1.61960e+00
d4_c2               =  1.61960e+00
d3_c2               =  1.61960e+00
d2_c2               =  1.61960e+00
d1_c2               =  1.61960e+00
d0_c2               =  1.61960e+00
d9_c3               =  1.78925e-05
d8_c3               =  1.61960e+00
d7_c3               =  1.61960e+00
d6_c3               =  1.61960e+00
d5_c3               =  1.61960e+00
d4_c3               =  1.61960e+00
d3_c3               =  1.61960e+00
d2_c3               =  1.61960e+00
d1_c3               =  1.61960e+00
d0_c3               =  1.61960e+00
d9_c4               =  1.61970e+00
d8_c4               =  1.56250e-04
d7_c4               =  1.61960e+00
d6_c4               =  1.56242e-04
d5_c4               =  1.56237e-04
d4_c4               =  1.56229e-04
d3_c4               =  1.56218e-04
d2_c4               =  1.56207e-04
d1_c4               =  1.56173e-04
d0_c4               =  1.61960e+00
d9_c5               =  1.61976e+00
d8_c5               =  1.61961e+00
d7_c5               =  1.61961e+00
d6_c5               =  1.61961e+00
d5_c5               =  1.61961e+00
d4_c5               =  1.61961e+00
d3_c5               =  1.61961e+00
d2_c5               =  1.61961e+00
d1_c5               =  1.61961e+00
d0_c5               =  1.61961e+00
busy_c1_p0          =  1.61959e+00
smpl_c1_p0          =  1.16178e-04
busy_c1_p1          =  1.61958e+00
smpl_c1_p1          =  1.13240e-04
busy_c1_p2          =  1.61959e+00
smpl_c1_p2          =  1.12620e-04
busy_c1_p3          =  1.61958e+00
smpl_c1_p3          =  1.10486e-04
busy_c1_p4          =  1.61957e+00
smpl_c1_p4          =  1.04111e-04
busy_c1_p5          =  1.61958e+00
smpl_c1_p5          =  1.09804e-04
busy_c1_p6          =  1.61957e+00
smpl_c1_p6          =  1.01685e-04
busy_c1_p7          =  1.61958e+00
smpl_c1_p7          =  1.04378e-04
busy_c1_p8          =  1.61957e+00
smpl_c1_p8          =  1.06122e-04
busy_c1_p9          =  1.61957e+00
smpl_c1_p9          =  1.00505e-04
busy_c1_p10         =  1.61958e+00
smpl_c1_p10         =  1.13791e-04
busy_c1_p11         =  1.67318e-04
smpl_c1_p11         =  1.61989e+00
busy_c2_p0          =  1.61959e+00
smpl_c2_p0          =  1.14355e-04
busy_c2_p1          =  1.61958e+00
smpl_c2_p1          =  1.13593e-04
busy_c2_p2          =  1.61957e+00
smpl_c2_p2          =  1.01984e-04
busy_c2_p3          =  1.61959e+00
smpl_c2_p3          =  1.14933e-04
busy_c2_p4          =  1.61957e+00
smpl_c2_p4          =  1.05724e-04
busy_c2_p5          =  1.61959e+00
smpl_c2_p5          =  1.14975e-04
busy_c2_p6          =  1.61957e+00
smpl_c2_p6          =  1.03070e-04
busy_c2_p7          =  1.61958e+00
smpl_c2_p7          =  1.14824e-04
busy_c2_p8          =  1.61957e+00
smpl_c2_p8          =  1.04075e-04
busy_c2_p9          =  1.61957e+00
smpl_c2_p9          =  1.05611e-04
busy_c2_p10         =  1.61957e+00
smpl_c2_p10         =  1.07467e-04
busy_c2_p11         =  1.73011e-04
smpl_c2_p11         =  1.61991e+00
busy_c3_p0          =  1.61957e+00
smpl_c3_p0          =  1.01651e-04
busy_c3_p1          =  1.61958e+00
smpl_c3_p1          =  1.09070e-04
busy_c3_p2          =  1.61957e+00
smpl_c3_p2          =  1.03313e-04
busy_c3_p3          =  1.61957e+00
smpl_c3_p3          =  1.08624e-04
busy_c3_p4          =  1.61957e+00
smpl_c3_p4          =  1.03208e-04
busy_c3_p5          =  1.61958e+00
smpl_c3_p5          =  1.08702e-04
busy_c3_p6          =  1.61957e+00
smpl_c3_p6          =  1.06936e-04
busy_c3_p7          =  1.61958e+00
smpl_c3_p7          =  1.14923e-04
busy_c3_p8          =  1.61958e+00
smpl_c3_p8          =  1.10874e-04
busy_c3_p9          =  1.61956e+00
smpl_c3_p9          =  9.87799e-05
busy_c3_p10         =  1.61957e+00
smpl_c3_p10         =  1.08384e-04
busy_c3_p11         =  1.70488e-04
smpl_c3_p11         =  1.61991e+00
busy_c4_p0          =  1.61958e+00
smpl_c4_p0          =  1.13350e-04
busy_c4_p1          =  1.61958e+00
smpl_c4_p1          =  1.14544e-04
busy_c4_p2          =  1.61958e+00
smpl_c4_p2          =  1.14244e-04
busy_c4_p3          =  1.61957e+00
smpl_c4_p3          =  1.05510e-04
busy_c4_p4          =  1.61957e+00
smpl_c4_p4          =  1.02360e-04
busy_c4_p5          =  1.61957e+00
smpl_c4_p5          =  1.07192e-04
busy_c4_p6          =  1.61957e+00
smpl_c4_p6          =  1.02734e-04
busy_c4_p7          =  1.61958e+00
smpl_c4_p7          =  1.10695e-04
busy_c4_p8          =  1.61957e+00
smpl_c4_p8          =  1.08206e-04
busy_c4_p9          =  1.61957e+00
smpl_c4_p9          =  9.80244e-05
busy_c4_p10         =  1.61957e+00
smpl_c4_p10         =  1.04801e-04
busy_c4_p11         =  1.71494e-04
smpl_c4_p11         =  1.61988e+00
busy_c5_p0          =  1.61958e+00
smpl_c5_p0          =  1.15123e-04
busy_c5_p1          =  1.61958e+00
smpl_c5_p1          =  1.14896e-04
busy_c5_p2          =  1.61958e+00
smpl_c5_p2          =  1.13072e-04
busy_c5_p3          =  1.61958e+00
smpl_c5_p3          =  1.17027e-04
busy_c5_p4          =  1.61959e+00
smpl_c5_p4          =  1.16996e-04
busy_c5_p5          =  1.61959e+00
smpl_c5_p5          =  1.16919e-04
busy_c5_p6          =  1.61958e+00
smpl_c5_p6          =  1.10018e-04
busy_c5_p7          =  1.61957e+00
smpl_c5_p7          =  1.04432e-04
busy_c5_p8          =  1.61958e+00
smpl_c5_p8          =  1.10123e-04
busy_c5_p9          =  1.61958e+00
smpl_c5_p9          =  1.09928e-04
busy_c5_p10         =  1.61958e+00
smpl_c5_p10         =  1.08839e-04
busy_c5_p11         =  1.68152e-04
smpl_c5_p11         =  1.61991e+00
i_vdd               =  -1.85637e-06 from=  3.20000e-06 to=  4.20002e-06
i_vpwr              =  -5.56715e-06 from=  3.20000e-06 to=  4.20002e-06
i_vrefp             =  -5.85188e-06 from=  3.20000e-06 to=  4.20002e-06
i_vrefn             =  5.84124e-06 from=  3.20000e-06 to=  4.20002e-06
i_vcm               =  1.04392e-08 from=  3.20000e-06 to=  4.20002e-06
gnd_die_max         =  2.68038e-02 at=  6.11722e-06
gnd_die_min         =  -3.48884e-02 at=  6.11728e-06
vgnd_max            =  2.96947e-02 at=  6.11722e-06
vgnd_min            =  -3.43413e-02 at=  6.11728e-06
vdd_max             =  1.67708e+00 at=  6.11738e-06
vdd_min             =  1.55466e+00 at=  6.11732e-06
vpwr_max            =  1.66613e+00 at=  6.11732e-06
vpwr_min            =  1.57979e+00 at=  6.11728e-06
vdda_min            =  1.55063e+00 at=  6.11733e-06
vdda_max            =  1.69299e+00 at=  6.11738e-06
i_vgnda             =  1.95129e-06 from=  3.20000e-06 to=  4.20002e-06
i_vgnd              =  5.53112e-06 from=  3.20000e-06 to=  4.20002e-06
i_sub               =  -3.53103e-08 from=  3.20000e-06 to=  4.20002e-06


Total analysis time (seconds) = 6146.82

Total elapsed time (seconds) = 6469.013 

Total DRAM available = 98304.000 MB.
DRAM currently available = 3108.859 MB.
Maximum ngspice program size =  819.234 MB.
Current ngspice program size =   38.578 MB.

Note: Starting dynamic gmin stepping
Note: Dynamic gmin stepping completed
