
Note: Compatibility modes selected: hs a


Circuit: * sim/ground-return-impedance (issue #378) arm 'pkg-nopad-1k' -- reusing

option SCALE: Scale is set to 1e-06 for instance and model parameters
option SCALE: Scale is set to 1e-06 for instance and model parameters
option SCALE: Scale is set to 1e-06 for instance and model parameters
option SCALE: Scale is set to 1e-06 for instance and model parameters
Doing analysis at TEMP = -40.000000 and TNOM = 27.000000

Using KLU as Direct Linear Solver
 Reference value :  0.00000e+00
 Reference value :  4.14000e-09
 Reference value :  1.11400e-08
 Reference value :  1.86400e-08
 Reference value :  2.00553e-08
 Reference value :  2.01474e-08
 Reference value :  2.02785e-08
 Reference value :  2.04592e-08
 Reference value :  2.05661e-08
 Reference value :  2.06849e-08
 Reference value :  2.09430e-08
 Reference value :  2.10403e-08
 Reference value :  2.11016e-08
 Reference value :  2.12305e-08
 Reference value :  2.13574e-08
 Reference value :  2.15807e-08
 Reference value :  2.20555e-08
 Reference value :  2.32456e-08
 Reference value :  2.79652e-08
 Reference value :  3.34652e-08
 Reference value :  3.84652e-08
 Reference value :  4.39652e-08
 Reference value :  4.89652e-08
 Reference value :  5.49652e-08
 Reference value :  5.99652e-08
 Reference value :  6.49652e-08
 Reference value :  7.04652e-08
 Reference value :  7.54652e-08
 Reference value :  8.14652e-08
 Reference value :  8.64652e-08
 Reference value :  9.19652e-08
 Reference value :  9.69652e-08
 Reference value :  1.01965e-07
 Reference value :  1.07965e-07
 Reference value :  1.12965e-07
 Reference value :  1.17965e-07
 Reference value :  1.23965e-07
 Reference value :  1.28965e-07
 Reference value :  1.33965e-07
 Reference value :  1.39465e-07
 Reference value :  1.44465e-07
 Reference value :  1.49965e-07
 Reference value :  1.54965e-07
 Reference value :  1.59965e-07
 Reference value :  1.65965e-07
 Reference value :  1.70965e-07
 Reference value :  1.75965e-07
 Reference value :  1.81465e-07
 Reference value :  1.85965e-07
 Reference value :  1.91465e-07
 Reference value :  1.96465e-07
 Reference value :  1.99513e-07
 Reference value :  1.99594e-07
 Reference value :  1.99692e-07
 Reference value :  1.99907e-07
 Reference value :  2.00234e-07
 Reference value :  2.00372e-07
 Reference value :  2.00477e-07
 Reference value :  2.00578e-07
 Reference value :  2.00681e-07
 Reference value :  2.00778e-07
 Reference value :  2.00953e-07
 Reference value :  2.01194e-07
 Reference value :  2.01389e-07
 Reference value :  2.01569e-07
 Reference value :  2.01778e-07
 Reference value :  2.02051e-07
 Reference value :  2.02704e-07
 Reference value :  2.04762e-07
 Reference value :  2.09762e-07
 Reference value :  2.15262e-07
 Reference value :  2.20262e-07
 Reference value :  2.26262e-07
 Reference value :  2.31762e-07
 Reference value :  2.37262e-07
 Reference value :  2.41174e-07
 Reference value :  2.41266e-07
 Reference value :  2.41456e-07
 Reference value :  2.42038e-07
 Reference value :  2.42256e-07
 Reference value :  2.42524e-07
 Reference value :  2.42736e-07
 Reference value :  2.42971e-07
 Reference value :  2.43358e-07
 Reference value :  2.43495e-07
 Reference value :  2.43602e-07
 Reference value :  2.43759e-07
 Reference value :  2.43904e-07
 Reference value :  2.44465e-07
 Reference value :  2.44793e-07
 Reference value :  2.45160e-07
 Reference value :  2.45412e-07
 Reference value :  2.45680e-07
 Reference value :  2.46349e-07
 Reference value :  2.48861e-07
 Reference value :  2.53861e-07
 Reference value :  2.59361e-07
 Reference value :  2.64361e-07
 Reference value :  2.69861e-07
 Reference value :  2.74361e-07
 Reference value :  2.79361e-07
 Reference value :  2.82867e-07
 Reference value :  2.82943e-07
 Reference value :  2.83071e-07
 Reference value :  2.83423e-07
 Reference value :  2.83591e-07
 Reference value :  2.83683e-07
 Reference value :  2.83812e-07
 Reference value :  2.83914e-07
 Reference value :  2.84076e-07
 Reference value :  2.84273e-07
 Reference value :  2.84438e-07
 Reference value :  2.84603e-07
 Reference value :  2.84834e-07
 Reference value :  2.84973e-07
 Reference value :  2.85213e-07
 Reference value :  2.85416e-07
 Reference value :  2.85628e-07
 Reference value :  2.86119e-07
 Reference value :  2.87360e-07
 Reference value :  2.92747e-07
 Reference value :  2.97747e-07
 Reference value :  3.02747e-07
 Reference value :  3.08247e-07
 Reference value :  3.15247e-07
 Reference value :  3.20247e-07
 Reference value :  3.24505e-07
 Reference value :  3.24602e-07
 Reference value :  3.24749e-07
 Reference value :  3.25261e-07
 Reference value :  3.25479e-07
 Reference value :  3.25650e-07
 Reference value :  3.25899e-07
 Reference value :  3.26150e-07
 Reference value :  3.26373e-07
 Reference value :  3.26906e-07
 Reference value :  3.27969e-07
 Reference value :  3.29505e-07
 Reference value :  3.34439e-07
 Reference value :  3.39439e-07
 Reference value :  3.44939e-07
 Reference value :  3.49939e-07
 Reference value :  3.55439e-07
 Reference value :  3.60939e-07
 Reference value :  3.65803e-07
 Reference value :  3.66222e-07
 Reference value :  3.66331e-07
 Reference value :  3.66507e-07
 Reference value :  3.66912e-07
 Reference value :  3.67014e-07
 Reference value :  3.67142e-07
 Reference value :  3.67243e-07
 Reference value :  3.67436e-07
 Reference value :  3.67681e-07
 Reference value :  3.67901e-07
 Reference value :  3.68202e-07
 Reference value :  3.68488e-07
 Reference value :  3.69201e-07
 Reference value :  3.72798e-07
 Reference value :  3.78798e-07
 Reference value :  3.84298e-07
 Reference value :  3.89798e-07
 Reference value :  3.97298e-07
 Reference value :  4.04298e-07
 Reference value :  4.07856e-07
 Reference value :  4.07965e-07
 Reference value :  4.08205e-07
 Reference value :  4.08833e-07
 Reference value :  4.09074e-07
 Reference value :  4.09375e-07
 Reference value :  4.09736e-07
 Reference value :  4.10619e-07
 Reference value :  4.11656e-07
 Reference value :  4.12030e-07
 Reference value :  4.12746e-07
 Reference value :  4.17577e-07
 Reference value :  4.25577e-07
 Reference value :  4.33077e-07
 Reference value :  4.38577e-07
 Reference value :  4.45577e-07
 Reference value :  4.49533e-07
 Reference value :  4.49642e-07
 Reference value :  4.49873e-07
 Reference value :  4.50259e-07
 Reference value :  4.50360e-07
 Reference value :  4.50483e-07
 Reference value :  4.50602e-07
 Reference value :  4.50834e-07
 Reference value :  4.51090e-07
 Reference value :  4.51272e-07
 Reference value :  4.51573e-07
 Reference value :  4.51868e-07
 Reference value :  4.52838e-07
 Reference value :  4.58258e-07
 Reference value :  4.63258e-07
 Reference value :  4.68258e-07
 Reference value :  4.74258e-07
 Reference value :  4.79758e-07
 Reference value :  4.85758e-07
 Reference value :  4.91167e-07
 Reference value :  4.91246e-07
 Reference value :  4.91382e-07
 Reference value :  4.91591e-07
 Reference value :  4.92100e-07
 Reference value :  4.92284e-07
 Reference value :  4.92580e-07
 Reference value :  4.92861e-07
 Reference value :  4.93258e-07
 Reference value :  4.94412e-07
 Reference value :  4.94725e-07
 Reference value :  4.95334e-07
 Reference value :  4.98319e-07
 Reference value :  4.99250e-07
 Reference value :  5.01276e-07
 Reference value :  5.01772e-07
 Reference value :  5.01942e-07
 Reference value :  5.02169e-07
 Reference value :  5.02545e-07
 Reference value :  5.03211e-07
 Reference value :  5.06333e-07
 Reference value :  5.11333e-07
 Reference value :  5.16833e-07
 Reference value :  5.21833e-07
 Reference value :  5.27333e-07
 Reference value :  5.32333e-07
 Reference value :  5.32874e-07
 Reference value :  5.32995e-07
 Reference value :  5.33205e-07
 Reference value :  5.33533e-07
 Reference value :  5.33664e-07
 Reference value :  5.33803e-07
 Reference value :  5.33958e-07
 Reference value :  5.34165e-07
 Reference value :  5.34405e-07
 Reference value :  5.34584e-07
 Reference value :  5.34752e-07
 Reference value :  5.34908e-07
 Reference value :  5.35055e-07
 Reference value :  5.35321e-07
 Reference value :  5.35583e-07
 Reference value :  5.35892e-07
 Reference value :  5.36629e-07
 Reference value :  5.40200e-07
 Reference value :  5.45700e-07
 Reference value :  5.51700e-07
 Reference value :  5.56700e-07
 Reference value :  5.62700e-07
 Reference value :  5.68200e-07
 Reference value :  5.73700e-07
 Reference value :  5.74567e-07
 Reference value :  5.74644e-07
 Reference value :  5.74814e-07
 Reference value :  5.75267e-07
 Reference value :  5.75500e-07
 Reference value :  5.75658e-07
 Reference value :  5.75903e-07
 Reference value :  5.76148e-07
 Reference value :  5.76457e-07
 Reference value :  5.76959e-07
 Reference value :  5.78073e-07
 Reference value :  5.78365e-07
 Reference value :  5.78613e-07
 Reference value :  5.79248e-07
 Reference value :  5.82013e-07
 Reference value :  5.87013e-07
 Reference value :  5.91513e-07
 Reference value :  5.97013e-07
 Reference value :  6.02013e-07
 Reference value :  6.07513e-07
 Reference value :  6.08956e-07
 Reference value :  6.09649e-07
 Reference value :  6.09871e-07
 Reference value :  6.10117e-07
 Reference value :  6.10543e-07
 Reference value :  6.11371e-07
 Reference value :  6.16174e-07
 Reference value :  6.16270e-07
 Reference value :  6.16424e-07
 Reference value :  6.16646e-07
 Reference value :  6.16947e-07
 Reference value :  6.17004e-07
 Reference value :  6.17103e-07
 Reference value :  6.17216e-07
 Reference value :  6.17430e-07
 Reference value :  6.17642e-07
 Reference value :  6.17851e-07
 Reference value :  6.18001e-07
 Reference value :  6.18146e-07
 Reference value :  6.18314e-07
 Reference value :  6.18575e-07
 Reference value :  6.18827e-07
 Reference value :  6.19207e-07
 Reference value :  6.20025e-07
 Reference value :  6.26387e-07
 Reference value :  6.32887e-07
 Reference value :  6.37887e-07
 Reference value :  6.43387e-07
 Reference value :  6.48387e-07
 Reference value :  6.53387e-07
 Reference value :  6.57855e-07
 Reference value :  6.57935e-07
 Reference value :  6.58072e-07
 Reference value :  6.58343e-07
 Reference value :  6.58765e-07
 Reference value :  6.58925e-07
 Reference value :  6.59203e-07
 Reference value :  6.59463e-07
 Reference value :  6.59769e-07
 Reference value :  6.60299e-07
 Reference value :  6.61232e-07
 Reference value :  6.61609e-07
 Reference value :  6.61926e-07
 Reference value :  6.63307e-07
 Reference value :  6.67732e-07
 Reference value :  6.73232e-07
 Reference value :  6.79232e-07
 Reference value :  6.84232e-07
 Reference value :  6.89232e-07
 Reference value :  6.95232e-07
 Reference value :  6.99505e-07
 Reference value :  6.99588e-07
 Reference value :  6.99681e-07
 Reference value :  6.99901e-07
 Reference value :  7.00262e-07
 Reference value :  7.00344e-07
 Reference value :  7.00503e-07
 Reference value :  7.00623e-07
 Reference value :  7.00870e-07
 Reference value :  7.01045e-07
 Reference value :  7.01309e-07
 Reference value :  7.01619e-07
 Reference value :  7.02055e-07
 Reference value :  7.03585e-07
 Reference value :  7.09953e-07
 Reference value :  7.15953e-07
 Reference value :  7.21453e-07
 Reference value :  7.26453e-07
 Reference value :  7.32953e-07
 Reference value :  7.37953e-07
 Reference value :  7.41184e-07
 Reference value :  7.41269e-07
 Reference value :  7.41442e-07
 Reference value :  7.41895e-07
 Reference value :  7.42167e-07
 Reference value :  7.42392e-07
 Reference value :  7.42593e-07
 Reference value :  7.42825e-07
 Reference value :  7.43096e-07
 Reference value :  7.43895e-07
 Reference value :  7.44702e-07
 Reference value :  7.44975e-07
 Reference value :  7.45315e-07
 Reference value :  7.47416e-07
 Reference value :  7.52361e-07
 Reference value :  7.57361e-07
 Reference value :  7.62361e-07
 Reference value :  7.68361e-07
 Reference value :  7.73361e-07
 Reference value :  7.78361e-07
 Reference value :  7.82841e-07
 Reference value :  7.82923e-07
 Reference value :  7.83016e-07
 Reference value :  7.83241e-07
 Reference value :  7.83590e-07
 Reference value :  7.83682e-07
 Reference value :  7.83796e-07
 Reference value :  7.83954e-07
 Reference value :  7.84211e-07
 Reference value :  7.84420e-07
 Reference value :  7.84739e-07
 Reference value :  7.85071e-07
 Reference value :  7.86028e-07
 Reference value :  7.89402e-07
 Reference value :  7.94902e-07
 Reference value :  8.02402e-07
 Reference value :  8.07402e-07
 Reference value :  8.12402e-07
 Reference value :  8.17902e-07
 Reference value :  8.24201e-07
 Reference value :  8.24555e-07
 Reference value :  8.24643e-07
 Reference value :  8.24876e-07
 Reference value :  8.25343e-07
 Reference value :  8.25455e-07
 Reference value :  8.25547e-07
 Reference value :  8.25778e-07
 Reference value :  8.26037e-07
 Reference value :  8.26263e-07
 Reference value :  8.26575e-07
 Reference value :  8.27907e-07
 Reference value :  8.28307e-07
 Reference value :  8.28685e-07
 Reference value :  8.31186e-07
 Reference value :  8.36186e-07
 Reference value :  8.41686e-07
 Reference value :  8.46686e-07
 Reference value :  8.52186e-07
 Reference value :  8.57186e-07
 Reference value :  8.63686e-07
 Reference value :  8.66201e-07
 Reference value :  8.66293e-07
 Reference value :  8.66419e-07
 Reference value :  8.66738e-07
 Reference value :  8.66927e-07
 Reference value :  8.67013e-07
 Reference value :  8.67167e-07
 Reference value :  8.67341e-07
 Reference value :  8.67523e-07
 Reference value :  8.67704e-07
 Reference value :  8.67918e-07
 Reference value :  8.68293e-07
 Reference value :  8.68529e-07
 Reference value :  8.68991e-07
 Reference value :  8.70609e-07
 Reference value :  8.77109e-07
 Reference value :  8.82609e-07
 Reference value :  8.87609e-07
 Reference value :  8.92609e-07
 Reference value :  8.98609e-07
 Reference value :  9.05109e-07
 Reference value :  9.07861e-07
 Reference value :  9.07973e-07
 Reference value :  9.08310e-07
 Reference value :  9.08735e-07
 Reference value :  9.08911e-07
 Reference value :  9.09209e-07
 Reference value :  9.09593e-07
 Reference value :  9.10289e-07
 Reference value :  9.11396e-07
 Reference value :  9.11839e-07
 Reference value :  9.12679e-07
 Reference value :  9.15797e-07
 Reference value :  9.20797e-07
 Reference value :  9.27297e-07
 Reference value :  9.33297e-07
 Reference value :  9.39797e-07
 Reference value :  9.45297e-07
 Reference value :  9.46595e-07
 Reference value :  9.48035e-07
 Reference value :  9.48258e-07
 Reference value :  9.48495e-07
 Reference value :  9.48813e-07
 Reference value :  9.49305e-07
 Reference value :  9.49536e-07
 Reference value :  9.49646e-07
 Reference value :  9.49929e-07
 Reference value :  9.50245e-07
 Reference value :  9.50347e-07
 Reference value :  9.50438e-07
 Reference value :  9.50566e-07
 Reference value :  9.50789e-07
 Reference value :  9.51073e-07
 Reference value :  9.51268e-07
 Reference value :  9.51447e-07
 Reference value :  9.51641e-07
 Reference value :  9.51878e-07
 Reference value :  9.52098e-07
 Reference value :  9.52459e-07
 Reference value :  9.53069e-07
 Reference value :  9.56813e-07
 Reference value :  9.62313e-07
 Reference value :  9.67813e-07
 Reference value :  9.73313e-07
 Reference value :  9.78813e-07
 Reference value :  9.84813e-07
 Reference value :  9.90313e-07
 Reference value :  9.91234e-07
 Reference value :  9.91400e-07
 Reference value :  9.91660e-07
 Reference value :  9.92074e-07
 Reference value :  9.92156e-07
 Reference value :  9.92364e-07
 Reference value :  9.92557e-07
 Reference value :  9.92797e-07
 Reference value :  9.93096e-07
 Reference value :  9.93994e-07
 Reference value :  9.94782e-07
 Reference value :  9.95067e-07
 Reference value :  9.95752e-07
 Reference value :  1.00033e-06
 Reference value :  1.00533e-06
 Reference value :  1.01183e-06
 Reference value :  1.01883e-06
 Reference value :  1.02383e-06
 Reference value :  1.02883e-06
 Reference value :  1.03183e-06
 Reference value :  1.03286e-06
 Reference value :  1.03294e-06
 Reference value :  1.03308e-06
 Reference value :  1.03333e-06
 Reference value :  1.03359e-06
 Reference value :  1.03370e-06
 Reference value :  1.03381e-06
 Reference value :  1.03398e-06
 Reference value :  1.03428e-06
 Reference value :  1.03442e-06
 Reference value :  1.03465e-06
 Reference value :  1.03489e-06
 Reference value :  1.03524e-06
 Reference value :  1.03555e-06
 Reference value :  1.03627e-06
 Reference value :  1.03985e-06
 Reference value :  1.04535e-06
 Reference value :  1.05085e-06
 Reference value :  1.05635e-06
 Reference value :  1.06235e-06
 Reference value :  1.06785e-06
 Reference value :  1.07335e-06
 Reference value :  1.07455e-06
 Reference value :  1.07465e-06
 Reference value :  1.07485e-06
 Reference value :  1.07541e-06
 Reference value :  1.07554e-06
 Reference value :  1.07574e-06
 Reference value :  1.07599e-06
 Reference value :  1.07622e-06
 Reference value :  1.07662e-06
 Reference value :  1.07785e-06
 Reference value :  1.07812e-06
 Reference value :  1.07834e-06
 Reference value :  1.07891e-06
 Reference value :  1.08303e-06
 Reference value :  1.08903e-06
 Reference value :  1.09453e-06
 Reference value :  1.10053e-06
 Reference value :  1.10753e-06
 Reference value :  1.11353e-06
 Reference value :  1.11620e-06
 Reference value :  1.11632e-06
 Reference value :  1.11653e-06
 Reference value :  1.11675e-06
 Reference value :  1.11698e-06
 Reference value :  1.11704e-06
 Reference value :  1.11717e-06
 Reference value :  1.11725e-06
 Reference value :  1.11737e-06
 Reference value :  1.11748e-06
 Reference value :  1.11760e-06
 Reference value :  1.11772e-06
 Reference value :  1.11784e-06
 Reference value :  1.11800e-06
 Reference value :  1.11814e-06
 Reference value :  1.11827e-06
 Reference value :  1.11847e-06
 Reference value :  1.11875e-06
 Reference value :  1.11950e-06
 Reference value :  1.12264e-06
 Reference value :  1.12764e-06
 Reference value :  1.13264e-06
 Reference value :  1.13914e-06
 Reference value :  1.14414e-06
 Reference value :  1.14964e-06
 Reference value :  1.15564e-06
 Reference value :  1.15787e-06
 Reference value :  1.15798e-06
 Reference value :  1.15818e-06
 Reference value :  1.15855e-06
 Reference value :  1.15874e-06
 Reference value :  1.15886e-06
 Reference value :  1.15906e-06
 Reference value :  1.15932e-06
 Reference value :  1.15957e-06
 Reference value :  1.16004e-06
 Reference value :  1.16056e-06
 Reference value :  1.16085e-06
 Reference value :  1.16099e-06
 Reference value :  1.16119e-06
 Reference value :  1.16152e-06
 Reference value :  1.16488e-06
 Reference value :  1.17038e-06
 Reference value :  1.17538e-06
 Reference value :  1.18038e-06
 Reference value :  1.18638e-06
 Reference value :  1.19238e-06
 Reference value :  1.19738e-06
 Reference value :  1.19953e-06
 Reference value :  1.19962e-06
 Reference value :  1.19974e-06
 Reference value :  1.20007e-06
 Reference value :  1.20032e-06
 Reference value :  1.20042e-06
 Reference value :  1.20056e-06
 Reference value :  1.20064e-06
 Reference value :  1.20075e-06
 Reference value :  1.20098e-06
 Reference value :  1.20108e-06
 Reference value :  1.20119e-06
 Reference value :  1.20150e-06
 Reference value :  1.20178e-06
 Reference value :  1.20206e-06
 Reference value :  1.20251e-06
 Reference value :  1.20461e-06
 Reference value :  1.20961e-06
 Reference value :  1.21511e-06
 Reference value :  1.22061e-06
 Reference value :  1.22711e-06
 Reference value :  1.23311e-06
 Reference value :  1.23911e-06
 Reference value :  1.24121e-06
 Reference value :  1.24130e-06
 Reference value :  1.24151e-06
 Reference value :  1.24207e-06
 Reference value :  1.24217e-06
 Reference value :  1.24244e-06
 Reference value :  1.24282e-06
 Reference value :  1.24332e-06
 Reference value :  1.24401e-06
 Reference value :  1.24415e-06
 Reference value :  1.24443e-06
 Reference value :  1.24497e-06
 Reference value :  1.24897e-06
 Reference value :  1.25447e-06
 Reference value :  1.26147e-06
 Reference value :  1.26747e-06
 Reference value :  1.27347e-06
 Reference value :  1.27947e-06
 Reference value :  1.28287e-06
 Reference value :  1.28298e-06
 Reference value :  1.28316e-06
 Reference value :  1.28360e-06
 Reference value :  1.28370e-06
 Reference value :  1.28386e-06
 Reference value :  1.28398e-06
 Reference value :  1.28417e-06
 Reference value :  1.28435e-06
 Reference value :  1.28451e-06
 Reference value :  1.28473e-06
 Reference value :  1.28489e-06
 Reference value :  1.28505e-06
 Reference value :  1.28527e-06
 Reference value :  1.28551e-06
 Reference value :  1.28584e-06
 Reference value :  1.28643e-06
 Reference value :  1.28929e-06
 Reference value :  1.29429e-06
 Reference value :  1.29929e-06
 Reference value :  1.30429e-06
 Reference value :  1.30929e-06
 Reference value :  1.31429e-06
 Reference value :  1.31979e-06
 Reference value :  1.32450e-06
 Reference value :  1.32456e-06
 Reference value :  1.32464e-06
 Reference value :  1.32484e-06
 Reference value :  1.32533e-06
 Reference value :  1.32545e-06
 Reference value :  1.32553e-06
 Reference value :  1.32576e-06
 Reference value :  1.32602e-06
 Reference value :  1.32631e-06
 Reference value :  1.32680e-06
 Reference value :  1.32793e-06
 Reference value :  1.32825e-06
 Reference value :  1.32849e-06
 Reference value :  1.32931e-06
 Reference value :  1.33362e-06
 Reference value :  1.33862e-06
 Reference value :  1.34105e-06
 Reference value :  1.34235e-06
 Reference value :  1.34260e-06
 Reference value :  1.34283e-06
 Reference value :  1.34316e-06
 Reference value :  1.34480e-06
 Reference value :  1.34998e-06
 Reference value :  1.35548e-06
 Reference value :  1.36098e-06
 Reference value :  1.36617e-06
 Reference value :  1.36623e-06
 Reference value :  1.36635e-06
 Reference value :  1.36663e-06
 Reference value :  1.36697e-06
 Reference value :  1.36717e-06
 Reference value :  1.36743e-06
 Reference value :  1.36765e-06
 Reference value :  1.36783e-06
 Reference value :  1.36808e-06
 Reference value :  1.36826e-06
 Reference value :  1.36846e-06
 Reference value :  1.36870e-06
 Reference value :  1.36902e-06
 Reference value :  1.36941e-06
 Reference value :  1.37058e-06
 Reference value :  1.37604e-06
 Reference value :  1.38154e-06
 Reference value :  1.38754e-06
 Reference value :  1.39304e-06
 Reference value :  1.39854e-06
 Reference value :  1.40354e-06
 Reference value :  1.40784e-06
 Reference value :  1.40793e-06
 Reference value :  1.40804e-06
 Reference value :  1.40829e-06
 Reference value :  1.40872e-06
 Reference value :  1.40891e-06
 Reference value :  1.40917e-06
 Reference value :  1.40943e-06
 Reference value :  1.40970e-06
 Reference value :  1.41040e-06
 Reference value :  1.41157e-06
 Reference value :  1.41315e-06
 Reference value :  1.41721e-06
 Reference value :  1.42271e-06
 Reference value :  1.42821e-06
 Reference value :  1.43371e-06
 Reference value :  1.43971e-06
 Reference value :  1.44471e-06
 Reference value :  1.44951e-06
 Reference value :  1.44959e-06
 Reference value :  1.44971e-06
 Reference value :  1.44992e-06
 Reference value :  1.45023e-06
 Reference value :  1.45034e-06
 Reference value :  1.45050e-06
 Reference value :  1.45064e-06
 Reference value :  1.45091e-06
 Reference value :  1.45117e-06
 Reference value :  1.45170e-06
 Reference value :  1.45262e-06
 Reference value :  1.45660e-06
 Reference value :  1.46310e-06
 Reference value :  1.47010e-06
 Reference value :  1.47560e-06
 Reference value :  1.48110e-06
 Reference value :  1.48710e-06
 Reference value :  1.49119e-06
 Reference value :  1.49130e-06
 Reference value :  1.49158e-06
 Reference value :  1.49210e-06
 Reference value :  1.49230e-06
 Reference value :  1.49258e-06
 Reference value :  1.49296e-06
 Reference value :  1.49354e-06
 Reference value :  1.49474e-06
 Reference value :  1.49513e-06
 Reference value :  1.49581e-06
 Reference value :  1.50120e-06
 Reference value :  1.50720e-06
 Reference value :  1.51320e-06
 Reference value :  1.51870e-06
 Reference value :  1.52420e-06
 Reference value :  1.52970e-06
 Reference value :  1.53286e-06
 Reference value :  1.53294e-06
 Reference value :  1.53307e-06
 Reference value :  1.53333e-06
 Reference value :  1.53357e-06
 Reference value :  1.53368e-06
 Reference value :  1.53385e-06
 Reference value :  1.53406e-06
 Reference value :  1.53436e-06
 Reference value :  1.53463e-06
 Reference value :  1.53489e-06
 Reference value :  1.53535e-06
 Reference value :  1.53660e-06
 Reference value :  1.54217e-06
 Reference value :  1.54717e-06
 Reference value :  1.55217e-06
 Reference value :  1.55767e-06
 Reference value :  1.56317e-06
 Reference value :  1.56867e-06
 Reference value :  1.57408e-06
 Reference value :  1.57457e-06
 Reference value :  1.57467e-06
 Reference value :  1.57488e-06
 Reference value :  1.57540e-06
 Reference value :  1.57550e-06
 Reference value :  1.57577e-06
 Reference value :  1.57607e-06
 Reference value :  1.57640e-06
 Reference value :  1.57763e-06
 Reference value :  1.57834e-06
 Reference value :  1.57896e-06
 Reference value :  1.58253e-06
 Reference value :  1.59003e-06
 Reference value :  1.59703e-06
 Reference value :  1.60453e-06
 Reference value :  1.61203e-06
 Reference value :  1.61620e-06
 Reference value :  1.61635e-06
 Reference value :  1.61666e-06
 Reference value :  1.61692e-06
 Reference value :  1.61700e-06
 Reference value :  1.61710e-06
 Reference value :  1.61721e-06
 Reference value :  1.61728e-06
 Reference value :  1.61746e-06
 Reference value :  1.61773e-06
 Reference value :  1.61810e-06
 Reference value :  1.61860e-06
 Reference value :  1.61979e-06
 Reference value :  1.62690e-06
 Reference value :  1.63290e-06
 Reference value :  1.63890e-06
 Reference value :  1.64540e-06
 Reference value :  1.65190e-06
 Reference value :  1.65737e-06
 Reference value :  1.65793e-06
 Reference value :  1.65807e-06
 Reference value :  1.65834e-06
 Reference value :  1.65877e-06
 Reference value :  1.65895e-06
 Reference value :  1.65920e-06
 Reference value :  1.65944e-06
 Reference value :  1.65974e-06
 Reference value :  1.66038e-06
 Reference value :  1.66122e-06
 Reference value :  1.66151e-06
 Reference value :  1.66182e-06
 Reference value :  1.66333e-06
 Reference value :  1.66780e-06
 Reference value :  1.67330e-06
 Reference value :  1.67980e-06
 Reference value :  1.68480e-06
 Reference value :  1.68830e-06
 Reference value :  1.68974e-06
 Reference value :  1.69034e-06
 Reference value :  1.69051e-06
 Reference value :  1.69095e-06
 Reference value :  1.69157e-06
 Reference value :  1.69410e-06
 Reference value :  1.69950e-06
 Reference value :  1.69959e-06
 Reference value :  1.69970e-06
 Reference value :  1.69997e-06
 Reference value :  1.70030e-06
 Reference value :  1.70034e-06
 Reference value :  1.70040e-06
 Reference value :  1.70055e-06
 Reference value :  1.70100e-06
 Reference value :  1.70121e-06
 Reference value :  1.70136e-06
 Reference value :  1.70158e-06
 Reference value :  1.70176e-06
 Reference value :  1.70199e-06
 Reference value :  1.70230e-06
 Reference value :  1.70270e-06
 Reference value :  1.70381e-06
 Reference value :  1.70869e-06
 Reference value :  1.71419e-06
 Reference value :  1.72069e-06
 Reference value :  1.72619e-06
 Reference value :  1.73219e-06
 Reference value :  1.73769e-06
 Reference value :  1.74121e-06
 Reference value :  1.74130e-06
 Reference value :  1.74146e-06
 Reference value :  1.74179e-06
 Reference value :  1.74217e-06
 Reference value :  1.74239e-06
 Reference value :  1.74268e-06
 Reference value :  1.74295e-06
 Reference value :  1.74331e-06
 Reference value :  1.74433e-06
 Reference value :  1.74483e-06
 Reference value :  1.74513e-06
 Reference value :  1.74584e-06
 Reference value :  1.74907e-06
 Reference value :  1.75457e-06
 Reference value :  1.75957e-06
 Reference value :  1.76507e-06
 Reference value :  1.77057e-06
 Reference value :  1.77657e-06
 Reference value :  1.78207e-06
 Reference value :  1.78288e-06
 Reference value :  1.78297e-06
 Reference value :  1.78313e-06
 Reference value :  1.78340e-06
 Reference value :  1.78359e-06
 Reference value :  1.78367e-06
 Reference value :  1.78380e-06
 Reference value :  1.78388e-06
 Reference value :  1.78401e-06
 Reference value :  1.78428e-06
 Reference value :  1.78452e-06
 Reference value :  1.78482e-06
 Reference value :  1.78513e-06
 Reference value :  1.78606e-06
 Reference value :  1.79038e-06
 Reference value :  1.79638e-06
 Reference value :  1.80188e-06
 Reference value :  1.80738e-06
 Reference value :  1.81288e-06
 Reference value :  1.81838e-06
 Reference value :  1.82388e-06
 Reference value :  1.82456e-06
 Reference value :  1.82464e-06
 Reference value :  1.82484e-06
 Reference value :  1.82538e-06
 Reference value :  1.82551e-06
 Reference value :  1.82576e-06
 Reference value :  1.82604e-06
 Reference value :  1.82629e-06
 Reference value :  1.82672e-06
 Reference value :  1.82762e-06
 Reference value :  1.82819e-06
 Reference value :  1.82853e-06
 Reference value :  1.82940e-06
 Reference value :  1.83317e-06
 Reference value :  1.83917e-06
 Reference value :  1.84517e-06
 Reference value :  1.85067e-06
 Reference value :  1.85617e-06
 Reference value :  1.86217e-06
 Reference value :  1.86417e-06
 Reference value :  1.86569e-06
 Reference value :  1.86617e-06
 Reference value :  1.86623e-06
 Reference value :  1.86633e-06
 Reference value :  1.86654e-06
 Reference value :  1.86687e-06
 Reference value :  1.86700e-06
 Reference value :  1.86717e-06
 Reference value :  1.86731e-06
 Reference value :  1.86749e-06
 Reference value :  1.86769e-06
 Reference value :  1.86784e-06
 Reference value :  1.86803e-06
 Reference value :  1.86819e-06
 Reference value :  1.86841e-06
 Reference value :  1.86866e-06
 Reference value :  1.86897e-06
 Reference value :  1.86960e-06
 Reference value :  1.87298e-06
 Reference value :  1.87848e-06
 Reference value :  1.88398e-06
 Reference value :  1.88948e-06
 Reference value :  1.89498e-06
 Reference value :  1.89998e-06
 Reference value :  1.90548e-06
 Reference value :  1.90787e-06
 Reference value :  1.90797e-06
 Reference value :  1.90815e-06
 Reference value :  1.90858e-06
 Reference value :  1.90883e-06
 Reference value :  1.90900e-06
 Reference value :  1.90920e-06
 Reference value :  1.90946e-06
 Reference value :  1.90976e-06
 Reference value :  1.91036e-06
 Reference value :  1.91127e-06
 Reference value :  1.91156e-06
 Reference value :  1.91191e-06
 Reference value :  1.91331e-06
 Reference value :  1.91862e-06
 Reference value :  1.92362e-06
 Reference value :  1.92962e-06
 Reference value :  1.93612e-06
 Reference value :  1.94412e-06
 Reference value :  1.94951e-06
 Reference value :  1.94960e-06
 Reference value :  1.94972e-06
 Reference value :  1.94995e-06
 Reference value :  1.95016e-06
 Reference value :  1.95031e-06
 Reference value :  1.95037e-06
 Reference value :  1.95050e-06
 Reference value :  1.95059e-06
 Reference value :  1.95077e-06
 Reference value :  1.95096e-06
 Reference value :  1.95120e-06
 Reference value :  1.95140e-06
 Reference value :  1.95170e-06
 Reference value :  1.95226e-06
 Reference value :  1.95436e-06
 Reference value :  1.95986e-06
 Reference value :  1.96536e-06
 Reference value :  1.97136e-06
 Reference value :  1.97636e-06
 Reference value :  1.98186e-06
 Reference value :  1.98686e-06
 Reference value :  1.99117e-06
 Reference value :  1.99126e-06
 Reference value :  1.99140e-06
 Reference value :  1.99166e-06
 Reference value :  1.99207e-06
 Reference value :  1.99217e-06
 Reference value :  1.99237e-06
 Reference value :  1.99261e-06
 Reference value :  1.99283e-06
 Reference value :  1.99305e-06
 Reference value :  1.99393e-06
 Reference value :  1.99474e-06
 Reference value :  1.99503e-06
 Reference value :  1.99534e-06
 Reference value :  1.99723e-06
 Reference value :  2.00272e-06
 Reference value :  2.00822e-06
 Reference value :  2.01372e-06
 Reference value :  2.01972e-06
 Reference value :  2.02472e-06
 Reference value :  2.03022e-06
 Reference value :  2.03287e-06
 Reference value :  2.03297e-06
 Reference value :  2.03313e-06
 Reference value :  2.03335e-06
 Reference value :  2.03360e-06
 Reference value :  2.03370e-06
 Reference value :  2.03383e-06
 Reference value :  2.03395e-06
 Reference value :  2.03417e-06
 Reference value :  2.03441e-06
 Reference value :  2.03463e-06
 Reference value :  2.03489e-06
 Reference value :  2.03514e-06
 Reference value :  2.03543e-06
 Reference value :  2.03599e-06
 Reference value :  2.03938e-06
 Reference value :  2.04538e-06
 Reference value :  2.05088e-06
 Reference value :  2.05688e-06
 Reference value :  2.06238e-06
 Reference value :  2.06788e-06
 Reference value :  2.07338e-06
 Reference value :  2.07455e-06
 Reference value :  2.07463e-06
 Reference value :  2.07484e-06
 Reference value :  2.07543e-06
 Reference value :  2.07561e-06
 Reference value :  2.07586e-06
 Reference value :  2.07610e-06
 Reference value :  2.07635e-06
 Reference value :  2.07707e-06
 Reference value :  2.07799e-06
 Reference value :  2.07857e-06
 Reference value :  2.08492e-06
 Reference value :  2.09592e-06
 Reference value :  2.10492e-06
 Reference value :  2.11342e-06
 Reference value :  2.11620e-06
 Reference value :  2.11637e-06
 Reference value :  2.11676e-06
 Reference value :  2.11697e-06
 Reference value :  2.11716e-06
 Reference value :  2.11727e-06
 Reference value :  2.11750e-06
 Reference value :  2.11769e-06
 Reference value :  2.11787e-06
 Reference value :  2.11811e-06
 Reference value :  2.11825e-06
 Reference value :  2.11843e-06
 Reference value :  2.11861e-06
 Reference value :  2.11882e-06
 Reference value :  2.11923e-06
 Reference value :  2.12429e-06
 Reference value :  2.13329e-06
 Reference value :  2.14179e-06
 Reference value :  2.14929e-06
 Reference value :  2.15679e-06
 Reference value :  2.15790e-06
 Reference value :  2.15807e-06
 Reference value :  2.15869e-06
 Reference value :  2.15908e-06
 Reference value :  2.15944e-06
 Reference value :  2.15997e-06
 Reference value :  2.16019e-06
 Reference value :  2.16048e-06
 Reference value :  2.16104e-06
 Reference value :  2.16154e-06
 Reference value :  2.16223e-06
 Reference value :  2.16625e-06
 Reference value :  2.17375e-06
 Reference value :  2.18125e-06
 Reference value :  2.18875e-06
 Reference value :  2.19725e-06
 Reference value :  2.19958e-06
 Reference value :  2.19979e-06
 Reference value :  2.20024e-06
 Reference value :  2.20040e-06
 Reference value :  2.20058e-06
 Reference value :  2.20074e-06
 Reference value :  2.20101e-06
 Reference value :  2.20114e-06
 Reference value :  2.20145e-06
 Reference value :  2.20183e-06
 Reference value :  2.20235e-06
 Reference value :  2.20783e-06
 Reference value :  2.21633e-06
 Reference value :  2.22533e-06
 Reference value :  2.23383e-06
 Reference value :  2.24117e-06
 Reference value :  2.24130e-06
 Reference value :  2.24163e-06
 Reference value :  2.24217e-06
 Reference value :  2.24248e-06
 Reference value :  2.24280e-06
 Reference value :  2.24336e-06
 Reference value :  2.24358e-06
 Reference value :  2.24414e-06
 Reference value :  2.24489e-06
 Reference value :  2.24636e-06
 Reference value :  2.25328e-06
 Reference value :  2.26128e-06
 Reference value :  2.26928e-06
 Reference value :  2.27778e-06
 Reference value :  2.28289e-06
 Reference value :  2.28309e-06
 Reference value :  2.28360e-06
 Reference value :  2.28370e-06
 Reference value :  2.28389e-06
 Reference value :  2.28424e-06
 Reference value :  2.28445e-06
 Reference value :  2.28471e-06
 Reference value :  2.28486e-06
 Reference value :  2.28520e-06
 Reference value :  2.28559e-06
 Reference value :  2.28609e-06
 Reference value :  2.29049e-06
 Reference value :  2.29849e-06
 Reference value :  2.30599e-06
 Reference value :  2.31349e-06
 Reference value :  2.32149e-06
 Reference value :  2.32456e-06
 Reference value :  2.32473e-06
 Reference value :  2.32544e-06
 Reference value :  2.32585e-06
 Reference value :  2.32628e-06
 Reference value :  2.32754e-06
 Reference value :  2.32814e-06
 Reference value :  2.32861e-06
 Reference value :  2.33276e-06
 Reference value :  2.34226e-06
 Reference value :  2.35026e-06
 Reference value :  2.35425e-06
 Reference value :  2.35975e-06
 Reference value :  2.36525e-06
 Reference value :  2.36622e-06
 Reference value :  2.36635e-06
 Reference value :  2.36661e-06
 Reference value :  2.36696e-06
 Reference value :  2.36701e-06
 Reference value :  2.36714e-06
 Reference value :  2.36727e-06
 Reference value :  2.36744e-06
 Reference value :  2.36768e-06
 Reference value :  2.36796e-06
 Reference value :  2.36826e-06
 Reference value :  2.36859e-06
 Reference value :  2.36921e-06
 Reference value :  2.37232e-06
 Reference value :  2.37782e-06
 Reference value :  2.38332e-06
 Reference value :  2.38832e-06
 Reference value :  2.39382e-06
 Reference value :  2.39932e-06
 Reference value :  2.40482e-06
 Reference value :  2.40786e-06
 Reference value :  2.40792e-06
 Reference value :  2.40804e-06
 Reference value :  2.40829e-06
 Reference value :  2.40883e-06
 Reference value :  2.40908e-06
 Reference value :  2.40932e-06
 Reference value :  2.40953e-06
 Reference value :  2.40992e-06
 Reference value :  2.41120e-06
 Reference value :  2.41167e-06
 Reference value :  2.41206e-06
 Reference value :  2.41520e-06
 Reference value :  2.42220e-06
 Reference value :  2.42870e-06
 Reference value :  2.43370e-06
 Reference value :  2.43520e-06
 Reference value :  2.43663e-06
 Reference value :  2.43716e-06
 Reference value :  2.43735e-06
 Reference value :  2.43758e-06
 Reference value :  2.43801e-06
 Reference value :  2.43910e-06
 Reference value :  2.44450e-06
 Reference value :  2.44950e-06
 Reference value :  2.44956e-06
 Reference value :  2.44965e-06
 Reference value :  2.44987e-06
 Reference value :  2.45020e-06
 Reference value :  2.45025e-06
 Reference value :  2.45041e-06
 Reference value :  2.45055e-06
 Reference value :  2.45080e-06
 Reference value :  2.45109e-06
 Reference value :  2.45135e-06
 Reference value :  2.45149e-06
 Reference value :  2.45177e-06
 Reference value :  2.45204e-06
 Reference value :  2.45227e-06
 Reference value :  2.45270e-06
 Reference value :  2.45381e-06
 Reference value :  2.45927e-06
 Reference value :  2.46477e-06
 Reference value :  2.47027e-06
 Reference value :  2.47577e-06
 Reference value :  2.48127e-06
 Reference value :  2.48677e-06
 Reference value :  2.49117e-06
 Reference value :  2.49127e-06
 Reference value :  2.49143e-06
 Reference value :  2.49179e-06
 Reference value :  2.49217e-06
 Reference value :  2.49235e-06
 Reference value :  2.49263e-06
 Reference value :  2.49289e-06
 Reference value :  2.49319e-06
 Reference value :  2.49388e-06
 Reference value :  2.49477e-06
 Reference value :  2.49500e-06
 Reference value :  2.49538e-06
 Reference value :  2.49687e-06
 Reference value :  2.50172e-06
 Reference value :  2.51072e-06
 Reference value :  2.51622e-06
 Reference value :  2.52072e-06
 Reference value :  2.52622e-06
 Reference value :  2.53172e-06
 Reference value :  2.53289e-06
 Reference value :  2.53300e-06
 Reference value :  2.53321e-06
 Reference value :  2.53356e-06
 Reference value :  2.53367e-06
 Reference value :  2.53383e-06
 Reference value :  2.53399e-06
 Reference value :  2.53423e-06
 Reference value :  2.53441e-06
 Reference value :  2.53462e-06
 Reference value :  2.53487e-06
 Reference value :  2.53512e-06
 Reference value :  2.53550e-06
 Reference value :  2.53692e-06
 Reference value :  2.54282e-06
 Reference value :  2.54782e-06
 Reference value :  2.55382e-06
 Reference value :  2.55932e-06
 Reference value :  2.56532e-06
 Reference value :  2.57082e-06
 Reference value :  2.57452e-06
 Reference value :  2.57461e-06
 Reference value :  2.57478e-06
 Reference value :  2.57516e-06
 Reference value :  2.57552e-06
 Reference value :  2.57577e-06
 Reference value :  2.57605e-06
 Reference value :  2.57631e-06
 Reference value :  2.57674e-06
 Reference value :  2.57782e-06
 Reference value :  2.57828e-06
 Reference value :  2.57870e-06
 Reference value :  2.58017e-06
 Reference value :  2.58586e-06
 Reference value :  2.59386e-06
 Reference value :  2.59986e-06
 Reference value :  2.60386e-06
 Reference value :  2.60986e-06
 Reference value :  2.61486e-06
 Reference value :  2.61623e-06
 Reference value :  2.61632e-06
 Reference value :  2.61652e-06
 Reference value :  2.61691e-06
 Reference value :  2.61703e-06
 Reference value :  2.61715e-06
 Reference value :  2.61726e-06
 Reference value :  2.61745e-06
 Reference value :  2.61766e-06
 Reference value :  2.61789e-06
 Reference value :  2.61817e-06
 Reference value :  2.61839e-06
 Reference value :  2.61874e-06
 Reference value :  2.61946e-06
 Reference value :  2.62382e-06
 Reference value :  2.62982e-06
 Reference value :  2.63532e-06
 Reference value :  2.64082e-06
 Reference value :  2.64632e-06
 Reference value :  2.65182e-06
 Reference value :  2.65682e-06
 Reference value :  2.65788e-06
 Reference value :  2.65797e-06
 Reference value :  2.65825e-06
 Reference value :  2.65876e-06
 Reference value :  2.65895e-06
 Reference value :  2.65925e-06
 Reference value :  2.65960e-06
 Reference value :  2.66022e-06
 Reference value :  2.66158e-06
 Reference value :  2.66198e-06
 Reference value :  2.66367e-06
 Reference value :  2.67003e-06
 Reference value :  2.67753e-06
 Reference value :  2.68253e-06
 Reference value :  2.68603e-06
 Reference value :  2.69353e-06
 Reference value :  2.69953e-06
 Reference value :  2.69969e-06
 Reference value :  2.69995e-06
 Reference value :  2.70024e-06
 Reference value :  2.70036e-06
 Reference value :  2.70050e-06
 Reference value :  2.70063e-06
 Reference value :  2.70090e-06
 Reference value :  2.70110e-06
 Reference value :  2.70144e-06
 Reference value :  2.70186e-06
 Reference value :  2.70238e-06
 Reference value :  2.70517e-06
 Reference value :  2.71117e-06
 Reference value :  2.71667e-06
 Reference value :  2.72217e-06
 Reference value :  2.72767e-06
 Reference value :  2.73367e-06
 Reference value :  2.73917e-06
 Reference value :  2.74122e-06
 Reference value :  2.74137e-06
 Reference value :  2.74173e-06
 Reference value :  2.74214e-06
 Reference value :  2.74229e-06
 Reference value :  2.74253e-06
 Reference value :  2.74278e-06
 Reference value :  2.74304e-06
 Reference value :  2.74358e-06
 Reference value :  2.74484e-06
 Reference value :  2.74521e-06
 Reference value :  2.74578e-06
 Reference value :  2.74831e-06
 Reference value :  2.75628e-06
 Reference value :  2.76378e-06
 Reference value :  2.76770e-06
 Reference value :  2.77306e-06
 Reference value :  2.77906e-06
 Reference value :  2.78284e-06
 Reference value :  2.78293e-06
 Reference value :  2.78308e-06
 Reference value :  2.78349e-06
 Reference value :  2.78366e-06
 Reference value :  2.78379e-06
 Reference value :  2.78394e-06
 Reference value :  2.78423e-06
 Reference value :  2.78451e-06
 Reference value :  2.78485e-06
 Reference value :  2.78521e-06
 Reference value :  2.78629e-06
 Reference value :  2.79140e-06
 Reference value :  2.79840e-06
 Reference value :  2.80540e-06
 Reference value :  2.81090e-06
 Reference value :  2.81740e-06
 Reference value :  2.82455e-06
 Reference value :  2.82481e-06
 Reference value :  2.82536e-06
 Reference value :  2.82551e-06
 Reference value :  2.82569e-06
 Reference value :  2.82596e-06
 Reference value :  2.82623e-06
 Reference value :  2.82677e-06
 Reference value :  2.82861e-06
 Reference value :  2.82916e-06
 Reference value :  2.83058e-06
 Reference value :  2.83559e-06
 Reference value :  2.84159e-06
 Reference value :  2.84709e-06
 Reference value :  2.85109e-06
 Reference value :  2.85488e-06
 Reference value :  2.86027e-06
 Reference value :  2.86572e-06
 Reference value :  2.86624e-06
 Reference value :  2.86635e-06
 Reference value :  2.86661e-06
 Reference value :  2.86690e-06
 Reference value :  2.86701e-06
 Reference value :  2.86712e-06
 Reference value :  2.86724e-06
 Reference value :  2.86739e-06
 Reference value :  2.86761e-06
 Reference value :  2.86781e-06
 Reference value :  2.86810e-06
 Reference value :  2.86836e-06
 Reference value :  2.86868e-06
 Reference value :  2.86924e-06
 Reference value :  2.87237e-06
 Reference value :  2.87787e-06
 Reference value :  2.88387e-06
 Reference value :  2.88987e-06
 Reference value :  2.89537e-06
 Reference value :  2.90087e-06
 Reference value :  2.90637e-06
 Reference value :  2.90789e-06
 Reference value :  2.90798e-06
 Reference value :  2.90831e-06
 Reference value :  2.90876e-06
 Reference value :  2.90896e-06
 Reference value :  2.90921e-06
 Reference value :  2.90943e-06
 Reference value :  2.90970e-06
 Reference value :  2.91019e-06
 Reference value :  2.91116e-06
 Reference value :  2.91156e-06
 Reference value :  2.91211e-06
 Reference value :  2.91479e-06
 Reference value :  2.92176e-06
 Reference value :  2.92976e-06
 Reference value :  2.93476e-06
 Reference value :  2.93871e-06
 Reference value :  2.94364e-06
 Reference value :  2.94907e-06
 Reference value :  2.94957e-06
 Reference value :  2.94967e-06
 Reference value :  2.94988e-06
 Reference value :  2.95018e-06
 Reference value :  2.95027e-06
 Reference value :  2.95037e-06
 Reference value :  2.95053e-06
 Reference value :  2.95062e-06
 Reference value :  2.95089e-06
 Reference value :  2.95105e-06
 Reference value :  2.95134e-06
 Reference value :  2.95160e-06
 Reference value :  2.95188e-06
 Reference value :  2.95270e-06
 Reference value :  2.95630e-06
 Reference value :  2.96180e-06
 Reference value :  2.96730e-06
 Reference value :  2.97230e-06
 Reference value :  2.97780e-06
 Reference value :  2.98330e-06
 Reference value :  2.98930e-06
 Reference value :  2.99122e-06
 Reference value :  2.99132e-06
 Reference value :  2.99154e-06
 Reference value :  2.99205e-06
 Reference value :  2.99228e-06
 Reference value :  2.99253e-06
 Reference value :  2.99274e-06
 Reference value :  2.99300e-06
 Reference value :  2.99355e-06
 Reference value :  2.99498e-06
 Reference value :  2.99534e-06
 Reference value :  2.99581e-06
 Reference value :  2.99877e-06
 Reference value :  3.00527e-06
 Reference value :  3.01127e-06
 Reference value :  3.01677e-06
 Reference value :  3.02027e-06
 Reference value :  3.02319e-06
 Reference value :  3.02733e-06
 Reference value :  3.03284e-06
 Reference value :  3.03290e-06
 Reference value :  3.03301e-06
 Reference value :  3.03323e-06
 Reference value :  3.03353e-06
 Reference value :  3.03364e-06
 Reference value :  3.03371e-06
 Reference value :  3.03383e-06
 Reference value :  3.03402e-06
 Reference value :  3.03422e-06
 Reference value :  3.03437e-06
 Reference value :  3.03458e-06
 Reference value :  3.03490e-06
 Reference value :  3.03513e-06
 Reference value :  3.03567e-06
 Reference value :  3.03765e-06
 Reference value :  3.04315e-06
 Reference value :  3.04915e-06
 Reference value :  3.05515e-06
 Reference value :  3.06065e-06
 Reference value :  3.06615e-06
 Reference value :  3.07215e-06
 Reference value :  3.07454e-06
 Reference value :  3.07463e-06
 Reference value :  3.07478e-06
 Reference value :  3.07521e-06
 Reference value :  3.07545e-06
 Reference value :  3.07552e-06
 Reference value :  3.07575e-06
 Reference value :  3.07601e-06
 Reference value :  3.07627e-06
 Reference value :  3.07679e-06
 Reference value :  3.07809e-06
 Reference value :  3.07853e-06
 Reference value :  3.07907e-06
 Reference value :  3.08147e-06
 Reference value :  3.08846e-06
 Reference value :  3.09596e-06
 Reference value :  3.10096e-06
 Reference value :  3.10359e-06
 Reference value :  3.10811e-06
 Reference value :  3.11361e-06
 Reference value :  3.11620e-06
 Reference value :  3.11631e-06
 Reference value :  3.11652e-06
 Reference value :  3.11685e-06
 Reference value :  3.11696e-06
 Reference value :  3.11704e-06
 Reference value :  3.11721e-06
 Reference value :  3.11732e-06
 Reference value :  3.11751e-06
 Reference value :  3.11766e-06
 Reference value :  3.11778e-06
 Reference value :  3.11794e-06
 Reference value :  3.11816e-06
 Reference value :  3.11826e-06
 Reference value :  3.11837e-06
 Reference value :  3.11849e-06
 Reference value :  3.11863e-06
 Reference value :  3.11880e-06
 Reference value :  3.11922e-06
 Reference value :  3.12164e-06
 Reference value :  3.12714e-06
 Reference value :  3.13264e-06
 Reference value :  3.13814e-06
 Reference value :  3.14364e-06
 Reference value :  3.14914e-06
 Reference value :  3.15414e-06
 Reference value :  3.15785e-06
 Reference value :  3.15793e-06
 Reference value :  3.15807e-06
 Reference value :  3.15835e-06
 Reference value :  3.15884e-06
 Reference value :  3.15911e-06
 Reference value :  3.15938e-06
 Reference value :  3.15970e-06
 Reference value :  3.16005e-06
 Reference value :  3.16031e-06
 Reference value :  3.16045e-06
 Reference value :  3.16063e-06
 Reference value :  3.16093e-06
 Reference value :  3.16217e-06
 Reference value :  3.16261e-06
 Reference value :  3.16340e-06
 Reference value :  3.16392e-06
 Reference value :  3.16432e-06
 Reference value :  3.16460e-06
 Reference value :  3.16494e-06
 Reference value :  3.16536e-06
 Reference value :  3.16645e-06
 Reference value :  3.17162e-06
 Reference value :  3.17712e-06
 Reference value :  3.18262e-06
 Reference value :  3.18862e-06
 Reference value :  3.19412e-06
 Reference value :  3.19950e-06
 Reference value :  3.19958e-06
 Reference value :  3.19967e-06
 Reference value :  3.19989e-06
 Reference value :  3.20025e-06
 Reference value :  3.20038e-06
 Reference value :  3.20050e-06
 Reference value :  3.20059e-06
 Reference value :  3.20070e-06
 Reference value :  3.20085e-06
 Reference value :  3.20104e-06
 Reference value :  3.20114e-06
 Reference value :  3.20136e-06
 Reference value :  3.20159e-06
 Reference value :  3.20188e-06
 Reference value :  3.20221e-06
 Reference value :  3.20299e-06
 Reference value :  3.20674e-06
 Reference value :  3.21224e-06
 Reference value :  3.21774e-06
 Reference value :  3.22324e-06
 Reference value :  3.22874e-06
 Reference value :  3.23424e-06
 Reference value :  3.23974e-06
 Reference value :  3.24124e-06
 Reference value :  3.24135e-06
 Reference value :  3.24155e-06
 Reference value :  3.24204e-06
 Reference value :  3.24228e-06
 Reference value :  3.24255e-06
 Reference value :  3.24277e-06
 Reference value :  3.24303e-06
 Reference value :  3.24341e-06
 Reference value :  3.24369e-06
 Reference value :  3.24392e-06
 Reference value :  3.24444e-06
 Reference value :  3.24628e-06
 Reference value :  3.24706e-06
 Reference value :  3.24758e-06
 Reference value :  3.24799e-06
 Reference value :  3.24898e-06
 Reference value :  3.24951e-06
 Reference value :  3.24973e-06
 Reference value :  3.25027e-06
 Reference value :  3.25180e-06
 Reference value :  3.25655e-06
 Reference value :  3.26205e-06
 Reference value :  3.26755e-06
 Reference value :  3.27305e-06
 Reference value :  3.27805e-06
 Reference value :  3.28284e-06
 Reference value :  3.28294e-06
 Reference value :  3.28307e-06
 Reference value :  3.28342e-06
 Reference value :  3.28364e-06
 Reference value :  3.28369e-06
 Reference value :  3.28380e-06
 Reference value :  3.28391e-06
 Reference value :  3.28405e-06
 Reference value :  3.28430e-06
 Reference value :  3.28446e-06
 Reference value :  3.28465e-06
 Reference value :  3.28479e-06
 Reference value :  3.28497e-06
 Reference value :  3.28521e-06
 Reference value :  3.28544e-06
 Reference value :  3.28577e-06
 Reference value :  3.28675e-06
 Reference value :  3.29240e-06
 Reference value :  3.29790e-06
 Reference value :  3.30340e-06
 Reference value :  3.30940e-06
 Reference value :  3.31540e-06
 Reference value :  3.32140e-06
 Reference value :  3.32452e-06
 Reference value :  3.32460e-06
 Reference value :  3.32475e-06
 Reference value :  3.32504e-06
 Reference value :  3.32550e-06
 Reference value :  3.32574e-06
 Reference value :  3.32598e-06
 Reference value :  3.32625e-06
 Reference value :  3.32661e-06
 Reference value :  3.32711e-06
 Reference value :  3.32735e-06
 Reference value :  3.32763e-06
 Reference value :  3.32837e-06
 Reference value :  3.32908e-06
 Reference value :  3.32985e-06
 Reference value :  3.33125e-06
 Reference value :  3.33540e-06
 Reference value :  3.34090e-06
 Reference value :  3.34640e-06
 Reference value :  3.35340e-06
 Reference value :  3.35940e-06
 Reference value :  3.36440e-06
 Reference value :  3.36621e-06
 Reference value :  3.36633e-06
 Reference value :  3.36655e-06
 Reference value :  3.36692e-06
 Reference value :  3.36702e-06
 Reference value :  3.36717e-06
 Reference value :  3.36728e-06
 Reference value :  3.36748e-06
 Reference value :  3.36765e-06
 Reference value :  3.36774e-06
 Reference value :  3.36794e-06
 Reference value :  3.36819e-06
 Reference value :  3.36858e-06
 Reference value :  3.36912e-06
 Reference value :  3.37209e-06
 Reference value :  3.37759e-06
 Reference value :  3.38359e-06
 Reference value :  3.38959e-06
 Reference value :  3.39509e-06
 Reference value :  3.40009e-06
 Reference value :  3.40559e-06
 Reference value :  3.40786e-06
 Reference value :  3.40796e-06
 Reference value :  3.40810e-06
 Reference value :  3.40835e-06
 Reference value :  3.40881e-06
 Reference value :  3.40895e-06
 Reference value :  3.40920e-06
 Reference value :  3.40945e-06
 Reference value :  3.40967e-06
 Reference value :  3.41017e-06
 Reference value :  3.41053e-06
 Reference value :  3.41075e-06
 Reference value :  3.41124e-06
 Reference value :  3.41217e-06
 Reference value :  3.41260e-06
 Reference value :  3.41384e-06
 Reference value :  3.41768e-06
 Reference value :  3.42318e-06
 Reference value :  3.42868e-06
 Reference value :  3.43418e-06
 Reference value :  3.43968e-06
 Reference value :  3.44518e-06
 Reference value :  3.44951e-06
 Reference value :  3.44961e-06
 Reference value :  3.44976e-06
 Reference value :  3.45018e-06
 Reference value :  3.45034e-06
 Reference value :  3.45050e-06
 Reference value :  3.45061e-06
 Reference value :  3.45091e-06
 Reference value :  3.45102e-06
 Reference value :  3.45124e-06
 Reference value :  3.45146e-06
 Reference value :  3.45184e-06
 Reference value :  3.45246e-06
 Reference value :  3.45550e-06
 Reference value :  3.46150e-06
 Reference value :  3.46800e-06
 Reference value :  3.47350e-06
 Reference value :  3.48000e-06
 Reference value :  3.48550e-06
 Reference value :  3.49117e-06
 Reference value :  3.49127e-06
 Reference value :  3.49142e-06
 Reference value :  3.49203e-06
 Reference value :  3.49225e-06
 Reference value :  3.49252e-06
 Reference value :  3.49276e-06
 Reference value :  3.49303e-06
 Reference value :  3.49351e-06
 Reference value :  3.49391e-06
 Reference value :  3.49415e-06
 Reference value :  3.49477e-06
 Reference value :  3.49566e-06
 Reference value :  3.49651e-06
 Reference value :  3.49890e-06
 Reference value :  3.50379e-06
 Reference value :  3.50929e-06
 Reference value :  3.51579e-06
 Reference value :  3.52229e-06
 Reference value :  3.52779e-06
 Reference value :  3.53283e-06
 Reference value :  3.53289e-06
 Reference value :  3.53301e-06
 Reference value :  3.53327e-06
 Reference value :  3.53359e-06
 Reference value :  3.53368e-06
 Reference value :  3.53384e-06
 Reference value :  3.53397e-06
 Reference value :  3.53420e-06
 Reference value :  3.53433e-06
 Reference value :  3.53449e-06
 Reference value :  3.53470e-06
 Reference value :  3.53492e-06
 Reference value :  3.53532e-06
 Reference value :  3.53609e-06
 Reference value :  3.54053e-06
 Reference value :  3.54603e-06
 Reference value :  3.55203e-06
 Reference value :  3.55803e-06
 Reference value :  3.56403e-06
 Reference value :  3.57003e-06
 Reference value :  3.57452e-06
 Reference value :  3.57460e-06
 Reference value :  3.57476e-06
 Reference value :  3.57513e-06
 Reference value :  3.57550e-06
 Reference value :  3.57572e-06
 Reference value :  3.57591e-06
 Reference value :  3.57613e-06
 Reference value :  3.57651e-06
 Reference value :  3.57685e-06
 Reference value :  3.57718e-06
 Reference value :  3.57739e-06
 Reference value :  3.57788e-06
 Reference value :  3.57881e-06
 Reference value :  3.57958e-06
 Reference value :  3.58137e-06
 Reference value :  3.58926e-06
 Reference value :  3.59676e-06
 Reference value :  3.60226e-06
 Reference value :  3.60776e-06
 Reference value :  3.61426e-06
 Reference value :  3.61622e-06
 Reference value :  3.61631e-06
 Reference value :  3.61652e-06
 Reference value :  3.61696e-06
 Reference value :  3.61701e-06
 Reference value :  3.61712e-06
 Reference value :  3.61729e-06
 Reference value :  3.61757e-06
 Reference value :  3.61777e-06
 Reference value :  3.61808e-06
 Reference value :  3.61839e-06
 Reference value :  3.61878e-06
 Reference value :  3.62000e-06
 Reference value :  3.62520e-06
 Reference value :  3.63070e-06
 Reference value :  3.63620e-06
 Reference value :  3.64170e-06
 Reference value :  3.64720e-06
 Reference value :  3.65320e-06
 Reference value :  3.65786e-06
 Reference value :  3.65798e-06
 Reference value :  3.65829e-06
 Reference value :  3.65878e-06
 Reference value :  3.65893e-06
 Reference value :  3.65930e-06
 Reference value :  3.65962e-06
 Reference value :  3.66030e-06
 Reference value :  3.66066e-06
 Reference value :  3.66155e-06
 Reference value :  3.66246e-06
 Reference value :  3.66394e-06
 Reference value :  3.66860e-06
 Reference value :  3.67610e-06
 Reference value :  3.68410e-06
 Reference value :  3.69110e-06
 Reference value :  3.69710e-06
 Reference value :  3.69953e-06
 Reference value :  3.69961e-06
 Reference value :  3.69974e-06
 Reference value :  3.70017e-06
 Reference value :  3.70033e-06
 Reference value :  3.70045e-06
 Reference value :  3.70055e-06
 Reference value :  3.70072e-06
 Reference value :  3.70089e-06
 Reference value :  3.70108e-06
 Reference value :  3.70131e-06
 Reference value :  3.70155e-06
 Reference value :  3.70190e-06
 Reference value :  3.70243e-06
 Reference value :  3.70537e-06
 Reference value :  3.71087e-06
 Reference value :  3.71637e-06
 Reference value :  3.72187e-06
 Reference value :  3.72737e-06
 Reference value :  3.73287e-06
 Reference value :  3.73837e-06
 Reference value :  3.74120e-06
 Reference value :  3.74129e-06
 Reference value :  3.74140e-06
 Reference value :  3.74162e-06
 Reference value :  3.74214e-06
 Reference value :  3.74230e-06
 Reference value :  3.74254e-06
 Reference value :  3.74279e-06
 Reference value :  3.74301e-06
 Reference value :  3.74343e-06
 Reference value :  3.74378e-06
 Reference value :  3.74401e-06
 Reference value :  3.74491e-06
 Reference value :  3.74556e-06
 Reference value :  3.74608e-06
 Reference value :  3.74702e-06
 Reference value :  3.74797e-06
 Reference value :  3.75147e-06
 Reference value :  3.75641e-06
 Reference value :  3.76191e-06
 Reference value :  3.76741e-06
 Reference value :  3.77391e-06
 Reference value :  3.77941e-06
 Reference value :  3.78287e-06
 Reference value :  3.78295e-06
 Reference value :  3.78307e-06
 Reference value :  3.78341e-06
 Reference value :  3.78366e-06
 Reference value :  3.78375e-06
 Reference value :  3.78385e-06
 Reference value :  3.78398e-06
 Reference value :  3.78420e-06
 Reference value :  3.78433e-06
 Reference value :  3.78445e-06
 Reference value :  3.78473e-06
 Reference value :  3.78514e-06
 Reference value :  3.78565e-06
 Reference value :  3.78754e-06
 Reference value :  3.79304e-06
 Reference value :  3.79854e-06
 Reference value :  3.80404e-06
 Reference value :  3.80954e-06
 Reference value :  3.81504e-06
 Reference value :  3.82054e-06
 Reference value :  3.82452e-06
 Reference value :  3.82460e-06
 Reference value :  3.82474e-06
 Reference value :  3.82513e-06
 Reference value :  3.82550e-06
 Reference value :  3.82573e-06
 Reference value :  3.82593e-06
 Reference value :  3.82615e-06
 Reference value :  3.82641e-06
 Reference value :  3.82686e-06
 Reference value :  3.82709e-06
 Reference value :  3.82728e-06
 Reference value :  3.82798e-06
 Reference value :  3.82859e-06
 Reference value :  3.82932e-06
 Reference value :  3.82980e-06
 Reference value :  3.83044e-06
 Reference value :  3.83150e-06
 Reference value :  3.83610e-06
 Reference value :  3.84160e-06
 Reference value :  3.84710e-06
 Reference value :  3.85260e-06
 Reference value :  3.85910e-06
 Reference value :  3.86460e-06
 Reference value :  3.86620e-06
 Reference value :  3.86628e-06
 Reference value :  3.86642e-06
 Reference value :  3.86664e-06
 Reference value :  3.86692e-06
 Reference value :  3.86704e-06
 Reference value :  3.86720e-06
 Reference value :  3.86730e-06
 Reference value :  3.86751e-06
 Reference value :  3.86765e-06
 Reference value :  3.86774e-06
 Reference value :  3.86795e-06
 Reference value :  3.86815e-06
 Reference value :  3.86843e-06
 Reference value :  3.86877e-06
 Reference value :  3.86966e-06
 Reference value :  3.87451e-06
 Reference value :  3.88001e-06
 Reference value :  3.88501e-06
 Reference value :  3.89051e-06
 Reference value :  3.89601e-06
 Reference value :  3.90151e-06
 Reference value :  3.90651e-06
 Reference value :  3.90789e-06
 Reference value :  3.90796e-06
 Reference value :  3.90812e-06
 Reference value :  3.90851e-06
 Reference value :  3.90881e-06
 Reference value :  3.90896e-06
 Reference value :  3.90921e-06
 Reference value :  3.90946e-06
 Reference value :  3.90967e-06
 Reference value :  3.91009e-06
 Reference value :  3.91036e-06
 Reference value :  3.91057e-06
 Reference value :  3.91088e-06
 Reference value :  3.91176e-06
 Reference value :  3.91267e-06
 Reference value :  3.91332e-06
 Reference value :  3.91363e-06
 Reference value :  3.91491e-06
 Reference value :  3.91906e-06
 Reference value :  3.92456e-06
 Reference value :  3.93056e-06
 Reference value :  3.93656e-06
 Reference value :  3.94206e-06
 Reference value :  3.94756e-06
 Reference value :  3.94955e-06
 Reference value :  3.94964e-06
 Reference value :  3.94985e-06
 Reference value :  3.95013e-06
 Reference value :  3.95030e-06
 Reference value :  3.95037e-06
 Reference value :  3.95050e-06
 Reference value :  3.95060e-06
 Reference value :  3.95082e-06
 Reference value :  3.95097e-06
 Reference value :  3.95103e-06
 Reference value :  3.95124e-06
 Reference value :  3.95150e-06
 Reference value :  3.95178e-06
 Reference value :  3.95214e-06
 Reference value :  3.95307e-06
 Reference value :  3.95753e-06
 Reference value :  3.96303e-06
 Reference value :  3.96853e-06
 Reference value :  3.97403e-06
 Reference value :  3.97953e-06
 Reference value :  3.98553e-06
 Reference value :  3.99117e-06
 Reference value :  3.99129e-06
 Reference value :  3.99145e-06
 Reference value :  3.99190e-06
 Reference value :  3.99213e-06
 Reference value :  3.99225e-06
 Reference value :  3.99250e-06
 Reference value :  3.99280e-06
 Reference value :  3.99301e-06
 Reference value :  3.99344e-06
 Reference value :  3.99370e-06
 Reference value :  3.99386e-06
 Reference value :  3.99427e-06
 Reference value :  3.99543e-06
 Reference value :  3.99630e-06
 Reference value :  3.99664e-06
 Reference value :  3.99705e-06
 Reference value :  3.99816e-06
 Reference value :  4.00197e-06
 Reference value :  4.00747e-06
 Reference value :  4.01297e-06
 Reference value :  4.01847e-06
 Reference value :  4.02397e-06
 Reference value :  4.02997e-06
 Reference value :  4.03287e-06
 Reference value :  4.03295e-06
 Reference value :  4.03309e-06
 Reference value :  4.03352e-06
 Reference value :  4.03368e-06
 Reference value :  4.03382e-06
 Reference value :  4.03395e-06
 Reference value :  4.03418e-06
 Reference value :  4.03441e-06
 Reference value :  4.03463e-06
 Reference value :  4.03486e-06
 Reference value :  4.03514e-06
 Reference value :  4.03549e-06
 Reference value :  4.03618e-06
 Reference value :  4.03987e-06
 Reference value :  4.04537e-06
 Reference value :  4.05087e-06
 Reference value :  4.05637e-06
 Reference value :  4.06187e-06
 Reference value :  4.06737e-06
 Reference value :  4.07387e-06
 Reference value :  4.07456e-06
 Reference value :  4.07466e-06
 Reference value :  4.07484e-06
 Reference value :  4.07539e-06
 Reference value :  4.07550e-06
 Reference value :  4.07570e-06
 Reference value :  4.07594e-06
 Reference value :  4.07625e-06
 Reference value :  4.07665e-06
 Reference value :  4.07698e-06
 Reference value :  4.07724e-06
 Reference value :  4.07789e-06
 Reference value :  4.07953e-06
 Reference value :  4.08027e-06
 Reference value :  4.08055e-06
 Reference value :  4.08083e-06
 Reference value :  4.08149e-06
 Reference value :  4.08479e-06
 Reference value :  4.09029e-06
 Reference value :  4.09579e-06
 Reference value :  4.10179e-06
 Reference value :  4.10729e-06
 Reference value :  4.11279e-06
 Reference value :  4.11620e-06
 Reference value :  4.11630e-06
 Reference value :  4.11642e-06
 Reference value :  4.11685e-06
 Reference value :  4.11709e-06
 Reference value :  4.11725e-06
 Reference value :  4.11748e-06
 Reference value :  4.11761e-06
 Reference value :  4.11773e-06
 Reference value :  4.11785e-06
 Reference value :  4.11799e-06
 Reference value :  4.11821e-06
 Reference value :  4.11833e-06
 Reference value :  4.11847e-06
 Reference value :  4.11861e-06
 Reference value :  4.11877e-06
 Reference value :  4.11915e-06
 Reference value :  4.12083e-06
 Reference value :  4.12617e-06
 Reference value :  4.13217e-06
 Reference value :  4.13767e-06
 Reference value :  4.14367e-06
 Reference value :  4.14917e-06
 Reference value :  4.15517e-06
 Reference value :  4.15787e-06
 Reference value :  4.15797e-06
 Reference value :  4.15812e-06
 Reference value :  4.15840e-06
 Reference value :  4.15883e-06
 Reference value :  4.15905e-06
 Reference value :  4.15932e-06
 Reference value :  4.15962e-06
 Reference value :  4.15999e-06
 Reference value :  4.16024e-06
 Reference value :  4.16050e-06
 Reference value :  4.16085e-06
 Reference value :  4.16136e-06
 Reference value :  4.16168e-06
 Reference value :  4.16220e-06
 Reference value :  4.16404e-06
 Reference value :  4.16904e-06
 Reference value :  4.17454e-06
 Reference value :  4.18004e-06
 Reference value :  4.18554e-06
 Reference value :  4.19104e-06
 Reference value :  4.19654e-06
 Reference value :  4.19954e-06
 Reference value :  4.19962e-06
 Reference value :  4.19977e-06
 Reference value :  4.20018e-06
 Reference value :  4.20035e-06
 Reference value :  4.20050e-06
 Reference value :  4.20059e-06
 Reference value :  4.20069e-06
 Reference value :  4.20084e-06
 Reference value :  4.20104e-06
 Reference value :  4.20119e-06
 Reference value :  4.20142e-06
 Reference value :  4.20165e-06
 Reference value :  4.20204e-06
 Reference value :  4.20282e-06
 Reference value :  4.20651e-06
 Reference value :  4.21251e-06
 Reference value :  4.21851e-06
 Reference value :  4.22451e-06
 Reference value :  4.23001e-06
 Reference value :  4.23551e-06
 Reference value :  4.24117e-06
 Reference value :  4.24125e-06
 Reference value :  4.24136e-06
 Reference value :  4.24164e-06
 Reference value :  4.24210e-06
 Reference value :  4.24229e-06
 Reference value :  4.24267e-06
 Reference value :  4.24298e-06
 Reference value :  4.24357e-06
 Reference value :  4.24402e-06
 Reference value :  4.24442e-06
 Reference value :  4.24487e-06
 Reference value :  4.24520e-06
 Reference value :  4.24629e-06
 Reference value :  4.25142e-06
 Reference value :  4.25692e-06
 Reference value :  4.26292e-06
 Reference value :  4.26892e-06
 Reference value :  4.27442e-06
 Reference value :  4.28092e-06
 Reference value :  4.28289e-06
 Reference value :  4.28299e-06
 Reference value :  4.28319e-06
 Reference value :  4.28360e-06
 Reference value :  4.28369e-06
 Reference value :  4.28383e-06
 Reference value :  4.28399e-06
 Reference value :  4.28421e-06
 Reference value :  4.28430e-06
 Reference value :  4.28440e-06
 Reference value :  4.28460e-06
 Reference value :  4.28480e-06
 Reference value :  4.28503e-06
 Reference value :  4.28531e-06
 Reference value :  4.28575e-06
 Reference value :  4.28710e-06
 Reference value :  4.29684e-06
 Reference value :  4.30384e-06
 Reference value :  4.31084e-06
 Reference value :  4.31734e-06
 Reference value :  4.32334e-06
 Reference value :  4.32458e-06
 Reference value :  4.32470e-06
 Reference value :  4.32497e-06
 Reference value :  4.32550e-06
 Reference value :  4.32573e-06
 Reference value :  4.32601e-06
 Reference value :  4.32631e-06
 Reference value :  4.32720e-06
 Reference value :  4.32814e-06
 Reference value :  4.32839e-06
 Reference value :  4.32882e-06
 Reference value :  4.33106e-06
 Reference value :  4.33706e-06
 Reference value :  4.34306e-06
 Reference value :  4.34856e-06
 Reference value :  4.35306e-06
 Reference value :  4.35419e-06
 Reference value :  4.35514e-06
 Reference value :  4.35535e-06
 Reference value :  4.35566e-06
 Reference value :  4.35666e-06
 Reference value :  4.36137e-06
 Reference value :  4.36620e-06
 Reference value :  4.36633e-06
 Reference value :  4.36666e-06
 Reference value :  4.36691e-06
 Reference value :  4.36701e-06
 Reference value :  4.36717e-06
 Reference value :  4.36726e-06
 Reference value :  4.36750e-06
 Reference value :  4.36776e-06
 Reference value :  4.36801e-06
 Reference value :  4.36828e-06
 Reference value :  4.36864e-06
 Reference value :  4.36913e-06
 Reference value :  4.37062e-06
 Reference value :  4.37692e-06
 Reference value :  4.38342e-06
 Reference value :  4.38992e-06
 Reference value :  4.39642e-06
 Reference value :  4.40292e-06
 Reference value :  4.40785e-06
 Reference value :  4.40794e-06
 Reference value :  4.40812e-06
 Reference value :  4.40867e-06
 Reference value :  4.40883e-06
 Reference value :  4.40902e-06
 Reference value :  4.40926e-06
 Reference value :  4.40957e-06
 Reference value :  4.41013e-06
 Reference value :  4.41228e-06
 Reference value :  4.41270e-06
 Reference value :  4.41367e-06
 Reference value :  4.41918e-06
 Reference value :  4.42618e-06
 Reference value :  4.43260e-06
 Reference value :  4.43546e-06
 Reference value :  4.43642e-06
 Reference value :  4.44022e-06
 Reference value :  4.44622e-06
 Reference value :  4.44953e-06
 Reference value :  4.44963e-06
 Reference value :  4.44979e-06
 Reference value :  4.45012e-06
 Reference value :  4.45033e-06
 Reference value :  4.45047e-06
 Reference value :  4.45067e-06
 Reference value :  4.45093e-06
 Reference value :  4.45111e-06
 Reference value :  4.45138e-06
 Reference value :  4.45172e-06
 Reference value :  4.45213e-06
 Reference value :  4.45308e-06
 Reference value :  4.45902e-06
 Reference value :  4.46502e-06
 Reference value :  4.47102e-06
 Reference value :  4.47702e-06
 Reference value :  4.48302e-06
 Reference value :  4.48902e-06
 Reference value :  4.49120e-06
 Reference value :  4.49131e-06
 Reference value :  4.49151e-06
 Reference value :  4.49205e-06
 Reference value :  4.49225e-06
 Reference value :  4.49251e-06
 Reference value :  4.49280e-06
 Reference value :  4.49315e-06
 Reference value :  4.49447e-06
 Reference value :  4.49485e-06
 Reference value :  4.49518e-06
 Reference value :  4.49695e-06
 Reference value :  4.50295e-06
 Reference value :  4.50945e-06
 Reference value :  4.51545e-06
 Reference value :  4.51944e-06
 Reference value :  4.52022e-06
 Reference value :  4.52118e-06
 Reference value :  4.52144e-06
 Reference value :  4.52175e-06
 Reference value :  4.52226e-06
 Reference value :  4.52454e-06
 Reference value :  4.53104e-06
 Reference value :  4.53291e-06
 Reference value :  4.53302e-06
 Reference value :  4.53325e-06
 Reference value :  4.53358e-06
 Reference value :  4.53369e-06
 Reference value :  4.53386e-06
 Reference value :  4.53398e-06
 Reference value :  4.53426e-06
 Reference value :  4.53445e-06
 Reference value :  4.53457e-06
 Reference value :  4.53475e-06
 Reference value :  4.53493e-06
 Reference value :  4.53521e-06
 Reference value :  4.53551e-06
 Reference value :  4.53620e-06
 Reference value :  4.54020e-06
 Reference value :  4.54620e-06
 Reference value :  4.55270e-06
 Reference value :  4.55920e-06
 Reference value :  4.56470e-06
 Reference value :  4.57070e-06
 Reference value :  4.57453e-06
 Reference value :  4.57463e-06
 Reference value :  4.57484e-06
 Reference value :  4.57538e-06
 Reference value :  4.57562e-06
 Reference value :  4.57589e-06
 Reference value :  4.57617e-06
 Reference value :  4.57662e-06
 Reference value :  4.57786e-06
 Reference value :  4.57837e-06
 Reference value :  4.57905e-06
 Reference value :  4.58388e-06
 Reference value :  4.59138e-06
 Reference value :  4.59888e-06
 Reference value :  4.60288e-06
 Reference value :  4.60436e-06
 Reference value :  4.60500e-06
 Reference value :  4.60524e-06
 Reference value :  4.60548e-06
 Reference value :  4.60646e-06
 Reference value :  4.61207e-06
 Reference value :  4.61618e-06
 Reference value :  4.61628e-06
 Reference value :  4.61646e-06
 Reference value :  4.61676e-06
 Reference value :  4.61693e-06
 Reference value :  4.61701e-06
 Reference value :  4.61717e-06
 Reference value :  4.61725e-06
 Reference value :  4.61744e-06
 Reference value :  4.61768e-06
 Reference value :  4.61779e-06
 Reference value :  4.61792e-06
 Reference value :  4.61809e-06
 Reference value :  4.61833e-06
 Reference value :  4.61864e-06
 Reference value :  4.61905e-06
 Reference value :  4.62103e-06
 Reference value :  4.62751e-06
 Reference value :  4.63401e-06
 Reference value :  4.64151e-06
 Reference value :  4.65001e-06
 Reference value :  4.65742e-06
 Reference value :  4.65794e-06
 Reference value :  4.65817e-06
 Reference value :  4.65884e-06
 Reference value :  4.65914e-06
 Reference value :  4.65948e-06
 Reference value :  4.65995e-06
 Reference value :  4.66123e-06
 Reference value :  4.66180e-06
 Reference value :  4.66334e-06
 Reference value :  4.67052e-06
 Reference value :  4.67902e-06
 Reference value :  4.68500e-06
 Reference value :  4.68578e-06
 Reference value :  4.68681e-06
 Reference value :  4.68717e-06
 Reference value :  4.68745e-06
 Reference value :  4.68797e-06
 Reference value :  4.69064e-06
 Reference value :  4.69664e-06
 Reference value :  4.69953e-06
 Reference value :  4.69963e-06
 Reference value :  4.69982e-06
 Reference value :  4.70024e-06
 Reference value :  4.70034e-06
 Reference value :  4.70047e-06
 Reference value :  4.70058e-06
 Reference value :  4.70079e-06
 Reference value :  4.70100e-06
 Reference value :  4.70115e-06
 Reference value :  4.70134e-06
 Reference value :  4.70153e-06
 Reference value :  4.70177e-06
 Reference value :  4.70204e-06
 Reference value :  4.70247e-06
 Reference value :  4.70496e-06
 Reference value :  4.71096e-06
 Reference value :  4.71696e-06
 Reference value :  4.72346e-06
 Reference value :  4.72946e-06
 Reference value :  4.73546e-06
 Reference value :  4.74117e-06
 Reference value :  4.74126e-06
 Reference value :  4.74139e-06
 Reference value :  4.74177e-06
 Reference value :  4.74215e-06
 Reference value :  4.74228e-06
 Reference value :  4.74255e-06
 Reference value :  4.74284e-06
 Reference value :  4.74312e-06
 Reference value :  4.74417e-06
 Reference value :  4.74509e-06
 Reference value :  4.74548e-06
 Reference value :  4.74650e-06
 Reference value :  4.75107e-06
 Reference value :  4.75807e-06
 Reference value :  4.76457e-06
 Reference value :  4.76755e-06
 Reference value :  4.76832e-06
 Reference value :  4.76975e-06
 Reference value :  4.77004e-06
 Reference value :  4.77032e-06
 Reference value :  4.77096e-06
 Reference value :  4.77414e-06
 Reference value :  4.78014e-06
 Reference value :  4.78287e-06
 Reference value :  4.78297e-06
 Reference value :  4.78321e-06
 Reference value :  4.78354e-06
 Reference value :  4.78366e-06
 Reference value :  4.78384e-06
 Reference value :  4.78394e-06
 Reference value :  4.78418e-06
 Reference value :  4.78439e-06
 Reference value :  4.78455e-06
 Reference value :  4.78469e-06
 Reference value :  4.78494e-06
 Reference value :  4.78519e-06
 Reference value :  4.78554e-06
 Reference value :  4.78648e-06
 Reference value :  4.79222e-06
 Reference value :  4.79822e-06
 Reference value :  4.80472e-06
 Reference value :  4.81122e-06
 Reference value :  4.81722e-06
 Reference value :  4.82322e-06
 Reference value :  4.82457e-06
 Reference value :  4.82469e-06
 Reference value :  4.82495e-06
 Reference value :  4.82543e-06
 Reference value :  4.82559e-06
 Reference value :  4.82584e-06
 Reference value :  4.82614e-06
 Reference value :  4.82644e-06
 Reference value :  4.82750e-06
 Reference value :  4.82893e-06
 Reference value :  4.82942e-06
 Reference value :  4.83076e-06
 Reference value :  4.83606e-06
 Reference value :  4.84306e-06
 Reference value :  4.85106e-06
 Reference value :  4.85249e-06
 Reference value :  4.85372e-06
 Reference value :  4.85401e-06
 Reference value :  4.85438e-06
 Reference value :  4.85525e-06
 Reference value :  4.86057e-06
 Reference value :  4.86617e-06
 Reference value :  4.86627e-06
 Reference value :  4.86646e-06
 Reference value :  4.86681e-06
 Reference value :  4.86700e-06
 Reference value :  4.86717e-06
 Reference value :  4.86734e-06
 Reference value :  4.86772e-06
 Reference value :  4.86794e-06
 Reference value :  4.86824e-06
 Reference value :  4.86856e-06
 Reference value :  4.86890e-06
 Reference value :  4.86974e-06
 Reference value :  4.87524e-06
 Reference value :  4.88174e-06
 Reference value :  4.88874e-06
 Reference value :  4.89524e-06
 Reference value :  4.90224e-06
 Reference value :  4.90784e-06
 Reference value :  4.90793e-06
 Reference value :  4.90811e-06
 Reference value :  4.90855e-06
 Reference value :  4.90878e-06
 Reference value :  4.90893e-06
 Reference value :  4.90926e-06
 Reference value :  4.90960e-06
 Reference value :  4.91097e-06
 Reference value :  4.91190e-06
 Reference value :  4.91229e-06
 Reference value :  4.91367e-06
 Reference value :  4.92000e-06
 Reference value :  4.92800e-06
 Reference value :  4.93600e-06
 Reference value :  4.93729e-06
 Reference value :  4.93875e-06
 Reference value :  4.93899e-06
 Reference value :  4.93936e-06
 Reference value :  4.94061e-06
 Reference value :  4.94632e-06
 Reference value :  4.94953e-06
 Reference value :  4.94966e-06
 Reference value :  4.94995e-06
 Reference value :  4.95022e-06
 Reference value :  4.95033e-06
 Reference value :  4.95048e-06
 Reference value :  4.95061e-06
 Reference value :  4.95084e-06
 Reference value :  4.95101e-06
 Reference value :  4.95123e-06
 Reference value :  4.95139e-06
 Reference value :  4.95161e-06
 Reference value :  4.95185e-06
 Reference value :  4.95221e-06
 Reference value :  4.95300e-06
 Reference value :  4.95864e-06
 Reference value :  4.96564e-06
 Reference value :  4.97314e-06
 Reference value :  4.98014e-06
 Reference value :  4.98664e-06
 Reference value :  4.99119e-06
 Reference value :  4.99128e-06
 Reference value :  4.99151e-06
 Reference value :  4.99199e-06
 Reference value :  4.99215e-06
 Reference value :  4.99241e-06
 Reference value :  4.99276e-06
 Reference value :  4.99308e-06
 Reference value :  4.99581e-06
 Reference value :  4.99693e-06
 Reference value :  4.99737e-06
 Reference value :  4.99912e-06
 Reference value :  5.00696e-06
 Reference value :  5.01396e-06
 Reference value :  5.01821e-06
 Reference value :  5.02055e-06
 Reference value :  5.02410e-06
 Reference value :  5.03247e-06
 Reference value :  5.03294e-06
 Reference value :  5.03321e-06
 Reference value :  5.03362e-06
 Reference value :  5.03377e-06
 Reference value :  5.03409e-06
 Reference value :  5.03431e-06
 Reference value :  5.03452e-06
 Reference value :  5.03477e-06
 Reference value :  5.03507e-06
 Reference value :  5.03571e-06
 Reference value :  5.04337e-06
 Reference value :  5.05487e-06
 Reference value :  5.06837e-06
 Reference value :  5.07458e-06
 Reference value :  5.07473e-06
 Reference value :  5.07504e-06
 Reference value :  5.07549e-06
 Reference value :  5.07589e-06
 Reference value :  5.07656e-06
 Reference value :  5.07893e-06
 Reference value :  5.08130e-06
 Reference value :  5.09578e-06
 Reference value :  5.10118e-06
 Reference value :  5.10366e-06
 Reference value :  5.10567e-06
 Reference value :  5.11195e-06
 Reference value :  5.11618e-06
 Reference value :  5.11633e-06
 Reference value :  5.11683e-06
 Reference value :  5.11704e-06
 Reference value :  5.11731e-06
 Reference value :  5.11752e-06
 Reference value :  5.11763e-06
 Reference value :  5.11775e-06
 Reference value :  5.11789e-06
 Reference value :  5.11811e-06
 Reference value :  5.11823e-06
 Reference value :  5.11835e-06
 Reference value :  5.11849e-06
 Reference value :  5.11868e-06
 Reference value :  5.11883e-06
 Reference value :  5.11910e-06
 Reference value :  5.12009e-06
 Reference value :  5.12549e-06
 Reference value :  5.13199e-06
 Reference value :  5.13849e-06
 Reference value :  5.14499e-06
 Reference value :  5.15199e-06
 Reference value :  5.15784e-06
 Reference value :  5.15793e-06
 Reference value :  5.15812e-06
 Reference value :  5.15871e-06
 Reference value :  5.15895e-06
 Reference value :  5.15925e-06
 Reference value :  5.15958e-06
 Reference value :  5.15995e-06
 Reference value :  5.16038e-06
 Reference value :  5.16069e-06
 Reference value :  5.16088e-06
 Reference value :  5.16118e-06
 Reference value :  5.16154e-06
 Reference value :  5.16326e-06
 Reference value :  5.17027e-06
 Reference value :  5.17727e-06
 Reference value :  5.18427e-06
 Reference value :  5.19127e-06
 Reference value :  5.19827e-06
 Reference value :  5.19956e-06
 Reference value :  5.19967e-06
 Reference value :  5.19988e-06
 Reference value :  5.20025e-06
 Reference value :  5.20038e-06
 Reference value :  5.20050e-06
 Reference value :  5.20061e-06
 Reference value :  5.20070e-06
 Reference value :  5.20089e-06
 Reference value :  5.20106e-06
 Reference value :  5.20123e-06
 Reference value :  5.20159e-06
 Reference value :  5.20190e-06
 Reference value :  5.20250e-06
 Reference value :  5.20644e-06
 Reference value :  5.21344e-06
 Reference value :  5.22094e-06
 Reference value :  5.22744e-06
 Reference value :  5.23394e-06
 Reference value :  5.24044e-06
 Reference value :  5.24124e-06
 Reference value :  5.24137e-06
 Reference value :  5.24188e-06
 Reference value :  5.24216e-06
 Reference value :  5.24236e-06
 Reference value :  5.24266e-06
 Reference value :  5.24298e-06
 Reference value :  5.24354e-06
 Reference value :  5.24387e-06
 Reference value :  5.24408e-06
 Reference value :  5.24434e-06
 Reference value :  5.24490e-06
 Reference value :  5.24862e-06
 Reference value :  5.25562e-06
 Reference value :  5.26262e-06
 Reference value :  5.26912e-06
 Reference value :  5.27662e-06
 Reference value :  5.28284e-06
 Reference value :  5.28294e-06
 Reference value :  5.28309e-06
 Reference value :  5.28360e-06
 Reference value :  5.28377e-06
 Reference value :  5.28390e-06
 Reference value :  5.28406e-06
 Reference value :  5.28430e-06
 Reference value :  5.28445e-06
 Reference value :  5.28473e-06
 Reference value :  5.28501e-06
 Reference value :  5.28549e-06
 Reference value :  5.28737e-06
 Reference value :  5.29387e-06
 Reference value :  5.30087e-06
 Reference value :  5.30737e-06
 Reference value :  5.31387e-06
 Reference value :  5.32037e-06
 Reference value :  5.32452e-06
 Reference value :  5.32463e-06
 Reference value :  5.32484e-06
 Reference value :  5.32544e-06
 Reference value :  5.32572e-06
 Reference value :  5.32602e-06
 Reference value :  5.32637e-06
 Reference value :  5.32717e-06
 Reference value :  5.32798e-06
 Reference value :  5.32833e-06
 Reference value :  5.32907e-06
 Reference value :  5.33429e-06
 Reference value :  5.33971e-06
 Reference value :  5.34251e-06
 Reference value :  5.34336e-06
 Reference value :  5.34724e-06
 Reference value :  5.35924e-06
 Reference value :  5.36620e-06
 Reference value :  5.36631e-06
 Reference value :  5.36652e-06
 Reference value :  5.36696e-06
 Reference value :  5.36702e-06
 Reference value :  5.36717e-06
 Reference value :  5.36745e-06
 Reference value :  5.36769e-06
 Reference value :  5.36789e-06
 Reference value :  5.36821e-06
 Reference value :  5.36861e-06
 Reference value :  5.36985e-06
 Reference value :  5.37583e-06
 Reference value :  5.38283e-06
 Reference value :  5.38983e-06
 Reference value :  5.39683e-06
 Reference value :  5.40333e-06
 Reference value :  5.40785e-06
 Reference value :  5.40795e-06
 Reference value :  5.40818e-06
 Reference value :  5.40869e-06
 Reference value :  5.40887e-06
 Reference value :  5.40919e-06
 Reference value :  5.40956e-06
 Reference value :  5.40991e-06
 Reference value :  5.41128e-06
 Reference value :  5.41231e-06
 Reference value :  5.41489e-06
 Reference value :  5.42139e-06
 Reference value :  5.42839e-06
 Reference value :  5.43489e-06
 Reference value :  5.44139e-06
 Reference value :  5.44789e-06
 Reference value :  5.44955e-06
 Reference value :  5.44968e-06
 Reference value :  5.44993e-06
 Reference value :  5.45024e-06
 Reference value :  5.45034e-06
 Reference value :  5.45047e-06
 Reference value :  5.45073e-06
 Reference value :  5.45097e-06
 Reference value :  5.45128e-06
 Reference value :  5.45160e-06
 Reference value :  5.45213e-06
 Reference value :  5.45489e-06
 Reference value :  5.46139e-06
 Reference value :  5.46839e-06
 Reference value :  5.47539e-06
 Reference value :  5.48239e-06
 Reference value :  5.48889e-06
 Reference value :  5.49124e-06
 Reference value :  5.49138e-06
 Reference value :  5.49171e-06
 Reference value :  5.49219e-06
 Reference value :  5.49250e-06
 Reference value :  5.49278e-06
 Reference value :  5.49314e-06
 Reference value :  5.49400e-06
 Reference value :  5.49543e-06
 Reference value :  5.49954e-06
 Reference value :  5.50604e-06
 Reference value :  5.51304e-06
 Reference value :  5.52004e-06
 Reference value :  5.52654e-06
 Reference value :  5.53284e-06
 Reference value :  5.53309e-06
 Reference value :  5.53336e-06
 Reference value :  5.53367e-06
 Reference value :  5.53385e-06
 Reference value :  5.53427e-06
 Reference value :  5.53465e-06
 Reference value :  5.53509e-06
 Reference value :  5.53656e-06
 Reference value :  5.54329e-06
 Reference value :  5.55179e-06
 Reference value :  5.55979e-06
 Reference value :  5.56829e-06
 Reference value :  5.57454e-06
 Reference value :  5.57465e-06
 Reference value :  5.57496e-06
 Reference value :  5.57541e-06
 Reference value :  5.57560e-06
 Reference value :  5.57584e-06
 Reference value :  5.57618e-06
 Reference value :  5.57656e-06
 Reference value :  5.57769e-06
 Reference value :  5.57951e-06
 Reference value :  5.58476e-06
 Reference value :  5.59126e-06
 Reference value :  5.59826e-06
 Reference value :  5.60576e-06
 Reference value :  5.61426e-06
 Reference value :  5.61626e-06
 Reference value :  5.61642e-06
 Reference value :  5.61669e-06
 Reference value :  5.61698e-06
 Reference value :  5.61711e-06
 Reference value :  5.61726e-06
 Reference value :  5.61761e-06
 Reference value :  5.61790e-06
 Reference value :  5.61823e-06
 Reference value :  5.61875e-06
 Reference value :  5.62102e-06
 Reference value :  5.62752e-06
 Reference value :  5.63402e-06
 Reference value :  5.64052e-06
 Reference value :  5.64752e-06
 Reference value :  5.65452e-06
 Reference value :  5.65789e-06
 Reference value :  5.65799e-06
 Reference value :  5.65829e-06
 Reference value :  5.65875e-06
 Reference value :  5.65893e-06
 Reference value :  5.65917e-06
 Reference value :  5.65948e-06
 Reference value :  5.65990e-06
 Reference value :  5.66079e-06
 Reference value :  5.66213e-06
 Reference value :  5.66471e-06
 Reference value :  5.67128e-06
 Reference value :  5.67878e-06
 Reference value :  5.68528e-06
 Reference value :  5.69228e-06
 Reference value :  5.69914e-06
 Reference value :  5.69957e-06
 Reference value :  5.69969e-06
 Reference value :  5.69997e-06
 Reference value :  5.70027e-06
 Reference value :  5.70038e-06
 Reference value :  5.70054e-06
 Reference value :  5.70083e-06
 Reference value :  5.70118e-06
 Reference value :  5.70147e-06
 Reference value :  5.70186e-06
 Reference value :  5.70283e-06
 Reference value :  5.70921e-06
 Reference value :  5.71621e-06
 Reference value :  5.72271e-06
 Reference value :  5.72921e-06
 Reference value :  5.73971e-06
 Reference value :  5.74123e-06
 Reference value :  5.74140e-06
 Reference value :  5.74189e-06
 Reference value :  5.74217e-06
 Reference value :  5.74245e-06
 Reference value :  5.74277e-06
 Reference value :  5.74305e-06
 Reference value :  5.74377e-06
 Reference value :  5.74512e-06
 Reference value :  5.74980e-06
 Reference value :  5.75680e-06
 Reference value :  5.76330e-06
 Reference value :  5.77030e-06
 Reference value :  5.77730e-06
 Reference value :  5.78284e-06
 Reference value :  5.78293e-06
 Reference value :  5.78308e-06
 Reference value :  5.78336e-06
 Reference value :  5.78365e-06
 Reference value :  5.78374e-06
 Reference value :  5.78391e-06
 Reference value :  5.78425e-06
 Reference value :  5.78450e-06
 Reference value :  5.78488e-06
 Reference value :  5.78536e-06
 Reference value :  5.78705e-06
 Reference value :  5.79349e-06
 Reference value :  5.79999e-06
 Reference value :  5.80649e-06
 Reference value :  5.81249e-06
 Reference value :  5.81999e-06
 Reference value :  5.82452e-06
 Reference value :  5.82463e-06
 Reference value :  5.82491e-06
 Reference value :  5.82539e-06
 Reference value :  5.82551e-06
 Reference value :  5.82577e-06
 Reference value :  5.82611e-06
 Reference value :  5.82654e-06
 Reference value :  5.82801e-06
 Reference value :  5.82951e-06
 Reference value :  5.83513e-06
 Reference value :  5.84113e-06
 Reference value :  5.84763e-06
 Reference value :  5.85463e-06
 Reference value :  5.86163e-06
 Reference value :  5.86618e-06
 Reference value :  5.86627e-06
 Reference value :  5.86646e-06
 Reference value :  5.86689e-06
 Reference value :  5.86703e-06
 Reference value :  5.86717e-06
 Reference value :  5.86742e-06
 Reference value :  5.86767e-06
 Reference value :  5.86796e-06
 Reference value :  5.86834e-06
 Reference value :  5.86899e-06
 Reference value :  5.87270e-06
 Reference value :  5.87970e-06
 Reference value :  5.88620e-06
 Reference value :  5.89320e-06
 Reference value :  5.90070e-06
 Reference value :  5.90720e-06
 Reference value :  5.90792e-06
 Reference value :  5.90809e-06
 Reference value :  5.90865e-06
 Reference value :  5.90885e-06
 Reference value :  5.90910e-06
 Reference value :  5.90942e-06
 Reference value :  5.90971e-06
 Reference value :  5.91056e-06
 Reference value :  5.91219e-06
 Reference value :  5.91606e-06
 Reference value :  5.92256e-06
 Reference value :  5.92956e-06
 Reference value :  5.93606e-06
 Reference value :  5.94256e-06
 Reference value :  5.94903e-06
 Reference value :  5.94958e-06
 Reference value :  5.94973e-06
 Reference value :  5.94999e-06
 Reference value :  5.95026e-06
 Reference value :  5.95038e-06
 Reference value :  5.95056e-06
 Reference value :  5.95079e-06
 Reference value :  5.95112e-06
 Reference value :  5.95138e-06
 Reference value :  5.95181e-06
 Reference value :  5.95384e-06
 Reference value :  5.96034e-06
 Reference value :  5.96734e-06
 Reference value :  5.97384e-06
 Reference value :  5.98084e-06
 Reference value :  5.98734e-06
 Reference value :  5.99120e-06
 Reference value :  5.99131e-06
 Reference value :  5.99161e-06
 Reference value :  5.99205e-06
 Reference value :  5.99228e-06
 Reference value :  5.99259e-06
 Reference value :  5.99293e-06
 Reference value :  5.99333e-06
 Reference value :  5.99468e-06
 Reference value :  5.99723e-06
 Reference value :  6.00402e-06
 Reference value :  6.01052e-06
 Reference value :  6.01702e-06
 Reference value :  6.02352e-06
 Reference value :  6.03052e-06
 Reference value :  6.03290e-06
 Reference value :  6.03301e-06
 Reference value :  6.03322e-06
 Reference value :  6.03352e-06
 Reference value :  6.03368e-06
 Reference value :  6.03379e-06
 Reference value :  6.03398e-06
 Reference value :  6.03435e-06
 Reference value :  6.03459e-06
 Reference value :  6.03487e-06
 Reference value :  6.03515e-06
 Reference value :  6.03549e-06
 Reference value :  6.03622e-06
 Reference value :  6.04109e-06
 Reference value :  6.04809e-06
 Reference value :  6.05459e-06
 Reference value :  6.06159e-06
 Reference value :  6.06809e-06
 Reference value :  6.07450e-06
 Reference value :  6.07460e-06
 Reference value :  6.07478e-06
 Reference value :  6.07532e-06
 Reference value :  6.07551e-06
 Reference value :  6.07569e-06
 Reference value :  6.07602e-06
 Reference value :  6.07643e-06
 Reference value :  6.07790e-06
 Reference value :  6.08044e-06
 Reference value :  6.08725e-06
 Reference value :  6.09375e-06
 Reference value :  6.10025e-06
 Reference value :  6.10775e-06
 Reference value :  6.11571e-06
 Reference value :  6.11625e-06
 Reference value :  6.11637e-06
 Reference value :  6.11665e-06
 Reference value :  6.11694e-06
 Reference value :  6.11706e-06
 Reference value :  6.11721e-06
 Reference value :  6.11732e-06
 Reference value :  6.11742e-06
 Reference value :  6.11755e-06
 Reference value :  6.11768e-06
 Reference value :  6.11781e-06
 Reference value :  6.11796e-06
 Reference value :  6.11812e-06
 Reference value :  6.11830e-06
 Reference value :  6.11851e-06
 Reference value :  6.11883e-06
 Reference value :  6.11984e-06
 Reference value :  6.12455e-06
 Reference value :  6.13155e-06
 Reference value :  6.13855e-06
 Reference value :  6.14505e-06
 Reference value :  6.15255e-06
 Reference value :  6.15786e-06
 Reference value :  6.15798e-06
 Reference value :  6.15821e-06
 Reference value :  6.15875e-06
 Reference value :  6.15892e-06
 Reference value :  6.15915e-06
 Reference value :  6.15947e-06
 Reference value :  6.15998e-06
 Reference value :  6.16048e-06
 Reference value :  6.16095e-06
 Reference value :  6.16151e-06
 Reference value :  6.16252e-06
 Reference value :  6.16846e-06
 Reference value :  6.17546e-06
 Reference value :  6.18246e-06
 Reference value :  6.18896e-06
 Reference value :  6.19596e-06
 Reference value :  6.19953e-06
 Reference value :  6.19963e-06
 Reference value :  6.19985e-06
 Reference value :  6.20022e-06
 Reference value :  6.20039e-06
 Reference value :  6.20058e-06
 Reference value :  6.20069e-06
 Reference value :  6.20085e-06
 Reference value :  6.20105e-06
 Reference value :  6.20123e-06
 Reference value :  6.20151e-06
 Reference value :  6.20178e-06
 Reference value :  6.20223e-06
 Reference value :  6.20497e-06
 Reference value :  6.21197e-06
 Reference value :  6.21897e-06
 Reference value :  6.22597e-06
 Reference value :  6.23297e-06
 Reference value :  6.23997e-06
 Reference value :  6.24124e-06
 Reference value :  6.24142e-06
 Reference value :  6.24194e-06
 Reference value :  6.24217e-06
 Reference value :  6.24243e-06
 Reference value :  6.24277e-06
 Reference value :  6.24310e-06
 Reference value :  6.24360e-06
 Reference value :  6.24398e-06
 Reference value :  6.24432e-06
 Reference value :  6.24548e-06
 Reference value :  6.25137e-06
 Reference value :  6.25837e-06
 Reference value :  6.26537e-06
 Reference value :  6.27237e-06
 Reference value :  6.27937e-06
 Reference value :  6.28288e-06
 Reference value :  6.28299e-06
 Reference value :  6.28326e-06
No. of Data Rows : 27912

  Measurements for Transient Analysis

d9_c1               =  1.49117e-04
d8_c1               =  2.27980e-04
d7_c1               =  1.79974e+00
d6_c1               =  1.79974e+00
d5_c1               =  1.79974e+00
d4_c1               =  2.28053e-04
d3_c1               =  1.79974e+00
d2_c1               =  2.28149e-04
d1_c1               =  1.79974e+00
d0_c1               =  1.79973e+00
d9_c2               =  1.39628e-04
d8_c2               =  1.79973e+00
d7_c2               =  2.16902e-04
d6_c2               =  1.79973e+00
d5_c2               =  1.79973e+00
d4_c2               =  1.79973e+00
d3_c2               =  1.79973e+00
d2_c2               =  1.79973e+00
d1_c2               =  1.79973e+00
d0_c2               =  1.79973e+00
d9_c3               =  1.50048e-04
d8_c3               =  1.79974e+00
d7_c3               =  1.79974e+00
d6_c3               =  1.79974e+00
d5_c3               =  1.79974e+00
d4_c3               =  1.79974e+00
d3_c3               =  1.79974e+00
d2_c3               =  1.79974e+00
d1_c3               =  1.79974e+00
d0_c3               =  1.79974e+00
d9_c4               =  1.79983e+00
d8_c4               =  2.46801e-04
d7_c4               =  1.79973e+00
d6_c4               =  2.46801e-04
d5_c4               =  2.46800e-04
d4_c4               =  2.46800e-04
d3_c4               =  2.46799e-04
d2_c4               =  2.46801e-04
d1_c4               =  2.46796e-04
d0_c4               =  1.79973e+00
d9_c5               =  1.79991e+00
d8_c5               =  1.79978e+00
d7_c5               =  1.79978e+00
d6_c5               =  1.79978e+00
d5_c5               =  1.79978e+00
d4_c5               =  1.79978e+00
d3_c5               =  1.79978e+00
d2_c5               =  1.79978e+00
d1_c5               =  1.79978e+00
d0_c5               =  1.79978e+00
busy_c1_p0          =  1.79971e+00
smpl_c1_p0          =  1.42872e-04
busy_c1_p1          =  1.79969e+00
smpl_c1_p1          =  1.45781e-04
busy_c1_p2          =  1.79972e+00
smpl_c1_p2          =  1.39701e-04
busy_c1_p3          =  1.79971e+00
smpl_c1_p3          =  1.48738e-04
busy_c1_p4          =  1.79972e+00
smpl_c1_p4          =  1.40589e-04
busy_c1_p5          =  1.79972e+00
smpl_c1_p5          =  1.43864e-04
busy_c1_p6          =  1.79973e+00
smpl_c1_p6          =  1.43538e-04
busy_c1_p7          =  1.79974e+00
smpl_c1_p7          =  1.41380e-04
busy_c1_p8          =  1.79973e+00
smpl_c1_p8          =  1.43026e-04
busy_c1_p9          =  1.79971e+00
smpl_c1_p9          =  1.51978e-04
busy_c1_p10         =  1.79971e+00
smpl_c1_p10         =  1.50543e-04
busy_c1_p11         =  2.09104e-04
smpl_c1_p11         =  1.79993e+00
busy_c2_p0          =  1.79969e+00
smpl_c2_p0          =  1.49155e-04
busy_c2_p1          =  1.79971e+00
smpl_c2_p1          =  1.45940e-04
busy_c2_p2          =  1.79970e+00
smpl_c2_p2          =  1.46843e-04
busy_c2_p3          =  1.79971e+00
smpl_c2_p3          =  1.45979e-04
busy_c2_p4          =  1.79971e+00
smpl_c2_p4          =  1.47371e-04
busy_c2_p5          =  1.79971e+00
smpl_c2_p5          =  1.48126e-04
busy_c2_p6          =  1.79970e+00
smpl_c2_p6          =  1.47045e-04
busy_c2_p7          =  1.79971e+00
smpl_c2_p7          =  1.49366e-04
busy_c2_p8          =  1.79972e+00
smpl_c2_p8          =  1.44216e-04
busy_c2_p9          =  1.79972e+00
smpl_c2_p9          =  1.43849e-04
busy_c2_p10         =  1.79971e+00
smpl_c2_p10         =  1.46413e-04
busy_c2_p11         =  2.09282e-04
smpl_c2_p11         =  1.79993e+00
busy_c3_p0          =  1.79969e+00
smpl_c3_p0          =  1.49601e-04
busy_c3_p1          =  1.79971e+00
smpl_c3_p1          =  1.48494e-04
busy_c3_p2          =  1.79971e+00
smpl_c3_p2          =  1.47998e-04
busy_c3_p3          =  1.79968e+00
smpl_c3_p3          =  1.49759e-04
busy_c3_p4          =  1.79971e+00
smpl_c3_p4          =  1.46775e-04
busy_c3_p5          =  1.79973e+00
smpl_c3_p5          =  1.45451e-04
busy_c3_p6          =  1.79972e+00
smpl_c3_p6          =  1.38079e-04
busy_c3_p7          =  1.79969e+00
smpl_c3_p7          =  1.52625e-04
busy_c3_p8          =  1.79972e+00
smpl_c3_p8          =  1.38484e-04
busy_c3_p9          =  1.79970e+00
smpl_c3_p9          =  1.58448e-04
busy_c3_p10         =  1.79972e+00
smpl_c3_p10         =  1.47744e-04
busy_c3_p11         =  2.09993e-04
smpl_c3_p11         =  1.79993e+00
busy_c4_p0          =  1.79971e+00
smpl_c4_p0          =  1.47902e-04
busy_c4_p1          =  1.79973e+00
smpl_c4_p1          =  1.43484e-04
busy_c4_p2          =  1.79972e+00
smpl_c4_p2          =  1.43720e-04
busy_c4_p3          =  1.79973e+00
smpl_c4_p3          =  1.43184e-04
busy_c4_p4          =  1.79971e+00
smpl_c4_p4          =  1.42842e-04
busy_c4_p5          =  1.79971e+00
smpl_c4_p5          =  1.42006e-04
busy_c4_p6          =  1.79969e+00
smpl_c4_p6          =  1.41127e-04
busy_c4_p7          =  1.79970e+00
smpl_c4_p7          =  1.50346e-04
busy_c4_p8          =  1.79971e+00
smpl_c4_p8          =  1.51041e-04
busy_c4_p9          =  1.79971e+00
smpl_c4_p9          =  1.48672e-04
busy_c4_p10         =  1.79971e+00
smpl_c4_p10         =  1.54775e-04
busy_c4_p11         =  2.04462e-04
smpl_c4_p11         =  1.79993e+00
busy_c5_p0          =  1.79970e+00
smpl_c5_p0          =  1.42894e-04
busy_c5_p1          =  1.79972e+00
smpl_c5_p1          =  1.47742e-04
busy_c5_p2          =  1.79972e+00
smpl_c5_p2          =  1.35633e-04
busy_c5_p3          =  1.79973e+00
smpl_c5_p3          =  1.40550e-04
busy_c5_p4          =  1.79971e+00
smpl_c5_p4          =  1.35218e-04
busy_c5_p5          =  1.79974e+00
smpl_c5_p5          =  1.40155e-04
busy_c5_p6          =  1.79973e+00
smpl_c5_p6          =  1.41348e-04
busy_c5_p7          =  1.79972e+00
smpl_c5_p7          =  1.46166e-04
busy_c5_p8          =  1.79975e+00
smpl_c5_p8          =  1.43892e-04
busy_c5_p9          =  1.79971e+00
smpl_c5_p9          =  1.53201e-04
busy_c5_p10         =  1.79975e+00
smpl_c5_p10         =  1.44641e-04
busy_c5_p11         =  2.10063e-04
smpl_c5_p11         =  1.79993e+00
i_vdd               =  -2.06624e-06 from=  3.20000e-06 to=  4.20002e-06
i_vpwr              =  -6.14665e-06 from=  3.20000e-06 to=  4.20002e-06
i_vrefp             =  -6.49975e-06 from=  3.20000e-06 to=  4.20002e-06
i_vrefn             =  6.48774e-06 from=  3.20000e-06 to=  4.20002e-06
i_vcm               =  1.15294e-08 from=  3.20000e-06 to=  4.20002e-06
gnd_die_max         =  2.24680e-01 at=  2.11809e-06
gnd_die_min         =  -1.02871e-01 at=  6.20065e-06
vgnd_max            =  4.35860e-02 at=  6.11713e-06
vgnd_min            =  -7.34721e-02 at=  6.11717e-06
vdd_max             =  1.89747e+00 at=  6.11726e-06
vdd_min             =  1.67711e+00 at=  6.11721e-06
vpwr_max            =  1.86090e+00 at=  6.11721e-06
vpwr_min            =  1.74637e+00 at=  6.11717e-06
vdda_min            =  1.57757e+00 at=  2.11807e-06
vdda_max            =  1.90189e+00 at=  6.20062e-06
i_vgnd              =  8.27536e-06 from=  3.20000e-06 to=  4.20002e-06
i_sub               =  2.13282e-06 from=  3.20000e-06 to=  4.20002e-06


Total analysis time (seconds) = 4011.84

Total elapsed time (seconds) = 4480.227 

Total DRAM available = 98304.000 MB.
DRAM currently available = 15939.781 MB.
Maximum ngspice program size =  818.656 MB.
Current ngspice program size =   34.641 MB.

Note: Starting dynamic gmin stepping
Warning: Dynamic gmin stepping failed
Note: Starting true gmin stepping
Note: True gmin stepping completed
