
Note: Compatibility modes selected: hs a


Circuit: * sim/ground-return-impedance (issue #378) arm 'pkg' -- reusing

option SCALE: Scale is set to 1e-06 for instance and model parameters
option SCALE: Scale is set to 1e-06 for instance and model parameters
option SCALE: Scale is set to 1e-06 for instance and model parameters
option SCALE: Scale is set to 1e-06 for instance and model parameters
Doing analysis at TEMP = 27.000000 and TNOM = 27.000000

Using KLU as Direct Linear Solver
 Reference value :  0.00000e+00
 Reference value :  3.64000e-09
 Reference value :  1.06400e-08
 Reference value :  1.71400e-08
 Reference value :  2.00322e-08
 Reference value :  2.01648e-08
 Reference value :  2.03023e-08
 Reference value :  2.05929e-08
 Reference value :  2.07631e-08
 Reference value :  2.10012e-08
 Reference value :  2.10872e-08
 Reference value :  2.12136e-08
 Reference value :  2.13770e-08
 Reference value :  2.15515e-08
 Reference value :  2.21487e-08
 Reference value :  2.36370e-08
 Reference value :  2.90667e-08
 Reference value :  3.40667e-08
 Reference value :  3.95667e-08
 Reference value :  4.50667e-08
 Reference value :  5.00667e-08
 Reference value :  5.50667e-08
 Reference value :  6.00667e-08
 Reference value :  6.50667e-08
 Reference value :  7.05667e-08
 Reference value :  7.55667e-08
 Reference value :  8.15667e-08
 Reference value :  8.85667e-08
 Reference value :  9.40667e-08
 Reference value :  1.01067e-07
 Reference value :  1.07067e-07
 Reference value :  1.13067e-07
 Reference value :  1.18567e-07
 Reference value :  1.23567e-07
 Reference value :  1.28567e-07
 Reference value :  1.35067e-07
 Reference value :  1.42067e-07
 Reference value :  1.49067e-07
 Reference value :  1.56067e-07
 Reference value :  1.63067e-07
 Reference value :  1.71067e-07
 Reference value :  1.76067e-07
 Reference value :  1.81067e-07
 Reference value :  1.86067e-07
 Reference value :  1.91067e-07
 Reference value :  1.97067e-07
 Reference value :  1.99561e-07
 Reference value :  1.99641e-07
 Reference value :  1.99757e-07
 Reference value :  1.99913e-07
 Reference value :  2.00226e-07
 Reference value :  2.00312e-07
 Reference value :  2.00491e-07
 Reference value :  2.00543e-07
 Reference value :  2.00686e-07
 Reference value :  2.00814e-07
 Reference value :  2.00921e-07
 Reference value :  2.01172e-07
 Reference value :  2.01400e-07
 Reference value :  2.01623e-07
 Reference value :  2.01880e-07
 Reference value :  2.02189e-07
 Reference value :  2.03079e-07
 Reference value :  2.05991e-07
 Reference value :  2.11491e-07
 Reference value :  2.16991e-07
 Reference value :  2.22991e-07
 Reference value :  2.27991e-07
 Reference value :  2.33491e-07
 Reference value :  2.38491e-07
 Reference value :  2.41205e-07
 Reference value :  2.41287e-07
 Reference value :  2.41378e-07
 Reference value :  2.41579e-07
 Reference value :  2.41944e-07
 Reference value :  2.42099e-07
 Reference value :  2.42221e-07
 Reference value :  2.42311e-07
 Reference value :  2.42411e-07
 Reference value :  2.42586e-07
 Reference value :  2.42839e-07
 Reference value :  2.43054e-07
 Reference value :  2.43291e-07
 Reference value :  2.43593e-07
 Reference value :  2.43810e-07
 Reference value :  2.43998e-07
 Reference value :  2.44234e-07
 Reference value :  2.44591e-07
 Reference value :  2.45219e-07
 Reference value :  2.49900e-07
 Reference value :  2.54900e-07
 Reference value :  2.59900e-07
 Reference value :  2.65400e-07
 Reference value :  2.70400e-07
 Reference value :  2.75900e-07
 Reference value :  2.80900e-07
 Reference value :  2.82880e-07
 Reference value :  2.82960e-07
 Reference value :  2.83052e-07
 Reference value :  2.83180e-07
 Reference value :  2.83478e-07
 Reference value :  2.83629e-07
 Reference value :  2.83805e-07
 Reference value :  2.83940e-07
 Reference value :  2.84076e-07
 Reference value :  2.84337e-07
 Reference value :  2.84516e-07
 Reference value :  2.84642e-07
 Reference value :  2.84795e-07
 Reference value :  2.84920e-07
 Reference value :  2.85116e-07
 Reference value :  2.85379e-07
 Reference value :  2.85737e-07
 Reference value :  2.87173e-07
 Reference value :  2.91727e-07
 Reference value :  2.97227e-07
 Reference value :  3.03727e-07
 Reference value :  3.12727e-07
 Reference value :  3.23227e-07
 Reference value :  3.24633e-07
 Reference value :  3.24966e-07
 Reference value :  3.25435e-07
 Reference value :  3.25640e-07
 Reference value :  3.25973e-07
 Reference value :  3.26455e-07
 Reference value :  3.27262e-07
 Reference value :  3.28519e-07
 Reference value :  3.32059e-07
 Reference value :  3.41059e-07
 Reference value :  3.50559e-07
 Reference value :  3.60559e-07
 Reference value :  3.66200e-07
 Reference value :  3.66383e-07
 Reference value :  3.66804e-07
 Reference value :  3.66813e-07
 Reference value :  3.67011e-07
 Reference value :  3.67143e-07
 Reference value :  3.67326e-07
 Reference value :  3.67599e-07
 Reference value :  3.68045e-07
 Reference value :  3.69088e-07
 Reference value :  3.76424e-07
 Reference value :  3.85924e-07
 Reference value :  3.95924e-07
 Reference value :  4.06924e-07
 Reference value :  4.07986e-07
 Reference value :  4.08633e-07
 Reference value :  4.08885e-07
 Reference value :  4.09077e-07
 Reference value :  4.09397e-07
 Reference value :  4.09867e-07
 Reference value :  4.10355e-07
 Reference value :  4.11066e-07
 Reference value :  4.11404e-07
 Reference value :  4.11808e-07
 Reference value :  4.12325e-07
 Reference value :  4.13329e-07
 Reference value :  4.21693e-07
 Reference value :  4.31693e-07
 Reference value :  4.41193e-07
 Reference value :  4.49519e-07
 Reference value :  4.49664e-07
 Reference value :  4.49963e-07
 Reference value :  4.50324e-07
 Reference value :  4.50546e-07
 Reference value :  4.50732e-07
 Reference value :  4.51019e-07
 Reference value :  4.51212e-07
 Reference value :  4.51472e-07
 Reference value :  4.51707e-07
 Reference value :  4.52152e-07
 Reference value :  4.53222e-07
 Reference value :  4.59944e-07
 Reference value :  4.64944e-07
 Reference value :  4.69944e-07
 Reference value :  4.75444e-07
 Reference value :  4.81444e-07
 Reference value :  4.86944e-07
 Reference value :  4.91184e-07
 Reference value :  4.91257e-07
 Reference value :  4.91344e-07
 Reference value :  4.91475e-07
 Reference value :  4.91887e-07
 Reference value :  4.92037e-07
 Reference value :  4.92239e-07
 Reference value :  4.92336e-07
 Reference value :  4.92519e-07
 Reference value :  4.92773e-07
 Reference value :  4.93044e-07
 Reference value :  4.93346e-07
 Reference value :  4.93624e-07
 Reference value :  4.94342e-07
 Reference value :  4.94793e-07
 Reference value :  4.95238e-07
 Reference value :  4.98190e-07
 Reference value :  5.03165e-07
 Reference value :  5.04590e-07
 Reference value :  5.06218e-07
 Reference value :  5.06506e-07
 Reference value :  5.06826e-07
 Reference value :  5.07198e-07
 Reference value :  5.08673e-07
 Reference value :  5.15430e-07
 Reference value :  5.22430e-07
 Reference value :  5.27430e-07
 Reference value :  5.32840e-07
 Reference value :  5.32908e-07
 Reference value :  5.33006e-07
 Reference value :  5.33115e-07
 Reference value :  5.33418e-07
 Reference value :  5.33603e-07
 Reference value :  5.33671e-07
 Reference value :  5.33833e-07
 Reference value :  5.33946e-07
 Reference value :  5.34026e-07
 Reference value :  5.34176e-07
 Reference value :  5.34382e-07
 Reference value :  5.34465e-07
 Reference value :  5.34555e-07
 Reference value :  5.34677e-07
 Reference value :  5.34797e-07
 Reference value :  5.34895e-07
 Reference value :  5.35112e-07
 Reference value :  5.35398e-07
 Reference value :  5.35723e-07
 Reference value :  5.36642e-07
 Reference value :  5.40100e-07
 Reference value :  5.46100e-07
 Reference value :  5.51600e-07
 Reference value :  5.57100e-07
 Reference value :  5.63100e-07
 Reference value :  5.68100e-07
 Reference value :  5.73100e-07
 Reference value :  5.74557e-07
 Reference value :  5.74630e-07
 Reference value :  5.74753e-07
 Reference value :  5.75078e-07
 Reference value :  5.75383e-07
 Reference value :  5.75548e-07
 Reference value :  5.75634e-07
 Reference value :  5.75758e-07
 Reference value :  5.75989e-07
 Reference value :  5.76209e-07
 Reference value :  5.76425e-07
 Reference value :  5.76698e-07
 Reference value :  5.77032e-07
 Reference value :  5.77836e-07
 Reference value :  5.78818e-07
 Reference value :  5.80734e-07
 Reference value :  5.86190e-07
 Reference value :  5.93190e-07
 Reference value :  6.00190e-07
 Reference value :  6.07190e-07
 Reference value :  6.14190e-07
 Reference value :  6.16257e-07
 Reference value :  6.16380e-07
 Reference value :  6.16548e-07
 Reference value :  6.16897e-07
 Reference value :  6.17004e-07
 Reference value :  6.17079e-07
 Reference value :  6.17167e-07
 Reference value :  6.17255e-07
 Reference value :  6.17353e-07
 Reference value :  6.17445e-07
 Reference value :  6.17571e-07
 Reference value :  6.17757e-07
 Reference value :  6.17977e-07
 Reference value :  6.18290e-07
 Reference value :  6.18882e-07
 Reference value :  6.20447e-07
 Reference value :  6.25272e-07
 Reference value :  6.30272e-07
 Reference value :  6.35772e-07
 Reference value :  6.40772e-07
 Reference value :  6.45772e-07
 Reference value :  6.51272e-07
 Reference value :  6.56272e-07
 Reference value :  6.57866e-07
 Reference value :  6.57972e-07
 Reference value :  6.58091e-07
 Reference value :  6.58361e-07
 Reference value :  6.58666e-07
 Reference value :  6.58833e-07
 Reference value :  6.58942e-07
 Reference value :  6.59062e-07
 Reference value :  6.59294e-07
 Reference value :  6.59568e-07
 Reference value :  6.59835e-07
 Reference value :  6.60089e-07
 Reference value :  6.60437e-07
 Reference value :  6.61285e-07
 Reference value :  6.61850e-07
 Reference value :  6.62848e-07
 Reference value :  6.67473e-07
 Reference value :  6.73473e-07
 Reference value :  6.79473e-07
 Reference value :  6.84473e-07
 Reference value :  6.89473e-07
 Reference value :  6.90923e-07
 Reference value :  6.91452e-07
 Reference value :  6.91713e-07
 Reference value :  6.91971e-07
 Reference value :  6.92421e-07
 Reference value :  6.93041e-07
 Reference value :  6.96936e-07
 Reference value :  6.99522e-07
 Reference value :  6.99591e-07
 Reference value :  6.99675e-07
 Reference value :  6.99771e-07
 Reference value :  7.00019e-07
 Reference value :  7.00258e-07
 Reference value :  7.00339e-07
 Reference value :  7.00458e-07
 Reference value :  7.00577e-07
 Reference value :  7.00687e-07
 Reference value :  7.00945e-07
 Reference value :  7.01043e-07
 Reference value :  7.01156e-07
 Reference value :  7.01318e-07
 Reference value :  7.01411e-07
 Reference value :  7.01554e-07
 Reference value :  7.01835e-07
 Reference value :  7.02124e-07
 Reference value :  7.02728e-07
 Reference value :  7.05980e-07
 Reference value :  7.10980e-07
 Reference value :  7.15980e-07
 Reference value :  7.21480e-07
 Reference value :  7.26480e-07
 Reference value :  7.31480e-07
 Reference value :  7.36980e-07
 Reference value :  7.41172e-07
 Reference value :  7.41256e-07
 Reference value :  7.41343e-07
 Reference value :  7.41477e-07
 Reference value :  7.41890e-07
 Reference value :  7.42045e-07
 Reference value :  7.42204e-07
 Reference value :  7.42303e-07
 Reference value :  7.42434e-07
 Reference value :  7.42643e-07
 Reference value :  7.42915e-07
 Reference value :  7.43135e-07
 Reference value :  7.43470e-07
 Reference value :  7.43868e-07
 Reference value :  7.44550e-07
 Reference value :  7.45139e-07
 Reference value :  7.46265e-07
 Reference value :  7.49608e-07
 Reference value :  7.55608e-07
 Reference value :  7.60608e-07
 Reference value :  7.66108e-07
 Reference value :  7.73108e-07
 Reference value :  7.79608e-07
 Reference value :  7.82858e-07
 Reference value :  7.82951e-07
 Reference value :  7.83051e-07
 Reference value :  7.83242e-07
 Reference value :  7.83549e-07
 Reference value :  7.83661e-07
 Reference value :  7.83771e-07
 Reference value :  7.83836e-07
 Reference value :  7.83939e-07
 Reference value :  7.84076e-07
 Reference value :  7.84270e-07
 Reference value :  7.84459e-07
 Reference value :  7.84752e-07
 Reference value :  7.85195e-07
 Reference value :  7.86353e-07
 Reference value :  7.91217e-07
 Reference value :  7.96717e-07
 Reference value :  8.02717e-07
 Reference value :  8.08717e-07
 Reference value :  8.14217e-07
 Reference value :  8.20717e-07
 Reference value :  8.24519e-07
 Reference value :  8.24614e-07
 Reference value :  8.24722e-07
 Reference value :  8.24945e-07
 Reference value :  8.25349e-07
 Reference value :  8.25542e-07
 Reference value :  8.25629e-07
 Reference value :  8.25766e-07
 Reference value :  8.26002e-07
 Reference value :  8.26310e-07
 Reference value :  8.26594e-07
 Reference value :  8.26932e-07
 Reference value :  8.27722e-07
 Reference value :  8.28279e-07
 Reference value :  8.29015e-07
 Reference value :  8.32084e-07
 Reference value :  8.39584e-07
 Reference value :  8.47584e-07
 Reference value :  8.55084e-07
 Reference value :  8.62084e-07
 Reference value :  8.65584e-07
 Reference value :  8.66224e-07
 Reference value :  8.66383e-07
 Reference value :  8.66514e-07
 Reference value :  8.66869e-07
 Reference value :  8.66956e-07
 Reference value :  8.67109e-07
 Reference value :  8.67216e-07
 Reference value :  8.67310e-07
 Reference value :  8.67383e-07
 Reference value :  8.67602e-07
 Reference value :  8.67739e-07
 Reference value :  8.67833e-07
 Reference value :  8.67965e-07
 Reference value :  8.68279e-07
 Reference value :  8.68724e-07
 Reference value :  8.69233e-07
 Reference value :  8.73100e-07
 Reference value :  8.80600e-07
 Reference value :  8.86600e-07
 Reference value :  8.91600e-07
 Reference value :  8.97100e-07
 Reference value :  9.02100e-07
 Reference value :  9.07100e-07
 Reference value :  9.07895e-07
 Reference value :  9.07991e-07
 Reference value :  9.08104e-07
 Reference value :  9.08474e-07
 Reference value :  9.08677e-07
 Reference value :  9.08846e-07
 Reference value :  9.08931e-07
 Reference value :  9.09056e-07
 Reference value :  9.09225e-07
 Reference value :  9.09481e-07
 Reference value :  9.09743e-07
 Reference value :  9.10013e-07
 Reference value :  9.10328e-07
 Reference value :  9.11170e-07
 Reference value :  9.11732e-07
 Reference value :  9.12505e-07
 Reference value :  9.15083e-07
 Reference value :  9.20298e-07
 Reference value :  9.25798e-07
 Reference value :  9.31798e-07
 Reference value :  9.38298e-07
 Reference value :  9.46298e-07
 Reference value :  9.49539e-07
 Reference value :  9.49625e-07
 Reference value :  9.49718e-07
 Reference value :  9.49883e-07
 Reference value :  9.50232e-07
 Reference value :  9.50330e-07
 Reference value :  9.50437e-07
 Reference value :  9.50505e-07
 Reference value :  9.50619e-07
 Reference value :  9.50680e-07
 Reference value :  9.50839e-07
 Reference value :  9.50959e-07
 Reference value :  9.51112e-07
 Reference value :  9.51326e-07
 Reference value :  9.51643e-07
 Reference value :  9.52158e-07
 Reference value :  9.53310e-07
 Reference value :  9.57797e-07
 Reference value :  9.62797e-07
 Reference value :  9.68797e-07
 Reference value :  9.73797e-07
 Reference value :  9.78797e-07
 Reference value :  9.84297e-07
 Reference value :  9.90732e-07
 Reference value :  9.91233e-07
 Reference value :  9.91332e-07
 Reference value :  9.91457e-07
 Reference value :  9.91810e-07
 Reference value :  9.92000e-07
 Reference value :  9.92191e-07
 Reference value :  9.92292e-07
 Reference value :  9.92399e-07
 Reference value :  9.92581e-07
 Reference value :  9.92841e-07
 Reference value :  9.93070e-07
 Reference value :  9.93342e-07
 Reference value :  9.93677e-07
 Reference value :  9.94445e-07
 Reference value :  9.94970e-07
 Reference value :  9.95840e-07
 Reference value :  9.99167e-07
 Reference value :  1.00517e-06
 Reference value :  1.01167e-06
 Reference value :  1.01867e-06
 Reference value :  1.02667e-06
 Reference value :  1.03283e-06
 Reference value :  1.03290e-06
 Reference value :  1.03299e-06
 Reference value :  1.03308e-06
 Reference value :  1.03328e-06
 Reference value :  1.03361e-06
 Reference value :  1.03366e-06
 Reference value :  1.03378e-06
 Reference value :  1.03390e-06
 Reference value :  1.03398e-06
 Reference value :  1.03410e-06
 Reference value :  1.03423e-06
 Reference value :  1.03440e-06
 Reference value :  1.03449e-06
 Reference value :  1.03462e-06
 Reference value :  1.03478e-06
 Reference value :  1.03504e-06
 Reference value :  1.03547e-06
 Reference value :  1.03690e-06
 Reference value :  1.04148e-06
 Reference value :  1.04648e-06
 Reference value :  1.05198e-06
 Reference value :  1.05698e-06
 Reference value :  1.06248e-06
 Reference value :  1.06848e-06
 Reference value :  1.07398e-06
 Reference value :  1.07455e-06
 Reference value :  1.07463e-06
 Reference value :  1.07475e-06
 Reference value :  1.07514e-06
 Reference value :  1.07537e-06
 Reference value :  1.07556e-06
 Reference value :  1.07567e-06
 Reference value :  1.07581e-06
 Reference value :  1.07604e-06
 Reference value :  1.07633e-06
 Reference value :  1.07659e-06
 Reference value :  1.07689e-06
 Reference value :  1.07761e-06
 Reference value :  1.07817e-06
 Reference value :  1.07885e-06
 Reference value :  1.08084e-06
 Reference value :  1.08895e-06
 Reference value :  1.09645e-06
 Reference value :  1.10445e-06
 Reference value :  1.11245e-06
 Reference value :  1.11620e-06
 Reference value :  1.11630e-06
 Reference value :  1.11645e-06
 Reference value :  1.11688e-06
 Reference value :  1.11705e-06
 Reference value :  1.11713e-06
 Reference value :  1.11722e-06
 Reference value :  1.11732e-06
 Reference value :  1.11741e-06
 Reference value :  1.11752e-06
 Reference value :  1.11772e-06
 Reference value :  1.11785e-06
 Reference value :  1.11797e-06
 Reference value :  1.11808e-06
 Reference value :  1.11818e-06
 Reference value :  1.11829e-06
 Reference value :  1.11846e-06
 Reference value :  1.11860e-06
 Reference value :  1.11879e-06
 Reference value :  1.11925e-06
 Reference value :  1.12020e-06
 Reference value :  1.12346e-06
 Reference value :  1.12946e-06
 Reference value :  1.13546e-06
 Reference value :  1.14046e-06
 Reference value :  1.14596e-06
 Reference value :  1.15096e-06
 Reference value :  1.15596e-06
 Reference value :  1.15789e-06
 Reference value :  1.15799e-06
 Reference value :  1.15809e-06
 Reference value :  1.15843e-06
 Reference value :  1.15868e-06
 Reference value :  1.15880e-06
 Reference value :  1.15889e-06
 Reference value :  1.15903e-06
 Reference value :  1.15915e-06
 Reference value :  1.15933e-06
 Reference value :  1.15958e-06
 Reference value :  1.15973e-06
 Reference value :  1.15992e-06
 Reference value :  1.16019e-06
 Reference value :  1.16040e-06
 Reference value :  1.16065e-06
 Reference value :  1.16109e-06
 Reference value :  1.16153e-06
 Reference value :  1.16273e-06
 Reference value :  1.16799e-06
 Reference value :  1.17299e-06
 Reference value :  1.17899e-06
 Reference value :  1.18449e-06
 Reference value :  1.18899e-06
 Reference value :  1.19499e-06
 Reference value :  1.19950e-06
 Reference value :  1.19958e-06
 Reference value :  1.19967e-06
 Reference value :  1.19981e-06
 Reference value :  1.20015e-06
 Reference value :  1.20028e-06
 Reference value :  1.20049e-06
 Reference value :  1.20054e-06
 Reference value :  1.20069e-06
 Reference value :  1.20085e-06
 Reference value :  1.20097e-06
 Reference value :  1.20109e-06
 Reference value :  1.20120e-06
 Reference value :  1.20129e-06
 Reference value :  1.20144e-06
 Reference value :  1.20172e-06
 Reference value :  1.20208e-06
 Reference value :  1.20259e-06
 Reference value :  1.20399e-06
 Reference value :  1.20782e-06
 Reference value :  1.21332e-06
 Reference value :  1.21982e-06
 Reference value :  1.22482e-06
 Reference value :  1.23082e-06
 Reference value :  1.23582e-06
 Reference value :  1.24074e-06
 Reference value :  1.24124e-06
 Reference value :  1.24134e-06
 Reference value :  1.24148e-06
 Reference value :  1.24193e-06
 Reference value :  1.24202e-06
 Reference value :  1.24217e-06
 Reference value :  1.24229e-06
 Reference value :  1.24239e-06
 Reference value :  1.24255e-06
 Reference value :  1.24293e-06
 Reference value :  1.24308e-06
 Reference value :  1.24333e-06
 Reference value :  1.24378e-06
 Reference value :  1.24399e-06
 Reference value :  1.24427e-06
 Reference value :  1.24466e-06
 Reference value :  1.24528e-06
 Reference value :  1.24796e-06
 Reference value :  1.25346e-06
 Reference value :  1.25996e-06
 Reference value :  1.26546e-06
 Reference value :  1.27046e-06
 Reference value :  1.27646e-06
 Reference value :  1.28196e-06
 Reference value :  1.28289e-06
 Reference value :  1.28299e-06
 Reference value :  1.28308e-06
 Reference value :  1.28324e-06
 Reference value :  1.28360e-06
 Reference value :  1.28367e-06
 Reference value :  1.28378e-06
 Reference value :  1.28388e-06
 Reference value :  1.28397e-06
 Reference value :  1.28408e-06
 Reference value :  1.28428e-06
 Reference value :  1.28440e-06
 Reference value :  1.28450e-06
 Reference value :  1.28462e-06
 Reference value :  1.28479e-06
 Reference value :  1.28488e-06
 Reference value :  1.28509e-06
 Reference value :  1.28535e-06
 Reference value :  1.28579e-06
 Reference value :  1.28762e-06
 Reference value :  1.29299e-06
 Reference value :  1.29899e-06
 Reference value :  1.30449e-06
 Reference value :  1.30999e-06
 Reference value :  1.31599e-06
 Reference value :  1.32199e-06
 Reference value :  1.32453e-06
 Reference value :  1.32463e-06
 Reference value :  1.32474e-06
 Reference value :  1.32495e-06
 Reference value :  1.32529e-06
 Reference value :  1.32543e-06
 Reference value :  1.32555e-06
 Reference value :  1.32566e-06
 Reference value :  1.32580e-06
 Reference value :  1.32606e-06
 Reference value :  1.32630e-06
 Reference value :  1.32654e-06
 Reference value :  1.32685e-06
 Reference value :  1.32735e-06
 Reference value :  1.32769e-06
 Reference value :  1.32804e-06
 Reference value :  1.32959e-06
 Reference value :  1.33160e-06
 Reference value :  1.33312e-06
 Reference value :  1.33338e-06
 Reference value :  1.33363e-06
 Reference value :  1.33381e-06
 Reference value :  1.33408e-06
 Reference value :  1.33494e-06
 Reference value :  1.33974e-06
 Reference value :  1.34524e-06
 Reference value :  1.35124e-06
 Reference value :  1.35724e-06
 Reference value :  1.36224e-06
 Reference value :  1.36620e-06
 Reference value :  1.36628e-06
 Reference value :  1.36637e-06
 Reference value :  1.36657e-06
 Reference value :  1.36689e-06
 Reference value :  1.36696e-06
 Reference value :  1.36711e-06
 Reference value :  1.36721e-06
 Reference value :  1.36733e-06
 Reference value :  1.36744e-06
 Reference value :  1.36767e-06
 Reference value :  1.36776e-06
 Reference value :  1.36785e-06
 Reference value :  1.36800e-06
 Reference value :  1.36811e-06
 Reference value :  1.36821e-06
 Reference value :  1.36853e-06
 Reference value :  1.36880e-06
 Reference value :  1.36933e-06
 Reference value :  1.37235e-06
 Reference value :  1.37935e-06
 Reference value :  1.38585e-06
 Reference value :  1.39085e-06
 Reference value :  1.39735e-06
 Reference value :  1.40235e-06
 Reference value :  1.40735e-06
 Reference value :  1.40791e-06
 Reference value :  1.40800e-06
 Reference value :  1.40815e-06
 Reference value :  1.40868e-06
 Reference value :  1.40889e-06
 Reference value :  1.40899e-06
 Reference value :  1.40915e-06
 Reference value :  1.40950e-06
 Reference value :  1.40986e-06
 Reference value :  1.41030e-06
 Reference value :  1.41140e-06
 Reference value :  1.41565e-06
 Reference value :  1.42065e-06
 Reference value :  1.42615e-06
 Reference value :  1.43165e-06
 Reference value :  1.43665e-06
 Reference value :  1.44165e-06
 Reference value :  1.44715e-06
 Reference value :  1.44955e-06
 Reference value :  1.44963e-06
 Reference value :  1.44973e-06
 Reference value :  1.44993e-06
 Reference value :  1.45021e-06
 Reference value :  1.45033e-06
 Reference value :  1.45044e-06
 Reference value :  1.45051e-06
 Reference value :  1.45063e-06
 Reference value :  1.45073e-06
 Reference value :  1.45086e-06
 Reference value :  1.45101e-06
 Reference value :  1.45117e-06
 Reference value :  1.45146e-06
 Reference value :  1.45200e-06
 Reference value :  1.45318e-06
 Reference value :  1.45782e-06
 Reference value :  1.46332e-06
 Reference value :  1.46932e-06
 Reference value :  1.47482e-06
 Reference value :  1.48032e-06
 Reference value :  1.48632e-06
 Reference value :  1.49117e-06
 Reference value :  1.49123e-06
 Reference value :  1.49135e-06
 Reference value :  1.49183e-06
 Reference value :  1.49207e-06
 Reference value :  1.49225e-06
 Reference value :  1.49237e-06
 Reference value :  1.49256e-06
 Reference value :  1.49281e-06
 Reference value :  1.49309e-06
 Reference value :  1.49337e-06
 Reference value :  1.49370e-06
 Reference value :  1.49453e-06
 Reference value :  1.49540e-06
 Reference value :  1.49680e-06
 Reference value :  1.50108e-06
 Reference value :  1.50708e-06
 Reference value :  1.51258e-06
 Reference value :  1.51758e-06
 Reference value :  1.52308e-06
 Reference value :  1.52958e-06
 Reference value :  1.53284e-06
 Reference value :  1.53293e-06
 Reference value :  1.53303e-06
 Reference value :  1.53319e-06
 Reference value :  1.53355e-06
 Reference value :  1.53363e-06
 Reference value :  1.53377e-06
 Reference value :  1.53387e-06
 Reference value :  1.53398e-06
 Reference value :  1.53406e-06
 Reference value :  1.53416e-06
 Reference value :  1.53430e-06
 Reference value :  1.53453e-06
 Reference value :  1.53484e-06
 Reference value :  1.53563e-06
 Reference value :  1.53906e-06
 Reference value :  1.54556e-06
 Reference value :  1.55106e-06
 Reference value :  1.55606e-06
 Reference value :  1.56156e-06
 Reference value :  1.56756e-06
 Reference value :  1.57306e-06
 Reference value :  1.57456e-06
 Reference value :  1.57467e-06
 Reference value :  1.57487e-06
 Reference value :  1.57529e-06
 Reference value :  1.57550e-06
 Reference value :  1.57563e-06
 Reference value :  1.57574e-06
 Reference value :  1.57594e-06
 Reference value :  1.57616e-06
 Reference value :  1.57639e-06
 Reference value :  1.57671e-06
 Reference value :  1.57713e-06
 Reference value :  1.57786e-06
 Reference value :  1.57831e-06
 Reference value :  1.58150e-06
 Reference value :  1.58697e-06
 Reference value :  1.58840e-06
 Reference value :  1.59031e-06
 Reference value :  1.59057e-06
 Reference value :  1.59086e-06
 Reference value :  1.59124e-06
 Reference value :  1.59198e-06
 Reference value :  1.59716e-06
 Reference value :  1.60716e-06
 Reference value :  1.61466e-06
 Reference value :  1.61621e-06
 Reference value :  1.61634e-06
 Reference value :  1.61652e-06
 Reference value :  1.61688e-06
 Reference value :  1.61698e-06
 Reference value :  1.61710e-06
 Reference value :  1.61723e-06
 Reference value :  1.61734e-06
 Reference value :  1.61750e-06
 Reference value :  1.61764e-06
 Reference value :  1.61776e-06
 Reference value :  1.61787e-06
 Reference value :  1.61800e-06
 Reference value :  1.61814e-06
 Reference value :  1.61827e-06
 Reference value :  1.61850e-06
 Reference value :  1.61881e-06
 Reference value :  1.61916e-06
 Reference value :  1.62027e-06
 Reference value :  1.62714e-06
 Reference value :  1.63214e-06
 Reference value :  1.63764e-06
 Reference value :  1.64314e-06
 Reference value :  1.64964e-06
 Reference value :  1.65514e-06
 Reference value :  1.65786e-06
 Reference value :  1.65796e-06
 Reference value :  1.65805e-06
 Reference value :  1.65828e-06
 Reference value :  1.65861e-06
 Reference value :  1.65876e-06
 Reference value :  1.65889e-06
 Reference value :  1.65900e-06
 Reference value :  1.65916e-06
 Reference value :  1.65937e-06
 Reference value :  1.65964e-06
 Reference value :  1.65986e-06
 Reference value :  1.66017e-06
 Reference value :  1.66061e-06
 Reference value :  1.66145e-06
 Reference value :  1.66207e-06
 Reference value :  1.66349e-06
 Reference value :  1.66883e-06
 Reference value :  1.67533e-06
 Reference value :  1.68083e-06
 Reference value :  1.68783e-06
 Reference value :  1.69233e-06
 Reference value :  1.69377e-06
 Reference value :  1.69432e-06
 Reference value :  1.69455e-06
 Reference value :  1.69480e-06
 Reference value :  1.69512e-06
 Reference value :  1.69592e-06
 Reference value :  1.69951e-06
 Reference value :  1.69961e-06
 Reference value :  1.69970e-06
 Reference value :  1.69984e-06
 Reference value :  1.70021e-06
 Reference value :  1.70034e-06
 Reference value :  1.70050e-06
 Reference value :  1.70063e-06
 Reference value :  1.70075e-06
 Reference value :  1.70093e-06
 Reference value :  1.70103e-06
 Reference value :  1.70120e-06
 Reference value :  1.70131e-06
 Reference value :  1.70141e-06
 Reference value :  1.70166e-06
 Reference value :  1.70191e-06
 Reference value :  1.70225e-06
 Reference value :  1.70304e-06
 Reference value :  1.70767e-06
 Reference value :  1.71267e-06
 Reference value :  1.71817e-06
 Reference value :  1.72367e-06
 Reference value :  1.73017e-06
 Reference value :  1.73567e-06
 Reference value :  1.74117e-06
 Reference value :  1.74125e-06
 Reference value :  1.74135e-06
 Reference value :  1.74148e-06
 Reference value :  1.74195e-06
 Reference value :  1.74217e-06
 Reference value :  1.74231e-06
 Reference value :  1.74249e-06
 Reference value :  1.74286e-06
 Reference value :  1.74320e-06
 Reference value :  1.74359e-06
 Reference value :  1.74438e-06
 Reference value :  1.74495e-06
 Reference value :  1.74588e-06
 Reference value :  1.74801e-06
 Reference value :  1.75348e-06
 Reference value :  1.75898e-06
 Reference value :  1.76448e-06
 Reference value :  1.77048e-06
 Reference value :  1.77648e-06
 Reference value :  1.78241e-06
 Reference value :  1.78290e-06
 Reference value :  1.78300e-06
 Reference value :  1.78312e-06
 Reference value :  1.78342e-06
 Reference value :  1.78360e-06
 Reference value :  1.78369e-06
 Reference value :  1.78380e-06
 Reference value :  1.78392e-06
 Reference value :  1.78403e-06
 Reference value :  1.78419e-06
 Reference value :  1.78432e-06
 Reference value :  1.78453e-06
 Reference value :  1.78490e-06
 Reference value :  1.78536e-06
 Reference value :  1.78666e-06
 Reference value :  1.79144e-06
 Reference value :  1.79744e-06
 Reference value :  1.80244e-06
 Reference value :  1.80794e-06
 Reference value :  1.81394e-06
 Reference value :  1.81944e-06
 Reference value :  1.82422e-06
 Reference value :  1.82455e-06
 Reference value :  1.82467e-06
 Reference value :  1.82486e-06
 Reference value :  1.82520e-06
 Reference value :  1.82533e-06
 Reference value :  1.82554e-06
 Reference value :  1.82563e-06
 Reference value :  1.82573e-06
 Reference value :  1.82597e-06
 Reference value :  1.82624e-06
 Reference value :  1.82643e-06
 Reference value :  1.82680e-06
 Reference value :  1.82736e-06
 Reference value :  1.82806e-06
 Reference value :  1.82862e-06
 Reference value :  1.83061e-06
 Reference value :  1.83541e-06
 Reference value :  1.84141e-06
 Reference value :  1.84791e-06
 Reference value :  1.85541e-06
 Reference value :  1.86291e-06
 Reference value :  1.86620e-06
 Reference value :  1.86628e-06
 Reference value :  1.86637e-06
 Reference value :  1.86651e-06
 Reference value :  1.86689e-06
 Reference value :  1.86697e-06
 Reference value :  1.86708e-06
 Reference value :  1.86717e-06
 Reference value :  1.86726e-06
 Reference value :  1.86735e-06
 Reference value :  1.86752e-06
 Reference value :  1.86764e-06
 Reference value :  1.86776e-06
 Reference value :  1.86791e-06
 Reference value :  1.86816e-06
 Reference value :  1.86854e-06
 Reference value :  1.86919e-06
 Reference value :  1.87247e-06
 Reference value :  1.87847e-06
 Reference value :  1.88397e-06
 Reference value :  1.88947e-06
 Reference value :  1.89697e-06
 Reference value :  1.90247e-06
 Reference value :  1.90783e-06
 Reference value :  1.90792e-06
 Reference value :  1.90801e-06
 Reference value :  1.90815e-06
 Reference value :  1.90862e-06
 Reference value :  1.90884e-06
 Reference value :  1.90893e-06
 Reference value :  1.90905e-06
 Reference value :  1.90920e-06
 Reference value :  1.90947e-06
 Reference value :  1.90974e-06
 Reference value :  1.91009e-06
 Reference value :  1.91037e-06
 Reference value :  1.91107e-06
 Reference value :  1.91172e-06
 Reference value :  1.91264e-06
 Reference value :  1.91560e-06
 Reference value :  1.92155e-06
 Reference value :  1.93005e-06
 Reference value :  1.93605e-06
 Reference value :  1.94305e-06
 Reference value :  1.94755e-06
 Reference value :  1.94901e-06
 Reference value :  1.94950e-06
 Reference value :  1.94957e-06
 Reference value :  1.94966e-06
 Reference value :  1.94975e-06
 Reference value :  1.94996e-06
 Reference value :  1.95018e-06
 Reference value :  1.95026e-06
 Reference value :  1.95037e-06
 Reference value :  1.95047e-06
 Reference value :  1.95056e-06
 Reference value :  1.95067e-06
 Reference value :  1.95078e-06
 Reference value :  1.95092e-06
 Reference value :  1.95100e-06
 Reference value :  1.95114e-06
 Reference value :  1.95126e-06
 Reference value :  1.95136e-06
 Reference value :  1.95158e-06
 Reference value :  1.95188e-06
 Reference value :  1.95214e-06
 Reference value :  1.95256e-06
 Reference value :  1.95413e-06
 Reference value :  1.95913e-06
 Reference value :  1.96413e-06
 Reference value :  1.96963e-06
 Reference value :  1.97613e-06
 Reference value :  1.98113e-06
 Reference value :  1.98613e-06
 Reference value :  1.99119e-06
 Reference value :  1.99130e-06
 Reference value :  1.99142e-06
 Reference value :  1.99174e-06
 Reference value :  1.99195e-06
 Reference value :  1.99208e-06
 Reference value :  1.99224e-06
 Reference value :  1.99235e-06
 Reference value :  1.99249e-06
 Reference value :  1.99271e-06
 Reference value :  1.99304e-06
 Reference value :  1.99330e-06
 Reference value :  1.99361e-06
 Reference value :  1.99436e-06
 Reference value :  1.99485e-06
 Reference value :  1.99559e-06
 Reference value :  1.99899e-06
 Reference value :  2.00399e-06
 Reference value :  2.00999e-06
 Reference value :  2.01699e-06
 Reference value :  2.02449e-06
 Reference value :  2.03099e-06
 Reference value :  2.03286e-06
 Reference value :  2.03296e-06
 Reference value :  2.03305e-06
 Reference value :  2.03325e-06
 Reference value :  2.03363e-06
 Reference value :  2.03374e-06
 Reference value :  2.03387e-06
 Reference value :  2.03396e-06
 Reference value :  2.03407e-06
 Reference value :  2.03423e-06
 Reference value :  2.03434e-06
 Reference value :  2.03446e-06
 Reference value :  2.03460e-06
 Reference value :  2.03485e-06
 Reference value :  2.03513e-06
 Reference value :  2.03581e-06
 Reference value :  2.03774e-06
 Reference value :  2.04323e-06
 Reference value :  2.04923e-06
 Reference value :  2.05423e-06
 Reference value :  2.05923e-06
 Reference value :  2.06523e-06
 Reference value :  2.07023e-06
 Reference value :  2.07451e-06
 Reference value :  2.07460e-06
 Reference value :  2.07471e-06
 Reference value :  2.07488e-06
 Reference value :  2.07529e-06
 Reference value :  2.07547e-06
 Reference value :  2.07557e-06
 Reference value :  2.07567e-06
 Reference value :  2.07582e-06
 Reference value :  2.07610e-06
 Reference value :  2.07633e-06
 Reference value :  2.07656e-06
 Reference value :  2.07693e-06
 Reference value :  2.07769e-06
 Reference value :  2.07830e-06
 Reference value :  2.07911e-06
 Reference value :  2.08130e-06
 Reference value :  2.08680e-06
 Reference value :  2.09280e-06
 Reference value :  2.09980e-06
 Reference value :  2.10580e-06
 Reference value :  2.11230e-06
 Reference value :  2.11619e-06
 Reference value :  2.11626e-06
 Reference value :  2.11636e-06
 Reference value :  2.11652e-06
 Reference value :  2.11683e-06
 Reference value :  2.11698e-06
 Reference value :  2.11705e-06
 Reference value :  2.11712e-06
 Reference value :  2.11720e-06
 Reference value :  2.11729e-06
 Reference value :  2.11742e-06
 Reference value :  2.11754e-06
 Reference value :  2.11772e-06
 Reference value :  2.11779e-06
 Reference value :  2.11791e-06
 Reference value :  2.11801e-06
 Reference value :  2.11810e-06
 Reference value :  2.11820e-06
 Reference value :  2.11831e-06
 Reference value :  2.11844e-06
 Reference value :  2.11860e-06
 Reference value :  2.11887e-06
 Reference value :  2.11918e-06
 Reference value :  2.12018e-06
 Reference value :  2.12631e-06
 Reference value :  2.13331e-06
 Reference value :  2.13881e-06
 Reference value :  2.14381e-06
 Reference value :  2.15031e-06
 Reference value :  2.15731e-06
 Reference value :  2.15791e-06
 Reference value :  2.15804e-06
 Reference value :  2.15830e-06
 Reference value :  2.15867e-06
 Reference value :  2.15886e-06
 Reference value :  2.15901e-06
 Reference value :  2.15917e-06
 Reference value :  2.15948e-06
 Reference value :  2.15971e-06
 Reference value :  2.15987e-06
 Reference value :  2.16003e-06
 Reference value :  2.16033e-06
 Reference value :  2.16061e-06
 Reference value :  2.16077e-06
 Reference value :  2.16096e-06
 Reference value :  2.16120e-06
 Reference value :  2.16158e-06
 Reference value :  2.16242e-06
 Reference value :  2.16548e-06
 Reference value :  2.17148e-06
 Reference value :  2.17698e-06
 Reference value :  2.18248e-06
 Reference value :  2.18798e-06
 Reference value :  2.19348e-06
 Reference value :  2.19848e-06
 Reference value :  2.19956e-06
 Reference value :  2.19964e-06
 Reference value :  2.19972e-06
 Reference value :  2.19992e-06
 Reference value :  2.20021e-06
 Reference value :  2.20036e-06
 Reference value :  2.20050e-06
 Reference value :  2.20054e-06
 Reference value :  2.20067e-06
 Reference value :  2.20080e-06
 Reference value :  2.20089e-06
 Reference value :  2.20102e-06
 Reference value :  2.20116e-06
 Reference value :  2.20130e-06
 Reference value :  2.20149e-06
 Reference value :  2.20168e-06
 Reference value :  2.20193e-06
 Reference value :  2.20232e-06
 Reference value :  2.20303e-06
 Reference value :  2.20500e-06
 Reference value :  2.20967e-06
 Reference value :  2.21617e-06
 Reference value :  2.22167e-06
 Reference value :  2.22717e-06
 Reference value :  2.23317e-06
 Reference value :  2.23917e-06
 Reference value :  2.24125e-06
 Reference value :  2.24135e-06
 Reference value :  2.24158e-06
 Reference value :  2.24189e-06
 Reference value :  2.24205e-06
 Reference value :  2.24221e-06
 Reference value :  2.24231e-06
 Reference value :  2.24245e-06
 Reference value :  2.24269e-06
 Reference value :  2.24295e-06
 Reference value :  2.24313e-06
 Reference value :  2.24331e-06
 Reference value :  2.24377e-06
 Reference value :  2.24400e-06
 Reference value :  2.24421e-06
 Reference value :  2.24452e-06
 Reference value :  2.24515e-06
 Reference value :  2.24650e-06
 Reference value :  2.25115e-06
 Reference value :  2.25715e-06
 Reference value :  2.26265e-06
 Reference value :  2.26765e-06
 Reference value :  2.27315e-06
 Reference value :  2.27965e-06
 Reference value :  2.28285e-06
 Reference value :  2.28292e-06
 Reference value :  2.28303e-06
 Reference value :  2.28314e-06
 Reference value :  2.28350e-06
 Reference value :  2.28362e-06
 Reference value :  2.28377e-06
 Reference value :  2.28384e-06
 Reference value :  2.28391e-06
 Reference value :  2.28402e-06
 Reference value :  2.28417e-06
 Reference value :  2.28431e-06
 Reference value :  2.28441e-06
 Reference value :  2.28448e-06
 Reference value :  2.28458e-06
 Reference value :  2.28472e-06
 Reference value :  2.28484e-06
 Reference value :  2.28494e-06
 Reference value :  2.28514e-06
 Reference value :  2.28540e-06
 Reference value :  2.28578e-06
 Reference value :  2.28659e-06
 Reference value :  2.29042e-06
 Reference value :  2.29592e-06
 Reference value :  2.30142e-06
 Reference value :  2.30692e-06
 Reference value :  2.31192e-06
 Reference value :  2.31742e-06
 Reference value :  2.32292e-06
 Reference value :  2.32453e-06
 Reference value :  2.32463e-06
 Reference value :  2.32473e-06
 Reference value :  2.32508e-06
 Reference value :  2.32528e-06
 Reference value :  2.32540e-06
 Reference value :  2.32556e-06
 Reference value :  2.32565e-06
 Reference value :  2.32577e-06
 Reference value :  2.32602e-06
 Reference value :  2.32624e-06
 Reference value :  2.32652e-06
 Reference value :  2.32675e-06
 Reference value :  2.32721e-06
 Reference value :  2.32779e-06
 Reference value :  2.32823e-06
 Reference value :  2.32972e-06
 Reference value :  2.33411e-06
 Reference value :  2.33557e-06
 Reference value :  2.33785e-06
 Reference value :  2.34276e-06
 Reference value :  2.34826e-06
 Reference value :  2.35326e-06
 Reference value :  2.35926e-06
 Reference value :  2.36476e-06
 Reference value :  2.36621e-06
 Reference value :  2.36630e-06
 Reference value :  2.36642e-06
 Reference value :  2.36667e-06
 Reference value :  2.36694e-06
 Reference value :  2.36707e-06
 Reference value :  2.36713e-06
 Reference value :  2.36724e-06
 Reference value :  2.36734e-06
 Reference value :  2.36753e-06
 Reference value :  2.36768e-06
 Reference value :  2.36779e-06
 Reference value :  2.36788e-06
 Reference value :  2.36801e-06
 Reference value :  2.36814e-06
 Reference value :  2.36832e-06
 Reference value :  2.36857e-06
 Reference value :  2.36886e-06
 Reference value :  2.36953e-06
 Reference value :  2.37284e-06
 Reference value :  2.37784e-06
 Reference value :  2.38284e-06
 Reference value :  2.38784e-06
 Reference value :  2.39284e-06
 Reference value :  2.39784e-06
 Reference value :  2.40334e-06
 Reference value :  2.40787e-06
 Reference value :  2.40797e-06
 Reference value :  2.40810e-06
 Reference value :  2.40849e-06
 Reference value :  2.40871e-06
 Reference value :  2.40883e-06
 Reference value :  2.40889e-06
 Reference value :  2.40899e-06
 Reference value :  2.40911e-06
 Reference value :  2.40935e-06
 Reference value :  2.40961e-06
 Reference value :  2.40989e-06
 Reference value :  2.41020e-06
 Reference value :  2.41064e-06
 Reference value :  2.41145e-06
 Reference value :  2.41513e-06
 Reference value :  2.41706e-06
 Reference value :  2.41827e-06
 Reference value :  2.41854e-06
 Reference value :  2.41871e-06
 Reference value :  2.41891e-06
 Reference value :  2.41916e-06
 Reference value :  2.41968e-06
 Reference value :  2.42111e-06
 Reference value :  2.42645e-06
 Reference value :  2.43145e-06
 Reference value :  2.43695e-06
 Reference value :  2.44245e-06
 Reference value :  2.44795e-06
 Reference value :  2.44953e-06
 Reference value :  2.44962e-06
 Reference value :  2.44970e-06
 Reference value :  2.44989e-06
 Reference value :  2.45021e-06
 Reference value :  2.45032e-06
 Reference value :  2.45046e-06
 Reference value :  2.45057e-06
 Reference value :  2.45068e-06
 Reference value :  2.45089e-06
 Reference value :  2.45105e-06
 Reference value :  2.45114e-06
 Reference value :  2.45125e-06
 Reference value :  2.45137e-06
 Reference value :  2.45150e-06
 Reference value :  2.45166e-06
 Reference value :  2.45193e-06
 Reference value :  2.45230e-06
 Reference value :  2.45288e-06
 Reference value :  2.45642e-06
 Reference value :  2.46192e-06
 Reference value :  2.46742e-06
 Reference value :  2.47292e-06
 Reference value :  2.47792e-06
 Reference value :  2.48342e-06
 Reference value :  2.48892e-06
 Reference value :  2.49120e-06
 Reference value :  2.49129e-06
 Reference value :  2.49138e-06
 Reference value :  2.49167e-06
 Reference value :  2.49196e-06
 Reference value :  2.49212e-06
 Reference value :  2.49225e-06
 Reference value :  2.49236e-06
 Reference value :  2.49252e-06
 Reference value :  2.49280e-06
 Reference value :  2.49307e-06
 Reference value :  2.49336e-06
 Reference value :  2.49380e-06
 Reference value :  2.49438e-06
 Reference value :  2.49480e-06
 Reference value :  2.49578e-06
 Reference value :  2.50011e-06
 Reference value :  2.50181e-06
 Reference value :  2.50460e-06
 Reference value :  2.51007e-06
 Reference value :  2.51557e-06
 Reference value :  2.52107e-06
 Reference value :  2.52657e-06
 Reference value :  2.53207e-06
 Reference value :  2.53289e-06
 Reference value :  2.53299e-06
 Reference value :  2.53309e-06
 Reference value :  2.53341e-06
 Reference value :  2.53361e-06
 Reference value :  2.53368e-06
 Reference value :  2.53379e-06
 Reference value :  2.53386e-06
 Reference value :  2.53399e-06
 Reference value :  2.53424e-06
 Reference value :  2.53443e-06
 Reference value :  2.53452e-06
 Reference value :  2.53466e-06
 Reference value :  2.53481e-06
 Reference value :  2.53501e-06
 Reference value :  2.53527e-06
 Reference value :  2.53566e-06
 Reference value :  2.53802e-06
 Reference value :  2.54352e-06
 Reference value :  2.54902e-06
 Reference value :  2.55452e-06
 Reference value :  2.56002e-06
 Reference value :  2.56552e-06
 Reference value :  2.57102e-06
 Reference value :  2.57454e-06
 Reference value :  2.57462e-06
 Reference value :  2.57470e-06
 Reference value :  2.57490e-06
 Reference value :  2.57529e-06
 Reference value :  2.57541e-06
 Reference value :  2.57557e-06
 Reference value :  2.57566e-06
 Reference value :  2.57583e-06
 Reference value :  2.57607e-06
 Reference value :  2.57631e-06
 Reference value :  2.57659e-06
 Reference value :  2.57695e-06
 Reference value :  2.57754e-06
 Reference value :  2.57804e-06
 Reference value :  2.57909e-06
 Reference value :  2.58309e-06
 Reference value :  2.58496e-06
 Reference value :  2.58697e-06
 Reference value :  2.59207e-06
 Reference value :  2.59757e-06
 Reference value :  2.60307e-06
 Reference value :  2.60857e-06
 Reference value :  2.61407e-06
 Reference value :  2.61619e-06
 Reference value :  2.61628e-06
 Reference value :  2.61637e-06
 Reference value :  2.61656e-06
 Reference value :  2.61688e-06
 Reference value :  2.61697e-06
 Reference value :  2.61710e-06
 Reference value :  2.61714e-06
 Reference value :  2.61723e-06
 Reference value :  2.61735e-06
 Reference value :  2.61762e-06
 Reference value :  2.61779e-06
 Reference value :  2.61790e-06
 Reference value :  2.61802e-06
 Reference value :  2.61816e-06
 Reference value :  2.61841e-06
 Reference value :  2.61870e-06
 Reference value :  2.61918e-06
 Reference value :  2.62240e-06
 Reference value :  2.62790e-06
 Reference value :  2.63340e-06
 Reference value :  2.63840e-06
 Reference value :  2.64390e-06
 Reference value :  2.64990e-06
 Reference value :  2.65540e-06
 Reference value :  2.65788e-06
 Reference value :  2.65796e-06
 Reference value :  2.65806e-06
 Reference value :  2.65847e-06
 Reference value :  2.65871e-06
 Reference value :  2.65890e-06
 Reference value :  2.65906e-06
 Reference value :  2.65934e-06
 Reference value :  2.65971e-06
 Reference value :  2.66017e-06
 Reference value :  2.66082e-06
 Reference value :  2.66144e-06
 Reference value :  2.66421e-06
 Reference value :  2.66737e-06
 Reference value :  2.66920e-06
 Reference value :  2.67520e-06
 Reference value :  2.68070e-06
 Reference value :  2.68620e-06
 Reference value :  2.69170e-06
 Reference value :  2.69720e-06
 Reference value :  2.69954e-06
 Reference value :  2.69965e-06
 Reference value :  2.69974e-06
 Reference value :  2.69994e-06
 Reference value :  2.70027e-06
 Reference value :  2.70037e-06
 Reference value :  2.70045e-06
 Reference value :  2.70051e-06
 Reference value :  2.70059e-06
 Reference value :  2.70071e-06
 Reference value :  2.70092e-06
 Reference value :  2.70107e-06
 Reference value :  2.70119e-06
 Reference value :  2.70129e-06
 Reference value :  2.70149e-06
 Reference value :  2.70173e-06
 Reference value :  2.70197e-06
 Reference value :  2.70269e-06
 Reference value :  2.70668e-06
 Reference value :  2.71218e-06
 Reference value :  2.71718e-06
 Reference value :  2.72218e-06
 Reference value :  2.72768e-06
 Reference value :  2.73268e-06
 Reference value :  2.73768e-06
 Reference value :  2.74119e-06
 Reference value :  2.74127e-06
 Reference value :  2.74137e-06
 Reference value :  2.74157e-06
 Reference value :  2.74195e-06
 Reference value :  2.74214e-06
 Reference value :  2.74228e-06
 Reference value :  2.74239e-06
 Reference value :  2.74257e-06
 Reference value :  2.74284e-06
 Reference value :  2.74307e-06
 Reference value :  2.74336e-06
 Reference value :  2.74379e-06
 Reference value :  2.74446e-06
 Reference value :  2.74549e-06
 Reference value :  2.74978e-06
 Reference value :  2.75110e-06
 Reference value :  2.75262e-06
 Reference value :  2.75646e-06
 Reference value :  2.76196e-06
 Reference value :  2.76796e-06
 Reference value :  2.77346e-06
 Reference value :  2.77896e-06
 Reference value :  2.78285e-06
 Reference value :  2.78293e-06
 Reference value :  2.78301e-06
 Reference value :  2.78313e-06
 Reference value :  2.78348e-06
 Reference value :  2.78361e-06
 Reference value :  2.78373e-06
 Reference value :  2.78379e-06
 Reference value :  2.78388e-06
 Reference value :  2.78397e-06
 Reference value :  2.78421e-06
 Reference value :  2.78435e-06
 Reference value :  2.78448e-06
 Reference value :  2.78462e-06
 Reference value :  2.78477e-06
 Reference value :  2.78502e-06
 Reference value :  2.78529e-06
 Reference value :  2.78571e-06
 Reference value :  2.78753e-06
 Reference value :  2.79288e-06
 Reference value :  2.79838e-06
 Reference value :  2.80338e-06
 Reference value :  2.80888e-06
 Reference value :  2.81438e-06
 Reference value :  2.81938e-06
 Reference value :  2.82450e-06
 Reference value :  2.82457e-06
 Reference value :  2.82466e-06
 Reference value :  2.82483e-06
 Reference value :  2.82516e-06
 Reference value :  2.82534e-06
 Reference value :  2.82550e-06
 Reference value :  2.82560e-06
 Reference value :  2.82572e-06
 Reference value :  2.82587e-06
 Reference value :  2.82616e-06
 Reference value :  2.82640e-06
 Reference value :  2.82663e-06
 Reference value :  2.82697e-06
 Reference value :  2.82761e-06
 Reference value :  2.82904e-06
 Reference value :  2.83309e-06
 Reference value :  2.83418e-06
 Reference value :  2.83499e-06
 Reference value :  2.83612e-06
 Reference value :  2.83807e-06
 Reference value :  2.84335e-06
 Reference value :  2.84923e-06
 Reference value :  2.85523e-06
 Reference value :  2.86073e-06
 Reference value :  2.86617e-06
 Reference value :  2.86623e-06
 Reference value :  2.86634e-06
 Reference value :  2.86643e-06
 Reference value :  2.86676e-06
 Reference value :  2.86692e-06
 Reference value :  2.86703e-06
 Reference value :  2.86714e-06
 Reference value :  2.86725e-06
 Reference value :  2.86738e-06
 Reference value :  2.86764e-06
 Reference value :  2.86778e-06
 Reference value :  2.86790e-06
 Reference value :  2.86806e-06
 Reference value :  2.86826e-06
 Reference value :  2.86861e-06
 Reference value :  2.86902e-06
 Reference value :  2.87046e-06
 Reference value :  2.87549e-06
 Reference value :  2.88099e-06
 Reference value :  2.88649e-06
 Reference value :  2.89199e-06
 Reference value :  2.89749e-06
 Reference value :  2.90299e-06
 Reference value :  2.90784e-06
 Reference value :  2.90793e-06
 Reference value :  2.90805e-06
 Reference value :  2.90835e-06
 Reference value :  2.90863e-06
 Reference value :  2.90877e-06
 Reference value :  2.90890e-06
 Reference value :  2.90900e-06
 Reference value :  2.90914e-06
 Reference value :  2.90933e-06
 Reference value :  2.90960e-06
 Reference value :  2.90988e-06
 Reference value :  2.91021e-06
 Reference value :  2.91064e-06
 Reference value :  2.91125e-06
 Reference value :  2.91574e-06
 Reference value :  2.91788e-06
 Reference value :  2.91881e-06
 Reference value :  2.91960e-06
 Reference value :  2.92112e-06
 Reference value :  2.92650e-06
 Reference value :  2.93299e-06
 Reference value :  2.93949e-06
 Reference value :  2.94599e-06
 Reference value :  2.94952e-06
 Reference value :  2.94962e-06
 Reference value :  2.94971e-06
 Reference value :  2.94996e-06
 Reference value :  2.95022e-06
 Reference value :  2.95031e-06
 Reference value :  2.95040e-06
 Reference value :  2.95046e-06
 Reference value :  2.95054e-06
 Reference value :  2.95066e-06
 Reference value :  2.95078e-06
 Reference value :  2.95092e-06
 Reference value :  2.95101e-06
 Reference value :  2.95112e-06
 Reference value :  2.95124e-06
 Reference value :  2.95147e-06
 Reference value :  2.95174e-06
 Reference value :  2.95207e-06
 Reference value :  2.95345e-06
 Reference value :  2.96035e-06
 Reference value :  2.96785e-06
 Reference value :  2.97485e-06
 Reference value :  2.98185e-06
 Reference value :  2.98735e-06
 Reference value :  2.99119e-06
 Reference value :  2.99126e-06
 Reference value :  2.99137e-06
 Reference value :  2.99150e-06
 Reference value :  2.99195e-06
 Reference value :  2.99211e-06
 Reference value :  2.99224e-06
 Reference value :  2.99233e-06
 Reference value :  2.99249e-06
 Reference value :  2.99270e-06
 Reference value :  2.99297e-06
 Reference value :  2.99328e-06
 Reference value :  2.99379e-06
 Reference value :  2.99451e-06
 Reference value :  2.99831e-06
 Reference value :  3.00157e-06
 Reference value :  3.00236e-06
 Reference value :  3.00331e-06
 Reference value :  3.00725e-06
 Reference value :  3.01275e-06
 Reference value :  3.01775e-06
 Reference value :  3.02275e-06
 Reference value :  3.02825e-06
 Reference value :  3.03283e-06
 Reference value :  3.03289e-06
 Reference value :  3.03299e-06
 Reference value :  3.03307e-06
 Reference value :  3.03326e-06
 Reference value :  3.03354e-06
 Reference value :  3.03371e-06
 Reference value :  3.03380e-06
 Reference value :  3.03391e-06
 Reference value :  3.03401e-06
 Reference value :  3.03421e-06
 Reference value :  3.03436e-06
 Reference value :  3.03448e-06
 Reference value :  3.03460e-06
 Reference value :  3.03474e-06
 Reference value :  3.03496e-06
 Reference value :  3.03523e-06
 Reference value :  3.03571e-06
 Reference value :  3.03728e-06
 Reference value :  3.04219e-06
 Reference value :  3.04769e-06
 Reference value :  3.05319e-06
 Reference value :  3.05869e-06
 Reference value :  3.06469e-06
 Reference value :  3.07019e-06
 Reference value :  3.07453e-06
 Reference value :  3.07462e-06
 Reference value :  3.07470e-06
 Reference value :  3.07483e-06
 Reference value :  3.07512e-06
 Reference value :  3.07532e-06
 Reference value :  3.07550e-06
 Reference value :  3.07555e-06
 Reference value :  3.07567e-06
 Reference value :  3.07581e-06
 Reference value :  3.07612e-06
 Reference value :  3.07636e-06
 Reference value :  3.07662e-06
 Reference value :  3.07694e-06
 Reference value :  3.07768e-06
 Reference value :  3.08020e-06
 Reference value :  3.08361e-06
 Reference value :  3.08483e-06
 Reference value :  3.08544e-06
 Reference value :  3.08587e-06
 Reference value :  3.08668e-06
 Reference value :  3.09106e-06
 Reference value :  3.09656e-06
 Reference value :  3.10206e-06
 Reference value :  3.10756e-06
 Reference value :  3.11356e-06
 Reference value :  3.11619e-06
 Reference value :  3.11628e-06
 Reference value :  3.11638e-06
 Reference value :  3.11658e-06
 Reference value :  3.11687e-06
 Reference value :  3.11703e-06
 Reference value :  3.11710e-06
 Reference value :  3.11721e-06
 Reference value :  3.11731e-06
 Reference value :  3.11740e-06
 Reference value :  3.11748e-06
 Reference value :  3.11761e-06
 Reference value :  3.11780e-06
 Reference value :  3.11790e-06
 Reference value :  3.11800e-06
 Reference value :  3.11811e-06
 Reference value :  3.11831e-06
 Reference value :  3.11846e-06
 Reference value :  3.11860e-06
 Reference value :  3.11875e-06
 Reference value :  3.11894e-06
 Reference value :  3.11927e-06
 Reference value :  3.12007e-06
 Reference value :  3.12385e-06
 Reference value :  3.12935e-06
 Reference value :  3.13485e-06
 Reference value :  3.13985e-06
 Reference value :  3.14535e-06
 Reference value :  3.15235e-06
 Reference value :  3.15784e-06
 Reference value :  3.15796e-06
 Reference value :  3.15809e-06
 Reference value :  3.15848e-06
 Reference value :  3.15875e-06
 Reference value :  3.15890e-06
 Reference value :  3.15905e-06
 Reference value :  3.15920e-06
 Reference value :  3.15946e-06
 Reference value :  3.15967e-06
 Reference value :  3.15988e-06
 Reference value :  3.16006e-06
 Reference value :  3.16032e-06
 Reference value :  3.16074e-06
 Reference value :  3.16100e-06
 Reference value :  3.16168e-06
 Reference value :  3.16215e-06
 Reference value :  3.16239e-06
 Reference value :  3.16281e-06
 Reference value :  3.16313e-06
 Reference value :  3.16342e-06
 Reference value :  3.16400e-06
 Reference value :  3.16603e-06
 Reference value :  3.17152e-06
 Reference value :  3.17702e-06
 Reference value :  3.18202e-06
 Reference value :  3.18752e-06
 Reference value :  3.19352e-06
 Reference value :  3.19902e-06
 Reference value :  3.19957e-06
 Reference value :  3.19967e-06
 Reference value :  3.19981e-06
 Reference value :  3.20015e-06
 Reference value :  3.20034e-06
 Reference value :  3.20050e-06
 Reference value :  3.20055e-06
 Reference value :  3.20063e-06
 Reference value :  3.20080e-06
 Reference value :  3.20088e-06
 Reference value :  3.20099e-06
 Reference value :  3.20114e-06
 Reference value :  3.20127e-06
 Reference value :  3.20138e-06
 Reference value :  3.20155e-06
 Reference value :  3.20176e-06
 Reference value :  3.20209e-06
 Reference value :  3.20261e-06
 Reference value :  3.20386e-06
 Reference value :  3.20843e-06
 Reference value :  3.21393e-06
 Reference value :  3.21943e-06
 Reference value :  3.22493e-06
 Reference value :  3.23093e-06
 Reference value :  3.23643e-06
 Reference value :  3.24117e-06
 Reference value :  3.24126e-06
 Reference value :  3.24135e-06
 Reference value :  3.24149e-06
 Reference value :  3.24180e-06
 Reference value :  3.24204e-06
 Reference value :  3.24218e-06
 Reference value :  3.24228e-06
 Reference value :  3.24238e-06
 Reference value :  3.24260e-06
 Reference value :  3.24283e-06
 Reference value :  3.24308e-06
 Reference value :  3.24327e-06
 Reference value :  3.24343e-06
 Reference value :  3.24392e-06
 Reference value :  3.24441e-06
 Reference value :  3.24504e-06
 Reference value :  3.24535e-06
 Reference value :  3.24567e-06
 Reference value :  3.24589e-06
 Reference value :  3.24622e-06
 Reference value :  3.24675e-06
 Reference value :  3.24751e-06
 Reference value :  3.25013e-06
 Reference value :  3.25513e-06
 Reference value :  3.26013e-06
 Reference value :  3.26663e-06
 Reference value :  3.27213e-06
 Reference value :  3.27713e-06
 Reference value :  3.28248e-06
 Reference value :  3.28289e-06
 Reference value :  3.28299e-06
 Reference value :  3.28308e-06
 Reference value :  3.28334e-06
 Reference value :  3.28360e-06
 Reference value :  3.28367e-06
 Reference value :  3.28380e-06
 Reference value :  3.28390e-06
 Reference value :  3.28399e-06
 Reference value :  3.28415e-06
 Reference value :  3.28431e-06
 Reference value :  3.28441e-06
 Reference value :  3.28448e-06
 Reference value :  3.28459e-06
 Reference value :  3.28467e-06
 Reference value :  3.28483e-06
 Reference value :  3.28493e-06
 Reference value :  3.28512e-06
 Reference value :  3.28531e-06
 Reference value :  3.28562e-06
 Reference value :  3.28629e-06
 Reference value :  3.29068e-06
 Reference value :  3.29668e-06
 Reference value :  3.30168e-06
 Reference value :  3.30718e-06
 Reference value :  3.31268e-06
 Reference value :  3.31818e-06
 Reference value :  3.32318e-06
 Reference value :  3.32455e-06
 Reference value :  3.32466e-06
 Reference value :  3.32475e-06
 Reference value :  3.32502e-06
 Reference value :  3.32529e-06
 Reference value :  3.32540e-06
 Reference value :  3.32552e-06
 Reference value :  3.32561e-06
 Reference value :  3.32571e-06
 Reference value :  3.32589e-06
 Reference value :  3.32612e-06
 Reference value :  3.32634e-06
 Reference value :  3.32660e-06
 Reference value :  3.32687e-06
 Reference value :  3.32732e-06
 Reference value :  3.32773e-06
 Reference value :  3.32827e-06
 Reference value :  3.32948e-06
 Reference value :  3.33355e-06
 Reference value :  3.33905e-06
 Reference value :  3.34455e-06
 Reference value :  3.35055e-06
 Reference value :  3.35755e-06
 Reference value :  3.36255e-06
 Reference value :  3.36618e-06
 Reference value :  3.36628e-06
 Reference value :  3.36639e-06
 Reference value :  3.36675e-06
 Reference value :  3.36694e-06
 Reference value :  3.36706e-06
 Reference value :  3.36712e-06
 Reference value :  3.36723e-06
 Reference value :  3.36731e-06
 Reference value :  3.36750e-06
 Reference value :  3.36765e-06
 Reference value :  3.36778e-06
 Reference value :  3.36790e-06
 Reference value :  3.36801e-06
 Reference value :  3.36814e-06
 Reference value :  3.36832e-06
 Reference value :  3.36861e-06
 Reference value :  3.36897e-06
 Reference value :  3.37132e-06
 Reference value :  3.37682e-06
 Reference value :  3.38232e-06
 Reference value :  3.38732e-06
 Reference value :  3.39282e-06
 Reference value :  3.39832e-06
 Reference value :  3.40332e-06
 Reference value :  3.40783e-06
 Reference value :  3.40790e-06
 Reference value :  3.40799e-06
 Reference value :  3.40808e-06
 Reference value :  3.40832e-06
 Reference value :  3.40864e-06
 Reference value :  3.40878e-06
 Reference value :  3.40889e-06
 Reference value :  3.40899e-06
 Reference value :  3.40910e-06
 Reference value :  3.40933e-06
 Reference value :  3.40960e-06
 Reference value :  3.40982e-06
 Reference value :  3.41010e-06
 Reference value :  3.41035e-06
 Reference value :  3.41075e-06
 Reference value :  3.41130e-06
 Reference value :  3.41199e-06
 Reference value :  3.41325e-06
 Reference value :  3.41702e-06
 Reference value :  3.42202e-06
 Reference value :  3.42702e-06
 Reference value :  3.43202e-06
 Reference value :  3.43752e-06
 Reference value :  3.44302e-06
 Reference value :  3.44852e-06
 Reference value :  3.44956e-06
 Reference value :  3.44966e-06
 Reference value :  3.44980e-06
 Reference value :  3.45015e-06
 Reference value :  3.45028e-06
 Reference value :  3.45044e-06
 Reference value :  3.45053e-06
 Reference value :  3.45063e-06
 Reference value :  3.45086e-06
 Reference value :  3.45104e-06
 Reference value :  3.45116e-06
 Reference value :  3.45129e-06
 Reference value :  3.45141e-06
 Reference value :  3.45158e-06
 Reference value :  3.45179e-06
 Reference value :  3.45212e-06
 Reference value :  3.45282e-06
 Reference value :  3.45657e-06
 Reference value :  3.46157e-06
 Reference value :  3.46657e-06
 Reference value :  3.47207e-06
 Reference value :  3.47757e-06
 Reference value :  3.48307e-06
 Reference value :  3.48857e-06
 Reference value :  3.49119e-06
 Reference value :  3.49128e-06
 Reference value :  3.49139e-06
 Reference value :  3.49163e-06
 Reference value :  3.49196e-06
 Reference value :  3.49211e-06
 Reference value :  3.49222e-06
 Reference value :  3.49231e-06
 Reference value :  3.49242e-06
 Reference value :  3.49263e-06
 Reference value :  3.49292e-06
 Reference value :  3.49315e-06
 Reference value :  3.49344e-06
 Reference value :  3.49382e-06
 Reference value :  3.49449e-06
 Reference value :  3.49570e-06
 Reference value :  3.49859e-06
 Reference value :  3.50359e-06
 Reference value :  3.50859e-06
 Reference value :  3.51359e-06
 Reference value :  3.51859e-06
 Reference value :  3.52409e-06
 Reference value :  3.53059e-06
 Reference value :  3.53290e-06
 Reference value :  3.53305e-06
 Reference value :  3.53348e-06
 Reference value :  3.53362e-06
 Reference value :  3.53376e-06
 Reference value :  3.53389e-06
 Reference value :  3.53409e-06
 Reference value :  3.53433e-06
 Reference value :  3.53449e-06
 Reference value :  3.53461e-06
 Reference value :  3.53475e-06
 Reference value :  3.53492e-06
 Reference value :  3.53521e-06
 Reference value :  3.53579e-06
 Reference value :  3.54216e-06
 Reference value :  3.55066e-06
 Reference value :  3.55716e-06
 Reference value :  3.56616e-06
 Reference value :  3.57408e-06
 Reference value :  3.57463e-06
 Reference value :  3.57487e-06
 Reference value :  3.57530e-06
 Reference value :  3.57550e-06
 Reference value :  3.57563e-06
 Reference value :  3.57582e-06
 Reference value :  3.57626e-06
 Reference value :  3.57664e-06
 Reference value :  3.57708e-06
 Reference value :  3.57777e-06
 Reference value :  3.57860e-06
 Reference value :  3.58221e-06
 Reference value :  3.58921e-06
 Reference value :  3.59521e-06
 Reference value :  3.60171e-06
 Reference value :  3.61071e-06
 Reference value :  3.61620e-06
 Reference value :  3.61634e-06
 Reference value :  3.61649e-06
 Reference value :  3.61688e-06
 Reference value :  3.61703e-06
 Reference value :  3.61715e-06
 Reference value :  3.61730e-06
 Reference value :  3.61752e-06
 Reference value :  3.61767e-06
 Reference value :  3.61780e-06
 Reference value :  3.61792e-06
 Reference value :  3.61808e-06
 Reference value :  3.61830e-06
 Reference value :  3.61865e-06
 Reference value :  3.62093e-06
 Reference value :  3.62883e-06
 Reference value :  3.63733e-06
 Reference value :  3.64483e-06
 Reference value :  3.65233e-06
 Reference value :  3.65785e-06
 Reference value :  3.65799e-06
 Reference value :  3.65813e-06
 Reference value :  3.65863e-06
 Reference value :  3.65884e-06
 Reference value :  3.65895e-06
 Reference value :  3.65906e-06
 Reference value :  3.65930e-06
 Reference value :  3.65965e-06
 Reference value :  3.66000e-06
 Reference value :  3.66059e-06
 Reference value :  3.66108e-06
 Reference value :  3.66162e-06
 Reference value :  3.66248e-06
 Reference value :  3.66702e-06
 Reference value :  3.67502e-06
 Reference value :  3.68402e-06
 Reference value :  3.69002e-06
 Reference value :  3.69652e-06
 Reference value :  3.69958e-06
 Reference value :  3.69972e-06
 Reference value :  3.70010e-06
 Reference value :  3.70028e-06
 Reference value :  3.70040e-06
 Reference value :  3.70053e-06
 Reference value :  3.70068e-06
 Reference value :  3.70096e-06
 Reference value :  3.70111e-06
 Reference value :  3.70124e-06
 Reference value :  3.70141e-06
 Reference value :  3.70170e-06
 Reference value :  3.70229e-06
 Reference value :  3.70579e-06
 Reference value :  3.71429e-06
 Reference value :  3.72479e-06
 Reference value :  3.73329e-06
 Reference value :  3.74119e-06
 Reference value :  3.74134e-06
 Reference value :  3.74147e-06
 Reference value :  3.74190e-06
 Reference value :  3.74215e-06
 Reference value :  3.74230e-06
 Reference value :  3.74243e-06
 Reference value :  3.74279e-06
 Reference value :  3.74315e-06
 Reference value :  3.74344e-06
 Reference value :  3.74409e-06
 Reference value :  3.74450e-06
 Reference value :  3.74530e-06
 Reference value :  3.74611e-06
 Reference value :  3.75184e-06
 Reference value :  3.76034e-06
 Reference value :  3.76884e-06
 Reference value :  3.77484e-06
 Reference value :  3.78284e-06
 Reference value :  3.78301e-06
 Reference value :  3.78322e-06
 Reference value :  3.78355e-06
 Reference value :  3.78366e-06
 Reference value :  3.78380e-06
 Reference value :  3.78396e-06
 Reference value :  3.78434e-06
 Reference value :  3.78451e-06
 Reference value :  3.78467e-06
 Reference value :  3.78493e-06
 Reference value :  3.78534e-06
 Reference value :  3.78639e-06
 Reference value :  3.79468e-06
 Reference value :  3.80218e-06
 Reference value :  3.81068e-06
 Reference value :  3.81968e-06
 Reference value :  3.82456e-06
 Reference value :  3.82473e-06
 Reference value :  3.82509e-06
 Reference value :  3.82540e-06
 Reference value :  3.82556e-06
 Reference value :  3.82572e-06
 Reference value :  3.82596e-06
 Reference value :  3.82629e-06
 Reference value :  3.82656e-06
 Reference value :  3.82703e-06
 Reference value :  3.82769e-06
 Reference value :  3.82851e-06
 Reference value :  3.82897e-06
 Reference value :  3.82974e-06
 Reference value :  3.83643e-06
 Reference value :  3.84543e-06
 Reference value :  3.85393e-06
 Reference value :  3.86243e-06
 Reference value :  3.86619e-06
 Reference value :  3.86634e-06
 Reference value :  3.86656e-06
 Reference value :  3.86694e-06
 Reference value :  3.86711e-06
 Reference value :  3.86721e-06
 Reference value :  3.86743e-06
 Reference value :  3.86773e-06
 Reference value :  3.86794e-06
 Reference value :  3.86813e-06
 Reference value :  3.86839e-06
 Reference value :  3.86874e-06
 Reference value :  3.86963e-06
 Reference value :  3.87708e-06
 Reference value :  3.88708e-06
 Reference value :  3.89808e-06
 Reference value :  3.90784e-06
 Reference value :  3.90796e-06
 Reference value :  3.90814e-06
 Reference value :  3.90857e-06
 Reference value :  3.90883e-06
 Reference value :  3.90897e-06
 Reference value :  3.90914e-06
 Reference value :  3.90949e-06
 Reference value :  3.90996e-06
 Reference value :  3.91035e-06
 Reference value :  3.91088e-06
 Reference value :  3.91138e-06
 Reference value :  3.91233e-06
 Reference value :  3.91593e-06
 Reference value :  3.92493e-06
 Reference value :  3.93343e-06
 Reference value :  3.94193e-06
 Reference value :  3.94954e-06
 Reference value :  3.94966e-06
 Reference value :  3.94979e-06
 Reference value :  3.95014e-06
 Reference value :  3.95027e-06
 Reference value :  3.95043e-06
 Reference value :  3.95052e-06
 Reference value :  3.95069e-06
 Reference value :  3.95088e-06
 Reference value :  3.95107e-06
 Reference value :  3.95126e-06
 Reference value :  3.95141e-06
 Reference value :  3.95184e-06
 Reference value :  3.95262e-06
 Reference value :  3.96137e-06
 Reference value :  3.97037e-06
 Reference value :  3.97637e-06
 Reference value :  3.98437e-06
 Reference value :  3.99117e-06
 Reference value :  3.99130e-06
 Reference value :  3.99147e-06
 Reference value :  3.99176e-06
 Reference value :  3.99204e-06
 Reference value :  3.99222e-06
 Reference value :  3.99237e-06
 Reference value :  3.99266e-06
 Reference value :  3.99303e-06
 Reference value :  3.99329e-06
 Reference value :  3.99368e-06
 Reference value :  3.99426e-06
 Reference value :  3.99507e-06
 Reference value :  3.99596e-06
 Reference value :  3.99704e-06
 Reference value :  4.00036e-06
 Reference value :  4.00886e-06
 Reference value :  4.01736e-06
 Reference value :  4.02486e-06
 Reference value :  4.03283e-06
 Reference value :  4.03295e-06
 Reference value :  4.03305e-06
 Reference value :  4.03343e-06
 Reference value :  4.03364e-06
 Reference value :  4.03378e-06
 Reference value :  4.03391e-06
 Reference value :  4.03408e-06
 Reference value :  4.03425e-06
 Reference value :  4.03446e-06
 Reference value :  4.03463e-06
 Reference value :  4.03481e-06
 Reference value :  4.03503e-06
 Reference value :  4.03538e-06
 Reference value :  4.03589e-06
 Reference value :  4.04316e-06
 Reference value :  4.05166e-06
 Reference value :  4.06016e-06
 Reference value :  4.06816e-06
 Reference value :  4.07366e-06
 Reference value :  4.07456e-06
 Reference value :  4.07471e-06
 Reference value :  4.07506e-06
 Reference value :  4.07540e-06
 Reference value :  4.07555e-06
 Reference value :  4.07568e-06
 Reference value :  4.07596e-06
 Reference value :  4.07630e-06
 Reference value :  4.07666e-06
 Reference value :  4.07713e-06
 Reference value :  4.07790e-06
 Reference value :  4.07841e-06
 Reference value :  4.07875e-06
 Reference value :  4.07961e-06
 Reference value :  4.08254e-06
 Reference value :  4.09103e-06
 Reference value :  4.09953e-06
 Reference value :  4.10753e-06
 Reference value :  4.11403e-06
 Reference value :  4.11626e-06
 Reference value :  4.11644e-06
 Reference value :  4.11690e-06
 Reference value :  4.11717e-06
 Reference value :  4.11733e-06
 Reference value :  4.11744e-06
 Reference value :  4.11765e-06
 Reference value :  4.11782e-06
 Reference value :  4.11798e-06
 Reference value :  4.11815e-06
 Reference value :  4.11830e-06
 Reference value :  4.11853e-06
 Reference value :  4.11896e-06
 Reference value :  4.12081e-06
 Reference value :  4.13028e-06
 Reference value :  4.13778e-06
 Reference value :  4.14528e-06
 Reference value :  4.15078e-06
 Reference value :  4.15784e-06
 Reference value :  4.15798e-06
 Reference value :  4.15819e-06
 Reference value :  4.15867e-06
 Reference value :  4.15885e-06
 Reference value :  4.15900e-06
 Reference value :  4.15923e-06
 Reference value :  4.15965e-06
 Reference value :  4.15993e-06
 Reference value :  4.16030e-06
 Reference value :  4.16055e-06
 Reference value :  4.16080e-06
 Reference value :  4.16113e-06
 Reference value :  4.16185e-06
 Reference value :  4.16751e-06
 Reference value :  4.17551e-06
 Reference value :  4.18651e-06
 Reference value :  4.19601e-06
 Reference value :  4.19957e-06
 Reference value :  4.19973e-06
 Reference value :  4.19989e-06
 Reference value :  4.20039e-06
 Reference value :  4.20057e-06
 Reference value :  4.20077e-06
 Reference value :  4.20094e-06
 Reference value :  4.20107e-06
 Reference value :  4.20123e-06
 Reference value :  4.20139e-06
 Reference value :  4.20165e-06
 Reference value :  4.20215e-06
 Reference value :  4.20337e-06
 Reference value :  4.20775e-06
 Reference value :  4.21325e-06
 Reference value :  4.22175e-06
 Reference value :  4.22975e-06
 Reference value :  4.23725e-06
 Reference value :  4.24122e-06
 Reference value :  4.24134e-06
 Reference value :  4.24166e-06
 Reference value :  4.24205e-06
 Reference value :  4.24228e-06
 Reference value :  4.24250e-06
 Reference value :  4.24287e-06
 Reference value :  4.24307e-06
 Reference value :  4.24330e-06
 Reference value :  4.24377e-06
 Reference value :  4.24416e-06
 Reference value :  4.24492e-06
 Reference value :  4.24773e-06
 Reference value :  4.25540e-06
 Reference value :  4.26390e-06
 Reference value :  4.27190e-06
 Reference value :  4.27990e-06
 Reference value :  4.28290e-06
 Reference value :  4.28300e-06
 Reference value :  4.28342e-06
 Reference value :  4.28363e-06
 Reference value :  4.28384e-06
 Reference value :  4.28392e-06
 Reference value :  4.28402e-06
 Reference value :  4.28427e-06
 Reference value :  4.28448e-06
 Reference value :  4.28470e-06
 Reference value :  4.28493e-06
 Reference value :  4.28538e-06
 Reference value :  4.28614e-06
 Reference value :  4.28958e-06
 Reference value :  4.29808e-06
 Reference value :  4.30608e-06
 Reference value :  4.31408e-06
 Reference value :  4.32208e-06
 Reference value :  4.32456e-06
 Reference value :  4.32473e-06
 Reference value :  4.32522e-06
 Reference value :  4.32543e-06
 Reference value :  4.32564e-06
 Reference value :  4.32578e-06
 Reference value :  4.32606e-06
 Reference value :  4.32643e-06
 Reference value :  4.32698e-06
 Reference value :  4.32796e-06
 Reference value :  4.32870e-06
 Reference value :  4.33249e-06
 Reference value :  4.33434e-06
 Reference value :  4.33554e-06
 Reference value :  4.33585e-06
 Reference value :  4.33640e-06
 Reference value :  4.34094e-06
 Reference value :  4.34794e-06
 Reference value :  4.35494e-06
 Reference value :  4.36294e-06
 Reference value :  4.36628e-06
 Reference value :  4.36652e-06
 Reference value :  4.36689e-06
 Reference value :  4.36703e-06
 Reference value :  4.36722e-06
 Reference value :  4.36738e-06
 Reference value :  4.36765e-06
 Reference value :  4.36779e-06
 Reference value :  4.36788e-06
 Reference value :  4.36798e-06
 Reference value :  4.36823e-06
 Reference value :  4.36867e-06
 Reference value :  4.36959e-06
 Reference value :  4.37776e-06
 Reference value :  4.38526e-06
 Reference value :  4.39176e-06
 Reference value :  4.39976e-06
 Reference value :  4.40783e-06
 Reference value :  4.40796e-06
 Reference value :  4.40822e-06
 Reference value :  4.40856e-06
 Reference value :  4.40872e-06
 Reference value :  4.40891e-06
 Reference value :  4.40907e-06
 Reference value :  4.40946e-06
 Reference value :  4.40986e-06
 Reference value :  4.41023e-06
 Reference value :  4.41089e-06
 Reference value :  4.41539e-06
 Reference value :  4.41740e-06
 Reference value :  4.41881e-06
 Reference value :  4.42342e-06
 Reference value :  4.42892e-06
 Reference value :  4.43992e-06
 Reference value :  4.44792e-06
 Reference value :  4.44958e-06
 Reference value :  4.44971e-06
 Reference value :  4.45005e-06
 Reference value :  4.45032e-06
 Reference value :  4.45051e-06
 Reference value :  4.45071e-06
 Reference value :  4.45104e-06
 Reference value :  4.45123e-06
 Reference value :  4.45138e-06
 Reference value :  4.45151e-06
 Reference value :  4.45181e-06
 Reference value :  4.45269e-06
 Reference value :  4.45866e-06
 Reference value :  4.46616e-06
 Reference value :  4.47416e-06
 Reference value :  4.48116e-06
 Reference value :  4.49016e-06
 Reference value :  4.49126e-06
 Reference value :  4.49141e-06
 Reference value :  4.49199e-06
 Reference value :  4.49213e-06
 Reference value :  4.49225e-06
 Reference value :  4.49239e-06
 Reference value :  4.49273e-06
 Reference value :  4.49327e-06
 Reference value :  4.49421e-06
 Reference value :  4.49529e-06
 Reference value :  4.50014e-06
 Reference value :  4.50207e-06
 Reference value :  4.50307e-06
 Reference value :  4.50335e-06
 Reference value :  4.50430e-06
 Reference value :  4.51072e-06
 Reference value :  4.52022e-06
 Reference value :  4.52872e-06
 Reference value :  4.53287e-06
 Reference value :  4.53304e-06
 Reference value :  4.53335e-06
 Reference value :  4.53361e-06
 Reference value :  4.53384e-06
 Reference value :  4.53399e-06
 Reference value :  4.53426e-06
 Reference value :  4.53444e-06
 Reference value :  4.53455e-06
 Reference value :  4.53473e-06
 Reference value :  4.53494e-06
 Reference value :  4.53517e-06
 Reference value :  4.53564e-06
 Reference value :  4.53899e-06
 Reference value :  4.54649e-06
 Reference value :  4.55549e-06
 Reference value :  4.56249e-06
 Reference value :  4.56849e-06
 Reference value :  4.57453e-06
 Reference value :  4.57467e-06
 Reference value :  4.57493e-06
 Reference value :  4.57529e-06
 Reference value :  4.57548e-06
 Reference value :  4.57562e-06
 Reference value :  4.57581e-06
 Reference value :  4.57624e-06
 Reference value :  4.57673e-06
 Reference value :  4.57759e-06
 Reference value :  4.57814e-06
 Reference value :  4.58282e-06
 Reference value :  4.58461e-06
 Reference value :  4.58603e-06
 Reference value :  4.58635e-06
 Reference value :  4.58671e-06
 Reference value :  4.59020e-06
 Reference value :  4.59970e-06
 Reference value :  4.60870e-06
 Reference value :  4.61619e-06
 Reference value :  4.61634e-06
 Reference value :  4.61655e-06
 Reference value :  4.61693e-06
 Reference value :  4.61714e-06
 Reference value :  4.61731e-06
 Reference value :  4.61764e-06
 Reference value :  4.61784e-06
 Reference value :  4.61798e-06
 Reference value :  4.61821e-06
 Reference value :  4.61849e-06
 Reference value :  4.61906e-06
 Reference value :  4.62370e-06
 Reference value :  4.63320e-06
 Reference value :  4.64070e-06
 Reference value :  4.64720e-06
 Reference value :  4.65420e-06
 Reference value :  4.65791e-06
 Reference value :  4.65806e-06
 Reference value :  4.65842e-06
 Reference value :  4.65874e-06
 Reference value :  4.65892e-06
 Reference value :  4.65916e-06
 Reference value :  4.65965e-06
 Reference value :  4.66005e-06
 Reference value :  4.66107e-06
 Reference value :  4.66301e-06
 Reference value :  4.66694e-06
 Reference value :  4.66881e-06
 Reference value :  4.66915e-06
 Reference value :  4.66969e-06
 Reference value :  4.67298e-06
 Reference value :  4.68098e-06
 Reference value :  4.69098e-06
 Reference value :  4.69950e-06
 Reference value :  4.69963e-06
 Reference value :  4.69976e-06
 Reference value :  4.70008e-06
 Reference value :  4.70030e-06
 Reference value :  4.70055e-06
 Reference value :  4.70087e-06
 Reference value :  4.70102e-06
 Reference value :  4.70116e-06
 Reference value :  4.70131e-06
 Reference value :  4.70156e-06
 Reference value :  4.70193e-06
 Reference value :  4.70233e-06
 Reference value :  4.70305e-06
 Reference value :  4.70786e-06
 Reference value :  4.71436e-06
 Reference value :  4.72186e-06
 Reference value :  4.72886e-06
 Reference value :  4.73636e-06
 Reference value :  4.74121e-06
 Reference value :  4.74136e-06
 Reference value :  4.74171e-06
 Reference value :  4.74195e-06
 Reference value :  4.74217e-06
 Reference value :  4.74229e-06
 Reference value :  4.74253e-06
 Reference value :  4.74291e-06
 Reference value :  4.74313e-06
 Reference value :  4.74347e-06
 Reference value :  4.74396e-06
 Reference value :  4.74475e-06
 Reference value :  4.74972e-06
 Reference value :  4.75179e-06
 Reference value :  4.75237e-06
 Reference value :  4.75276e-06
 Reference value :  4.75437e-06
 Reference value :  4.76258e-06
 Reference value :  4.77208e-06
 Reference value :  4.78108e-06
 Reference value :  4.78290e-06
 Reference value :  4.78303e-06
 Reference value :  4.78327e-06
 Reference value :  4.78361e-06
 Reference value :  4.78376e-06
 Reference value :  4.78399e-06
 Reference value :  4.78436e-06
 Reference value :  4.78449e-06
 Reference value :  4.78459e-06
 Reference value :  4.78480e-06
 Reference value :  4.78516e-06
 Reference value :  4.78570e-06
 Reference value :  4.78973e-06
 Reference value :  4.79723e-06
 Reference value :  4.80523e-06
 Reference value :  4.81123e-06
 Reference value :  4.81723e-06
 Reference value :  4.82273e-06
 Reference value :  4.82456e-06
 Reference value :  4.82470e-06
 Reference value :  4.82510e-06
 Reference value :  4.82545e-06
 Reference value :  4.82556e-06
 Reference value :  4.82572e-06
 Reference value :  4.82603e-06
 Reference value :  4.82640e-06
 Reference value :  4.82694e-06
 Reference value :  4.82745e-06
 Reference value :  4.82822e-06
 Reference value :  4.83229e-06
 Reference value :  4.83372e-06
 Reference value :  4.83489e-06
 Reference value :  4.83516e-06
 Reference value :  4.83539e-06
 Reference value :  4.83565e-06
 Reference value :  4.83611e-06
 Reference value :  4.83820e-06
 Reference value :  4.84370e-06
 Reference value :  4.84870e-06
 Reference value :  4.85420e-06
 Reference value :  4.85920e-06
 Reference value :  4.86470e-06
 Reference value :  4.86622e-06
 Reference value :  4.86632e-06
 Reference value :  4.86640e-06
 Reference value :  4.86655e-06
 Reference value :  4.86690e-06
 Reference value :  4.86696e-06
 Reference value :  4.86711e-06
 Reference value :  4.86717e-06
 Reference value :  4.86729e-06
 Reference value :  4.86754e-06
 Reference value :  4.86769e-06
 Reference value :  4.86779e-06
 Reference value :  4.86786e-06
 Reference value :  4.86794e-06
 Reference value :  4.86804e-06
 Reference value :  4.86823e-06
 Reference value :  4.86845e-06
 Reference value :  4.86876e-06
 Reference value :  4.86940e-06
 Reference value :  4.87297e-06
 Reference value :  4.87847e-06
 Reference value :  4.88397e-06
 Reference value :  4.88947e-06
 Reference value :  4.89497e-06
 Reference value :  4.90047e-06
 Reference value :  4.90597e-06
 Reference value :  4.90790e-06
 Reference value :  4.90800e-06
 Reference value :  4.90814e-06
 Reference value :  4.90843e-06
 Reference value :  4.90867e-06
 Reference value :  4.90880e-06
 Reference value :  4.90890e-06
 Reference value :  4.90900e-06
 Reference value :  4.90914e-06
 Reference value :  4.90937e-06
 Reference value :  4.90964e-06
 Reference value :  4.90992e-06
 Reference value :  4.91033e-06
 Reference value :  4.91078e-06
 Reference value :  4.91163e-06
 Reference value :  4.91651e-06
 Reference value :  4.91744e-06
 Reference value :  4.91932e-06
 Reference value :  4.91974e-06
 Reference value :  4.91999e-06
 Reference value :  4.92028e-06
 Reference value :  4.92070e-06
 Reference value :  4.92154e-06
 Reference value :  4.92590e-06
 Reference value :  4.93140e-06
 Reference value :  4.93640e-06
 Reference value :  4.94140e-06
 Reference value :  4.94740e-06
 Reference value :  4.94953e-06
 Reference value :  4.94963e-06
 Reference value :  4.94971e-06
 Reference value :  4.94983e-06
 Reference value :  4.95010e-06
 Reference value :  4.95025e-06
 Reference value :  4.95034e-06
 Reference value :  4.95047e-06
 Reference value :  4.95055e-06
 Reference value :  4.95067e-06
 Reference value :  4.95087e-06
 Reference value :  4.95100e-06
 Reference value :  4.95109e-06
 Reference value :  4.95116e-06
 Reference value :  4.95125e-06
 Reference value :  4.95134e-06
 Reference value :  4.95151e-06
 Reference value :  4.95175e-06
 Reference value :  4.95197e-06
 Reference value :  4.95236e-06
 Reference value :  4.95366e-06
 Reference value :  4.95877e-06
 Reference value :  4.96427e-06
 Reference value :  4.97077e-06
 Reference value :  4.97777e-06
 Reference value :  4.98477e-06
 Reference value :  4.99072e-06
 Reference value :  4.99124e-06
 Reference value :  4.99133e-06
 Reference value :  4.99147e-06
 Reference value :  4.99178e-06
 Reference value :  4.99199e-06
 Reference value :  4.99213e-06
 Reference value :  4.99220e-06
 Reference value :  4.99228e-06
 Reference value :  4.99240e-06
 Reference value :  4.99257e-06
 Reference value :  4.99280e-06
 Reference value :  4.99304e-06
 Reference value :  4.99325e-06
 Reference value :  4.99355e-06
 Reference value :  4.99426e-06
 Reference value :  4.99539e-06
 Reference value :  4.99972e-06
 Reference value :  5.00183e-06
 Reference value :  5.00263e-06
 Reference value :  5.00296e-06
 Reference value :  5.00370e-06
 Reference value :  5.00592e-06
 Reference value :  5.01117e-06
 Reference value :  5.01667e-06
 Reference value :  5.02217e-06
 Reference value :  5.02767e-06
 Reference value :  5.03283e-06
 Reference value :  5.03288e-06
 Reference value :  5.03296e-06
 Reference value :  5.03304e-06
 Reference value :  5.03323e-06
 Reference value :  5.03354e-06
 Reference value :  5.03375e-06
 Reference value :  5.03387e-06
 Reference value :  5.03399e-06
 Reference value :  5.03418e-06
 Reference value :  5.03437e-06
 Reference value :  5.03448e-06
 Reference value :  5.03460e-06
 Reference value :  5.03475e-06
 Reference value :  5.03499e-06
 Reference value :  5.03527e-06
 Reference value :  5.03570e-06
 Reference value :  5.03734e-06
 Reference value :  5.04259e-06
 Reference value :  5.04809e-06
 Reference value :  5.05359e-06
 Reference value :  5.05909e-06
 Reference value :  5.06459e-06
 Reference value :  5.07009e-06
 Reference value :  5.07451e-06
 Reference value :  5.07463e-06
 Reference value :  5.07477e-06
 Reference value :  5.07511e-06
 Reference value :  5.07532e-06
 Reference value :  5.07543e-06
 Reference value :  5.07552e-06
 Reference value :  5.07561e-06
 Reference value :  5.07572e-06
 Reference value :  5.07591e-06
 Reference value :  5.07617e-06
 Reference value :  5.07639e-06
 Reference value :  5.07683e-06
 Reference value :  5.07750e-06
 Reference value :  5.07850e-06
 Reference value :  5.08329e-06
 Reference value :  5.08504e-06
 Reference value :  5.08564e-06
 Reference value :  5.08659e-06
 Reference value :  5.08938e-06
 Reference value :  5.09454e-06
 Reference value :  5.10004e-06
 Reference value :  5.10554e-06
 Reference value :  5.11054e-06
 Reference value :  5.11585e-06
 Reference value :  5.11623e-06
 Reference value :  5.11632e-06
 Reference value :  5.11641e-06
 Reference value :  5.11669e-06
 Reference value :  5.11695e-06
 Reference value :  5.11706e-06
 Reference value :  5.11713e-06
 Reference value :  5.11720e-06
 Reference value :  5.11730e-06
 Reference value :  5.11739e-06
 Reference value :  5.11747e-06
 Reference value :  5.11755e-06
 Reference value :  5.11773e-06
 Reference value :  5.11779e-06
 Reference value :  5.11789e-06
 Reference value :  5.11798e-06
 Reference value :  5.11805e-06
 Reference value :  5.11815e-06
 Reference value :  5.11824e-06
 Reference value :  5.11837e-06
 Reference value :  5.11852e-06
 Reference value :  5.11878e-06
 Reference value :  5.11915e-06
 Reference value :  5.11970e-06
 Reference value :  5.12199e-06
 Reference value :  5.12749e-06
 Reference value :  5.13249e-06
 Reference value :  5.13749e-06
 Reference value :  5.14349e-06
 Reference value :  5.14949e-06
 Reference value :  5.15449e-06
 Reference value :  5.15787e-06
 Reference value :  5.15795e-06
 Reference value :  5.15806e-06
 Reference value :  5.15831e-06
 Reference value :  5.15858e-06
 Reference value :  5.15874e-06
 Reference value :  5.15884e-06
 Reference value :  5.15891e-06
 Reference value :  5.15901e-06
 Reference value :  5.15913e-06
 Reference value :  5.15930e-06
 Reference value :  5.15955e-06
 Reference value :  5.15969e-06
 Reference value :  5.15989e-06
 Reference value :  5.16014e-06
 Reference value :  5.16038e-06
 Reference value :  5.16063e-06
 Reference value :  5.16093e-06
 Reference value :  5.16135e-06
 Reference value :  5.16269e-06
 Reference value :  5.16696e-06
 Reference value :  5.17246e-06
 Reference value :  5.17796e-06
 Reference value :  5.18346e-06
 Reference value :  5.19046e-06
 Reference value :  5.19546e-06
 Reference value :  5.19950e-06
 Reference value :  5.19960e-06
 Reference value :  5.19970e-06
 Reference value :  5.19984e-06
 Reference value :  5.20017e-06
 Reference value :  5.20029e-06
 Reference value :  5.20046e-06
 Reference value :  5.20053e-06
 Reference value :  5.20061e-06
 Reference value :  5.20076e-06
 Reference value :  5.20089e-06
 Reference value :  5.20094e-06
 Reference value :  5.20106e-06
 Reference value :  5.20117e-06
 Reference value :  5.20130e-06
 Reference value :  5.20144e-06
 Reference value :  5.20166e-06
 Reference value :  5.20210e-06
 Reference value :  5.20288e-06
 Reference value :  5.20471e-06
 Reference value :  5.21013e-06
 Reference value :  5.21563e-06
 Reference value :  5.22113e-06
 Reference value :  5.22663e-06
 Reference value :  5.23213e-06
 Reference value :  5.23763e-06
 Reference value :  5.24118e-06
 Reference value :  5.24126e-06
 Reference value :  5.24136e-06
 Reference value :  5.24147e-06
 Reference value :  5.24181e-06
 Reference value :  5.24201e-06
 Reference value :  5.24217e-06
 Reference value :  5.24226e-06
 Reference value :  5.24236e-06
 Reference value :  5.24251e-06
 Reference value :  5.24277e-06
 Reference value :  5.24301e-06
 Reference value :  5.24327e-06
 Reference value :  5.24352e-06
 Reference value :  5.24373e-06
 Reference value :  5.24405e-06
 Reference value :  5.24453e-06
 Reference value :  5.24593e-06
 Reference value :  5.25085e-06
 Reference value :  5.25635e-06
 Reference value :  5.26185e-06
 Reference value :  5.26685e-06
 Reference value :  5.27235e-06
 Reference value :  5.27785e-06
 Reference value :  5.28284e-06
 Reference value :  5.28292e-06
 Reference value :  5.28302e-06
 Reference value :  5.28314e-06
 Reference value :  5.28348e-06
 Reference value :  5.28363e-06
 Reference value :  5.28380e-06
 Reference value :  5.28386e-06
 Reference value :  5.28394e-06
 Reference value :  5.28403e-06
 Reference value :  5.28422e-06
 Reference value :  5.28433e-06
 Reference value :  5.28442e-06
 Reference value :  5.28451e-06
 Reference value :  5.28466e-06
 Reference value :  5.28479e-06
 Reference value :  5.28495e-06
 Reference value :  5.28518e-06
 Reference value :  5.28548e-06
 Reference value :  5.28665e-06
 Reference value :  5.29115e-06
 Reference value :  5.29665e-06
 Reference value :  5.30215e-06
 Reference value :  5.30915e-06
 Reference value :  5.31615e-06
 Reference value :  5.32365e-06
 Reference value :  5.32460e-06
 Reference value :  5.32476e-06
 Reference value :  5.32524e-06
 Reference value :  5.32543e-06
 Reference value :  5.32558e-06
 Reference value :  5.32574e-06
 Reference value :  5.32609e-06
 Reference value :  5.32633e-06
 Reference value :  5.32654e-06
 Reference value :  5.32684e-06
 Reference value :  5.32735e-06
 Reference value :  5.32766e-06
 Reference value :  5.32795e-06
 Reference value :  5.32954e-06
 Reference value :  5.33091e-06
 Reference value :  5.33158e-06
 Reference value :  5.33197e-06
 Reference value :  5.33251e-06
 Reference value :  5.33450e-06
 Reference value :  5.33950e-06
 Reference value :  5.34500e-06
 Reference value :  5.35000e-06
 Reference value :  5.35500e-06
 Reference value :  5.36000e-06
 Reference value :  5.36500e-06
 Reference value :  5.36620e-06
 Reference value :  5.36628e-06
 Reference value :  5.36635e-06
 Reference value :  5.36644e-06
 Reference value :  5.36668e-06
 Reference value :  5.36693e-06
 Reference value :  5.36698e-06
 Reference value :  5.36708e-06
 Reference value :  5.36718e-06
 Reference value :  5.36731e-06
 Reference value :  5.36745e-06
 Reference value :  5.36762e-06
 Reference value :  5.36771e-06
 Reference value :  5.36783e-06
 Reference value :  5.36796e-06
 Reference value :  5.36809e-06
 Reference value :  5.36825e-06
 Reference value :  5.36848e-06
 Reference value :  5.36871e-06
 Reference value :  5.36916e-06
 Reference value :  5.37088e-06
 Reference value :  5.37588e-06
 Reference value :  5.38088e-06
 Reference value :  5.38588e-06
 Reference value :  5.39088e-06
 Reference value :  5.39588e-06
 Reference value :  5.40088e-06
 Reference value :  5.40638e-06
 Reference value :  5.40789e-06
 Reference value :  5.40798e-06
 Reference value :  5.40809e-06
 Reference value :  5.40836e-06
 Reference value :  5.40863e-06
 Reference value :  5.40878e-06
 Reference value :  5.40888e-06
 Reference value :  5.40897e-06
 Reference value :  5.40908e-06
 Reference value :  5.40922e-06
 Reference value :  5.40945e-06
 Reference value :  5.40970e-06
 Reference value :  5.41001e-06
 Reference value :  5.41050e-06
 Reference value :  5.41136e-06
 Reference value :  5.41520e-06
 Reference value :  5.42020e-06
 Reference value :  5.42570e-06
 Reference value :  5.43070e-06
 Reference value :  5.43570e-06
 Reference value :  5.44070e-06
 Reference value :  5.44570e-06
 Reference value :  5.44951e-06
 Reference value :  5.44958e-06
 Reference value :  5.44966e-06
 Reference value :  5.44975e-06
 Reference value :  5.44995e-06
 Reference value :  5.45022e-06
 Reference value :  5.45028e-06
 Reference value :  5.45036e-06
 Reference value :  5.45048e-06
 Reference value :  5.45060e-06
 Reference value :  5.45073e-06
 Reference value :  5.45083e-06
 Reference value :  5.45108e-06
 Reference value :  5.45135e-06
 Reference value :  5.45167e-06
 Reference value :  5.45236e-06
 Reference value :  5.45552e-06
 Reference value :  5.46102e-06
 Reference value :  5.46602e-06
 Reference value :  5.47102e-06
 Reference value :  5.47602e-06
 Reference value :  5.48152e-06
 Reference value :  5.48652e-06
 Reference value :  5.49117e-06
 Reference value :  5.49122e-06
 Reference value :  5.49131e-06
 Reference value :  5.49142e-06
 Reference value :  5.49170e-06
 Reference value :  5.49196e-06
 Reference value :  5.49212e-06
 Reference value :  5.49224e-06
 Reference value :  5.49233e-06
 Reference value :  5.49250e-06
 Reference value :  5.49278e-06
 Reference value :  5.49304e-06
 Reference value :  5.49331e-06
 Reference value :  5.49369e-06
 Reference value :  5.49430e-06
 Reference value :  5.49669e-06
 Reference value :  5.50169e-06
 Reference value :  5.50669e-06
 Reference value :  5.51169e-06
 Reference value :  5.51669e-06
 Reference value :  5.52169e-06
 Reference value :  5.52669e-06
 Reference value :  5.53169e-06
 Reference value :  5.53286e-06
 Reference value :  5.53295e-06
 Reference value :  5.53303e-06
 Reference value :  5.53314e-06
 Reference value :  5.53349e-06
 Reference value :  5.53361e-06
 Reference value :  5.53370e-06
 Reference value :  5.53381e-06
 Reference value :  5.53395e-06
 Reference value :  5.53406e-06
 Reference value :  5.53417e-06
 Reference value :  5.53432e-06
 Reference value :  5.53457e-06
 Reference value :  5.53484e-06
 Reference value :  5.53545e-06
 Reference value :  5.53676e-06
 Reference value :  5.54173e-06
 Reference value :  5.54673e-06
 Reference value :  5.55173e-06
 Reference value :  5.55673e-06
 Reference value :  5.56223e-06
 Reference value :  5.56723e-06
 Reference value :  5.57223e-06
 Reference value :  5.57453e-06
 Reference value :  5.57461e-06
 Reference value :  5.57469e-06
 Reference value :  5.57482e-06
 Reference value :  5.57522e-06
 Reference value :  5.57535e-06
 Reference value :  5.57550e-06
 Reference value :  5.57559e-06
 Reference value :  5.57569e-06
 Reference value :  5.57583e-06
 Reference value :  5.57608e-06
 Reference value :  5.57635e-06
 Reference value :  5.57662e-06
 Reference value :  5.57692e-06
 Reference value :  5.57732e-06
 Reference value :  5.57880e-06
 Reference value :  5.58360e-06
 Reference value :  5.58860e-06
 Reference value :  5.59410e-06
 Reference value :  5.59960e-06
 Reference value :  5.60460e-06
 Reference value :  5.60960e-06
 Reference value :  5.61510e-06
 Reference value :  5.61621e-06
 Reference value :  5.61630e-06
 Reference value :  5.61638e-06
 Reference value :  5.61653e-06
 Reference value :  5.61690e-06
 Reference value :  5.61704e-06
 Reference value :  5.61717e-06
 Reference value :  5.61732e-06
 Reference value :  5.61744e-06
 Reference value :  5.61756e-06
 Reference value :  5.61771e-06
 Reference value :  5.61793e-06
 Reference value :  5.61828e-06
 Reference value :  5.61910e-06
 Reference value :  5.62273e-06
 Reference value :  5.62773e-06
 Reference value :  5.63273e-06
 Reference value :  5.63823e-06
 Reference value :  5.64323e-06
 Reference value :  5.64873e-06
 Reference value :  5.65423e-06
 Reference value :  5.65784e-06
 Reference value :  5.65792e-06
 Reference value :  5.65801e-06
 Reference value :  5.65816e-06
 Reference value :  5.65862e-06
 Reference value :  5.65884e-06
 Reference value :  5.65896e-06
 Reference value :  5.65907e-06
 Reference value :  5.65922e-06
 Reference value :  5.65948e-06
 Reference value :  5.65975e-06
 Reference value :  5.66002e-06
 Reference value :  5.66035e-06
 Reference value :  5.66129e-06
 Reference value :  5.66529e-06
 Reference value :  5.67129e-06
 Reference value :  5.67629e-06
 Reference value :  5.68129e-06
 Reference value :  5.68629e-06
 Reference value :  5.69129e-06
 Reference value :  5.69629e-06
 Reference value :  5.69951e-06
 Reference value :  5.69959e-06
 Reference value :  5.69970e-06
 Reference value :  5.69981e-06
 Reference value :  5.70016e-06
 Reference value :  5.70028e-06
 Reference value :  5.70039e-06
 Reference value :  5.70051e-06
 Reference value :  5.70064e-06
 Reference value :  5.70078e-06
 Reference value :  5.70096e-06
 Reference value :  5.70111e-06
 Reference value :  5.70138e-06
 Reference value :  5.70171e-06
 Reference value :  5.70246e-06
 Reference value :  5.70540e-06
 Reference value :  5.71040e-06
 Reference value :  5.71540e-06
 Reference value :  5.72040e-06
 Reference value :  5.72540e-06
 Reference value :  5.73040e-06
 Reference value :  5.73540e-06
 Reference value :  5.74078e-06
 Reference value :  5.74122e-06
 Reference value :  5.74132e-06
 Reference value :  5.74142e-06
 Reference value :  5.74169e-06
 Reference value :  5.74193e-06
 Reference value :  5.74206e-06
 Reference value :  5.74220e-06
 Reference value :  5.74229e-06
 Reference value :  5.74240e-06
 Reference value :  5.74256e-06
 Reference value :  5.74282e-06
 Reference value :  5.74309e-06
 Reference value :  5.74336e-06
 Reference value :  5.74381e-06
 Reference value :  5.74620e-06
 Reference value :  5.75370e-06
 Reference value :  5.76020e-06
 Reference value :  5.76570e-06
 Reference value :  5.77070e-06
 Reference value :  5.77570e-06
 Reference value :  5.78120e-06
 Reference value :  5.78287e-06
 Reference value :  5.78299e-06
 Reference value :  5.78314e-06
 Reference value :  5.78351e-06
 Reference value :  5.78363e-06
 Reference value :  5.78376e-06
 Reference value :  5.78387e-06
 Reference value :  5.78401e-06
 Reference value :  5.78415e-06
 Reference value :  5.78439e-06
 Reference value :  5.78469e-06
 Reference value :  5.78509e-06
 Reference value :  5.78599e-06
 Reference value :  5.79195e-06
 Reference value :  5.79945e-06
 Reference value :  5.80645e-06
 Reference value :  5.81345e-06
 Reference value :  5.81845e-06
 Reference value :  5.82345e-06
 Reference value :  5.82456e-06
 Reference value :  5.82466e-06
 Reference value :  5.82479e-06
 Reference value :  5.82519e-06
 Reference value :  5.82531e-06
 Reference value :  5.82544e-06
 Reference value :  5.82555e-06
 Reference value :  5.82563e-06
 Reference value :  5.82577e-06
 Reference value :  5.82600e-06
 Reference value :  5.82626e-06
 Reference value :  5.82648e-06
 Reference value :  5.82669e-06
 Reference value :  5.82701e-06
 Reference value :  5.82763e-06
 Reference value :  5.83073e-06
 Reference value :  5.83573e-06
 Reference value :  5.84123e-06
 Reference value :  5.84623e-06
 Reference value :  5.85123e-06
 Reference value :  5.85623e-06
 Reference value :  5.86123e-06
 Reference value :  5.86617e-06
 Reference value :  5.86623e-06
 Reference value :  5.86634e-06
 Reference value :  5.86647e-06
 Reference value :  5.86682e-06
 Reference value :  5.86695e-06
 Reference value :  5.86708e-06
 Reference value :  5.86717e-06
 Reference value :  5.86727e-06
 Reference value :  5.86738e-06
 Reference value :  5.86749e-06
 Reference value :  5.86764e-06
 Reference value :  5.86782e-06
 Reference value :  5.86805e-06
 Reference value :  5.86835e-06
 Reference value :  5.86887e-06
 Reference value :  5.87095e-06
 Reference value :  5.87645e-06
 Reference value :  5.88145e-06
 Reference value :  5.88695e-06
 Reference value :  5.89245e-06
 Reference value :  5.89745e-06
 Reference value :  5.90245e-06
 Reference value :  5.90739e-06
 Reference value :  5.90790e-06
 Reference value :  5.90800e-06
 Reference value :  5.90816e-06
 Reference value :  5.90855e-06
 Reference value :  5.90867e-06
 Reference value :  5.90884e-06
 Reference value :  5.90892e-06
 Reference value :  5.90903e-06
 Reference value :  5.90923e-06
 Reference value :  5.90946e-06
 Reference value :  5.90973e-06
 Reference value :  5.91004e-06
 Reference value :  5.91036e-06
 Reference value :  5.91109e-06
 Reference value :  5.91401e-06
 Reference value :  5.91951e-06
 Reference value :  5.92451e-06
 Reference value :  5.93001e-06
 Reference value :  5.93601e-06
 Reference value :  5.94301e-06
 Reference value :  5.94901e-06
 Reference value :  5.94957e-06
 Reference value :  5.94966e-06
 Reference value :  5.94975e-06
 Reference value :  5.94996e-06
 Reference value :  5.95027e-06
 Reference value :  5.95037e-06
 Reference value :  5.95048e-06
 Reference value :  5.95063e-06
 Reference value :  5.95082e-06
 Reference value :  5.95103e-06
 Reference value :  5.95123e-06
 Reference value :  5.95154e-06
 Reference value :  5.95203e-06
 Reference value :  5.95327e-06
 Reference value :  5.95821e-06
 Reference value :  5.96371e-06
 Reference value :  5.96921e-06
 Reference value :  5.97421e-06
 Reference value :  5.97971e-06
 Reference value :  5.98621e-06
 Reference value :  5.99117e-06
 Reference value :  5.99127e-06
 Reference value :  5.99137e-06
 Reference value :  5.99155e-06
 Reference value :  5.99192e-06
 Reference value :  5.99208e-06
 Reference value :  5.99219e-06
 Reference value :  5.99229e-06
 Reference value :  5.99242e-06
 Reference value :  5.99265e-06
 Reference value :  5.99296e-06
 Reference value :  5.99323e-06
 Reference value :  5.99353e-06
 Reference value :  5.99407e-06
 Reference value :  5.99553e-06
 Reference value :  6.00087e-06
 Reference value :  6.00637e-06
 Reference value :  6.01137e-06
 Reference value :  6.01687e-06
 Reference value :  6.02187e-06
 Reference value :  6.02687e-06
 Reference value :  6.03237e-06
 Reference value :  6.03290e-06
 Reference value :  6.03299e-06
 Reference value :  6.03309e-06
 Reference value :  6.03341e-06
 Reference value :  6.03359e-06
 Reference value :  6.03383e-06
 Reference value :  6.03392e-06
 Reference value :  6.03407e-06
 Reference value :  6.03418e-06
 Reference value :  6.03429e-06
 Reference value :  6.03449e-06
 Reference value :  6.03470e-06
 Reference value :  6.03497e-06
 Reference value :  6.03520e-06
 Reference value :  6.03550e-06
 Reference value :  6.03606e-06
 Reference value :  6.03777e-06
 Reference value :  6.04324e-06
 Reference value :  6.04874e-06
 Reference value :  6.05424e-06
 Reference value :  6.05974e-06
 Reference value :  6.06524e-06
 Reference value :  6.07024e-06
 Reference value :  6.07451e-06
 Reference value :  6.07459e-06
 Reference value :  6.07467e-06
 Reference value :  6.07485e-06
 Reference value :  6.07520e-06
 Reference value :  6.07537e-06
 Reference value :  6.07547e-06
 Reference value :  6.07555e-06
 Reference value :  6.07564e-06
 Reference value :  6.07581e-06
 Reference value :  6.07602e-06
 Reference value :  6.07628e-06
 Reference value :  6.07651e-06
 Reference value :  6.07681e-06
 Reference value :  6.07725e-06
 Reference value :  6.07864e-06
 Reference value :  6.08391e-06
 Reference value :  6.08941e-06
 Reference value :  6.09591e-06
 Reference value :  6.10241e-06
 Reference value :  6.10891e-06
 Reference value :  6.11491e-06
 Reference value :  6.11620e-06
 Reference value :  6.11629e-06
 Reference value :  6.11637e-06
 Reference value :  6.11660e-06
 Reference value :  6.11711e-06
 Reference value :  6.11721e-06
 Reference value :  6.11730e-06
 Reference value :  6.11737e-06
 Reference value :  6.11749e-06
 Reference value :  6.11764e-06
 Reference value :  6.11780e-06
 Reference value :  6.11793e-06
 Reference value :  6.11803e-06
 Reference value :  6.11814e-06
 Reference value :  6.11825e-06
 Reference value :  6.11836e-06
 Reference value :  6.11851e-06
 Reference value :  6.11865e-06
 Reference value :  6.11883e-06
 Reference value :  6.11911e-06
 Reference value :  6.11957e-06
 Reference value :  6.12084e-06
 Reference value :  6.12532e-06
 Reference value :  6.13032e-06
 Reference value :  6.13582e-06
 Reference value :  6.14132e-06
 Reference value :  6.14632e-06
 Reference value :  6.15182e-06
 Reference value :  6.15732e-06
 Reference value :  6.15789e-06
 Reference value :  6.15797e-06
 Reference value :  6.15809e-06
 Reference value :  6.15830e-06
 Reference value :  6.15864e-06
 Reference value :  6.15881e-06
 Reference value :  6.15889e-06
 Reference value :  6.15899e-06
 Reference value :  6.15912e-06
 Reference value :  6.15929e-06
 Reference value :  6.15955e-06
 Reference value :  6.15971e-06
 Reference value :  6.15992e-06
 Reference value :  6.16020e-06
 Reference value :  6.16042e-06
 Reference value :  6.16068e-06
 Reference value :  6.16099e-06
 Reference value :  6.16151e-06
 Reference value :  6.16284e-06
 Reference value :  6.16726e-06
 Reference value :  6.17326e-06
 Reference value :  6.17876e-06
 Reference value :  6.18476e-06
 Reference value :  6.19026e-06
 Reference value :  6.19626e-06
 Reference value :  6.19952e-06
 Reference value :  6.19963e-06
 Reference value :  6.19973e-06
 Reference value :  6.19989e-06
 Reference value :  6.20022e-06
 Reference value :  6.20039e-06
 Reference value :  6.20050e-06
 Reference value :  6.20058e-06
 Reference value :  6.20067e-06
 Reference value :  6.20079e-06
 Reference value :  6.20091e-06
 Reference value :  6.20103e-06
 Reference value :  6.20116e-06
 Reference value :  6.20127e-06
 Reference value :  6.20142e-06
 Reference value :  6.20158e-06
 Reference value :  6.20186e-06
 Reference value :  6.20218e-06
 Reference value :  6.20282e-06
 Reference value :  6.20524e-06
 Reference value :  6.21074e-06
 Reference value :  6.21624e-06
 Reference value :  6.22174e-06
 Reference value :  6.22724e-06
 Reference value :  6.23274e-06
 Reference value :  6.23824e-06
 Reference value :  6.24120e-06
 Reference value :  6.24130e-06
 Reference value :  6.24143e-06
 Reference value :  6.24167e-06
 Reference value :  6.24196e-06
 Reference value :  6.24209e-06
 Reference value :  6.24222e-06
 Reference value :  6.24231e-06
 Reference value :  6.24244e-06
 Reference value :  6.24272e-06
 Reference value :  6.24295e-06
 Reference value :  6.24318e-06
 Reference value :  6.24353e-06
 Reference value :  6.24377e-06
 Reference value :  6.24410e-06
 Reference value :  6.24482e-06
 Reference value :  6.24766e-06
 Reference value :  6.25316e-06
 Reference value :  6.25866e-06
 Reference value :  6.26466e-06
 Reference value :  6.27066e-06
 Reference value :  6.27666e-06
 Reference value :  6.28216e-06
 Reference value :  6.28287e-06
 Reference value :  6.28296e-06
 Reference value :  6.28306e-06
 Reference value :  6.28320e-06
No. of Data Rows : 31840

  Measurements for Transient Analysis

d9_c1               =  2.15906e-03
d8_c1               =  2.78826e-03
d7_c1               =  1.79733e+00
d6_c1               =  1.79733e+00
d5_c1               =  2.78839e-03
d4_c1               =  2.78845e-03
d3_c1               =  1.79733e+00
d2_c1               =  1.79733e+00
d1_c1               =  2.78885e-03
d0_c1               =  1.79732e+00
d9_c2               =  2.14589e-03
d8_c2               =  1.79740e+00
d7_c2               =  2.78492e-03
d6_c2               =  1.79740e+00
d5_c2               =  1.79740e+00
d4_c2               =  1.79740e+00
d3_c2               =  1.79740e+00
d2_c2               =  1.79740e+00
d1_c2               =  1.79740e+00
d0_c2               =  1.79740e+00
d9_c3               =  2.09506e-03
d8_c3               =  1.79742e+00
d7_c3               =  1.79742e+00
d6_c3               =  1.79742e+00
d5_c3               =  1.79742e+00
d4_c3               =  1.79742e+00
d3_c3               =  1.79742e+00
d2_c3               =  1.79742e+00
d1_c3               =  1.79742e+00
d0_c3               =  1.79742e+00
d9_c4               =  1.79831e+00
d8_c4               =  2.80602e-03
d7_c4               =  1.79743e+00
d6_c4               =  2.80599e-03
d5_c4               =  2.80602e-03
d4_c4               =  2.80602e-03
d3_c4               =  2.80602e-03
d2_c4               =  2.80602e-03
d1_c4               =  2.80592e-03
d0_c4               =  1.79743e+00
d9_c5               =  1.79866e+00
d8_c5               =  1.79735e+00
d7_c5               =  1.79735e+00
d6_c5               =  1.79735e+00
d5_c5               =  1.79735e+00
d4_c5               =  1.79735e+00
d3_c5               =  1.79735e+00
d2_c5               =  1.79735e+00
d1_c5               =  1.79735e+00
d0_c5               =  1.79735e+00
busy_c1_p0          =  1.79729e+00
smpl_c1_p0          =  1.90380e-03
busy_c1_p1          =  1.79719e+00
smpl_c1_p1          =  1.96015e-03
busy_c1_p2          =  1.79724e+00
smpl_c1_p2          =  1.89248e-03
busy_c1_p3          =  1.79721e+00
smpl_c1_p3          =  1.94906e-03
busy_c1_p4          =  1.79721e+00
smpl_c1_p4          =  1.95318e-03
busy_c1_p5          =  1.79721e+00
smpl_c1_p5          =  1.95108e-03
busy_c1_p6          =  1.79719e+00
smpl_c1_p6          =  1.96655e-03
busy_c1_p7          =  1.79730e+00
smpl_c1_p7          =  1.89241e-03
busy_c1_p8          =  1.79720e+00
smpl_c1_p8          =  1.96232e-03
busy_c1_p9          =  1.79720e+00
smpl_c1_p9          =  1.95813e-03
busy_c1_p10         =  1.79720e+00
smpl_c1_p10         =  1.95013e-03
busy_c1_p11         =  2.84383e-03
smpl_c1_p11         =  1.79908e+00
busy_c2_p0          =  1.79712e+00
smpl_c2_p0          =  1.99989e-03
busy_c2_p1          =  1.79721e+00
smpl_c2_p1          =  1.95365e-03
busy_c2_p2          =  1.79725e+00
smpl_c2_p2          =  1.93159e-03
busy_c2_p3          =  1.79721e+00
smpl_c2_p3          =  1.95779e-03
busy_c2_p4          =  1.79721e+00
smpl_c2_p4          =  1.95559e-03
busy_c2_p5          =  1.79722e+00
smpl_c2_p5          =  1.95525e-03
busy_c2_p6          =  1.79721e+00
smpl_c2_p6          =  1.95758e-03
busy_c2_p7          =  1.79721e+00
smpl_c2_p7          =  1.94526e-03
busy_c2_p8          =  1.79718e+00
smpl_c2_p8          =  1.96578e-03
busy_c2_p9          =  1.79722e+00
smpl_c2_p9          =  1.95088e-03
busy_c2_p10         =  1.79727e+00
smpl_c2_p10         =  1.91516e-03
busy_c2_p11         =  2.84552e-03
smpl_c2_p11         =  1.79908e+00
busy_c3_p0          =  1.79720e+00
smpl_c3_p0          =  1.95357e-03
busy_c3_p1          =  1.79722e+00
smpl_c3_p1          =  1.93963e-03
busy_c3_p2          =  1.79727e+00
smpl_c3_p2          =  1.91347e-03
busy_c3_p3          =  1.79715e+00
smpl_c3_p3          =  1.98051e-03
busy_c3_p4          =  1.79724e+00
smpl_c3_p4          =  1.93583e-03
busy_c3_p5          =  1.79718e+00
smpl_c3_p5          =  1.96456e-03
busy_c3_p6          =  1.79716e+00
smpl_c3_p6          =  1.97771e-03
busy_c3_p7          =  1.79721e+00
smpl_c3_p7          =  1.94554e-03
busy_c3_p8          =  1.79717e+00
smpl_c3_p8          =  1.97378e-03
busy_c3_p9          =  1.79721e+00
smpl_c3_p9          =  1.94573e-03
busy_c3_p10         =  1.79731e+00
smpl_c3_p10         =  1.89574e-03
busy_c3_p11         =  2.85084e-03
smpl_c3_p11         =  1.79908e+00
busy_c4_p0          =  1.79719e+00
smpl_c4_p0          =  1.96186e-03
busy_c4_p1          =  1.79721e+00
smpl_c4_p1          =  1.94518e-03
busy_c4_p2          =  1.79717e+00
smpl_c4_p2          =  1.96947e-03
busy_c4_p3          =  1.79722e+00
smpl_c4_p3          =  1.94773e-03
busy_c4_p4          =  1.79728e+00
smpl_c4_p4          =  1.90350e-03
busy_c4_p5          =  1.79720e+00
smpl_c4_p5          =  1.94303e-03
busy_c4_p6          =  1.79728e+00
smpl_c4_p6          =  1.90410e-03
busy_c4_p7          =  1.79725e+00
smpl_c4_p7          =  1.91588e-03
busy_c4_p8          =  1.79723e+00
smpl_c4_p8          =  1.93139e-03
busy_c4_p9          =  1.79728e+00
smpl_c4_p9          =  1.90491e-03
busy_c4_p10         =  1.79729e+00
smpl_c4_p10         =  1.90170e-03
busy_c4_p11         =  2.73361e-03
smpl_c4_p11         =  1.79907e+00
busy_c5_p0          =  1.79712e+00
smpl_c5_p0          =  1.99060e-03
busy_c5_p1          =  1.79727e+00
smpl_c5_p1          =  1.90931e-03
busy_c5_p2          =  1.79723e+00
smpl_c5_p2          =  1.89573e-03
busy_c5_p3          =  1.79725e+00
smpl_c5_p3          =  1.88170e-03
busy_c5_p4          =  1.79721e+00
smpl_c5_p4          =  1.90516e-03
busy_c5_p5          =  1.79724e+00
smpl_c5_p5          =  1.88596e-03
busy_c5_p6          =  1.79721e+00
smpl_c5_p6          =  1.90660e-03
busy_c5_p7          =  1.79720e+00
smpl_c5_p7          =  1.92290e-03
busy_c5_p8          =  1.79721e+00
smpl_c5_p8          =  1.91121e-03
busy_c5_p9          =  1.79720e+00
smpl_c5_p9          =  1.91899e-03
busy_c5_p10         =  1.79720e+00
smpl_c5_p10         =  1.92187e-03
busy_c5_p11         =  2.71146e-03
smpl_c5_p11         =  1.79906e+00
i_vdd               =  -2.09346e-06 from=  3.20000e-06 to=  4.20005e-06
i_vpwr              =  -7.02181e-06 from=  3.20000e-06 to=  4.20005e-06
i_vrefp             =  -6.50503e-06 from=  3.20000e-06 to=  4.20005e-06
i_vrefn             =  6.49263e-06 from=  3.20000e-06 to=  4.20005e-06
i_vcm               =  1.21372e-08 from=  3.20000e-06 to=  4.20005e-06
gnd_die_max         =  3.01306e-02 at=  2.11702e-06
gnd_die_min         =  -3.37778e-02 at=  6.11711e-06
vgnd_max            =  4.63643e-02 at=  2.11700e-06
vgnd_min            =  -7.30993e-02 at=  6.11711e-06
vdd_max             =  1.82696e+00 at=  2.11702e-06
vdd_min             =  1.76982e+00 at=  2.11708e-06
vpwr_max            =  1.86249e+00 at=  6.11717e-06
vpwr_min            =  1.74238e+00 at=  2.11704e-06
vdda_min            =  1.76884e+00 at=  3.20084e-06
vdda_max            =  1.83786e+00 at=  3.20078e-06
i_vgnda             =  2.16904e-06 from=  3.20000e-06 to=  4.20005e-06
i_vgnd              =  7.01023e-06 from=  3.20000e-06 to=  4.20005e-06


Total analysis time (seconds) = 6930.11

Total elapsed time (seconds) = 7415.765 

Total DRAM available = 98304.000 MB.
DRAM currently available = 5742.375 MB.
Maximum ngspice program size =  755.031 MB.
Current ngspice program size =   34.672 MB.

Note: Starting dynamic gmin stepping
Note: Dynamic gmin stepping completed
