
Note: Compatibility modes selected: hs a


Circuit: * sim/ground-return-impedance (issue #378) arm 'pkg' -- reusing

option SCALE: Scale is set to 1e-06 for instance and model parameters
option SCALE: Scale is set to 1e-06 for instance and model parameters
option SCALE: Scale is set to 1e-06 for instance and model parameters
option SCALE: Scale is set to 1e-06 for instance and model parameters
Doing analysis at TEMP = 125.000000 and TNOM = 27.000000

Using KLU as Direct Linear Solver
 Reference value :  0.00000e+00
 Reference value :  4.64000e-09
 Reference value :  1.16400e-08
 Reference value :  1.86400e-08
 Reference value :  2.00638e-08
 Reference value :  2.02493e-08
 Reference value :  2.05059e-08
 Reference value :  2.07419e-08
 Reference value :  2.10000e-08
 Reference value :  2.10516e-08
 Reference value :  2.11616e-08
 Reference value :  2.13541e-08
 Reference value :  2.17662e-08
 Reference value :  2.42267e-08
 Reference value :  3.07267e-08
 Reference value :  3.72267e-08
 Reference value :  4.47267e-08
 Reference value :  5.17267e-08
 Reference value :  5.67267e-08
 Reference value :  6.22267e-08
 Reference value :  6.92267e-08
 Reference value :  7.67267e-08
 Reference value :  8.27267e-08
 Reference value :  9.02267e-08
 Reference value :  9.77267e-08
 Reference value :  1.03727e-07
 Reference value :  1.10727e-07
 Reference value :  1.18227e-07
 Reference value :  1.24727e-07
 Reference value :  1.31727e-07
 Reference value :  1.39227e-07
 Reference value :  1.47727e-07
 Reference value :  1.58227e-07
 Reference value :  1.65227e-07
 Reference value :  1.73727e-07
 Reference value :  1.82227e-07
 Reference value :  1.90727e-07
 Reference value :  1.98227e-07
 Reference value :  1.99546e-07
 Reference value :  1.99649e-07
 Reference value :  2.00090e-07
 Reference value :  2.00309e-07
 Reference value :  2.00524e-07
 Reference value :  2.00643e-07
 Reference value :  2.00737e-07
 Reference value :  2.01005e-07
 Reference value :  2.01244e-07
 Reference value :  2.01376e-07
 Reference value :  2.01583e-07
 Reference value :  2.01986e-07
 Reference value :  2.02883e-07
 Reference value :  2.06772e-07
 Reference value :  2.09331e-07
 Reference value :  2.13424e-07
 Reference value :  2.15635e-07
 Reference value :  2.18925e-07
 Reference value :  2.23580e-07
 Reference value :  2.28716e-07
 Reference value :  2.34216e-07
 Reference value :  2.38716e-07
 Reference value :  2.41215e-07
 Reference value :  2.41287e-07
 Reference value :  2.41370e-07
 Reference value :  2.41648e-07
 Reference value :  2.41896e-07
 Reference value :  2.42068e-07
 Reference value :  2.42216e-07
 Reference value :  2.42344e-07
 Reference value :  2.42499e-07
 Reference value :  2.42790e-07
 Reference value :  2.43008e-07
 Reference value :  2.43163e-07
 Reference value :  2.43543e-07
 Reference value :  2.43757e-07
 Reference value :  2.44018e-07
 Reference value :  2.44235e-07
 Reference value :  2.44701e-07
 Reference value :  2.46006e-07
 Reference value :  2.51112e-07
 Reference value :  2.56112e-07
 Reference value :  2.61112e-07
 Reference value :  2.66112e-07
 Reference value :  2.71112e-07
 Reference value :  2.76112e-07
 Reference value :  2.81612e-07
 Reference value :  2.82879e-07
 Reference value :  2.82982e-07
 Reference value :  2.83056e-07
 Reference value :  2.83236e-07
 Reference value :  2.83595e-07
 Reference value :  2.83748e-07
 Reference value :  2.83876e-07
 Reference value :  2.83983e-07
 Reference value :  2.84114e-07
 Reference value :  2.84282e-07
 Reference value :  2.84524e-07
 Reference value :  2.84639e-07
 Reference value :  2.84714e-07
 Reference value :  2.84845e-07
 Reference value :  2.84969e-07
 Reference value :  2.85069e-07
 Reference value :  2.85208e-07
 Reference value :  2.85462e-07
 Reference value :  2.85759e-07
 Reference value :  2.87770e-07
 Reference value :  2.94770e-07
 Reference value :  3.01270e-07
 Reference value :  3.08270e-07
 Reference value :  3.17770e-07
 Reference value :  3.24505e-07
 Reference value :  3.24598e-07
 Reference value :  3.24734e-07
 Reference value :  3.25001e-07
 Reference value :  3.25276e-07
 Reference value :  3.25362e-07
 Reference value :  3.25495e-07
 Reference value :  3.25568e-07
 Reference value :  3.25690e-07
 Reference value :  3.25930e-07
 Reference value :  3.26112e-07
 Reference value :  3.26520e-07
 Reference value :  3.28021e-07
 Reference value :  3.28673e-07
 Reference value :  3.33042e-07
 Reference value :  3.43042e-07
 Reference value :  3.44962e-07
 Reference value :  3.45385e-07
 Reference value :  3.46375e-07
 Reference value :  3.56462e-07
 Reference value :  3.66172e-07
 Reference value :  3.66337e-07
 Reference value :  3.66704e-07
 Reference value :  3.66985e-07
 Reference value :  3.67232e-07
 Reference value :  3.67406e-07
 Reference value :  3.67663e-07
 Reference value :  3.67938e-07
 Reference value :  3.68130e-07
 Reference value :  3.68313e-07
 Reference value :  3.68643e-07
 Reference value :  3.69283e-07
 Reference value :  3.74919e-07
 Reference value :  3.85419e-07
 Reference value :  3.95919e-07
 Reference value :  4.06419e-07
 Reference value :  4.07955e-07
 Reference value :  4.08293e-07
 Reference value :  4.08673e-07
 Reference value :  4.08940e-07
 Reference value :  4.09319e-07
 Reference value :  4.09849e-07
 Reference value :  4.12048e-07
 Reference value :  4.21771e-07
 Reference value :  4.30771e-07
 Reference value :  4.40771e-07
 Reference value :  4.49505e-07
 Reference value :  4.49662e-07
 Reference value :  4.50191e-07
 Reference value :  4.50374e-07
 Reference value :  4.50683e-07
 Reference value :  4.51110e-07
 Reference value :  4.51574e-07
 Reference value :  4.52596e-07
 Reference value :  4.58106e-07
 Reference value :  4.67606e-07
 Reference value :  4.78106e-07
 Reference value :  4.88106e-07
 Reference value :  4.91284e-07
 Reference value :  4.91581e-07
 Reference value :  4.91981e-07
 Reference value :  4.92230e-07
 Reference value :  4.92624e-07
 Reference value :  4.93060e-07
 Reference value :  4.94369e-07
 Reference value :  5.00906e-07
 Reference value :  5.10406e-07
 Reference value :  5.16406e-07
 Reference value :  5.21406e-07
 Reference value :  5.26906e-07
 Reference value :  5.32833e-07
 Reference value :  5.32912e-07
 Reference value :  5.33007e-07
 Reference value :  5.33179e-07
 Reference value :  5.33634e-07
 Reference value :  5.33833e-07
 Reference value :  5.33956e-07
 Reference value :  5.34180e-07
 Reference value :  5.34411e-07
 Reference value :  5.34567e-07
 Reference value :  5.34825e-07
 Reference value :  5.35122e-07
 Reference value :  5.35592e-07
 Reference value :  5.38217e-07
 Reference value :  5.43217e-07
 Reference value :  5.48717e-07
 Reference value :  5.54217e-07
 Reference value :  5.59217e-07
 Reference value :  5.65217e-07
 Reference value :  5.70217e-07
 Reference value :  5.74506e-07
 Reference value :  5.74593e-07
 Reference value :  5.74760e-07
 Reference value :  5.75139e-07
 Reference value :  5.75321e-07
 Reference value :  5.75500e-07
 Reference value :  5.75619e-07
 Reference value :  5.75804e-07
 Reference value :  5.76042e-07
 Reference value :  5.76232e-07
 Reference value :  5.76474e-07
 Reference value :  5.76989e-07
 Reference value :  5.77860e-07
 Reference value :  5.78385e-07
 Reference value :  5.79075e-07
 Reference value :  5.81259e-07
 Reference value :  5.88759e-07
 Reference value :  5.94759e-07
 Reference value :  6.02259e-07
 Reference value :  6.06759e-07
 Reference value :  6.08261e-07
 Reference value :  6.08994e-07
 Reference value :  6.09205e-07
 Reference value :  6.09408e-07
 Reference value :  6.09886e-07
 Reference value :  6.11653e-07
 Reference value :  6.16171e-07
 Reference value :  6.16239e-07
 Reference value :  6.16326e-07
 Reference value :  6.16442e-07
 Reference value :  6.16788e-07
 Reference value :  6.16973e-07
 Reference value :  6.17046e-07
 Reference value :  6.17175e-07
 Reference value :  6.17297e-07
 Reference value :  6.17404e-07
 Reference value :  6.17531e-07
 Reference value :  6.17770e-07
 Reference value :  6.17881e-07
 Reference value :  6.17966e-07
 Reference value :  6.18089e-07
 Reference value :  6.18180e-07
 Reference value :  6.18389e-07
 Reference value :  6.18558e-07
 Reference value :  6.18830e-07
 Reference value :  6.19267e-07
 Reference value :  6.20615e-07
 Reference value :  6.25457e-07
 Reference value :  6.30957e-07
 Reference value :  6.36457e-07
 Reference value :  6.41457e-07
 Reference value :  6.46957e-07
 Reference value :  6.52457e-07
 Reference value :  6.57840e-07
 Reference value :  6.57954e-07
 Reference value :  6.58093e-07
 Reference value :  6.58558e-07
 Reference value :  6.58730e-07
 Reference value :  6.58920e-07
 Reference value :  6.59056e-07
 Reference value :  6.59295e-07
 Reference value :  6.59516e-07
 Reference value :  6.59750e-07
 Reference value :  6.60155e-07
 Reference value :  6.61624e-07
 Reference value :  6.63376e-07
 Reference value :  6.69562e-07
 Reference value :  6.74562e-07
 Reference value :  6.79374e-07
 Reference value :  6.85874e-07
 Reference value :  6.90374e-07
 Reference value :  6.94874e-07
 Reference value :  6.99514e-07
 Reference value :  6.99591e-07
 Reference value :  6.99694e-07
 Reference value :  6.99791e-07
 Reference value :  7.00092e-07
 Reference value :  7.00246e-07
 Reference value :  7.00363e-07
 Reference value :  7.00482e-07
 Reference value :  7.00559e-07
 Reference value :  7.00662e-07
 Reference value :  7.00762e-07
 Reference value :  7.00875e-07
 Reference value :  7.00971e-07
 Reference value :  7.01136e-07
 Reference value :  7.01417e-07
 Reference value :  7.01707e-07
 Reference value :  7.02339e-07
 Reference value :  7.05234e-07
 Reference value :  7.10734e-07
 Reference value :  7.16234e-07
 Reference value :  7.21234e-07
 Reference value :  7.26234e-07
 Reference value :  7.31734e-07
 Reference value :  7.36734e-07
 Reference value :  7.41174e-07
 Reference value :  7.41266e-07
 Reference value :  7.41365e-07
 Reference value :  7.41675e-07
 Reference value :  7.41989e-07
 Reference value :  7.42170e-07
 Reference value :  7.42298e-07
 Reference value :  7.42406e-07
 Reference value :  7.42652e-07
 Reference value :  7.42905e-07
 Reference value :  7.43149e-07
 Reference value :  7.43673e-07
 Reference value :  7.44860e-07
 Reference value :  7.45756e-07
 Reference value :  7.46764e-07
 Reference value :  7.50078e-07
 Reference value :  7.57578e-07
 Reference value :  7.64578e-07
 Reference value :  7.71078e-07
 Reference value :  7.79578e-07
 Reference value :  7.82886e-07
 Reference value :  7.82968e-07
 Reference value :  7.83072e-07
 Reference value :  7.83441e-07
 Reference value :  7.83647e-07
 Reference value :  7.83776e-07
 Reference value :  7.83879e-07
 Reference value :  7.83980e-07
 Reference value :  7.84066e-07
 Reference value :  7.84178e-07
 Reference value :  7.84310e-07
 Reference value :  7.84413e-07
 Reference value :  7.84627e-07
 Reference value :  7.84812e-07
 Reference value :  7.85003e-07
 Reference value :  7.85245e-07
 Reference value :  7.85614e-07
 Reference value :  7.86525e-07
 Reference value :  7.89882e-07
 Reference value :  7.94882e-07
 Reference value :  7.99882e-07
 Reference value :  8.05382e-07
 Reference value :  8.10382e-07
 Reference value :  8.15882e-07
 Reference value :  8.21882e-07
 Reference value :  8.24524e-07
 Reference value :  8.24586e-07
 Reference value :  8.24689e-07
 Reference value :  8.24837e-07
 Reference value :  8.25197e-07
 Reference value :  8.25349e-07
 Reference value :  8.25508e-07
 Reference value :  8.25587e-07
 Reference value :  8.25745e-07
 Reference value :  8.25963e-07
 Reference value :  8.26207e-07
 Reference value :  8.26436e-07
 Reference value :  8.26823e-07
 Reference value :  8.27828e-07
 Reference value :  8.28441e-07
 Reference value :  8.29060e-07
 Reference value :  8.30408e-07
 Reference value :  8.35271e-07
 Reference value :  8.41271e-07
 Reference value :  8.48271e-07
 Reference value :  8.53771e-07
 Reference value :  8.59271e-07
 Reference value :  8.64271e-07
 Reference value :  8.66104e-07
 Reference value :  8.66200e-07
 Reference value :  8.66296e-07
 Reference value :  8.66401e-07
 Reference value :  8.66819e-07
 Reference value :  8.66984e-07
 Reference value :  8.67169e-07
 Reference value :  8.67248e-07
 Reference value :  8.67352e-07
 Reference value :  8.67445e-07
 Reference value :  8.67662e-07
 Reference value :  8.67792e-07
 Reference value :  8.67921e-07
 Reference value :  8.68161e-07
 Reference value :  8.68310e-07
 Reference value :  8.68456e-07
 Reference value :  8.68785e-07
 Reference value :  8.69339e-07
 Reference value :  8.71081e-07
 Reference value :  8.78270e-07
 Reference value :  8.83270e-07
 Reference value :  8.88770e-07
 Reference value :  8.94270e-07
 Reference value :  9.00270e-07
 Reference value :  9.06270e-07
 Reference value :  9.07867e-07
 Reference value :  9.07963e-07
 Reference value :  9.08090e-07
 Reference value :  9.08406e-07
 Reference value :  9.08651e-07
 Reference value :  9.08836e-07
 Reference value :  9.08944e-07
 Reference value :  9.09139e-07
 Reference value :  9.09423e-07
 Reference value :  9.09628e-07
 Reference value :  9.09892e-07
 Reference value :  9.11126e-07
 Reference value :  9.11679e-07
 Reference value :  9.12541e-07
 Reference value :  9.14206e-07
 Reference value :  9.19708e-07
 Reference value :  9.28208e-07
 Reference value :  9.34708e-07
 Reference value :  9.42208e-07
 Reference value :  9.49104e-07
 Reference value :  9.49604e-07
 Reference value :  9.49708e-07
 Reference value :  9.49854e-07
 Reference value :  9.50308e-07
 Reference value :  9.50541e-07
 Reference value :  9.50752e-07
 Reference value :  9.50862e-07
 Reference value :  9.51007e-07
 Reference value :  9.51152e-07
 Reference value :  9.51298e-07
 Reference value :  9.51421e-07
 Reference value :  9.51554e-07
 Reference value :  9.51810e-07
 Reference value :  9.52076e-07
 Reference value :  9.52987e-07
 Reference value :  9.56919e-07
 Reference value :  9.61919e-07
 Reference value :  9.67919e-07
 Reference value :  9.72919e-07
 Reference value :  9.78419e-07
 Reference value :  9.83919e-07
 Reference value :  9.88919e-07
 Reference value :  9.91192e-07
 Reference value :  9.91276e-07
 Reference value :  9.91372e-07
 Reference value :  9.91581e-07
 Reference value :  9.91868e-07
 Reference value :  9.91979e-07
 Reference value :  9.92145e-07
 Reference value :  9.92230e-07
 Reference value :  9.92351e-07
 Reference value :  9.92555e-07
 Reference value :  9.92782e-07
 Reference value :  9.92998e-07
 Reference value :  9.93345e-07
 Reference value :  9.94171e-07
 Reference value :  9.95238e-07
 Reference value :  9.95938e-07
 Reference value :  9.97158e-07
 Reference value :  1.00104e-06
 Reference value :  1.01054e-06
 Reference value :  1.01754e-06
 Reference value :  1.02604e-06
 Reference value :  1.03204e-06
 Reference value :  1.03288e-06
 Reference value :  1.03297e-06
 Reference value :  1.03309e-06
 Reference value :  1.03332e-06
 Reference value :  1.03363e-06
 Reference value :  1.03380e-06
 Reference value :  1.03395e-06
 Reference value :  1.03409e-06
 Reference value :  1.03419e-06
 Reference value :  1.03432e-06
 Reference value :  1.03442e-06
 Reference value :  1.03459e-06
 Reference value :  1.03481e-06
 Reference value :  1.03507e-06
 Reference value :  1.03560e-06
 Reference value :  1.03680e-06
 Reference value :  1.04138e-06
 Reference value :  1.04638e-06
 Reference value :  1.05238e-06
 Reference value :  1.05738e-06
 Reference value :  1.06288e-06
 Reference value :  1.06838e-06
 Reference value :  1.07388e-06
 Reference value :  1.07455e-06
 Reference value :  1.07462e-06
 Reference value :  1.07472e-06
 Reference value :  1.07491e-06
 Reference value :  1.07520e-06
 Reference value :  1.07534e-06
 Reference value :  1.07545e-06
 Reference value :  1.07553e-06
 Reference value :  1.07564e-06
 Reference value :  1.07583e-06
 Reference value :  1.07609e-06
 Reference value :  1.07636e-06
 Reference value :  1.07674e-06
 Reference value :  1.07749e-06
 Reference value :  1.07849e-06
 Reference value :  1.07921e-06
 Reference value :  1.08020e-06
 Reference value :  1.08307e-06
 Reference value :  1.09035e-06
 Reference value :  1.09685e-06
 Reference value :  1.10335e-06
 Reference value :  1.11185e-06
 Reference value :  1.11617e-06
 Reference value :  1.11624e-06
 Reference value :  1.11633e-06
 Reference value :  1.11642e-06
 Reference value :  1.11663e-06
 Reference value :  1.11693e-06
 Reference value :  1.11706e-06
 Reference value :  1.11716e-06
 Reference value :  1.11722e-06
 Reference value :  1.11729e-06
 Reference value :  1.11736e-06
 Reference value :  1.11746e-06
 Reference value :  1.11754e-06
 Reference value :  1.11765e-06
 Reference value :  1.11782e-06
 Reference value :  1.11804e-06
 Reference value :  1.11822e-06
 Reference value :  1.11836e-06
 Reference value :  1.11847e-06
 Reference value :  1.11862e-06
 Reference value :  1.11891e-06
 Reference value :  1.11924e-06
 Reference value :  1.11963e-06
 Reference value :  1.12089e-06
 Reference value :  1.12503e-06
 Reference value :  1.13003e-06
 Reference value :  1.13553e-06
 Reference value :  1.14153e-06
 Reference value :  1.14653e-06
 Reference value :  1.15153e-06
 Reference value :  1.15783e-06
 Reference value :  1.15791e-06
 Reference value :  1.15800e-06
 Reference value :  1.15819e-06
 Reference value :  1.15855e-06
 Reference value :  1.15874e-06
 Reference value :  1.15893e-06
 Reference value :  1.15912e-06
 Reference value :  1.15941e-06
 Reference value :  1.15968e-06
 Reference value :  1.15996e-06
 Reference value :  1.16046e-06
 Reference value :  1.16071e-06
 Reference value :  1.16095e-06
 Reference value :  1.16125e-06
 Reference value :  1.16160e-06
 Reference value :  1.16213e-06
 Reference value :  1.16448e-06
 Reference value :  1.16982e-06
 Reference value :  1.17582e-06
 Reference value :  1.18232e-06
 Reference value :  1.18732e-06
 Reference value :  1.19232e-06
 Reference value :  1.19732e-06
 Reference value :  1.19955e-06
 Reference value :  1.19963e-06
 Reference value :  1.19975e-06
 Reference value :  1.20016e-06
 Reference value :  1.20033e-06
 Reference value :  1.20050e-06
 Reference value :  1.20061e-06
 Reference value :  1.20074e-06
 Reference value :  1.20090e-06
 Reference value :  1.20101e-06
 Reference value :  1.20115e-06
 Reference value :  1.20124e-06
 Reference value :  1.20137e-06
 Reference value :  1.20147e-06
 Reference value :  1.20159e-06
 Reference value :  1.20176e-06
 Reference value :  1.20191e-06
 Reference value :  1.20212e-06
 Reference value :  1.20246e-06
 Reference value :  1.20295e-06
 Reference value :  1.20377e-06
 Reference value :  1.20592e-06
 Reference value :  1.21051e-06
 Reference value :  1.21551e-06
 Reference value :  1.22051e-06
 Reference value :  1.22601e-06
 Reference value :  1.23101e-06
 Reference value :  1.23601e-06
 Reference value :  1.24117e-06
 Reference value :  1.24125e-06
 Reference value :  1.24134e-06
 Reference value :  1.24149e-06
 Reference value :  1.24189e-06
 Reference value :  1.24208e-06
 Reference value :  1.24222e-06
 Reference value :  1.24230e-06
 Reference value :  1.24253e-06
 Reference value :  1.24278e-06
 Reference value :  1.24303e-06
 Reference value :  1.24332e-06
 Reference value :  1.24367e-06
 Reference value :  1.24389e-06
 Reference value :  1.24416e-06
 Reference value :  1.24449e-06
 Reference value :  1.24554e-06
 Reference value :  1.25113e-06
 Reference value :  1.25813e-06
 Reference value :  1.26363e-06
 Reference value :  1.26913e-06
 Reference value :  1.27463e-06
 Reference value :  1.27963e-06
 Reference value :  1.28284e-06
 Reference value :  1.28293e-06
 Reference value :  1.28301e-06
 Reference value :  1.28312e-06
 Reference value :  1.28349e-06
 Reference value :  1.28366e-06
 Reference value :  1.28384e-06
 Reference value :  1.28391e-06
 Reference value :  1.28403e-06
 Reference value :  1.28416e-06
 Reference value :  1.28434e-06
 Reference value :  1.28455e-06
 Reference value :  1.28467e-06
 Reference value :  1.28476e-06
 Reference value :  1.28491e-06
 Reference value :  1.28504e-06
 Reference value :  1.28524e-06
 Reference value :  1.28548e-06
 Reference value :  1.28578e-06
 Reference value :  1.28636e-06
 Reference value :  1.29074e-06
 Reference value :  1.29624e-06
 Reference value :  1.30124e-06
 Reference value :  1.30624e-06
 Reference value :  1.31224e-06
 Reference value :  1.31774e-06
 Reference value :  1.32274e-06
 Reference value :  1.32455e-06
 Reference value :  1.32463e-06
 Reference value :  1.32472e-06
 Reference value :  1.32495e-06
 Reference value :  1.32524e-06
 Reference value :  1.32536e-06
 Reference value :  1.32550e-06
 Reference value :  1.32557e-06
 Reference value :  1.32568e-06
 Reference value :  1.32585e-06
 Reference value :  1.32614e-06
 Reference value :  1.32638e-06
 Reference value :  1.32678e-06
 Reference value :  1.32761e-06
 Reference value :  1.32799e-06
 Reference value :  1.32893e-06
 Reference value :  1.33072e-06
 Reference value :  1.33199e-06
 Reference value :  1.33231e-06
 Reference value :  1.33249e-06
 Reference value :  1.33273e-06
 Reference value :  1.33330e-06
 Reference value :  1.33702e-06
 Reference value :  1.34252e-06
 Reference value :  1.34802e-06
 Reference value :  1.35302e-06
 Reference value :  1.35802e-06
 Reference value :  1.36552e-06
 Reference value :  1.36623e-06
 Reference value :  1.36630e-06
 Reference value :  1.36640e-06
 Reference value :  1.36662e-06
 Reference value :  1.36690e-06
 Reference value :  1.36709e-06
 Reference value :  1.36721e-06
 Reference value :  1.36734e-06
 Reference value :  1.36746e-06
 Reference value :  1.36765e-06
 Reference value :  1.36787e-06
 Reference value :  1.36801e-06
 Reference value :  1.36813e-06
 Reference value :  1.36825e-06
 Reference value :  1.36835e-06
 Reference value :  1.36852e-06
 Reference value :  1.36875e-06
 Reference value :  1.36905e-06
 Reference value :  1.36947e-06
 Reference value :  1.37138e-06
 Reference value :  1.37738e-06
 Reference value :  1.38288e-06
 Reference value :  1.38838e-06
 Reference value :  1.39438e-06
 Reference value :  1.39938e-06
 Reference value :  1.40488e-06
 Reference value :  1.40787e-06
 Reference value :  1.40795e-06
 Reference value :  1.40806e-06
 Reference value :  1.40852e-06
 Reference value :  1.40866e-06
 Reference value :  1.40884e-06
 Reference value :  1.40892e-06
 Reference value :  1.40913e-06
 Reference value :  1.40936e-06
 Reference value :  1.40962e-06
 Reference value :  1.40995e-06
 Reference value :  1.41087e-06
 Reference value :  1.41395e-06
 Reference value :  1.42045e-06
 Reference value :  1.42595e-06
 Reference value :  1.43095e-06
 Reference value :  1.43645e-06
 Reference value :  1.44145e-06
 Reference value :  1.44645e-06
 Reference value :  1.44952e-06
 Reference value :  1.44961e-06
 Reference value :  1.44969e-06
 Reference value :  1.44982e-06
 Reference value :  1.45024e-06
 Reference value :  1.45036e-06
 Reference value :  1.45050e-06
 Reference value :  1.45059e-06
 Reference value :  1.45076e-06
 Reference value :  1.45096e-06
 Reference value :  1.45114e-06
 Reference value :  1.45154e-06
 Reference value :  1.45186e-06
 Reference value :  1.45247e-06
 Reference value :  1.45381e-06
 Reference value :  1.45811e-06
 Reference value :  1.46361e-06
 Reference value :  1.46861e-06
 Reference value :  1.47411e-06
 Reference value :  1.48361e-06
 Reference value :  1.49118e-06
 Reference value :  1.49128e-06
 Reference value :  1.49138e-06
 Reference value :  1.49187e-06
 Reference value :  1.49213e-06
 Reference value :  1.49226e-06
 Reference value :  1.49245e-06
 Reference value :  1.49271e-06
 Reference value :  1.49290e-06
 Reference value :  1.49318e-06
 Reference value :  1.49365e-06
 Reference value :  1.49467e-06
 Reference value :  1.49525e-06
 Reference value :  1.49594e-06
 Reference value :  1.49866e-06
 Reference value :  1.50516e-06
 Reference value :  1.51066e-06
 Reference value :  1.51816e-06
 Reference value :  1.52058e-06
 Reference value :  1.52235e-06
 Reference value :  1.52264e-06
 Reference value :  1.52292e-06
 Reference value :  1.52337e-06
 Reference value :  1.52611e-06
 Reference value :  1.53161e-06
 Reference value :  1.53287e-06
 Reference value :  1.53296e-06
 Reference value :  1.53310e-06
 Reference value :  1.53347e-06
 Reference value :  1.53367e-06
 Reference value :  1.53383e-06
 Reference value :  1.53393e-06
 Reference value :  1.53404e-06
 Reference value :  1.53414e-06
 Reference value :  1.53433e-06
 Reference value :  1.53447e-06
 Reference value :  1.53457e-06
 Reference value :  1.53473e-06
 Reference value :  1.53492e-06
 Reference value :  1.53524e-06
 Reference value :  1.53560e-06
 Reference value :  1.53671e-06
 Reference value :  1.54070e-06
 Reference value :  1.54620e-06
 Reference value :  1.55220e-06
 Reference value :  1.55770e-06
 Reference value :  1.56270e-06
 Reference value :  1.56870e-06
 Reference value :  1.57410e-06
 Reference value :  1.57456e-06
 Reference value :  1.57465e-06
 Reference value :  1.57481e-06
 Reference value :  1.57510e-06
 Reference value :  1.57532e-06
 Reference value :  1.57550e-06
 Reference value :  1.57563e-06
 Reference value :  1.57576e-06
 Reference value :  1.57599e-06
 Reference value :  1.57624e-06
 Reference value :  1.57664e-06
 Reference value :  1.57734e-06
 Reference value :  1.57944e-06
 Reference value :  1.58459e-06
 Reference value :  1.59059e-06
 Reference value :  1.59559e-06
 Reference value :  1.60109e-06
 Reference value :  1.60609e-06
 Reference value :  1.61259e-06
 Reference value :  1.61618e-06
 Reference value :  1.61626e-06
 Reference value :  1.61634e-06
 Reference value :  1.61657e-06
 Reference value :  1.61691e-06
 Reference value :  1.61709e-06
 Reference value :  1.61724e-06
 Reference value :  1.61735e-06
 Reference value :  1.61756e-06
 Reference value :  1.61770e-06
 Reference value :  1.61782e-06
 Reference value :  1.61810e-06
 Reference value :  1.61842e-06
 Reference value :  1.61904e-06
 Reference value :  1.62113e-06
 Reference value :  1.62697e-06
 Reference value :  1.63247e-06
 Reference value :  1.63747e-06
 Reference value :  1.64247e-06
 Reference value :  1.64847e-06
 Reference value :  1.65397e-06
 Reference value :  1.65785e-06
 Reference value :  1.65795e-06
 Reference value :  1.65815e-06
 Reference value :  1.65851e-06
 Reference value :  1.65868e-06
 Reference value :  1.65884e-06
 Reference value :  1.65895e-06
 Reference value :  1.65912e-06
 Reference value :  1.65946e-06
 Reference value :  1.65970e-06
 Reference value :  1.66016e-06
 Reference value :  1.66191e-06
 Reference value :  1.66365e-06
 Reference value :  1.66996e-06
 Reference value :  1.67746e-06
 Reference value :  1.68546e-06
 Reference value :  1.69246e-06
 Reference value :  1.69952e-06
 Reference value :  1.69960e-06
 Reference value :  1.69970e-06
 Reference value :  1.69982e-06
 Reference value :  1.70018e-06
 Reference value :  1.70032e-06
 Reference value :  1.70046e-06
 Reference value :  1.70056e-06
 Reference value :  1.70068e-06
 Reference value :  1.70080e-06
 Reference value :  1.70094e-06
 Reference value :  1.70113e-06
 Reference value :  1.70130e-06
 Reference value :  1.70159e-06
 Reference value :  1.70202e-06
 Reference value :  1.70291e-06
 Reference value :  1.70518e-06
 Reference value :  1.70994e-06
 Reference value :  1.71544e-06
 Reference value :  1.72194e-06
 Reference value :  1.72744e-06
 Reference value :  1.73244e-06
 Reference value :  1.73744e-06
 Reference value :  1.74118e-06
 Reference value :  1.74125e-06
 Reference value :  1.74134e-06
 Reference value :  1.74151e-06
 Reference value :  1.74187e-06
 Reference value :  1.74199e-06
 Reference value :  1.74217e-06
 Reference value :  1.74225e-06
 Reference value :  1.74240e-06
 Reference value :  1.74261e-06
 Reference value :  1.74287e-06
 Reference value :  1.74310e-06
 Reference value :  1.74367e-06
 Reference value :  1.74468e-06
 Reference value :  1.74531e-06
 Reference value :  1.74628e-06
 Reference value :  1.74862e-06
 Reference value :  1.75366e-06
 Reference value :  1.76066e-06
 Reference value :  1.76866e-06
 Reference value :  1.77616e-06
 Reference value :  1.78250e-06
 Reference value :  1.78289e-06
 Reference value :  1.78299e-06
 Reference value :  1.78309e-06
 Reference value :  1.78346e-06
 Reference value :  1.78368e-06
 Reference value :  1.78384e-06
 Reference value :  1.78395e-06
 Reference value :  1.78409e-06
 Reference value :  1.78421e-06
 Reference value :  1.78433e-06
 Reference value :  1.78444e-06
 Reference value :  1.78457e-06
 Reference value :  1.78469e-06
 Reference value :  1.78484e-06
 Reference value :  1.78512e-06
 Reference value :  1.78553e-06
 Reference value :  1.78638e-06
 Reference value :  1.78894e-06
 Reference value :  1.79494e-06
 Reference value :  1.79994e-06
 Reference value :  1.80544e-06
 Reference value :  1.81044e-06
 Reference value :  1.81694e-06
 Reference value :  1.82244e-06
 Reference value :  1.82452e-06
 Reference value :  1.82462e-06
 Reference value :  1.82474e-06
 Reference value :  1.82502e-06
 Reference value :  1.82525e-06
 Reference value :  1.82536e-06
 Reference value :  1.82553e-06
 Reference value :  1.82564e-06
 Reference value :  1.82587e-06
 Reference value :  1.82615e-06
 Reference value :  1.82648e-06
 Reference value :  1.82735e-06
 Reference value :  1.82853e-06
 Reference value :  1.82947e-06
 Reference value :  1.83413e-06
 Reference value :  1.84263e-06
 Reference value :  1.84863e-06
 Reference value :  1.85713e-06
 Reference value :  1.86007e-06
 Reference value :  1.86145e-06
 Reference value :  1.86170e-06
 Reference value :  1.86192e-06
 Reference value :  1.86233e-06
 Reference value :  1.86336e-06
 Reference value :  1.86618e-06
 Reference value :  1.86626e-06
 Reference value :  1.86634e-06
 Reference value :  1.86649e-06
 Reference value :  1.86687e-06
 Reference value :  1.86707e-06
 Reference value :  1.86720e-06
 Reference value :  1.86731e-06
 Reference value :  1.86742e-06
 Reference value :  1.86761e-06
 Reference value :  1.86777e-06
 Reference value :  1.86788e-06
 Reference value :  1.86800e-06
 Reference value :  1.86811e-06
 Reference value :  1.86822e-06
 Reference value :  1.86836e-06
 Reference value :  1.86856e-06
 Reference value :  1.86884e-06
 Reference value :  1.86934e-06
 Reference value :  1.87127e-06
 Reference value :  1.87777e-06
 Reference value :  1.88277e-06
 Reference value :  1.88777e-06
 Reference value :  1.89277e-06
 Reference value :  1.89927e-06
 Reference value :  1.90427e-06
 Reference value :  1.90784e-06
 Reference value :  1.90790e-06
 Reference value :  1.90801e-06
 Reference value :  1.90817e-06
 Reference value :  1.90847e-06
 Reference value :  1.90865e-06
 Reference value :  1.90882e-06
 Reference value :  1.90892e-06
 Reference value :  1.90905e-06
 Reference value :  1.90929e-06
 Reference value :  1.90951e-06
 Reference value :  1.90970e-06
 Reference value :  1.91016e-06
 Reference value :  1.91113e-06
 Reference value :  1.91167e-06
 Reference value :  1.91252e-06
 Reference value :  1.91432e-06
 Reference value :  1.92132e-06
 Reference value :  1.92832e-06
 Reference value :  1.93582e-06
 Reference value :  1.94282e-06
 Reference value :  1.94682e-06
 Reference value :  1.94825e-06
 Reference value :  1.94894e-06
 Reference value :  1.94912e-06
 Reference value :  1.94950e-06
 Reference value :  1.94955e-06
 Reference value :  1.94962e-06
 Reference value :  1.94972e-06
 Reference value :  1.95002e-06
 Reference value :  1.95024e-06
 Reference value :  1.95037e-06
 Reference value :  1.95053e-06
 Reference value :  1.95063e-06
 Reference value :  1.95074e-06
 Reference value :  1.95085e-06
 Reference value :  1.95103e-06
 Reference value :  1.95114e-06
 Reference value :  1.95129e-06
 Reference value :  1.95142e-06
 Reference value :  1.95162e-06
 Reference value :  1.95180e-06
 Reference value :  1.95205e-06
 Reference value :  1.95240e-06
 Reference value :  1.95306e-06
 Reference value :  1.95944e-06
 Reference value :  1.96544e-06
 Reference value :  1.97044e-06
 Reference value :  1.97644e-06
 Reference value :  1.98144e-06
 Reference value :  1.98694e-06
 Reference value :  1.99117e-06
 Reference value :  1.99124e-06
 Reference value :  1.99132e-06
 Reference value :  1.99142e-06
 Reference value :  1.99181e-06
 Reference value :  1.99199e-06
 Reference value :  1.99217e-06
 Reference value :  1.99230e-06
 Reference value :  1.99243e-06
 Reference value :  1.99266e-06
 Reference value :  1.99290e-06
 Reference value :  1.99314e-06
 Reference value :  1.99357e-06
 Reference value :  1.99472e-06
 Reference value :  1.99545e-06
 Reference value :  1.99617e-06
 Reference value :  1.99788e-06
 Reference value :  2.00325e-06
 Reference value :  2.00825e-06
 Reference value :  2.01325e-06
 Reference value :  2.01875e-06
 Reference value :  2.02475e-06
 Reference value :  2.02975e-06
 Reference value :  2.03254e-06
 Reference value :  2.03292e-06
 Reference value :  2.03301e-06
 Reference value :  2.03318e-06
 Reference value :  2.03362e-06
 Reference value :  2.03384e-06
 Reference value :  2.03402e-06
 Reference value :  2.03415e-06
 Reference value :  2.03428e-06
 Reference value :  2.03438e-06
 Reference value :  2.03451e-06
 Reference value :  2.03464e-06
 Reference value :  2.03491e-06
 Reference value :  2.03520e-06
 Reference value :  2.03586e-06
 Reference value :  2.03802e-06
 Reference value :  2.04302e-06
 Reference value :  2.05052e-06
 Reference value :  2.05752e-06
 Reference value :  2.06302e-06
 Reference value :  2.06902e-06
 Reference value :  2.07402e-06
 Reference value :  2.07457e-06
 Reference value :  2.07467e-06
 Reference value :  2.07482e-06
 Reference value :  2.07526e-06
 Reference value :  2.07544e-06
 Reference value :  2.07560e-06
 Reference value :  2.07573e-06
 Reference value :  2.07593e-06
 Reference value :  2.07619e-06
 Reference value :  2.07641e-06
 Reference value :  2.07684e-06
 Reference value :  2.07838e-06
 Reference value :  2.07920e-06
 Reference value :  2.07982e-06
 Reference value :  2.08133e-06
 Reference value :  2.08633e-06
 Reference value :  2.09383e-06
 Reference value :  2.10033e-06
 Reference value :  2.10883e-06
 Reference value :  2.11483e-06
 Reference value :  2.11621e-06
 Reference value :  2.11629e-06
 Reference value :  2.11639e-06
 Reference value :  2.11660e-06
 Reference value :  2.11698e-06
 Reference value :  2.11714e-06
 Reference value :  2.11721e-06
 Reference value :  2.11727e-06
 Reference value :  2.11737e-06
 Reference value :  2.11747e-06
 Reference value :  2.11755e-06
 Reference value :  2.11768e-06
 Reference value :  2.11786e-06
 Reference value :  2.11798e-06
 Reference value :  2.11809e-06
 Reference value :  2.11819e-06
 Reference value :  2.11830e-06
 Reference value :  2.11840e-06
 Reference value :  2.11853e-06
 Reference value :  2.11876e-06
 Reference value :  2.11907e-06
 Reference value :  2.11936e-06
 Reference value :  2.11982e-06
 Reference value :  2.12161e-06
 Reference value :  2.12691e-06
 Reference value :  2.13191e-06
 Reference value :  2.13691e-06
 Reference value :  2.14241e-06
 Reference value :  2.14841e-06
 Reference value :  2.15341e-06
 Reference value :  2.15784e-06
 Reference value :  2.15796e-06
 Reference value :  2.15811e-06
 Reference value :  2.15846e-06
 Reference value :  2.15864e-06
 Reference value :  2.15878e-06
 Reference value :  2.15888e-06
 Reference value :  2.15901e-06
 Reference value :  2.15922e-06
 Reference value :  2.15941e-06
 Reference value :  2.15965e-06
 Reference value :  2.15983e-06
 Reference value :  2.15998e-06
 Reference value :  2.16014e-06
 Reference value :  2.16052e-06
 Reference value :  2.16082e-06
 Reference value :  2.16104e-06
 Reference value :  2.16124e-06
 Reference value :  2.16145e-06
 Reference value :  2.16170e-06
 Reference value :  2.16205e-06
 Reference value :  2.16307e-06
 Reference value :  2.16630e-06
 Reference value :  2.17180e-06
 Reference value :  2.17880e-06
 Reference value :  2.18480e-06
 Reference value :  2.18980e-06
 Reference value :  2.19530e-06
 Reference value :  2.19950e-06
 Reference value :  2.19959e-06
 Reference value :  2.19968e-06
 Reference value :  2.19982e-06
 Reference value :  2.20026e-06
 Reference value :  2.20039e-06
 Reference value :  2.20056e-06
 Reference value :  2.20068e-06
 Reference value :  2.20078e-06
 Reference value :  2.20096e-06
 Reference value :  2.20104e-06
 Reference value :  2.20120e-06
 Reference value :  2.20137e-06
 Reference value :  2.20152e-06
 Reference value :  2.20170e-06
 Reference value :  2.20196e-06
 Reference value :  2.20238e-06
 Reference value :  2.20309e-06
 Reference value :  2.20435e-06
 Reference value :  2.20752e-06
 Reference value :  2.21352e-06
 Reference value :  2.22002e-06
 Reference value :  2.22502e-06
 Reference value :  2.23002e-06
 Reference value :  2.23552e-06
 Reference value :  2.24084e-06
 Reference value :  2.24125e-06
 Reference value :  2.24134e-06
 Reference value :  2.24155e-06
 Reference value :  2.24188e-06
 Reference value :  2.24201e-06
 Reference value :  2.24219e-06
 Reference value :  2.24230e-06
 Reference value :  2.24246e-06
 Reference value :  2.24269e-06
 Reference value :  2.24296e-06
 Reference value :  2.24314e-06
 Reference value :  2.24326e-06
 Reference value :  2.24352e-06
 Reference value :  2.24386e-06
 Reference value :  2.24409e-06
 Reference value :  2.24430e-06
 Reference value :  2.24459e-06
 Reference value :  2.24509e-06
 Reference value :  2.24643e-06
 Reference value :  2.25148e-06
 Reference value :  2.25698e-06
 Reference value :  2.26198e-06
 Reference value :  2.26798e-06
 Reference value :  2.27398e-06
 Reference value :  2.27898e-06
 Reference value :  2.28285e-06
 Reference value :  2.28295e-06
 Reference value :  2.28304e-06
 Reference value :  2.28315e-06
 Reference value :  2.28351e-06
 Reference value :  2.28365e-06
 Reference value :  2.28383e-06
 Reference value :  2.28390e-06
 Reference value :  2.28400e-06
 Reference value :  2.28414e-06
 Reference value :  2.28437e-06
 Reference value :  2.28454e-06
 Reference value :  2.28468e-06
 Reference value :  2.28487e-06
 Reference value :  2.28499e-06
 Reference value :  2.28517e-06
 Reference value :  2.28539e-06
 Reference value :  2.28572e-06
 Reference value :  2.28622e-06
 Reference value :  2.28904e-06
 Reference value :  2.29404e-06
 Reference value :  2.29954e-06
 Reference value :  2.30454e-06
 Reference value :  2.31054e-06
 Reference value :  2.31554e-06
 Reference value :  2.32054e-06
 Reference value :  2.32453e-06
 Reference value :  2.32462e-06
 Reference value :  2.32472e-06
 Reference value :  2.32501e-06
 Reference value :  2.32524e-06
 Reference value :  2.32539e-06
 Reference value :  2.32557e-06
 Reference value :  2.32570e-06
 Reference value :  2.32586e-06
 Reference value :  2.32611e-06
 Reference value :  2.32636e-06
 Reference value :  2.32675e-06
 Reference value :  2.32746e-06
 Reference value :  2.32789e-06
 Reference value :  2.32825e-06
 Reference value :  2.32915e-06
 Reference value :  2.33176e-06
 Reference value :  2.33317e-06
 Reference value :  2.33659e-06
 Reference value :  2.34159e-06
 Reference value :  2.34709e-06
 Reference value :  2.35259e-06
 Reference value :  2.35759e-06
 Reference value :  2.36259e-06
 Reference value :  2.36617e-06
 Reference value :  2.36625e-06
 Reference value :  2.36633e-06
 Reference value :  2.36644e-06
 Reference value :  2.36675e-06
 Reference value :  2.36691e-06
 Reference value :  2.36701e-06
 Reference value :  2.36713e-06
 Reference value :  2.36723e-06
 Reference value :  2.36736e-06
 Reference value :  2.36746e-06
 Reference value :  2.36769e-06
 Reference value :  2.36784e-06
 Reference value :  2.36796e-06
 Reference value :  2.36808e-06
 Reference value :  2.36820e-06
 Reference value :  2.36834e-06
 Reference value :  2.36851e-06
 Reference value :  2.36872e-06
 Reference value :  2.36907e-06
 Reference value :  2.36976e-06
 Reference value :  2.37262e-06
 Reference value :  2.37806e-06
 Reference value :  2.38306e-06
 Reference value :  2.38906e-06
 Reference value :  2.39406e-06
 Reference value :  2.39956e-06
 Reference value :  2.40506e-06
 Reference value :  2.40786e-06
 Reference value :  2.40796e-06
 Reference value :  2.40811e-06
 Reference value :  2.40844e-06
 Reference value :  2.40867e-06
 Reference value :  2.40883e-06
 Reference value :  2.40891e-06
 Reference value :  2.40905e-06
 Reference value :  2.40924e-06
 Reference value :  2.40949e-06
 Reference value :  2.40982e-06
 Reference value :  2.41018e-06
 Reference value :  2.41096e-06
 Reference value :  2.41242e-06
 Reference value :  2.41574e-06
 Reference value :  2.41767e-06
 Reference value :  2.41849e-06
 Reference value :  2.41876e-06
 Reference value :  2.41903e-06
 Reference value :  2.41948e-06
 Reference value :  2.42089e-06
 Reference value :  2.42628e-06
 Reference value :  2.43128e-06
 Reference value :  2.43628e-06
 Reference value :  2.44178e-06
 Reference value :  2.44728e-06
 Reference value :  2.44952e-06
 Reference value :  2.44963e-06
 Reference value :  2.44973e-06
 Reference value :  2.44989e-06
 Reference value :  2.45021e-06
 Reference value :  2.45040e-06
 Reference value :  2.45050e-06
 Reference value :  2.45059e-06
 Reference value :  2.45068e-06
 Reference value :  2.45078e-06
 Reference value :  2.45099e-06
 Reference value :  2.45117e-06
 Reference value :  2.45132e-06
 Reference value :  2.45149e-06
 Reference value :  2.45161e-06
 Reference value :  2.45171e-06
 Reference value :  2.45188e-06
 Reference value :  2.45216e-06
 Reference value :  2.45251e-06
 Reference value :  2.45325e-06
 Reference value :  2.45721e-06
 Reference value :  2.46271e-06
 Reference value :  2.46771e-06
 Reference value :  2.47321e-06
 Reference value :  2.47821e-06
 Reference value :  2.48321e-06
 Reference value :  2.48821e-06
 Reference value :  2.49120e-06
 Reference value :  2.49129e-06
 Reference value :  2.49139e-06
 Reference value :  2.49157e-06
 Reference value :  2.49185e-06
 Reference value :  2.49200e-06
 Reference value :  2.49215e-06
 Reference value :  2.49221e-06
 Reference value :  2.49229e-06
 Reference value :  2.49246e-06
 Reference value :  2.49266e-06
 Reference value :  2.49290e-06
 Reference value :  2.49320e-06
 Reference value :  2.49378e-06
 Reference value :  2.49431e-06
 Reference value :  2.49475e-06
 Reference value :  2.49565e-06
 Reference value :  2.49866e-06
 Reference value :  2.50035e-06
 Reference value :  2.50197e-06
 Reference value :  2.50579e-06
 Reference value :  2.51079e-06
 Reference value :  2.51579e-06
 Reference value :  2.52079e-06
 Reference value :  2.52579e-06
 Reference value :  2.53079e-06
 Reference value :  2.53286e-06
 Reference value :  2.53295e-06
 Reference value :  2.53305e-06
 Reference value :  2.53344e-06
 Reference value :  2.53365e-06
 Reference value :  2.53377e-06
 Reference value :  2.53387e-06
 Reference value :  2.53398e-06
 Reference value :  2.53406e-06
 Reference value :  2.53422e-06
 Reference value :  2.53438e-06
 Reference value :  2.53452e-06
 Reference value :  2.53463e-06
 Reference value :  2.53474e-06
 Reference value :  2.53484e-06
 Reference value :  2.53498e-06
 Reference value :  2.53512e-06
 Reference value :  2.53530e-06
 Reference value :  2.53566e-06
 Reference value :  2.53601e-06
 Reference value :  2.53675e-06
 Reference value :  2.54074e-06
 Reference value :  2.54624e-06
 Reference value :  2.55124e-06
 Reference value :  2.55674e-06
 Reference value :  2.56224e-06
 Reference value :  2.56774e-06
 Reference value :  2.57324e-06
 Reference value :  2.57454e-06
 Reference value :  2.57462e-06
 Reference value :  2.57472e-06
 Reference value :  2.57501e-06
 Reference value :  2.57530e-06
 Reference value :  2.57537e-06
 Reference value :  2.57553e-06
 Reference value :  2.57564e-06
 Reference value :  2.57578e-06
 Reference value :  2.57604e-06
 Reference value :  2.57627e-06
 Reference value :  2.57658e-06
 Reference value :  2.57724e-06
 Reference value :  2.57794e-06
 Reference value :  2.57865e-06
 Reference value :  2.58136e-06
 Reference value :  2.58141e-06
 Reference value :  2.58261e-06
 Reference value :  2.58707e-06
 Reference value :  2.59257e-06
 Reference value :  2.59807e-06
 Reference value :  2.60357e-06
 Reference value :  2.60907e-06
 Reference value :  2.61557e-06
 Reference value :  2.61622e-06
 Reference value :  2.61633e-06
 Reference value :  2.61642e-06
 Reference value :  2.61683e-06
 Reference value :  2.61702e-06
 Reference value :  2.61717e-06
 Reference value :  2.61727e-06
 Reference value :  2.61739e-06
 Reference value :  2.61761e-06
 Reference value :  2.61773e-06
 Reference value :  2.61785e-06
 Reference value :  2.61796e-06
 Reference value :  2.61806e-06
 Reference value :  2.61819e-06
 Reference value :  2.61831e-06
 Reference value :  2.61849e-06
 Reference value :  2.61873e-06
 Reference value :  2.61904e-06
 Reference value :  2.61952e-06
 Reference value :  2.62084e-06
 Reference value :  2.62537e-06
 Reference value :  2.63087e-06
 Reference value :  2.63687e-06
 Reference value :  2.64237e-06
 Reference value :  2.64737e-06
 Reference value :  2.65287e-06
 Reference value :  2.65784e-06
 Reference value :  2.65793e-06
 Reference value :  2.65803e-06
 Reference value :  2.65817e-06
 Reference value :  2.65851e-06
 Reference value :  2.65869e-06
 Reference value :  2.65884e-06
 Reference value :  2.65892e-06
 Reference value :  2.65906e-06
 Reference value :  2.65932e-06
 Reference value :  2.65958e-06
 Reference value :  2.65988e-06
 Reference value :  2.66044e-06
 Reference value :  2.66125e-06
 Reference value :  2.66212e-06
 Reference value :  2.66522e-06
 Reference value :  2.66664e-06
 Reference value :  2.67058e-06
 Reference value :  2.67341e-06
 Reference value :  2.67884e-06
 Reference value :  2.68339e-06
 Reference value :  2.68989e-06
 Reference value :  2.69739e-06
 Reference value :  2.69953e-06
 Reference value :  2.69963e-06
 Reference value :  2.69972e-06
 Reference value :  2.69990e-06
 Reference value :  2.70024e-06
 Reference value :  2.70036e-06
 Reference value :  2.70051e-06
 Reference value :  2.70060e-06
 Reference value :  2.70078e-06
 Reference value :  2.70098e-06
 Reference value :  2.70116e-06
 Reference value :  2.70130e-06
 Reference value :  2.70146e-06
 Reference value :  2.70164e-06
 Reference value :  2.70186e-06
 Reference value :  2.70237e-06
 Reference value :  2.70318e-06
 Reference value :  2.70788e-06
 Reference value :  2.71538e-06
 Reference value :  2.72238e-06
 Reference value :  2.72938e-06
 Reference value :  2.73588e-06
 Reference value :  2.74078e-06
 Reference value :  2.74124e-06
 Reference value :  2.74134e-06
 Reference value :  2.74150e-06
 Reference value :  2.74184e-06
 Reference value :  2.74203e-06
 Reference value :  2.74218e-06
 Reference value :  2.74230e-06
 Reference value :  2.74244e-06
 Reference value :  2.74269e-06
 Reference value :  2.74299e-06
 Reference value :  2.74334e-06
 Reference value :  2.74393e-06
 Reference value :  2.74458e-06
 Reference value :  2.74590e-06
 Reference value :  2.74781e-06
 Reference value :  2.74903e-06
 Reference value :  2.75001e-06
 Reference value :  2.75382e-06
 Reference value :  2.75878e-06
 Reference value :  2.76428e-06
 Reference value :  2.76978e-06
 Reference value :  2.77578e-06
 Reference value :  2.78128e-06
 Reference value :  2.78287e-06
 Reference value :  2.78295e-06
 Reference value :  2.78304e-06
 Reference value :  2.78326e-06
 Reference value :  2.78359e-06
 Reference value :  2.78366e-06
 Reference value :  2.78383e-06
 Reference value :  2.78394e-06
 Reference value :  2.78411e-06
 Reference value :  2.78430e-06
 Reference value :  2.78449e-06
 Reference value :  2.78463e-06
 Reference value :  2.78478e-06
 Reference value :  2.78493e-06
 Reference value :  2.78512e-06
 Reference value :  2.78545e-06
 Reference value :  2.78596e-06
 Reference value :  2.78707e-06
 Reference value :  2.79099e-06
 Reference value :  2.79649e-06
 Reference value :  2.80199e-06
 Reference value :  2.80699e-06
 Reference value :  2.81249e-06
 Reference value :  2.81749e-06
 Reference value :  2.82299e-06
 Reference value :  2.82453e-06
 Reference value :  2.82463e-06
 Reference value :  2.82476e-06
 Reference value :  2.82505e-06
 Reference value :  2.82529e-06
 Reference value :  2.82544e-06
 Reference value :  2.82556e-06
 Reference value :  2.82567e-06
 Reference value :  2.82582e-06
 Reference value :  2.82612e-06
 Reference value :  2.82633e-06
 Reference value :  2.82676e-06
 Reference value :  2.82745e-06
 Reference value :  2.82801e-06
 Reference value :  2.82963e-06
 Reference value :  2.83189e-06
 Reference value :  2.83280e-06
 Reference value :  2.83443e-06
 Reference value :  2.83532e-06
 Reference value :  2.83634e-06
 Reference value :  2.83752e-06
 Reference value :  2.83857e-06
 Reference value :  2.84043e-06
 Reference value :  2.84555e-06
 Reference value :  2.85105e-06
 Reference value :  2.85605e-06
 Reference value :  2.86155e-06
 Reference value :  2.86617e-06
 Reference value :  2.86626e-06
 Reference value :  2.86635e-06
 Reference value :  2.86647e-06
 Reference value :  2.86692e-06
 Reference value :  2.86711e-06
 Reference value :  2.86724e-06
 Reference value :  2.86731e-06
 Reference value :  2.86740e-06
 Reference value :  2.86757e-06
 Reference value :  2.86775e-06
 Reference value :  2.86789e-06
 Reference value :  2.86801e-06
 Reference value :  2.86814e-06
 Reference value :  2.86827e-06
 Reference value :  2.86849e-06
 Reference value :  2.86891e-06
 Reference value :  2.86955e-06
 Reference value :  2.87145e-06
 Reference value :  2.87633e-06
 Reference value :  2.88183e-06
 Reference value :  2.88733e-06
 Reference value :  2.89233e-06
 Reference value :  2.89833e-06
 Reference value :  2.90383e-06
 Reference value :  2.90784e-06
 Reference value :  2.90792e-06
 Reference value :  2.90805e-06
 Reference value :  2.90833e-06
 Reference value :  2.90862e-06
 Reference value :  2.90872e-06
 Reference value :  2.90887e-06
 Reference value :  2.90896e-06
 Reference value :  2.90909e-06
 Reference value :  2.90934e-06
 Reference value :  2.90957e-06
 Reference value :  2.90984e-06
 Reference value :  2.91034e-06
 Reference value :  2.91094e-06
 Reference value :  2.91217e-06
 Reference value :  2.91479e-06
 Reference value :  2.91564e-06
 Reference value :  2.91666e-06
 Reference value :  2.91887e-06
 Reference value :  2.92378e-06
 Reference value :  2.92772e-06
 Reference value :  2.93322e-06
 Reference value :  2.93822e-06
 Reference value :  2.94372e-06
 Reference value :  2.94872e-06
 Reference value :  2.94959e-06
 Reference value :  2.94969e-06
 Reference value :  2.94982e-06
 Reference value :  2.95010e-06
 Reference value :  2.95030e-06
 Reference value :  2.95047e-06
 Reference value :  2.95059e-06
 Reference value :  2.95080e-06
 Reference value :  2.95099e-06
 Reference value :  2.95110e-06
 Reference value :  2.95127e-06
 Reference value :  2.95139e-06
 Reference value :  2.95158e-06
 Reference value :  2.95183e-06
 Reference value :  2.95224e-06
 Reference value :  2.95279e-06
 Reference value :  2.95427e-06
 Reference value :  2.95987e-06
 Reference value :  2.96587e-06
 Reference value :  2.97187e-06
 Reference value :  2.97837e-06
 Reference value :  2.98487e-06
 Reference value :  2.99077e-06
 Reference value :  2.99126e-06
 Reference value :  2.99137e-06
 Reference value :  2.99166e-06
 Reference value :  2.99196e-06
 Reference value :  2.99208e-06
 Reference value :  2.99221e-06
 Reference value :  2.99230e-06
 Reference value :  2.99244e-06
 Reference value :  2.99266e-06
 Reference value :  2.99290e-06
 Reference value :  2.99319e-06
 Reference value :  2.99390e-06
 Reference value :  2.99444e-06
 Reference value :  2.99670e-06
 Reference value :  3.00008e-06
 Reference value :  3.00188e-06
 Reference value :  3.00715e-06
 Reference value :  3.01395e-06
 Reference value :  3.02120e-06
 Reference value :  3.02820e-06
 Reference value :  3.03284e-06
 Reference value :  3.03290e-06
 Reference value :  3.03299e-06
 Reference value :  3.03308e-06
 Reference value :  3.03337e-06
 Reference value :  3.03359e-06
 Reference value :  3.03366e-06
 Reference value :  3.03380e-06
 Reference value :  3.03389e-06
 Reference value :  3.03400e-06
 Reference value :  3.03412e-06
 Reference value :  3.03422e-06
 Reference value :  3.03436e-06
 Reference value :  3.03456e-06
 Reference value :  3.03475e-06
 Reference value :  3.03488e-06
 Reference value :  3.03507e-06
 Reference value :  3.03535e-06
 Reference value :  3.03576e-06
 Reference value :  3.03636e-06
 Reference value :  3.03813e-06
 Reference value :  3.04357e-06
 Reference value :  3.04907e-06
 Reference value :  3.05407e-06
 Reference value :  3.05957e-06
 Reference value :  3.06507e-06
 Reference value :  3.07007e-06
 Reference value :  3.07451e-06
 Reference value :  3.07460e-06
 Reference value :  3.07471e-06
 Reference value :  3.07490e-06
 Reference value :  3.07524e-06
 Reference value :  3.07538e-06
 Reference value :  3.07550e-06
 Reference value :  3.07559e-06
 Reference value :  3.07574e-06
 Reference value :  3.07595e-06
 Reference value :  3.07613e-06
 Reference value :  3.07635e-06
 Reference value :  3.07664e-06
 Reference value :  3.07737e-06
 Reference value :  3.07830e-06
 Reference value :  3.08183e-06
 Reference value :  3.08375e-06
 Reference value :  3.08482e-06
 Reference value :  3.08645e-06
 Reference value :  3.09107e-06
 Reference value :  3.09536e-06
 Reference value :  3.10082e-06
 Reference value :  3.10615e-06
 Reference value :  3.11215e-06
 Reference value :  3.11617e-06
 Reference value :  3.11625e-06
 Reference value :  3.11633e-06
 Reference value :  3.11643e-06
 Reference value :  3.11685e-06
 Reference value :  3.11701e-06
 Reference value :  3.11714e-06
 Reference value :  3.11721e-06
 Reference value :  3.11732e-06
 Reference value :  3.11738e-06
 Reference value :  3.11751e-06
 Reference value :  3.11763e-06
 Reference value :  3.11782e-06
 Reference value :  3.11801e-06
 Reference value :  3.11812e-06
 Reference value :  3.11822e-06
 Reference value :  3.11835e-06
 Reference value :  3.11847e-06
 Reference value :  3.11858e-06
 Reference value :  3.11871e-06
 Reference value :  3.11894e-06
 Reference value :  3.11915e-06
 Reference value :  3.11934e-06
 Reference value :  3.11972e-06
 Reference value :  3.12031e-06
 Reference value :  3.12269e-06
 Reference value :  3.12769e-06
 Reference value :  3.13319e-06
 Reference value :  3.13869e-06
 Reference value :  3.14369e-06
 Reference value :  3.14869e-06
 Reference value :  3.15369e-06
 Reference value :  3.15784e-06
 Reference value :  3.15791e-06
 Reference value :  3.15800e-06
 Reference value :  3.15815e-06
 Reference value :  3.15845e-06
 Reference value :  3.15865e-06
 Reference value :  3.15880e-06
 Reference value :  3.15891e-06
 Reference value :  3.15913e-06
 Reference value :  3.15954e-06
 Reference value :  3.16000e-06
 Reference value :  3.16010e-06
 Reference value :  3.16032e-06
 Reference value :  3.16067e-06
 Reference value :  3.16121e-06
 Reference value :  3.16197e-06
 Reference value :  3.16237e-06
 Reference value :  3.16265e-06
 Reference value :  3.16286e-06
 Reference value :  3.16310e-06
 Reference value :  3.16335e-06
 Reference value :  3.16373e-06
 Reference value :  3.16477e-06
 Reference value :  3.16934e-06
 Reference value :  3.17634e-06
 Reference value :  3.18334e-06
 Reference value :  3.19034e-06
 Reference value :  3.19784e-06
 Reference value :  3.19957e-06
 Reference value :  3.19971e-06
 Reference value :  3.19996e-06
 Reference value :  3.20025e-06
 Reference value :  3.20040e-06
 Reference value :  3.20056e-06
 Reference value :  3.20068e-06
 Reference value :  3.20079e-06
 Reference value :  3.20097e-06
 Reference value :  3.20105e-06
 Reference value :  3.20117e-06
 Reference value :  3.20127e-06
 Reference value :  3.20142e-06
 Reference value :  3.20151e-06
 Reference value :  3.20164e-06
 Reference value :  3.20181e-06
 Reference value :  3.20199e-06
 Reference value :  3.20227e-06
 Reference value :  3.20273e-06
 Reference value :  3.20325e-06
 Reference value :  3.20420e-06
 Reference value :  3.20635e-06
 Reference value :  3.21106e-06
 Reference value :  3.21656e-06
 Reference value :  3.22206e-06
 Reference value :  3.22806e-06
 Reference value :  3.23456e-06
 Reference value :  3.24056e-06
 Reference value :  3.24122e-06
 Reference value :  3.24130e-06
 Reference value :  3.24142e-06
 Reference value :  3.24170e-06
 Reference value :  3.24193e-06
 Reference value :  3.24205e-06
 Reference value :  3.24222e-06
 Reference value :  3.24232e-06
 Reference value :  3.24246e-06
 Reference value :  3.24268e-06
 Reference value :  3.24300e-06
 Reference value :  3.24322e-06
 Reference value :  3.24339e-06
 Reference value :  3.24356e-06
 Reference value :  3.24389e-06
 Reference value :  3.24461e-06
 Reference value :  3.24541e-06
 Reference value :  3.24582e-06
 Reference value :  3.24616e-06
 Reference value :  3.24647e-06
 Reference value :  3.24683e-06
 Reference value :  3.24714e-06
 Reference value :  3.24749e-06
 Reference value :  3.24872e-06
 Reference value :  3.25265e-06
 Reference value :  3.25815e-06
 Reference value :  3.26315e-06
 Reference value :  3.26815e-06
 Reference value :  3.27315e-06
 Reference value :  3.27815e-06
 Reference value :  3.28284e-06
 Reference value :  3.28292e-06
 Reference value :  3.28300e-06
 Reference value :  3.28310e-06
 Reference value :  3.28343e-06
 Reference value :  3.28357e-06
 Reference value :  3.28370e-06
 Reference value :  3.28384e-06
 Reference value :  3.28392e-06
 Reference value :  3.28402e-06
 Reference value :  3.28414e-06
 Reference value :  3.28435e-06
 Reference value :  3.28450e-06
 Reference value :  3.28462e-06
 Reference value :  3.28468e-06
 Reference value :  3.28478e-06
 Reference value :  3.28490e-06
 Reference value :  3.28501e-06
 Reference value :  3.28519e-06
 Reference value :  3.28540e-06
 Reference value :  3.28573e-06
 Reference value :  3.28627e-06
 Reference value :  3.28774e-06
 Reference value :  3.29250e-06
 Reference value :  3.29750e-06
 Reference value :  3.30300e-06
 Reference value :  3.30800e-06
 Reference value :  3.31350e-06
 Reference value :  3.31900e-06
 Reference value :  3.32450e-06
 Reference value :  3.32458e-06
 Reference value :  3.32467e-06
 Reference value :  3.32487e-06
 Reference value :  3.32520e-06
 Reference value :  3.32534e-06
 Reference value :  3.32550e-06
 Reference value :  3.32559e-06
 Reference value :  3.32573e-06
 Reference value :  3.32596e-06
 Reference value :  3.32614e-06
 Reference value :  3.32636e-06
 Reference value :  3.32666e-06
 Reference value :  3.32701e-06
 Reference value :  3.32760e-06
 Reference value :  3.32808e-06
 Reference value :  3.32884e-06
 Reference value :  3.32958e-06
 Reference value :  3.33112e-06
 Reference value :  3.33524e-06
 Reference value :  3.34024e-06
 Reference value :  3.34624e-06
 Reference value :  3.35124e-06
 Reference value :  3.35624e-06
 Reference value :  3.36124e-06
 Reference value :  3.36617e-06
 Reference value :  3.36626e-06
 Reference value :  3.36635e-06
 Reference value :  3.36650e-06
 Reference value :  3.36690e-06
 Reference value :  3.36706e-06
 Reference value :  3.36718e-06
 Reference value :  3.36727e-06
 Reference value :  3.36747e-06
 Reference value :  3.36769e-06
 Reference value :  3.36785e-06
 Reference value :  3.36798e-06
 Reference value :  3.36814e-06
 Reference value :  3.36828e-06
 Reference value :  3.36842e-06
 Reference value :  3.36857e-06
 Reference value :  3.36895e-06
 Reference value :  3.36941e-06
 Reference value :  3.37063e-06
 Reference value :  3.37504e-06
 Reference value :  3.38054e-06
 Reference value :  3.38604e-06
 Reference value :  3.39304e-06
 Reference value :  3.39904e-06
 Reference value :  3.40404e-06
 Reference value :  3.40785e-06
 Reference value :  3.40793e-06
 Reference value :  3.40804e-06
 Reference value :  3.40823e-06
 Reference value :  3.40858e-06
 Reference value :  3.40870e-06
 Reference value :  3.40884e-06
 Reference value :  3.40893e-06
 Reference value :  3.40905e-06
 Reference value :  3.40924e-06
 Reference value :  3.40949e-06
 Reference value :  3.40971e-06
 Reference value :  3.41018e-06
 Reference value :  3.41052e-06
 Reference value :  3.41089e-06
 Reference value :  3.41142e-06
 Reference value :  3.41220e-06
 Reference value :  3.41378e-06
 Reference value :  3.41789e-06
 Reference value :  3.42289e-06
 Reference value :  3.42839e-06
 Reference value :  3.43339e-06
 Reference value :  3.43839e-06
 Reference value :  3.44339e-06
 Reference value :  3.44839e-06
 Reference value :  3.44953e-06
 Reference value :  3.44965e-06
 Reference value :  3.44974e-06
 Reference value :  3.44992e-06
 Reference value :  3.45026e-06
 Reference value :  3.45033e-06
 Reference value :  3.45050e-06
 Reference value :  3.45058e-06
 Reference value :  3.45072e-06
 Reference value :  3.45092e-06
 Reference value :  3.45112e-06
 Reference value :  3.45125e-06
 Reference value :  3.45138e-06
 Reference value :  3.45151e-06
 Reference value :  3.45165e-06
 Reference value :  3.45179e-06
 Reference value :  3.45197e-06
 Reference value :  3.45236e-06
 Reference value :  3.45277e-06
 Reference value :  3.45374e-06
 Reference value :  3.45850e-06
 Reference value :  3.46350e-06
 Reference value :  3.46900e-06
 Reference value :  3.47650e-06
 Reference value :  3.48250e-06
 Reference value :  3.48750e-06
 Reference value :  3.49117e-06
 Reference value :  3.49126e-06
 Reference value :  3.49135e-06
 Reference value :  3.49146e-06
 Reference value :  3.49183e-06
 Reference value :  3.49206e-06
 Reference value :  3.49221e-06
 Reference value :  3.49230e-06
 Reference value :  3.49248e-06
 Reference value :  3.49267e-06
 Reference value :  3.49290e-06
 Reference value :  3.49325e-06
 Reference value :  3.49359e-06
 Reference value :  3.49385e-06
 Reference value :  3.49430e-06
 Reference value :  3.49488e-06
 Reference value :  3.49572e-06
 Reference value :  3.49705e-06
 Reference value :  3.49991e-06
 Reference value :  3.50491e-06
 Reference value :  3.50991e-06
 Reference value :  3.51491e-06
 Reference value :  3.52041e-06
 Reference value :  3.52541e-06
 Reference value :  3.53041e-06
 Reference value :  3.53287e-06
 Reference value :  3.53296e-06
 Reference value :  3.53307e-06
 Reference value :  3.53324e-06
 Reference value :  3.53357e-06
 Reference value :  3.53370e-06
 Reference value :  3.53381e-06
 Reference value :  3.53389e-06
 Reference value :  3.53403e-06
 Reference value :  3.53433e-06
 Reference value :  3.53452e-06
 Reference value :  3.53464e-06
 Reference value :  3.53474e-06
 Reference value :  3.53486e-06
 Reference value :  3.53500e-06
 Reference value :  3.53520e-06
 Reference value :  3.53564e-06
 Reference value :  3.53647e-06
 Reference value :  3.54198e-06
 Reference value :  3.54998e-06
 Reference value :  3.55748e-06
 Reference value :  3.56348e-06
 Reference value :  3.57198e-06
 Reference value :  3.57457e-06
 Reference value :  3.57472e-06
 Reference value :  3.57517e-06
 Reference value :  3.57541e-06
 Reference value :  3.57555e-06
 Reference value :  3.57564e-06
 Reference value :  3.57585e-06
 Reference value :  3.57625e-06
 Reference value :  3.57676e-06
 Reference value :  3.57723e-06
 Reference value :  3.57784e-06
 Reference value :  3.57918e-06
 Reference value :  3.58333e-06
 Reference value :  3.59183e-06
 Reference value :  3.60083e-06
 Reference value :  3.60683e-06
 Reference value :  3.61183e-06
 Reference value :  3.61622e-06
 Reference value :  3.61636e-06
 Reference value :  3.61658e-06
 Reference value :  3.61697e-06
 Reference value :  3.61706e-06
 Reference value :  3.61720e-06
 Reference value :  3.61734e-06
 Reference value :  3.61753e-06
 Reference value :  3.61778e-06
 Reference value :  3.61797e-06
 Reference value :  3.61809e-06
 Reference value :  3.61854e-06
 Reference value :  3.61936e-06
 Reference value :  3.62284e-06
 Reference value :  3.63025e-06
 Reference value :  3.63775e-06
 Reference value :  3.64325e-06
 Reference value :  3.65125e-06
 Reference value :  3.65786e-06
 Reference value :  3.65798e-06
 Reference value :  3.65822e-06
 Reference value :  3.65863e-06
 Reference value :  3.65873e-06
 Reference value :  3.65888e-06
 Reference value :  3.65896e-06
 Reference value :  3.65910e-06
 Reference value :  3.65932e-06
 Reference value :  3.65975e-06
 Reference value :  3.66022e-06
 Reference value :  3.66104e-06
 Reference value :  3.66222e-06
 Reference value :  3.66477e-06
 Reference value :  3.67143e-06
 Reference value :  3.67943e-06
 Reference value :  3.68743e-06
 Reference value :  3.69493e-06
 Reference value :  3.69953e-06
 Reference value :  3.69966e-06
 Reference value :  3.69977e-06
 Reference value :  3.70010e-06
 Reference value :  3.70031e-06
 Reference value :  3.70049e-06
 Reference value :  3.70064e-06
 Reference value :  3.70080e-06
 Reference value :  3.70112e-06
 Reference value :  3.70124e-06
 Reference value :  3.70143e-06
 Reference value :  3.70162e-06
 Reference value :  3.70189e-06
 Reference value :  3.70250e-06
 Reference value :  3.70355e-06
 Reference value :  3.70793e-06
 Reference value :  3.71643e-06
 Reference value :  3.72543e-06
 Reference value :  3.73343e-06
 Reference value :  3.74080e-06
 Reference value :  3.74123e-06
 Reference value :  3.74134e-06
 Reference value :  3.74170e-06
 Reference value :  3.74206e-06
 Reference value :  3.74222e-06
 Reference value :  3.74231e-06
 Reference value :  3.74249e-06
 Reference value :  3.74288e-06
 Reference value :  3.74330e-06
 Reference value :  3.74376e-06
 Reference value :  3.74475e-06
 Reference value :  3.74574e-06
 Reference value :  3.74988e-06
 Reference value :  3.75888e-06
 Reference value :  3.76788e-06
 Reference value :  3.77588e-06
 Reference value :  3.78138e-06
 Reference value :  3.78292e-06
 Reference value :  3.78310e-06
 Reference value :  3.78357e-06
 Reference value :  3.78370e-06
 Reference value :  3.78384e-06
 Reference value :  3.78400e-06
 Reference value :  3.78421e-06
 Reference value :  3.78449e-06
 Reference value :  3.78463e-06
 Reference value :  3.78478e-06
 Reference value :  3.78497e-06
 Reference value :  3.78531e-06
 Reference value :  3.78584e-06
 Reference value :  3.78818e-06
 Reference value :  3.79366e-06
 Reference value :  3.80266e-06
 Reference value :  3.81266e-06
 Reference value :  3.82066e-06
 Reference value :  3.82456e-06
 Reference value :  3.82467e-06
 Reference value :  3.82504e-06
 Reference value :  3.82541e-06
 Reference value :  3.82559e-06
 Reference value :  3.82582e-06
 Reference value :  3.82612e-06
 Reference value :  3.82657e-06
 Reference value :  3.82693e-06
 Reference value :  3.82779e-06
 Reference value :  3.82848e-06
 Reference value :  3.82938e-06
 Reference value :  3.83028e-06
 Reference value :  3.83558e-06
 Reference value :  3.84558e-06
 Reference value :  3.85458e-06
 Reference value :  3.86258e-06
 Reference value :  3.86621e-06
 Reference value :  3.86634e-06
 Reference value :  3.86655e-06
 Reference value :  3.86692e-06
 Reference value :  3.86704e-06
 Reference value :  3.86723e-06
 Reference value :  3.86735e-06
 Reference value :  3.86765e-06
 Reference value :  3.86786e-06
 Reference value :  3.86803e-06
 Reference value :  3.86822e-06
 Reference value :  3.86849e-06
 Reference value :  3.86918e-06
 Reference value :  3.87064e-06
 Reference value :  3.87803e-06
 Reference value :  3.88503e-06
 Reference value :  3.89303e-06
 Reference value :  3.90103e-06
 Reference value :  3.90784e-06
 Reference value :  3.90797e-06
 Reference value :  3.90813e-06
 Reference value :  3.90863e-06
 Reference value :  3.90885e-06
 Reference value :  3.90905e-06
 Reference value :  3.90929e-06
 Reference value :  3.90960e-06
 Reference value :  3.90995e-06
 Reference value :  3.91022e-06
 Reference value :  3.91086e-06
 Reference value :  3.91182e-06
 Reference value :  3.91304e-06
 Reference value :  3.91479e-06
 Reference value :  3.92202e-06
 Reference value :  3.93002e-06
 Reference value :  3.93652e-06
 Reference value :  3.94602e-06
 Reference value :  3.94957e-06
 Reference value :  3.94970e-06
 Reference value :  3.95005e-06
 Reference value :  3.95030e-06
 Reference value :  3.95050e-06
 Reference value :  3.95064e-06
 Reference value :  3.95098e-06
 Reference value :  3.95119e-06
 Reference value :  3.95145e-06
 Reference value :  3.95183e-06
 Reference value :  3.95226e-06
 Reference value :  3.95346e-06
 Reference value :  3.96172e-06
 Reference value :  3.97222e-06
 Reference value :  3.97822e-06
 Reference value :  3.98622e-06
 Reference value :  3.99122e-06
 Reference value :  3.99133e-06
 Reference value :  3.99171e-06
 Reference value :  3.99205e-06
 Reference value :  3.99224e-06
 Reference value :  3.99243e-06
 Reference value :  3.99280e-06
 Reference value :  3.99306e-06
 Reference value :  3.99334e-06
 Reference value :  3.99372e-06
 Reference value :  3.99450e-06
 Reference value :  3.99553e-06
 Reference value :  3.99620e-06
 Reference value :  3.99667e-06
 Reference value :  3.99840e-06
 Reference value :  4.00628e-06
 Reference value :  4.01478e-06
 Reference value :  4.02178e-06
 Reference value :  4.02778e-06
 Reference value :  4.03286e-06
 Reference value :  4.03300e-06
 Reference value :  4.03324e-06
 Reference value :  4.03368e-06
 Reference value :  4.03380e-06
 Reference value :  4.03392e-06
 Reference value :  4.03409e-06
 Reference value :  4.03438e-06
 Reference value :  4.03461e-06
 Reference value :  4.03485e-06
 Reference value :  4.03501e-06
 Reference value :  4.03519e-06
 Reference value :  4.03592e-06
 Reference value :  4.03879e-06
 Reference value :  4.04650e-06
 Reference value :  4.05450e-06
 Reference value :  4.06200e-06
 Reference value :  4.06850e-06
 Reference value :  4.07450e-06
 Reference value :  4.07462e-06
 Reference value :  4.07487e-06
 Reference value :  4.07529e-06
 Reference value :  4.07545e-06
 Reference value :  4.07551e-06
 Reference value :  4.07570e-06
 Reference value :  4.07598e-06
 Reference value :  4.07633e-06
 Reference value :  4.07670e-06
 Reference value :  4.07700e-06
 Reference value :  4.07778e-06
 Reference value :  4.07923e-06
 Reference value :  4.07978e-06
 Reference value :  4.08058e-06
 Reference value :  4.08395e-06
 Reference value :  4.08945e-06
 Reference value :  4.09595e-06
 Reference value :  4.10295e-06
 Reference value :  4.11045e-06
 Reference value :  4.11619e-06
 Reference value :  4.11633e-06
 Reference value :  4.11646e-06
 Reference value :  4.11693e-06
 Reference value :  4.11718e-06
 Reference value :  4.11741e-06
 Reference value :  4.11754e-06
 Reference value :  4.11768e-06
 Reference value :  4.11789e-06
 Reference value :  4.11801e-06
 Reference value :  4.11827e-06
 Reference value :  4.11852e-06
 Reference value :  4.11877e-06
 Reference value :  4.11925e-06
 Reference value :  4.11965e-06
 Reference value :  4.12094e-06
 Reference value :  4.12950e-06
 Reference value :  4.13950e-06
 Reference value :  4.14850e-06
 Reference value :  4.15650e-06
 Reference value :  4.15789e-06
 Reference value :  4.15802e-06
 Reference value :  4.15834e-06
 Reference value :  4.15868e-06
 Reference value :  4.15886e-06
 Reference value :  4.15913e-06
 Reference value :  4.15935e-06
 Reference value :  4.15973e-06
 Reference value :  4.15998e-06
 Reference value :  4.16051e-06
 Reference value :  4.16097e-06
 Reference value :  4.16131e-06
 Reference value :  4.16159e-06
 Reference value :  4.16211e-06
 Reference value :  4.16400e-06
 Reference value :  4.17400e-06
 Reference value :  4.18300e-06
 Reference value :  4.19050e-06
 Reference value :  4.19650e-06
 Reference value :  4.19959e-06
 Reference value :  4.19977e-06
 Reference value :  4.20038e-06
 Reference value :  4.20059e-06
 Reference value :  4.20070e-06
 Reference value :  4.20082e-06
 Reference value :  4.20107e-06
 Reference value :  4.20133e-06
 Reference value :  4.20155e-06
 Reference value :  4.20178e-06
 Reference value :  4.20219e-06
 Reference value :  4.20299e-06
 Reference value :  4.20458e-06
 Reference value :  4.21243e-06
 Reference value :  4.21943e-06
 Reference value :  4.22543e-06
 Reference value :  4.23443e-06
 Reference value :  4.24119e-06
 Reference value :  4.24134e-06
 Reference value :  4.24175e-06
 Reference value :  4.24198e-06
 Reference value :  4.24217e-06
 Reference value :  4.24230e-06
 Reference value :  4.24246e-06
 Reference value :  4.24283e-06
 Reference value :  4.24313e-06
 Reference value :  4.24336e-06
 Reference value :  4.24364e-06
 Reference value :  4.24398e-06
 Reference value :  4.24430e-06
 Reference value :  4.24505e-06
 Reference value :  4.24750e-06
 Reference value :  4.25400e-06
 Reference value :  4.26200e-06
 Reference value :  4.27150e-06
 Reference value :  4.28050e-06
 Reference value :  4.28292e-06
 Reference value :  4.28304e-06
 Reference value :  4.28318e-06
 Reference value :  4.28366e-06
 Reference value :  4.28398e-06
 Reference value :  4.28411e-06
 Reference value :  4.28434e-06
 Reference value :  4.28448e-06
 Reference value :  4.28467e-06
 Reference value :  4.28489e-06
 Reference value :  4.28517e-06
 Reference value :  4.28571e-06
 Reference value :  4.28648e-06
 Reference value :  4.28953e-06
 Reference value :  4.29997e-06
 Reference value :  4.30847e-06
 Reference value :  4.31697e-06
 Reference value :  4.32423e-06
 Reference value :  4.32456e-06
 Reference value :  4.32473e-06
 Reference value :  4.32528e-06
 Reference value :  4.32550e-06
 Reference value :  4.32563e-06
 Reference value :  4.32595e-06
 Reference value :  4.32622e-06
 Reference value :  4.32650e-06
 Reference value :  4.32771e-06
 Reference value :  4.32841e-06
 Reference value :  4.33025e-06
 Reference value :  4.33268e-06
 Reference value :  4.33418e-06
 Reference value :  4.33475e-06
 Reference value :  4.33508e-06
 Reference value :  4.33629e-06
 Reference value :  4.34580e-06
 Reference value :  4.35130e-06
 Reference value :  4.35730e-06
 Reference value :  4.36617e-06
 Reference value :  4.36630e-06
 Reference value :  4.36660e-06
 Reference value :  4.36703e-06
 Reference value :  4.36718e-06
 Reference value :  4.36736e-06
 Reference value :  4.36760e-06
 Reference value :  4.36786e-06
 Reference value :  4.36801e-06
 Reference value :  4.36820e-06
 Reference value :  4.36835e-06
 Reference value :  4.36867e-06
 Reference value :  4.36906e-06
 Reference value :  4.37014e-06
 Reference value :  4.37937e-06
 Reference value :  4.39087e-06
 Reference value :  4.39937e-06
 Reference value :  4.40587e-06
 Reference value :  4.40791e-06
 Reference value :  4.40805e-06
 Reference value :  4.40844e-06
 Reference value :  4.40872e-06
 Reference value :  4.40893e-06
 Reference value :  4.40905e-06
 Reference value :  4.40929e-06
 Reference value :  4.40971e-06
 Reference value :  4.41085e-06
 Reference value :  4.41276e-06
 Reference value :  4.41609e-06
 Reference value :  4.41649e-06
 Reference value :  4.41719e-06
 Reference value :  4.42123e-06
 Reference value :  4.42678e-06
 Reference value :  4.43565e-06
 Reference value :  4.44360e-06
 Reference value :  4.44905e-06
 Reference value :  4.44960e-06
 Reference value :  4.44976e-06
 Reference value :  4.45020e-06
 Reference value :  4.45045e-06
 Reference value :  4.45062e-06
 Reference value :  4.45079e-06
 Reference value :  4.45109e-06
 Reference value :  4.45128e-06
 Reference value :  4.45166e-06
 Reference value :  4.45222e-06
 Reference value :  4.45290e-06
 Reference value :  4.45777e-06
 Reference value :  4.46677e-06
 Reference value :  4.47477e-06
 Reference value :  4.48277e-06
 Reference value :  4.49027e-06
 Reference value :  4.49123e-06
 Reference value :  4.49136e-06
 Reference value :  4.49184e-06
 Reference value :  4.49214e-06
 Reference value :  4.49231e-06
 Reference value :  4.49259e-06
 Reference value :  4.49282e-06
 Reference value :  4.49308e-06
 Reference value :  4.49435e-06
 Reference value :  4.49510e-06
 Reference value :  4.49846e-06
 Reference value :  4.49975e-06
 Reference value :  4.50093e-06
 Reference value :  4.50137e-06
 Reference value :  4.50204e-06
 Reference value :  4.50825e-06
 Reference value :  4.51875e-06
 Reference value :  4.52625e-06
 Reference value :  4.53175e-06
 Reference value :  4.53295e-06
 Reference value :  4.53309e-06
 Reference value :  4.53355e-06
 Reference value :  4.53385e-06
 Reference value :  4.53410e-06
 Reference value :  4.53442e-06
 Reference value :  4.53461e-06
 Reference value :  4.53477e-06
 Reference value :  4.53486e-06
 Reference value :  4.53508e-06
 Reference value :  4.53555e-06
 Reference value :  4.53642e-06
 Reference value :  4.54194e-06
 Reference value :  4.54894e-06
 Reference value :  4.55844e-06
 Reference value :  4.56644e-06
 Reference value :  4.57422e-06
 Reference value :  4.57463e-06
 Reference value :  4.57475e-06
 Reference value :  4.57511e-06
 Reference value :  4.57536e-06
 Reference value :  4.57555e-06
 Reference value :  4.57577e-06
 Reference value :  4.57615e-06
 Reference value :  4.57651e-06
 Reference value :  4.57758e-06
 Reference value :  4.57851e-06
 Reference value :  4.58128e-06
 Reference value :  4.58306e-06
 Reference value :  4.58357e-06
 Reference value :  4.58384e-06
 Reference value :  4.58439e-06
 Reference value :  4.58840e-06
 Reference value :  4.59690e-06
 Reference value :  4.60440e-06
 Reference value :  4.61040e-06
 Reference value :  4.61618e-06
 Reference value :  4.61630e-06
 Reference value :  4.61652e-06
 Reference value :  4.61697e-06
 Reference value :  4.61709e-06
 Reference value :  4.61722e-06
 Reference value :  4.61752e-06
 Reference value :  4.61775e-06
 Reference value :  4.61795e-06
 Reference value :  4.61812e-06
 Reference value :  4.61828e-06
 Reference value :  4.61867e-06
 Reference value :  4.61911e-06
 Reference value :  4.62034e-06
 Reference value :  4.62928e-06
 Reference value :  4.63878e-06
 Reference value :  4.64678e-06
 Reference value :  4.65628e-06
 Reference value :  4.65793e-06
 Reference value :  4.65811e-06
 Reference value :  4.65866e-06
 Reference value :  4.65889e-06
 Reference value :  4.65907e-06
 Reference value :  4.65944e-06
 Reference value :  4.65986e-06
 Reference value :  4.66099e-06
 Reference value :  4.66255e-06
 Reference value :  4.66541e-06
 Reference value :  4.66699e-06
 Reference value :  4.66745e-06
 Reference value :  4.66791e-06
 Reference value :  4.67030e-06
 Reference value :  4.67930e-06
 Reference value :  4.68830e-06
 Reference value :  4.69915e-06
 Reference value :  4.69963e-06
 Reference value :  4.69980e-06
 Reference value :  4.70025e-06
 Reference value :  4.70050e-06
 Reference value :  4.70064e-06
 Reference value :  4.70100e-06
 Reference value :  4.70122e-06
 Reference value :  4.70136e-06
 Reference value :  4.70156e-06
 Reference value :  4.70177e-06
 Reference value :  4.70229e-06
 Reference value :  4.70340e-06
 Reference value :  4.71147e-06
 Reference value :  4.71997e-06
 Reference value :  4.72497e-06
 Reference value :  4.73347e-06
 Reference value :  4.74118e-06
 Reference value :  4.74131e-06
 Reference value :  4.74159e-06
 Reference value :  4.74200e-06
 Reference value :  4.74222e-06
 Reference value :  4.74241e-06
 Reference value :  4.74284e-06
 Reference value :  4.74318e-06
 Reference value :  4.74382e-06
 Reference value :  4.74451e-06
 Reference value :  4.74612e-06
 Reference value :  4.74876e-06
 Reference value :  4.75003e-06
 Reference value :  4.75034e-06
 Reference value :  4.75070e-06
 Reference value :  4.75444e-06
 Reference value :  4.76094e-06
 Reference value :  4.76894e-06
 Reference value :  4.77744e-06
 Reference value :  4.78289e-06
 Reference value :  4.78305e-06
 Reference value :  4.78323e-06
 Reference value :  4.78360e-06
 Reference value :  4.78375e-06
 Reference value :  4.78391e-06
 Reference value :  4.78424e-06
 Reference value :  4.78446e-06
 Reference value :  4.78464e-06
 Reference value :  4.78480e-06
 Reference value :  4.78496e-06
 Reference value :  4.78535e-06
 Reference value :  4.78668e-06
 Reference value :  4.79508e-06
 Reference value :  4.80308e-06
 Reference value :  4.81058e-06
 Reference value :  4.81808e-06
 Reference value :  4.82451e-06
 Reference value :  4.82463e-06
 Reference value :  4.82483e-06
 Reference value :  4.82529e-06
 Reference value :  4.82551e-06
 Reference value :  4.82569e-06
 Reference value :  4.82592e-06
 Reference value :  4.82623e-06
 Reference value :  4.82665e-06
 Reference value :  4.82774e-06
 Reference value :  4.83174e-06
 Reference value :  4.83377e-06
 Reference value :  4.83416e-06
 Reference value :  4.83440e-06
 Reference value :  4.83489e-06
 Reference value :  4.83653e-06
 Reference value :  4.84334e-06
 Reference value :  4.85134e-06
 Reference value :  4.85984e-06
 Reference value :  4.86621e-06
 Reference value :  4.86629e-06
 Reference value :  4.86646e-06
 Reference value :  4.86698e-06
 Reference value :  4.86718e-06
 Reference value :  4.86743e-06
 Reference value :  4.86766e-06
 Reference value :  4.86788e-06
 Reference value :  4.86798e-06
 Reference value :  4.86809e-06
 Reference value :  4.86819e-06
 Reference value :  4.86834e-06
 Reference value :  4.86864e-06
 Reference value :  4.86905e-06
 Reference value :  4.87017e-06
 Reference value :  4.87435e-06
 Reference value :  4.87985e-06
 Reference value :  4.88485e-06
 Reference value :  4.89035e-06
 Reference value :  4.89535e-06
 Reference value :  4.90035e-06
 Reference value :  4.90535e-06
 Reference value :  4.90787e-06
 Reference value :  4.90795e-06
 Reference value :  4.90805e-06
 Reference value :  4.90827e-06
 Reference value :  4.90857e-06
 Reference value :  4.90871e-06
 Reference value :  4.90886e-06
 Reference value :  4.90897e-06
 Reference value :  4.90910e-06
 Reference value :  4.90936e-06
 Reference value :  4.90960e-06
 Reference value :  4.90991e-06
 Reference value :  4.91057e-06
 Reference value :  4.91110e-06
 Reference value :  4.91284e-06
 Reference value :  4.91583e-06
 Reference value :  4.91697e-06
 Reference value :  4.91797e-06
 Reference value :  4.91816e-06
 Reference value :  4.91840e-06
 Reference value :  4.91876e-06
 Reference value :  4.91959e-06
 Reference value :  4.92445e-06
 Reference value :  4.92995e-06
 Reference value :  4.93645e-06
 Reference value :  4.94145e-06
 Reference value :  4.94695e-06
 Reference value :  4.94952e-06
 Reference value :  4.94959e-06
 Reference value :  4.94966e-06
 Reference value :  4.94977e-06
 Reference value :  4.95002e-06
 Reference value :  4.95024e-06
 Reference value :  4.95037e-06
 Reference value :  4.95051e-06
 Reference value :  4.95062e-06
 Reference value :  4.95073e-06
 Reference value :  4.95086e-06
 Reference value :  4.95102e-06
 Reference value :  4.95121e-06
 Reference value :  4.95129e-06
 Reference value :  4.95141e-06
 Reference value :  4.95150e-06
 Reference value :  4.95158e-06
 Reference value :  4.95180e-06
 Reference value :  4.95201e-06
 Reference value :  4.95238e-06
 Reference value :  4.95312e-06
 Reference value :  4.95682e-06
 Reference value :  4.96232e-06
 Reference value :  4.96782e-06
 Reference value :  4.97282e-06
 Reference value :  4.97932e-06
 Reference value :  4.98432e-06
 Reference value :  4.98982e-06
 Reference value :  4.99122e-06
 Reference value :  4.99130e-06
 Reference value :  4.99138e-06
 Reference value :  4.99160e-06
 Reference value :  4.99195e-06
 Reference value :  4.99207e-06
 Reference value :  4.99220e-06
 Reference value :  4.99230e-06
 Reference value :  4.99251e-06
 Reference value :  4.99280e-06
 Reference value :  4.99307e-06
 Reference value :  4.99343e-06
 Reference value :  4.99438e-06
 Reference value :  4.99551e-06
 Reference value :  4.99844e-06
 Reference value :  4.99984e-06
 Reference value :  5.00032e-06
 Reference value :  5.00071e-06
 Reference value :  5.00144e-06
 Reference value :  5.00407e-06
 Reference value :  5.00987e-06
 Reference value :  5.01629e-06
 Reference value :  5.02271e-06
 Reference value :  5.02921e-06
 Reference value :  5.03285e-06
 Reference value :  5.03293e-06
 Reference value :  5.03302e-06
 Reference value :  5.03313e-06
 Reference value :  5.03350e-06
 Reference value :  5.03369e-06
 Reference value :  5.03384e-06
 Reference value :  5.03395e-06
 Reference value :  5.03413e-06
 Reference value :  5.03428e-06
 Reference value :  5.03442e-06
 Reference value :  5.03458e-06
 Reference value :  5.03472e-06
 Reference value :  5.03491e-06
 Reference value :  5.03511e-06
 Reference value :  5.03550e-06
 Reference value :  5.03640e-06
 Reference value :  5.03854e-06
 Reference value :  5.04317e-06
 Reference value :  5.04817e-06
 Reference value :  5.05417e-06
 Reference value :  5.05917e-06
 Reference value :  5.06417e-06
 Reference value :  5.06967e-06
 Reference value :  5.07450e-06
 Reference value :  5.07456e-06
 Reference value :  5.07466e-06
 Reference value :  5.07477e-06
 Reference value :  5.07511e-06
 Reference value :  5.07532e-06
 Reference value :  5.07543e-06
 Reference value :  5.07553e-06
 Reference value :  5.07566e-06
 Reference value :  5.07585e-06
 Reference value :  5.07612e-06
 Reference value :  5.07637e-06
 Reference value :  5.07678e-06
 Reference value :  5.07775e-06
 Reference value :  5.07976e-06
 Reference value :  5.08277e-06
 Reference value :  5.08371e-06
 Reference value :  5.08410e-06
 Reference value :  5.08467e-06
 Reference value :  5.08623e-06
 Reference value :  5.09141e-06
 Reference value :  5.09613e-06
 Reference value :  5.10162e-06
 Reference value :  5.10712e-06
 Reference value :  5.11262e-06
 Reference value :  5.11618e-06
 Reference value :  5.11626e-06
 Reference value :  5.11637e-06
 Reference value :  5.11663e-06
 Reference value :  5.11698e-06
 Reference value :  5.11715e-06
 Reference value :  5.11722e-06
 Reference value :  5.11730e-06
 Reference value :  5.11738e-06
 Reference value :  5.11748e-06
 Reference value :  5.11760e-06
 Reference value :  5.11770e-06
 Reference value :  5.11789e-06
 Reference value :  5.11807e-06
 Reference value :  5.11822e-06
 Reference value :  5.11834e-06
 Reference value :  5.11844e-06
 Reference value :  5.11857e-06
 Reference value :  5.11881e-06
 Reference value :  5.11926e-06
 Reference value :  5.11988e-06
 Reference value :  5.12229e-06
 Reference value :  5.12729e-06
 Reference value :  5.13229e-06
 Reference value :  5.13779e-06
 Reference value :  5.14329e-06
 Reference value :  5.14829e-06
 Reference value :  5.15329e-06
 Reference value :  5.15784e-06
 Reference value :  5.15791e-06
 Reference value :  5.15801e-06
 Reference value :  5.15819e-06
 Reference value :  5.15854e-06
 Reference value :  5.15871e-06
 Reference value :  5.15884e-06
 Reference value :  5.15895e-06
 Reference value :  5.15907e-06
 Reference value :  5.15922e-06
 Reference value :  5.15945e-06
 Reference value :  5.15969e-06
 Reference value :  5.15995e-06
 Reference value :  5.16027e-06
 Reference value :  5.16046e-06
 Reference value :  5.16061e-06
 Reference value :  5.16079e-06
 Reference value :  5.16105e-06
 Reference value :  5.16131e-06
 Reference value :  5.16166e-06
 Reference value :  5.16220e-06
 Reference value :  5.16439e-06
 Reference value :  5.16970e-06
 Reference value :  5.17470e-06
 Reference value :  5.17970e-06
 Reference value :  5.18470e-06
 Reference value :  5.19120e-06
 Reference value :  5.19670e-06
 Reference value :  5.19953e-06
 Reference value :  5.19961e-06
 Reference value :  5.19970e-06
 Reference value :  5.19984e-06
 Reference value :  5.20023e-06
 Reference value :  5.20042e-06
 Reference value :  5.20055e-06
 Reference value :  5.20063e-06
 Reference value :  5.20075e-06
 Reference value :  5.20087e-06
 Reference value :  5.20101e-06
 Reference value :  5.20118e-06
 Reference value :  5.20132e-06
 Reference value :  5.20144e-06
 Reference value :  5.20158e-06
 Reference value :  5.20171e-06
 Reference value :  5.20190e-06
 Reference value :  5.20221e-06
 Reference value :  5.20261e-06
 Reference value :  5.20324e-06
 Reference value :  5.20436e-06
 Reference value :  5.20776e-06
 Reference value :  5.21326e-06
 Reference value :  5.21826e-06
 Reference value :  5.22476e-06
 Reference value :  5.22976e-06
 Reference value :  5.23476e-06
 Reference value :  5.23976e-06
 Reference value :  5.24122e-06
 Reference value :  5.24130e-06
 Reference value :  5.24138e-06
 Reference value :  5.24164e-06
 Reference value :  5.24189e-06
 Reference value :  5.24207e-06
 Reference value :  5.24221e-06
 Reference value :  5.24231e-06
 Reference value :  5.24244e-06
 Reference value :  5.24266e-06
 Reference value :  5.24289e-06
 Reference value :  5.24306e-06
 Reference value :  5.24327e-06
 Reference value :  5.24348e-06
 Reference value :  5.24362e-06
 Reference value :  5.24382e-06
 Reference value :  5.24420e-06
 Reference value :  5.24471e-06
 Reference value :  5.24565e-06
 Reference value :  5.25048e-06
 Reference value :  5.25548e-06
 Reference value :  5.26098e-06
 Reference value :  5.26598e-06
 Reference value :  5.27098e-06
 Reference value :  5.27598e-06
 Reference value :  5.28098e-06
 Reference value :  5.28288e-06
 Reference value :  5.28296e-06
 Reference value :  5.28305e-06
 Reference value :  5.28323e-06
 Reference value :  5.28354e-06
 Reference value :  5.28370e-06
 Reference value :  5.28384e-06
 Reference value :  5.28391e-06
 Reference value :  5.28401e-06
 Reference value :  5.28413e-06
 Reference value :  5.28436e-06
 Reference value :  5.28451e-06
 Reference value :  5.28463e-06
 Reference value :  5.28475e-06
 Reference value :  5.28487e-06
 Reference value :  5.28501e-06
 Reference value :  5.28522e-06
 Reference value :  5.28561e-06
 Reference value :  5.28609e-06
 Reference value :  5.28695e-06
 Reference value :  5.29183e-06
 Reference value :  5.29683e-06
 Reference value :  5.30233e-06
 Reference value :  5.30733e-06
 Reference value :  5.31233e-06
 Reference value :  5.31783e-06
 Reference value :  5.32333e-06
 Reference value :  5.32456e-06
 Reference value :  5.32466e-06
 Reference value :  5.32492e-06
 Reference value :  5.32527e-06
 Reference value :  5.32542e-06
 Reference value :  5.32556e-06
 Reference value :  5.32568e-06
 Reference value :  5.32586e-06
 Reference value :  5.32614e-06
 Reference value :  5.32635e-06
 Reference value :  5.32666e-06
 Reference value :  5.32734e-06
 Reference value :  5.32805e-06
 Reference value :  5.32884e-06
 Reference value :  5.33052e-06
 Reference value :  5.33157e-06
 Reference value :  5.33198e-06
 Reference value :  5.33298e-06
 Reference value :  5.33927e-06
 Reference value :  5.34677e-06
 Reference value :  5.35377e-06
 Reference value :  5.36127e-06
 Reference value :  5.36621e-06
 Reference value :  5.36633e-06
 Reference value :  5.36656e-06
 Reference value :  5.36699e-06
 Reference value :  5.36721e-06
 Reference value :  5.36735e-06
 Reference value :  5.36746e-06
 Reference value :  5.36760e-06
 Reference value :  5.36776e-06
 Reference value :  5.36787e-06
 Reference value :  5.36800e-06
 Reference value :  5.36814e-06
 Reference value :  5.36834e-06
 Reference value :  5.36852e-06
 Reference value :  5.36874e-06
 Reference value :  5.36912e-06
 Reference value :  5.36967e-06
 Reference value :  5.37118e-06
 Reference value :  5.37554e-06
 Reference value :  5.38054e-06
 Reference value :  5.38554e-06
 Reference value :  5.39054e-06
 Reference value :  5.39554e-06
 Reference value :  5.40054e-06
 Reference value :  5.40554e-06
 Reference value :  5.40786e-06
 Reference value :  5.40794e-06
 Reference value :  5.40804e-06
 Reference value :  5.40826e-06
 Reference value :  5.40862e-06
 Reference value :  5.40874e-06
 Reference value :  5.40886e-06
 Reference value :  5.40897e-06
 Reference value :  5.40911e-06
 Reference value :  5.40934e-06
 Reference value :  5.40958e-06
 Reference value :  5.40987e-06
 Reference value :  5.41046e-06
 Reference value :  5.41292e-06
 Reference value :  5.41787e-06
 Reference value :  5.42287e-06
 Reference value :  5.42787e-06
 Reference value :  5.43287e-06
 Reference value :  5.43787e-06
 Reference value :  5.44287e-06
 Reference value :  5.44787e-06
 Reference value :  5.44952e-06
 Reference value :  5.44959e-06
 Reference value :  5.44967e-06
 Reference value :  5.44977e-06
 Reference value :  5.45011e-06
 Reference value :  5.45029e-06
 Reference value :  5.45043e-06
 Reference value :  5.45050e-06
 Reference value :  5.45062e-06
 Reference value :  5.45080e-06
 Reference value :  5.45100e-06
 Reference value :  5.45119e-06
 Reference value :  5.45143e-06
 Reference value :  5.45185e-06
 Reference value :  5.45325e-06
 Reference value :  5.45681e-06
 Reference value :  5.46181e-06
 Reference value :  5.46781e-06
 Reference value :  5.47331e-06
 Reference value :  5.47831e-06
 Reference value :  5.48331e-06
 Reference value :  5.48831e-06
 Reference value :  5.49120e-06
 Reference value :  5.49129e-06
 Reference value :  5.49138e-06
 Reference value :  5.49162e-06
 Reference value :  5.49194e-06
 Reference value :  5.49212e-06
 Reference value :  5.49222e-06
 Reference value :  5.49233e-06
 Reference value :  5.49253e-06
 Reference value :  5.49283e-06
 Reference value :  5.49302e-06
 Reference value :  5.49339e-06
 Reference value :  5.49408e-06
 Reference value :  5.49785e-06
 Reference value :  5.50285e-06
 Reference value :  5.50785e-06
 Reference value :  5.51285e-06
 Reference value :  5.51785e-06
 Reference value :  5.52285e-06
 Reference value :  5.52785e-06
 Reference value :  5.53283e-06
 Reference value :  5.53290e-06
 Reference value :  5.53301e-06
 Reference value :  5.53319e-06
 Reference value :  5.53353e-06
 Reference value :  5.53368e-06
 Reference value :  5.53383e-06
 Reference value :  5.53395e-06
 Reference value :  5.53411e-06
 Reference value :  5.53431e-06
 Reference value :  5.53450e-06
 Reference value :  5.53478e-06
 Reference value :  5.53516e-06
 Reference value :  5.53598e-06
 Reference value :  5.53891e-06
 Reference value :  5.54391e-06
 Reference value :  5.54891e-06
 Reference value :  5.55441e-06
 Reference value :  5.56091e-06
 Reference value :  5.56641e-06
 Reference value :  5.57141e-06
 Reference value :  5.57451e-06
 Reference value :  5.57459e-06
 Reference value :  5.57467e-06
 Reference value :  5.57479e-06
 Reference value :  5.57516e-06
 Reference value :  5.57536e-06
 Reference value :  5.57554e-06
 Reference value :  5.57563e-06
 Reference value :  5.57574e-06
 Reference value :  5.57600e-06
 Reference value :  5.57626e-06
 Reference value :  5.57650e-06
 Reference value :  5.57694e-06
 Reference value :  5.57874e-06
 Reference value :  5.58270e-06
 Reference value :  5.58770e-06
 Reference value :  5.59270e-06
 Reference value :  5.59770e-06
 Reference value :  5.60270e-06
 Reference value :  5.60770e-06
 Reference value :  5.61270e-06
 Reference value :  5.61619e-06
 Reference value :  5.61626e-06
 Reference value :  5.61635e-06
 Reference value :  5.61651e-06
 Reference value :  5.61696e-06
 Reference value :  5.61711e-06
 Reference value :  5.61726e-06
 Reference value :  5.61737e-06
 Reference value :  5.61758e-06
 Reference value :  5.61777e-06
 Reference value :  5.61798e-06
 Reference value :  5.61830e-06
 Reference value :  5.61877e-06
 Reference value :  5.62004e-06
 Reference value :  5.62430e-06
 Reference value :  5.62930e-06
 Reference value :  5.63430e-06
 Reference value :  5.63980e-06
 Reference value :  5.64480e-06
 Reference value :  5.64980e-06
 Reference value :  5.65530e-06
 Reference value :  5.65786e-06
 Reference value :  5.65794e-06
 Reference value :  5.65804e-06
 Reference value :  5.65835e-06
 Reference value :  5.65866e-06
 Reference value :  5.65883e-06
 Reference value :  5.65892e-06
 Reference value :  5.65902e-06
 Reference value :  5.65918e-06
 Reference value :  5.65944e-06
 Reference value :  5.65965e-06
 Reference value :  5.65988e-06
 Reference value :  5.66038e-06
 Reference value :  5.66237e-06
 Reference value :  5.66608e-06
 Reference value :  5.67108e-06
 Reference value :  5.67608e-06
 Reference value :  5.68108e-06
 Reference value :  5.68608e-06
 Reference value :  5.69108e-06
 Reference value :  5.69608e-06
 Reference value :  5.69952e-06
 Reference value :  5.69960e-06
 Reference value :  5.69967e-06
 Reference value :  5.69984e-06
 Reference value :  5.70019e-06
 Reference value :  5.70038e-06
 Reference value :  5.70051e-06
 Reference value :  5.70059e-06
 Reference value :  5.70074e-06
 Reference value :  5.70089e-06
 Reference value :  5.70108e-06
 Reference value :  5.70130e-06
 Reference value :  5.70165e-06
 Reference value :  5.70233e-06
 Reference value :  5.70396e-06
 Reference value :  5.70827e-06
 Reference value :  5.71327e-06
 Reference value :  5.71827e-06
 Reference value :  5.72327e-06
 Reference value :  5.72927e-06
 Reference value :  5.73627e-06
 Reference value :  5.74119e-06
 Reference value :  5.74128e-06
 Reference value :  5.74138e-06
 Reference value :  5.74177e-06
 Reference value :  5.74199e-06
 Reference value :  5.74217e-06
 Reference value :  5.74227e-06
 Reference value :  5.74239e-06
 Reference value :  5.74264e-06
 Reference value :  5.74293e-06
 Reference value :  5.74317e-06
 Reference value :  5.74361e-06
 Reference value :  5.74521e-06
 Reference value :  5.74901e-06
 Reference value :  5.75401e-06
 Reference value :  5.75901e-06
 Reference value :  5.76401e-06
 Reference value :  5.76901e-06
 Reference value :  5.77401e-06
 Reference value :  5.77951e-06
 Reference value :  5.78285e-06
 Reference value :  5.78293e-06
 Reference value :  5.78301e-06
 Reference value :  5.78321e-06
 Reference value :  5.78359e-06
 Reference value :  5.78377e-06
 Reference value :  5.78389e-06
 Reference value :  5.78400e-06
 Reference value :  5.78417e-06
 Reference value :  5.78436e-06
 Reference value :  5.78456e-06
 Reference value :  5.78484e-06
 Reference value :  5.78529e-06
 Reference value :  5.78616e-06
 Reference value :  5.78876e-06
 Reference value :  5.79374e-06
 Reference value :  5.79874e-06
 Reference value :  5.80374e-06
 Reference value :  5.80874e-06
 Reference value :  5.81424e-06
 Reference value :  5.81924e-06
 Reference value :  5.82374e-06
 Reference value :  5.82454e-06
 Reference value :  5.82462e-06
 Reference value :  5.82475e-06
 Reference value :  5.82509e-06
 Reference value :  5.82534e-06
 Reference value :  5.82550e-06
 Reference value :  5.82558e-06
 Reference value :  5.82573e-06
 Reference value :  5.82592e-06
 Reference value :  5.82623e-06
 Reference value :  5.82651e-06
 Reference value :  5.82730e-06
 Reference value :  5.83021e-06
 Reference value :  5.83510e-06
 Reference value :  5.84010e-06
 Reference value :  5.84510e-06
 Reference value :  5.85010e-06
 Reference value :  5.85510e-06
 Reference value :  5.86110e-06
 Reference value :  5.86617e-06
 Reference value :  5.86626e-06
 Reference value :  5.86634e-06
 Reference value :  5.86647e-06
 Reference value :  5.86687e-06
 Reference value :  5.86704e-06
 Reference value :  5.86717e-06
 Reference value :  5.86735e-06
 Reference value :  5.86758e-06
 Reference value :  5.86788e-06
 Reference value :  5.86823e-06
 Reference value :  5.86929e-06
 Reference value :  5.87534e-06
 Reference value :  5.88234e-06
 Reference value :  5.88934e-06
 Reference value :  5.89434e-06
 Reference value :  5.89934e-06
 Reference value :  5.90584e-06
 Reference value :  5.90788e-06
 Reference value :  5.90796e-06
 Reference value :  5.90812e-06
 Reference value :  5.90851e-06
 Reference value :  5.90867e-06
 Reference value :  5.90884e-06
 Reference value :  5.90895e-06
 Reference value :  5.90906e-06
 Reference value :  5.90933e-06
 Reference value :  5.90960e-06
 Reference value :  5.90984e-06
 Reference value :  5.91036e-06
 Reference value :  5.91185e-06
 Reference value :  5.91581e-06
 Reference value :  5.92031e-06
 Reference value :  5.92531e-06
 Reference value :  5.93081e-06
 Reference value :  5.93581e-06
 Reference value :  5.94081e-06
 Reference value :  5.94531e-06
 Reference value :  5.94950e-06
 Reference value :  5.94956e-06
 Reference value :  5.94964e-06
 Reference value :  5.94976e-06
 Reference value :  5.95016e-06
 Reference value :  5.95033e-06
 Reference value :  5.95050e-06
 Reference value :  5.95056e-06
 Reference value :  5.95068e-06
 Reference value :  5.95083e-06
 Reference value :  5.95098e-06
 Reference value :  5.95121e-06
 Reference value :  5.95151e-06
 Reference value :  5.95219e-06
 Reference value :  5.95499e-06
 Reference value :  5.95999e-06
 Reference value :  5.96549e-06
 Reference value :  5.97099e-06
 Reference value :  5.97599e-06
 Reference value :  5.98099e-06
 Reference value :  5.98599e-06
 Reference value :  5.99117e-06
 Reference value :  5.99122e-06
 Reference value :  5.99130e-06
 Reference value :  5.99142e-06
 Reference value :  5.99180e-06
 Reference value :  5.99197e-06
 Reference value :  5.99213e-06
 Reference value :  5.99225e-06
 Reference value :  5.99237e-06
 Reference value :  5.99262e-06
 Reference value :  5.99284e-06
 Reference value :  5.99306e-06
 Reference value :  5.99356e-06
 Reference value :  5.99482e-06
 Reference value :  5.99871e-06
 Reference value :  6.00421e-06
 Reference value :  6.00921e-06
 Reference value :  6.01471e-06
 Reference value :  6.01971e-06
 Reference value :  6.02471e-06
 Reference value :  6.02971e-06
 Reference value :  6.03286e-06
 Reference value :  6.03292e-06
 Reference value :  6.03304e-06
 Reference value :  6.03349e-06
 Reference value :  6.03367e-06
 Reference value :  6.03385e-06
 Reference value :  6.03405e-06
 Reference value :  6.03421e-06
 Reference value :  6.03432e-06
 Reference value :  6.03444e-06
 Reference value :  6.03460e-06
 Reference value :  6.03477e-06
 Reference value :  6.03506e-06
 Reference value :  6.03545e-06
 Reference value :  6.03711e-06
 Reference value :  6.04193e-06
 Reference value :  6.04693e-06
 Reference value :  6.05193e-06
 Reference value :  6.05693e-06
 Reference value :  6.06193e-06
 Reference value :  6.06693e-06
 Reference value :  6.07193e-06
 Reference value :  6.07452e-06
 Reference value :  6.07460e-06
 Reference value :  6.07472e-06
 Reference value :  6.07505e-06
 Reference value :  6.07535e-06
 Reference value :  6.07553e-06
 Reference value :  6.07564e-06
 Reference value :  6.07589e-06
 Reference value :  6.07614e-06
 Reference value :  6.07637e-06
 Reference value :  6.07682e-06
 Reference value :  6.07824e-06
 Reference value :  6.08274e-06
 Reference value :  6.08824e-06
 Reference value :  6.09374e-06
 Reference value :  6.09874e-06
 Reference value :  6.10474e-06
 Reference value :  6.10974e-06
 Reference value :  6.11524e-06
 Reference value :  6.11623e-06
 Reference value :  6.11631e-06
 Reference value :  6.11643e-06
 Reference value :  6.11685e-06
 Reference value :  6.11704e-06
 Reference value :  6.11716e-06
 Reference value :  6.11722e-06
 Reference value :  6.11728e-06
 Reference value :  6.11736e-06
 Reference value :  6.11746e-06
 Reference value :  6.11753e-06
 Reference value :  6.11765e-06
 Reference value :  6.11777e-06
 Reference value :  6.11794e-06
 Reference value :  6.11806e-06
 Reference value :  6.11822e-06
 Reference value :  6.11834e-06
 Reference value :  6.11849e-06
 Reference value :  6.11865e-06
 Reference value :  6.11884e-06
 Reference value :  6.11901e-06
 Reference value :  6.11918e-06
 Reference value :  6.11943e-06
 Reference value :  6.11972e-06
 Reference value :  6.12030e-06
 Reference value :  6.12262e-06
 Reference value :  6.12762e-06
 Reference value :  6.13262e-06
 Reference value :  6.13762e-06
 Reference value :  6.14262e-06
 Reference value :  6.14812e-06
 Reference value :  6.15312e-06
 Reference value :  6.15783e-06
 Reference value :  6.15790e-06
 Reference value :  6.15797e-06
 Reference value :  6.15813e-06
 Reference value :  6.15846e-06
 Reference value :  6.15864e-06
 Reference value :  6.15879e-06
 Reference value :  6.15888e-06
 Reference value :  6.15898e-06
 Reference value :  6.15917e-06
 Reference value :  6.15938e-06
 Reference value :  6.15961e-06
 Reference value :  6.15980e-06
 Reference value :  6.16014e-06
 Reference value :  6.16038e-06
 Reference value :  6.16059e-06
 Reference value :  6.16083e-06
 Reference value :  6.16103e-06
 Reference value :  6.16130e-06
 Reference value :  6.16167e-06
 Reference value :  6.16263e-06
 Reference value :  6.16715e-06
 Reference value :  6.17265e-06
 Reference value :  6.17815e-06
 Reference value :  6.18365e-06
 Reference value :  6.18915e-06
 Reference value :  6.19415e-06
 Reference value :  6.19950e-06
 Reference value :  6.19958e-06
 Reference value :  6.19966e-06
 Reference value :  6.19977e-06
 Reference value :  6.20017e-06
 Reference value :  6.20035e-06
 Reference value :  6.20053e-06
 Reference value :  6.20061e-06
 Reference value :  6.20069e-06
 Reference value :  6.20081e-06
 Reference value :  6.20095e-06
 Reference value :  6.20104e-06
 Reference value :  6.20118e-06
 Reference value :  6.20126e-06
 Reference value :  6.20139e-06
 Reference value :  6.20149e-06
 Reference value :  6.20166e-06
 Reference value :  6.20185e-06
 Reference value :  6.20209e-06
 Reference value :  6.20236e-06
 Reference value :  6.20283e-06
 Reference value :  6.20368e-06
 Reference value :  6.20497e-06
 Reference value :  6.20828e-06
 Reference value :  6.21378e-06
 Reference value :  6.22128e-06
 Reference value :  6.22628e-06
 Reference value :  6.23178e-06
 Reference value :  6.23728e-06
 Reference value :  6.24119e-06
 Reference value :  6.24127e-06
 Reference value :  6.24137e-06
 Reference value :  6.24156e-06
 Reference value :  6.24189e-06
 Reference value :  6.24205e-06
 Reference value :  6.24219e-06
 Reference value :  6.24229e-06
 Reference value :  6.24240e-06
 Reference value :  6.24263e-06
 Reference value :  6.24289e-06
 Reference value :  6.24306e-06
 Reference value :  6.24323e-06
 Reference value :  6.24348e-06
 Reference value :  6.24362e-06
 Reference value :  6.24382e-06
 Reference value :  6.24401e-06
 Reference value :  6.24444e-06
 Reference value :  6.24495e-06
 Reference value :  6.24738e-06
 Reference value :  6.25288e-06
 Reference value :  6.25838e-06
 Reference value :  6.26388e-06
 Reference value :  6.26938e-06
 Reference value :  6.27438e-06
 Reference value :  6.27988e-06
 Reference value :  6.28287e-06
 Reference value :  6.28296e-06
 Reference value :  6.28308e-06
 Reference value :  6.28333e-06
No. of Data Rows : 31104

  Measurements for Transient Analysis

d9_c1               =  2.06518e-03
d8_c1               =  2.64461e-03
d7_c1               =  1.79730e+00
d6_c1               =  2.64466e-03
d5_c1               =  1.79730e+00
d4_c1               =  1.79730e+00
d3_c1               =  1.79730e+00
d2_c1               =  2.64496e-03
d1_c1               =  2.64518e-03
d0_c1               =  2.64565e-03
d9_c2               =  2.07960e-03
d8_c2               =  1.79730e+00
d7_c2               =  2.64597e-03
d6_c2               =  1.79730e+00
d5_c2               =  1.79730e+00
d4_c2               =  1.79730e+00
d3_c2               =  1.79730e+00
d2_c2               =  1.79730e+00
d1_c2               =  1.79730e+00
d0_c2               =  1.79730e+00
d9_c3               =  2.13657e-03
d8_c3               =  1.79720e+00
d7_c3               =  1.79720e+00
d6_c3               =  1.79720e+00
d5_c3               =  1.79720e+00
d4_c3               =  1.79720e+00
d3_c3               =  1.79720e+00
d2_c3               =  1.79720e+00
d1_c3               =  1.79720e+00
d0_c3               =  1.79719e+00
d9_c4               =  1.79812e+00
d8_c4               =  2.64275e-03
d7_c4               =  1.79737e+00
d6_c4               =  2.64274e-03
d5_c4               =  2.64274e-03
d4_c4               =  2.64273e-03
d3_c4               =  2.64271e-03
d2_c4               =  2.64269e-03
d1_c4               =  2.64261e-03
d0_c4               =  1.79737e+00
d9_c5               =  1.79846e+00
d8_c5               =  1.79731e+00
d7_c5               =  1.79731e+00
d6_c5               =  1.79731e+00
d5_c5               =  1.79731e+00
d4_c5               =  1.79731e+00
d3_c5               =  1.79731e+00
d2_c5               =  1.79731e+00
d1_c5               =  1.79731e+00
d0_c5               =  1.79731e+00
busy_c1_p0          =  1.79722e+00
smpl_c1_p0          =  1.84632e-03
busy_c1_p1          =  1.79715e+00
smpl_c1_p1          =  1.88574e-03
busy_c1_p2          =  1.79722e+00
smpl_c1_p2          =  1.80135e-03
busy_c1_p3          =  1.79717e+00
smpl_c1_p3          =  1.86601e-03
busy_c1_p4          =  1.79723e+00
smpl_c1_p4          =  1.81937e-03
busy_c1_p5          =  1.79727e+00
smpl_c1_p5          =  1.80375e-03
busy_c1_p6          =  1.79718e+00
smpl_c1_p6          =  1.85835e-03
busy_c1_p7          =  1.79717e+00
smpl_c1_p7          =  1.86282e-03
busy_c1_p8          =  1.79717e+00
smpl_c1_p8          =  1.86088e-03
busy_c1_p9          =  1.79718e+00
smpl_c1_p9          =  1.85552e-03
busy_c1_p10         =  1.79722e+00
smpl_c1_p10         =  1.83597e-03
busy_c1_p11         =  2.68109e-03
smpl_c1_p11         =  1.79890e+00
busy_c2_p0          =  1.79720e+00
smpl_c2_p0          =  1.85701e-03
busy_c2_p1          =  1.79716e+00
smpl_c2_p1          =  1.87939e-03
busy_c2_p2          =  1.79726e+00
smpl_c2_p2          =  1.83019e-03
busy_c2_p3          =  1.79715e+00
smpl_c2_p3          =  1.88662e-03
busy_c2_p4          =  1.79714e+00
smpl_c2_p4          =  1.89143e-03
busy_c2_p5          =  1.79716e+00
smpl_c2_p5          =  1.88100e-03
busy_c2_p6          =  1.79721e+00
smpl_c2_p6          =  1.86199e-03
busy_c2_p7          =  1.79722e+00
smpl_c2_p7          =  1.85456e-03
busy_c2_p8          =  1.79720e+00
smpl_c2_p8          =  1.86193e-03
busy_c2_p9          =  1.79722e+00
smpl_c2_p9          =  1.85423e-03
busy_c2_p10         =  1.79722e+00
smpl_c2_p10         =  1.85158e-03
busy_c2_p11         =  2.72299e-03
smpl_c2_p11         =  1.79891e+00
busy_c3_p0          =  1.79719e+00
smpl_c3_p0          =  1.86823e-03
busy_c3_p1          =  1.79716e+00
smpl_c3_p1          =  1.87979e-03
busy_c3_p2          =  1.79723e+00
smpl_c3_p2          =  1.84943e-03
busy_c3_p3          =  1.79722e+00
smpl_c3_p3          =  1.85162e-03
busy_c3_p4          =  1.79723e+00
smpl_c3_p4          =  1.84856e-03
busy_c3_p5          =  1.79722e+00
smpl_c3_p5          =  1.85243e-03
busy_c3_p6          =  1.79724e+00
smpl_c3_p6          =  1.84277e-03
busy_c3_p7          =  1.79724e+00
smpl_c3_p7          =  1.83945e-03
busy_c3_p8          =  1.79722e+00
smpl_c3_p8          =  1.85197e-03
busy_c3_p9          =  1.79724e+00
smpl_c3_p9          =  1.83991e-03
busy_c3_p10         =  1.79712e+00
smpl_c3_p10         =  1.90817e-03
busy_c3_p11         =  2.73579e-03
smpl_c3_p11         =  1.79890e+00
busy_c4_p0          =  1.79720e+00
smpl_c4_p0          =  1.85948e-03
busy_c4_p1          =  1.79714e+00
smpl_c4_p1          =  1.89029e-03
busy_c4_p2          =  1.79722e+00
smpl_c4_p2          =  1.85109e-03
busy_c4_p3          =  1.79714e+00
smpl_c4_p3          =  1.88767e-03
busy_c4_p4          =  1.79721e+00
smpl_c4_p4          =  1.85781e-03
busy_c4_p5          =  1.79721e+00
smpl_c4_p5          =  1.85810e-03
busy_c4_p6          =  1.79726e+00
smpl_c4_p6          =  1.82092e-03
busy_c4_p7          =  1.79721e+00
smpl_c4_p7          =  1.85098e-03
busy_c4_p8          =  1.79719e+00
smpl_c4_p8          =  1.86296e-03
busy_c4_p9          =  1.79719e+00
smpl_c4_p9          =  1.86616e-03
busy_c4_p10         =  1.79727e+00
smpl_c4_p10         =  1.82288e-03
busy_c4_p11         =  2.61133e-03
smpl_c4_p11         =  1.79891e+00
busy_c5_p0          =  1.79722e+00
smpl_c5_p0          =  1.84835e-03
busy_c5_p1          =  1.79720e+00
smpl_c5_p1          =  1.85019e-03
busy_c5_p2          =  1.79725e+00
smpl_c5_p2          =  1.79151e-03
busy_c5_p3          =  1.79716e+00
smpl_c5_p3          =  1.83522e-03
busy_c5_p4          =  1.79717e+00
smpl_c5_p4          =  1.83108e-03
busy_c5_p5          =  1.79717e+00
smpl_c5_p5          =  1.82672e-03
busy_c5_p6          =  1.79721e+00
smpl_c5_p6          =  1.80759e-03
busy_c5_p7          =  1.79717e+00
smpl_c5_p7          =  1.83124e-03
busy_c5_p8          =  1.79724e+00
smpl_c5_p8          =  1.79291e-03
busy_c5_p9          =  1.79714e+00
smpl_c5_p9          =  1.85357e-03
busy_c5_p10         =  1.79720e+00
smpl_c5_p10         =  1.83439e-03
busy_c5_p11         =  2.68352e-03
smpl_c5_p11         =  1.79890e+00
i_vdd               =  -2.39478e-06 from=  3.20000e-06 to=  4.20001e-06
i_vpwr              =  -7.42749e-06 from=  3.20000e-06 to=  4.20001e-06
i_vrefp             =  -6.56091e-06 from=  3.20000e-06 to=  4.20001e-06
i_vrefn             =  6.52696e-06 from=  3.20000e-06 to=  4.20001e-06
i_vcm               =  3.34882e-08 from=  3.20000e-06 to=  4.20001e-06
gnd_die_max         =  6.58628e-02 at=  6.11723e-06
gnd_die_min         =  -9.28373e-02 at=  6.11718e-06
vgnd_max            =  3.16765e-02 at=  6.11708e-06
vgnd_min            =  -7.37211e-02 at=  6.11716e-06
vdd_max             =  1.84844e+00 at=  6.11714e-06
vdd_min             =  1.73258e+00 at=  6.11719e-06
vpwr_max            =  1.88153e+00 at=  6.11720e-06
vpwr_min            =  1.75554e+00 at=  6.11714e-06
vdda_min            =  1.74603e+00 at=  6.11722e-06
vdda_max            =  1.84908e+00 at=  6.11727e-06
i_vgnda             =  2.46864e-06 from=  3.20000e-06 to=  4.20001e-06
i_vgnd              =  7.42298e-06 from=  3.20000e-06 to=  4.20001e-06


Total analysis time (seconds) = 6879.57

Total elapsed time (seconds) = 7354.223 

Total DRAM available = 98304.000 MB.
DRAM currently available = 3652.234 MB.
Maximum ngspice program size =  794.391 MB.
Current ngspice program size =   37.500 MB.

Note: Starting dynamic gmin stepping
Note: Dynamic gmin stepping completed
