
Note: Compatibility modes selected: hs a


Circuit: * sim/ground-return-impedance (issue #378) arm 'pkg' -- reusing

option SCALE: Scale is set to 1e-06 for instance and model parameters
option SCALE: Scale is set to 1e-06 for instance and model parameters
option SCALE: Scale is set to 1e-06 for instance and model parameters
option SCALE: Scale is set to 1e-06 for instance and model parameters
Doing analysis at TEMP = 27.000000 and TNOM = 27.000000

Using KLU as Direct Linear Solver
 Reference value :  0.00000e+00
 Reference value :  4.64000e-09
 Reference value :  1.16400e-08
 Reference value :  1.86400e-08
 Reference value :  2.00539e-08
 Reference value :  2.01410e-08
 Reference value :  2.02161e-08
 Reference value :  2.03563e-08
 Reference value :  2.04775e-08
 Reference value :  2.05867e-08
 Reference value :  2.06633e-08
 Reference value :  2.07910e-08
 Reference value :  2.10148e-08
 Reference value :  2.11222e-08
 Reference value :  2.12432e-08
 Reference value :  2.14331e-08
 Reference value :  2.18359e-08
 Reference value :  2.39630e-08
 Reference value :  2.99256e-08
 Reference value :  3.54256e-08
 Reference value :  4.09256e-08
 Reference value :  4.54256e-08
 Reference value :  5.04256e-08
 Reference value :  5.54256e-08
 Reference value :  6.04256e-08
 Reference value :  6.54256e-08
 Reference value :  7.14256e-08
 Reference value :  7.59256e-08
 Reference value :  8.09256e-08
 Reference value :  8.59256e-08
 Reference value :  9.09256e-08
 Reference value :  9.59256e-08
 Reference value :  1.00926e-07
 Reference value :  1.06426e-07
 Reference value :  1.12426e-07
 Reference value :  1.18426e-07
 Reference value :  1.23926e-07
 Reference value :  1.29926e-07
 Reference value :  1.35926e-07
 Reference value :  1.41426e-07
 Reference value :  1.46426e-07
 Reference value :  1.51426e-07
 Reference value :  1.57426e-07
 Reference value :  1.64426e-07
 Reference value :  1.71426e-07
 Reference value :  1.77926e-07
 Reference value :  1.84926e-07
 Reference value :  1.92426e-07
 Reference value :  1.97426e-07
 Reference value :  1.99524e-07
 Reference value :  1.99621e-07
 Reference value :  1.99714e-07
 Reference value :  1.99877e-07
 Reference value :  2.00205e-07
 Reference value :  2.00322e-07
 Reference value :  2.00490e-07
 Reference value :  2.00542e-07
 Reference value :  2.00662e-07
 Reference value :  2.00806e-07
 Reference value :  2.00968e-07
 Reference value :  2.01112e-07
 Reference value :  2.01318e-07
 Reference value :  2.01497e-07
 Reference value :  2.01712e-07
 Reference value :  2.01971e-07
 Reference value :  2.02374e-07
 Reference value :  2.03282e-07
 Reference value :  2.08699e-07
 Reference value :  2.14199e-07
 Reference value :  2.19699e-07
 Reference value :  2.25199e-07
 Reference value :  2.30199e-07
 Reference value :  2.35699e-07
 Reference value :  2.41167e-07
 Reference value :  2.41255e-07
 Reference value :  2.41336e-07
 Reference value :  2.41449e-07
 Reference value :  2.41776e-07
 Reference value :  2.42018e-07
 Reference value :  2.42145e-07
 Reference value :  2.42247e-07
 Reference value :  2.42335e-07
 Reference value :  2.42441e-07
 Reference value :  2.42632e-07
 Reference value :  2.42882e-07
 Reference value :  2.43096e-07
 Reference value :  2.43288e-07
 Reference value :  2.43552e-07
 Reference value :  2.43985e-07
 Reference value :  2.44222e-07
 Reference value :  2.44416e-07
 Reference value :  2.44706e-07
 Reference value :  2.45212e-07
 Reference value :  2.46275e-07
 Reference value :  2.51205e-07
 Reference value :  2.56205e-07
 Reference value :  2.62705e-07
 Reference value :  2.68705e-07
 Reference value :  2.73705e-07
 Reference value :  2.78205e-07
 Reference value :  2.82838e-07
 Reference value :  2.82916e-07
 Reference value :  2.82998e-07
 Reference value :  2.83086e-07
 Reference value :  2.83358e-07
 Reference value :  2.83485e-07
 Reference value :  2.83600e-07
 Reference value :  2.83796e-07
 Reference value :  2.83933e-07
 Reference value :  2.84061e-07
 Reference value :  2.84308e-07
 Reference value :  2.84549e-07
 Reference value :  2.84713e-07
 Reference value :  2.84883e-07
 Reference value :  2.85036e-07
 Reference value :  2.85180e-07
 Reference value :  2.85424e-07
 Reference value :  2.85613e-07
 Reference value :  2.85928e-07
 Reference value :  2.87372e-07
 Reference value :  2.93763e-07
 Reference value :  2.98763e-07
 Reference value :  3.03763e-07
 Reference value :  3.12263e-07
 Reference value :  3.21263e-07
 Reference value :  3.24577e-07
 Reference value :  3.24751e-07
 Reference value :  3.25361e-07
 Reference value :  3.25567e-07
 Reference value :  3.25771e-07
 Reference value :  3.26241e-07
 Reference value :  3.26744e-07
 Reference value :  3.28259e-07
 Reference value :  3.29451e-07
 Reference value :  3.33586e-07
 Reference value :  3.42586e-07
 Reference value :  3.52086e-07
 Reference value :  3.62086e-07
 Reference value :  3.66208e-07
 Reference value :  3.66378e-07
 Reference value :  3.66809e-07
 Reference value :  3.67022e-07
 Reference value :  3.67306e-07
 Reference value :  3.67551e-07
 Reference value :  3.67905e-07
 Reference value :  3.68525e-07
 Reference value :  3.71121e-07
 Reference value :  3.80520e-07
 Reference value :  3.90520e-07
 Reference value :  3.99520e-07
 Reference value :  4.07853e-07
 Reference value :  4.08022e-07
 Reference value :  4.08391e-07
 Reference value :  4.08833e-07
 Reference value :  4.08996e-07
 Reference value :  4.09247e-07
 Reference value :  4.09638e-07
 Reference value :  4.10139e-07
 Reference value :  4.10677e-07
 Reference value :  4.11552e-07
 Reference value :  4.12062e-07
 Reference value :  4.12452e-07
 Reference value :  4.12870e-07
 Reference value :  4.14360e-07
 Reference value :  4.24001e-07
 Reference value :  4.34001e-07
 Reference value :  4.44001e-07
 Reference value :  4.49558e-07
 Reference value :  4.49744e-07
 Reference value :  4.50203e-07
 Reference value :  4.50459e-07
 Reference value :  4.50745e-07
 Reference value :  4.51035e-07
 Reference value :  4.51208e-07
 Reference value :  4.51471e-07
 Reference value :  4.51781e-07
 Reference value :  4.52279e-07
 Reference value :  4.53340e-07
 Reference value :  4.61461e-07
 Reference value :  4.70461e-07
 Reference value :  4.75961e-07
 Reference value :  4.80961e-07
 Reference value :  4.85961e-07
 Reference value :  4.91167e-07
 Reference value :  4.91226e-07
 Reference value :  4.91317e-07
 Reference value :  4.91422e-07
 Reference value :  4.91731e-07
 Reference value :  4.92040e-07
 Reference value :  4.92164e-07
 Reference value :  4.92256e-07
 Reference value :  4.92364e-07
 Reference value :  4.92472e-07
 Reference value :  4.92719e-07
 Reference value :  4.92971e-07
 Reference value :  4.93226e-07
 Reference value :  4.93547e-07
 Reference value :  4.94145e-07
 Reference value :  4.95079e-07
 Reference value :  4.95495e-07
 Reference value :  4.95893e-07
 Reference value :  4.97771e-07
 Reference value :  5.02771e-07
 Reference value :  5.07771e-07
 Reference value :  5.09703e-07
 Reference value :  5.11174e-07
 Reference value :  5.11406e-07
 Reference value :  5.11672e-07
 Reference value :  5.11955e-07
 Reference value :  5.12676e-07
 Reference value :  5.18393e-07
 Reference value :  5.23393e-07
 Reference value :  5.28893e-07
 Reference value :  5.32855e-07
 Reference value :  5.32920e-07
 Reference value :  5.33014e-07
 Reference value :  5.33111e-07
 Reference value :  5.33423e-07
 Reference value :  5.33575e-07
 Reference value :  5.33681e-07
 Reference value :  5.33833e-07
 Reference value :  5.33919e-07
 Reference value :  5.34010e-07
 Reference value :  5.34157e-07
 Reference value :  5.34298e-07
 Reference value :  5.34429e-07
 Reference value :  5.34549e-07
 Reference value :  5.34659e-07
 Reference value :  5.34868e-07
 Reference value :  5.35009e-07
 Reference value :  5.35182e-07
 Reference value :  5.35405e-07
 Reference value :  5.35649e-07
 Reference value :  5.36148e-07
 Reference value :  5.38876e-07
 Reference value :  5.44376e-07
 Reference value :  5.49376e-07
 Reference value :  5.54376e-07
 Reference value :  5.59876e-07
 Reference value :  5.64876e-07
 Reference value :  5.69876e-07
 Reference value :  5.74500e-07
 Reference value :  5.74555e-07
 Reference value :  5.74637e-07
 Reference value :  5.74751e-07
 Reference value :  5.75055e-07
 Reference value :  5.75412e-07
 Reference value :  5.75507e-07
 Reference value :  5.75590e-07
 Reference value :  5.75682e-07
 Reference value :  5.75784e-07
 Reference value :  5.75964e-07
 Reference value :  5.76209e-07
 Reference value :  5.76436e-07
 Reference value :  5.76677e-07
 Reference value :  5.77057e-07
 Reference value :  5.78389e-07
 Reference value :  5.79181e-07
 Reference value :  5.80059e-07
 Reference value :  5.83314e-07
 Reference value :  5.90314e-07
 Reference value :  5.97314e-07
 Reference value :  6.03814e-07
 Reference value :  6.09314e-07
 Reference value :  6.14314e-07
 Reference value :  6.16212e-07
 Reference value :  6.16292e-07
 Reference value :  6.16370e-07
 Reference value :  6.16491e-07
 Reference value :  6.16879e-07
 Reference value :  6.16954e-07
 Reference value :  6.17108e-07
 Reference value :  6.17228e-07
 Reference value :  6.17308e-07
 Reference value :  6.17401e-07
 Reference value :  6.17542e-07
 Reference value :  6.17683e-07
 Reference value :  6.17793e-07
 Reference value :  6.17974e-07
 Reference value :  6.18445e-07
 Reference value :  6.19085e-07
 Reference value :  6.20586e-07
 Reference value :  6.25929e-07
 Reference value :  6.30429e-07
 Reference value :  6.35429e-07
 Reference value :  6.40929e-07
 Reference value :  6.45929e-07
 Reference value :  6.50929e-07
 Reference value :  6.57381e-07
 Reference value :  6.57911e-07
 Reference value :  6.58004e-07
 Reference value :  6.58184e-07
 Reference value :  6.58511e-07
 Reference value :  6.58761e-07
 Reference value :  6.58904e-07
 Reference value :  6.59003e-07
 Reference value :  6.59138e-07
 Reference value :  6.59332e-07
 Reference value :  6.59576e-07
 Reference value :  6.59804e-07
 Reference value :  6.60069e-07
 Reference value :  6.60583e-07
 Reference value :  6.61629e-07
 Reference value :  6.62156e-07
 Reference value :  6.62603e-07
 Reference value :  6.63260e-07
 Reference value :  6.66087e-07
 Reference value :  6.71087e-07
 Reference value :  6.76587e-07
 Reference value :  6.82087e-07
 Reference value :  6.87087e-07
 Reference value :  6.92087e-07
 Reference value :  6.97587e-07
 Reference value :  6.99547e-07
 Reference value :  6.99630e-07
 Reference value :  6.99710e-07
 Reference value :  6.99829e-07
 Reference value :  7.00210e-07
 Reference value :  7.00373e-07
 Reference value :  7.00542e-07
 Reference value :  7.00678e-07
 Reference value :  7.00849e-07
 Reference value :  7.01023e-07
 Reference value :  7.01166e-07
 Reference value :  7.01314e-07
 Reference value :  7.01530e-07
 Reference value :  7.01815e-07
 Reference value :  7.02206e-07
 Reference value :  7.03124e-07
 Reference value :  7.06792e-07
 Reference value :  7.12292e-07
 Reference value :  7.17792e-07
 Reference value :  7.22792e-07
 Reference value :  7.27792e-07
 Reference value :  7.32792e-07
 Reference value :  7.37792e-07
 Reference value :  7.41187e-07
 Reference value :  7.41285e-07
 Reference value :  7.41376e-07
 Reference value :  7.41545e-07
 Reference value :  7.41899e-07
 Reference value :  7.42120e-07
 Reference value :  7.42222e-07
 Reference value :  7.42302e-07
 Reference value :  7.42392e-07
 Reference value :  7.42598e-07
 Reference value :  7.42849e-07
 Reference value :  7.43032e-07
 Reference value :  7.43266e-07
 Reference value :  7.43732e-07
 Reference value :  7.44660e-07
 Reference value :  7.45200e-07
 Reference value :  7.45567e-07
 Reference value :  7.46092e-07
 Reference value :  7.47498e-07
 Reference value :  7.53452e-07
 Reference value :  7.58452e-07
 Reference value :  7.62952e-07
 Reference value :  7.68952e-07
 Reference value :  7.69883e-07
 Reference value :  7.71308e-07
 Reference value :  7.71626e-07
 Reference value :  7.71885e-07
 Reference value :  7.72196e-07
 Reference value :  7.72780e-07
 Reference value :  7.76510e-07
 Reference value :  7.82010e-07
 Reference value :  7.82896e-07
 Reference value :  7.83031e-07
 Reference value :  7.83135e-07
 Reference value :  7.83478e-07
 Reference value :  7.83600e-07
 Reference value :  7.83784e-07
 Reference value :  7.83893e-07
 Reference value :  7.84033e-07
 Reference value :  7.84265e-07
 Reference value :  7.84431e-07
 Reference value :  7.84567e-07
 Reference value :  7.84680e-07
 Reference value :  7.84798e-07
 Reference value :  7.85019e-07
 Reference value :  7.85210e-07
 Reference value :  7.85530e-07
 Reference value :  7.85945e-07
 Reference value :  7.87218e-07
 Reference value :  7.92450e-07
 Reference value :  7.99450e-07
 Reference value :  8.04450e-07
 Reference value :  8.09950e-07
 Reference value :  8.15950e-07
 Reference value :  8.21450e-07
 Reference value :  8.24523e-07
 Reference value :  8.24625e-07
 Reference value :  8.24728e-07
 Reference value :  8.24978e-07
 Reference value :  8.25403e-07
 Reference value :  8.25507e-07
 Reference value :  8.25636e-07
 Reference value :  8.25755e-07
 Reference value :  8.25956e-07
 Reference value :  8.26244e-07
 Reference value :  8.26468e-07
 Reference value :  8.26809e-07
 Reference value :  8.27973e-07
 Reference value :  8.28606e-07
 Reference value :  8.29178e-07
 Reference value :  8.29803e-07
 Reference value :  8.32021e-07
 Reference value :  8.38021e-07
 Reference value :  8.44021e-07
 Reference value :  8.49021e-07
 Reference value :  8.54021e-07
 Reference value :  8.60521e-07
 Reference value :  8.62041e-07
 Reference value :  8.62903e-07
 Reference value :  8.63232e-07
 Reference value :  8.63934e-07
 Reference value :  8.66172e-07
 Reference value :  8.66269e-07
 Reference value :  8.66445e-07
 Reference value :  8.66822e-07
 Reference value :  8.66943e-07
 Reference value :  8.67122e-07
 Reference value :  8.67209e-07
 Reference value :  8.67310e-07
 Reference value :  8.67423e-07
 Reference value :  8.67637e-07
 Reference value :  8.67720e-07
 Reference value :  8.67859e-07
 Reference value :  8.67980e-07
 Reference value :  8.68133e-07
 Reference value :  8.68305e-07
 Reference value :  8.68429e-07
 Reference value :  8.68613e-07
 Reference value :  8.68885e-07
 Reference value :  8.69620e-07
 Reference value :  8.72886e-07
 Reference value :  8.77886e-07
 Reference value :  8.83386e-07
 Reference value :  8.88386e-07
 Reference value :  8.93386e-07
 Reference value :  8.98386e-07
 Reference value :  9.03886e-07
 Reference value :  9.07855e-07
 Reference value :  9.07932e-07
 Reference value :  9.08032e-07
 Reference value :  9.08184e-07
 Reference value :  9.08433e-07
 Reference value :  9.08706e-07
 Reference value :  9.08844e-07
 Reference value :  9.08942e-07
 Reference value :  9.09047e-07
 Reference value :  9.09285e-07
 Reference value :  9.09528e-07
 Reference value :  9.09777e-07
 Reference value :  9.10036e-07
 Reference value :  9.10433e-07
 Reference value :  9.11547e-07
 Reference value :  9.12085e-07
 Reference value :  9.12591e-07
 Reference value :  9.13679e-07
 Reference value :  9.18239e-07
 Reference value :  9.23739e-07
 Reference value :  9.29739e-07
 Reference value :  9.34739e-07
 Reference value :  9.40739e-07
 Reference value :  9.45739e-07
 Reference value :  9.48739e-07
 Reference value :  9.49506e-07
 Reference value :  9.49584e-07
 Reference value :  9.49662e-07
 Reference value :  9.49785e-07
 Reference value :  9.50079e-07
 Reference value :  9.50266e-07
 Reference value :  9.50446e-07
 Reference value :  9.50515e-07
 Reference value :  9.50598e-07
 Reference value :  9.50710e-07
 Reference value :  9.50967e-07
 Reference value :  9.51065e-07
 Reference value :  9.51227e-07
 Reference value :  9.51379e-07
 Reference value :  9.51485e-07
 Reference value :  9.51622e-07
 Reference value :  9.51875e-07
 Reference value :  9.52137e-07
 Reference value :  9.52542e-07
 Reference value :  9.53736e-07
 Reference value :  9.59397e-07
 Reference value :  9.65397e-07
 Reference value :  9.69897e-07
 Reference value :  9.74897e-07
 Reference value :  9.80897e-07
 Reference value :  9.85897e-07
 Reference value :  9.90782e-07
 Reference value :  9.91224e-07
 Reference value :  9.91294e-07
 Reference value :  9.91406e-07
 Reference value :  9.91675e-07
 Reference value :  9.92019e-07
 Reference value :  9.92145e-07
 Reference value :  9.92232e-07
 Reference value :  9.92340e-07
 Reference value :  9.92483e-07
 Reference value :  9.92685e-07
 Reference value :  9.92907e-07
 Reference value :  9.93137e-07
 Reference value :  9.93410e-07
 Reference value :  9.93956e-07
 Reference value :  9.95174e-07
 Reference value :  9.95674e-07
 Reference value :  9.96134e-07
 Reference value :  9.96895e-07
 Reference value :  9.99153e-07
 Reference value :  1.00465e-06
 Reference value :  1.01015e-06
 Reference value :  1.01515e-06
 Reference value :  1.02015e-06
 Reference value :  1.02565e-06
 Reference value :  1.03249e-06
 Reference value :  1.03290e-06
 Reference value :  1.03300e-06
 Reference value :  1.03315e-06
 Reference value :  1.03348e-06
 Reference value :  1.03357e-06
 Reference value :  1.03370e-06
 Reference value :  1.03382e-06
 Reference value :  1.03389e-06
 Reference value :  1.03400e-06
 Reference value :  1.03411e-06
 Reference value :  1.03427e-06
 Reference value :  1.03440e-06
 Reference value :  1.03452e-06
 Reference value :  1.03473e-06
 Reference value :  1.03502e-06
 Reference value :  1.03537e-06
 Reference value :  1.03622e-06
 Reference value :  1.04119e-06
 Reference value :  1.04869e-06
 Reference value :  1.05619e-06
 Reference value :  1.06369e-06
 Reference value :  1.07119e-06
 Reference value :  1.07453e-06
 Reference value :  1.07462e-06
 Reference value :  1.07470e-06
 Reference value :  1.07493e-06
 Reference value :  1.07533e-06
 Reference value :  1.07547e-06
 Reference value :  1.07559e-06
 Reference value :  1.07573e-06
 Reference value :  1.07594e-06
 Reference value :  1.07614e-06
 Reference value :  1.07636e-06
 Reference value :  1.07659e-06
 Reference value :  1.07693e-06
 Reference value :  1.07810e-06
 Reference value :  1.07864e-06
 Reference value :  1.07907e-06
 Reference value :  1.07989e-06
 Reference value :  1.08424e-06
 Reference value :  1.08974e-06
 Reference value :  1.09524e-06
 Reference value :  1.10074e-06
 Reference value :  1.10574e-06
 Reference value :  1.11174e-06
 Reference value :  1.11617e-06
 Reference value :  1.11624e-06
 Reference value :  1.11633e-06
 Reference value :  1.11642e-06
 Reference value :  1.11664e-06
 Reference value :  1.11690e-06
 Reference value :  1.11708e-06
 Reference value :  1.11715e-06
 Reference value :  1.11721e-06
 Reference value :  1.11732e-06
 Reference value :  1.11739e-06
 Reference value :  1.11749e-06
 Reference value :  1.11765e-06
 Reference value :  1.11775e-06
 Reference value :  1.11785e-06
 Reference value :  1.11809e-06
 Reference value :  1.11820e-06
 Reference value :  1.11828e-06
 Reference value :  1.11838e-06
 Reference value :  1.11845e-06
 Reference value :  1.11860e-06
 Reference value :  1.11875e-06
 Reference value :  1.11884e-06
 Reference value :  1.11903e-06
 Reference value :  1.11933e-06
 Reference value :  1.11985e-06
 Reference value :  1.12164e-06
 Reference value :  1.12643e-06
 Reference value :  1.13193e-06
 Reference value :  1.13693e-06
 Reference value :  1.14193e-06
 Reference value :  1.14793e-06
 Reference value :  1.15293e-06
 Reference value :  1.15784e-06
 Reference value :  1.15796e-06
 Reference value :  1.15805e-06
 Reference value :  1.15820e-06
 Reference value :  1.15854e-06
 Reference value :  1.15878e-06
 Reference value :  1.15888e-06
 Reference value :  1.15899e-06
 Reference value :  1.15911e-06
 Reference value :  1.15925e-06
 Reference value :  1.15952e-06
 Reference value :  1.15974e-06
 Reference value :  1.15994e-06
 Reference value :  1.16019e-06
 Reference value :  1.16053e-06
 Reference value :  1.16085e-06
 Reference value :  1.16126e-06
 Reference value :  1.16223e-06
 Reference value :  1.16420e-06
 Reference value :  1.16858e-06
 Reference value :  1.17458e-06
 Reference value :  1.17958e-06
 Reference value :  1.18458e-06
 Reference value :  1.19008e-06
 Reference value :  1.19558e-06
 Reference value :  1.19951e-06
 Reference value :  1.19959e-06
 Reference value :  1.19969e-06
 Reference value :  1.19979e-06
 Reference value :  1.20008e-06
 Reference value :  1.20024e-06
 Reference value :  1.20042e-06
 Reference value :  1.20051e-06
 Reference value :  1.20061e-06
 Reference value :  1.20072e-06
 Reference value :  1.20087e-06
 Reference value :  1.20098e-06
 Reference value :  1.20111e-06
 Reference value :  1.20123e-06
 Reference value :  1.20134e-06
 Reference value :  1.20148e-06
 Reference value :  1.20172e-06
 Reference value :  1.20201e-06
 Reference value :  1.20242e-06
 Reference value :  1.20297e-06
 Reference value :  1.20502e-06
 Reference value :  1.21085e-06
 Reference value :  1.21585e-06
 Reference value :  1.22085e-06
 Reference value :  1.22685e-06
 Reference value :  1.23185e-06
 Reference value :  1.23685e-06
 Reference value :  1.24119e-06
 Reference value :  1.24127e-06
 Reference value :  1.24137e-06
 Reference value :  1.24154e-06
 Reference value :  1.24201e-06
 Reference value :  1.24216e-06
 Reference value :  1.24226e-06
 Reference value :  1.24237e-06
 Reference value :  1.24254e-06
 Reference value :  1.24288e-06
 Reference value :  1.24310e-06
 Reference value :  1.24330e-06
 Reference value :  1.24357e-06
 Reference value :  1.24378e-06
 Reference value :  1.24410e-06
 Reference value :  1.24435e-06
 Reference value :  1.24461e-06
 Reference value :  1.24506e-06
 Reference value :  1.24591e-06
 Reference value :  1.25049e-06
 Reference value :  1.25549e-06
 Reference value :  1.26049e-06
 Reference value :  1.26549e-06
 Reference value :  1.27149e-06
 Reference value :  1.27649e-06
 Reference value :  1.28149e-06
 Reference value :  1.28289e-06
 Reference value :  1.28297e-06
 Reference value :  1.28306e-06
 Reference value :  1.28323e-06
 Reference value :  1.28351e-06
 Reference value :  1.28357e-06
 Reference value :  1.28372e-06
 Reference value :  1.28385e-06
 Reference value :  1.28394e-06
 Reference value :  1.28402e-06
 Reference value :  1.28415e-06
 Reference value :  1.28433e-06
 Reference value :  1.28448e-06
 Reference value :  1.28458e-06
 Reference value :  1.28472e-06
 Reference value :  1.28486e-06
 Reference value :  1.28495e-06
 Reference value :  1.28507e-06
 Reference value :  1.28519e-06
 Reference value :  1.28541e-06
 Reference value :  1.28566e-06
 Reference value :  1.28609e-06
 Reference value :  1.28737e-06
 Reference value :  1.29275e-06
 Reference value :  1.29775e-06
 Reference value :  1.30275e-06
 Reference value :  1.30775e-06
 Reference value :  1.31375e-06
 Reference value :  1.31875e-06
 Reference value :  1.32375e-06
 Reference value :  1.32458e-06
 Reference value :  1.32466e-06
 Reference value :  1.32475e-06
 Reference value :  1.32506e-06
 Reference value :  1.32536e-06
 Reference value :  1.32549e-06
 Reference value :  1.32557e-06
 Reference value :  1.32570e-06
 Reference value :  1.32589e-06
 Reference value :  1.32607e-06
 Reference value :  1.32636e-06
 Reference value :  1.32660e-06
 Reference value :  1.32691e-06
 Reference value :  1.32743e-06
 Reference value :  1.32797e-06
 Reference value :  1.32832e-06
 Reference value :  1.33137e-06
 Reference value :  1.33274e-06
 Reference value :  1.33309e-06
 Reference value :  1.33339e-06
 Reference value :  1.33402e-06
 Reference value :  1.33785e-06
 Reference value :  1.34335e-06
 Reference value :  1.34985e-06
 Reference value :  1.35485e-06
 Reference value :  1.35985e-06
 Reference value :  1.36576e-06
 Reference value :  1.36622e-06
 Reference value :  1.36630e-06
 Reference value :  1.36639e-06
 Reference value :  1.36665e-06
 Reference value :  1.36687e-06
 Reference value :  1.36696e-06
 Reference value :  1.36713e-06
 Reference value :  1.36727e-06
 Reference value :  1.36742e-06
 Reference value :  1.36762e-06
 Reference value :  1.36778e-06
 Reference value :  1.36789e-06
 Reference value :  1.36802e-06
 Reference value :  1.36819e-06
 Reference value :  1.36829e-06
 Reference value :  1.36842e-06
 Reference value :  1.36864e-06
 Reference value :  1.36885e-06
 Reference value :  1.36923e-06
 Reference value :  1.36986e-06
 Reference value :  1.37370e-06
 Reference value :  1.37970e-06
 Reference value :  1.38520e-06
 Reference value :  1.39020e-06
 Reference value :  1.39620e-06
 Reference value :  1.40120e-06
 Reference value :  1.40620e-06
 Reference value :  1.40789e-06
 Reference value :  1.40804e-06
 Reference value :  1.40844e-06
 Reference value :  1.40878e-06
 Reference value :  1.40890e-06
 Reference value :  1.40898e-06
 Reference value :  1.40908e-06
 Reference value :  1.40931e-06
 Reference value :  1.40959e-06
 Reference value :  1.40980e-06
 Reference value :  1.41021e-06
 Reference value :  1.41122e-06
 Reference value :  1.41451e-06
 Reference value :  1.41951e-06
 Reference value :  1.42551e-06
 Reference value :  1.43051e-06
 Reference value :  1.43551e-06
 Reference value :  1.44051e-06
 Reference value :  1.44651e-06
 Reference value :  1.44954e-06
 Reference value :  1.44963e-06
 Reference value :  1.44973e-06
 Reference value :  1.44998e-06
 Reference value :  1.45021e-06
 Reference value :  1.45036e-06
 Reference value :  1.45054e-06
 Reference value :  1.45068e-06
 Reference value :  1.45077e-06
 Reference value :  1.45098e-06
 Reference value :  1.45113e-06
 Reference value :  1.45136e-06
 Reference value :  1.45174e-06
 Reference value :  1.45225e-06
 Reference value :  1.45322e-06
 Reference value :  1.45898e-06
 Reference value :  1.46448e-06
 Reference value :  1.46998e-06
 Reference value :  1.47498e-06
 Reference value :  1.48098e-06
 Reference value :  1.48648e-06
 Reference value :  1.49117e-06
 Reference value :  1.49124e-06
 Reference value :  1.49133e-06
 Reference value :  1.49147e-06
 Reference value :  1.49192e-06
 Reference value :  1.49213e-06
 Reference value :  1.49223e-06
 Reference value :  1.49236e-06
 Reference value :  1.49253e-06
 Reference value :  1.49273e-06
 Reference value :  1.49294e-06
 Reference value :  1.49319e-06
 Reference value :  1.49347e-06
 Reference value :  1.49411e-06
 Reference value :  1.49544e-06
 Reference value :  1.49598e-06
 Reference value :  1.49702e-06
 Reference value :  1.50080e-06
 Reference value :  1.50680e-06
 Reference value :  1.51330e-06
 Reference value :  1.52080e-06
 Reference value :  1.52830e-06
 Reference value :  1.53284e-06
 Reference value :  1.53292e-06
 Reference value :  1.53312e-06
 Reference value :  1.53354e-06
 Reference value :  1.53371e-06
 Reference value :  1.53387e-06
 Reference value :  1.53399e-06
 Reference value :  1.53415e-06
 Reference value :  1.53433e-06
 Reference value :  1.53446e-06
 Reference value :  1.53467e-06
 Reference value :  1.53493e-06
 Reference value :  1.53522e-06
 Reference value :  1.53553e-06
 Reference value :  1.53654e-06
 Reference value :  1.54069e-06
 Reference value :  1.54569e-06
 Reference value :  1.55219e-06
 Reference value :  1.55819e-06
 Reference value :  1.56419e-06
 Reference value :  1.56919e-06
 Reference value :  1.57409e-06
 Reference value :  1.57456e-06
 Reference value :  1.57470e-06
 Reference value :  1.57485e-06
 Reference value :  1.57531e-06
 Reference value :  1.57545e-06
 Reference value :  1.57555e-06
 Reference value :  1.57564e-06
 Reference value :  1.57573e-06
 Reference value :  1.57590e-06
 Reference value :  1.57614e-06
 Reference value :  1.57637e-06
 Reference value :  1.57659e-06
 Reference value :  1.57690e-06
 Reference value :  1.57778e-06
 Reference value :  1.57836e-06
 Reference value :  1.57873e-06
 Reference value :  1.57914e-06
 Reference value :  1.58095e-06
 Reference value :  1.58497e-06
 Reference value :  1.58690e-06
 Reference value :  1.58825e-06
 Reference value :  1.58847e-06
 Reference value :  1.58869e-06
 Reference value :  1.58895e-06
 Reference value :  1.58937e-06
 Reference value :  1.59057e-06
 Reference value :  1.59576e-06
 Reference value :  1.60126e-06
 Reference value :  1.60726e-06
 Reference value :  1.61226e-06
 Reference value :  1.61619e-06
 Reference value :  1.61627e-06
 Reference value :  1.61636e-06
 Reference value :  1.61645e-06
 Reference value :  1.61681e-06
 Reference value :  1.61693e-06
 Reference value :  1.61708e-06
 Reference value :  1.61717e-06
 Reference value :  1.61733e-06
 Reference value :  1.61744e-06
 Reference value :  1.61762e-06
 Reference value :  1.61778e-06
 Reference value :  1.61789e-06
 Reference value :  1.61808e-06
 Reference value :  1.61825e-06
 Reference value :  1.61848e-06
 Reference value :  1.61870e-06
 Reference value :  1.61894e-06
 Reference value :  1.61936e-06
 Reference value :  1.62023e-06
 Reference value :  1.62466e-06
 Reference value :  1.62966e-06
 Reference value :  1.63516e-06
 Reference value :  1.64116e-06
 Reference value :  1.64616e-06
 Reference value :  1.65116e-06
 Reference value :  1.65616e-06
 Reference value :  1.65788e-06
 Reference value :  1.65796e-06
 Reference value :  1.65806e-06
 Reference value :  1.65832e-06
 Reference value :  1.65869e-06
 Reference value :  1.65880e-06
 Reference value :  1.65891e-06
 Reference value :  1.65902e-06
 Reference value :  1.65929e-06
 Reference value :  1.65963e-06
 Reference value :  1.66003e-06
 Reference value :  1.66059e-06
 Reference value :  1.66165e-06
 Reference value :  1.66213e-06
 Reference value :  1.66251e-06
 Reference value :  1.66338e-06
 Reference value :  1.66713e-06
 Reference value :  1.67313e-06
 Reference value :  1.67863e-06
 Reference value :  1.68363e-06
 Reference value :  1.68556e-06
 Reference value :  1.68705e-06
 Reference value :  1.68730e-06
 Reference value :  1.68758e-06
 Reference value :  1.68790e-06
 Reference value :  1.68841e-06
 Reference value :  1.69208e-06
 Reference value :  1.69808e-06
 Reference value :  1.69956e-06
 Reference value :  1.69966e-06
 Reference value :  1.69978e-06
 Reference value :  1.70013e-06
 Reference value :  1.70027e-06
 Reference value :  1.70046e-06
 Reference value :  1.70055e-06
 Reference value :  1.70071e-06
 Reference value :  1.70093e-06
 Reference value :  1.70105e-06
 Reference value :  1.70119e-06
 Reference value :  1.70130e-06
 Reference value :  1.70143e-06
 Reference value :  1.70156e-06
 Reference value :  1.70169e-06
 Reference value :  1.70183e-06
 Reference value :  1.70203e-06
 Reference value :  1.70236e-06
 Reference value :  1.70282e-06
 Reference value :  1.70512e-06
 Reference value :  1.71012e-06
 Reference value :  1.71662e-06
 Reference value :  1.72162e-06
 Reference value :  1.72662e-06
 Reference value :  1.73162e-06
 Reference value :  1.73762e-06
 Reference value :  1.74117e-06
 Reference value :  1.74125e-06
 Reference value :  1.74136e-06
 Reference value :  1.74149e-06
 Reference value :  1.74189e-06
 Reference value :  1.74209e-06
 Reference value :  1.74218e-06
 Reference value :  1.74226e-06
 Reference value :  1.74234e-06
 Reference value :  1.74248e-06
 Reference value :  1.74274e-06
 Reference value :  1.74300e-06
 Reference value :  1.74322e-06
 Reference value :  1.74353e-06
 Reference value :  1.74420e-06
 Reference value :  1.74515e-06
 Reference value :  1.74570e-06
 Reference value :  1.74628e-06
 Reference value :  1.74827e-06
 Reference value :  1.75327e-06
 Reference value :  1.75927e-06
 Reference value :  1.76477e-06
 Reference value :  1.77177e-06
 Reference value :  1.77827e-06
 Reference value :  1.78284e-06
 Reference value :  1.78291e-06
 Reference value :  1.78300e-06
 Reference value :  1.78311e-06
 Reference value :  1.78333e-06
 Reference value :  1.78361e-06
 Reference value :  1.78371e-06
 Reference value :  1.78386e-06
 Reference value :  1.78398e-06
 Reference value :  1.78410e-06
 Reference value :  1.78431e-06
 Reference value :  1.78443e-06
 Reference value :  1.78454e-06
 Reference value :  1.78469e-06
 Reference value :  1.78497e-06
 Reference value :  1.78523e-06
 Reference value :  1.78566e-06
 Reference value :  1.78738e-06
 Reference value :  1.79261e-06
 Reference value :  1.79761e-06
 Reference value :  1.80311e-06
 Reference value :  1.80811e-06
 Reference value :  1.81311e-06
 Reference value :  1.81911e-06
 Reference value :  1.82405e-06
 Reference value :  1.82457e-06
 Reference value :  1.82466e-06
 Reference value :  1.82480e-06
 Reference value :  1.82507e-06
 Reference value :  1.82538e-06
 Reference value :  1.82551e-06
 Reference value :  1.82561e-06
 Reference value :  1.82571e-06
 Reference value :  1.82594e-06
 Reference value :  1.82620e-06
 Reference value :  1.82645e-06
 Reference value :  1.82678e-06
 Reference value :  1.82735e-06
 Reference value :  1.82835e-06
 Reference value :  1.82879e-06
 Reference value :  1.82930e-06
 Reference value :  1.83049e-06
 Reference value :  1.83620e-06
 Reference value :  1.84270e-06
 Reference value :  1.84820e-06
 Reference value :  1.85420e-06
 Reference value :  1.85920e-06
 Reference value :  1.86014e-06
 Reference value :  1.86151e-06
 Reference value :  1.86175e-06
 Reference value :  1.86201e-06
 Reference value :  1.86232e-06
 Reference value :  1.86285e-06
 Reference value :  1.86617e-06
 Reference value :  1.86622e-06
 Reference value :  1.86633e-06
 Reference value :  1.86646e-06
 Reference value :  1.86681e-06
 Reference value :  1.86690e-06
 Reference value :  1.86710e-06
 Reference value :  1.86722e-06
 Reference value :  1.86734e-06
 Reference value :  1.86743e-06
 Reference value :  1.86765e-06
 Reference value :  1.86778e-06
 Reference value :  1.86796e-06
 Reference value :  1.86812e-06
 Reference value :  1.86828e-06
 Reference value :  1.86840e-06
 Reference value :  1.86868e-06
 Reference value :  1.86898e-06
 Reference value :  1.86943e-06
 Reference value :  1.87104e-06
 Reference value :  1.87654e-06
 Reference value :  1.88204e-06
 Reference value :  1.88704e-06
 Reference value :  1.89204e-06
 Reference value :  1.89854e-06
 Reference value :  1.90354e-06
 Reference value :  1.90784e-06
 Reference value :  1.90792e-06
 Reference value :  1.90802e-06
 Reference value :  1.90814e-06
 Reference value :  1.90856e-06
 Reference value :  1.90876e-06
 Reference value :  1.90885e-06
 Reference value :  1.90892e-06
 Reference value :  1.90902e-06
 Reference value :  1.90916e-06
 Reference value :  1.90939e-06
 Reference value :  1.90965e-06
 Reference value :  1.90994e-06
 Reference value :  1.91026e-06
 Reference value :  1.91087e-06
 Reference value :  1.91190e-06
 Reference value :  1.91233e-06
 Reference value :  1.91293e-06
 Reference value :  1.91424e-06
 Reference value :  1.91940e-06
 Reference value :  1.92440e-06
 Reference value :  1.92940e-06
 Reference value :  1.93540e-06
 Reference value :  1.94040e-06
 Reference value :  1.94540e-06
 Reference value :  1.94783e-06
 Reference value :  1.94923e-06
 Reference value :  1.94950e-06
 Reference value :  1.94956e-06
 Reference value :  1.94965e-06
 Reference value :  1.94974e-06
 Reference value :  1.95000e-06
 Reference value :  1.95016e-06
 Reference value :  1.95030e-06
 Reference value :  1.95044e-06
 Reference value :  1.95052e-06
 Reference value :  1.95062e-06
 Reference value :  1.95071e-06
 Reference value :  1.95088e-06
 Reference value :  1.95103e-06
 Reference value :  1.95115e-06
 Reference value :  1.95126e-06
 Reference value :  1.95144e-06
 Reference value :  1.95159e-06
 Reference value :  1.95170e-06
 Reference value :  1.95199e-06
 Reference value :  1.95225e-06
 Reference value :  1.95272e-06
 Reference value :  1.95539e-06
 Reference value :  1.96039e-06
 Reference value :  1.96539e-06
 Reference value :  1.97139e-06
 Reference value :  1.97689e-06
 Reference value :  1.98189e-06
 Reference value :  1.98689e-06
 Reference value :  1.99119e-06
 Reference value :  1.99127e-06
 Reference value :  1.99136e-06
 Reference value :  1.99161e-06
 Reference value :  1.99202e-06
 Reference value :  1.99212e-06
 Reference value :  1.99221e-06
 Reference value :  1.99229e-06
 Reference value :  1.99244e-06
 Reference value :  1.99263e-06
 Reference value :  1.99288e-06
 Reference value :  1.99314e-06
 Reference value :  1.99341e-06
 Reference value :  1.99396e-06
 Reference value :  1.99501e-06
 Reference value :  1.99565e-06
 Reference value :  1.99625e-06
 Reference value :  1.99761e-06
 Reference value :  2.00280e-06
 Reference value :  2.00980e-06
 Reference value :  2.01630e-06
 Reference value :  2.02380e-06
 Reference value :  2.03130e-06
 Reference value :  2.03289e-06
 Reference value :  2.03301e-06
 Reference value :  2.03317e-06
 Reference value :  2.03360e-06
 Reference value :  2.03370e-06
 Reference value :  2.03383e-06
 Reference value :  2.03387e-06
 Reference value :  2.03394e-06
 Reference value :  2.03401e-06
 Reference value :  2.03414e-06
 Reference value :  2.03430e-06
 Reference value :  2.03442e-06
 Reference value :  2.03451e-06
 Reference value :  2.03480e-06
 Reference value :  2.03498e-06
 Reference value :  2.03528e-06
 Reference value :  2.03571e-06
 Reference value :  2.03779e-06
 Reference value :  2.04279e-06
 Reference value :  2.04829e-06
 Reference value :  2.05429e-06
 Reference value :  2.05929e-06
 Reference value :  2.06429e-06
 Reference value :  2.07029e-06
 Reference value :  2.07451e-06
 Reference value :  2.07459e-06
 Reference value :  2.07469e-06
 Reference value :  2.07489e-06
 Reference value :  2.07534e-06
 Reference value :  2.07546e-06
 Reference value :  2.07556e-06
 Reference value :  2.07563e-06
 Reference value :  2.07580e-06
 Reference value :  2.07611e-06
 Reference value :  2.07633e-06
 Reference value :  2.07659e-06
 Reference value :  2.07686e-06
 Reference value :  2.07813e-06
 Reference value :  2.07865e-06
 Reference value :  2.07907e-06
 Reference value :  2.07963e-06
 Reference value :  2.08197e-06
 Reference value :  2.08733e-06
 Reference value :  2.09233e-06
 Reference value :  2.09833e-06
 Reference value :  2.10333e-06
 Reference value :  2.10933e-06
 Reference value :  2.11433e-06
 Reference value :  2.11621e-06
 Reference value :  2.11633e-06
 Reference value :  2.11645e-06
 Reference value :  2.11685e-06
 Reference value :  2.11698e-06
 Reference value :  2.11712e-06
 Reference value :  2.11718e-06
 Reference value :  2.11725e-06
 Reference value :  2.11733e-06
 Reference value :  2.11742e-06
 Reference value :  2.11759e-06
 Reference value :  2.11770e-06
 Reference value :  2.11778e-06
 Reference value :  2.11795e-06
 Reference value :  2.11808e-06
 Reference value :  2.11816e-06
 Reference value :  2.11824e-06
 Reference value :  2.11834e-06
 Reference value :  2.11847e-06
 Reference value :  2.11858e-06
 Reference value :  2.11869e-06
 Reference value :  2.11882e-06
 Reference value :  2.11894e-06
 Reference value :  2.11913e-06
 Reference value :  2.11937e-06
 Reference value :  2.11976e-06
 Reference value :  2.12080e-06
 Reference value :  2.12538e-06
 Reference value :  2.13038e-06
 Reference value :  2.13538e-06
 Reference value :  2.14038e-06
 Reference value :  2.14488e-06
 Reference value :  2.14988e-06
 Reference value :  2.15488e-06
 Reference value :  2.15787e-06
 Reference value :  2.15794e-06
 Reference value :  2.15803e-06
 Reference value :  2.15813e-06
 Reference value :  2.15836e-06
 Reference value :  2.15875e-06
 Reference value :  2.15889e-06
 Reference value :  2.15896e-06
 Reference value :  2.15906e-06
 Reference value :  2.15917e-06
 Reference value :  2.15935e-06
 Reference value :  2.15963e-06
 Reference value :  2.15980e-06
 Reference value :  2.15999e-06
 Reference value :  2.16013e-06
 Reference value :  2.16034e-06
 Reference value :  2.16063e-06
 Reference value :  2.16088e-06
 Reference value :  2.16105e-06
 Reference value :  2.16127e-06
 Reference value :  2.16157e-06
 Reference value :  2.16187e-06
 Reference value :  2.16256e-06
 Reference value :  2.16520e-06
 Reference value :  2.17020e-06
 Reference value :  2.17520e-06
 Reference value :  2.18020e-06
 Reference value :  2.18520e-06
 Reference value :  2.19020e-06
 Reference value :  2.19570e-06
 Reference value :  2.19951e-06
 Reference value :  2.19959e-06
 Reference value :  2.19967e-06
 Reference value :  2.19979e-06
 Reference value :  2.20020e-06
 Reference value :  2.20031e-06
 Reference value :  2.20050e-06
 Reference value :  2.20063e-06
 Reference value :  2.20073e-06
 Reference value :  2.20090e-06
 Reference value :  2.20101e-06
 Reference value :  2.20112e-06
 Reference value :  2.20126e-06
 Reference value :  2.20140e-06
 Reference value :  2.20156e-06
 Reference value :  2.20173e-06
 Reference value :  2.20202e-06
 Reference value :  2.20244e-06
 Reference value :  2.20312e-06
 Reference value :  2.20623e-06
 Reference value :  2.21223e-06
 Reference value :  2.21773e-06
 Reference value :  2.22273e-06
 Reference value :  2.22823e-06
 Reference value :  2.23373e-06
 Reference value :  2.23873e-06
 Reference value :  2.24120e-06
 Reference value :  2.24129e-06
 Reference value :  2.24138e-06
 Reference value :  2.24154e-06
 Reference value :  2.24186e-06
 Reference value :  2.24206e-06
 Reference value :  2.24218e-06
 Reference value :  2.24226e-06
 Reference value :  2.24234e-06
 Reference value :  2.24244e-06
 Reference value :  2.24259e-06
 Reference value :  2.24288e-06
 Reference value :  2.24310e-06
 Reference value :  2.24329e-06
 Reference value :  2.24346e-06
 Reference value :  2.24400e-06
 Reference value :  2.24424e-06
 Reference value :  2.24448e-06
 Reference value :  2.24479e-06
 Reference value :  2.24543e-06
 Reference value :  2.24744e-06
 Reference value :  2.25244e-06
 Reference value :  2.25744e-06
 Reference value :  2.26244e-06
 Reference value :  2.26794e-06
 Reference value :  2.27294e-06
 Reference value :  2.27844e-06
 Reference value :  2.28283e-06
 Reference value :  2.28290e-06
 Reference value :  2.28300e-06
 Reference value :  2.28311e-06
 Reference value :  2.28340e-06
 Reference value :  2.28360e-06
 Reference value :  2.28380e-06
 Reference value :  2.28386e-06
 Reference value :  2.28397e-06
 Reference value :  2.28411e-06
 Reference value :  2.28423e-06
 Reference value :  2.28429e-06
 Reference value :  2.28443e-06
 Reference value :  2.28452e-06
 Reference value :  2.28463e-06
 Reference value :  2.28476e-06
 Reference value :  2.28487e-06
 Reference value :  2.28502e-06
 Reference value :  2.28514e-06
 Reference value :  2.28545e-06
 Reference value :  2.28566e-06
 Reference value :  2.28606e-06
 Reference value :  2.28696e-06
 Reference value :  2.29171e-06
 Reference value :  2.29671e-06
 Reference value :  2.30171e-06
 Reference value :  2.30671e-06
 Reference value :  2.31171e-06
 Reference value :  2.31671e-06
 Reference value :  2.32221e-06
 Reference value :  2.32453e-06
 Reference value :  2.32463e-06
 Reference value :  2.32476e-06
 Reference value :  2.32517e-06
 Reference value :  2.32545e-06
 Reference value :  2.32553e-06
 Reference value :  2.32562e-06
 Reference value :  2.32571e-06
 Reference value :  2.32582e-06
 Reference value :  2.32607e-06
 Reference value :  2.32632e-06
 Reference value :  2.32655e-06
 Reference value :  2.32680e-06
 Reference value :  2.32759e-06
 Reference value :  2.32815e-06
 Reference value :  2.32850e-06
 Reference value :  2.32913e-06
 Reference value :  2.33164e-06
 Reference value :  2.33446e-06
 Reference value :  2.33608e-06
 Reference value :  2.33816e-06
 Reference value :  2.34232e-06
 Reference value :  2.34732e-06
 Reference value :  2.35282e-06
 Reference value :  2.35782e-06
 Reference value :  2.36282e-06
 Reference value :  2.36619e-06
 Reference value :  2.36626e-06
 Reference value :  2.36634e-06
 Reference value :  2.36646e-06
 Reference value :  2.36669e-06
 Reference value :  2.36682e-06
 Reference value :  2.36693e-06
 Reference value :  2.36711e-06
 Reference value :  2.36723e-06
 Reference value :  2.36730e-06
 Reference value :  2.36739e-06
 Reference value :  2.36757e-06
 Reference value :  2.36768e-06
 Reference value :  2.36781e-06
 Reference value :  2.36792e-06
 Reference value :  2.36804e-06
 Reference value :  2.36821e-06
 Reference value :  2.36845e-06
 Reference value :  2.36872e-06
 Reference value :  2.36905e-06
 Reference value :  2.36995e-06
 Reference value :  2.37456e-06
 Reference value :  2.37956e-06
 Reference value :  2.38556e-06
 Reference value :  2.39056e-06
 Reference value :  2.39606e-06
 Reference value :  2.40206e-06
 Reference value :  2.40745e-06
 Reference value :  2.40789e-06
 Reference value :  2.40798e-06
 Reference value :  2.40807e-06
 Reference value :  2.40828e-06
 Reference value :  2.40868e-06
 Reference value :  2.40879e-06
 Reference value :  2.40889e-06
 Reference value :  2.40900e-06
 Reference value :  2.40914e-06
 Reference value :  2.40932e-06
 Reference value :  2.40954e-06
 Reference value :  2.40976e-06
 Reference value :  2.40999e-06
 Reference value :  2.41042e-06
 Reference value :  2.41110e-06
 Reference value :  2.41141e-06
 Reference value :  2.41204e-06
 Reference value :  2.41573e-06
 Reference value :  2.41679e-06
 Reference value :  2.41752e-06
 Reference value :  2.41786e-06
 Reference value :  2.41803e-06
 Reference value :  2.41825e-06
 Reference value :  2.41847e-06
 Reference value :  2.41885e-06
 Reference value :  2.41980e-06
 Reference value :  2.42426e-06
 Reference value :  2.42976e-06
 Reference value :  2.43526e-06
 Reference value :  2.44076e-06
 Reference value :  2.44626e-06
 Reference value :  2.44952e-06
 Reference value :  2.44960e-06
 Reference value :  2.44967e-06
 Reference value :  2.44979e-06
 Reference value :  2.45021e-06
 Reference value :  2.45034e-06
 Reference value :  2.45049e-06
 Reference value :  2.45062e-06
 Reference value :  2.45077e-06
 Reference value :  2.45094e-06
 Reference value :  2.45109e-06
 Reference value :  2.45120e-06
 Reference value :  2.45131e-06
 Reference value :  2.45147e-06
 Reference value :  2.45157e-06
 Reference value :  2.45169e-06
 Reference value :  2.45190e-06
 Reference value :  2.45221e-06
 Reference value :  2.45257e-06
 Reference value :  2.45365e-06
 Reference value :  2.45845e-06
 Reference value :  2.46395e-06
 Reference value :  2.46895e-06
 Reference value :  2.47445e-06
 Reference value :  2.48045e-06
 Reference value :  2.48595e-06
 Reference value :  2.49081e-06
 Reference value :  2.49123e-06
 Reference value :  2.49131e-06
 Reference value :  2.49142e-06
 Reference value :  2.49172e-06
 Reference value :  2.49211e-06
 Reference value :  2.49224e-06
 Reference value :  2.49237e-06
 Reference value :  2.49260e-06
 Reference value :  2.49293e-06
 Reference value :  2.49325e-06
 Reference value :  2.49398e-06
 Reference value :  2.49484e-06
 Reference value :  2.49523e-06
 Reference value :  2.49584e-06
 Reference value :  2.49934e-06
 Reference value :  2.50146e-06
 Reference value :  2.50299e-06
 Reference value :  2.50510e-06
 Reference value :  2.51061e-06
 Reference value :  2.51761e-06
 Reference value :  2.52261e-06
 Reference value :  2.52811e-06
 Reference value :  2.53284e-06
 Reference value :  2.53292e-06
 Reference value :  2.53300e-06
 Reference value :  2.53309e-06
 Reference value :  2.53343e-06
 Reference value :  2.53359e-06
 Reference value :  2.53366e-06
 Reference value :  2.53383e-06
 Reference value :  2.53391e-06
 Reference value :  2.53399e-06
 Reference value :  2.53413e-06
 Reference value :  2.53429e-06
 Reference value :  2.53436e-06
 Reference value :  2.53452e-06
 Reference value :  2.53462e-06
 Reference value :  2.53476e-06
 Reference value :  2.53499e-06
 Reference value :  2.53519e-06
 Reference value :  2.53546e-06
 Reference value :  2.53589e-06
 Reference value :  2.53765e-06
 Reference value :  2.54257e-06
 Reference value :  2.54807e-06
 Reference value :  2.55307e-06
 Reference value :  2.55807e-06
 Reference value :  2.56407e-06
 Reference value :  2.57057e-06
 Reference value :  2.57454e-06
 Reference value :  2.57463e-06
 Reference value :  2.57474e-06
 Reference value :  2.57500e-06
 Reference value :  2.57531e-06
 Reference value :  2.57543e-06
 Reference value :  2.57553e-06
 Reference value :  2.57560e-06
 Reference value :  2.57570e-06
 Reference value :  2.57582e-06
 Reference value :  2.57605e-06
 Reference value :  2.57626e-06
 Reference value :  2.57646e-06
 Reference value :  2.57678e-06
 Reference value :  2.57743e-06
 Reference value :  2.57799e-06
 Reference value :  2.57841e-06
 Reference value :  2.57894e-06
 Reference value :  2.58082e-06
 Reference value :  2.58420e-06
 Reference value :  2.58593e-06
 Reference value :  2.58869e-06
 Reference value :  2.59384e-06
 Reference value :  2.59934e-06
 Reference value :  2.60434e-06
 Reference value :  2.60984e-06
 Reference value :  2.61484e-06
 Reference value :  2.61621e-06
 Reference value :  2.61629e-06
 Reference value :  2.61638e-06
 Reference value :  2.61654e-06
 Reference value :  2.61685e-06
 Reference value :  2.61696e-06
 Reference value :  2.61714e-06
 Reference value :  2.61721e-06
 Reference value :  2.61733e-06
 Reference value :  2.61746e-06
 Reference value :  2.61760e-06
 Reference value :  2.61768e-06
 Reference value :  2.61785e-06
 Reference value :  2.61795e-06
 Reference value :  2.61808e-06
 Reference value :  2.61827e-06
 Reference value :  2.61851e-06
 Reference value :  2.61882e-06
 Reference value :  2.61956e-06
 Reference value :  2.62358e-06
 Reference value :  2.62858e-06
 Reference value :  2.63358e-06
 Reference value :  2.63908e-06
 Reference value :  2.64458e-06
 Reference value :  2.65008e-06
 Reference value :  2.65558e-06
 Reference value :  2.65786e-06
 Reference value :  2.65795e-06
 Reference value :  2.65803e-06
 Reference value :  2.65824e-06
 Reference value :  2.65856e-06
 Reference value :  2.65877e-06
 Reference value :  2.65888e-06
 Reference value :  2.65900e-06
 Reference value :  2.65912e-06
 Reference value :  2.65930e-06
 Reference value :  2.65954e-06
 Reference value :  2.65979e-06
 Reference value :  2.66010e-06
 Reference value :  2.66077e-06
 Reference value :  2.66140e-06
 Reference value :  2.66180e-06
 Reference value :  2.66281e-06
 Reference value :  2.66670e-06
 Reference value :  2.66773e-06
 Reference value :  2.66962e-06
 Reference value :  2.67284e-06
 Reference value :  2.67884e-06
 Reference value :  2.68434e-06
 Reference value :  2.68934e-06
 Reference value :  2.69434e-06
 Reference value :  2.69917e-06
 Reference value :  2.69955e-06
 Reference value :  2.69963e-06
 Reference value :  2.69971e-06
 Reference value :  2.69986e-06
 Reference value :  2.70022e-06
 Reference value :  2.70035e-06
 Reference value :  2.70051e-06
 Reference value :  2.70061e-06
 Reference value :  2.70070e-06
 Reference value :  2.70087e-06
 Reference value :  2.70097e-06
 Reference value :  2.70110e-06
 Reference value :  2.70122e-06
 Reference value :  2.70136e-06
 Reference value :  2.70154e-06
 Reference value :  2.70179e-06
 Reference value :  2.70202e-06
 Reference value :  2.70236e-06
 Reference value :  2.70452e-06
 Reference value :  2.71002e-06
 Reference value :  2.71552e-06
 Reference value :  2.72052e-06
 Reference value :  2.72552e-06
 Reference value :  2.73102e-06
 Reference value :  2.73602e-06
 Reference value :  2.74084e-06
 Reference value :  2.74125e-06
 Reference value :  2.74135e-06
 Reference value :  2.74150e-06
 Reference value :  2.74190e-06
 Reference value :  2.74205e-06
 Reference value :  2.74217e-06
 Reference value :  2.74226e-06
 Reference value :  2.74238e-06
 Reference value :  2.74262e-06
 Reference value :  2.74291e-06
 Reference value :  2.74316e-06
 Reference value :  2.74353e-06
 Reference value :  2.74436e-06
 Reference value :  2.74481e-06
 Reference value :  2.74541e-06
 Reference value :  2.74873e-06
 Reference value :  2.75038e-06
 Reference value :  2.75150e-06
 Reference value :  2.75253e-06
 Reference value :  2.75639e-06
 Reference value :  2.76189e-06
 Reference value :  2.76689e-06
 Reference value :  2.77189e-06
 Reference value :  2.77739e-06
 Reference value :  2.78284e-06
 Reference value :  2.78294e-06
 Reference value :  2.78304e-06
 Reference value :  2.78322e-06
 Reference value :  2.78357e-06
 Reference value :  2.78371e-06
 Reference value :  2.78383e-06
 Reference value :  2.78391e-06
 Reference value :  2.78400e-06
 Reference value :  2.78409e-06
 Reference value :  2.78424e-06
 Reference value :  2.78431e-06
 Reference value :  2.78442e-06
 Reference value :  2.78454e-06
 Reference value :  2.78466e-06
 Reference value :  2.78485e-06
 Reference value :  2.78512e-06
 Reference value :  2.78546e-06
 Reference value :  2.78616e-06
 Reference value :  2.79073e-06
 Reference value :  2.79623e-06
 Reference value :  2.80123e-06
 Reference value :  2.80623e-06
 Reference value :  2.81173e-06
 Reference value :  2.81673e-06
 Reference value :  2.82173e-06
 Reference value :  2.82452e-06
 Reference value :  2.82460e-06
 Reference value :  2.82467e-06
 Reference value :  2.82479e-06
 Reference value :  2.82504e-06
 Reference value :  2.82535e-06
 Reference value :  2.82550e-06
 Reference value :  2.82560e-06
 Reference value :  2.82571e-06
 Reference value :  2.82582e-06
 Reference value :  2.82606e-06
 Reference value :  2.82630e-06
 Reference value :  2.82656e-06
 Reference value :  2.82698e-06
 Reference value :  2.82780e-06
 Reference value :  2.82819e-06
 Reference value :  2.82880e-06
 Reference value :  2.83256e-06
 Reference value :  2.83406e-06
 Reference value :  2.83506e-06
 Reference value :  2.83622e-06
 Reference value :  2.84001e-06
 Reference value :  2.84551e-06
 Reference value :  2.85051e-06
 Reference value :  2.85551e-06
 Reference value :  2.86101e-06
 Reference value :  2.86584e-06
 Reference value :  2.86621e-06
 Reference value :  2.86629e-06
 Reference value :  2.86636e-06
 Reference value :  2.86650e-06
 Reference value :  2.86689e-06
 Reference value :  2.86703e-06
 Reference value :  2.86717e-06
 Reference value :  2.86725e-06
 Reference value :  2.86734e-06
 Reference value :  2.86749e-06
 Reference value :  2.86763e-06
 Reference value :  2.86776e-06
 Reference value :  2.86789e-06
 Reference value :  2.86807e-06
 Reference value :  2.86835e-06
 Reference value :  2.86872e-06
 Reference value :  2.86979e-06
 Reference value :  2.87336e-06
 Reference value :  2.87836e-06
 Reference value :  2.88336e-06
 Reference value :  2.88886e-06
 Reference value :  2.89436e-06
 Reference value :  2.89986e-06
 Reference value :  2.90486e-06
 Reference value :  2.90787e-06
 Reference value :  2.90795e-06
 Reference value :  2.90804e-06
 Reference value :  2.90820e-06
 Reference value :  2.90863e-06
 Reference value :  2.90876e-06
 Reference value :  2.90888e-06
 Reference value :  2.90901e-06
 Reference value :  2.90915e-06
 Reference value :  2.90939e-06
 Reference value :  2.90964e-06
 Reference value :  2.90989e-06
 Reference value :  2.91020e-06
 Reference value :  2.91079e-06
 Reference value :  2.91138e-06
 Reference value :  2.91172e-06
 Reference value :  2.91301e-06
 Reference value :  2.91638e-06
 Reference value :  2.91784e-06
 Reference value :  2.92006e-06
 Reference value :  2.92473e-06
 Reference value :  2.93031e-06
 Reference value :  2.93500e-06
 Reference value :  2.94050e-06
 Reference value :  2.94600e-06
 Reference value :  2.94951e-06
 Reference value :  2.94958e-06
 Reference value :  2.94967e-06
 Reference value :  2.94981e-06
 Reference value :  2.95004e-06
 Reference value :  2.95018e-06
 Reference value :  2.95031e-06
 Reference value :  2.95048e-06
 Reference value :  2.95059e-06
 Reference value :  2.95070e-06
 Reference value :  2.95091e-06
 Reference value :  2.95103e-06
 Reference value :  2.95121e-06
 Reference value :  2.95138e-06
 Reference value :  2.95174e-06
 Reference value :  2.95220e-06
 Reference value :  2.95307e-06
 Reference value :  2.95651e-06
 Reference value :  2.96151e-06
 Reference value :  2.96651e-06
 Reference value :  2.97151e-06
 Reference value :  2.97651e-06
 Reference value :  2.98301e-06
 Reference value :  2.98801e-06
 Reference value :  2.99118e-06
 Reference value :  2.99125e-06
 Reference value :  2.99133e-06
 Reference value :  2.99145e-06
 Reference value :  2.99171e-06
 Reference value :  2.99202e-06
 Reference value :  2.99213e-06
 Reference value :  2.99223e-06
 Reference value :  2.99232e-06
 Reference value :  2.99243e-06
 Reference value :  2.99263e-06
 Reference value :  2.99288e-06
 Reference value :  2.99309e-06
 Reference value :  2.99338e-06
 Reference value :  2.99395e-06
 Reference value :  2.99468e-06
 Reference value :  2.99521e-06
 Reference value :  2.99784e-06
 Reference value :  3.00084e-06
 Reference value :  3.00226e-06
 Reference value :  3.00345e-06
 Reference value :  3.00583e-06
 Reference value :  3.00972e-06
 Reference value :  3.01490e-06
 Reference value :  3.02040e-06
 Reference value :  3.02540e-06
 Reference value :  3.03040e-06
 Reference value :  3.03287e-06
 Reference value :  3.03296e-06
 Reference value :  3.03305e-06
 Reference value :  3.03322e-06
 Reference value :  3.03350e-06
 Reference value :  3.03362e-06
 Reference value :  3.03376e-06
 Reference value :  3.03384e-06
 Reference value :  3.03396e-06
 Reference value :  3.03403e-06
 Reference value :  3.03416e-06
 Reference value :  3.03433e-06
 Reference value :  3.03447e-06
 Reference value :  3.03457e-06
 Reference value :  3.03469e-06
 Reference value :  3.03486e-06
 Reference value :  3.03525e-06
 Reference value :  3.03572e-06
 Reference value :  3.03714e-06
 Reference value :  3.04154e-06
 Reference value :  3.04654e-06
 Reference value :  3.05154e-06
 Reference value :  3.05654e-06
 Reference value :  3.06204e-06
 Reference value :  3.06704e-06
 Reference value :  3.07204e-06
 Reference value :  3.07454e-06
 Reference value :  3.07462e-06
 Reference value :  3.07471e-06
 Reference value :  3.07490e-06
 Reference value :  3.07530e-06
 Reference value :  3.07542e-06
 Reference value :  3.07552e-06
 Reference value :  3.07560e-06
 Reference value :  3.07576e-06
 Reference value :  3.07597e-06
 Reference value :  3.07623e-06
 Reference value :  3.07646e-06
 Reference value :  3.07680e-06
 Reference value :  3.07729e-06
 Reference value :  3.07794e-06
 Reference value :  3.07833e-06
 Reference value :  3.07980e-06
 Reference value :  3.08298e-06
 Reference value :  3.08411e-06
 Reference value :  3.08523e-06
 Reference value :  3.08747e-06
 Reference value :  3.09234e-06
 Reference value :  3.09772e-06
 Reference value :  3.10422e-06
 Reference value :  3.10972e-06
 Reference value :  3.11472e-06
 Reference value :  3.11621e-06
 Reference value :  3.11629e-06
 Reference value :  3.11638e-06
 Reference value :  3.11655e-06
 Reference value :  3.11688e-06
 Reference value :  3.11699e-06
 Reference value :  3.11713e-06
 Reference value :  3.11720e-06
 Reference value :  3.11727e-06
 Reference value :  3.11735e-06
 Reference value :  3.11745e-06
 Reference value :  3.11764e-06
 Reference value :  3.11772e-06
 Reference value :  3.11787e-06
 Reference value :  3.11807e-06
 Reference value :  3.11820e-06
 Reference value :  3.11829e-06
 Reference value :  3.11840e-06
 Reference value :  3.11852e-06
 Reference value :  3.11863e-06
 Reference value :  3.11875e-06
 Reference value :  3.11887e-06
 Reference value :  3.11900e-06
 Reference value :  3.11917e-06
 Reference value :  3.11940e-06
 Reference value :  3.11974e-06
 Reference value :  3.12073e-06
 Reference value :  3.12429e-06
 Reference value :  3.12929e-06
 Reference value :  3.13429e-06
 Reference value :  3.13929e-06
 Reference value :  3.14529e-06
 Reference value :  3.15029e-06
 Reference value :  3.15529e-06
 Reference value :  3.15786e-06
 Reference value :  3.15793e-06
 Reference value :  3.15804e-06
 Reference value :  3.15817e-06
 Reference value :  3.15852e-06
 Reference value :  3.15882e-06
 Reference value :  3.15893e-06
 Reference value :  3.15904e-06
 Reference value :  3.15915e-06
 Reference value :  3.15934e-06
 Reference value :  3.15959e-06
 Reference value :  3.15991e-06
 Reference value :  3.16008e-06
 Reference value :  3.16026e-06
 Reference value :  3.16047e-06
 Reference value :  3.16080e-06
 Reference value :  3.16107e-06
 Reference value :  3.16127e-06
 Reference value :  3.16168e-06
 Reference value :  3.16256e-06
 Reference value :  3.16288e-06
 Reference value :  3.16324e-06
 Reference value :  3.16355e-06
 Reference value :  3.16397e-06
 Reference value :  3.16475e-06
 Reference value :  3.17001e-06
 Reference value :  3.17601e-06
 Reference value :  3.18151e-06
 Reference value :  3.18701e-06
 Reference value :  3.19201e-06
 Reference value :  3.19751e-06
 Reference value :  3.19955e-06
 Reference value :  3.19964e-06
 Reference value :  3.19975e-06
 Reference value :  3.20002e-06
 Reference value :  3.20027e-06
 Reference value :  3.20046e-06
 Reference value :  3.20052e-06
 Reference value :  3.20062e-06
 Reference value :  3.20071e-06
 Reference value :  3.20090e-06
 Reference value :  3.20102e-06
 Reference value :  3.20115e-06
 Reference value :  3.20129e-06
 Reference value :  3.20139e-06
 Reference value :  3.20157e-06
 Reference value :  3.20173e-06
 Reference value :  3.20199e-06
 Reference value :  3.20230e-06
 Reference value :  3.20288e-06
 Reference value :  3.20469e-06
 Reference value :  3.21013e-06
 Reference value :  3.21513e-06
 Reference value :  3.22013e-06
 Reference value :  3.22513e-06
 Reference value :  3.23013e-06
 Reference value :  3.23563e-06
 Reference value :  3.24090e-06
 Reference value :  3.24122e-06
 Reference value :  3.24132e-06
 Reference value :  3.24148e-06
 Reference value :  3.24191e-06
 Reference value :  3.24209e-06
 Reference value :  3.24222e-06
 Reference value :  3.24230e-06
 Reference value :  3.24240e-06
 Reference value :  3.24256e-06
 Reference value :  3.24286e-06
 Reference value :  3.24313e-06
 Reference value :  3.24341e-06
 Reference value :  3.24358e-06
 Reference value :  3.24397e-06
 Reference value :  3.24442e-06
 Reference value :  3.24467e-06
 Reference value :  3.24514e-06
 Reference value :  3.24680e-06
 Reference value :  3.24804e-06
 Reference value :  3.24841e-06
 Reference value :  3.24852e-06
 Reference value :  3.24871e-06
 Reference value :  3.24896e-06
 Reference value :  3.24931e-06
 Reference value :  3.25048e-06
 Reference value :  3.25509e-06
 Reference value :  3.26059e-06
 Reference value :  3.26609e-06
 Reference value :  3.27109e-06
 Reference value :  3.27659e-06
 Reference value :  3.28159e-06
 Reference value :  3.28287e-06
 Reference value :  3.28296e-06
 Reference value :  3.28304e-06
 Reference value :  3.28321e-06
 Reference value :  3.28354e-06
 Reference value :  3.28365e-06
 Reference value :  3.28385e-06
 Reference value :  3.28399e-06
 Reference value :  3.28426e-06
 Reference value :  3.28438e-06
 Reference value :  3.28450e-06
 Reference value :  3.28460e-06
 Reference value :  3.28473e-06
 Reference value :  3.28484e-06
 Reference value :  3.28494e-06
 Reference value :  3.28511e-06
 Reference value :  3.28542e-06
 Reference value :  3.28581e-06
 Reference value :  3.28777e-06
 Reference value :  3.29426e-06
 Reference value :  3.30176e-06
 Reference value :  3.31076e-06
 Reference value :  3.31876e-06
 Reference value :  3.32451e-06
 Reference value :  3.32463e-06
 Reference value :  3.32475e-06
 Reference value :  3.32506e-06
 Reference value :  3.32541e-06
 Reference value :  3.32556e-06
 Reference value :  3.32572e-06
 Reference value :  3.32598e-06
 Reference value :  3.32633e-06
 Reference value :  3.32663e-06
 Reference value :  3.32695e-06
 Reference value :  3.32733e-06
 Reference value :  3.32819e-06
 Reference value :  3.32883e-06
 Reference value :  3.32963e-06
 Reference value :  3.33448e-06
 Reference value :  3.34248e-06
 Reference value :  3.35048e-06
 Reference value :  3.35898e-06
 Reference value :  3.36582e-06
 Reference value :  3.36627e-06
 Reference value :  3.36642e-06
 Reference value :  3.36680e-06
 Reference value :  3.36696e-06
 Reference value :  3.36716e-06
 Reference value :  3.36726e-06
 Reference value :  3.36748e-06
 Reference value :  3.36767e-06
 Reference value :  3.36785e-06
 Reference value :  3.36803e-06
 Reference value :  3.36822e-06
 Reference value :  3.36868e-06
 Reference value :  3.36956e-06
 Reference value :  3.37617e-06
 Reference value :  3.38417e-06
 Reference value :  3.39167e-06
 Reference value :  3.39667e-06
 Reference value :  3.40217e-06
 Reference value :  3.40717e-06
 Reference value :  3.40790e-06
 Reference value :  3.40798e-06
 Reference value :  3.40823e-06
 Reference value :  3.40871e-06
 Reference value :  3.40887e-06
 Reference value :  3.40900e-06
 Reference value :  3.40930e-06
 Reference value :  3.40963e-06
 Reference value :  3.40997e-06
 Reference value :  3.41027e-06
 Reference value :  3.41059e-06
 Reference value :  3.41125e-06
 Reference value :  3.41212e-06
 Reference value :  3.41268e-06
 Reference value :  3.41399e-06
 Reference value :  3.42046e-06
 Reference value :  3.42846e-06
 Reference value :  3.43546e-06
 Reference value :  3.44296e-06
 Reference value :  3.44950e-06
 Reference value :  3.44958e-06
 Reference value :  3.44971e-06
 Reference value :  3.45010e-06
 Reference value :  3.45023e-06
 Reference value :  3.45042e-06
 Reference value :  3.45058e-06
 Reference value :  3.45070e-06
 Reference value :  3.45093e-06
 Reference value :  3.45114e-06
 Reference value :  3.45126e-06
 Reference value :  3.45146e-06
 Reference value :  3.45181e-06
 Reference value :  3.45220e-06
 Reference value :  3.45395e-06
 Reference value :  3.45901e-06
 Reference value :  3.46501e-06
 Reference value :  3.47301e-06
 Reference value :  3.48251e-06
 Reference value :  3.49117e-06
 Reference value :  3.49128e-06
 Reference value :  3.49156e-06
 Reference value :  3.49205e-06
 Reference value :  3.49223e-06
 Reference value :  3.49243e-06
 Reference value :  3.49264e-06
 Reference value :  3.49289e-06
 Reference value :  3.49323e-06
 Reference value :  3.49361e-06
 Reference value :  3.49395e-06
 Reference value :  3.49443e-06
 Reference value :  3.49517e-06
 Reference value :  3.49640e-06
 Reference value :  3.50126e-06
 Reference value :  3.50876e-06
 Reference value :  3.51426e-06
 Reference value :  3.52126e-06
 Reference value :  3.52976e-06
 Reference value :  3.53289e-06
 Reference value :  3.53304e-06
 Reference value :  3.53330e-06
 Reference value :  3.53360e-06
 Reference value :  3.53382e-06
 Reference value :  3.53397e-06
 Reference value :  3.53416e-06
 Reference value :  3.53431e-06
 Reference value :  3.53445e-06
 Reference value :  3.53469e-06
 Reference value :  3.53505e-06
 Reference value :  3.53548e-06
 Reference value :  3.53620e-06
 Reference value :  3.54412e-06
 Reference value :  3.55312e-06
 Reference value :  3.56212e-06
 Reference value :  3.57062e-06
 Reference value :  3.57456e-06
 Reference value :  3.57469e-06
 Reference value :  3.57518e-06
 Reference value :  3.57542e-06
 Reference value :  3.57559e-06
 Reference value :  3.57578e-06
 Reference value :  3.57607e-06
 Reference value :  3.57646e-06
 Reference value :  3.57681e-06
 Reference value :  3.57705e-06
 Reference value :  3.57768e-06
 Reference value :  3.57830e-06
 Reference value :  3.57902e-06
 Reference value :  3.58040e-06
 Reference value :  3.58823e-06
 Reference value :  3.59623e-06
 Reference value :  3.60323e-06
 Reference value :  3.61123e-06
 Reference value :  3.61621e-06
 Reference value :  3.61635e-06
 Reference value :  3.61655e-06
 Reference value :  3.61693e-06
 Reference value :  3.61713e-06
 Reference value :  3.61727e-06
 Reference value :  3.61744e-06
 Reference value :  3.61766e-06
 Reference value :  3.61786e-06
 Reference value :  3.61804e-06
 Reference value :  3.61850e-06
 Reference value :  3.61917e-06
 Reference value :  3.62353e-06
 Reference value :  3.63053e-06
 Reference value :  3.63803e-06
 Reference value :  3.64553e-06
 Reference value :  3.65303e-06
 Reference value :  3.65790e-06
 Reference value :  3.65815e-06
 Reference value :  3.65867e-06
 Reference value :  3.65882e-06
 Reference value :  3.65892e-06
 Reference value :  3.65907e-06
 Reference value :  3.65951e-06
 Reference value :  3.65986e-06
 Reference value :  3.66012e-06
 Reference value :  3.66075e-06
 Reference value :  3.66166e-06
 Reference value :  3.66233e-06
 Reference value :  3.66294e-06
 Reference value :  3.66605e-06
 Reference value :  3.67455e-06
 Reference value :  3.68355e-06
 Reference value :  3.69505e-06
 Reference value :  3.69953e-06
 Reference value :  3.69967e-06
 Reference value :  3.70011e-06
 Reference value :  3.70030e-06
 Reference value :  3.70046e-06
 Reference value :  3.70060e-06
 Reference value :  3.70075e-06
 Reference value :  3.70098e-06
 Reference value :  3.70121e-06
 Reference value :  3.70141e-06
 Reference value :  3.70192e-06
 Reference value :  3.70514e-06
 Reference value :  3.71414e-06
 Reference value :  3.72114e-06
 Reference value :  3.72664e-06
 Reference value :  3.73564e-06
 Reference value :  3.74120e-06
 Reference value :  3.74135e-06
 Reference value :  3.74161e-06
 Reference value :  3.74206e-06
 Reference value :  3.74224e-06
 Reference value :  3.74238e-06
 Reference value :  3.74260e-06
 Reference value :  3.74297e-06
 Reference value :  3.74323e-06
 Reference value :  3.74348e-06
 Reference value :  3.74410e-06
 Reference value :  3.74487e-06
 Reference value :  3.74578e-06
 Reference value :  3.75107e-06
 Reference value :  3.75807e-06
 Reference value :  3.76507e-06
 Reference value :  3.77307e-06
 Reference value :  3.78107e-06
 Reference value :  3.78292e-06
 Reference value :  3.78307e-06
 Reference value :  3.78357e-06
 Reference value :  3.78377e-06
 Reference value :  3.78395e-06
 Reference value :  3.78417e-06
 Reference value :  3.78432e-06
 Reference value :  3.78456e-06
 Reference value :  3.78470e-06
 Reference value :  3.78502e-06
 Reference value :  3.78550e-06
 Reference value :  3.78712e-06
 Reference value :  3.79455e-06
 Reference value :  3.80205e-06
 Reference value :  3.80755e-06
 Reference value :  3.81255e-06
 Reference value :  3.82155e-06
 Reference value :  3.82457e-06
 Reference value :  3.82471e-06
 Reference value :  3.82515e-06
 Reference value :  3.82541e-06
 Reference value :  3.82555e-06
 Reference value :  3.82571e-06
 Reference value :  3.82600e-06
 Reference value :  3.82633e-06
 Reference value :  3.82664e-06
 Reference value :  3.82685e-06
 Reference value :  3.82726e-06
 Reference value :  3.82784e-06
 Reference value :  3.82837e-06
 Reference value :  3.82904e-06
 Reference value :  3.82980e-06
 Reference value :  3.83207e-06
 Reference value :  3.83986e-06
 Reference value :  3.84736e-06
 Reference value :  3.85536e-06
 Reference value :  3.86286e-06
 Reference value :  3.86622e-06
 Reference value :  3.86630e-06
 Reference value :  3.86640e-06
 Reference value :  3.86687e-06
 Reference value :  3.86706e-06
 Reference value :  3.86722e-06
 Reference value :  3.86737e-06
 Reference value :  3.86758e-06
 Reference value :  3.86772e-06
 Reference value :  3.86795e-06
 Reference value :  3.86824e-06
 Reference value :  3.86872e-06
 Reference value :  3.86953e-06
 Reference value :  3.87418e-06
 Reference value :  3.88168e-06
 Reference value :  3.89068e-06
 Reference value :  3.89868e-06
 Reference value :  3.90668e-06
 Reference value :  3.90792e-06
 Reference value :  3.90803e-06
 Reference value :  3.90835e-06
 Reference value :  3.90880e-06
 Reference value :  3.90901e-06
 Reference value :  3.90918e-06
 Reference value :  3.90953e-06
 Reference value :  3.90979e-06
 Reference value :  3.91005e-06
 Reference value :  3.91036e-06
 Reference value :  3.91110e-06
 Reference value :  3.91176e-06
 Reference value :  3.91248e-06
 Reference value :  3.91305e-06
 Reference value :  3.91600e-06
 Reference value :  3.92550e-06
 Reference value :  3.93500e-06
 Reference value :  3.94500e-06
 Reference value :  3.94955e-06
 Reference value :  3.94965e-06
 Reference value :  3.94981e-06
 Reference value :  3.95019e-06
 Reference value :  3.95045e-06
 Reference value :  3.95062e-06
 Reference value :  3.95075e-06
 Reference value :  3.95101e-06
 Reference value :  3.95125e-06
 Reference value :  3.95147e-06
 Reference value :  3.95220e-06
 Reference value :  3.95371e-06
 Reference value :  3.96192e-06
 Reference value :  3.97092e-06
 Reference value :  3.97992e-06
 Reference value :  3.98892e-06
 Reference value :  3.99120e-06
 Reference value :  3.99133e-06
 Reference value :  3.99153e-06
 Reference value :  3.99201e-06
 Reference value :  3.99215e-06
 Reference value :  3.99232e-06
 Reference value :  3.99249e-06
 Reference value :  3.99276e-06
 Reference value :  3.99311e-06
 Reference value :  3.99343e-06
 Reference value :  3.99381e-06
 Reference value :  3.99441e-06
 Reference value :  3.99485e-06
 Reference value :  3.99577e-06
 Reference value :  3.99645e-06
 Reference value :  3.99815e-06
 Reference value :  4.00600e-06
 Reference value :  4.01550e-06
 Reference value :  4.02150e-06
 Reference value :  4.02650e-06
 Reference value :  4.03286e-06
 Reference value :  4.03302e-06
 Reference value :  4.03338e-06
 Reference value :  4.03377e-06
 Reference value :  4.03387e-06
 Reference value :  4.03402e-06
 Reference value :  4.03421e-06
 Reference value :  4.03443e-06
 Reference value :  4.03461e-06
 Reference value :  4.03478e-06
 Reference value :  4.03524e-06
 Reference value :  4.03610e-06
 Reference value :  4.04220e-06
 Reference value :  4.05020e-06
 Reference value :  4.05770e-06
 Reference value :  4.06320e-06
 Reference value :  4.07370e-06
 Reference value :  4.07466e-06
 Reference value :  4.07479e-06
 Reference value :  4.07521e-06
 Reference value :  4.07555e-06
 Reference value :  4.07563e-06
 Reference value :  4.07579e-06
 Reference value :  4.07607e-06
 Reference value :  4.07642e-06
 Reference value :  4.07677e-06
 Reference value :  4.07698e-06
 Reference value :  4.07750e-06
 Reference value :  4.07792e-06
 Reference value :  4.07871e-06
 Reference value :  4.07956e-06
 Reference value :  4.08019e-06
 Reference value :  4.08120e-06
 Reference value :  4.08914e-06
 Reference value :  4.09864e-06
 Reference value :  4.10714e-06
 Reference value :  4.11564e-06
 Reference value :  4.11622e-06
 Reference value :  4.11634e-06
 Reference value :  4.11668e-06
 Reference value :  4.11703e-06
 Reference value :  4.11726e-06
 Reference value :  4.11755e-06
 Reference value :  4.11770e-06
 Reference value :  4.11780e-06
 Reference value :  4.11805e-06
 Reference value :  4.11824e-06
 Reference value :  4.11844e-06
 Reference value :  4.11867e-06
 Reference value :  4.11882e-06
 Reference value :  4.11902e-06
 Reference value :  4.11951e-06
 Reference value :  4.12123e-06
 Reference value :  4.12811e-06
 Reference value :  4.13611e-06
 Reference value :  4.14261e-06
 Reference value :  4.14761e-06
 Reference value :  4.15511e-06
 Reference value :  4.15791e-06
 Reference value :  4.15808e-06
 Reference value :  4.15832e-06
 Reference value :  4.15884e-06
 Reference value :  4.15893e-06
 Reference value :  4.15906e-06
 Reference value :  4.15928e-06
 Reference value :  4.15965e-06
 Reference value :  4.15999e-06
 Reference value :  4.16041e-06
 Reference value :  4.16069e-06
 Reference value :  4.16093e-06
 Reference value :  4.16122e-06
 Reference value :  4.16163e-06
 Reference value :  4.16260e-06
 Reference value :  4.16961e-06
 Reference value :  4.17511e-06
 Reference value :  4.18311e-06
 Reference value :  4.19161e-06
 Reference value :  4.19951e-06
 Reference value :  4.19967e-06
 Reference value :  4.19981e-06
 Reference value :  4.20016e-06
 Reference value :  4.20049e-06
 Reference value :  4.20063e-06
 Reference value :  4.20079e-06
 Reference value :  4.20095e-06
 Reference value :  4.20108e-06
 Reference value :  4.20124e-06
 Reference value :  4.20146e-06
 Reference value :  4.20180e-06
 Reference value :  4.20236e-06
 Reference value :  4.20382e-06
 Reference value :  4.20693e-06
 Reference value :  4.21193e-06
 Reference value :  4.22293e-06
 Reference value :  4.23093e-06
 Reference value :  4.23843e-06
 Reference value :  4.24122e-06
 Reference value :  4.24133e-06
 Reference value :  4.24174e-06
 Reference value :  4.24206e-06
 Reference value :  4.24225e-06
 Reference value :  4.24247e-06
 Reference value :  4.24275e-06
 Reference value :  4.24303e-06
 Reference value :  4.24339e-06
 Reference value :  4.24380e-06
 Reference value :  4.24430e-06
 Reference value :  4.24486e-06
 Reference value :  4.24671e-06
 Reference value :  4.25536e-06
 Reference value :  4.26336e-06
 Reference value :  4.27186e-06
 Reference value :  4.27786e-06
 Reference value :  4.28287e-06
 Reference value :  4.28302e-06
 Reference value :  4.28334e-06
 Reference value :  4.28363e-06
 Reference value :  4.28387e-06
 Reference value :  4.28404e-06
 Reference value :  4.28419e-06
 Reference value :  4.28433e-06
 Reference value :  4.28455e-06
 Reference value :  4.28470e-06
 Reference value :  4.28484e-06
 Reference value :  4.28515e-06
 Reference value :  4.28552e-06
 Reference value :  4.28724e-06
 Reference value :  4.29537e-06
 Reference value :  4.30087e-06
 Reference value :  4.30887e-06
 Reference value :  4.31687e-06
 Reference value :  4.32418e-06
 Reference value :  4.32461e-06
 Reference value :  4.32475e-06
 Reference value :  4.32506e-06
 Reference value :  4.32546e-06
 Reference value :  4.32561e-06
 Reference value :  4.32581e-06
 Reference value :  4.32618e-06
 Reference value :  4.32637e-06
 Reference value :  4.32675e-06
 Reference value :  4.32779e-06
 Reference value :  4.32834e-06
 Reference value :  4.32909e-06
 Reference value :  4.33378e-06
 Reference value :  4.33474e-06
 Reference value :  4.33532e-06
 Reference value :  4.33618e-06
 Reference value :  4.34242e-06
 Reference value :  4.35042e-06
 Reference value :  4.35692e-06
 Reference value :  4.36617e-06
 Reference value :  4.36633e-06
 Reference value :  4.36649e-06
 Reference value :  4.36691e-06
 Reference value :  4.36713e-06
 Reference value :  4.36726e-06
 Reference value :  4.36740e-06
 Reference value :  4.36765e-06
 Reference value :  4.36786e-06
 Reference value :  4.36803e-06
 Reference value :  4.36821e-06
 Reference value :  4.36855e-06
 Reference value :  4.36914e-06
 Reference value :  4.37305e-06
 Reference value :  4.38155e-06
 Reference value :  4.39105e-06
 Reference value :  4.39905e-06
 Reference value :  4.40505e-06
 Reference value :  4.40789e-06
 Reference value :  4.40804e-06
 Reference value :  4.40844e-06
 Reference value :  4.40878e-06
 Reference value :  4.40892e-06
 Reference value :  4.40906e-06
 Reference value :  4.40954e-06
 Reference value :  4.41001e-06
 Reference value :  4.41088e-06
 Reference value :  4.41158e-06
 Reference value :  4.41604e-06
 Reference value :  4.41885e-06
 Reference value :  4.41941e-06
 Reference value :  4.42118e-06
 Reference value :  4.42918e-06
 Reference value :  4.43868e-06
 Reference value :  4.44718e-06
 Reference value :  4.44956e-06
 Reference value :  4.44976e-06
 Reference value :  4.45020e-06
 Reference value :  4.45046e-06
 Reference value :  4.45063e-06
 Reference value :  4.45075e-06
 Reference value :  4.45104e-06
 Reference value :  4.45126e-06
 Reference value :  4.45151e-06
 Reference value :  4.45181e-06
 Reference value :  4.45234e-06
 Reference value :  4.45590e-06
 Reference value :  4.46390e-06
 Reference value :  4.47290e-06
 Reference value :  4.47890e-06
 Reference value :  4.48440e-06
 Reference value :  4.48990e-06
 Reference value :  4.49123e-06
 Reference value :  4.49134e-06
 Reference value :  4.49154e-06
 Reference value :  4.49201e-06
 Reference value :  4.49220e-06
 Reference value :  4.49241e-06
 Reference value :  4.49258e-06
 Reference value :  4.49294e-06
 Reference value :  4.49330e-06
 Reference value :  4.49422e-06
 Reference value :  4.49504e-06
 Reference value :  4.49549e-06
 Reference value :  4.49747e-06
 Reference value :  4.50041e-06
 Reference value :  4.50076e-06
 Reference value :  4.50193e-06
 Reference value :  4.50233e-06
 Reference value :  4.50578e-06
 Reference value :  4.51478e-06
 Reference value :  4.52228e-06
 Reference value :  4.53028e-06
 Reference value :  4.53290e-06
 Reference value :  4.53304e-06
 Reference value :  4.53348e-06
 Reference value :  4.53369e-06
 Reference value :  4.53384e-06
 Reference value :  4.53396e-06
 Reference value :  4.53413e-06
 Reference value :  4.53432e-06
 Reference value :  4.53448e-06
 Reference value :  4.53462e-06
 Reference value :  4.53481e-06
 Reference value :  4.53515e-06
 Reference value :  4.53551e-06
 Reference value :  4.53706e-06
 Reference value :  4.54469e-06
 Reference value :  4.55319e-06
 Reference value :  4.56169e-06
 Reference value :  4.56919e-06
 Reference value :  4.57453e-06
 Reference value :  4.57462e-06
 Reference value :  4.57474e-06
 Reference value :  4.57496e-06
 Reference value :  4.57537e-06
 Reference value :  4.57553e-06
 Reference value :  4.57565e-06
 Reference value :  4.57588e-06
 Reference value :  4.57612e-06
 Reference value :  4.57651e-06
 Reference value :  4.57714e-06
 Reference value :  4.57813e-06
 Reference value :  4.57874e-06
 Reference value :  4.58188e-06
 Reference value :  4.58387e-06
 Reference value :  4.58530e-06
 Reference value :  4.58624e-06
 Reference value :  4.58640e-06
 Reference value :  4.58672e-06
 Reference value :  4.58737e-06
 Reference value :  4.59017e-06
 Reference value :  4.59567e-06
 Reference value :  4.60117e-06
 Reference value :  4.60667e-06
 Reference value :  4.61167e-06
 Reference value :  4.61617e-06
 Reference value :  4.61627e-06
 Reference value :  4.61635e-06
 Reference value :  4.61646e-06
 Reference value :  4.61671e-06
 Reference value :  4.61689e-06
 Reference value :  4.61703e-06
 Reference value :  4.61717e-06
 Reference value :  4.61724e-06
 Reference value :  4.61741e-06
 Reference value :  4.61758e-06
 Reference value :  4.61773e-06
 Reference value :  4.61786e-06
 Reference value :  4.61795e-06
 Reference value :  4.61804e-06
 Reference value :  4.61814e-06
 Reference value :  4.61827e-06
 Reference value :  4.61853e-06
 Reference value :  4.61894e-06
 Reference value :  4.61960e-06
 Reference value :  4.62286e-06
 Reference value :  4.62786e-06
 Reference value :  4.63286e-06
 Reference value :  4.63786e-06
 Reference value :  4.64336e-06
 Reference value :  4.64836e-06
 Reference value :  4.65386e-06
 Reference value :  4.65786e-06
 Reference value :  4.65795e-06
 Reference value :  4.65804e-06
 Reference value :  4.65820e-06
 Reference value :  4.65857e-06
 Reference value :  4.65876e-06
 Reference value :  4.65886e-06
 Reference value :  4.65894e-06
 Reference value :  4.65903e-06
 Reference value :  4.65925e-06
 Reference value :  4.65945e-06
 Reference value :  4.65967e-06
 Reference value :  4.65993e-06
 Reference value :  4.66033e-06
 Reference value :  4.66112e-06
 Reference value :  4.66155e-06
 Reference value :  4.66206e-06
 Reference value :  4.66318e-06
 Reference value :  4.66668e-06
 Reference value :  4.66781e-06
 Reference value :  4.66892e-06
 Reference value :  4.66909e-06
 Reference value :  4.66933e-06
 Reference value :  4.66971e-06
 Reference value :  4.67084e-06
 Reference value :  4.67540e-06
 Reference value :  4.68090e-06
 Reference value :  4.68640e-06
 Reference value :  4.69140e-06
 Reference value :  4.69640e-06
 Reference value :  4.69951e-06
 Reference value :  4.69959e-06
 Reference value :  4.69968e-06
 Reference value :  4.69978e-06
 Reference value :  4.70011e-06
 Reference value :  4.70029e-06
 Reference value :  4.70041e-06
 Reference value :  4.70050e-06
 Reference value :  4.70058e-06
 Reference value :  4.70068e-06
 Reference value :  4.70082e-06
 Reference value :  4.70094e-06
 Reference value :  4.70110e-06
 Reference value :  4.70119e-06
 Reference value :  4.70128e-06
 Reference value :  4.70137e-06
 Reference value :  4.70146e-06
 Reference value :  4.70158e-06
 Reference value :  4.70182e-06
 Reference value :  4.70216e-06
 Reference value :  4.70285e-06
 Reference value :  4.70721e-06
 Reference value :  4.71371e-06
 Reference value :  4.72021e-06
 Reference value :  4.72571e-06
 Reference value :  4.73121e-06
 Reference value :  4.73621e-06
 Reference value :  4.74117e-06
 Reference value :  4.74126e-06
 Reference value :  4.74134e-06
 Reference value :  4.74146e-06
 Reference value :  4.74171e-06
 Reference value :  4.74201e-06
 Reference value :  4.74212e-06
 Reference value :  4.74225e-06
 Reference value :  4.74235e-06
 Reference value :  4.74247e-06
 Reference value :  4.74264e-06
 Reference value :  4.74285e-06
 Reference value :  4.74310e-06
 Reference value :  4.74336e-06
 Reference value :  4.74380e-06
 Reference value :  4.74449e-06
 Reference value :  4.74484e-06
 Reference value :  4.74533e-06
 Reference value :  4.74931e-06
 Reference value :  4.75011e-06
 Reference value :  4.75120e-06
 Reference value :  4.75143e-06
 Reference value :  4.75172e-06
 Reference value :  4.75229e-06
 Reference value :  4.75435e-06
 Reference value :  4.75935e-06
 Reference value :  4.76485e-06
 Reference value :  4.76985e-06
 Reference value :  4.77485e-06
 Reference value :  4.78085e-06
 Reference value :  4.78288e-06
 Reference value :  4.78297e-06
 Reference value :  4.78306e-06
 Reference value :  4.78320e-06
 Reference value :  4.78355e-06
 Reference value :  4.78369e-06
 Reference value :  4.78383e-06
 Reference value :  4.78391e-06
 Reference value :  4.78403e-06
 Reference value :  4.78418e-06
 Reference value :  4.78427e-06
 Reference value :  4.78446e-06
 Reference value :  4.78455e-06
 Reference value :  4.78465e-06
 Reference value :  4.78475e-06
 Reference value :  4.78486e-06
 Reference value :  4.78508e-06
 Reference value :  4.78541e-06
 Reference value :  4.78607e-06
 Reference value :  4.79042e-06
 Reference value :  4.79692e-06
 Reference value :  4.80242e-06
 Reference value :  4.80742e-06
 Reference value :  4.81242e-06
 Reference value :  4.81742e-06
 Reference value :  4.82242e-06
 Reference value :  4.82452e-06
 Reference value :  4.82462e-06
 Reference value :  4.82470e-06
 Reference value :  4.82493e-06
 Reference value :  4.82534e-06
 Reference value :  4.82544e-06
 Reference value :  4.82554e-06
 Reference value :  4.82561e-06
 Reference value :  4.82572e-06
 Reference value :  4.82596e-06
 Reference value :  4.82625e-06
 Reference value :  4.82647e-06
 Reference value :  4.82669e-06
 Reference value :  4.82707e-06
 Reference value :  4.82780e-06
 Reference value :  4.82815e-06
 Reference value :  4.82851e-06
 Reference value :  4.83171e-06
 Reference value :  4.83352e-06
 Reference value :  4.83474e-06
 Reference value :  4.83514e-06
 Reference value :  4.83536e-06
 Reference value :  4.83566e-06
 Reference value :  4.83622e-06
 Reference value :  4.83914e-06
 Reference value :  4.84414e-06
 Reference value :  4.84964e-06
 Reference value :  4.85464e-06
 Reference value :  4.85964e-06
 Reference value :  4.86464e-06
 Reference value :  4.86620e-06
 Reference value :  4.86629e-06
 Reference value :  4.86636e-06
 Reference value :  4.86647e-06
 Reference value :  4.86688e-06
 Reference value :  4.86702e-06
 Reference value :  4.86716e-06
 Reference value :  4.86726e-06
 Reference value :  4.86735e-06
 Reference value :  4.86759e-06
 Reference value :  4.86773e-06
 Reference value :  4.86784e-06
 Reference value :  4.86794e-06
 Reference value :  4.86804e-06
 Reference value :  4.86815e-06
 Reference value :  4.86837e-06
 Reference value :  4.86863e-06
 Reference value :  4.86900e-06
 Reference value :  4.86985e-06
 Reference value :  4.87434e-06
 Reference value :  4.87934e-06
 Reference value :  4.88484e-06
 Reference value :  4.89034e-06
 Reference value :  4.89534e-06
 Reference value :  4.90034e-06
 Reference value :  4.90534e-06
 Reference value :  4.90788e-06
 Reference value :  4.90795e-06
 Reference value :  4.90804e-06
 Reference value :  4.90820e-06
 Reference value :  4.90856e-06
 Reference value :  4.90872e-06
 Reference value :  4.90884e-06
 Reference value :  4.90893e-06
 Reference value :  4.90901e-06
 Reference value :  4.90915e-06
 Reference value :  4.90942e-06
 Reference value :  4.90968e-06
 Reference value :  4.90993e-06
 Reference value :  4.91033e-06
 Reference value :  4.91117e-06
 Reference value :  4.91154e-06
 Reference value :  4.91228e-06
 Reference value :  4.91654e-06
 Reference value :  4.91738e-06
 Reference value :  4.91845e-06
 Reference value :  4.91871e-06
 Reference value :  4.91895e-06
 Reference value :  4.91930e-06
 Reference value :  4.91991e-06
 Reference value :  4.92392e-06
 Reference value :  4.92942e-06
 Reference value :  4.93492e-06
 Reference value :  4.94042e-06
 Reference value :  4.94542e-06
 Reference value :  4.94950e-06
 Reference value :  4.94958e-06
 Reference value :  4.94965e-06
 Reference value :  4.94975e-06
 Reference value :  4.95001e-06
 Reference value :  4.95024e-06
 Reference value :  4.95042e-06
 Reference value :  4.95050e-06
 Reference value :  4.95057e-06
 Reference value :  4.95067e-06
 Reference value :  4.95077e-06
 Reference value :  4.95091e-06
 Reference value :  4.95102e-06
 Reference value :  4.95112e-06
 Reference value :  4.95121e-06
 Reference value :  4.95132e-06
 Reference value :  4.95142e-06
 Reference value :  4.95153e-06
 Reference value :  4.95175e-06
 Reference value :  4.95201e-06
 Reference value :  4.95243e-06
 Reference value :  4.95377e-06
 Reference value :  4.95881e-06
 Reference value :  4.96381e-06
 Reference value :  4.96931e-06
 Reference value :  4.97531e-06
 Reference value :  4.98081e-06
 Reference value :  4.98581e-06
 Reference value :  4.99074e-06
 Reference value :  4.99123e-06
 Reference value :  4.99133e-06
 Reference value :  4.99144e-06
 Reference value :  4.99177e-06
 Reference value :  4.99203e-06
 Reference value :  4.99217e-06
 Reference value :  4.99224e-06
 Reference value :  4.99232e-06
 Reference value :  4.99241e-06
 Reference value :  4.99259e-06
 Reference value :  4.99288e-06
 Reference value :  4.99310e-06
 Reference value :  4.99344e-06
 Reference value :  4.99392e-06
 Reference value :  4.99457e-06
 Reference value :  4.99495e-06
 Reference value :  4.99847e-06
 Reference value :  5.00057e-06
 Reference value :  5.00149e-06
 Reference value :  5.00181e-06
 Reference value :  5.00234e-06
 Reference value :  5.00452e-06
 Reference value :  5.00951e-06
 Reference value :  5.01500e-06
 Reference value :  5.02000e-06
 Reference value :  5.02500e-06
 Reference value :  5.03000e-06
 Reference value :  5.03286e-06
 Reference value :  5.03295e-06
 Reference value :  5.03303e-06
 Reference value :  5.03314e-06
 Reference value :  5.03355e-06
 Reference value :  5.03376e-06
 Reference value :  5.03395e-06
 Reference value :  5.03419e-06
 Reference value :  5.03443e-06
 Reference value :  5.03465e-06
 Reference value :  5.03497e-06
 Reference value :  5.03543e-06
 Reference value :  5.03670e-06
 Reference value :  5.04271e-06
 Reference value :  5.04771e-06
 Reference value :  5.05321e-06
 Reference value :  5.05821e-06
 Reference value :  5.06371e-06
 Reference value :  5.06871e-06
 Reference value :  5.07371e-06
 Reference value :  5.07456e-06
 Reference value :  5.07465e-06
 Reference value :  5.07476e-06
 Reference value :  5.07506e-06
 Reference value :  5.07542e-06
 Reference value :  5.07556e-06
 Reference value :  5.07565e-06
 Reference value :  5.07575e-06
 Reference value :  5.07595e-06
 Reference value :  5.07615e-06
 Reference value :  5.07637e-06
 Reference value :  5.07660e-06
 Reference value :  5.07695e-06
 Reference value :  5.07762e-06
 Reference value :  5.07802e-06
 Reference value :  5.07843e-06
 Reference value :  5.08059e-06
 Reference value :  5.08393e-06
 Reference value :  5.08522e-06
 Reference value :  5.08561e-06
 Reference value :  5.08646e-06
 Reference value :  5.08982e-06
 Reference value :  5.09479e-06
 Reference value :  5.09979e-06
 Reference value :  5.10479e-06
 Reference value :  5.10979e-06
 Reference value :  5.11479e-06
 Reference value :  5.11621e-06
 Reference value :  5.11629e-06
 Reference value :  5.11637e-06
 Reference value :  5.11649e-06
 Reference value :  5.11685e-06
 Reference value :  5.11696e-06
 Reference value :  5.11712e-06
 Reference value :  5.11719e-06
 Reference value :  5.11724e-06
 Reference value :  5.11732e-06
 Reference value :  5.11740e-06
 Reference value :  5.11753e-06
 Reference value :  5.11764e-06
 Reference value :  5.11773e-06
 Reference value :  5.11780e-06
 Reference value :  5.11802e-06
 Reference value :  5.11813e-06
 Reference value :  5.11822e-06
 Reference value :  5.11831e-06
 Reference value :  5.11840e-06
 Reference value :  5.11848e-06
 Reference value :  5.11862e-06
 Reference value :  5.11881e-06
 Reference value :  5.11924e-06
 Reference value :  5.12068e-06
 Reference value :  5.12544e-06
 Reference value :  5.13044e-06
 Reference value :  5.13544e-06
 Reference value :  5.14094e-06
 Reference value :  5.14594e-06
 Reference value :  5.15044e-06
 Reference value :  5.15544e-06
 Reference value :  5.15787e-06
 Reference value :  5.15793e-06
 Reference value :  5.15801e-06
 Reference value :  5.15811e-06
 Reference value :  5.15833e-06
 Reference value :  5.15875e-06
 Reference value :  5.15889e-06
 Reference value :  5.15897e-06
 Reference value :  5.15905e-06
 Reference value :  5.15915e-06
 Reference value :  5.15934e-06
 Reference value :  5.15955e-06
 Reference value :  5.15977e-06
 Reference value :  5.15998e-06
 Reference value :  5.16022e-06
 Reference value :  5.16038e-06
 Reference value :  5.16054e-06
 Reference value :  5.16086e-06
 Reference value :  5.16113e-06
 Reference value :  5.16159e-06
 Reference value :  5.16323e-06
 Reference value :  5.16823e-06
 Reference value :  5.17323e-06
 Reference value :  5.17823e-06
 Reference value :  5.18323e-06
 Reference value :  5.18823e-06
 Reference value :  5.19323e-06
 Reference value :  5.19823e-06
 Reference value :  5.19954e-06
 Reference value :  5.19963e-06
 Reference value :  5.19971e-06
 Reference value :  5.19982e-06
 Reference value :  5.20014e-06
 Reference value :  5.20031e-06
 Reference value :  5.20050e-06
 Reference value :  5.20060e-06
 Reference value :  5.20073e-06
 Reference value :  5.20090e-06
 Reference value :  5.20103e-06
 Reference value :  5.20114e-06
 Reference value :  5.20128e-06
 Reference value :  5.20139e-06
 Reference value :  5.20151e-06
 Reference value :  5.20174e-06
 Reference value :  5.20201e-06
 Reference value :  5.20237e-06
 Reference value :  5.20300e-06
 Reference value :  5.20468e-06
 Reference value :  5.20968e-06
 Reference value :  5.21518e-06
 Reference value :  5.22018e-06
 Reference value :  5.22518e-06
 Reference value :  5.23018e-06
 Reference value :  5.23518e-06
 Reference value :  5.24018e-06
 Reference value :  5.24123e-06
 Reference value :  5.24130e-06
 Reference value :  5.24140e-06
 Reference value :  5.24159e-06
 Reference value :  5.24206e-06
 Reference value :  5.24217e-06
 Reference value :  5.24230e-06
 Reference value :  5.24239e-06
 Reference value :  5.24253e-06
 Reference value :  5.24274e-06
 Reference value :  5.24300e-06
 Reference value :  5.24324e-06
 Reference value :  5.24340e-06
 Reference value :  5.24379e-06
 Reference value :  5.24393e-06
 Reference value :  5.24415e-06
 Reference value :  5.24447e-06
 Reference value :  5.24502e-06
 Reference value :  5.24704e-06
 Reference value :  5.25197e-06
 Reference value :  5.25797e-06
 Reference value :  5.26297e-06
 Reference value :  5.26797e-06
 Reference value :  5.27347e-06
 Reference value :  5.27847e-06
 Reference value :  5.28284e-06
 Reference value :  5.28292e-06
 Reference value :  5.28300e-06
 Reference value :  5.28311e-06
 Reference value :  5.28331e-06
 Reference value :  5.28361e-06
 Reference value :  5.28379e-06
 Reference value :  5.28388e-06
 Reference value :  5.28398e-06
 Reference value :  5.28409e-06
 Reference value :  5.28425e-06
 Reference value :  5.28438e-06
 Reference value :  5.28449e-06
 Reference value :  5.28460e-06
 Reference value :  5.28478e-06
 Reference value :  5.28497e-06
 Reference value :  5.28520e-06
 Reference value :  5.28552e-06
 Reference value :  5.28591e-06
 Reference value :  5.28774e-06
 Reference value :  5.29274e-06
 Reference value :  5.29774e-06
 Reference value :  5.30274e-06
 Reference value :  5.30774e-06
 Reference value :  5.31274e-06
 Reference value :  5.31774e-06
 Reference value :  5.32274e-06
 Reference value :  5.32454e-06
 Reference value :  5.32462e-06
 Reference value :  5.32470e-06
 Reference value :  5.32488e-06
 Reference value :  5.32523e-06
 Reference value :  5.32543e-06
 Reference value :  5.32554e-06
 Reference value :  5.32565e-06
 Reference value :  5.32575e-06
 Reference value :  5.32594e-06
 Reference value :  5.32619e-06
 Reference value :  5.32643e-06
 Reference value :  5.32681e-06
 Reference value :  5.32754e-06
 Reference value :  5.32796e-06
 Reference value :  5.32821e-06
 Reference value :  5.32862e-06
 Reference value :  5.33032e-06
 Reference value :  5.33155e-06
 Reference value :  5.33243e-06
 Reference value :  5.33315e-06
 Reference value :  5.33568e-06
 Reference value :  5.34118e-06
 Reference value :  5.34668e-06
 Reference value :  5.35168e-06
 Reference value :  5.35668e-06
 Reference value :  5.36218e-06
 Reference value :  5.36617e-06
 Reference value :  5.36625e-06
 Reference value :  5.36634e-06
 Reference value :  5.36643e-06
 Reference value :  5.36675e-06
 Reference value :  5.36691e-06
 Reference value :  5.36705e-06
 Reference value :  5.36717e-06
 Reference value :  5.36727e-06
 Reference value :  5.36739e-06
 Reference value :  5.36759e-06
 Reference value :  5.36772e-06
 Reference value :  5.36783e-06
 Reference value :  5.36795e-06
 Reference value :  5.36812e-06
 Reference value :  5.36833e-06
 Reference value :  5.36864e-06
 Reference value :  5.36893e-06
 Reference value :  5.36962e-06
 Reference value :  5.37327e-06
 Reference value :  5.37827e-06
 Reference value :  5.38327e-06
 Reference value :  5.38827e-06
 Reference value :  5.39377e-06
 Reference value :  5.39877e-06
 Reference value :  5.40427e-06
 Reference value :  5.40784e-06
 Reference value :  5.40790e-06
 Reference value :  5.40799e-06
 Reference value :  5.40808e-06
 Reference value :  5.40840e-06
 Reference value :  5.40872e-06
 Reference value :  5.40884e-06
 Reference value :  5.40896e-06
 Reference value :  5.40904e-06
 Reference value :  5.40918e-06
 Reference value :  5.40941e-06
 Reference value :  5.40966e-06
 Reference value :  5.40995e-06
 Reference value :  5.41097e-06
 Reference value :  5.41623e-06
 Reference value :  5.42173e-06
 Reference value :  5.42673e-06
 Reference value :  5.43173e-06
 Reference value :  5.43673e-06
 Reference value :  5.44173e-06
 Reference value :  5.44673e-06
 Reference value :  5.44955e-06
 Reference value :  5.44965e-06
 Reference value :  5.44975e-06
 Reference value :  5.44991e-06
 Reference value :  5.45020e-06
 Reference value :  5.45032e-06
 Reference value :  5.45050e-06
 Reference value :  5.45059e-06
 Reference value :  5.45077e-06
 Reference value :  5.45101e-06
 Reference value :  5.45135e-06
 Reference value :  5.45195e-06
 Reference value :  5.45553e-06
 Reference value :  5.46203e-06
 Reference value :  5.46903e-06
 Reference value :  5.47503e-06
 Reference value :  5.48003e-06
 Reference value :  5.48603e-06
 Reference value :  5.49117e-06
 Reference value :  5.49122e-06
 Reference value :  5.49130e-06
 Reference value :  5.49145e-06
 Reference value :  5.49177e-06
 Reference value :  5.49207e-06
 Reference value :  5.49215e-06
 Reference value :  5.49224e-06
 Reference value :  5.49232e-06
 Reference value :  5.49242e-06
 Reference value :  5.49267e-06
 Reference value :  5.49289e-06
 Reference value :  5.49307e-06
 Reference value :  5.49328e-06
 Reference value :  5.49374e-06
 Reference value :  5.49518e-06
 Reference value :  5.49979e-06
 Reference value :  5.50479e-06
 Reference value :  5.50979e-06
 Reference value :  5.51479e-06
 Reference value :  5.51929e-06
 Reference value :  5.52429e-06
 Reference value :  5.52929e-06
 Reference value :  5.53284e-06
 Reference value :  5.53292e-06
 Reference value :  5.53301e-06
 Reference value :  5.53310e-06
 Reference value :  5.53335e-06
 Reference value :  5.53354e-06
 Reference value :  5.53365e-06
 Reference value :  5.53383e-06
 Reference value :  5.53395e-06
 Reference value :  5.53408e-06
 Reference value :  5.53425e-06
 Reference value :  5.53449e-06
 Reference value :  5.53471e-06
 Reference value :  5.53495e-06
 Reference value :  5.53530e-06
 Reference value :  5.53637e-06
 Reference value :  5.54148e-06
 Reference value :  5.54648e-06
 Reference value :  5.55148e-06
 Reference value :  5.55648e-06
 Reference value :  5.56148e-06
 Reference value :  5.56648e-06
 Reference value :  5.57148e-06
 Reference value :  5.57451e-06
 Reference value :  5.57459e-06
 Reference value :  5.57467e-06
 Reference value :  5.57477e-06
 Reference value :  5.57508e-06
 Reference value :  5.57545e-06
 Reference value :  5.57556e-06
 Reference value :  5.57565e-06
 Reference value :  5.57577e-06
 Reference value :  5.57599e-06
 Reference value :  5.57624e-06
 Reference value :  5.57646e-06
 Reference value :  5.57680e-06
 Reference value :  5.57756e-06
 Reference value :  5.58124e-06
 Reference value :  5.58624e-06
 Reference value :  5.59124e-06
 Reference value :  5.59624e-06
 Reference value :  5.60124e-06
 Reference value :  5.60774e-06
 Reference value :  5.61474e-06
 Reference value :  5.61622e-06
 Reference value :  5.61632e-06
 Reference value :  5.61640e-06
 Reference value :  5.61655e-06
 Reference value :  5.61687e-06
 Reference value :  5.61699e-06
 Reference value :  5.61717e-06
 Reference value :  5.61725e-06
 Reference value :  5.61744e-06
 Reference value :  5.61760e-06
 Reference value :  5.61791e-06
 Reference value :  5.61817e-06
 Reference value :  5.61864e-06
 Reference value :  5.61988e-06
 Reference value :  5.62461e-06
 Reference value :  5.62961e-06
 Reference value :  5.63461e-06
 Reference value :  5.63961e-06
 Reference value :  5.64461e-06
 Reference value :  5.64961e-06
 Reference value :  5.65611e-06
 Reference value :  5.65788e-06
 Reference value :  5.65796e-06
 Reference value :  5.65805e-06
 Reference value :  5.65820e-06
 Reference value :  5.65865e-06
 Reference value :  5.65879e-06
 Reference value :  5.65892e-06
 Reference value :  5.65900e-06
 Reference value :  5.65913e-06
 Reference value :  5.65937e-06
 Reference value :  5.65959e-06
 Reference value :  5.65986e-06
 Reference value :  5.66016e-06
 Reference value :  5.66103e-06
 Reference value :  5.66447e-06
 Reference value :  5.66947e-06
 Reference value :  5.67447e-06
 Reference value :  5.67947e-06
 Reference value :  5.68447e-06
 Reference value :  5.68947e-06
 Reference value :  5.69447e-06
 Reference value :  5.69923e-06
 Reference value :  5.69955e-06
 Reference value :  5.69963e-06
 Reference value :  5.69972e-06
 Reference value :  5.69989e-06
 Reference value :  5.70023e-06
 Reference value :  5.70042e-06
 Reference value :  5.70058e-06
 Reference value :  5.70076e-06
 Reference value :  5.70096e-06
 Reference value :  5.70116e-06
 Reference value :  5.70147e-06
 Reference value :  5.70187e-06
 Reference value :  5.70356e-06
 Reference value :  5.70885e-06
 Reference value :  5.71385e-06
 Reference value :  5.71885e-06
 Reference value :  5.72435e-06
 Reference value :  5.72935e-06
 Reference value :  5.73435e-06
 Reference value :  5.73935e-06
 Reference value :  5.74121e-06
 Reference value :  5.74128e-06
 Reference value :  5.74136e-06
 Reference value :  5.74152e-06
 Reference value :  5.74176e-06
 Reference value :  5.74202e-06
 Reference value :  5.74215e-06
 Reference value :  5.74223e-06
 Reference value :  5.74230e-06
 Reference value :  5.74242e-06
 Reference value :  5.74265e-06
 Reference value :  5.74287e-06
 Reference value :  5.74306e-06
 Reference value :  5.74335e-06
 Reference value :  5.74376e-06
 Reference value :  5.74503e-06
 Reference value :  5.74964e-06
 Reference value :  5.75464e-06
 Reference value :  5.75964e-06
 Reference value :  5.76514e-06
 Reference value :  5.77064e-06
 Reference value :  5.77664e-06
 Reference value :  5.78283e-06
 Reference value :  5.78290e-06
 Reference value :  5.78301e-06
 Reference value :  5.78314e-06
 Reference value :  5.78349e-06
 Reference value :  5.78361e-06
 Reference value :  5.78379e-06
 Reference value :  5.78391e-06
 Reference value :  5.78416e-06
 Reference value :  5.78434e-06
 Reference value :  5.78458e-06
 Reference value :  5.78488e-06
 Reference value :  5.78539e-06
 Reference value :  5.78702e-06
 Reference value :  5.79191e-06
 Reference value :  5.79691e-06
 Reference value :  5.80241e-06
 Reference value :  5.80791e-06
 Reference value :  5.81291e-06
 Reference value :  5.81841e-06
 Reference value :  5.82341e-06
 Reference value :  5.82454e-06
 Reference value :  5.82465e-06
 Reference value :  5.82479e-06
 Reference value :  5.82511e-06
 Reference value :  5.82542e-06
 Reference value :  5.82557e-06
 Reference value :  5.82565e-06
 Reference value :  5.82576e-06
 Reference value :  5.82598e-06
 Reference value :  5.82624e-06
 Reference value :  5.82651e-06
 Reference value :  5.82684e-06
 Reference value :  5.82754e-06
 Reference value :  5.83097e-06
 Reference value :  5.83597e-06
 Reference value :  5.84097e-06
 Reference value :  5.84697e-06
 Reference value :  5.85297e-06
 Reference value :  5.85797e-06
 Reference value :  5.86297e-06
 Reference value :  5.86617e-06
 Reference value :  5.86623e-06
 Reference value :  5.86631e-06
 Reference value :  5.86639e-06
 Reference value :  5.86657e-06
 Reference value :  5.86686e-06
 Reference value :  5.86700e-06
 Reference value :  5.86717e-06
 Reference value :  5.86731e-06
 Reference value :  5.86742e-06
 Reference value :  5.86753e-06
 Reference value :  5.86771e-06
 Reference value :  5.86792e-06
 Reference value :  5.86824e-06
 Reference value :  5.86860e-06
 Reference value :  5.86934e-06
 Reference value :  5.87358e-06
 Reference value :  5.87858e-06
 Reference value :  5.88408e-06
 Reference value :  5.88908e-06
 Reference value :  5.89408e-06
 Reference value :  5.89908e-06
 Reference value :  5.90458e-06
 Reference value :  5.90785e-06
 Reference value :  5.90793e-06
 Reference value :  5.90800e-06
 Reference value :  5.90820e-06
 Reference value :  5.90863e-06
 Reference value :  5.90876e-06
 Reference value :  5.90886e-06
 Reference value :  5.90895e-06
 Reference value :  5.90907e-06
 Reference value :  5.90929e-06
 Reference value :  5.90954e-06
 Reference value :  5.90976e-06
 Reference value :  5.91008e-06
 Reference value :  5.91062e-06
 Reference value :  5.91263e-06
 Reference value :  5.91751e-06
 Reference value :  5.92251e-06
 Reference value :  5.92751e-06
 Reference value :  5.93301e-06
 Reference value :  5.93801e-06
 Reference value :  5.94301e-06
 Reference value :  5.94801e-06
 Reference value :  5.94957e-06
 Reference value :  5.94967e-06
 Reference value :  5.94977e-06
 Reference value :  5.95015e-06
 Reference value :  5.95024e-06
 Reference value :  5.95044e-06
 Reference value :  5.95058e-06
 Reference value :  5.95074e-06
 Reference value :  5.95087e-06
 Reference value :  5.95103e-06
 Reference value :  5.95128e-06
 Reference value :  5.95174e-06
 Reference value :  5.95345e-06
 Reference value :  5.95877e-06
 Reference value :  5.96427e-06
 Reference value :  5.96927e-06
 Reference value :  5.97527e-06
 Reference value :  5.98077e-06
 Reference value :  5.98727e-06
 Reference value :  5.99119e-06
 Reference value :  5.99127e-06
 Reference value :  5.99137e-06
 Reference value :  5.99154e-06
 Reference value :  5.99201e-06
 Reference value :  5.99212e-06
 Reference value :  5.99222e-06
 Reference value :  5.99233e-06
 Reference value :  5.99252e-06
 Reference value :  5.99277e-06
 Reference value :  5.99304e-06
 Reference value :  5.99332e-06
 Reference value :  5.99386e-06
 Reference value :  5.99527e-06
 Reference value :  5.99924e-06
 Reference value :  6.00474e-06
 Reference value :  6.01024e-06
 Reference value :  6.01524e-06
 Reference value :  6.02024e-06
 Reference value :  6.02524e-06
 Reference value :  6.03024e-06
 Reference value :  6.03286e-06
 Reference value :  6.03293e-06
 Reference value :  6.03301e-06
 Reference value :  6.03315e-06
 Reference value :  6.03347e-06
 Reference value :  6.03362e-06
 Reference value :  6.03379e-06
 Reference value :  6.03390e-06
 Reference value :  6.03405e-06
 Reference value :  6.03424e-06
 Reference value :  6.03436e-06
 Reference value :  6.03443e-06
 Reference value :  6.03455e-06
 Reference value :  6.03480e-06
 Reference value :  6.03507e-06
 Reference value :  6.03525e-06
 Reference value :  6.03564e-06
 Reference value :  6.03649e-06
 Reference value :  6.04069e-06
 Reference value :  6.04569e-06
 Reference value :  6.05119e-06
 Reference value :  6.05669e-06
 Reference value :  6.06219e-06
 Reference value :  6.06769e-06
 Reference value :  6.07319e-06
 Reference value :  6.07455e-06
 Reference value :  6.07463e-06
 Reference value :  6.07473e-06
 Reference value :  6.07495e-06
 Reference value :  6.07535e-06
 Reference value :  6.07542e-06
 Reference value :  6.07553e-06
 Reference value :  6.07562e-06
 Reference value :  6.07573e-06
 Reference value :  6.07596e-06
 Reference value :  6.07621e-06
 Reference value :  6.07646e-06
 Reference value :  6.07681e-06
 Reference value :  6.07755e-06
 Reference value :  6.08225e-06
 Reference value :  6.08775e-06
 Reference value :  6.09325e-06
 Reference value :  6.09825e-06
 Reference value :  6.10375e-06
 Reference value :  6.10925e-06
 Reference value :  6.11425e-06
 Reference value :  6.11622e-06
 Reference value :  6.11630e-06
 Reference value :  6.11641e-06
 Reference value :  6.11669e-06
 Reference value :  6.11693e-06
 Reference value :  6.11713e-06
 Reference value :  6.11721e-06
 Reference value :  6.11730e-06
 Reference value :  6.11739e-06
 Reference value :  6.11748e-06
 Reference value :  6.11758e-06
 Reference value :  6.11767e-06
 Reference value :  6.11777e-06
 Reference value :  6.11794e-06
 Reference value :  6.11809e-06
 Reference value :  6.11822e-06
 Reference value :  6.11835e-06
 Reference value :  6.11846e-06
 Reference value :  6.11860e-06
 Reference value :  6.11874e-06
 Reference value :  6.11886e-06
 Reference value :  6.11903e-06
 Reference value :  6.11949e-06
 Reference value :  6.12009e-06
 Reference value :  6.12429e-06
 Reference value :  6.13179e-06
 Reference value :  6.13779e-06
 Reference value :  6.14529e-06
 Reference value :  6.15129e-06
 Reference value :  6.15679e-06
 Reference value :  6.15788e-06
 Reference value :  6.15796e-06
 Reference value :  6.15806e-06
 Reference value :  6.15822e-06
 Reference value :  6.15860e-06
 Reference value :  6.15883e-06
 Reference value :  6.15892e-06
 Reference value :  6.15901e-06
 Reference value :  6.15912e-06
 Reference value :  6.15925e-06
 Reference value :  6.15947e-06
 Reference value :  6.15972e-06
 Reference value :  6.15996e-06
 Reference value :  6.16012e-06
 Reference value :  6.16038e-06
 Reference value :  6.16061e-06
 Reference value :  6.16088e-06
 Reference value :  6.16118e-06
 Reference value :  6.16193e-06
 Reference value :  6.16584e-06
 Reference value :  6.17284e-06
 Reference value :  6.17984e-06
 Reference value :  6.18684e-06
 Reference value :  6.19434e-06
 Reference value :  6.19950e-06
 Reference value :  6.19962e-06
 Reference value :  6.19971e-06
 Reference value :  6.19980e-06
 Reference value :  6.20014e-06
 Reference value :  6.20028e-06
 Reference value :  6.20047e-06
 Reference value :  6.20061e-06
 Reference value :  6.20084e-06
 Reference value :  6.20100e-06
 Reference value :  6.20113e-06
 Reference value :  6.20126e-06
 Reference value :  6.20140e-06
 Reference value :  6.20156e-06
 Reference value :  6.20174e-06
 Reference value :  6.20201e-06
 Reference value :  6.20241e-06
 Reference value :  6.20312e-06
 Reference value :  6.20657e-06
 Reference value :  6.21206e-06
 Reference value :  6.21706e-06
 Reference value :  6.22256e-06
 Reference value :  6.22906e-06
 Reference value :  6.23456e-06
 Reference value :  6.24006e-06
 Reference value :  6.24121e-06
 Reference value :  6.24130e-06
 Reference value :  6.24141e-06
 Reference value :  6.24160e-06
 Reference value :  6.24198e-06
 Reference value :  6.24212e-06
 Reference value :  6.24221e-06
 Reference value :  6.24229e-06
 Reference value :  6.24237e-06
 Reference value :  6.24248e-06
 Reference value :  6.24273e-06
 Reference value :  6.24294e-06
 Reference value :  6.24312e-06
 Reference value :  6.24332e-06
 Reference value :  6.24367e-06
 Reference value :  6.24391e-06
 Reference value :  6.24412e-06
 Reference value :  6.24444e-06
 Reference value :  6.24500e-06
 Reference value :  6.24755e-06
 Reference value :  6.25255e-06
 Reference value :  6.25805e-06
 Reference value :  6.26355e-06
 Reference value :  6.26855e-06
 Reference value :  6.27405e-06
 Reference value :  6.27905e-06
 Reference value :  6.28285e-06
 Reference value :  6.28291e-06
 Reference value :  6.28300e-06
 Reference value :  6.28310e-06
No. of Data Rows : 32202

  Measurements for Transient Analysis

d9_c1               =  2.09564e-04
d8_c1               =  3.36891e-04
d7_c1               =  1.79968e+00
d6_c1               =  1.79968e+00
d5_c1               =  3.36965e-04
d4_c1               =  3.37004e-04
d3_c1               =  1.79967e+00
d2_c1               =  3.37141e-04
d1_c1               =  3.37281e-04
d0_c1               =  1.79967e+00
d9_c2               =  1.97855e-04
d8_c2               =  1.79967e+00
d7_c2               =  3.18183e-04
d6_c2               =  1.79967e+00
d5_c2               =  1.79967e+00
d4_c2               =  1.79967e+00
d3_c2               =  1.79967e+00
d2_c2               =  1.79967e+00
d1_c2               =  1.79967e+00
d0_c2               =  1.79967e+00
d9_c3               =  1.64923e-04
d8_c3               =  1.79964e+00
d7_c3               =  1.79964e+00
d6_c3               =  1.79964e+00
d5_c3               =  1.79964e+00
d4_c3               =  1.79964e+00
d3_c3               =  1.79964e+00
d2_c3               =  1.79964e+00
d1_c3               =  1.79964e+00
d0_c3               =  1.79963e+00
d9_c4               =  1.79977e+00
d8_c4               =  3.11384e-04
d7_c4               =  1.79965e+00
d6_c4               =  3.11377e-04
d5_c4               =  3.11372e-04
d4_c4               =  3.11365e-04
d3_c4               =  3.11353e-04
d2_c4               =  3.11335e-04
d1_c4               =  3.11295e-04
d0_c4               =  1.79965e+00
d9_c5               =  1.79986e+00
d8_c5               =  1.79969e+00
d7_c5               =  1.79969e+00
d6_c5               =  1.79969e+00
d5_c5               =  1.79969e+00
d4_c5               =  1.79969e+00
d3_c5               =  1.79969e+00
d2_c5               =  1.79969e+00
d1_c5               =  1.79969e+00
d0_c5               =  1.79969e+00
busy_c1_p0          =  1.79961e+00
smpl_c1_p0          =  1.83391e-04
busy_c1_p1          =  1.79964e+00
smpl_c1_p1          =  1.77605e-04
busy_c1_p2          =  1.79966e+00
smpl_c1_p2          =  1.76863e-04
busy_c1_p3          =  1.79963e+00
smpl_c1_p3          =  1.82077e-04
busy_c1_p4          =  1.79964e+00
smpl_c1_p4          =  1.85396e-04
busy_c1_p5          =  1.79966e+00
smpl_c1_p5          =  1.80770e-04
busy_c1_p6          =  1.79964e+00
smpl_c1_p6          =  1.81296e-04
busy_c1_p7          =  1.79964e+00
smpl_c1_p7          =  1.79323e-04
busy_c1_p8          =  1.79965e+00
smpl_c1_p8          =  1.80915e-04
busy_c1_p9          =  1.79966e+00
smpl_c1_p9          =  1.78625e-04
busy_c1_p10         =  1.79964e+00
smpl_c1_p10         =  1.82303e-04
busy_c1_p11         =  2.81409e-04
smpl_c1_p11         =  1.79991e+00
busy_c2_p0          =  1.79961e+00
smpl_c2_p0          =  1.85142e-04
busy_c2_p1          =  1.79964e+00
smpl_c2_p1          =  1.87244e-04
busy_c2_p2          =  1.79964e+00
smpl_c2_p2          =  1.84640e-04
busy_c2_p3          =  1.79964e+00
smpl_c2_p3          =  1.76264e-04
busy_c2_p4          =  1.79967e+00
smpl_c2_p4          =  1.71722e-04
busy_c2_p5          =  1.79966e+00
smpl_c2_p5          =  1.72007e-04
busy_c2_p6          =  1.79965e+00
smpl_c2_p6          =  1.83400e-04
busy_c2_p7          =  1.79966e+00
smpl_c2_p7          =  1.76576e-04
busy_c2_p8          =  1.79965e+00
smpl_c2_p8          =  1.84716e-04
busy_c2_p9          =  1.79966e+00
smpl_c2_p9          =  1.85614e-04
busy_c2_p10         =  1.79965e+00
smpl_c2_p10         =  1.85878e-04
busy_c2_p11         =  2.79543e-04
smpl_c2_p11         =  1.79990e+00
busy_c3_p0          =  1.79961e+00
smpl_c3_p0          =  1.81592e-04
busy_c3_p1          =  1.79964e+00
smpl_c3_p1          =  1.77071e-04
busy_c3_p2          =  1.79963e+00
smpl_c3_p2          =  1.86388e-04
busy_c3_p3          =  1.79962e+00
smpl_c3_p3          =  1.87336e-04
busy_c3_p4          =  1.79964e+00
smpl_c3_p4          =  1.92544e-04
busy_c3_p5          =  1.79962e+00
smpl_c3_p5          =  1.86109e-04
busy_c3_p6          =  1.79961e+00
smpl_c3_p6          =  1.88523e-04
busy_c3_p7          =  1.79962e+00
smpl_c3_p7          =  1.93467e-04
busy_c3_p8          =  1.79962e+00
smpl_c3_p8          =  1.85506e-04
busy_c3_p9          =  1.79962e+00
smpl_c3_p9          =  1.88289e-04
busy_c3_p10         =  1.79961e+00
smpl_c3_p10         =  1.89094e-04
busy_c3_p11         =  2.65088e-04
smpl_c3_p11         =  1.79990e+00
busy_c4_p0          =  1.79961e+00
smpl_c4_p0          =  1.91278e-04
busy_c4_p1          =  1.79966e+00
smpl_c4_p1          =  1.76059e-04
busy_c4_p2          =  1.79963e+00
smpl_c4_p2          =  1.75750e-04
busy_c4_p3          =  1.79966e+00
smpl_c4_p3          =  1.70688e-04
busy_c4_p4          =  1.79963e+00
smpl_c4_p4          =  1.79353e-04
busy_c4_p5          =  1.79966e+00
smpl_c4_p5          =  1.79553e-04
busy_c4_p6          =  1.79965e+00
smpl_c4_p6          =  1.80703e-04
busy_c4_p7          =  1.79965e+00
smpl_c4_p7          =  1.87463e-04
busy_c4_p8          =  1.79967e+00
smpl_c4_p8          =  1.73521e-04
busy_c4_p9          =  1.79965e+00
smpl_c4_p9          =  1.80417e-04
busy_c4_p10         =  1.79963e+00
smpl_c4_p10         =  1.81093e-04
busy_c4_p11         =  2.72139e-04
smpl_c4_p11         =  1.79991e+00
busy_c5_p0          =  1.79963e+00
smpl_c5_p0          =  1.88421e-04
busy_c5_p1          =  1.79964e+00
smpl_c5_p1          =  1.74099e-04
busy_c5_p2          =  1.79964e+00
smpl_c5_p2          =  1.77685e-04
busy_c5_p3          =  1.79970e+00
smpl_c5_p3          =  1.61555e-04
busy_c5_p4          =  1.79963e+00
smpl_c5_p4          =  1.85629e-04
busy_c5_p5          =  1.79967e+00
smpl_c5_p5          =  1.65110e-04
busy_c5_p6          =  1.79964e+00
smpl_c5_p6          =  1.66251e-04
busy_c5_p7          =  1.79966e+00
smpl_c5_p7          =  1.68505e-04
busy_c5_p8          =  1.79966e+00
smpl_c5_p8          =  1.64164e-04
busy_c5_p9          =  1.79967e+00
smpl_c5_p9          =  1.57950e-04
busy_c5_p10         =  1.79966e+00
smpl_c5_p10         =  1.57770e-04
busy_c5_p11         =  2.76938e-04
smpl_c5_p11         =  1.79991e+00
i_vdd               =  -2.10775e-06 from=  3.20000e-06 to=  4.20002e-06
i_vpwr              =  -6.48093e-06 from=  3.20000e-06 to=  4.20002e-06
i_vrefp             =  -6.50124e-06 from=  3.20000e-06 to=  4.20002e-06
i_vrefn             =  6.48901e-06 from=  3.20000e-06 to=  4.20002e-06
i_vcm               =  1.21167e-08 from=  3.20000e-06 to=  4.20002e-06
gnd_die_max         =  6.33744e-02 at=  6.11720e-06
gnd_die_min         =  -9.00605e-02 at=  6.11716e-06
vgnd_max            =  3.52142e-02 at=  6.11697e-06
vgnd_min            =  -7.28095e-02 at=  6.11713e-06
vdd_max             =  1.85885e+00 at=  6.11713e-06
vdd_min             =  1.72723e+00 at=  6.11717e-06
vpwr_max            =  1.88260e+00 at=  6.11717e-06
vpwr_min            =  1.74052e+00 at=  6.11713e-06
vdda_min            =  1.73647e+00 at=  6.11720e-06
vdda_max            =  1.86601e+00 at=  6.11724e-06
i_vgnda             =  2.18116e-06 from=  3.20000e-06 to=  4.20002e-06
i_vgnd              =  6.47445e-06 from=  3.20000e-06 to=  4.20002e-06


Total analysis time (seconds) = 7211.53

Total elapsed time (seconds) = 7685.819 

Total DRAM available = 98304.000 MB.
DRAM currently available = 4137.375 MB.
Maximum ngspice program size =  794.547 MB.
Current ngspice program size =   34.859 MB.

