
Note: Compatibility modes selected: hs a


Circuit: * sim/full-conversion-transient -- end-to-end full-conversion transient

option SCALE: Scale is set to 1e-06 for instance and model parameters
option SCALE: Scale is set to 1e-06 for instance and model parameters
option SCALE: Scale is set to 1e-06 for instance and model parameters
option SCALE: Scale is set to 1e-06 for instance and model parameters
Doing analysis at TEMP = 27.000000 and TNOM = 27.000000

Using KLU as Direct Linear Solver
 Reference value :  0.00000e+00
 Reference value :  4.00000e-11
 Reference value :  6.40000e-10
 Reference value :  2.64000e-09
 Reference value :  4.64000e-09
 Reference value :  7.14000e-09
 Reference value :  8.64000e-09
 Reference value :  1.06400e-08
 Reference value :  1.26400e-08
 Reference value :  1.46400e-08
 Reference value :  1.66400e-08
 Reference value :  1.86400e-08
 Reference value :  2.00500e-08
 Reference value :  2.06750e-08
 Reference value :  2.10500e-08
 Reference value :  2.13500e-08
 Reference value :  2.27500e-08
 Reference value :  2.37500e-08
 Reference value :  2.57500e-08
 Reference value :  2.67500e-08
 Reference value :  2.77500e-08
 Reference value :  2.87500e-08
 Reference value :  3.02500e-08
 Reference value :  3.17500e-08
 Reference value :  3.32500e-08
 Reference value :  3.42500e-08
 Reference value :  3.52500e-08
 Reference value :  3.67500e-08
 Reference value :  3.82500e-08
 Reference value :  3.97500e-08
 Reference value :  4.12500e-08
 Reference value :  4.27500e-08
 Reference value :  4.42500e-08
 Reference value :  4.57500e-08
 Reference value :  4.72500e-08
 Reference value :  4.82500e-08
 Reference value :  4.92500e-08
 Reference value :  5.07500e-08
 Reference value :  5.17500e-08
 Reference value :  5.27500e-08
 Reference value :  5.37500e-08
 Reference value :  5.52500e-08
 Reference value :  5.67500e-08
 Reference value :  5.82500e-08
 Reference value :  5.92500e-08
 Reference value :  6.07500e-08
 Reference value :  6.22500e-08
 Reference value :  6.37500e-08
 Reference value :  6.52500e-08
 Reference value :  6.67500e-08
 Reference value :  6.82500e-08
 Reference value :  6.97500e-08
 Reference value :  7.12500e-08
 Reference value :  7.27500e-08
 Reference value :  7.42500e-08
 Reference value :  7.57500e-08
 Reference value :  7.72500e-08
 Reference value :  7.82500e-08
 Reference value :  7.92500e-08
 Reference value :  8.02500e-08
 Reference value :  8.17500e-08
 Reference value :  8.32500e-08
 Reference value :  8.47500e-08
 Reference value :  8.62500e-08
 Reference value :  8.77500e-08
 Reference value :  8.92500e-08
 Reference value :  9.07500e-08
 Reference value :  9.17500e-08
 Reference value :  9.27500e-08
 Reference value :  9.42500e-08
 Reference value :  9.57500e-08
 Reference value :  9.67500e-08
 Reference value :  9.82500e-08
 Reference value :  9.97500e-08
 Reference value :  1.01250e-07
 Reference value :  1.02250e-07
 Reference value :  1.03250e-07
 Reference value :  1.04250e-07
 Reference value :  1.05750e-07
 Reference value :  1.06750e-07
 Reference value :  1.07750e-07
 Reference value :  1.09250e-07
 Reference value :  1.11250e-07
 Reference value :  1.13250e-07
 Reference value :  1.15250e-07
 Reference value :  1.17250e-07
 Reference value :  1.18750e-07
 Reference value :  1.20750e-07
 Reference value :  1.22250e-07
 Reference value :  1.24250e-07
 Reference value :  1.25750e-07
 Reference value :  1.27750e-07
 Reference value :  1.30250e-07
 Reference value :  1.32250e-07
 Reference value :  1.34250e-07
 Reference value :  1.35750e-07
 Reference value :  1.37250e-07
 Reference value :  1.39250e-07
 Reference value :  1.41250e-07
 Reference value :  1.42750e-07
 Reference value :  1.44250e-07
 Reference value :  1.46250e-07
 Reference value :  1.48250e-07
 Reference value :  1.50250e-07
 Reference value :  1.51750e-07
 Reference value :  1.53750e-07
 Reference value :  1.55750e-07
 Reference value :  1.57250e-07
 Reference value :  1.58750e-07
 Reference value :  1.60250e-07
 Reference value :  1.61750e-07
 Reference value :  1.63250e-07
 Reference value :  1.64750e-07
 Reference value :  1.66750e-07
 Reference value :  1.68250e-07
 Reference value :  1.69750e-07
 Reference value :  1.71750e-07
 Reference value :  1.73250e-07
 Reference value :  1.75250e-07
 Reference value :  1.76750e-07
 Reference value :  1.78750e-07
 Reference value :  1.80750e-07
 Reference value :  1.82750e-07
 Reference value :  1.84750e-07
 Reference value :  1.86750e-07
 Reference value :  1.88750e-07
 Reference value :  1.90750e-07
 Reference value :  1.92250e-07
 Reference value :  1.93750e-07
 Reference value :  1.95750e-07
 Reference value :  1.97250e-07
 Reference value :  1.99125e-07
 Reference value :  1.99650e-07
 Reference value :  2.00141e-07
 Reference value :  2.00321e-07
 Reference value :  2.00500e-07
 Reference value :  2.00529e-07
 Reference value :  2.00676e-07
 Reference value :  2.00770e-07
 Reference value :  2.00874e-07
 Reference value :  2.00976e-07
 Reference value :  2.01087e-07
 Reference value :  2.01187e-07
 Reference value :  2.01428e-07
 Reference value :  2.01625e-07
 Reference value :  2.02407e-07
 Reference value :  2.03407e-07
 Reference value :  2.04407e-07
 Reference value :  2.05407e-07
 Reference value :  2.06907e-07
 Reference value :  2.08407e-07
 Reference value :  2.10407e-07
 Reference value :  2.11907e-07
 Reference value :  2.13407e-07
 Reference value :  2.14907e-07
 Reference value :  2.16407e-07
 Reference value :  2.17907e-07
 Reference value :  2.19407e-07
 Reference value :  2.21407e-07
 Reference value :  2.22907e-07
 Reference value :  2.24407e-07
 Reference value :  2.25907e-07
 Reference value :  2.26907e-07
 Reference value :  2.28407e-07
 Reference value :  2.29907e-07
 Reference value :  2.31407e-07
 Reference value :  2.32907e-07
 Reference value :  2.34407e-07
 Reference value :  2.35907e-07
 Reference value :  2.36907e-07
 Reference value :  2.37907e-07
 Reference value :  2.38907e-07
 Reference value :  2.40407e-07
 Reference value :  2.41167e-07
 Reference value :  2.41317e-07
 Reference value :  2.41842e-07
 Reference value :  2.42167e-07
 Reference value :  2.42301e-07
 Reference value :  2.42746e-07
 Reference value :  2.43061e-07
 Reference value :  2.43314e-07
 Reference value :  2.43515e-07
 Reference value :  2.43734e-07
 Reference value :  2.43957e-07
 Reference value :  2.44265e-07
 Reference value :  2.45059e-07
 Reference value :  2.46559e-07
 Reference value :  2.48059e-07
 Reference value :  2.49059e-07
 Reference value :  2.50559e-07
 Reference value :  2.51559e-07
 Reference value :  2.52559e-07
 Reference value :  2.54059e-07
 Reference value :  2.55559e-07
 Reference value :  2.56559e-07
 Reference value :  2.57559e-07
 Reference value :  2.59059e-07
 Reference value :  2.60559e-07
 Reference value :  2.61559e-07
 Reference value :  2.63059e-07
 Reference value :  2.64559e-07
 Reference value :  2.66059e-07
 Reference value :  2.67059e-07
 Reference value :  2.68059e-07
 Reference value :  2.69059e-07
 Reference value :  2.70059e-07
 Reference value :  2.71059e-07
 Reference value :  2.72059e-07
 Reference value :  2.73059e-07
 Reference value :  2.74559e-07
 Reference value :  2.75559e-07
 Reference value :  2.76559e-07
 Reference value :  2.77559e-07
 Reference value :  2.78559e-07
 Reference value :  2.80059e-07
 Reference value :  2.81059e-07
 Reference value :  2.82446e-07
 Reference value :  2.82983e-07
 Reference value :  2.83445e-07
 Reference value :  2.83639e-07
 Reference value :  2.83833e-07
 Reference value :  2.83845e-07
 Reference value :  2.83906e-07
 Reference value :  2.84004e-07
 Reference value :  2.84190e-07
 Reference value :  2.84401e-07
 Reference value :  2.84532e-07
 Reference value :  2.84785e-07
 Reference value :  2.84911e-07
 Reference value :  2.85081e-07
 Reference value :  2.85541e-07
 Reference value :  2.86296e-07
 Reference value :  2.87296e-07
 Reference value :  2.88296e-07
 Reference value :  2.89296e-07
 Reference value :  2.90296e-07
 Reference value :  2.91296e-07
 Reference value :  2.92296e-07
 Reference value :  2.93296e-07
 Reference value :  2.94296e-07
 Reference value :  2.95296e-07
 Reference value :  2.96296e-07
 Reference value :  2.97296e-07
 Reference value :  2.98796e-07
 Reference value :  3.00296e-07
 Reference value :  3.01296e-07
 Reference value :  3.02796e-07
 Reference value :  3.03796e-07
 Reference value :  3.05296e-07
 Reference value :  3.06296e-07
 Reference value :  3.07796e-07
 Reference value :  3.09296e-07
 Reference value :  3.10296e-07
 Reference value :  3.11796e-07
 Reference value :  3.13296e-07
 Reference value :  3.14796e-07
 Reference value :  3.16296e-07
 Reference value :  3.17296e-07
 Reference value :  3.18296e-07
 Reference value :  3.19296e-07
 Reference value :  3.20296e-07
 Reference value :  3.21796e-07
 Reference value :  3.22796e-07
 Reference value :  3.24148e-07
 Reference value :  3.24650e-07
 Reference value :  3.25175e-07
 Reference value :  3.25545e-07
 Reference value :  3.26085e-07
 Reference value :  3.26764e-07
 Reference value :  3.27634e-07
 Reference value :  3.29134e-07
 Reference value :  3.30634e-07
 Reference value :  3.31634e-07
 Reference value :  3.33134e-07
 Reference value :  3.34634e-07
 Reference value :  3.35634e-07
 Reference value :  3.36634e-07
 Reference value :  3.38134e-07
 Reference value :  3.39634e-07
 Reference value :  3.40634e-07
 Reference value :  3.42134e-07
 Reference value :  3.43134e-07
 Reference value :  3.44634e-07
 Reference value :  3.45634e-07
 Reference value :  3.46634e-07
 Reference value :  3.48134e-07
 Reference value :  3.49634e-07
 Reference value :  3.50634e-07
 Reference value :  3.51634e-07
 Reference value :  3.52634e-07
 Reference value :  3.54134e-07
 Reference value :  3.55134e-07
 Reference value :  3.56634e-07
 Reference value :  3.58134e-07
 Reference value :  3.59634e-07
 Reference value :  3.61134e-07
 Reference value :  3.62134e-07
 Reference value :  3.63634e-07
 Reference value :  3.65134e-07
 Reference value :  3.66167e-07
 Reference value :  3.66317e-07
 Reference value :  3.66791e-07
 Reference value :  3.66979e-07
 Reference value :  3.67167e-07
 Reference value :  3.67279e-07
 Reference value :  3.67368e-07
 Reference value :  3.67655e-07
 Reference value :  3.68154e-07
 Reference value :  3.69131e-07
 Reference value :  3.70131e-07
 Reference value :  3.71131e-07
 Reference value :  3.72131e-07
 Reference value :  3.73131e-07
 Reference value :  3.74131e-07
 Reference value :  3.75131e-07
 Reference value :  3.76131e-07
 Reference value :  3.77131e-07
 Reference value :  3.78131e-07
 Reference value :  3.79131e-07
 Reference value :  3.80131e-07
 Reference value :  3.81631e-07
 Reference value :  3.83131e-07
 Reference value :  3.84631e-07
 Reference value :  3.85631e-07
 Reference value :  3.87131e-07
 Reference value :  3.88131e-07
 Reference value :  3.89631e-07
 Reference value :  3.91131e-07
 Reference value :  3.92131e-07
 Reference value :  3.93631e-07
 Reference value :  3.95131e-07
 Reference value :  3.96631e-07
 Reference value :  3.98131e-07
 Reference value :  3.99131e-07
 Reference value :  4.00131e-07
 Reference value :  4.01131e-07
 Reference value :  4.02631e-07
 Reference value :  4.04131e-07
 Reference value :  4.05631e-07
 Reference value :  4.07131e-07
 Reference value :  4.07883e-07
 Reference value :  4.08183e-07
 Reference value :  4.08508e-07
 Reference value :  4.08833e-07
 Reference value :  4.08967e-07
 Reference value :  4.09406e-07
 Reference value :  4.10067e-07
 Reference value :  4.10870e-07
 Reference value :  4.11870e-07
 Reference value :  4.12870e-07
 Reference value :  4.13370e-07
 Reference value :  4.14370e-07
 Reference value :  4.15370e-07
 Reference value :  4.16870e-07
 Reference value :  4.17870e-07
 Reference value :  4.18870e-07
 Reference value :  4.19870e-07
 Reference value :  4.21370e-07
 Reference value :  4.22870e-07
 Reference value :  4.24370e-07
 Reference value :  4.26370e-07
 Reference value :  4.28370e-07
 Reference value :  4.30370e-07
 Reference value :  4.31870e-07
 Reference value :  4.33370e-07
 Reference value :  4.34870e-07
 Reference value :  4.36370e-07
 Reference value :  4.37870e-07
 Reference value :  4.38870e-07
 Reference value :  4.39870e-07
 Reference value :  4.40870e-07
 Reference value :  4.41870e-07
 Reference value :  4.42870e-07
 Reference value :  4.44370e-07
 Reference value :  4.45870e-07
 Reference value :  4.47370e-07
 Reference value :  4.48870e-07
 Reference value :  4.49500e-07
 Reference value :  4.49650e-07
 Reference value :  4.50124e-07
 Reference value :  4.50312e-07
 Reference value :  4.50500e-07
 Reference value :  4.50613e-07
 Reference value :  4.50920e-07
 Reference value :  4.51103e-07
 Reference value :  4.51222e-07
 Reference value :  4.51455e-07
 Reference value :  4.51588e-07
 Reference value :  4.51994e-07
 Reference value :  4.52750e-07
 Reference value :  4.53750e-07
 Reference value :  4.54750e-07
 Reference value :  4.56250e-07
 Reference value :  4.57250e-07
 Reference value :  4.58250e-07
 Reference value :  4.59750e-07
 Reference value :  4.61250e-07
 Reference value :  4.62750e-07
 Reference value :  4.64250e-07
 Reference value :  4.65750e-07
 Reference value :  4.67250e-07
 Reference value :  4.68750e-07
 Reference value :  4.70250e-07
 Reference value :  4.72250e-07
 Reference value :  4.73750e-07
 Reference value :  4.75750e-07
 Reference value :  4.77250e-07
 Reference value :  4.79250e-07
 Reference value :  4.80750e-07
 Reference value :  4.82750e-07
 Reference value :  4.84250e-07
 Reference value :  4.85750e-07
 Reference value :  4.87250e-07
 Reference value :  4.88750e-07
 Reference value :  4.90250e-07
 Reference value :  4.91217e-07
 Reference value :  4.91842e-07
 Reference value :  4.92167e-07
 Reference value :  4.92301e-07
 Reference value :  4.92759e-07
 Reference value :  4.93453e-07
 Reference value :  4.94333e-07
 Reference value :  4.95333e-07
 Reference value :  4.96333e-07
 Reference value :  4.97833e-07
 Reference value :  4.98833e-07
 Reference value :  4.99833e-07
 Reference value :  5.01333e-07
 Reference value :  5.02333e-07
 Reference value :  5.03833e-07
 Reference value :  5.04833e-07
 Reference value :  5.06333e-07
 Reference value :  5.07333e-07
 Reference value :  5.08833e-07
 Reference value :  5.09833e-07
 Reference value :  5.10833e-07
 Reference value :  5.11833e-07
 Reference value :  5.13333e-07
 Reference value :  5.14333e-07
 Reference value :  5.15833e-07
 Reference value :  5.17333e-07
 Reference value :  5.18833e-07
 Reference value :  5.20333e-07
 Reference value :  5.21833e-07
 Reference value :  5.23333e-07
 Reference value :  5.24833e-07
 Reference value :  5.26333e-07
 Reference value :  5.27833e-07
 Reference value :  5.29333e-07
 Reference value :  5.30833e-07
 Reference value :  5.32333e-07
 Reference value :  5.32883e-07
 Reference value :  5.33457e-07
 Reference value :  5.33645e-07
 Reference value :  5.33833e-07
 Reference value :  5.33946e-07
 Reference value :  5.34035e-07
 Reference value :  5.34322e-07
 Reference value :  5.34781e-07
 Reference value :  5.35112e-07
 Reference value :  5.36468e-07
 Reference value :  5.37468e-07
 Reference value :  5.38468e-07
 Reference value :  5.39968e-07
 Reference value :  5.41968e-07
 Reference value :  5.43468e-07
 Reference value :  5.45468e-07
 Reference value :  5.46968e-07
 Reference value :  5.48968e-07
 Reference value :  5.50468e-07
 Reference value :  5.52468e-07
 Reference value :  5.53968e-07
 Reference value :  5.55468e-07
 Reference value :  5.56968e-07
 Reference value :  5.58968e-07
 Reference value :  5.60968e-07
 Reference value :  5.62968e-07
 Reference value :  5.64468e-07
 Reference value :  5.65968e-07
 Reference value :  5.67468e-07
 Reference value :  5.68968e-07
 Reference value :  5.70468e-07
 Reference value :  5.71968e-07
 Reference value :  5.73468e-07
 Reference value :  5.74500e-07
 Reference value :  5.74850e-07
 Reference value :  5.75175e-07
 Reference value :  5.75500e-07
 Reference value :  5.75813e-07
 Reference value :  5.76077e-07
 Reference value :  5.76743e-07
 Reference value :  5.77604e-07
 Reference value :  5.78604e-07
 Reference value :  5.80104e-07
 Reference value :  5.81104e-07
 Reference value :  5.82604e-07
 Reference value :  5.83604e-07
 Reference value :  5.84604e-07
 Reference value :  5.85604e-07
 Reference value :  5.86604e-07
 Reference value :  5.88104e-07
 Reference value :  5.89104e-07
 Reference value :  5.89604e-07
 Reference value :  5.90104e-07
 Reference value :  5.91104e-07
 Reference value :  5.92104e-07
 Reference value :  5.93604e-07
 Reference value :  5.94604e-07
 Reference value :  5.95604e-07
 Reference value :  5.97104e-07
 Reference value :  5.99104e-07
 Reference value :  6.00604e-07
 Reference value :  6.02104e-07
 Reference value :  6.03604e-07
 Reference value :  6.05104e-07
 Reference value :  6.06604e-07
 Reference value :  6.07604e-07
 Reference value :  6.09104e-07
 Reference value :  6.10104e-07
 Reference value :  6.11604e-07
 Reference value :  6.12604e-07
 Reference value :  6.13604e-07
 Reference value :  6.15104e-07
 Reference value :  6.16167e-07
 Reference value :  6.16517e-07
 Reference value :  6.16790e-07
 Reference value :  6.16978e-07
 Reference value :  6.17167e-07
 Reference value :  6.17280e-07
 Reference value :  6.17587e-07
 Reference value :  6.17766e-07
 Reference value :  6.17883e-07
 Reference value :  6.18112e-07
 Reference value :  6.18432e-07
 Reference value :  6.18903e-07
 Reference value :  6.20403e-07
 Reference value :  6.21903e-07
 Reference value :  6.23403e-07
 Reference value :  6.24403e-07
 Reference value :  6.25903e-07
 Reference value :  6.27403e-07
 Reference value :  6.29403e-07
 Reference value :  6.31403e-07
 Reference value :  6.32903e-07
 Reference value :  6.34903e-07
 Reference value :  6.36403e-07
 Reference value :  6.37903e-07
 Reference value :  6.39403e-07
 Reference value :  6.40903e-07
 Reference value :  6.42403e-07
 Reference value :  6.44403e-07
 Reference value :  6.46403e-07
 Reference value :  6.47903e-07
 Reference value :  6.49903e-07
 Reference value :  6.51903e-07
 Reference value :  6.53403e-07
 Reference value :  6.54403e-07
 Reference value :  6.55403e-07
 Reference value :  6.56903e-07
 Reference value :  6.57883e-07
 Reference value :  6.58508e-07
 Reference value :  6.58833e-07
 Reference value :  6.58967e-07
 Reference value :  6.59417e-07
 Reference value :  6.60094e-07
 Reference value :  6.60961e-07
 Reference value :  6.61961e-07
 Reference value :  6.62961e-07
 Reference value :  6.63961e-07
 Reference value :  6.65461e-07
 Reference value :  6.66461e-07
 Reference value :  6.67961e-07
 Reference value :  6.69461e-07
 Reference value :  6.70961e-07
 Reference value :  6.71961e-07
 Reference value :  6.73461e-07
 Reference value :  6.74961e-07
 Reference value :  6.76461e-07
 Reference value :  6.77961e-07
 Reference value :  6.79461e-07
 Reference value :  6.80961e-07
 Reference value :  6.82961e-07
 Reference value :  6.83961e-07
 Reference value :  6.84961e-07
 Reference value :  6.85961e-07
 Reference value :  6.87461e-07
 Reference value :  6.88961e-07
 Reference value :  6.90461e-07
 Reference value :  6.91961e-07
 Reference value :  6.93961e-07
 Reference value :  6.95461e-07
 Reference value :  6.96461e-07
 Reference value :  6.96961e-07
 Reference value :  6.97461e-07
 Reference value :  6.98461e-07
 Reference value :  6.99231e-07
 Reference value :  6.99550e-07
 Reference value :  7.00087e-07
 Reference value :  7.00294e-07
 Reference value :  7.00500e-07
 Reference value :  7.00610e-07
 Reference value :  7.00902e-07
 Reference value :  7.01024e-07
 Reference value :  7.01154e-07
 Reference value :  7.01297e-07
 Reference value :  7.01488e-07
 Reference value :  7.01676e-07
 Reference value :  7.01945e-07
 Reference value :  7.02727e-07
 Reference value :  7.03727e-07
 Reference value :  7.04727e-07
 Reference value :  7.05727e-07
 Reference value :  7.06727e-07
 Reference value :  7.07727e-07
 Reference value :  7.09227e-07
 Reference value :  7.10227e-07
 Reference value :  7.11227e-07
 Reference value :  7.12227e-07
 Reference value :  7.13227e-07
 Reference value :  7.14727e-07
 Reference value :  7.15727e-07
 Reference value :  7.16727e-07
 Reference value :  7.18227e-07
 Reference value :  7.19227e-07
 Reference value :  7.20727e-07
 Reference value :  7.21727e-07
 Reference value :  7.22727e-07
 Reference value :  7.23727e-07
 Reference value :  7.24727e-07
 Reference value :  7.25727e-07
 Reference value :  7.26727e-07
 Reference value :  7.27727e-07
 Reference value :  7.28727e-07
 Reference value :  7.29727e-07
 Reference value :  7.30727e-07
 Reference value :  7.31727e-07
 Reference value :  7.32727e-07
 Reference value :  7.33727e-07
 Reference value :  7.34727e-07
 Reference value :  7.36227e-07
 Reference value :  7.37727e-07
 Reference value :  7.38727e-07
 Reference value :  7.40227e-07
 Reference value :  7.41167e-07
 Reference value :  7.41517e-07
 Reference value :  7.41842e-07
 Reference value :  7.42167e-07
 Reference value :  7.42301e-07
 Reference value :  7.42754e-07
 Reference value :  7.43438e-07
 Reference value :  7.44310e-07
 Reference value :  7.45310e-07
 Reference value :  7.46310e-07
 Reference value :  7.47310e-07
 Reference value :  7.48310e-07
 Reference value :  7.49310e-07
 Reference value :  7.50310e-07
 Reference value :  7.51310e-07
 Reference value :  7.52310e-07
 Reference value :  7.53810e-07
 Reference value :  7.54810e-07
 Reference value :  7.55810e-07
 Reference value :  7.56810e-07
 Reference value :  7.57810e-07
 Reference value :  7.58810e-07
 Reference value :  7.59810e-07
 Reference value :  7.60810e-07
 Reference value :  7.61810e-07
 Reference value :  7.62810e-07
 Reference value :  7.63810e-07
 Reference value :  7.64810e-07
 Reference value :  7.65810e-07
 Reference value :  7.67310e-07
 Reference value :  7.68310e-07
 Reference value :  7.69310e-07
 Reference value :  7.70310e-07
 Reference value :  7.71810e-07
 Reference value :  7.73310e-07
 Reference value :  7.74310e-07
 Reference value :  7.75310e-07
 Reference value :  7.76310e-07
 Reference value :  7.77810e-07
 Reference value :  7.79310e-07
 Reference value :  7.80810e-07
 Reference value :  7.81810e-07
 Reference value :  7.82572e-07
 Reference value :  7.82883e-07
 Reference value :  7.83183e-07
 Reference value :  7.83418e-07
 Reference value :  7.83626e-07
 Reference value :  7.83833e-07
 Reference value :  7.83852e-07
 Reference value :  7.83952e-07
 Reference value :  7.84019e-07
 Reference value :  7.84229e-07
 Reference value :  7.84503e-07
 Reference value :  7.84938e-07
 Reference value :  7.86293e-07
 Reference value :  7.87293e-07
 Reference value :  7.88293e-07
 Reference value :  7.89793e-07
 Reference value :  7.91293e-07
 Reference value :  7.93293e-07
 Reference value :  7.94293e-07
 Reference value :  7.95293e-07
 Reference value :  7.96793e-07
 Reference value :  7.98293e-07
 Reference value :  7.99793e-07
 Reference value :  8.00793e-07
 Reference value :  8.01793e-07
 Reference value :  8.03293e-07
 Reference value :  8.04293e-07
 Reference value :  8.05793e-07
 Reference value :  8.06793e-07
 Reference value :  8.08293e-07
 Reference value :  8.09793e-07
 Reference value :  8.10793e-07
 Reference value :  8.11793e-07
 Reference value :  8.12793e-07
 Reference value :  8.13793e-07
 Reference value :  8.14793e-07
 Reference value :  8.15793e-07
 Reference value :  8.16793e-07
 Reference value :  8.17793e-07
 Reference value :  8.18793e-07
 Reference value :  8.19793e-07
 Reference value :  8.21293e-07
 Reference value :  8.22293e-07
 Reference value :  8.23293e-07
 Reference value :  8.24146e-07
 Reference value :  8.24550e-07
 Reference value :  8.24850e-07
 Reference value :  8.25175e-07
 Reference value :  8.25500e-07
 Reference value :  8.25634e-07
 Reference value :  8.26086e-07
 Reference value :  8.26765e-07
 Reference value :  8.27634e-07
 Reference value :  8.28634e-07
 Reference value :  8.29634e-07
 Reference value :  8.30634e-07
 Reference value :  8.32134e-07
 Reference value :  8.33634e-07
 Reference value :  8.35134e-07
 Reference value :  8.36134e-07
 Reference value :  8.37134e-07
 Reference value :  8.38134e-07
 Reference value :  8.39134e-07
 Reference value :  8.40134e-07
 Reference value :  8.41134e-07
 Reference value :  8.42134e-07
 Reference value :  8.43634e-07
 Reference value :  8.44634e-07
 Reference value :  8.45634e-07
 Reference value :  8.46634e-07
 Reference value :  8.47634e-07
 Reference value :  8.48634e-07
 Reference value :  8.49634e-07
 Reference value :  8.50634e-07
 Reference value :  8.51634e-07
 Reference value :  8.52634e-07
 Reference value :  8.54134e-07
 Reference value :  8.55134e-07
 Reference value :  8.56134e-07
 Reference value :  8.57134e-07
 Reference value :  8.58134e-07
 Reference value :  8.59134e-07
 Reference value :  8.60134e-07
 Reference value :  8.61134e-07
 Reference value :  8.62134e-07
 Reference value :  8.63634e-07
 Reference value :  8.64634e-07
 Reference value :  8.65634e-07
 Reference value :  8.66167e-07
 Reference value :  8.66317e-07
 Reference value :  8.66751e-07
 Reference value :  8.66959e-07
 Reference value :  8.67167e-07
 Reference value :  8.67179e-07
 Reference value :  8.67244e-07
 Reference value :  8.67351e-07
 Reference value :  8.67410e-07
 Reference value :  8.67637e-07
 Reference value :  8.67917e-07
 Reference value :  8.68366e-07
 Reference value :  8.69337e-07
 Reference value :  8.70337e-07
 Reference value :  8.71337e-07
 Reference value :  8.72337e-07
 Reference value :  8.73337e-07
 Reference value :  8.74337e-07
 Reference value :  8.75337e-07
 Reference value :  8.76337e-07
 Reference value :  8.77337e-07
 Reference value :  8.78337e-07
 Reference value :  8.79337e-07
 Reference value :  8.80337e-07
 Reference value :  8.81837e-07
 Reference value :  8.82837e-07
 Reference value :  8.83837e-07
 Reference value :  8.84837e-07
 Reference value :  8.86337e-07
 Reference value :  8.87337e-07
 Reference value :  8.88337e-07
 Reference value :  8.89337e-07
 Reference value :  8.90337e-07
 Reference value :  8.91337e-07
 Reference value :  8.92337e-07
 Reference value :  8.93837e-07
 Reference value :  8.94837e-07
 Reference value :  8.95837e-07
 Reference value :  8.96837e-07
 Reference value :  8.98337e-07
 Reference value :  8.99837e-07
 Reference value :  9.00837e-07
 Reference value :  9.01837e-07
 Reference value :  9.02837e-07
 Reference value :  9.03837e-07
 Reference value :  9.04837e-07
 Reference value :  9.05837e-07
 Reference value :  9.06837e-07
 Reference value :  9.07833e-07
 Reference value :  9.07983e-07
 Reference value :  9.08508e-07
 Reference value :  9.08833e-07
 Reference value :  9.08967e-07
 Reference value :  9.09418e-07
 Reference value :  9.10096e-07
 Reference value :  9.10964e-07
 Reference value :  9.11964e-07
 Reference value :  9.12964e-07
 Reference value :  9.13964e-07
 Reference value :  9.14964e-07
 Reference value :  9.15964e-07
 Reference value :  9.16964e-07
 Reference value :  9.17964e-07
 Reference value :  9.18964e-07
 Reference value :  9.19964e-07
 Reference value :  9.21464e-07
 Reference value :  9.22464e-07
 Reference value :  9.23464e-07
 Reference value :  9.24464e-07
 Reference value :  9.25464e-07
 Reference value :  9.26464e-07
 Reference value :  9.27964e-07
 Reference value :  9.29464e-07
 Reference value :  9.30464e-07
 Reference value :  9.31464e-07
 Reference value :  9.32464e-07
 Reference value :  9.33464e-07
 Reference value :  9.34464e-07
 Reference value :  9.35964e-07
 Reference value :  9.36964e-07
 Reference value :  9.37964e-07
 Reference value :  9.38964e-07
 Reference value :  9.39964e-07
 Reference value :  9.41464e-07
 Reference value :  9.42464e-07
 Reference value :  9.43464e-07
 Reference value :  9.44964e-07
 Reference value :  9.46464e-07
 Reference value :  9.47964e-07
 Reference value :  9.48964e-07
 Reference value :  9.49500e-07
 Reference value :  9.49650e-07
 Reference value :  9.50085e-07
 Reference value :  9.50292e-07
 Reference value :  9.50500e-07
 Reference value :  9.50531e-07
 Reference value :  9.50666e-07
 Reference value :  9.50736e-07
 Reference value :  9.50820e-07
 Reference value :  9.50958e-07
 Reference value :  9.51236e-07
 Reference value :  9.51605e-07
 Reference value :  9.53000e-07
 Reference value :  9.54500e-07
 Reference value :  9.55500e-07
 Reference value :  9.56500e-07
 Reference value :  9.57500e-07
 Reference value :  9.58500e-07
 Reference value :  9.59500e-07
 Reference value :  9.60500e-07
 Reference value :  9.61500e-07
 Reference value :  9.62500e-07
 Reference value :  9.64000e-07
 Reference value :  9.65000e-07
 Reference value :  9.66000e-07
 Reference value :  9.67500e-07
 Reference value :  9.68500e-07
 Reference value :  9.69500e-07
 Reference value :  9.71000e-07
 Reference value :  9.72000e-07
 Reference value :  9.73000e-07
 Reference value :  9.74000e-07
 Reference value :  9.75000e-07
 Reference value :  9.76000e-07
 Reference value :  9.77000e-07
 Reference value :  9.78000e-07
 Reference value :  9.79000e-07
 Reference value :  9.80000e-07
 Reference value :  9.81000e-07
 Reference value :  9.82000e-07
 Reference value :  9.83500e-07
 Reference value :  9.84500e-07
 Reference value :  9.85500e-07
 Reference value :  9.86500e-07
 Reference value :  9.87500e-07
 Reference value :  9.88500e-07
 Reference value :  9.89500e-07
 Reference value :  9.90500e-07
 Reference value :  9.91167e-07
 Reference value :  9.91317e-07
 Reference value :  9.91842e-07
 Reference value :  9.92167e-07
 Reference value :  9.92301e-07
 Reference value :  9.92751e-07
 Reference value :  9.93428e-07
 Reference value :  9.94296e-07
 Reference value :  9.95796e-07
 Reference value :  9.97296e-07
 Reference value :  9.98796e-07
 Reference value :  9.99796e-07
 Reference value :  1.00080e-06
 Reference value :  1.00180e-06
 Reference value :  1.00280e-06
 Reference value :  1.00380e-06
 Reference value :  1.00530e-06
 Reference value :  1.00630e-06
 Reference value :  1.00730e-06
 Reference value :  1.00880e-06
 Reference value :  1.01030e-06
 Reference value :  1.01130e-06
 Reference value :  1.01280e-06
 Reference value :  1.01380e-06
 Reference value :  1.01480e-06
 Reference value :  1.01630e-06
 Reference value :  1.01780e-06
 Reference value :  1.01930e-06
 Reference value :  1.02030e-06
 Reference value :  1.02180e-06
 Reference value :  1.02330e-06
 Reference value :  1.02480e-06
 Reference value :  1.02580e-06
 Reference value :  1.02680e-06
 Reference value :  1.02780e-06
 Reference value :  1.02880e-06
 Reference value :  1.02980e-06
 Reference value :  1.03080e-06
 Reference value :  1.03180e-06
 Reference value :  1.03230e-06
 Reference value :  1.03256e-06
 Reference value :  1.03283e-06
 Reference value :  1.03298e-06
 Reference value :  1.03345e-06
 Reference value :  1.03364e-06
 Reference value :  1.03383e-06
 Reference value :  1.03395e-06
 Reference value :  1.03408e-06
 Reference value :  1.03421e-06
 Reference value :  1.03432e-06
 Reference value :  1.03460e-06
 Reference value :  1.03501e-06
 Reference value :  1.03642e-06
 Reference value :  1.03792e-06
 Reference value :  1.03942e-06
 Reference value :  1.04092e-06
 Reference value :  1.04242e-06
 Reference value :  1.04342e-06
 Reference value :  1.04442e-06
 Reference value :  1.04542e-06
 Reference value :  1.04692e-06
 Reference value :  1.04792e-06
 Reference value :  1.04892e-06
 Reference value :  1.04992e-06
 Reference value :  1.05142e-06
 Reference value :  1.05242e-06
 Reference value :  1.05392e-06
 Reference value :  1.05542e-06
 Reference value :  1.05642e-06
 Reference value :  1.05742e-06
 Reference value :  1.05892e-06
 Reference value :  1.06042e-06
 Reference value :  1.06142e-06
 Reference value :  1.06292e-06
 Reference value :  1.06442e-06
 Reference value :  1.06592e-06
 Reference value :  1.06692e-06
 Reference value :  1.06792e-06
 Reference value :  1.06892e-06
 Reference value :  1.07042e-06
 Reference value :  1.07192e-06
 Reference value :  1.07342e-06
 Reference value :  1.07450e-06
 Reference value :  1.07485e-06
 Reference value :  1.07517e-06
 Reference value :  1.07550e-06
 Reference value :  1.07563e-06
 Reference value :  1.07608e-06
 Reference value :  1.07676e-06
 Reference value :  1.07763e-06
 Reference value :  1.07913e-06
 Reference value :  1.08013e-06
 Reference value :  1.08163e-06
 Reference value :  1.08263e-06
 Reference value :  1.08363e-06
 Reference value :  1.08513e-06
 Reference value :  1.08663e-06
 Reference value :  1.08813e-06
 Reference value :  1.08963e-06
 Reference value :  1.09113e-06
 Reference value :  1.09263e-06
 Reference value :  1.09413e-06
 Reference value :  1.09563e-06
 Reference value :  1.09713e-06
 Reference value :  1.09863e-06
 Reference value :  1.09963e-06
 Reference value :  1.10113e-06
 Reference value :  1.10263e-06
 Reference value :  1.10413e-06
 Reference value :  1.10563e-06
 Reference value :  1.10663e-06
 Reference value :  1.10813e-06
 Reference value :  1.10963e-06
 Reference value :  1.11113e-06
 Reference value :  1.11263e-06
 Reference value :  1.11413e-06
 Reference value :  1.11513e-06
 Reference value :  1.11563e-06
 Reference value :  1.11617e-06
 Reference value :  1.11632e-06
 Reference value :  1.11675e-06
 Reference value :  1.11696e-06
 Reference value :  1.11717e-06
 Reference value :  1.11720e-06
 Reference value :  1.11737e-06
 Reference value :  1.11755e-06
 Reference value :  1.11765e-06
 Reference value :  1.11774e-06
 Reference value :  1.11792e-06
 Reference value :  1.11812e-06
 Reference value :  1.11883e-06
 Reference value :  1.12033e-06
 Reference value :  1.12133e-06
 Reference value :  1.12283e-06
 Reference value :  1.12433e-06
 Reference value :  1.12583e-06
 Reference value :  1.12733e-06
 Reference value :  1.12833e-06
 Reference value :  1.12933e-06
 Reference value :  1.13033e-06
 Reference value :  1.13133e-06
 Reference value :  1.13283e-06
 Reference value :  1.13433e-06
 Reference value :  1.13583e-06
 Reference value :  1.13683e-06
 Reference value :  1.13833e-06
 Reference value :  1.13983e-06
 Reference value :  1.14133e-06
 Reference value :  1.14283e-06
 Reference value :  1.14383e-06
 Reference value :  1.14583e-06
 Reference value :  1.14683e-06
 Reference value :  1.14833e-06
 Reference value :  1.14933e-06
 Reference value :  1.15033e-06
 Reference value :  1.15133e-06
 Reference value :  1.15283e-06
 Reference value :  1.15383e-06
 Reference value :  1.15483e-06
 Reference value :  1.15583e-06
 Reference value :  1.15683e-06
 Reference value :  1.15783e-06
 Reference value :  1.15851e-06
 Reference value :  1.15888e-06
 Reference value :  1.15918e-06
 Reference value :  1.15947e-06
 Reference value :  1.15999e-06
 Reference value :  1.16020e-06
 Reference value :  1.16042e-06
 Reference value :  1.16066e-06
 Reference value :  1.16139e-06
 Reference value :  1.16289e-06
 Reference value :  1.16439e-06
 Reference value :  1.16539e-06
 Reference value :  1.16689e-06
 Reference value :  1.16839e-06
 Reference value :  1.16939e-06
 Reference value :  1.17039e-06
 Reference value :  1.17139e-06
 Reference value :  1.17239e-06
 Reference value :  1.17389e-06
 Reference value :  1.17539e-06
 Reference value :  1.17689e-06
 Reference value :  1.17789e-06
 Reference value :  1.17889e-06
 Reference value :  1.17989e-06
 Reference value :  1.18089e-06
 Reference value :  1.18189e-06
 Reference value :  1.18339e-06
 Reference value :  1.18489e-06
 Reference value :  1.18639e-06
 Reference value :  1.18789e-06
 Reference value :  1.18889e-06
 Reference value :  1.18989e-06
 Reference value :  1.19139e-06
 Reference value :  1.19289e-06
 Reference value :  1.19439e-06
 Reference value :  1.19589e-06
 Reference value :  1.19739e-06
 Reference value :  1.19839e-06
 Reference value :  1.19920e-06
 Reference value :  1.19955e-06
 Reference value :  1.20013e-06
 Reference value :  1.20050e-06
 Reference value :  1.20053e-06
 Reference value :  1.20068e-06
 Reference value :  1.20077e-06
 Reference value :  1.20097e-06
 Reference value :  1.20106e-06
 Reference value :  1.20125e-06
 Reference value :  1.20145e-06
 Reference value :  1.20179e-06
 Reference value :  1.20258e-06
 Reference value :  1.20358e-06
 Reference value :  1.20458e-06
 Reference value :  1.20558e-06
 Reference value :  1.20658e-06
 Reference value :  1.20758e-06
 Reference value :  1.20908e-06
 Reference value :  1.21058e-06
 Reference value :  1.21158e-06
 Reference value :  1.21308e-06
 Reference value :  1.21458e-06
 Reference value :  1.21608e-06
 Reference value :  1.21708e-06
 Reference value :  1.21858e-06
 Reference value :  1.22008e-06
 Reference value :  1.22158e-06
 Reference value :  1.22308e-06
 Reference value :  1.22458e-06
 Reference value :  1.22608e-06
 Reference value :  1.22758e-06
 Reference value :  1.22908e-06
 Reference value :  1.23058e-06
 Reference value :  1.23158e-06
 Reference value :  1.23358e-06
 Reference value :  1.23508e-06
 Reference value :  1.23658e-06
 Reference value :  1.23808e-06
 Reference value :  1.23908e-06
 Reference value :  1.24058e-06
 Reference value :  1.24117e-06
 Reference value :  1.24132e-06
 Reference value :  1.24184e-06
 Reference value :  1.24221e-06
 Reference value :  1.24275e-06
 Reference value :  1.24306e-06
 Reference value :  1.24333e-06
 Reference value :  1.24356e-06
 Reference value :  1.24379e-06
 Reference value :  1.24404e-06
 Reference value :  1.24479e-06
 Reference value :  1.24579e-06
 Reference value :  1.24729e-06
 Reference value :  1.24879e-06
 Reference value :  1.24979e-06
 Reference value :  1.25129e-06
 Reference value :  1.25279e-06
 Reference value :  1.25379e-06
 Reference value :  1.25479e-06
 Reference value :  1.25629e-06
 Reference value :  1.25729e-06
 Reference value :  1.25829e-06
 Reference value :  1.25979e-06
 Reference value :  1.26079e-06
 Reference value :  1.26229e-06
 Reference value :  1.26379e-06
 Reference value :  1.26479e-06
 Reference value :  1.26579e-06
 Reference value :  1.26679e-06
 Reference value :  1.26779e-06
 Reference value :  1.26879e-06
 Reference value :  1.26979e-06
 Reference value :  1.27129e-06
 Reference value :  1.27279e-06
 Reference value :  1.27429e-06
 Reference value :  1.27579e-06
 Reference value :  1.27779e-06
 Reference value :  1.27879e-06
 Reference value :  1.28029e-06
 Reference value :  1.28129e-06
 Reference value :  1.28256e-06
 Reference value :  1.28298e-06
 Reference value :  1.28344e-06
 Reference value :  1.28364e-06
 Reference value :  1.28383e-06
 Reference value :  1.28385e-06
 Reference value :  1.28391e-06
 Reference value :  1.28400e-06
 Reference value :  1.28440e-06
 Reference value :  1.28453e-06
 Reference value :  1.28481e-06
 Reference value :  1.28512e-06
 Reference value :  1.28556e-06
 Reference value :  1.28633e-06
 Reference value :  1.28733e-06
 Reference value :  1.28833e-06
 Reference value :  1.28933e-06
 Reference value :  1.29033e-06
 Reference value :  1.29133e-06
 Reference value :  1.29233e-06
 Reference value :  1.29383e-06
 Reference value :  1.29533e-06
 Reference value :  1.29683e-06
 Reference value :  1.29833e-06
 Reference value :  1.29983e-06
 Reference value :  1.30133e-06
 Reference value :  1.30283e-06
 Reference value :  1.30433e-06
 Reference value :  1.30583e-06
 Reference value :  1.30783e-06
 Reference value :  1.30983e-06
 Reference value :  1.31133e-06
 Reference value :  1.31233e-06
 Reference value :  1.31333e-06
 Reference value :  1.31433e-06
 Reference value :  1.31533e-06
 Reference value :  1.31683e-06
 Reference value :  1.31833e-06
 Reference value :  1.31933e-06
 Reference value :  1.32033e-06
 Reference value :  1.32133e-06
 Reference value :  1.32233e-06
 Reference value :  1.32416e-06
 Reference value :  1.32485e-06
 Reference value :  1.32517e-06
 Reference value :  1.32554e-06
 Reference value :  1.32607e-06
 Reference value :  1.32640e-06
 Reference value :  1.32668e-06
 Reference value :  1.32749e-06
 Reference value :  1.32849e-06
 Reference value :  1.32999e-06
 Reference value :  1.33099e-06
 Reference value :  1.33249e-06
 Reference value :  1.33349e-06
 Reference value :  1.33499e-06
 Reference value :  1.33549e-06
 Reference value :  1.33599e-06
 Reference value :  1.33699e-06
 Reference value :  1.33799e-06
 Reference value :  1.33899e-06
 Reference value :  1.33999e-06
 Reference value :  1.34099e-06
 Reference value :  1.34199e-06
 Reference value :  1.34349e-06
 Reference value :  1.34449e-06
 Reference value :  1.34599e-06
 Reference value :  1.34699e-06
 Reference value :  1.34799e-06
 Reference value :  1.34949e-06
 Reference value :  1.35049e-06
 Reference value :  1.35149e-06
 Reference value :  1.35249e-06
 Reference value :  1.35349e-06
 Reference value :  1.35449e-06
 Reference value :  1.35549e-06
 Reference value :  1.35649e-06
 Reference value :  1.35799e-06
 Reference value :  1.35899e-06
 Reference value :  1.35999e-06
 Reference value :  1.36099e-06
 Reference value :  1.36199e-06
 Reference value :  1.36299e-06
 Reference value :  1.36449e-06
 Reference value :  1.36549e-06
 Reference value :  1.36622e-06
 Reference value :  1.36652e-06
 Reference value :  1.36679e-06
 Reference value :  1.36698e-06
 Reference value :  1.36717e-06
 Reference value :  1.36728e-06
 Reference value :  1.36759e-06
 Reference value :  1.36777e-06
 Reference value :  1.36788e-06
 Reference value :  1.36799e-06
 Reference value :  1.36811e-06
 Reference value :  1.36824e-06
 Reference value :  1.36864e-06
 Reference value :  1.36940e-06
 Reference value :  1.37040e-06
 Reference value :  1.37140e-06
 Reference value :  1.37240e-06
 Reference value :  1.37340e-06
 Reference value :  1.37440e-06
 Reference value :  1.37540e-06
 Reference value :  1.37640e-06
 Reference value :  1.37740e-06
 Reference value :  1.37840e-06
 Reference value :  1.37940e-06
 Reference value :  1.38040e-06
 Reference value :  1.38140e-06
 Reference value :  1.38290e-06
 Reference value :  1.38440e-06
 Reference value :  1.38590e-06
 Reference value :  1.38690e-06
 Reference value :  1.38790e-06
 Reference value :  1.38890e-06
 Reference value :  1.38990e-06
 Reference value :  1.39090e-06
 Reference value :  1.39240e-06
 Reference value :  1.39390e-06
 Reference value :  1.39540e-06
 Reference value :  1.39640e-06
 Reference value :  1.39740e-06
 Reference value :  1.39840e-06
 Reference value :  1.39940e-06
 Reference value :  1.40090e-06
 Reference value :  1.40190e-06
 Reference value :  1.40390e-06
 Reference value :  1.40490e-06
 Reference value :  1.40590e-06
 Reference value :  1.40690e-06
 Reference value :  1.40783e-06
 Reference value :  1.40798e-06
 Reference value :  1.40851e-06
 Reference value :  1.40883e-06
 Reference value :  1.40897e-06
 Reference value :  1.40950e-06
 Reference value :  1.41039e-06
 Reference value :  1.41139e-06
 Reference value :  1.41239e-06
 Reference value :  1.41339e-06
 Reference value :  1.41439e-06
 Reference value :  1.41589e-06
 Reference value :  1.41689e-06
 Reference value :  1.41789e-06
 Reference value :  1.41889e-06
 Reference value :  1.42039e-06
 Reference value :  1.42189e-06
 Reference value :  1.42289e-06
 Reference value :  1.42389e-06
 Reference value :  1.42489e-06
 Reference value :  1.42589e-06
 Reference value :  1.42739e-06
 Reference value :  1.42889e-06
 Reference value :  1.42989e-06
 Reference value :  1.43089e-06
 Reference value :  1.43189e-06
 Reference value :  1.43289e-06
 Reference value :  1.43389e-06
 Reference value :  1.43539e-06
 Reference value :  1.43639e-06
 Reference value :  1.43789e-06
 Reference value :  1.43889e-06
 Reference value :  1.43989e-06
 Reference value :  1.44189e-06
 Reference value :  1.44389e-06
 Reference value :  1.44539e-06
 Reference value :  1.44689e-06
 Reference value :  1.44889e-06
 Reference value :  1.44955e-06
 Reference value :  1.44985e-06
 Reference value :  1.45012e-06
 Reference value :  1.45031e-06
 Reference value :  1.45050e-06
 Reference value :  1.45061e-06
 Reference value :  1.45070e-06
 Reference value :  1.45099e-06
 Reference value :  1.45149e-06
 Reference value :  1.45248e-06
 Reference value :  1.45348e-06
 Reference value :  1.45448e-06
 Reference value :  1.45548e-06
 Reference value :  1.45648e-06
 Reference value :  1.45748e-06
 Reference value :  1.45848e-06
 Reference value :  1.45948e-06
 Reference value :  1.46048e-06
 Reference value :  1.46198e-06
 Reference value :  1.46298e-06
 Reference value :  1.46398e-06
 Reference value :  1.46498e-06
 Reference value :  1.46598e-06
 Reference value :  1.46698e-06
 Reference value :  1.46798e-06
 Reference value :  1.46898e-06
 Reference value :  1.47048e-06
 Reference value :  1.47198e-06
 Reference value :  1.47298e-06
 Reference value :  1.47398e-06
 Reference value :  1.47498e-06
 Reference value :  1.47598e-06
 Reference value :  1.47698e-06
 Reference value :  1.47798e-06
 Reference value :  1.47948e-06
 Reference value :  1.48048e-06
 Reference value :  1.48148e-06
 Reference value :  1.48248e-06
 Reference value :  1.48398e-06
 Reference value :  1.48498e-06
 Reference value :  1.48648e-06
 Reference value :  1.48798e-06
 Reference value :  1.48948e-06
 Reference value :  1.49082e-06
 Reference value :  1.49132e-06
 Reference value :  1.49184e-06
 Reference value :  1.49221e-06
 Reference value :  1.49248e-06
 Reference value :  1.49277e-06
 Reference value :  1.49350e-06
 Reference value :  1.49440e-06
 Reference value :  1.49540e-06
 Reference value :  1.49690e-06
 Reference value :  1.49790e-06
 Reference value :  1.49940e-06
 Reference value :  1.50090e-06
 Reference value :  1.50190e-06
 Reference value :  1.50290e-06
 Reference value :  1.50390e-06
 Reference value :  1.50490e-06
 Reference value :  1.50590e-06
 Reference value :  1.50740e-06
 Reference value :  1.50890e-06
 Reference value :  1.51040e-06
 Reference value :  1.51190e-06
 Reference value :  1.51290e-06
 Reference value :  1.51390e-06
 Reference value :  1.51490e-06
 Reference value :  1.51590e-06
 Reference value :  1.51740e-06
 Reference value :  1.51890e-06
 Reference value :  1.51990e-06
 Reference value :  1.52090e-06
 Reference value :  1.52240e-06
 Reference value :  1.52390e-06
 Reference value :  1.52490e-06
 Reference value :  1.52640e-06
 Reference value :  1.52740e-06
 Reference value :  1.52840e-06
 Reference value :  1.52940e-06
 Reference value :  1.53040e-06
 Reference value :  1.53190e-06
 Reference value :  1.53283e-06
 Reference value :  1.53318e-06
 Reference value :  1.53346e-06
 Reference value :  1.53365e-06
 Reference value :  1.53383e-06
 Reference value :  1.53395e-06
 Reference value :  1.53403e-06
 Reference value :  1.53432e-06
 Reference value :  1.53477e-06
 Reference value :  1.53626e-06
 Reference value :  1.53726e-06
 Reference value :  1.53826e-06
 Reference value :  1.53976e-06
 Reference value :  1.54126e-06
 Reference value :  1.54276e-06
 Reference value :  1.54376e-06
 Reference value :  1.54476e-06
 Reference value :  1.54626e-06
 Reference value :  1.54726e-06
 Reference value :  1.54826e-06
 Reference value :  1.54976e-06
 Reference value :  1.55076e-06
 Reference value :  1.55226e-06
 Reference value :  1.55326e-06
 Reference value :  1.55476e-06
 Reference value :  1.55576e-06
 Reference value :  1.55676e-06
 Reference value :  1.55826e-06
 Reference value :  1.55976e-06
 Reference value :  1.56126e-06
 Reference value :  1.56226e-06
 Reference value :  1.56326e-06
 Reference value :  1.56476e-06
 Reference value :  1.56626e-06
 Reference value :  1.56776e-06
 Reference value :  1.56876e-06
 Reference value :  1.56976e-06
 Reference value :  1.57076e-06
 Reference value :  1.57176e-06
 Reference value :  1.57276e-06
 Reference value :  1.57376e-06
 Reference value :  1.57450e-06
 Reference value :  1.57465e-06
 Reference value :  1.57517e-06
 Reference value :  1.57550e-06
 Reference value :  1.57563e-06
 Reference value :  1.57608e-06
 Reference value :  1.57676e-06
 Reference value :  1.57763e-06
 Reference value :  1.57863e-06
 Reference value :  1.57963e-06
 Reference value :  1.58063e-06
 Reference value :  1.58163e-06
 Reference value :  1.58263e-06
 Reference value :  1.58363e-06
 Reference value :  1.58463e-06
 Reference value :  1.58563e-06
 Reference value :  1.58663e-06
 Reference value :  1.58763e-06
 Reference value :  1.58863e-06
 Reference value :  1.59013e-06
 Reference value :  1.59113e-06
 Reference value :  1.59213e-06
 Reference value :  1.59363e-06
 Reference value :  1.59513e-06
 Reference value :  1.59613e-06
 Reference value :  1.59763e-06
 Reference value :  1.59863e-06
 Reference value :  1.59963e-06
 Reference value :  1.60113e-06
 Reference value :  1.60263e-06
 Reference value :  1.60363e-06
 Reference value :  1.60463e-06
 Reference value :  1.60563e-06
 Reference value :  1.60663e-06
 Reference value :  1.60763e-06
 Reference value :  1.60913e-06
 Reference value :  1.61013e-06
 Reference value :  1.61113e-06
 Reference value :  1.61213e-06
 Reference value :  1.61313e-06
 Reference value :  1.61413e-06
 Reference value :  1.61513e-06
 Reference value :  1.61590e-06
 Reference value :  1.61622e-06
 Reference value :  1.61679e-06
 Reference value :  1.61698e-06
 Reference value :  1.61717e-06
 Reference value :  1.61728e-06
 Reference value :  1.61737e-06
 Reference value :  1.61760e-06
 Reference value :  1.61773e-06
 Reference value :  1.61801e-06
 Reference value :  1.61862e-06
 Reference value :  1.61962e-06
 Reference value :  1.62112e-06
 Reference value :  1.62262e-06
 Reference value :  1.62362e-06
 Reference value :  1.62462e-06
 Reference value :  1.62562e-06
 Reference value :  1.62712e-06
 Reference value :  1.62862e-06
 Reference value :  1.62962e-06
 Reference value :  1.63062e-06
 Reference value :  1.63162e-06
 Reference value :  1.63262e-06
 Reference value :  1.63362e-06
 Reference value :  1.63462e-06
 Reference value :  1.63562e-06
 Reference value :  1.63662e-06
 Reference value :  1.63812e-06
 Reference value :  1.63962e-06
 Reference value :  1.64062e-06
 Reference value :  1.64212e-06
 Reference value :  1.64362e-06
 Reference value :  1.64512e-06
 Reference value :  1.64612e-06
 Reference value :  1.64762e-06
 Reference value :  1.64912e-06
 Reference value :  1.65012e-06
 Reference value :  1.65162e-06
 Reference value :  1.65312e-06
 Reference value :  1.65462e-06
 Reference value :  1.65612e-06
 Reference value :  1.65712e-06
 Reference value :  1.65788e-06
 Reference value :  1.65818e-06
 Reference value :  1.65851e-06
 Reference value :  1.65883e-06
 Reference value :  1.65897e-06
 Reference value :  1.65941e-06
 Reference value :  1.66008e-06
 Reference value :  1.66094e-06
 Reference value :  1.66194e-06
 Reference value :  1.66294e-06
 Reference value :  1.66394e-06
 Reference value :  1.66494e-06
 Reference value :  1.66594e-06
 Reference value :  1.66744e-06
 Reference value :  1.66894e-06
 Reference value :  1.66994e-06
 Reference value :  1.67094e-06
 Reference value :  1.67244e-06
 Reference value :  1.67394e-06
 Reference value :  1.67494e-06
 Reference value :  1.67544e-06
 Reference value :  1.67594e-06
 Reference value :  1.67694e-06
 Reference value :  1.67794e-06
 Reference value :  1.67894e-06
 Reference value :  1.67994e-06
 Reference value :  1.68094e-06
 Reference value :  1.68194e-06
 Reference value :  1.68344e-06
 Reference value :  1.68444e-06
 Reference value :  1.68594e-06
 Reference value :  1.68744e-06
 Reference value :  1.68844e-06
 Reference value :  1.68944e-06
 Reference value :  1.69044e-06
 Reference value :  1.69194e-06
 Reference value :  1.69294e-06
 Reference value :  1.69394e-06
 Reference value :  1.69544e-06
 Reference value :  1.69694e-06
 Reference value :  1.69794e-06
 Reference value :  1.69894e-06
 Reference value :  1.69950e-06
 Reference value :  1.69985e-06
 Reference value :  1.70009e-06
 Reference value :  1.70029e-06
 Reference value :  1.70050e-06
 Reference value :  1.70061e-06
 Reference value :  1.70089e-06
 Reference value :  1.70111e-06
 Reference value :  1.70124e-06
 Reference value :  1.70149e-06
 Reference value :  1.70182e-06
 Reference value :  1.70232e-06
 Reference value :  1.70332e-06
 Reference value :  1.70432e-06
 Reference value :  1.70532e-06
 Reference value :  1.70632e-06
 Reference value :  1.70782e-06
 Reference value :  1.70882e-06
 Reference value :  1.70982e-06
 Reference value :  1.71082e-06
 Reference value :  1.71232e-06
 Reference value :  1.71332e-06
 Reference value :  1.71482e-06
 Reference value :  1.71582e-06
 Reference value :  1.71782e-06
 Reference value :  1.71932e-06
 Reference value :  1.72082e-06
 Reference value :  1.72232e-06
 Reference value :  1.72382e-06
 Reference value :  1.72482e-06
 Reference value :  1.72582e-06
 Reference value :  1.72732e-06
 Reference value :  1.72882e-06
 Reference value :  1.73032e-06
 Reference value :  1.73182e-06
 Reference value :  1.73282e-06
 Reference value :  1.73432e-06
 Reference value :  1.73582e-06
 Reference value :  1.73732e-06
 Reference value :  1.73882e-06
 Reference value :  1.74032e-06
 Reference value :  1.74122e-06
 Reference value :  1.74152e-06
 Reference value :  1.74184e-06
 Reference value :  1.74221e-06
 Reference value :  1.74248e-06
 Reference value :  1.74275e-06
 Reference value :  1.74342e-06
 Reference value :  1.74429e-06
 Reference value :  1.74579e-06
 Reference value :  1.74679e-06
 Reference value :  1.74779e-06
 Reference value :  1.74929e-06
 Reference value :  1.75029e-06
 Reference value :  1.75179e-06
 Reference value :  1.75329e-06
 Reference value :  1.75479e-06
 Reference value :  1.75579e-06
 Reference value :  1.75729e-06
 Reference value :  1.75879e-06
 Reference value :  1.76029e-06
 Reference value :  1.76129e-06
 Reference value :  1.76229e-06
 Reference value :  1.76379e-06
 Reference value :  1.76479e-06
 Reference value :  1.76629e-06
 Reference value :  1.76779e-06
 Reference value :  1.76879e-06
 Reference value :  1.76929e-06
 Reference value :  1.76979e-06
 Reference value :  1.77079e-06
 Reference value :  1.77179e-06
 Reference value :  1.77279e-06
 Reference value :  1.77379e-06
 Reference value :  1.77479e-06
 Reference value :  1.77579e-06
 Reference value :  1.77729e-06
 Reference value :  1.77879e-06
 Reference value :  1.77979e-06
 Reference value :  1.78079e-06
 Reference value :  1.78179e-06
 Reference value :  1.78283e-06
 Reference value :  1.78318e-06
 Reference value :  1.78342e-06
 Reference value :  1.78363e-06
 Reference value :  1.78383e-06
 Reference value :  1.78385e-06
 Reference value :  1.78397e-06
 Reference value :  1.78415e-06
 Reference value :  1.78426e-06
 Reference value :  1.78438e-06
 Reference value :  1.78449e-06
 Reference value :  1.78461e-06
 Reference value :  1.78474e-06
 Reference value :  1.78490e-06
 Reference value :  1.78536e-06
 Reference value :  1.78611e-06
 Reference value :  1.78711e-06
 Reference value :  1.78811e-06
 Reference value :  1.78911e-06
 Reference value :  1.79011e-06
 Reference value :  1.79161e-06
 Reference value :  1.79311e-06
 Reference value :  1.79411e-06
 Reference value :  1.79511e-06
 Reference value :  1.79611e-06
 Reference value :  1.79761e-06
 Reference value :  1.79911e-06
 Reference value :  1.80061e-06
 Reference value :  1.80211e-06
 Reference value :  1.80361e-06
 Reference value :  1.80511e-06
 Reference value :  1.80661e-06
 Reference value :  1.80761e-06
 Reference value :  1.80861e-06
 Reference value :  1.80961e-06
 Reference value :  1.81111e-06
 Reference value :  1.81211e-06
 Reference value :  1.81361e-06
 Reference value :  1.81461e-06
 Reference value :  1.81611e-06
 Reference value :  1.81761e-06
 Reference value :  1.81911e-06
 Reference value :  1.82011e-06
 Reference value :  1.82111e-06
 Reference value :  1.82261e-06
 Reference value :  1.82361e-06
 Reference value :  1.82450e-06
 Reference value :  1.82465e-06
 Reference value :  1.82517e-06
 Reference value :  1.82550e-06
 Reference value :  1.82563e-06
 Reference value :  1.82608e-06
 Reference value :  1.82676e-06
 Reference value :  1.82763e-06
 Reference value :  1.82913e-06
 Reference value :  1.83063e-06
 Reference value :  1.83163e-06
 Reference value :  1.83313e-06
 Reference value :  1.83463e-06
 Reference value :  1.83613e-06
 Reference value :  1.83763e-06
 Reference value :  1.83863e-06
 Reference value :  1.83963e-06
 Reference value :  1.84113e-06
 Reference value :  1.84263e-06
 Reference value :  1.84363e-06
 Reference value :  1.84513e-06
 Reference value :  1.84613e-06
 Reference value :  1.84763e-06
 Reference value :  1.84863e-06
 Reference value :  1.84963e-06
 Reference value :  1.85063e-06
 Reference value :  1.85163e-06
 Reference value :  1.85313e-06
 Reference value :  1.85463e-06
 Reference value :  1.85613e-06
 Reference value :  1.85763e-06
 Reference value :  1.85913e-06
 Reference value :  1.86013e-06
 Reference value :  1.86063e-06
 Reference value :  1.86113e-06
 Reference value :  1.86213e-06
 Reference value :  1.86313e-06
 Reference value :  1.86413e-06
 Reference value :  1.86513e-06
 Reference value :  1.86590e-06
 Reference value :  1.86632e-06
 Reference value :  1.86675e-06
 Reference value :  1.86696e-06
 Reference value :  1.86717e-06
 Reference value :  1.86718e-06
 Reference value :  1.86725e-06
 Reference value :  1.86735e-06
 Reference value :  1.86754e-06
 Reference value :  1.86765e-06
 Reference value :  1.86776e-06
 Reference value :  1.86801e-06
 Reference value :  1.86837e-06
 Reference value :  1.86863e-06
 Reference value :  1.86939e-06
 Reference value :  1.87039e-06
 Reference value :  1.87139e-06
 Reference value :  1.87239e-06
 Reference value :  1.87339e-06
 Reference value :  1.87489e-06
 Reference value :  1.87639e-06
 Reference value :  1.87789e-06
 Reference value :  1.87939e-06
 Reference value :  1.88089e-06
 Reference value :  1.88239e-06
 Reference value :  1.88339e-06
 Reference value :  1.88439e-06
 Reference value :  1.88539e-06
 Reference value :  1.88689e-06
 Reference value :  1.88839e-06
 Reference value :  1.88939e-06
 Reference value :  1.89039e-06
 Reference value :  1.89139e-06
 Reference value :  1.89239e-06
 Reference value :  1.89389e-06
 Reference value :  1.89489e-06
 Reference value :  1.89639e-06
 Reference value :  1.89739e-06
 Reference value :  1.89889e-06
 Reference value :  1.90039e-06
 Reference value :  1.90139e-06
 Reference value :  1.90289e-06
 Reference value :  1.90439e-06
 Reference value :  1.90589e-06
 Reference value :  1.90736e-06
 Reference value :  1.90798e-06
 Reference value :  1.90851e-06
 Reference value :  1.90883e-06
 Reference value :  1.90897e-06
 Reference value :  1.90942e-06
 Reference value :  1.91009e-06
 Reference value :  1.91096e-06
 Reference value :  1.91246e-06
 Reference value :  1.91346e-06
 Reference value :  1.91496e-06
 Reference value :  1.91596e-06
 Reference value :  1.91746e-06
 Reference value :  1.91846e-06
 Reference value :  1.91946e-06
 Reference value :  1.92046e-06
 Reference value :  1.92146e-06
 Reference value :  1.92296e-06
 Reference value :  1.92446e-06
 Reference value :  1.92596e-06
 Reference value :  1.92746e-06
 Reference value :  1.92846e-06
 Reference value :  1.92996e-06
 Reference value :  1.93146e-06
 Reference value :  1.93246e-06
 Reference value :  1.93346e-06
 Reference value :  1.93446e-06
 Reference value :  1.93596e-06
 Reference value :  1.93696e-06
 Reference value :  1.93846e-06
 Reference value :  1.93996e-06
 Reference value :  1.94146e-06
 Reference value :  1.94296e-06
 Reference value :  1.94396e-06
 Reference value :  1.94496e-06
 Reference value :  1.94646e-06
 Reference value :  1.94796e-06
 Reference value :  1.94846e-06
 Reference value :  1.94896e-06
 Reference value :  1.94923e-06
 Reference value :  1.94955e-06
 Reference value :  1.95000e-06
 Reference value :  1.95011e-06
 Reference value :  1.95025e-06
 Reference value :  1.95037e-06
 Reference value :  1.95050e-06
 Reference value :  1.95051e-06
 Reference value :  1.95056e-06
 Reference value :  1.95058e-06
 Reference value :  1.95065e-06
 Reference value :  1.95073e-06
 Reference value :  1.95096e-06
 Reference value :  1.95102e-06
 Reference value :  1.95112e-06
 Reference value :  1.95141e-06
 Reference value :  1.95159e-06
 Reference value :  1.95206e-06
 Reference value :  1.95282e-06
 Reference value :  1.95382e-06
 Reference value :  1.95482e-06
 Reference value :  1.95582e-06
 Reference value :  1.95682e-06
 Reference value :  1.95832e-06
 Reference value :  1.95932e-06
 Reference value :  1.96032e-06
 Reference value :  1.96182e-06
 Reference value :  1.96282e-06
 Reference value :  1.96432e-06
 Reference value :  1.96532e-06
 Reference value :  1.96682e-06
 Reference value :  1.96832e-06
 Reference value :  1.96982e-06
 Reference value :  1.97082e-06
 Reference value :  1.97232e-06
 Reference value :  1.97382e-06
 Reference value :  1.97482e-06
 Reference value :  1.97632e-06
 Reference value :  1.97732e-06
 Reference value :  1.97832e-06
 Reference value :  1.97932e-06
 Reference value :  1.98032e-06
 Reference value :  1.98132e-06
 Reference value :  1.98232e-06
 Reference value :  1.98382e-06
 Reference value :  1.98532e-06
 Reference value :  1.98682e-06
 Reference value :  1.98782e-06
 Reference value :  1.98882e-06
 Reference value :  1.98982e-06
 Reference value :  1.99074e-06
 Reference value :  1.99132e-06
 Reference value :  1.99184e-06
 Reference value :  1.99217e-06
 Reference value :  1.99230e-06
 Reference value :  1.99275e-06
 Reference value :  1.99343e-06
 Reference value :  1.99430e-06
 Reference value :  1.99580e-06
 Reference value :  1.99730e-06
 Reference value :  1.99830e-06
 Reference value :  1.99980e-06
 Reference value :  2.00130e-06
 Reference value :  2.00230e-06
 Reference value :  2.00330e-06
 Reference value :  2.00480e-06
 Reference value :  2.00580e-06
 Reference value :  2.00730e-06
 Reference value :  2.00830e-06
 Reference value :  2.00980e-06
 Reference value :  2.01130e-06
 Reference value :  2.01280e-06
 Reference value :  2.01380e-06
 Reference value :  2.01480e-06
 Reference value :  2.01630e-06
 Reference value :  2.01780e-06
 Reference value :  2.01930e-06
 Reference value :  2.02030e-06
 Reference value :  2.02180e-06
 Reference value :  2.02280e-06
 Reference value :  2.02380e-06
 Reference value :  2.02480e-06
 Reference value :  2.02580e-06
 Reference value :  2.02680e-06
 Reference value :  2.02830e-06
 Reference value :  2.02930e-06
 Reference value :  2.03080e-06
 Reference value :  2.03180e-06
 Reference value :  2.03283e-06
 Reference value :  2.03298e-06
 Reference value :  2.03342e-06
 Reference value :  2.03363e-06
 Reference value :  2.03383e-06
 Reference value :  2.03387e-06
 Reference value :  2.03405e-06
 Reference value :  2.03415e-06
 Reference value :  2.03427e-06
 Reference value :  2.03438e-06
 Reference value :  2.03451e-06
 Reference value :  2.03483e-06
 Reference value :  2.03564e-06
 Reference value :  2.03664e-06
 Reference value :  2.03764e-06
 Reference value :  2.03864e-06
 Reference value :  2.03964e-06
 Reference value :  2.04064e-06
 Reference value :  2.04164e-06
 Reference value :  2.04314e-06
 Reference value :  2.04464e-06
 Reference value :  2.04614e-06
 Reference value :  2.04764e-06
 Reference value :  2.04864e-06
 Reference value :  2.05014e-06
 Reference value :  2.05114e-06
 Reference value :  2.05214e-06
 Reference value :  2.05314e-06
 Reference value :  2.05464e-06
 Reference value :  2.05564e-06
 Reference value :  2.05664e-06
 Reference value :  2.05814e-06
 Reference value :  2.05964e-06
 Reference value :  2.06064e-06
 Reference value :  2.06164e-06
 Reference value :  2.06264e-06
 Reference value :  2.06414e-06
 Reference value :  2.06514e-06
 Reference value :  2.06614e-06
 Reference value :  2.06714e-06
 Reference value :  2.06814e-06
 Reference value :  2.06914e-06
 Reference value :  2.07014e-06
 Reference value :  2.07114e-06
 Reference value :  2.07264e-06
 Reference value :  2.07364e-06
 Reference value :  2.07450e-06
 Reference value :  2.07485e-06
 Reference value :  2.07517e-06
 Reference value :  2.07550e-06
 Reference value :  2.07563e-06
 Reference value :  2.07608e-06
 Reference value :  2.07676e-06
 Reference value :  2.07763e-06
 Reference value :  2.07913e-06
 Reference value :  2.08013e-06
 Reference value :  2.08113e-06
 Reference value :  2.08213e-06
 Reference value :  2.08313e-06
 Reference value :  2.08463e-06
 Reference value :  2.08613e-06
 Reference value :  2.08713e-06
 Reference value :  2.08863e-06
 Reference value :  2.08963e-06
 Reference value :  2.09063e-06
 Reference value :  2.09213e-06
 Reference value :  2.09363e-06
 Reference value :  2.09513e-06
 Reference value :  2.09613e-06
 Reference value :  2.09713e-06
 Reference value :  2.09813e-06
 Reference value :  2.09963e-06
 Reference value :  2.10063e-06
 Reference value :  2.10213e-06
 Reference value :  2.10363e-06
 Reference value :  2.10463e-06
 Reference value :  2.10613e-06
 Reference value :  2.10763e-06
 Reference value :  2.10913e-06
 Reference value :  2.11013e-06
 Reference value :  2.11113e-06
 Reference value :  2.11213e-06
 Reference value :  2.11313e-06
 Reference value :  2.11413e-06
 Reference value :  2.11513e-06
 Reference value :  2.11590e-06
 Reference value :  2.11632e-06
 Reference value :  2.11675e-06
 Reference value :  2.11696e-06
 Reference value :  2.11717e-06
 Reference value :  2.11720e-06
 Reference value :  2.11737e-06
 Reference value :  2.11746e-06
 Reference value :  2.11755e-06
 Reference value :  2.11774e-06
 Reference value :  2.11793e-06
 Reference value :  2.11814e-06
 Reference value :  2.11848e-06
 Reference value :  2.11929e-06
 Reference value :  2.12029e-06
 Reference value :  2.12129e-06
 Reference value :  2.12229e-06
 Reference value :  2.12329e-06
 Reference value :  2.12429e-06
 Reference value :  2.12529e-06
 Reference value :  2.12679e-06
 Reference value :  2.12779e-06
 Reference value :  2.12879e-06
 Reference value :  2.12979e-06
 Reference value :  2.13079e-06
 Reference value :  2.13179e-06
 Reference value :  2.13279e-06
 Reference value :  2.13379e-06
 Reference value :  2.13479e-06
 Reference value :  2.13579e-06
 Reference value :  2.13679e-06
 Reference value :  2.13829e-06
 Reference value :  2.13929e-06
 Reference value :  2.14029e-06
 Reference value :  2.14129e-06
 Reference value :  2.14229e-06
 Reference value :  2.14329e-06
 Reference value :  2.14429e-06
 Reference value :  2.14529e-06
 Reference value :  2.14629e-06
 Reference value :  2.14779e-06
 Reference value :  2.14879e-06
 Reference value :  2.14979e-06
 Reference value :  2.15129e-06
 Reference value :  2.15279e-06
 Reference value :  2.15379e-06
 Reference value :  2.15479e-06
 Reference value :  2.15579e-06
 Reference value :  2.15679e-06
 Reference value :  2.15756e-06
 Reference value :  2.15798e-06
 Reference value :  2.15851e-06
 Reference value :  2.15888e-06
 Reference value :  2.15918e-06
 Reference value :  2.15944e-06
 Reference value :  2.15972e-06
 Reference value :  2.15996e-06
 Reference value :  2.16017e-06
 Reference value :  2.16040e-06
 Reference value :  2.16070e-06
 Reference value :  2.16101e-06
 Reference value :  2.16141e-06
 Reference value :  2.16234e-06
 Reference value :  2.16384e-06
 Reference value :  2.16484e-06
 Reference value :  2.16584e-06
 Reference value :  2.16734e-06
 Reference value :  2.16834e-06
 Reference value :  2.16934e-06
 Reference value :  2.17034e-06
 Reference value :  2.17184e-06
 Reference value :  2.17334e-06
 Reference value :  2.17484e-06
 Reference value :  2.17634e-06
 Reference value :  2.17734e-06
 Reference value :  2.17834e-06
 Reference value :  2.17984e-06
 Reference value :  2.18084e-06
 Reference value :  2.18184e-06
 Reference value :  2.18284e-06
 Reference value :  2.18434e-06
 Reference value :  2.18534e-06
 Reference value :  2.18634e-06
 Reference value :  2.18734e-06
 Reference value :  2.18834e-06
 Reference value :  2.18934e-06
 Reference value :  2.19034e-06
 Reference value :  2.19184e-06
 Reference value :  2.19334e-06
 Reference value :  2.19434e-06
 Reference value :  2.19584e-06
 Reference value :  2.19684e-06
 Reference value :  2.19784e-06
 Reference value :  2.19917e-06
 Reference value :  2.19965e-06
 Reference value :  2.20013e-06
 Reference value :  2.20032e-06
 Reference value :  2.20050e-06
 Reference value :  2.20053e-06
 Reference value :  2.20059e-06
 Reference value :  2.20067e-06
 Reference value :  2.20086e-06
 Reference value :  2.20096e-06
 Reference value :  2.20116e-06
 Reference value :  2.20135e-06
 Reference value :  2.20193e-06
 Reference value :  2.20337e-06
 Reference value :  2.20437e-06
 Reference value :  2.20537e-06
 Reference value :  2.20637e-06
 Reference value :  2.20737e-06
 Reference value :  2.20837e-06
 Reference value :  2.20937e-06
 Reference value :  2.21037e-06
 Reference value :  2.21137e-06
 Reference value :  2.21237e-06
 Reference value :  2.21337e-06
 Reference value :  2.21437e-06
 Reference value :  2.21587e-06
 Reference value :  2.21737e-06
 Reference value :  2.21837e-06
 Reference value :  2.21987e-06
 Reference value :  2.22087e-06
 Reference value :  2.22187e-06
 Reference value :  2.22287e-06
 Reference value :  2.22387e-06
 Reference value :  2.22537e-06
 Reference value :  2.22637e-06
 Reference value :  2.22737e-06
 Reference value :  2.22837e-06
 Reference value :  2.22937e-06
 Reference value :  2.23087e-06
 Reference value :  2.23237e-06
 Reference value :  2.23387e-06
 Reference value :  2.23487e-06
 Reference value :  2.23587e-06
 Reference value :  2.23687e-06
 Reference value :  2.23787e-06
 Reference value :  2.23887e-06
 Reference value :  2.23987e-06
 Reference value :  2.24117e-06
 Reference value :  2.24132e-06
 Reference value :  2.24184e-06
 Reference value :  2.24217e-06
 Reference value :  2.24230e-06
 Reference value :  2.24274e-06
 Reference value :  2.24306e-06
 Reference value :  2.24332e-06
 Reference value :  2.24354e-06
 Reference value :  2.24378e-06
 Reference value :  2.24407e-06
 Reference value :  2.24485e-06
 Reference value :  2.24578e-06
 Reference value :  2.24678e-06
 Reference value :  2.24828e-06
 Reference value :  2.24928e-06
 Reference value :  2.25028e-06
 Reference value :  2.25128e-06
 Reference value :  2.25278e-06
 Reference value :  2.25378e-06
 Reference value :  2.25528e-06
 Reference value :  2.25628e-06
 Reference value :  2.25728e-06
 Reference value :  2.25878e-06
 Reference value :  2.26028e-06
 Reference value :  2.26128e-06
 Reference value :  2.26228e-06
 Reference value :  2.26378e-06
 Reference value :  2.26478e-06
 Reference value :  2.26628e-06
 Reference value :  2.26778e-06
 Reference value :  2.26878e-06
 Reference value :  2.26978e-06
 Reference value :  2.27078e-06
 Reference value :  2.27228e-06
 Reference value :  2.27378e-06
 Reference value :  2.27478e-06
 Reference value :  2.27578e-06
 Reference value :  2.27728e-06
 Reference value :  2.27828e-06
 Reference value :  2.27978e-06
 Reference value :  2.28078e-06
 Reference value :  2.28178e-06
 Reference value :  2.28283e-06
 Reference value :  2.28298e-06
 Reference value :  2.28344e-06
 Reference value :  2.28364e-06
 Reference value :  2.28383e-06
 Reference value :  2.28385e-06
 Reference value :  2.28391e-06
 Reference value :  2.28400e-06
 Reference value :  2.28419e-06
 Reference value :  2.28440e-06
 Reference value :  2.28453e-06
 Reference value :  2.28465e-06
 Reference value :  2.28477e-06
 Reference value :  2.28490e-06
 Reference value :  2.28506e-06
 Reference value :  2.28552e-06
 Reference value :  2.28627e-06
 Reference value :  2.28727e-06
 Reference value :  2.28827e-06
 Reference value :  2.28927e-06
 Reference value :  2.29027e-06
 Reference value :  2.29177e-06
 Reference value :  2.29327e-06
 Reference value :  2.29477e-06
 Reference value :  2.29627e-06
 Reference value :  2.29727e-06
 Reference value :  2.29827e-06
 Reference value :  2.29977e-06
 Reference value :  2.30127e-06
 Reference value :  2.30277e-06
 Reference value :  2.30427e-06
 Reference value :  2.30577e-06
 Reference value :  2.30727e-06
 Reference value :  2.30827e-06
 Reference value :  2.30927e-06
 Reference value :  2.31027e-06
 Reference value :  2.31127e-06
 Reference value :  2.31227e-06
 Reference value :  2.31327e-06
 Reference value :  2.31477e-06
 Reference value :  2.31627e-06
 Reference value :  2.31777e-06
 Reference value :  2.31927e-06
 Reference value :  2.32027e-06
 Reference value :  2.32127e-06
 Reference value :  2.32227e-06
 Reference value :  2.32327e-06
 Reference value :  2.32450e-06
 Reference value :  2.32465e-06
 Reference value :  2.32517e-06
 Reference value :  2.32554e-06
 Reference value :  2.32581e-06
 Reference value :  2.32608e-06
 Reference value :  2.32675e-06
 Reference value :  2.32761e-06
 Reference value :  2.32911e-06
 Reference value :  2.33061e-06
 Reference value :  2.33261e-06
 Reference value :  2.33461e-06
 Reference value :  2.33661e-06
 Reference value :  2.33811e-06
 Reference value :  2.33961e-06
 Reference value :  2.34111e-06
 Reference value :  2.34211e-06
 Reference value :  2.34311e-06
 Reference value :  2.34411e-06
 Reference value :  2.34561e-06
 Reference value :  2.34761e-06
 Reference value :  2.34961e-06
 Reference value :  2.35161e-06
 Reference value :  2.35361e-06
 Reference value :  2.35561e-06
 Reference value :  2.35761e-06
 Reference value :  2.35961e-06
 Reference value :  2.36111e-06
 Reference value :  2.36311e-06
 Reference value :  2.36511e-06
 Reference value :  2.36622e-06
 Reference value :  2.36679e-06
 Reference value :  2.36717e-06
 Reference value :  2.36728e-06
 Reference value :  2.36737e-06
 Reference value :  2.36765e-06
 Reference value :  2.36779e-06
 Reference value :  2.36799e-06
 Reference value :  2.36852e-06
 Reference value :  2.37002e-06
 Reference value :  2.37202e-06
 Reference value :  2.37302e-06
 Reference value :  2.37402e-06
 Reference value :  2.37552e-06
 Reference value :  2.37652e-06
 Reference value :  2.37752e-06
 Reference value :  2.37852e-06
 Reference value :  2.38002e-06
 Reference value :  2.38102e-06
 Reference value :  2.38202e-06
 Reference value :  2.38352e-06
 Reference value :  2.38452e-06
 Reference value :  2.38602e-06
 Reference value :  2.38702e-06
 Reference value :  2.38802e-06
 Reference value :  2.38952e-06
 Reference value :  2.39102e-06
 Reference value :  2.39252e-06
 Reference value :  2.39402e-06
 Reference value :  2.39552e-06
 Reference value :  2.39702e-06
 Reference value :  2.39852e-06
 Reference value :  2.40002e-06
 Reference value :  2.40152e-06
 Reference value :  2.40302e-06
 Reference value :  2.40452e-06
 Reference value :  2.40602e-06
 Reference value :  2.40743e-06
 Reference value :  2.40798e-06
 Reference value :  2.40851e-06
 Reference value :  2.40883e-06
 Reference value :  2.40897e-06
 Reference value :  2.40941e-06
 Reference value :  2.41008e-06
 Reference value :  2.41145e-06
 Reference value :  2.41245e-06
 Reference value :  2.41345e-06
 Reference value :  2.41495e-06
 Reference value :  2.41645e-06
 Reference value :  2.41795e-06
 Reference value :  2.41945e-06
 Reference value :  2.42095e-06
 Reference value :  2.42195e-06
 Reference value :  2.42295e-06
 Reference value :  2.42445e-06
 Reference value :  2.42495e-06
 Reference value :  2.42545e-06
 Reference value :  2.42645e-06
 Reference value :  2.42745e-06
 Reference value :  2.42845e-06
 Reference value :  2.42945e-06
 Reference value :  2.43045e-06
 Reference value :  2.43145e-06
 Reference value :  2.43295e-06
 Reference value :  2.43495e-06
 Reference value :  2.43695e-06
 Reference value :  2.43895e-06
 Reference value :  2.44045e-06
 Reference value :  2.44245e-06
 Reference value :  2.44445e-06
 Reference value :  2.44595e-06
 Reference value :  2.44745e-06
 Reference value :  2.44895e-06
 Reference value :  2.44955e-06
 Reference value :  2.45012e-06
 Reference value :  2.45031e-06
 Reference value :  2.45050e-06
 Reference value :  2.45061e-06
 Reference value :  2.45092e-06
 Reference value :  2.45109e-06
 Reference value :  2.45121e-06
 Reference value :  2.45131e-06
 Reference value :  2.45144e-06
 Reference value :  2.45157e-06
 Reference value :  2.45196e-06
 Reference value :  2.45272e-06
 Reference value :  2.45372e-06
 Reference value :  2.45472e-06
 Reference value :  2.45572e-06
 Reference value :  2.45672e-06
 Reference value :  2.45772e-06
 Reference value :  2.45872e-06
 Reference value :  2.46022e-06
 Reference value :  2.46172e-06
 Reference value :  2.46322e-06
 Reference value :  2.46472e-06
 Reference value :  2.46622e-06
 Reference value :  2.46722e-06
 Reference value :  2.46872e-06
 Reference value :  2.47022e-06
 Reference value :  2.47172e-06
 Reference value :  2.47322e-06
 Reference value :  2.47422e-06
 Reference value :  2.47572e-06
 Reference value :  2.47722e-06
 Reference value :  2.47822e-06
 Reference value :  2.47922e-06
 Reference value :  2.48072e-06
 Reference value :  2.48172e-06
 Reference value :  2.48322e-06
 Reference value :  2.48472e-06
 Reference value :  2.48622e-06
 Reference value :  2.48722e-06
 Reference value :  2.48822e-06
 Reference value :  2.48972e-06
 Reference value :  2.49117e-06
 Reference value :  2.49152e-06
 Reference value :  2.49184e-06
 Reference value :  2.49217e-06
 Reference value :  2.49230e-06
 Reference value :  2.49275e-06
 Reference value :  2.49342e-06
 Reference value :  2.49428e-06
 Reference value :  2.49578e-06
 Reference value :  2.49678e-06
 Reference value :  2.49778e-06
 Reference value :  2.49878e-06
 Reference value :  2.50028e-06
 Reference value :  2.50228e-06
 Reference value :  2.50378e-06
 Reference value :  2.50528e-06
 Reference value :  2.50678e-06
 Reference value :  2.50828e-06
 Reference value :  2.50928e-06
 Reference value :  2.51078e-06
 Reference value :  2.51228e-06
 Reference value :  2.51378e-06
 Reference value :  2.51528e-06
 Reference value :  2.51678e-06
 Reference value :  2.51828e-06
 Reference value :  2.51978e-06
 Reference value :  2.52128e-06
 Reference value :  2.52278e-06
 Reference value :  2.52428e-06
 Reference value :  2.52578e-06
 Reference value :  2.52728e-06
 Reference value :  2.52878e-06
 Reference value :  2.53028e-06
 Reference value :  2.53128e-06
 Reference value :  2.53283e-06
 Reference value :  2.53318e-06
 Reference value :  2.53346e-06
 Reference value :  2.53365e-06
 Reference value :  2.53383e-06
 Reference value :  2.53395e-06
 Reference value :  2.53403e-06
 Reference value :  2.53432e-06
 Reference value :  2.53446e-06
 Reference value :  2.53455e-06
 Reference value :  2.53478e-06
 Reference value :  2.53519e-06
 Reference value :  2.53619e-06
 Reference value :  2.53769e-06
 Reference value :  2.53919e-06
 Reference value :  2.54069e-06
 Reference value :  2.54219e-06
 Reference value :  2.54369e-06
 Reference value :  2.54519e-06
 Reference value :  2.54669e-06
 Reference value :  2.54819e-06
 Reference value :  2.54919e-06
 Reference value :  2.55069e-06
 Reference value :  2.55169e-06
 Reference value :  2.55319e-06
 Reference value :  2.55419e-06
 Reference value :  2.55519e-06
 Reference value :  2.55669e-06
 Reference value :  2.55819e-06
 Reference value :  2.56019e-06
 Reference value :  2.56169e-06
 Reference value :  2.56269e-06
 Reference value :  2.56419e-06
 Reference value :  2.56569e-06
 Reference value :  2.56669e-06
 Reference value :  2.56769e-06
 Reference value :  2.56869e-06
 Reference value :  2.56969e-06
 Reference value :  2.57069e-06
 Reference value :  2.57169e-06
 Reference value :  2.57319e-06
 Reference value :  2.57410e-06
 Reference value :  2.57455e-06
 Reference value :  2.57485e-06
 Reference value :  2.57517e-06
 Reference value :  2.57550e-06
 Reference value :  2.57563e-06
 Reference value :  2.57608e-06
 Reference value :  2.57675e-06
 Reference value :  2.57762e-06
 Reference value :  2.57862e-06
 Reference value :  2.57962e-06
 Reference value :  2.58062e-06
 Reference value :  2.58212e-06
 Reference value :  2.58312e-06
 Reference value :  2.58462e-06
 Reference value :  2.58612e-06
 Reference value :  2.58762e-06
 Reference value :  2.58812e-06
 Reference value :  2.58912e-06
 Reference value :  2.59012e-06
 Reference value :  2.59112e-06
 Reference value :  2.59162e-06
 Reference value :  2.59212e-06
 Reference value :  2.59312e-06
 Reference value :  2.59412e-06
 Reference value :  2.59512e-06
 Reference value :  2.59612e-06
 Reference value :  2.59712e-06
 Reference value :  2.59862e-06
 Reference value :  2.60012e-06
 Reference value :  2.60162e-06
 Reference value :  2.60312e-06
 Reference value :  2.60412e-06
 Reference value :  2.60512e-06
 Reference value :  2.60612e-06
 Reference value :  2.60712e-06
 Reference value :  2.60862e-06
 Reference value :  2.61012e-06
 Reference value :  2.61162e-06
 Reference value :  2.61312e-06
 Reference value :  2.61462e-06
 Reference value :  2.61589e-06
 Reference value :  2.61632e-06
 Reference value :  2.61679e-06
 Reference value :  2.61698e-06
 Reference value :  2.61717e-06
 Reference value :  2.61728e-06
 Reference value :  2.61737e-06
 Reference value :  2.61766e-06
 Reference value :  2.61779e-06
 Reference value :  2.61789e-06
 Reference value :  2.61812e-06
 Reference value :  2.61855e-06
 Reference value :  2.61955e-06
 Reference value :  2.62055e-06
 Reference value :  2.62155e-06
 Reference value :  2.62305e-06
 Reference value :  2.62405e-06
 Reference value :  2.62505e-06
 Reference value :  2.62605e-06
 Reference value :  2.62755e-06
 Reference value :  2.62855e-06
 Reference value :  2.62955e-06
 Reference value :  2.63105e-06
 Reference value :  2.63205e-06
 Reference value :  2.63305e-06
 Reference value :  2.63455e-06
 Reference value :  2.63555e-06
 Reference value :  2.63655e-06
 Reference value :  2.63805e-06
 Reference value :  2.63905e-06
 Reference value :  2.64005e-06
 Reference value :  2.64155e-06
 Reference value :  2.64305e-06
 Reference value :  2.64455e-06
 Reference value :  2.64605e-06
 Reference value :  2.64755e-06
 Reference value :  2.64905e-06
 Reference value :  2.65105e-06
 Reference value :  2.65255e-06
 Reference value :  2.65355e-06
 Reference value :  2.65505e-06
 Reference value :  2.65655e-06
 Reference value :  2.65783e-06
 Reference value :  2.65818e-06
 Reference value :  2.65851e-06
 Reference value :  2.65883e-06
 Reference value :  2.65897e-06
 Reference value :  2.65941e-06
 Reference value :  2.66009e-06
 Reference value :  2.66096e-06
 Reference value :  2.66196e-06
 Reference value :  2.66296e-06
 Reference value :  2.66446e-06
 Reference value :  2.66546e-06
 Reference value :  2.66646e-06
 Reference value :  2.66746e-06
 Reference value :  2.66896e-06
 Reference value :  2.67046e-06
 Reference value :  2.67146e-06
 Reference value :  2.67246e-06
 Reference value :  2.67346e-06
 Reference value :  2.67446e-06
 Reference value :  2.67546e-06
 Reference value :  2.67646e-06
 Reference value :  2.67746e-06
 Reference value :  2.67846e-06
 Reference value :  2.67996e-06
 Reference value :  2.68146e-06
 Reference value :  2.68296e-06
 Reference value :  2.68396e-06
 Reference value :  2.68496e-06
 Reference value :  2.68596e-06
 Reference value :  2.68696e-06
 Reference value :  2.68796e-06
 Reference value :  2.68896e-06
 Reference value :  2.68996e-06
 Reference value :  2.69096e-06
 Reference value :  2.69246e-06
 Reference value :  2.69396e-06
 Reference value :  2.69496e-06
 Reference value :  2.69596e-06
 Reference value :  2.69696e-06
 Reference value :  2.69846e-06
 Reference value :  2.69923e-06
 Reference value :  2.69955e-06
 Reference value :  2.69985e-06
 Reference value :  2.70008e-06
 Reference value :  2.70029e-06
 Reference value :  2.70050e-06
 Reference value :  2.70060e-06
 Reference value :  2.70073e-06
 Reference value :  2.70104e-06
 Reference value :  2.70116e-06
 Reference value :  2.70140e-06
 Reference value :  2.70171e-06
 Reference value :  2.70259e-06
 Reference value :  2.70359e-06
 Reference value :  2.70459e-06
 Reference value :  2.70609e-06
 Reference value :  2.70759e-06
 Reference value :  2.70909e-06
 Reference value :  2.71009e-06
 Reference value :  2.71109e-06
 Reference value :  2.71209e-06
 Reference value :  2.71309e-06
 Reference value :  2.71409e-06
 Reference value :  2.71509e-06
 Reference value :  2.71609e-06
 Reference value :  2.71709e-06
 Reference value :  2.71809e-06
 Reference value :  2.71909e-06
 Reference value :  2.72009e-06
 Reference value :  2.72109e-06
 Reference value :  2.72209e-06
 Reference value :  2.72359e-06
 Reference value :  2.72509e-06
 Reference value :  2.72609e-06
 Reference value :  2.72709e-06
 Reference value :  2.72859e-06
 Reference value :  2.72959e-06
 Reference value :  2.73109e-06
 Reference value :  2.73259e-06
 Reference value :  2.73409e-06
 Reference value :  2.73559e-06
 Reference value :  2.73709e-06
 Reference value :  2.73859e-06
 Reference value :  2.73959e-06
 Reference value :  2.74059e-06
 Reference value :  2.74122e-06
 Reference value :  2.74152e-06
 Reference value :  2.74184e-06
 Reference value :  2.74217e-06
 Reference value :  2.74230e-06
 Reference value :  2.74275e-06
 Reference value :  2.74342e-06
 Reference value :  2.74429e-06
 Reference value :  2.74579e-06
 Reference value :  2.74679e-06
 Reference value :  2.74779e-06
 Reference value :  2.74879e-06
 Reference value :  2.74979e-06
 Reference value :  2.75079e-06
 Reference value :  2.75179e-06
 Reference value :  2.75329e-06
 Reference value :  2.75429e-06
 Reference value :  2.75529e-06
 Reference value :  2.75629e-06
 Reference value :  2.75729e-06
 Reference value :  2.75779e-06
 Reference value :  2.75879e-06
 Reference value :  2.75979e-06
 Reference value :  2.76079e-06
 Reference value :  2.76179e-06
 Reference value :  2.76279e-06
 Reference value :  2.76379e-06
 Reference value :  2.76479e-06
 Reference value :  2.76579e-06
 Reference value :  2.76679e-06
 Reference value :  2.76779e-06
 Reference value :  2.76929e-06
 Reference value :  2.77079e-06
 Reference value :  2.77179e-06
 Reference value :  2.77279e-06
 Reference value :  2.77379e-06
 Reference value :  2.77479e-06
 Reference value :  2.77579e-06
 Reference value :  2.77729e-06
 Reference value :  2.77829e-06
 Reference value :  2.77929e-06
 Reference value :  2.78029e-06
 Reference value :  2.78129e-06
 Reference value :  2.78256e-06
 Reference value :  2.78288e-06
 Reference value :  2.78318e-06
 Reference value :  2.78342e-06
 Reference value :  2.78363e-06
 Reference value :  2.78383e-06
 Reference value :  2.78385e-06
 Reference value :  2.78395e-06
 Reference value :  2.78412e-06
 Reference value :  2.78423e-06
 Reference value :  2.78436e-06
 Reference value :  2.78447e-06
 Reference value :  2.78468e-06
 Reference value :  2.78496e-06
 Reference value :  2.78579e-06
 Reference value :  2.78679e-06
 Reference value :  2.78779e-06
 Reference value :  2.78879e-06
 Reference value :  2.78979e-06
 Reference value :  2.79129e-06
 Reference value :  2.79229e-06
 Reference value :  2.79329e-06
 Reference value :  2.79429e-06
 Reference value :  2.79579e-06
 Reference value :  2.79679e-06
 Reference value :  2.79779e-06
 Reference value :  2.79879e-06
 Reference value :  2.79979e-06
 Reference value :  2.80129e-06
 Reference value :  2.80279e-06
 Reference value :  2.80379e-06
 Reference value :  2.80529e-06
 Reference value :  2.80629e-06
 Reference value :  2.80729e-06
 Reference value :  2.80879e-06
 Reference value :  2.80979e-06
 Reference value :  2.81079e-06
 Reference value :  2.81179e-06
 Reference value :  2.81329e-06
 Reference value :  2.81479e-06
 Reference value :  2.81579e-06
 Reference value :  2.81729e-06
 Reference value :  2.81879e-06
 Reference value :  2.82029e-06
 Reference value :  2.82229e-06
 Reference value :  2.82379e-06
 Reference value :  2.82455e-06
 Reference value :  2.82517e-06
 Reference value :  2.82554e-06
 Reference value :  2.82581e-06
 Reference value :  2.82608e-06
 Reference value :  2.82675e-06
 Reference value :  2.82762e-06
 Reference value :  2.82862e-06
 Reference value :  2.82962e-06
 Reference value :  2.83062e-06
 Reference value :  2.83162e-06
 Reference value :  2.83262e-06
 Reference value :  2.83362e-06
 Reference value :  2.83462e-06
 Reference value :  2.83562e-06
 Reference value :  2.83662e-06
 Reference value :  2.83762e-06
 Reference value :  2.83812e-06
 Reference value :  2.83912e-06
 Reference value :  2.84012e-06
 Reference value :  2.84112e-06
 Reference value :  2.84162e-06
 Reference value :  2.84262e-06
 Reference value :  2.84362e-06
 Reference value :  2.84462e-06
 Reference value :  2.84562e-06
 Reference value :  2.84662e-06
 Reference value :  2.84762e-06
 Reference value :  2.84912e-06
 Reference value :  2.85062e-06
 Reference value :  2.85212e-06
 Reference value :  2.85362e-06
 Reference value :  2.85512e-06
 Reference value :  2.85662e-06
 Reference value :  2.85812e-06
 Reference value :  2.85962e-06
 Reference value :  2.86062e-06
 Reference value :  2.86162e-06
 Reference value :  2.86312e-06
 Reference value :  2.86462e-06
 Reference value :  2.86562e-06
 Reference value :  2.86622e-06
 Reference value :  2.86675e-06
 Reference value :  2.86696e-06
 Reference value :  2.86717e-06
 Reference value :  2.86718e-06
 Reference value :  2.86725e-06
 Reference value :  2.86735e-06
 Reference value :  2.86753e-06
 Reference value :  2.86770e-06
 Reference value :  2.86781e-06
 Reference value :  2.86805e-06
 Reference value :  2.86834e-06
 Reference value :  2.86919e-06
 Reference value :  2.87019e-06
 Reference value :  2.87119e-06
 Reference value :  2.87219e-06
 Reference value :  2.87369e-06
 Reference value :  2.87469e-06
 Reference value :  2.87569e-06
 Reference value :  2.87669e-06
 Reference value :  2.87769e-06
 Reference value :  2.87869e-06
 Reference value :  2.88019e-06
 Reference value :  2.88169e-06
 Reference value :  2.88269e-06
 Reference value :  2.88369e-06
 Reference value :  2.88469e-06
 Reference value :  2.88569e-06
 Reference value :  2.88719e-06
 Reference value :  2.88819e-06
 Reference value :  2.88919e-06
 Reference value :  2.89069e-06
 Reference value :  2.89169e-06
 Reference value :  2.89319e-06
 Reference value :  2.89419e-06
 Reference value :  2.89519e-06
 Reference value :  2.89619e-06
 Reference value :  2.89719e-06
 Reference value :  2.89869e-06
 Reference value :  2.90019e-06
 Reference value :  2.90169e-06
 Reference value :  2.90319e-06
 Reference value :  2.90419e-06
 Reference value :  2.90519e-06
 Reference value :  2.90619e-06
 Reference value :  2.90751e-06
 Reference value :  2.90798e-06
 Reference value :  2.90851e-06
 Reference value :  2.90888e-06
 Reference value :  2.90915e-06
 Reference value :  2.90941e-06
 Reference value :  2.91009e-06
 Reference value :  2.91095e-06
 Reference value :  2.91195e-06
 Reference value :  2.91295e-06
 Reference value :  2.91395e-06
 Reference value :  2.91545e-06
 Reference value :  2.91695e-06
 Reference value :  2.91795e-06
 Reference value :  2.91945e-06
 Reference value :  2.92045e-06
 Reference value :  2.92145e-06
 Reference value :  2.92245e-06
 Reference value :  2.92345e-06
 Reference value :  2.92445e-06
 Reference value :  2.92495e-06
 Reference value :  2.92545e-06
 Reference value :  2.92645e-06
 Reference value :  2.92745e-06
 Reference value :  2.92845e-06
 Reference value :  2.92995e-06
 Reference value :  2.93145e-06
 Reference value :  2.93295e-06
 Reference value :  2.93495e-06
 Reference value :  2.93695e-06
 Reference value :  2.93845e-06
 Reference value :  2.93945e-06
 Reference value :  2.94095e-06
 Reference value :  2.94195e-06
 Reference value :  2.94295e-06
 Reference value :  2.94445e-06
 Reference value :  2.94545e-06
 Reference value :  2.94695e-06
 Reference value :  2.94845e-06
 Reference value :  2.94923e-06
 Reference value :  2.94965e-06
 Reference value :  2.95000e-06
 Reference value :  2.95011e-06
 Reference value :  2.95025e-06
 Reference value :  2.95037e-06
 Reference value :  2.95050e-06
 Reference value :  2.95051e-06
 Reference value :  2.95055e-06
 Reference value :  2.95058e-06
 Reference value :  2.95064e-06
 Reference value :  2.95081e-06
 Reference value :  2.95100e-06
 Reference value :  2.95106e-06
 Reference value :  2.95112e-06
 Reference value :  2.95126e-06
 Reference value :  2.95150e-06
 Reference value :  2.95268e-06
 Reference value :  2.95418e-06
 Reference value :  2.95568e-06
 Reference value :  2.95718e-06
 Reference value :  2.95818e-06
 Reference value :  2.95918e-06
 Reference value :  2.96068e-06
 Reference value :  2.96218e-06
 Reference value :  2.96318e-06
 Reference value :  2.96418e-06
 Reference value :  2.96568e-06
 Reference value :  2.96718e-06
 Reference value :  2.96868e-06
 Reference value :  2.97018e-06
 Reference value :  2.97168e-06
 Reference value :  2.97318e-06
 Reference value :  2.97468e-06
 Reference value :  2.97618e-06
 Reference value :  2.97768e-06
 Reference value :  2.97868e-06
 Reference value :  2.98018e-06
 Reference value :  2.98168e-06
 Reference value :  2.98318e-06
 Reference value :  2.98468e-06
 Reference value :  2.98618e-06
 Reference value :  2.98768e-06
 Reference value :  2.98918e-06
 Reference value :  2.99068e-06
 Reference value :  2.99132e-06
 Reference value :  2.99184e-06
 Reference value :  2.99217e-06
 Reference value :  2.99230e-06
 Reference value :  2.99275e-06
 Reference value :  2.99342e-06
 Reference value :  2.99428e-06
 Reference value :  2.99528e-06
 Reference value :  2.99628e-06
 Reference value :  2.99728e-06
 Reference value :  2.99828e-06
 Reference value :  2.99978e-06
 Reference value :  3.00128e-06
 Reference value :  3.00228e-06
 Reference value :  3.00378e-06
 Reference value :  3.00478e-06
 Reference value :  3.00578e-06
 Reference value :  3.00728e-06
 Reference value :  3.00878e-06
 Reference value :  3.00978e-06
 Reference value :  3.01078e-06
 Reference value :  3.01178e-06
 Reference value :  3.01328e-06
 Reference value :  3.01478e-06
 Reference value :  3.01578e-06
 Reference value :  3.01678e-06
 Reference value :  3.01828e-06
 Reference value :  3.01928e-06
 Reference value :  3.02028e-06
 Reference value :  3.02178e-06
 Reference value :  3.02328e-06
 Reference value :  3.02428e-06
 Reference value :  3.02528e-06
 Reference value :  3.02678e-06
 Reference value :  3.02828e-06
 Reference value :  3.02928e-06
 Reference value :  3.03078e-06
 Reference value :  3.03228e-06
 Reference value :  3.03283e-06
 Reference value :  3.03342e-06
 Reference value :  3.03363e-06
 Reference value :  3.03383e-06
 Reference value :  3.03394e-06
 Reference value :  3.03415e-06
 Reference value :  3.03441e-06
 Reference value :  3.03451e-06
 Reference value :  3.03472e-06
 Reference value :  3.03507e-06
 Reference value :  3.03600e-06
 Reference value :  3.03700e-06
 Reference value :  3.03800e-06
 Reference value :  3.03950e-06
 Reference value :  3.04100e-06
 Reference value :  3.04250e-06
 Reference value :  3.04400e-06
 Reference value :  3.04550e-06
 Reference value :  3.04650e-06
 Reference value :  3.04800e-06
 Reference value :  3.04950e-06
 Reference value :  3.05100e-06
 Reference value :  3.05250e-06
 Reference value :  3.05350e-06
 Reference value :  3.05450e-06
 Reference value :  3.05600e-06
 Reference value :  3.05800e-06
 Reference value :  3.06000e-06
 Reference value :  3.06100e-06
 Reference value :  3.06200e-06
 Reference value :  3.06300e-06
 Reference value :  3.06450e-06
 Reference value :  3.06600e-06
 Reference value :  3.06750e-06
 Reference value :  3.06850e-06
 Reference value :  3.07000e-06
 Reference value :  3.07100e-06
 Reference value :  3.07200e-06
 Reference value :  3.07300e-06
 Reference value :  3.07450e-06
 Reference value :  3.07465e-06
 Reference value :  3.07517e-06
 Reference value :  3.07550e-06
 Reference value :  3.07563e-06
 Reference value :  3.07608e-06
 Reference value :  3.07675e-06
 Reference value :  3.07762e-06
 Reference value :  3.07862e-06
 Reference value :  3.07962e-06
 Reference value :  3.08112e-06
 Reference value :  3.08212e-06
 Reference value :  3.08312e-06
 Reference value :  3.08412e-06
 Reference value :  3.08512e-06
 Reference value :  3.08662e-06
 Reference value :  3.08762e-06
 Reference value :  3.08862e-06
 Reference value :  3.09012e-06
 Reference value :  3.09112e-06
 Reference value :  3.09162e-06
 Reference value :  3.09212e-06
 Reference value :  3.09312e-06
 Reference value :  3.09412e-06
 Reference value :  3.09562e-06
 Reference value :  3.09712e-06
 Reference value :  3.09862e-06
 Reference value :  3.10012e-06
 Reference value :  3.10162e-06
 Reference value :  3.10262e-06
 Reference value :  3.10412e-06
 Reference value :  3.10512e-06
 Reference value :  3.10662e-06
 Reference value :  3.10812e-06
 Reference value :  3.10962e-06
 Reference value :  3.11062e-06
 Reference value :  3.11162e-06
 Reference value :  3.11312e-06
 Reference value :  3.11412e-06
 Reference value :  3.11562e-06
 Reference value :  3.11622e-06
 Reference value :  3.11680e-06
 Reference value :  3.11698e-06
 Reference value :  3.11717e-06
 Reference value :  3.11720e-06
 Reference value :  3.11728e-06
 Reference value :  3.11738e-06
 Reference value :  3.11755e-06
 Reference value :  3.11779e-06
 Reference value :  3.11788e-06
 Reference value :  3.11821e-06
 Reference value :  3.11946e-06
 Reference value :  3.12096e-06
 Reference value :  3.12246e-06
 Reference value :  3.12396e-06
 Reference value :  3.12546e-06
 Reference value :  3.12696e-06
 Reference value :  3.12796e-06
 Reference value :  3.12946e-06
 Reference value :  3.13046e-06
 Reference value :  3.13196e-06
 Reference value :  3.13346e-06
 Reference value :  3.13496e-06
 Reference value :  3.13646e-06
 Reference value :  3.13746e-06
 Reference value :  3.13846e-06
 Reference value :  3.13946e-06
 Reference value :  3.14046e-06
 Reference value :  3.14196e-06
 Reference value :  3.14346e-06
 Reference value :  3.14496e-06
 Reference value :  3.14646e-06
 Reference value :  3.14796e-06
 Reference value :  3.14946e-06
 Reference value :  3.15096e-06
 Reference value :  3.15246e-06
 Reference value :  3.15446e-06
 Reference value :  3.15596e-06
 Reference value :  3.15740e-06
 Reference value :  3.15798e-06
 Reference value :  3.15851e-06
 Reference value :  3.15888e-06
 Reference value :  3.15918e-06
 Reference value :  3.15948e-06
 Reference value :  3.16010e-06
 Reference value :  3.16083e-06
 Reference value :  3.16128e-06
 Reference value :  3.16178e-06
 Reference value :  3.16210e-06
 Reference value :  3.16286e-06
 Reference value :  3.16383e-06
 Reference value :  3.16533e-06
 Reference value :  3.16633e-06
 Reference value :  3.16783e-06
 Reference value :  3.16883e-06
 Reference value :  3.16983e-06
 Reference value :  3.17133e-06
 Reference value :  3.17233e-06
 Reference value :  3.17383e-06
 Reference value :  3.17533e-06
 Reference value :  3.17633e-06
 Reference value :  3.17783e-06
 Reference value :  3.17933e-06
 Reference value :  3.18033e-06
 Reference value :  3.18133e-06
 Reference value :  3.18233e-06
 Reference value :  3.18333e-06
 Reference value :  3.18483e-06
 Reference value :  3.18633e-06
 Reference value :  3.18733e-06
 Reference value :  3.18833e-06
 Reference value :  3.18983e-06
 Reference value :  3.19133e-06
 Reference value :  3.19283e-06
 Reference value :  3.19433e-06
 Reference value :  3.19583e-06
 Reference value :  3.19733e-06
 Reference value :  3.19883e-06
 Reference value :  3.19950e-06
 Reference value :  3.19985e-06
 Reference value :  3.20013e-06
 Reference value :  3.20032e-06
 Reference value :  3.20050e-06
 Reference value :  3.20053e-06
 Reference value :  3.20067e-06
 Reference value :  3.20087e-06
 Reference value :  3.20097e-06
 Reference value :  3.20107e-06
 Reference value :  3.20115e-06
 Reference value :  3.20132e-06
 Reference value :  3.20191e-06
 Reference value :  3.20341e-06
 Reference value :  3.20541e-06
 Reference value :  3.20691e-06
 Reference value :  3.20841e-06
 Reference value :  3.20991e-06
 Reference value :  3.21141e-06
 Reference value :  3.21241e-06
 Reference value :  3.21391e-06
 Reference value :  3.21541e-06
 Reference value :  3.21641e-06
 Reference value :  3.21741e-06
 Reference value :  3.21841e-06
 Reference value :  3.21941e-06
 Reference value :  3.22041e-06
 Reference value :  3.22141e-06
 Reference value :  3.22241e-06
 Reference value :  3.22391e-06
 Reference value :  3.22541e-06
 Reference value :  3.22691e-06
 Reference value :  3.22841e-06
 Reference value :  3.22991e-06
 Reference value :  3.23141e-06
 Reference value :  3.23291e-06
 Reference value :  3.23441e-06
 Reference value :  3.23541e-06
 Reference value :  3.23691e-06
 Reference value :  3.23841e-06
 Reference value :  3.23991e-06
 Reference value :  3.24079e-06
 Reference value :  3.24132e-06
 Reference value :  3.24184e-06
 Reference value :  3.24217e-06
 Reference value :  3.24230e-06
 Reference value :  3.24275e-06
 Reference value :  3.24341e-06
 Reference value :  3.24377e-06
 Reference value :  3.24411e-06
 Reference value :  3.24458e-06
 Reference value :  3.24508e-06
 Reference value :  3.24558e-06
 Reference value :  3.24596e-06
 Reference value :  3.24678e-06
 Reference value :  3.24778e-06
 Reference value :  3.24878e-06
 Reference value :  3.25028e-06
 Reference value :  3.25178e-06
 Reference value :  3.25278e-06
 Reference value :  3.25378e-06
 Reference value :  3.25478e-06
 Reference value :  3.25578e-06
 Reference value :  3.25728e-06
 Reference value :  3.25828e-06
 Reference value :  3.25928e-06
 Reference value :  3.26028e-06
 Reference value :  3.26178e-06
 Reference value :  3.26328e-06
 Reference value :  3.26428e-06
 Reference value :  3.26578e-06
 Reference value :  3.26678e-06
 Reference value :  3.26778e-06
 Reference value :  3.26878e-06
 Reference value :  3.27028e-06
 Reference value :  3.27178e-06
 Reference value :  3.27278e-06
 Reference value :  3.27378e-06
 Reference value :  3.27478e-06
 Reference value :  3.27578e-06
 Reference value :  3.27678e-06
 Reference value :  3.27828e-06
 Reference value :  3.27978e-06
 Reference value :  3.28078e-06
 Reference value :  3.28178e-06
 Reference value :  3.28255e-06
 Reference value :  3.28288e-06
 Reference value :  3.28318e-06
 Reference value :  3.28342e-06
 Reference value :  3.28363e-06
 Reference value :  3.28383e-06
 Reference value :  3.28385e-06
 Reference value :  3.28394e-06
 Reference value :  3.28408e-06
 Reference value :  3.28419e-06
 Reference value :  3.28430e-06
 Reference value :  3.28440e-06
 Reference value :  3.28449e-06
 Reference value :  3.28466e-06
 Reference value :  3.28492e-06
 Reference value :  3.28531e-06
 Reference value :  3.28558e-06
 Reference value :  3.28633e-06
 Reference value :  3.28733e-06
 Reference value :  3.28833e-06
 Reference value :  3.28933e-06
 Reference value :  3.29083e-06
 Reference value :  3.29183e-06
 Reference value :  3.29283e-06
 Reference value :  3.29383e-06
 Reference value :  3.29483e-06
 Reference value :  3.29633e-06
 Reference value :  3.29783e-06
 Reference value :  3.29933e-06
 Reference value :  3.30083e-06
 Reference value :  3.30233e-06
 Reference value :  3.30383e-06
 Reference value :  3.30483e-06
 Reference value :  3.30633e-06
 Reference value :  3.30783e-06
 Reference value :  3.30933e-06
 Reference value :  3.31083e-06
 Reference value :  3.31283e-06
 Reference value :  3.31483e-06
 Reference value :  3.31633e-06
 Reference value :  3.31733e-06
 Reference value :  3.31883e-06
 Reference value :  3.32033e-06
 Reference value :  3.32183e-06
 Reference value :  3.32283e-06
 Reference value :  3.32383e-06
 Reference value :  3.32455e-06
 Reference value :  3.32517e-06
 Reference value :  3.32550e-06
 Reference value :  3.32563e-06
 Reference value :  3.32607e-06
 Reference value :  3.32672e-06
 Reference value :  3.32740e-06
 Reference value :  3.32776e-06
 Reference value :  3.32876e-06
 Reference value :  3.32976e-06
 Reference value :  3.33076e-06
 Reference value :  3.33176e-06
 Reference value :  3.33326e-06
 Reference value :  3.33476e-06
 Reference value :  3.33576e-06
 Reference value :  3.33726e-06
 Reference value :  3.33826e-06
 Reference value :  3.33926e-06
 Reference value :  3.34026e-06
 Reference value :  3.34126e-06
 Reference value :  3.34226e-06
 Reference value :  3.34326e-06
 Reference value :  3.34426e-06
 Reference value :  3.34526e-06
 Reference value :  3.34676e-06
 Reference value :  3.34826e-06
 Reference value :  3.34926e-06
 Reference value :  3.35076e-06
 Reference value :  3.35226e-06
 Reference value :  3.35326e-06
 Reference value :  3.35426e-06
 Reference value :  3.35526e-06
 Reference value :  3.35626e-06
 Reference value :  3.35726e-06
 Reference value :  3.35826e-06
 Reference value :  3.35976e-06
 Reference value :  3.36126e-06
 Reference value :  3.36276e-06
 Reference value :  3.36376e-06
 Reference value :  3.36526e-06
 Reference value :  3.36622e-06
 Reference value :  3.36652e-06
 Reference value :  3.36679e-06
 Reference value :  3.36698e-06
 Reference value :  3.36717e-06
 Reference value :  3.36728e-06
 Reference value :  3.36737e-06
 Reference value :  3.36765e-06
 Reference value :  3.36780e-06
 Reference value :  3.36791e-06
 Reference value :  3.36812e-06
 Reference value :  3.36852e-06
 Reference value :  3.36952e-06
 Reference value :  3.37052e-06
 Reference value :  3.37152e-06
 Reference value :  3.37302e-06
 Reference value :  3.37402e-06
 Reference value :  3.37502e-06
 Reference value :  3.37652e-06
 Reference value :  3.37802e-06
 Reference value :  3.37902e-06
 Reference value :  3.38052e-06
 Reference value :  3.38152e-06
 Reference value :  3.38252e-06
 Reference value :  3.38352e-06
 Reference value :  3.38502e-06
 Reference value :  3.38602e-06
 Reference value :  3.38702e-06
 Reference value :  3.38802e-06
 Reference value :  3.38952e-06
 Reference value :  3.39102e-06
 Reference value :  3.39202e-06
 Reference value :  3.39352e-06
 Reference value :  3.39452e-06
 Reference value :  3.39602e-06
 Reference value :  3.39702e-06
 Reference value :  3.39802e-06
 Reference value :  3.39952e-06
 Reference value :  3.40052e-06
 Reference value :  3.40152e-06
 Reference value :  3.40252e-06
 Reference value :  3.40352e-06
 Reference value :  3.40452e-06
 Reference value :  3.40552e-06
 Reference value :  3.40652e-06
 Reference value :  3.40743e-06
 Reference value :  3.40788e-06
 Reference value :  3.40818e-06
 Reference value :  3.40851e-06
 Reference value :  3.40883e-06
 Reference value :  3.40897e-06
 Reference value :  3.40941e-06
 Reference value :  3.41005e-06
 Reference value :  3.41073e-06
 Reference value :  3.41078e-06
 Reference value :  3.41104e-06
 Reference value :  3.41164e-06
 Reference value :  3.41264e-06
 Reference value :  3.41364e-06
 Reference value :  3.41514e-06
 Reference value :  3.41664e-06
 Reference value :  3.41764e-06
 Reference value :  3.41914e-06
 Reference value :  3.42014e-06
 Reference value :  3.42164e-06
 Reference value :  3.42314e-06
 Reference value :  3.42464e-06
 Reference value :  3.42564e-06
 Reference value :  3.42664e-06
 Reference value :  3.42764e-06
 Reference value :  3.42914e-06
 Reference value :  3.43064e-06
 Reference value :  3.43214e-06
 Reference value :  3.43364e-06
 Reference value :  3.43464e-06
 Reference value :  3.43564e-06
 Reference value :  3.43664e-06
 Reference value :  3.43764e-06
 Reference value :  3.43864e-06
 Reference value :  3.43964e-06
 Reference value :  3.44064e-06
 Reference value :  3.44164e-06
 Reference value :  3.44264e-06
 Reference value :  3.44364e-06
 Reference value :  3.44464e-06
 Reference value :  3.44564e-06
 Reference value :  3.44664e-06
 Reference value :  3.44764e-06
 Reference value :  3.44864e-06
 Reference value :  3.44950e-06
 Reference value :  3.44985e-06
 Reference value :  3.45012e-06
 Reference value :  3.45031e-06
 Reference value :  3.45050e-06
 Reference value :  3.45061e-06
 Reference value :  3.45070e-06
 Reference value :  3.45099e-06
 Reference value :  3.45114e-06
 Reference value :  3.45124e-06
 Reference value :  3.45146e-06
 Reference value :  3.45185e-06
 Reference value :  3.45285e-06
 Reference value :  3.45385e-06
 Reference value :  3.45485e-06
 Reference value :  3.45635e-06
 Reference value :  3.45735e-06
 Reference value :  3.45885e-06
 Reference value :  3.46035e-06
 Reference value :  3.46185e-06
 Reference value :  3.46335e-06
 Reference value :  3.46435e-06
 Reference value :  3.46585e-06
 Reference value :  3.46735e-06
 Reference value :  3.46835e-06
 Reference value :  3.46935e-06
 Reference value :  3.47085e-06
 Reference value :  3.47185e-06
 Reference value :  3.47335e-06
 Reference value :  3.47435e-06
 Reference value :  3.47585e-06
 Reference value :  3.47685e-06
 Reference value :  3.47835e-06
 Reference value :  3.47985e-06
 Reference value :  3.48085e-06
 Reference value :  3.48185e-06
 Reference value :  3.48335e-06
 Reference value :  3.48485e-06
 Reference value :  3.48585e-06
 Reference value :  3.48685e-06
 Reference value :  3.48785e-06
 Reference value :  3.48885e-06
 Reference value :  3.48985e-06
 Reference value :  3.49076e-06
 Reference value :  3.49132e-06
 Reference value :  3.49184e-06
 Reference value :  3.49217e-06
 Reference value :  3.49230e-06
 Reference value :  3.49274e-06
 Reference value :  3.49307e-06
 Reference value :  3.49339e-06
 Reference value :  3.49408e-06
 Reference value :  3.49444e-06
 Reference value :  3.49544e-06
 Reference value :  3.49644e-06
 Reference value :  3.49794e-06
 Reference value :  3.49894e-06
 Reference value :  3.49994e-06
 Reference value :  3.50094e-06
 Reference value :  3.50194e-06
 Reference value :  3.50294e-06
 Reference value :  3.50394e-06
 Reference value :  3.50544e-06
 Reference value :  3.50694e-06
 Reference value :  3.50844e-06
 Reference value :  3.50944e-06
 Reference value :  3.51044e-06
 Reference value :  3.51144e-06
 Reference value :  3.51294e-06
 Reference value :  3.51444e-06
 Reference value :  3.51544e-06
 Reference value :  3.51644e-06
 Reference value :  3.51744e-06
 Reference value :  3.51844e-06
 Reference value :  3.51994e-06
 Reference value :  3.52094e-06
 Reference value :  3.52244e-06
 Reference value :  3.52394e-06
 Reference value :  3.52544e-06
 Reference value :  3.52694e-06
 Reference value :  3.52794e-06
 Reference value :  3.52944e-06
 Reference value :  3.53044e-06
 Reference value :  3.53144e-06
 Reference value :  3.53239e-06
 Reference value :  3.53298e-06
 Reference value :  3.53346e-06
 Reference value :  3.53365e-06
 Reference value :  3.53383e-06
 Reference value :  3.53395e-06
 Reference value :  3.53403e-06
 Reference value :  3.53413e-06
 Reference value :  3.53446e-06
 Reference value :  3.53456e-06
 Reference value :  3.53478e-06
 Reference value :  3.53519e-06
 Reference value :  3.53619e-06
 Reference value :  3.53769e-06
 Reference value :  3.53869e-06
 Reference value :  3.53969e-06
 Reference value :  3.54119e-06
 Reference value :  3.54219e-06
 Reference value :  3.54369e-06
 Reference value :  3.54469e-06
 Reference value :  3.54619e-06
 Reference value :  3.54769e-06
 Reference value :  3.54869e-06
 Reference value :  3.55019e-06
 Reference value :  3.55119e-06
 Reference value :  3.55269e-06
 Reference value :  3.55419e-06
 Reference value :  3.55569e-06
 Reference value :  3.55719e-06
 Reference value :  3.55819e-06
 Reference value :  3.55969e-06
 Reference value :  3.56069e-06
 Reference value :  3.56169e-06
 Reference value :  3.56319e-06
 Reference value :  3.56419e-06
 Reference value :  3.56569e-06
 Reference value :  3.56669e-06
 Reference value :  3.56769e-06
 Reference value :  3.56869e-06
 Reference value :  3.56969e-06
 Reference value :  3.57069e-06
 Reference value :  3.57219e-06
 Reference value :  3.57319e-06
 Reference value :  3.57409e-06
 Reference value :  3.57465e-06
 Reference value :  3.57517e-06
 Reference value :  3.57554e-06
 Reference value :  3.57581e-06
 Reference value :  3.57607e-06
 Reference value :  3.57673e-06
 Reference value :  3.57744e-06
 Reference value :  3.57780e-06
 Reference value :  3.57880e-06
 Reference value :  3.58030e-06
 Reference value :  3.58130e-06
 Reference value :  3.58230e-06
 Reference value :  3.58330e-06
 Reference value :  3.58480e-06
 Reference value :  3.58630e-06
 Reference value :  3.58780e-06
 Reference value :  3.58880e-06
 Reference value :  3.58980e-06
 Reference value :  3.59130e-06
 Reference value :  3.59280e-06
 Reference value :  3.59430e-06
 Reference value :  3.59580e-06
 Reference value :  3.59680e-06
 Reference value :  3.59780e-06
 Reference value :  3.59880e-06
 Reference value :  3.60030e-06
 Reference value :  3.60180e-06
 Reference value :  3.60280e-06
 Reference value :  3.60380e-06
 Reference value :  3.60480e-06
 Reference value :  3.60580e-06
 Reference value :  3.60680e-06
 Reference value :  3.60780e-06
 Reference value :  3.60880e-06
 Reference value :  3.60980e-06
 Reference value :  3.61130e-06
 Reference value :  3.61230e-06
 Reference value :  3.61330e-06
 Reference value :  3.61430e-06
 Reference value :  3.61530e-06
 Reference value :  3.61622e-06
 Reference value :  3.61652e-06
 Reference value :  3.61679e-06
 Reference value :  3.61698e-06
 Reference value :  3.61717e-06
 Reference value :  3.61728e-06
 Reference value :  3.61737e-06
 Reference value :  3.61766e-06
 Reference value :  3.61780e-06
 Reference value :  3.61789e-06
 Reference value :  3.61811e-06
 Reference value :  3.61852e-06
 Reference value :  3.61952e-06
 Reference value :  3.62052e-06
 Reference value :  3.62252e-06
 Reference value :  3.62402e-06
 Reference value :  3.62552e-06
 Reference value :  3.62702e-06
 Reference value :  3.62802e-06
 Reference value :  3.62952e-06
 Reference value :  3.63102e-06
 Reference value :  3.63252e-06
 Reference value :  3.63452e-06
 Reference value :  3.63652e-06
 Reference value :  3.63802e-06
 Reference value :  3.63952e-06
 Reference value :  3.64102e-06
 Reference value :  3.64252e-06
 Reference value :  3.64402e-06
 Reference value :  3.64552e-06
 Reference value :  3.64702e-06
 Reference value :  3.64852e-06
 Reference value :  3.64952e-06
 Reference value :  3.65102e-06
 Reference value :  3.65202e-06
 Reference value :  3.65302e-06
 Reference value :  3.65452e-06
 Reference value :  3.65602e-06
 Reference value :  3.65743e-06
 Reference value :  3.65798e-06
 Reference value :  3.65851e-06
 Reference value :  3.65883e-06
 Reference value :  3.65897e-06
 Reference value :  3.65941e-06
 Reference value :  3.66007e-06
 Reference value :  3.66077e-06
 Reference value :  3.66115e-06
 Reference value :  3.66208e-06
 Reference value :  3.66308e-06
 Reference value :  3.66408e-06
 Reference value :  3.66558e-06
 Reference value :  3.66708e-06
 Reference value :  3.66858e-06
 Reference value :  3.67008e-06
 Reference value :  3.67108e-06
 Reference value :  3.67258e-06
 Reference value :  3.67408e-06
 Reference value :  3.67558e-06
 Reference value :  3.67708e-06
 Reference value :  3.67858e-06
 Reference value :  3.67958e-06
 Reference value :  3.68108e-06
 Reference value :  3.68208e-06
 Reference value :  3.68358e-06
 Reference value :  3.68508e-06
 Reference value :  3.68608e-06
 Reference value :  3.68708e-06
 Reference value :  3.68808e-06
 Reference value :  3.68958e-06
 Reference value :  3.69058e-06
 Reference value :  3.69208e-06
 Reference value :  3.69308e-06
 Reference value :  3.69408e-06
 Reference value :  3.69558e-06
 Reference value :  3.69708e-06
 Reference value :  3.69808e-06
 Reference value :  3.69904e-06
 Reference value :  3.69955e-06
 Reference value :  3.69985e-06
 Reference value :  3.70008e-06
 Reference value :  3.70029e-06
 Reference value :  3.70050e-06
 Reference value :  3.70053e-06
 Reference value :  3.70073e-06
 Reference value :  3.70104e-06
 Reference value :  3.70117e-06
 Reference value :  3.70129e-06
 Reference value :  3.70154e-06
 Reference value :  3.70213e-06
 Reference value :  3.70313e-06
 Reference value :  3.70413e-06
 Reference value :  3.70513e-06
 Reference value :  3.70613e-06
 Reference value :  3.70713e-06
 Reference value :  3.70863e-06
 Reference value :  3.71013e-06
 Reference value :  3.71113e-06
 Reference value :  3.71213e-06
 Reference value :  3.71313e-06
 Reference value :  3.71463e-06
 Reference value :  3.71613e-06
 Reference value :  3.71763e-06
 Reference value :  3.71913e-06
 Reference value :  3.72063e-06
 Reference value :  3.72213e-06
 Reference value :  3.72313e-06
 Reference value :  3.72413e-06
 Reference value :  3.72513e-06
 Reference value :  3.72663e-06
 Reference value :  3.72813e-06
 Reference value :  3.72913e-06
 Reference value :  3.73063e-06
 Reference value :  3.73163e-06
 Reference value :  3.73263e-06
 Reference value :  3.73413e-06
 Reference value :  3.73513e-06
 Reference value :  3.73663e-06
 Reference value :  3.73763e-06
 Reference value :  3.73913e-06
 Reference value :  3.74063e-06
 Reference value :  3.74122e-06
 Reference value :  3.74152e-06
 Reference value :  3.74184e-06
 Reference value :  3.74217e-06
 Reference value :  3.74230e-06
 Reference value :  3.74274e-06
 Reference value :  3.74340e-06
 Reference value :  3.74410e-06
 Reference value :  3.74448e-06
 Reference value :  3.74528e-06
 Reference value :  3.74622e-06
 Reference value :  3.74722e-06
 Reference value :  3.74872e-06
 Reference value :  3.74972e-06
 Reference value :  3.75122e-06
 Reference value :  3.75222e-06
 Reference value :  3.75322e-06
 Reference value :  3.75422e-06
 Reference value :  3.75522e-06
 Reference value :  3.75672e-06
 Reference value :  3.75772e-06
 Reference value :  3.75872e-06
 Reference value :  3.76022e-06
 Reference value :  3.76172e-06
 Reference value :  3.76322e-06
 Reference value :  3.76472e-06
 Reference value :  3.76622e-06
 Reference value :  3.76722e-06
 Reference value :  3.76822e-06
 Reference value :  3.76922e-06
 Reference value :  3.77072e-06
 Reference value :  3.77222e-06
 Reference value :  3.77322e-06
 Reference value :  3.77472e-06
 Reference value :  3.77572e-06
 Reference value :  3.77722e-06
 Reference value :  3.77872e-06
 Reference value :  3.78022e-06
 Reference value :  3.78122e-06
 Reference value :  3.78252e-06
 Reference value :  3.78288e-06
 Reference value :  3.78318e-06
 Reference value :  3.78342e-06
 Reference value :  3.78363e-06
 Reference value :  3.78383e-06
 Reference value :  3.78385e-06
 Reference value :  3.78395e-06
 Reference value :  3.78412e-06
 Reference value :  3.78436e-06
 Reference value :  3.78447e-06
 Reference value :  3.78469e-06
 Reference value :  3.78495e-06
 Reference value :  3.78573e-06
 Reference value :  3.78673e-06
 Reference value :  3.78773e-06
 Reference value :  3.78873e-06
 Reference value :  3.78973e-06
 Reference value :  3.79073e-06
 Reference value :  3.79173e-06
 Reference value :  3.79273e-06
 Reference value :  3.79423e-06
 Reference value :  3.79573e-06
 Reference value :  3.79723e-06
 Reference value :  3.79823e-06
 Reference value :  3.79973e-06
 Reference value :  3.80073e-06
 Reference value :  3.80173e-06
 Reference value :  3.80273e-06
 Reference value :  3.80423e-06
 Reference value :  3.80573e-06
 Reference value :  3.80723e-06
 Reference value :  3.80823e-06
 Reference value :  3.80923e-06
 Reference value :  3.81023e-06
 Reference value :  3.81123e-06
 Reference value :  3.81273e-06
 Reference value :  3.81423e-06
 Reference value :  3.81573e-06
 Reference value :  3.81673e-06
 Reference value :  3.81773e-06
 Reference value :  3.81923e-06
 Reference value :  3.82073e-06
 Reference value :  3.82223e-06
 Reference value :  3.82373e-06
 Reference value :  3.82455e-06
 Reference value :  3.82485e-06
 Reference value :  3.82517e-06
 Reference value :  3.82554e-06
 Reference value :  3.82581e-06
 Reference value :  3.82608e-06
 Reference value :  3.82674e-06
 Reference value :  3.82744e-06
 Reference value :  3.82780e-06
 Reference value :  3.82823e-06
 Reference value :  3.82857e-06
 Reference value :  3.82945e-06
 Reference value :  3.83045e-06
 Reference value :  3.83145e-06
 Reference value :  3.83245e-06
 Reference value :  3.83345e-06
 Reference value :  3.83445e-06
 Reference value :  3.83595e-06
 Reference value :  3.83745e-06
 Reference value :  3.83845e-06
 Reference value :  3.83995e-06
 Reference value :  3.84095e-06
 Reference value :  3.84195e-06
 Reference value :  3.84345e-06
 Reference value :  3.84445e-06
 Reference value :  3.84545e-06
 Reference value :  3.84645e-06
 Reference value :  3.84745e-06
 Reference value :  3.84895e-06
 Reference value :  3.84995e-06
 Reference value :  3.85095e-06
 Reference value :  3.85195e-06
 Reference value :  3.85295e-06
 Reference value :  3.85395e-06
 Reference value :  3.85495e-06
 Reference value :  3.85645e-06
 Reference value :  3.85745e-06
 Reference value :  3.85845e-06
 Reference value :  3.85995e-06
 Reference value :  3.86095e-06
 Reference value :  3.86195e-06
 Reference value :  3.86345e-06
 Reference value :  3.86445e-06
 Reference value :  3.86581e-06
 Reference value :  3.86632e-06
 Reference value :  3.86675e-06
 Reference value :  3.86696e-06
 Reference value :  3.86717e-06
 Reference value :  3.86718e-06
 Reference value :  3.86725e-06
 Reference value :  3.86735e-06
 Reference value :  3.86753e-06
 Reference value :  3.86782e-06
 Reference value :  3.86806e-06
 Reference value :  3.86835e-06
 Reference value :  3.86917e-06
 Reference value :  3.87017e-06
 Reference value :  3.87117e-06
 Reference value :  3.87217e-06
 Reference value :  3.87317e-06
 Reference value :  3.87417e-06
 Reference value :  3.87567e-06
 Reference value :  3.87667e-06
 Reference value :  3.87817e-06
 Reference value :  3.87967e-06
 Reference value :  3.88067e-06
 Reference value :  3.88217e-06
 Reference value :  3.88317e-06
 Reference value :  3.88467e-06
 Reference value :  3.88617e-06
 Reference value :  3.88767e-06
 Reference value :  3.88917e-06
 Reference value :  3.89067e-06
 Reference value :  3.89167e-06
 Reference value :  3.89317e-06
 Reference value :  3.89467e-06
 Reference value :  3.89617e-06
 Reference value :  3.89767e-06
 Reference value :  3.89917e-06
 Reference value :  3.90017e-06
 Reference value :  3.90167e-06
 Reference value :  3.90267e-06
 Reference value :  3.90367e-06
 Reference value :  3.90467e-06
 Reference value :  3.90567e-06
 Reference value :  3.90667e-06
 Reference value :  3.90750e-06
 Reference value :  3.90798e-06
 Reference value :  3.90851e-06
 Reference value :  3.90883e-06
 Reference value :  3.90897e-06
 Reference value :  3.90941e-06
 Reference value :  3.91007e-06
 Reference value :  3.91044e-06
 Reference value :  3.91077e-06
 Reference value :  3.91115e-06
 Reference value :  3.91163e-06
 Reference value :  3.91196e-06
 Reference value :  3.91276e-06
 Reference value :  3.91374e-06
 Reference value :  3.91474e-06
 Reference value :  3.91574e-06
 Reference value :  3.91674e-06
 Reference value :  3.91774e-06
 Reference value :  3.91924e-06
 Reference value :  3.92024e-06
 Reference value :  3.92124e-06
 Reference value :  3.92224e-06
 Reference value :  3.92324e-06
 Reference value :  3.92474e-06
 Reference value :  3.92624e-06
 Reference value :  3.92724e-06
 Reference value :  3.92824e-06
 Reference value :  3.92924e-06
 Reference value :  3.93024e-06
 Reference value :  3.93124e-06
 Reference value :  3.93224e-06
 Reference value :  3.93374e-06
 Reference value :  3.93524e-06
 Reference value :  3.93674e-06
 Reference value :  3.93774e-06
 Reference value :  3.93874e-06
 Reference value :  3.94024e-06
 Reference value :  3.94174e-06
 Reference value :  3.94324e-06
 Reference value :  3.94474e-06
 Reference value :  3.94574e-06
 Reference value :  3.94724e-06
 Reference value :  3.94824e-06
 Reference value :  3.94912e-06
 Reference value :  3.94955e-06
 Reference value :  3.94982e-06
 Reference value :  3.95004e-06
 Reference value :  3.95025e-06
 Reference value :  3.95037e-06
 Reference value :  3.95050e-06
 Reference value :  3.95051e-06
 Reference value :  3.95055e-06
 Reference value :  3.95058e-06
 Reference value :  3.95064e-06
 Reference value :  3.95073e-06
 Reference value :  3.95091e-06
 Reference value :  3.95106e-06
 Reference value :  3.95113e-06
 Reference value :  3.95128e-06
 Reference value :  3.95151e-06
 Reference value :  3.95221e-06
 Reference value :  3.95371e-06
 Reference value :  3.95521e-06
 Reference value :  3.95671e-06
 Reference value :  3.95771e-06
 Reference value :  3.95921e-06
 Reference value :  3.96071e-06
 Reference value :  3.96221e-06
 Reference value :  3.96321e-06
 Reference value :  3.96471e-06
 Reference value :  3.96571e-06
 Reference value :  3.96721e-06
 Reference value :  3.96821e-06
 Reference value :  3.96921e-06
 Reference value :  3.97071e-06
 Reference value :  3.97221e-06
 Reference value :  3.97371e-06
 Reference value :  3.97521e-06
 Reference value :  3.97621e-06
 Reference value :  3.97721e-06
 Reference value :  3.97821e-06
 Reference value :  3.97921e-06
 Reference value :  3.98071e-06
 Reference value :  3.98221e-06
 Reference value :  3.98371e-06
 Reference value :  3.98471e-06
 Reference value :  3.98621e-06
 Reference value :  3.98771e-06
 Reference value :  3.98871e-06
 Reference value :  3.99021e-06
 Reference value :  3.99122e-06
 Reference value :  3.99184e-06
 Reference value :  3.99217e-06
 Reference value :  3.99230e-06
 Reference value :  3.99275e-06
 Reference value :  3.99341e-06
 Reference value :  3.99411e-06
 Reference value :  3.99452e-06
 Reference value :  3.99502e-06
 Reference value :  3.99533e-06
 Reference value :  3.99611e-06
 Reference value :  3.99708e-06
 Reference value :  3.99858e-06
 Reference value :  3.99958e-06
 Reference value :  4.00058e-06
 Reference value :  4.00208e-06
 Reference value :  4.00308e-06
 Reference value :  4.00408e-06
 Reference value :  4.00508e-06
 Reference value :  4.00658e-06
 Reference value :  4.00758e-06
 Reference value :  4.00908e-06
 Reference value :  4.01058e-06
 Reference value :  4.01208e-06
 Reference value :  4.01358e-06
 Reference value :  4.01508e-06
 Reference value :  4.01658e-06
 Reference value :  4.01808e-06
 Reference value :  4.01958e-06
 Reference value :  4.02108e-06
 Reference value :  4.02208e-06
 Reference value :  4.02358e-06
 Reference value :  4.02458e-06
 Reference value :  4.02608e-06
 Reference value :  4.02758e-06
 Reference value :  4.02908e-06
 Reference value :  4.03058e-06
 Reference value :  4.03208e-06
 Reference value :  4.03288e-06
 Reference value :  4.03342e-06
 Reference value :  4.03363e-06
 Reference value :  4.03383e-06
 Reference value :  4.03394e-06
 Reference value :  4.03415e-06
 Reference value :  4.03441e-06
 Reference value :  4.03452e-06
 Reference value :  4.03473e-06
 Reference value :  4.03550e-06
 Reference value :  4.03700e-06
 Reference value :  4.03800e-06
 Reference value :  4.03950e-06
 Reference value :  4.04100e-06
 Reference value :  4.04250e-06
 Reference value :  4.04350e-06
 Reference value :  4.04500e-06
 Reference value :  4.04600e-06
 Reference value :  4.04750e-06
 Reference value :  4.04850e-06
 Reference value :  4.05000e-06
 Reference value :  4.05150e-06
 Reference value :  4.05250e-06
 Reference value :  4.05350e-06
 Reference value :  4.05450e-06
 Reference value :  4.05600e-06
 Reference value :  4.05750e-06
 Reference value :  4.05850e-06
 Reference value :  4.05950e-06
 Reference value :  4.06050e-06
 Reference value :  4.06200e-06
 Reference value :  4.06300e-06
 Reference value :  4.06450e-06
 Reference value :  4.06550e-06
 Reference value :  4.06700e-06
 Reference value :  4.06800e-06
 Reference value :  4.06900e-06
 Reference value :  4.07050e-06
 Reference value :  4.07200e-06
 Reference value :  4.07300e-06
 Reference value :  4.07450e-06
 Reference value :  4.07465e-06
 Reference value :  4.07517e-06
 Reference value :  4.07550e-06
 Reference value :  4.07563e-06
 Reference value :  4.07608e-06
 Reference value :  4.07674e-06
 Reference value :  4.07744e-06
 Reference value :  4.07791e-06
 Reference value :  4.07841e-06
 Reference value :  4.07874e-06
 Reference value :  4.07950e-06
 Reference value :  4.08047e-06
 Reference value :  4.08197e-06
 Reference value :  4.08347e-06
 Reference value :  4.08447e-06
 Reference value :  4.08547e-06
 Reference value :  4.08647e-06
 Reference value :  4.08797e-06
 Reference value :  4.08947e-06
 Reference value :  4.09097e-06
 Reference value :  4.09197e-06
 Reference value :  4.09347e-06
 Reference value :  4.09497e-06
 Reference value :  4.09597e-06
 Reference value :  4.09697e-06
 Reference value :  4.09797e-06
 Reference value :  4.09897e-06
 Reference value :  4.10047e-06
 Reference value :  4.10197e-06
 Reference value :  4.10347e-06
 Reference value :  4.10447e-06
 Reference value :  4.10547e-06
 Reference value :  4.10647e-06
 Reference value :  4.10747e-06
 Reference value :  4.10897e-06
 Reference value :  4.11047e-06
 Reference value :  4.11147e-06
 Reference value :  4.11297e-06
 Reference value :  4.11447e-06
 Reference value :  4.11582e-06
 Reference value :  4.11622e-06
 Reference value :  4.11652e-06
 Reference value :  4.11680e-06
 Reference value :  4.11698e-06
 Reference value :  4.11718e-06
 Reference value :  4.11723e-06
 Reference value :  4.11727e-06
 Reference value :  4.11736e-06
 Reference value :  4.11754e-06
 Reference value :  4.11767e-06
 Reference value :  4.11779e-06
 Reference value :  4.11789e-06
 Reference value :  4.11810e-06
 Reference value :  4.11851e-06
 Reference value :  4.11949e-06
 Reference value :  4.12049e-06
 Reference value :  4.12199e-06
 Reference value :  4.12299e-06
 Reference value :  4.12449e-06
 Reference value :  4.12549e-06
 Reference value :  4.12649e-06
 Reference value :  4.12749e-06
 Reference value :  4.12849e-06
 Reference value :  4.12999e-06
 Reference value :  4.13099e-06
 Reference value :  4.13199e-06
 Reference value :  4.13349e-06
 Reference value :  4.13449e-06
 Reference value :  4.13599e-06
 Reference value :  4.13699e-06
 Reference value :  4.13799e-06
 Reference value :  4.13899e-06
 Reference value :  4.13999e-06
 Reference value :  4.14099e-06
 Reference value :  4.14249e-06
 Reference value :  4.14349e-06
 Reference value :  4.14499e-06
 Reference value :  4.14599e-06
 Reference value :  4.14749e-06
 Reference value :  4.14849e-06
 Reference value :  4.14999e-06
 Reference value :  4.15099e-06
 Reference value :  4.15199e-06
 Reference value :  4.15349e-06
 Reference value :  4.15449e-06
 Reference value :  4.15549e-06
 Reference value :  4.15699e-06
 Reference value :  4.15783e-06
 Reference value :  4.15798e-06
 Reference value :  4.15851e-06
 Reference value :  4.15883e-06
 Reference value :  4.15898e-06
 Reference value :  4.15947e-06
 Reference value :  4.15999e-06
 Reference value :  4.16001e-06
 Reference value :  4.16016e-06
 Reference value :  4.16055e-06
 Reference value :  4.16120e-06
 Reference value :  4.16266e-06
 Reference value :  4.16416e-06
 Reference value :  4.16516e-06
 Reference value :  4.16616e-06
 Reference value :  4.16766e-06
 Reference value :  4.16916e-06
 Reference value :  4.17016e-06
 Reference value :  4.17116e-06
 Reference value :  4.17266e-06
 Reference value :  4.17416e-06
 Reference value :  4.17566e-06
 Reference value :  4.17666e-06
 Reference value :  4.17816e-06
 Reference value :  4.17966e-06
 Reference value :  4.18116e-06
 Reference value :  4.18266e-06
 Reference value :  4.18416e-06
 Reference value :  4.18566e-06
 Reference value :  4.18716e-06
 Reference value :  4.18866e-06
 Reference value :  4.18966e-06
 Reference value :  4.19116e-06
 Reference value :  4.19266e-06
 Reference value :  4.19366e-06
 Reference value :  4.19516e-06
 Reference value :  4.19666e-06
 Reference value :  4.19866e-06
 Reference value :  4.19965e-06
 Reference value :  4.20013e-06
 Reference value :  4.20050e-06
 Reference value :  4.20053e-06
 Reference value :  4.20067e-06
 Reference value :  4.20087e-06
 Reference value :  4.20097e-06
 Reference value :  4.20115e-06
 Reference value :  4.20133e-06
 Reference value :  4.20159e-06
 Reference value :  4.20239e-06
 Reference value :  4.20339e-06
 Reference value :  4.20439e-06
 Reference value :  4.20539e-06
 Reference value :  4.20639e-06
 Reference value :  4.20789e-06
 Reference value :  4.20889e-06
 Reference value :  4.20989e-06
 Reference value :  4.21139e-06
 Reference value :  4.21289e-06
 Reference value :  4.21439e-06
 Reference value :  4.21589e-06
 Reference value :  4.21739e-06
 Reference value :  4.21839e-06
 Reference value :  4.21989e-06
 Reference value :  4.22139e-06
 Reference value :  4.22239e-06
 Reference value :  4.22389e-06
 Reference value :  4.22539e-06
 Reference value :  4.22689e-06
 Reference value :  4.22889e-06
 Reference value :  4.23039e-06
 Reference value :  4.23189e-06
 Reference value :  4.23339e-06
 Reference value :  4.23539e-06
 Reference value :  4.23689e-06
 Reference value :  4.23889e-06
 Reference value :  4.24039e-06
 Reference value :  4.24132e-06
 Reference value :  4.24184e-06
 Reference value :  4.24221e-06
 Reference value :  4.24248e-06
 Reference value :  4.24274e-06
 Reference value :  4.24332e-06
 Reference value :  4.24354e-06
 Reference value :  4.24407e-06
 Reference value :  4.24481e-06
 Reference value :  4.24575e-06
 Reference value :  4.24725e-06
 Reference value :  4.24875e-06
 Reference value :  4.25025e-06
 Reference value :  4.25175e-06
 Reference value :  4.25275e-06
 Reference value :  4.25375e-06
 Reference value :  4.25525e-06
 Reference value :  4.25675e-06
 Reference value :  4.25825e-06
 Reference value :  4.26025e-06
 Reference value :  4.26175e-06
 Reference value :  4.26325e-06
 Reference value :  4.26475e-06
 Reference value :  4.26675e-06
 Reference value :  4.26875e-06
 Reference value :  4.27025e-06
 Reference value :  4.27175e-06
 Reference value :  4.27325e-06
 Reference value :  4.27475e-06
 Reference value :  4.27625e-06
 Reference value :  4.27775e-06
 Reference value :  4.27925e-06
 Reference value :  4.28075e-06
 Reference value :  4.28175e-06
 Reference value :  4.28283e-06
 Reference value :  4.28318e-06
 Reference value :  4.28345e-06
 Reference value :  4.28364e-06
 Reference value :  4.28383e-06
 Reference value :  4.28385e-06
 Reference value :  4.28391e-06
 Reference value :  4.28395e-06
 Reference value :  4.28406e-06
 Reference value :  4.28414e-06
 Reference value :  4.28430e-06
 Reference value :  4.28447e-06
 Reference value :  4.28464e-06
 Reference value :  4.28511e-06
 Reference value :  4.28644e-06
 Reference value :  4.28794e-06
 Reference value :  4.28944e-06
 Reference value :  4.29094e-06
 Reference value :  4.29244e-06
 Reference value :  4.29344e-06
 Reference value :  4.29444e-06
 Reference value :  4.29544e-06
 Reference value :  4.29694e-06
 Reference value :  4.29844e-06
 Reference value :  4.29994e-06
 Reference value :  4.30194e-06
 Reference value :  4.30394e-06
 Reference value :  4.30544e-06
 Reference value :  4.30694e-06
 Reference value :  4.30844e-06
 Reference value :  4.30994e-06
 Reference value :  4.31144e-06
 Reference value :  4.31294e-06
 Reference value :  4.31444e-06
 Reference value :  4.31594e-06
 Reference value :  4.31744e-06
 Reference value :  4.31894e-06
 Reference value :  4.32044e-06
 Reference value :  4.32194e-06
 Reference value :  4.32344e-06
 Reference value :  4.32450e-06
 Reference value :  4.32485e-06
 Reference value :  4.32517e-06
 Reference value :  4.32554e-06
 Reference value :  4.32581e-06
 Reference value :  4.32608e-06
 Reference value :  4.32675e-06
 Reference value :  4.32761e-06
 Reference value :  4.32911e-06
 Reference value :  4.33061e-06
 Reference value :  4.33211e-06
 Reference value :  4.33361e-06
 Reference value :  4.33561e-06
 Reference value :  4.33711e-06
 Reference value :  4.33861e-06
 Reference value :  4.33961e-06
 Reference value :  4.34061e-06
 Reference value :  4.34211e-06
 Reference value :  4.34261e-06
 Reference value :  4.34311e-06
 Reference value :  4.34411e-06
 Reference value :  4.34511e-06
 Reference value :  4.34611e-06
 Reference value :  4.34761e-06
 Reference value :  4.34911e-06
 Reference value :  4.35111e-06
 Reference value :  4.35261e-06
 Reference value :  4.35461e-06
 Reference value :  4.35661e-06
 Reference value :  4.35811e-06
 Reference value :  4.35961e-06
 Reference value :  4.36111e-06
 Reference value :  4.36261e-06
 Reference value :  4.36411e-06
 Reference value :  4.36561e-06
 Reference value :  4.36622e-06
 Reference value :  4.36679e-06
 Reference value :  4.36698e-06
 Reference value :  4.36717e-06
 Reference value :  4.36728e-06
 Reference value :  4.36737e-06
 Reference value :  4.36766e-06
 Reference value :  4.36779e-06
 Reference value :  4.36789e-06
 Reference value :  4.36799e-06
 Reference value :  4.36811e-06
 Reference value :  4.36841e-06
 Reference value :  4.36882e-06
 Reference value :  4.36956e-06
 Reference value :  4.37056e-06
 Reference value :  4.37206e-06
 Reference value :  4.37356e-06
 Reference value :  4.37506e-06
 Reference value :  4.37656e-06
 Reference value :  4.37806e-06
 Reference value :  4.37956e-06
 Reference value :  4.38106e-06
 Reference value :  4.38256e-06
 Reference value :  4.38356e-06
 Reference value :  4.38456e-06
 Reference value :  4.38556e-06
 Reference value :  4.38706e-06
 Reference value :  4.38806e-06
 Reference value :  4.38906e-06
 Reference value :  4.39056e-06
 Reference value :  4.39206e-06
 Reference value :  4.39356e-06
 Reference value :  4.39506e-06
 Reference value :  4.39606e-06
 Reference value :  4.39756e-06
 Reference value :  4.39856e-06
 Reference value :  4.39956e-06
 Reference value :  4.40106e-06
 Reference value :  4.40206e-06
 Reference value :  4.40306e-06
 Reference value :  4.40406e-06
 Reference value :  4.40556e-06
 Reference value :  4.40706e-06
 Reference value :  4.40788e-06
 Reference value :  4.40851e-06
 Reference value :  4.40883e-06
 Reference value :  4.40897e-06
 Reference value :  4.40941e-06
 Reference value :  4.41008e-06
 Reference value :  4.41095e-06
 Reference value :  4.41195e-06
 Reference value :  4.41295e-06
 Reference value :  4.41395e-06
 Reference value :  4.41545e-06
 Reference value :  4.41695e-06
 Reference value :  4.41845e-06
 Reference value :  4.41995e-06
 Reference value :  4.42145e-06
 Reference value :  4.42245e-06
 Reference value :  4.42345e-06
 Reference value :  4.42395e-06
 Reference value :  4.42495e-06
 Reference value :  4.42595e-06
 Reference value :  4.42695e-06
 Reference value :  4.42845e-06
 Reference value :  4.42945e-06
 Reference value :  4.43145e-06
 Reference value :  4.43295e-06
 Reference value :  4.43495e-06
 Reference value :  4.43695e-06
 Reference value :  4.43895e-06
 Reference value :  4.44045e-06
 Reference value :  4.44145e-06
 Reference value :  4.44245e-06
 Reference value :  4.44395e-06
 Reference value :  4.44495e-06
 Reference value :  4.44645e-06
 Reference value :  4.44745e-06
 Reference value :  4.44845e-06
 Reference value :  4.44922e-06
 Reference value :  4.44955e-06
 Reference value :  4.45012e-06
 Reference value :  4.45031e-06
 Reference value :  4.45050e-06
 Reference value :  4.45061e-06
 Reference value :  4.45092e-06
 Reference value :  4.45109e-06
 Reference value :  4.45121e-06
 Reference value :  4.45143e-06
 Reference value :  4.45182e-06
 Reference value :  4.45318e-06
 Reference value :  4.45468e-06
 Reference value :  4.45568e-06
 Reference value :  4.45668e-06
 Reference value :  4.45818e-06
 Reference value :  4.45968e-06
 Reference value :  4.46068e-06
 Reference value :  4.46218e-06
 Reference value :  4.46368e-06
 Reference value :  4.46518e-06
 Reference value :  4.46618e-06
 Reference value :  4.46768e-06
 Reference value :  4.46918e-06
 Reference value :  4.47018e-06
 Reference value :  4.47118e-06
 Reference value :  4.47218e-06
 Reference value :  4.47318e-06
 Reference value :  4.47468e-06
 Reference value :  4.47568e-06
 Reference value :  4.47668e-06
 Reference value :  4.47768e-06
 Reference value :  4.47868e-06
 Reference value :  4.47968e-06
 Reference value :  4.48068e-06
 Reference value :  4.48218e-06
 Reference value :  4.48368e-06
 Reference value :  4.48518e-06
 Reference value :  4.48618e-06
 Reference value :  4.48768e-06
 Reference value :  4.48918e-06
 Reference value :  4.49018e-06
 Reference value :  4.49117e-06
 Reference value :  4.49152e-06
 Reference value :  4.49184e-06
 Reference value :  4.49217e-06
 Reference value :  4.49230e-06
 Reference value :  4.49275e-06
 Reference value :  4.49342e-06
 Reference value :  4.49428e-06
 Reference value :  4.49528e-06
 Reference value :  4.49628e-06
 Reference value :  4.49728e-06
 Reference value :  4.49828e-06
 Reference value :  4.49928e-06
 Reference value :  4.50028e-06
 Reference value :  4.50178e-06
 Reference value :  4.50278e-06
 Reference value :  4.50428e-06
 Reference value :  4.50528e-06
 Reference value :  4.50628e-06
 Reference value :  4.50728e-06
 Reference value :  4.50828e-06
 Reference value :  4.50878e-06
 Reference value :  4.50928e-06
 Reference value :  4.51028e-06
 Reference value :  4.51128e-06
 Reference value :  4.51228e-06
 Reference value :  4.51328e-06
 Reference value :  4.51428e-06
 Reference value :  4.51528e-06
 Reference value :  4.51678e-06
 Reference value :  4.51828e-06
 Reference value :  4.51928e-06
 Reference value :  4.52028e-06
 Reference value :  4.52128e-06
 Reference value :  4.52228e-06
 Reference value :  4.52328e-06
 Reference value :  4.52428e-06
 Reference value :  4.52528e-06
 Reference value :  4.52678e-06
 Reference value :  4.52778e-06
 Reference value :  4.52878e-06
 Reference value :  4.53028e-06
 Reference value :  4.53178e-06
 Reference value :  4.53283e-06
 Reference value :  4.53318e-06
 Reference value :  4.53346e-06
 Reference value :  4.53364e-06
 Reference value :  4.53383e-06
 Reference value :  4.53395e-06
 Reference value :  4.53404e-06
 Reference value :  4.53432e-06
 Reference value :  4.53446e-06
 Reference value :  4.53455e-06
 Reference value :  4.53466e-06
 Reference value :  4.53478e-06
 Reference value :  4.53508e-06
 Reference value :  4.53528e-06
 Reference value :  4.53582e-06
 Reference value :  4.53674e-06
 Reference value :  4.53774e-06
 Reference value :  4.53874e-06
 Reference value :  4.53974e-06
 Reference value :  4.54074e-06
 Reference value :  4.54174e-06
 Reference value :  4.54274e-06
 Reference value :  4.54374e-06
 Reference value :  4.54474e-06
 Reference value :  4.54574e-06
 Reference value :  4.54674e-06
 Reference value :  4.54774e-06
 Reference value :  4.54874e-06
 Reference value :  4.55024e-06
 Reference value :  4.55124e-06
 Reference value :  4.55224e-06
 Reference value :  4.55324e-06
 Reference value :  4.55474e-06
 Reference value :  4.55574e-06
 Reference value :  4.55674e-06
 Reference value :  4.55774e-06
 Reference value :  4.55874e-06
 Reference value :  4.55974e-06
 Reference value :  4.56074e-06
 Reference value :  4.56174e-06
 Reference value :  4.56274e-06
 Reference value :  4.56424e-06
 Reference value :  4.56524e-06
 Reference value :  4.56624e-06
 Reference value :  4.56774e-06
 Reference value :  4.56874e-06
 Reference value :  4.56974e-06
 Reference value :  4.57074e-06
 Reference value :  4.57174e-06
 Reference value :  4.57274e-06
 Reference value :  4.57374e-06
 Reference value :  4.57450e-06
 Reference value :  4.57465e-06
 Reference value :  4.57517e-06
 Reference value :  4.57550e-06
 Reference value :  4.57563e-06
 Reference value :  4.57608e-06
 Reference value :  4.57675e-06
 Reference value :  4.57762e-06
 Reference value :  4.57862e-06
 Reference value :  4.57962e-06
 Reference value :  4.58062e-06
 Reference value :  4.58162e-06
 Reference value :  4.58262e-06
 Reference value :  4.58362e-06
 Reference value :  4.58512e-06
 Reference value :  4.58662e-06
 Reference value :  4.58762e-06
 Reference value :  4.58862e-06
 Reference value :  4.58962e-06
 Reference value :  4.59062e-06
 Reference value :  4.59162e-06
 Reference value :  4.59212e-06
 Reference value :  4.59262e-06
 Reference value :  4.59312e-06
 Reference value :  4.59412e-06
 Reference value :  4.59512e-06
 Reference value :  4.59612e-06
 Reference value :  4.59712e-06
 Reference value :  4.59812e-06
 Reference value :  4.59912e-06
 Reference value :  4.60012e-06
 Reference value :  4.60112e-06
 Reference value :  4.60262e-06
 Reference value :  4.60362e-06
 Reference value :  4.60462e-06
 Reference value :  4.60612e-06
 Reference value :  4.60712e-06
 Reference value :  4.60812e-06
 Reference value :  4.60962e-06
 Reference value :  4.61112e-06
 Reference value :  4.61262e-06
 Reference value :  4.61362e-06
 Reference value :  4.61462e-06
 Reference value :  4.61589e-06
 Reference value :  4.61622e-06
 Reference value :  4.61652e-06
 Reference value :  4.61679e-06
 Reference value :  4.61698e-06
 Reference value :  4.61717e-06
 Reference value :  4.61728e-06
 Reference value :  4.61737e-06
 Reference value :  4.61746e-06
 Reference value :  4.61779e-06
 Reference value :  4.61789e-06
 Reference value :  4.61800e-06
 Reference value :  4.61812e-06
 Reference value :  4.61844e-06
 Reference value :  4.61864e-06
 Reference value :  4.61922e-06
 Reference value :  4.62018e-06
 Reference value :  4.62118e-06
 Reference value :  4.62218e-06
 Reference value :  4.62318e-06
 Reference value :  4.62418e-06
 Reference value :  4.62518e-06
 Reference value :  4.62618e-06
 Reference value :  4.62718e-06
 Reference value :  4.62818e-06
 Reference value :  4.62918e-06
 Reference value :  4.63018e-06
 Reference value :  4.63118e-06
 Reference value :  4.63218e-06
 Reference value :  4.63318e-06
 Reference value :  4.63418e-06
 Reference value :  4.63518e-06
 Reference value :  4.63618e-06
 Reference value :  4.63768e-06
 Reference value :  4.63868e-06
 Reference value :  4.63968e-06
 Reference value :  4.64068e-06
 Reference value :  4.64168e-06
 Reference value :  4.64268e-06
 Reference value :  4.64368e-06
 Reference value :  4.64468e-06
 Reference value :  4.64618e-06
 Reference value :  4.64768e-06
 Reference value :  4.64918e-06
 Reference value :  4.65018e-06
 Reference value :  4.65118e-06
 Reference value :  4.65218e-06
 Reference value :  4.65318e-06
 Reference value :  4.65418e-06
 Reference value :  4.65518e-06
 Reference value :  4.65668e-06
 Reference value :  4.65750e-06
 Reference value :  4.65788e-06
 Reference value :  4.65818e-06
 Reference value :  4.65851e-06
 Reference value :  4.65883e-06
 Reference value :  4.65897e-06
 Reference value :  4.65942e-06
 Reference value :  4.66009e-06
 Reference value :  4.66096e-06
 Reference value :  4.66196e-06
 Reference value :  4.66296e-06
 Reference value :  4.66396e-06
 Reference value :  4.66496e-06
 Reference value :  4.66646e-06
 Reference value :  4.66746e-06
 Reference value :  4.66846e-06
 Reference value :  4.66946e-06
 Reference value :  4.67046e-06
 Reference value :  4.67146e-06
 Reference value :  4.67246e-06
 Reference value :  4.67346e-06
 Reference value :  4.67446e-06
 Reference value :  4.67496e-06
 Reference value :  4.67546e-06
 Reference value :  4.67596e-06
 Reference value :  4.67696e-06
 Reference value :  4.67796e-06
 Reference value :  4.67896e-06
 Reference value :  4.67996e-06
 Reference value :  4.68146e-06
 Reference value :  4.68246e-06
 Reference value :  4.68396e-06
 Reference value :  4.68496e-06
 Reference value :  4.68596e-06
 Reference value :  4.68696e-06
 Reference value :  4.68796e-06
 Reference value :  4.68896e-06
 Reference value :  4.68996e-06
 Reference value :  4.69096e-06
 Reference value :  4.69246e-06
 Reference value :  4.69346e-06
 Reference value :  4.69446e-06
 Reference value :  4.69546e-06
 Reference value :  4.69646e-06
 Reference value :  4.69746e-06
 Reference value :  4.69896e-06
 Reference value :  4.69955e-06
 Reference value :  4.69985e-06
 Reference value :  4.70008e-06
 Reference value :  4.70029e-06
 Reference value :  4.70050e-06
 Reference value :  4.70053e-06
 Reference value :  4.70073e-06
 Reference value :  4.70085e-06
 Reference value :  4.70104e-06
 Reference value :  4.70116e-06
 Reference value :  4.70140e-06
 Reference value :  4.70152e-06
 Reference value :  4.70190e-06
 Reference value :  4.70249e-06
 Reference value :  4.70342e-06
 Reference value :  4.70442e-06
 Reference value :  4.70542e-06
 Reference value :  4.70642e-06
 Reference value :  4.70742e-06
 Reference value :  4.70842e-06
 Reference value :  4.70942e-06
 Reference value :  4.71042e-06
 Reference value :  4.71142e-06
 Reference value :  4.71242e-06
 Reference value :  4.71342e-06
 Reference value :  4.71492e-06
 Reference value :  4.71592e-06
 Reference value :  4.71742e-06
 Reference value :  4.71892e-06
 Reference value :  4.71992e-06
 Reference value :  4.72092e-06
 Reference value :  4.72192e-06
 Reference value :  4.72342e-06
 Reference value :  4.72442e-06
 Reference value :  4.72592e-06
 Reference value :  4.72692e-06
 Reference value :  4.72842e-06
 Reference value :  4.72942e-06
 Reference value :  4.73042e-06
 Reference value :  4.73192e-06
 Reference value :  4.73292e-06
 Reference value :  4.73442e-06
 Reference value :  4.73542e-06
 Reference value :  4.73642e-06
 Reference value :  4.73742e-06
 Reference value :  4.73842e-06
 Reference value :  4.73942e-06
 Reference value :  4.74079e-06
 Reference value :  4.74122e-06
 Reference value :  4.74184e-06
 Reference value :  4.74217e-06
 Reference value :  4.74230e-06
 Reference value :  4.74275e-06
 Reference value :  4.74342e-06
 Reference value :  4.74429e-06
 Reference value :  4.74529e-06
 Reference value :  4.74629e-06
 Reference value :  4.74729e-06
 Reference value :  4.74829e-06
 Reference value :  4.74979e-06
 Reference value :  4.75129e-06
 Reference value :  4.75229e-06
 Reference value :  4.75379e-06
 Reference value :  4.75529e-06
 Reference value :  4.75629e-06
 Reference value :  4.75729e-06
 Reference value :  4.75779e-06
 Reference value :  4.75829e-06
 Reference value :  4.75879e-06
 Reference value :  4.75979e-06
 Reference value :  4.76079e-06
 Reference value :  4.76179e-06
 Reference value :  4.76279e-06
 Reference value :  4.76379e-06
 Reference value :  4.76479e-06
 Reference value :  4.76629e-06
 Reference value :  4.76729e-06
 Reference value :  4.76829e-06
 Reference value :  4.76929e-06
 Reference value :  4.77029e-06
 Reference value :  4.77179e-06
 Reference value :  4.77329e-06
 Reference value :  4.77479e-06
 Reference value :  4.77629e-06
 Reference value :  4.77779e-06
 Reference value :  4.77929e-06
 Reference value :  4.78079e-06
 Reference value :  4.78229e-06
 Reference value :  4.78288e-06
 Reference value :  4.78342e-06
 Reference value :  4.78363e-06
 Reference value :  4.78383e-06
 Reference value :  4.78385e-06
 Reference value :  4.78395e-06
 Reference value :  4.78411e-06
 Reference value :  4.78423e-06
 Reference value :  4.78446e-06
 Reference value :  4.78457e-06
 Reference value :  4.78468e-06
 Reference value :  4.78479e-06
 Reference value :  4.78514e-06
 Reference value :  4.78568e-06
 Reference value :  4.78660e-06
 Reference value :  4.78760e-06
 Reference value :  4.78860e-06
 Reference value :  4.78960e-06
 Reference value :  4.79060e-06
 Reference value :  4.79160e-06
 Reference value :  4.79260e-06
 Reference value :  4.79360e-06
 Reference value :  4.79460e-06
 Reference value :  4.79560e-06
 Reference value :  4.79660e-06
 Reference value :  4.79810e-06
 Reference value :  4.79910e-06
 Reference value :  4.80060e-06
 Reference value :  4.80160e-06
 Reference value :  4.80260e-06
 Reference value :  4.80360e-06
 Reference value :  4.80460e-06
 Reference value :  4.80560e-06
 Reference value :  4.80660e-06
 Reference value :  4.80760e-06
 Reference value :  4.80910e-06
 Reference value :  4.81010e-06
 Reference value :  4.81110e-06
 Reference value :  4.81210e-06
 Reference value :  4.81310e-06
 Reference value :  4.81410e-06
 Reference value :  4.81510e-06
 Reference value :  4.81610e-06
 Reference value :  4.81710e-06
 Reference value :  4.81810e-06
 Reference value :  4.81960e-06
 Reference value :  4.82110e-06
 Reference value :  4.82210e-06
 Reference value :  4.82360e-06
 Reference value :  4.82450e-06
 Reference value :  4.82465e-06
 Reference value :  4.82517e-06
 Reference value :  4.82550e-06
 Reference value :  4.82563e-06
 Reference value :  4.82608e-06
 Reference value :  4.82675e-06
 Reference value :  4.82762e-06
 Reference value :  4.82862e-06
 Reference value :  4.82962e-06
 Reference value :  4.83062e-06
 Reference value :  4.83162e-06
 Reference value :  4.83312e-06
 Reference value :  4.83412e-06
 Reference value :  4.83512e-06
 Reference value :  4.83662e-06
 Reference value :  4.83812e-06
 Reference value :  4.83962e-06
 Reference value :  4.84112e-06
 Reference value :  4.84212e-06
 Reference value :  4.84262e-06
 Reference value :  4.84312e-06
 Reference value :  4.84412e-06
 Reference value :  4.84512e-06
 Reference value :  4.84612e-06
 Reference value :  4.84712e-06
 Reference value :  4.84812e-06
 Reference value :  4.84912e-06
 Reference value :  4.85062e-06
 Reference value :  4.85162e-06
 Reference value :  4.85262e-06
 Reference value :  4.85362e-06
 Reference value :  4.85462e-06
 Reference value :  4.85612e-06
 Reference value :  4.85762e-06
 Reference value :  4.85912e-06
 Reference value :  4.86062e-06
 Reference value :  4.86212e-06
 Reference value :  4.86362e-06
 Reference value :  4.86512e-06
 Reference value :  4.86617e-06
 Reference value :  4.86652e-06
 Reference value :  4.86675e-06
 Reference value :  4.86696e-06
 Reference value :  4.86717e-06
 Reference value :  4.86718e-06
 Reference value :  4.86724e-06
 Reference value :  4.86735e-06
 Reference value :  4.86753e-06
 Reference value :  4.86769e-06
 Reference value :  4.86781e-06
 Reference value :  4.86805e-06
 Reference value :  4.86834e-06
 Reference value :  4.86876e-06
 Reference value :  4.86953e-06
 Reference value :  4.87103e-06
 Reference value :  4.87203e-06
 Reference value :  4.87303e-06
 Reference value :  4.87403e-06
 Reference value :  4.87503e-06
 Reference value :  4.87653e-06
 Reference value :  4.87803e-06
 Reference value :  4.87953e-06
 Reference value :  4.88103e-06
 Reference value :  4.88303e-06
 Reference value :  4.88453e-06
 Reference value :  4.88603e-06
 Reference value :  4.88753e-06
 Reference value :  4.88903e-06
 Reference value :  4.89053e-06
 Reference value :  4.89203e-06
 Reference value :  4.89353e-06
 Reference value :  4.89453e-06
 Reference value :  4.89603e-06
 Reference value :  4.89753e-06
 Reference value :  4.89903e-06
 Reference value :  4.90053e-06
 Reference value :  4.90203e-06
 Reference value :  4.90353e-06
 Reference value :  4.90453e-06
 Reference value :  4.90603e-06
 Reference value :  4.90703e-06
 Reference value :  4.90788e-06
 Reference value :  4.90851e-06
 Reference value :  4.90888e-06
 Reference value :  4.90915e-06
 Reference value :  4.90941e-06
 Reference value :  4.91009e-06
 Reference value :  4.91095e-06
 Reference value :  4.91195e-06
 Reference value :  4.91295e-06
 Reference value :  4.91445e-06
 Reference value :  4.91545e-06
 Reference value :  4.91645e-06
 Reference value :  4.91745e-06
 Reference value :  4.91845e-06
 Reference value :  4.91995e-06
 Reference value :  4.92095e-06
 Reference value :  4.92195e-06
 Reference value :  4.92345e-06
 Reference value :  4.92495e-06
 Reference value :  4.92595e-06
 Reference value :  4.92645e-06
 Reference value :  4.92745e-06
 Reference value :  4.92845e-06
 Reference value :  4.92945e-06
 Reference value :  4.93045e-06
 Reference value :  4.93145e-06
 Reference value :  4.93295e-06
 Reference value :  4.93495e-06
 Reference value :  4.93645e-06
 Reference value :  4.93795e-06
 Reference value :  4.93945e-06
 Reference value :  4.94145e-06
 Reference value :  4.94295e-06
 Reference value :  4.94495e-06
 Reference value :  4.94695e-06
 Reference value :  4.94795e-06
 Reference value :  4.94923e-06
 Reference value :  4.94965e-06
 Reference value :  4.95004e-06
 Reference value :  4.95025e-06
 Reference value :  4.95037e-06
 Reference value :  4.95050e-06
 Reference value :  4.95051e-06
 Reference value :  4.95057e-06
 Reference value :  4.95059e-06
 Reference value :  4.95066e-06
 Reference value :  4.95076e-06
 Reference value :  4.95100e-06
 Reference value :  4.95107e-06
 Reference value :  4.95113e-06
 Reference value :  4.95120e-06
 Reference value :  4.95128e-06
 Reference value :  4.95138e-06
 Reference value :  4.95165e-06
 Reference value :  4.95209e-06
 Reference value :  4.95292e-06
 Reference value :  4.95392e-06
 Reference value :  4.95492e-06
 Reference value :  4.95642e-06
 Reference value :  4.95742e-06
 Reference value :  4.95842e-06
 Reference value :  4.95942e-06
 Reference value :  4.96042e-06
 Reference value :  4.96142e-06
 Reference value :  4.96242e-06
 Reference value :  4.96392e-06
 Reference value :  4.96542e-06
 Reference value :  4.96692e-06
 Reference value :  4.96842e-06
 Reference value :  4.96992e-06
 Reference value :  4.97142e-06
 Reference value :  4.97292e-06
 Reference value :  4.97442e-06
 Reference value :  4.97592e-06
 Reference value :  4.97742e-06
 Reference value :  4.97892e-06
 Reference value :  4.98042e-06
 Reference value :  4.98192e-06
 Reference value :  4.98342e-06
 Reference value :  4.98442e-06
 Reference value :  4.98592e-06
 Reference value :  4.98742e-06
 Reference value :  4.98892e-06
 Reference value :  4.99042e-06
 Reference value :  4.99122e-06
 Reference value :  4.99184e-06
 Reference value :  4.99221e-06
 Reference value :  4.99248e-06
 Reference value :  4.99275e-06
 Reference value :  4.99342e-06
 Reference value :  4.99428e-06
 Reference value :  4.99528e-06
 Reference value :  4.99628e-06
 Reference value :  4.99728e-06
 Reference value :  4.99878e-06
 Reference value :  4.99978e-06
 Reference value :  5.00078e-06
 Reference value :  5.00178e-06
 Reference value :  5.00278e-06
 Reference value :  5.00378e-06
 Reference value :  5.00528e-06
 Reference value :  5.00678e-06
 Reference value :  5.00778e-06
 Reference value :  5.00878e-06
 Reference value :  5.01028e-06
 Reference value :  5.01128e-06
 Reference value :  5.01228e-06
 Reference value :  5.01328e-06
 Reference value :  5.01428e-06
 Reference value :  5.01528e-06
 Reference value :  5.01628e-06
 Reference value :  5.01778e-06
 Reference value :  5.01928e-06
 Reference value :  5.02028e-06
 Reference value :  5.02178e-06
 Reference value :  5.02328e-06
 Reference value :  5.02478e-06
 Reference value :  5.02628e-06
 Reference value :  5.02728e-06
 Reference value :  5.02828e-06
 Reference value :  5.02978e-06
 Reference value :  5.03128e-06
 Reference value :  5.03256e-06
 Reference value :  5.03298e-06
 Reference value :  5.03347e-06
 Reference value :  5.03365e-06
 Reference value :  5.03383e-06
 Reference value :  5.03394e-06
 Reference value :  5.03423e-06
 Reference value :  5.03445e-06
 Reference value :  5.03458e-06
 Reference value :  5.03485e-06
 Reference value :  5.03526e-06
 Reference value :  5.03665e-06
 Reference value :  5.03815e-06
 Reference value :  5.03965e-06
 Reference value :  5.04115e-06
 Reference value :  5.04265e-06
 Reference value :  5.04415e-06
 Reference value :  5.04515e-06
 Reference value :  5.04665e-06
 Reference value :  5.04765e-06
 Reference value :  5.04915e-06
 Reference value :  5.05015e-06
 Reference value :  5.05165e-06
 Reference value :  5.05315e-06
 Reference value :  5.05415e-06
 Reference value :  5.05565e-06
 Reference value :  5.05665e-06
 Reference value :  5.05815e-06
 Reference value :  5.05965e-06
 Reference value :  5.06065e-06
 Reference value :  5.06165e-06
 Reference value :  5.06315e-06
 Reference value :  5.06465e-06
 Reference value :  5.06615e-06
 Reference value :  5.06765e-06
 Reference value :  5.06915e-06
 Reference value :  5.07065e-06
 Reference value :  5.07215e-06
 Reference value :  5.07365e-06
 Reference value :  5.07455e-06
 Reference value :  5.07517e-06
 Reference value :  5.07550e-06
 Reference value :  5.07563e-06
 Reference value :  5.07608e-06
 Reference value :  5.07675e-06
 Reference value :  5.07762e-06
 Reference value :  5.07862e-06
 Reference value :  5.07962e-06
 Reference value :  5.08062e-06
 Reference value :  5.08162e-06
 Reference value :  5.08262e-06
 Reference value :  5.08362e-06
 Reference value :  5.08462e-06
 Reference value :  5.08562e-06
 Reference value :  5.08662e-06
 Reference value :  5.08762e-06
 Reference value :  5.08912e-06
 Reference value :  5.09012e-06
 Reference value :  5.09112e-06
 Reference value :  5.09212e-06
 Reference value :  5.09312e-06
 Reference value :  5.09412e-06
 Reference value :  5.09512e-06
 Reference value :  5.09612e-06
 Reference value :  5.09712e-06
 Reference value :  5.09812e-06
 Reference value :  5.09962e-06
 Reference value :  5.10112e-06
 Reference value :  5.10212e-06
 Reference value :  5.10362e-06
 Reference value :  5.10462e-06
 Reference value :  5.10562e-06
 Reference value :  5.10712e-06
 Reference value :  5.10862e-06
 Reference value :  5.10962e-06
 Reference value :  5.11062e-06
 Reference value :  5.11162e-06
 Reference value :  5.11262e-06
 Reference value :  5.11362e-06
 Reference value :  5.11462e-06
 Reference value :  5.11562e-06
 Reference value :  5.11617e-06
 Reference value :  5.11632e-06
 Reference value :  5.11675e-06
 Reference value :  5.11696e-06
 Reference value :  5.11717e-06
 Reference value :  5.11727e-06
 Reference value :  5.11736e-06
 Reference value :  5.11756e-06
 Reference value :  5.11776e-06
 Reference value :  5.11784e-06
 Reference value :  5.11792e-06
 Reference value :  5.11813e-06
 Reference value :  5.11842e-06
 Reference value :  5.11911e-06
 Reference value :  5.12061e-06
 Reference value :  5.12211e-06
 Reference value :  5.12361e-06
 Reference value :  5.12461e-06
 Reference value :  5.12611e-06
 Reference value :  5.12711e-06
 Reference value :  5.12811e-06
 Reference value :  5.12911e-06
 Reference value :  5.13011e-06
 Reference value :  5.13161e-06
 Reference value :  5.13261e-06
 Reference value :  5.13411e-06
 Reference value :  5.13561e-06
 Reference value :  5.13661e-06
 Reference value :  5.13811e-06
 Reference value :  5.13911e-06
 Reference value :  5.14011e-06
 Reference value :  5.14161e-06
 Reference value :  5.14261e-06
 Reference value :  5.14361e-06
 Reference value :  5.14461e-06
 Reference value :  5.14561e-06
 Reference value :  5.14711e-06
 Reference value :  5.14811e-06
 Reference value :  5.14911e-06
 Reference value :  5.15011e-06
 Reference value :  5.15161e-06
 Reference value :  5.15261e-06
 Reference value :  5.15411e-06
 Reference value :  5.15511e-06
 Reference value :  5.15661e-06
 Reference value :  5.15747e-06
 Reference value :  5.15788e-06
 Reference value :  5.15851e-06
 Reference value :  5.15883e-06
 Reference value :  5.15898e-06
 Reference value :  5.15947e-06
 Reference value :  5.15975e-06
 Reference value :  5.15999e-06
 Reference value :  5.16020e-06
 Reference value :  5.16067e-06
 Reference value :  5.16140e-06
 Reference value :  5.16240e-06
 Reference value :  5.16340e-06
 Reference value :  5.16440e-06
 Reference value :  5.16590e-06
 Reference value :  5.16740e-06
 Reference value :  5.16840e-06
 Reference value :  5.16940e-06
 Reference value :  5.17090e-06
 Reference value :  5.17190e-06
 Reference value :  5.17290e-06
 Reference value :  5.17440e-06
 Reference value :  5.17540e-06
 Reference value :  5.17640e-06
 Reference value :  5.17790e-06
 Reference value :  5.17940e-06
 Reference value :  5.18040e-06
 Reference value :  5.18140e-06
 Reference value :  5.18240e-06
 Reference value :  5.18340e-06
 Reference value :  5.18440e-06
 Reference value :  5.18540e-06
 Reference value :  5.18690e-06
 Reference value :  5.18790e-06
 Reference value :  5.18890e-06
 Reference value :  5.19040e-06
 Reference value :  5.19140e-06
 Reference value :  5.19240e-06
 Reference value :  5.19340e-06
 Reference value :  5.19490e-06
 Reference value :  5.19640e-06
 Reference value :  5.19790e-06
 Reference value :  5.19920e-06
 Reference value :  5.19955e-06
 Reference value :  5.19985e-06
 Reference value :  5.20013e-06
 Reference value :  5.20032e-06
 Reference value :  5.20050e-06
 Reference value :  5.20053e-06
 Reference value :  5.20068e-06
 Reference value :  5.20077e-06
 Reference value :  5.20097e-06
 Reference value :  5.20106e-06
 Reference value :  5.20116e-06
 Reference value :  5.20125e-06
 Reference value :  5.20134e-06
 Reference value :  5.20158e-06
 Reference value :  5.20215e-06
 Reference value :  5.20315e-06
 Reference value :  5.20465e-06
 Reference value :  5.20565e-06
 Reference value :  5.20715e-06
 Reference value :  5.20865e-06
 Reference value :  5.21015e-06
 Reference value :  5.21165e-06
 Reference value :  5.21265e-06
 Reference value :  5.21365e-06
 Reference value :  5.21465e-06
 Reference value :  5.21565e-06
 Reference value :  5.21715e-06
 Reference value :  5.21865e-06
 Reference value :  5.21965e-06
 Reference value :  5.22115e-06
 Reference value :  5.22215e-06
 Reference value :  5.22315e-06
 Reference value :  5.22465e-06
 Reference value :  5.22615e-06
 Reference value :  5.22765e-06
 Reference value :  5.22865e-06
 Reference value :  5.23015e-06
 Reference value :  5.23165e-06
 Reference value :  5.23315e-06
 Reference value :  5.23465e-06
 Reference value :  5.23615e-06
 Reference value :  5.23815e-06
 Reference value :  5.23965e-06
 Reference value :  5.24091e-06
 Reference value :  5.24122e-06
 Reference value :  5.24184e-06
 Reference value :  5.24217e-06
 Reference value :  5.24230e-06
 Reference value :  5.24275e-06
 Reference value :  5.24306e-06
 Reference value :  5.24333e-06
 Reference value :  5.24356e-06
 Reference value :  5.24404e-06
 Reference value :  5.24479e-06
 Reference value :  5.24579e-06
 Reference value :  5.24679e-06
 Reference value :  5.24829e-06
 Reference value :  5.24979e-06
 Reference value :  5.25129e-06
 Reference value :  5.25279e-06
 Reference value :  5.25429e-06
 Reference value :  5.25579e-06
 Reference value :  5.25729e-06
 Reference value :  5.25829e-06
 Reference value :  5.25979e-06
 Reference value :  5.26129e-06
 Reference value :  5.26279e-06
 Reference value :  5.26429e-06
 Reference value :  5.26529e-06
 Reference value :  5.26629e-06
 Reference value :  5.26729e-06
 Reference value :  5.26829e-06
 Reference value :  5.26929e-06
 Reference value :  5.27029e-06
 Reference value :  5.27129e-06
 Reference value :  5.27229e-06
 Reference value :  5.27379e-06
 Reference value :  5.27479e-06
 Reference value :  5.27579e-06
 Reference value :  5.27679e-06
 Reference value :  5.27779e-06
 Reference value :  5.27879e-06
 Reference value :  5.27979e-06
 Reference value :  5.28079e-06
 Reference value :  5.28229e-06
 Reference value :  5.28283e-06
 Reference value :  5.28318e-06
 Reference value :  5.28346e-06
 Reference value :  5.28365e-06
 Reference value :  5.28383e-06
 Reference value :  5.28385e-06
 Reference value :  5.28392e-06
 Reference value :  5.28401e-06
 Reference value :  5.28419e-06
 Reference value :  5.28451e-06
 Reference value :  5.28460e-06
 Reference value :  5.28483e-06
 Reference value :  5.28523e-06
 Reference value :  5.28606e-06
 Reference value :  5.28706e-06
 Reference value :  5.28806e-06
 Reference value :  5.28956e-06
 Reference value :  5.29056e-06
 Reference value :  5.29156e-06
 Reference value :  5.29256e-06
 Reference value :  5.29406e-06
 Reference value :  5.29506e-06
 Reference value :  5.29656e-06
 Reference value :  5.29756e-06
 Reference value :  5.29906e-06
 Reference value :  5.30056e-06
 Reference value :  5.30206e-06
 Reference value :  5.30356e-06
 Reference value :  5.30506e-06
 Reference value :  5.30656e-06
 Reference value :  5.30806e-06
 Reference value :  5.30956e-06
 Reference value :  5.31106e-06
 Reference value :  5.31256e-06
 Reference value :  5.31406e-06
 Reference value :  5.31556e-06
 Reference value :  5.31706e-06
 Reference value :  5.31806e-06
 Reference value :  5.31906e-06
 Reference value :  5.32006e-06
 Reference value :  5.32156e-06
 Reference value :  5.32256e-06
 Reference value :  5.32356e-06
 Reference value :  5.32455e-06
 Reference value :  5.32517e-06
 Reference value :  5.32550e-06
 Reference value :  5.32563e-06
 Reference value :  5.32607e-06
 Reference value :  5.32640e-06
 Reference value :  5.32668e-06
 Reference value :  5.32749e-06
 Reference value :  5.32849e-06
 Reference value :  5.32999e-06
 Reference value :  5.33099e-06
 Reference value :  5.33199e-06
 Reference value :  5.33299e-06
 Reference value :  5.33449e-06
 Reference value :  5.33499e-06
 Reference value :  5.33549e-06
 Reference value :  5.33649e-06
 Reference value :  5.33749e-06
 Reference value :  5.33849e-06
 Reference value :  5.33949e-06
 Reference value :  5.34099e-06
 Reference value :  5.34249e-06
 Reference value :  5.34399e-06
 Reference value :  5.34549e-06
 Reference value :  5.34699e-06
 Reference value :  5.34799e-06
 Reference value :  5.34949e-06
 Reference value :  5.35099e-06
 Reference value :  5.35199e-06
 Reference value :  5.35349e-06
 Reference value :  5.35449e-06
 Reference value :  5.35549e-06
 Reference value :  5.35649e-06
 Reference value :  5.35799e-06
 Reference value :  5.35949e-06
 Reference value :  5.36049e-06
 Reference value :  5.36199e-06
 Reference value :  5.36299e-06
 Reference value :  5.36449e-06
 Reference value :  5.36549e-06
 Reference value :  5.36617e-06
 Reference value :  5.36652e-06
 Reference value :  5.36679e-06
 Reference value :  5.36698e-06
 Reference value :  5.36717e-06
 Reference value :  5.36728e-06
 Reference value :  5.36758e-06
 Reference value :  5.36776e-06
 Reference value :  5.36788e-06
 Reference value :  5.36811e-06
 Reference value :  5.36851e-06
 Reference value :  5.36936e-06
 Reference value :  5.37036e-06
 Reference value :  5.37136e-06
 Reference value :  5.37236e-06
 Reference value :  5.37336e-06
 Reference value :  5.37486e-06
 Reference value :  5.37636e-06
 Reference value :  5.37736e-06
 Reference value :  5.37836e-06
 Reference value :  5.37986e-06
 Reference value :  5.38086e-06
 Reference value :  5.38186e-06
 Reference value :  5.38286e-06
 Reference value :  5.38386e-06
 Reference value :  5.38486e-06
 Reference value :  5.38586e-06
 Reference value :  5.38736e-06
 Reference value :  5.38886e-06
 Reference value :  5.39036e-06
 Reference value :  5.39136e-06
 Reference value :  5.39236e-06
 Reference value :  5.39386e-06
 Reference value :  5.39486e-06
 Reference value :  5.39636e-06
 Reference value :  5.39736e-06
 Reference value :  5.39886e-06
 Reference value :  5.40036e-06
 Reference value :  5.40136e-06
 Reference value :  5.40236e-06
 Reference value :  5.40386e-06
 Reference value :  5.40486e-06
 Reference value :  5.40586e-06
 Reference value :  5.40736e-06
 Reference value :  5.40788e-06
 Reference value :  5.40818e-06
 Reference value :  5.40851e-06
 Reference value :  5.40883e-06
 Reference value :  5.40897e-06
 Reference value :  5.40950e-06
 Reference value :  5.41039e-06
 Reference value :  5.41139e-06
 Reference value :  5.41289e-06
 Reference value :  5.41439e-06
 Reference value :  5.41539e-06
 Reference value :  5.41689e-06
 Reference value :  5.41789e-06
 Reference value :  5.41939e-06
 Reference value :  5.42039e-06
 Reference value :  5.42189e-06
 Reference value :  5.42339e-06
 Reference value :  5.42439e-06
 Reference value :  5.42539e-06
 Reference value :  5.42639e-06
 Reference value :  5.42789e-06
 Reference value :  5.42889e-06
 Reference value :  5.42989e-06
 Reference value :  5.43089e-06
 Reference value :  5.43189e-06
 Reference value :  5.43289e-06
 Reference value :  5.43389e-06
 Reference value :  5.43489e-06
 Reference value :  5.43589e-06
 Reference value :  5.43689e-06
 Reference value :  5.43839e-06
 Reference value :  5.44039e-06
 Reference value :  5.44239e-06
 Reference value :  5.44389e-06
 Reference value :  5.44589e-06
 Reference value :  5.44789e-06
 Reference value :  5.44950e-06
 Reference value :  5.44965e-06
 Reference value :  5.45012e-06
 Reference value :  5.45031e-06
 Reference value :  5.45050e-06
 Reference value :  5.45061e-06
 Reference value :  5.45076e-06
 Reference value :  5.45140e-06
 Reference value :  5.45231e-06
 Reference value :  5.45331e-06
 Reference value :  5.45431e-06
 Reference value :  5.45581e-06
 Reference value :  5.45731e-06
 Reference value :  5.45881e-06
 Reference value :  5.45981e-06
 Reference value :  5.46081e-06
 Reference value :  5.46181e-06
 Reference value :  5.46281e-06
 Reference value :  5.46381e-06
 Reference value :  5.46481e-06
 Reference value :  5.46631e-06
 Reference value :  5.46781e-06
 Reference value :  5.46931e-06
 Reference value :  5.47081e-06
 Reference value :  5.47231e-06
 Reference value :  5.47331e-06
 Reference value :  5.47481e-06
 Reference value :  5.47631e-06
 Reference value :  5.47731e-06
 Reference value :  5.47881e-06
 Reference value :  5.48031e-06
 Reference value :  5.48131e-06
 Reference value :  5.48281e-06
 Reference value :  5.48431e-06
 Reference value :  5.48581e-06
 Reference value :  5.48731e-06
 Reference value :  5.48881e-06
 Reference value :  5.48981e-06
 Reference value :  5.49074e-06
 Reference value :  5.49122e-06
 Reference value :  5.49184e-06
 Reference value :  5.49221e-06
 Reference value :  5.49284e-06
 Reference value :  5.49422e-06
 Reference value :  5.49572e-06
 Reference value :  5.49722e-06
 Reference value :  5.49872e-06
 Reference value :  5.50022e-06
 Reference value :  5.50172e-06
 Reference value :  5.50322e-06
 Reference value :  5.50522e-06
 Reference value :  5.50622e-06
 Reference value :  5.50822e-06
 Reference value :  5.50972e-06
 Reference value :  5.51072e-06
 Reference value :  5.51172e-06
 Reference value :  5.51322e-06
 Reference value :  5.51422e-06
 Reference value :  5.51572e-06
 Reference value :  5.51672e-06
 Reference value :  5.51772e-06
 Reference value :  5.51922e-06
 Reference value :  5.52022e-06
 Reference value :  5.52122e-06
 Reference value :  5.52322e-06
 Reference value :  5.52472e-06
 Reference value :  5.52672e-06
 Reference value :  5.52822e-06
 Reference value :  5.52972e-06
 Reference value :  5.53172e-06
 Reference value :  5.53288e-06
 Reference value :  5.53346e-06
 Reference value :  5.53364e-06
 Reference value :  5.53383e-06
 Reference value :  5.53410e-06
 Reference value :  5.53425e-06
 Reference value :  5.53473e-06
 Reference value :  5.53565e-06
 Reference value :  5.53765e-06
 Reference value :  5.53915e-06
 Reference value :  5.54065e-06
 Reference value :  5.54265e-06
 Reference value :  5.54415e-06
 Reference value :  5.54515e-06
 Reference value :  5.54665e-06
 Reference value :  5.54815e-06
 Reference value :  5.54965e-06
 Reference value :  5.55115e-06
 Reference value :  5.55265e-06
 Reference value :  5.55465e-06
 Reference value :  5.55615e-06
 Reference value :  5.55765e-06
 Reference value :  5.55915e-06
 Reference value :  5.56015e-06
 Reference value :  5.56165e-06
 Reference value :  5.56315e-06
 Reference value :  5.56465e-06
 Reference value :  5.56615e-06
 Reference value :  5.56765e-06
 Reference value :  5.56915e-06
 Reference value :  5.57015e-06
 Reference value :  5.57165e-06
 Reference value :  5.57315e-06
 Reference value :  5.57450e-06
 Reference value :  5.57485e-06
 Reference value :  5.57517e-06
 Reference value :  5.57550e-06
 Reference value :  5.57563e-06
 Reference value :  5.57617e-06
 Reference value :  5.57706e-06
 Reference value :  5.57855e-06
 Reference value :  5.58005e-06
 Reference value :  5.58105e-06
 Reference value :  5.58205e-06
 Reference value :  5.58305e-06
 Reference value :  5.58455e-06
 Reference value :  5.58605e-06
 Reference value :  5.58755e-06
 Reference value :  5.58905e-06
 Reference value :  5.59005e-06
 Reference value :  5.59155e-06
 Reference value :  5.59305e-06
 Reference value :  5.59405e-06
 Reference value :  5.59505e-06
 Reference value :  5.59655e-06
 Reference value :  5.59805e-06
 Reference value :  5.59955e-06
 Reference value :  5.60105e-06
 Reference value :  5.60205e-06
 Reference value :  5.60305e-06
 Reference value :  5.60405e-06
 Reference value :  5.60605e-06
 Reference value :  5.60805e-06
 Reference value :  5.61055e-06
 Reference value :  5.61305e-06
 Reference value :  5.61555e-06
 Reference value :  5.61632e-06
 Reference value :  5.61679e-06
 Reference value :  5.61717e-06
 Reference value :  5.61728e-06
 Reference value :  5.61758e-06
 Reference value :  5.61843e-06
 Reference value :  5.62032e-06
 Reference value :  5.62132e-06
 Reference value :  5.62282e-06
 Reference value :  5.62432e-06
 Reference value :  5.62582e-06
 Reference value :  5.62682e-06
 Reference value :  5.62832e-06
 Reference value :  5.62932e-06
 Reference value :  5.63132e-06
 Reference value :  5.63282e-06
 Reference value :  5.63432e-06
 Reference value :  5.63582e-06
 Reference value :  5.63732e-06
 Reference value :  5.63882e-06
 Reference value :  5.64032e-06
 Reference value :  5.64182e-06
 Reference value :  5.64282e-06
 Reference value :  5.64482e-06
 Reference value :  5.64632e-06
 Reference value :  5.64832e-06
 Reference value :  5.65032e-06
 Reference value :  5.65182e-06
 Reference value :  5.65332e-06
 Reference value :  5.65532e-06
 Reference value :  5.65682e-06
 Reference value :  5.65783e-06
 Reference value :  5.65818e-06
 Reference value :  5.65851e-06
 Reference value :  5.65883e-06
 Reference value :  5.65897e-06
 Reference value :  5.65950e-06
 Reference value :  5.66039e-06
 Reference value :  5.66138e-06
 Reference value :  5.66238e-06
 Reference value :  5.66388e-06
 Reference value :  5.66538e-06
 Reference value :  5.66688e-06
 Reference value :  5.66838e-06
 Reference value :  5.66938e-06
 Reference value :  5.67038e-06
 Reference value :  5.67188e-06
 Reference value :  5.67338e-06
 Reference value :  5.67488e-06
 Reference value :  5.67638e-06
 Reference value :  5.67788e-06
 Reference value :  5.67938e-06
 Reference value :  5.68038e-06
 Reference value :  5.68188e-06
 Reference value :  5.68338e-06
 Reference value :  5.68488e-06
 Reference value :  5.68638e-06
 Reference value :  5.68788e-06
 Reference value :  5.68988e-06
 Reference value :  5.69188e-06
 Reference value :  5.69388e-06
 Reference value :  5.69588e-06
 Reference value :  5.69788e-06
 Reference value :  5.69950e-06
 Reference value :  5.69985e-06
 Reference value :  5.70012e-06
 Reference value :  5.70031e-06
 Reference value :  5.70050e-06
 Reference value :  5.70076e-06
 Reference value :  5.70112e-06
 Reference value :  5.70211e-06
 Reference value :  5.70361e-06
 Reference value :  5.70511e-06
 Reference value :  5.70611e-06
 Reference value :  5.70761e-06
 Reference value :  5.70911e-06
 Reference value :  5.71061e-06
 Reference value :  5.71211e-06
 Reference value :  5.71311e-06
 Reference value :  5.71411e-06
 Reference value :  5.71561e-06
 Reference value :  5.71711e-06
 Reference value :  5.71861e-06
 Reference value :  5.72011e-06
 Reference value :  5.72111e-06
 Reference value :  5.72261e-06
 Reference value :  5.72461e-06
 Reference value :  5.72661e-06
 Reference value :  5.72811e-06
 Reference value :  5.72961e-06
 Reference value :  5.73111e-06
 Reference value :  5.73261e-06
 Reference value :  5.73361e-06
 Reference value :  5.73511e-06
 Reference value :  5.73661e-06
 Reference value :  5.73811e-06
 Reference value :  5.73911e-06
 Reference value :  5.74011e-06
 Reference value :  5.74117e-06
 Reference value :  5.74152e-06
 Reference value :  5.74184e-06
 Reference value :  5.74217e-06
 Reference value :  5.74230e-06
 Reference value :  5.74284e-06
 Reference value :  5.74422e-06
 Reference value :  5.74572e-06
 Reference value :  5.74722e-06
 Reference value :  5.74872e-06
 Reference value :  5.75022e-06
 Reference value :  5.75172e-06
 Reference value :  5.75272e-06
 Reference value :  5.75422e-06
 Reference value :  5.75572e-06
 Reference value :  5.75722e-06
 Reference value :  5.75922e-06
 Reference value :  5.76072e-06
 Reference value :  5.76172e-06
 Reference value :  5.76322e-06
 Reference value :  5.76472e-06
 Reference value :  5.76572e-06
 Reference value :  5.76722e-06
 Reference value :  5.76822e-06
 Reference value :  5.76972e-06
 Reference value :  5.77122e-06
 Reference value :  5.77272e-06
 Reference value :  5.77422e-06
 Reference value :  5.77572e-06
 Reference value :  5.77722e-06
 Reference value :  5.77922e-06
 Reference value :  5.78122e-06
 Reference value :  5.78283e-06
 Reference value :  5.78298e-06
 Reference value :  5.78342e-06
 Reference value :  5.78363e-06
 Reference value :  5.78383e-06
 Reference value :  5.78385e-06
 Reference value :  5.78396e-06
 Reference value :  5.78415e-06
 Reference value :  5.78469e-06
 Reference value :  5.78568e-06
 Reference value :  5.78668e-06
 Reference value :  5.78768e-06
 Reference value :  5.78918e-06
 Reference value :  5.79068e-06
 Reference value :  5.79218e-06
 Reference value :  5.79368e-06
 Reference value :  5.79518e-06
 Reference value :  5.79718e-06
 Reference value :  5.79868e-06
 Reference value :  5.80018e-06
 Reference value :  5.80168e-06
 Reference value :  5.80318e-06
 Reference value :  5.80468e-06
 Reference value :  5.80618e-06
 Reference value :  5.80768e-06
 Reference value :  5.80918e-06
 Reference value :  5.81118e-06
 Reference value :  5.81268e-06
 Reference value :  5.81418e-06
 Reference value :  5.81568e-06
 Reference value :  5.81718e-06
 Reference value :  5.81918e-06
 Reference value :  5.82068e-06
 Reference value :  5.82168e-06
 Reference value :  5.82268e-06
 Reference value :  5.82409e-06
 Reference value :  5.82465e-06
 Reference value :  5.82517e-06
 Reference value :  5.82550e-06
 Reference value :  5.82563e-06
 Reference value :  5.82617e-06
 Reference value :  5.82706e-06
 Reference value :  5.82805e-06
 Reference value :  5.82905e-06
 Reference value :  5.83055e-06
 Reference value :  5.83205e-06
 Reference value :  5.83355e-06
 Reference value :  5.83555e-06
 Reference value :  5.83755e-06
 Reference value :  5.83905e-06
 Reference value :  5.84055e-06
 Reference value :  5.84155e-06
 Reference value :  5.84255e-06
 Reference value :  5.84405e-06
 Reference value :  5.84555e-06
 Reference value :  5.84705e-06
 Reference value :  5.84855e-06
 Reference value :  5.85005e-06
 Reference value :  5.85155e-06
 Reference value :  5.85305e-06
 Reference value :  5.85455e-06
 Reference value :  5.85605e-06
 Reference value :  5.85755e-06
 Reference value :  5.85955e-06
 Reference value :  5.86155e-06
 Reference value :  5.86405e-06
 Reference value :  5.86586e-06
 Reference value :  5.86632e-06
 Reference value :  5.86675e-06
 Reference value :  5.86696e-06
 Reference value :  5.86717e-06
 Reference value :  5.86718e-06
 Reference value :  5.86724e-06
 Reference value :  5.86734e-06
 Reference value :  5.86740e-06
 Reference value :  5.86771e-06
 Reference value :  5.86829e-06
 Reference value :  5.86929e-06
 Reference value :  5.87029e-06
 Reference value :  5.87129e-06
 Reference value :  5.87279e-06
 Reference value :  5.87429e-06
 Reference value :  5.87529e-06
 Reference value :  5.87629e-06
 Reference value :  5.87729e-06
 Reference value :  5.87879e-06
 Reference value :  5.88029e-06
 Reference value :  5.88129e-06
 Reference value :  5.88229e-06
 Reference value :  5.88379e-06
 Reference value :  5.88529e-06
 Reference value :  5.88679e-06
 Reference value :  5.88829e-06
 Reference value :  5.88979e-06
 Reference value :  5.89129e-06
 Reference value :  5.89279e-06
 Reference value :  5.89379e-06
 Reference value :  5.89479e-06
 Reference value :  5.89579e-06
 Reference value :  5.89679e-06
 Reference value :  5.89829e-06
 Reference value :  5.89979e-06
 Reference value :  5.90129e-06
 Reference value :  5.90279e-06
 Reference value :  5.90379e-06
 Reference value :  5.90529e-06
 Reference value :  5.90679e-06
 Reference value :  5.90783e-06
 Reference value :  5.90818e-06
 Reference value :  5.90851e-06
 Reference value :  5.90883e-06
 Reference value :  5.90897e-06
 Reference value :  5.90950e-06
 Reference value :  5.91039e-06
 Reference value :  5.91188e-06
 Reference value :  5.91288e-06
 Reference value :  5.91438e-06
 Reference value :  5.91538e-06
 Reference value :  5.91688e-06
 Reference value :  5.91788e-06
 Reference value :  5.91938e-06
 Reference value :  5.92038e-06
 Reference value :  5.92138e-06
 Reference value :  5.92238e-06
 Reference value :  5.92338e-06
 Reference value :  5.92438e-06
 Reference value :  5.92538e-06
 Reference value :  5.92638e-06
 Reference value :  5.92788e-06
 Reference value :  5.92938e-06
 Reference value :  5.93038e-06
 Reference value :  5.93138e-06
 Reference value :  5.93288e-06
 Reference value :  5.93388e-06
 Reference value :  5.93538e-06
 Reference value :  5.93638e-06
 Reference value :  5.93738e-06
 Reference value :  5.93888e-06
 Reference value :  5.94088e-06
 Reference value :  5.94238e-06
 Reference value :  5.94388e-06
 Reference value :  5.94588e-06
 Reference value :  5.94788e-06
 Reference value :  5.94919e-06
 Reference value :  5.94965e-06
 Reference value :  5.95008e-06
 Reference value :  5.95029e-06
 Reference value :  5.95050e-06
 Reference value :  5.95061e-06
 Reference value :  5.95077e-06
 Reference value :  5.95101e-06
 Reference value :  5.95154e-06
 Reference value :  5.95254e-06
 Reference value :  5.95404e-06
 Reference value :  5.95504e-06
 Reference value :  5.95604e-06
 Reference value :  5.95704e-06
 Reference value :  5.95854e-06
 Reference value :  5.96004e-06
 Reference value :  5.96104e-06
 Reference value :  5.96254e-06
 Reference value :  5.96354e-06
 Reference value :  5.96454e-06
 Reference value :  5.96604e-06
 Reference value :  5.96704e-06
 Reference value :  5.96804e-06
 Reference value :  5.96904e-06
 Reference value :  5.97054e-06
 Reference value :  5.97154e-06
 Reference value :  5.97304e-06
 Reference value :  5.97454e-06
 Reference value :  5.97554e-06
 Reference value :  5.97704e-06
 Reference value :  5.97804e-06
 Reference value :  5.97904e-06
 Reference value :  5.98054e-06
 Reference value :  5.98204e-06
 Reference value :  5.98354e-06
 Reference value :  5.98454e-06
 Reference value :  5.98554e-06
 Reference value :  5.98654e-06
 Reference value :  5.98804e-06
 Reference value :  5.98904e-06
 Reference value :  5.99054e-06
 Reference value :  5.99122e-06
 Reference value :  5.99184e-06
 Reference value :  5.99217e-06
 Reference value :  5.99230e-06
 Reference value :  5.99284e-06
 Reference value :  5.99372e-06
 Reference value :  5.99472e-06
 Reference value :  5.99572e-06
 Reference value :  5.99672e-06
 Reference value :  5.99772e-06
 Reference value :  5.99872e-06
 Reference value :  6.00022e-06
 Reference value :  6.00172e-06
 Reference value :  6.00322e-06
 Reference value :  6.00472e-06
 Reference value :  6.00572e-06
 Reference value :  6.00722e-06
 Reference value :  6.00872e-06
 Reference value :  6.01022e-06
 Reference value :  6.01172e-06
 Reference value :  6.01322e-06
 Reference value :  6.01422e-06
 Reference value :  6.01522e-06
 Reference value :  6.01622e-06
 Reference value :  6.01722e-06
 Reference value :  6.01822e-06
 Reference value :  6.01972e-06
 Reference value :  6.02122e-06
 Reference value :  6.02272e-06
 Reference value :  6.02422e-06
 Reference value :  6.02622e-06
 Reference value :  6.02822e-06
 Reference value :  6.02972e-06
 Reference value :  6.03172e-06
 Reference value :  6.03283e-06
 Reference value :  6.03318e-06
 Reference value :  6.03351e-06
 Reference value :  6.03367e-06
 Reference value :  6.03387e-06
 Reference value :  6.03406e-06
 Reference value :  6.03447e-06
 Reference value :  6.03510e-06
 Reference value :  6.03610e-06
 Reference value :  6.03760e-06
 Reference value :  6.03860e-06
 Reference value :  6.04010e-06
 Reference value :  6.04160e-06
 Reference value :  6.04310e-06
 Reference value :  6.04410e-06
 Reference value :  6.04510e-06
 Reference value :  6.04660e-06
 Reference value :  6.04760e-06
 Reference value :  6.04860e-06
 Reference value :  6.04960e-06
 Reference value :  6.05060e-06
 Reference value :  6.05160e-06
 Reference value :  6.05260e-06
 Reference value :  6.05410e-06
 Reference value :  6.05510e-06
 Reference value :  6.05610e-06
 Reference value :  6.05710e-06
 Reference value :  6.05860e-06
 Reference value :  6.06010e-06
 Reference value :  6.06110e-06
 Reference value :  6.06210e-06
 Reference value :  6.06310e-06
 Reference value :  6.06410e-06
 Reference value :  6.06560e-06
 Reference value :  6.06710e-06
 Reference value :  6.06860e-06
 Reference value :  6.07010e-06
 Reference value :  6.07160e-06
 Reference value :  6.07260e-06
 Reference value :  6.07360e-06
 Reference value :  6.07450e-06
 Reference value :  6.07485e-06
 Reference value :  6.07517e-06
 Reference value :  6.07550e-06
 Reference value :  6.07563e-06
 Reference value :  6.07617e-06
 Reference value :  6.07755e-06
 Reference value :  6.07905e-06
 Reference value :  6.08055e-06
 Reference value :  6.08155e-06
 Reference value :  6.08305e-06
 Reference value :  6.08405e-06
 Reference value :  6.08505e-06
 Reference value :  6.08605e-06
 Reference value :  6.08705e-06
 Reference value :  6.08805e-06
 Reference value :  6.08905e-06
 Reference value :  6.09005e-06
 Reference value :  6.09105e-06
 Reference value :  6.09255e-06
 Reference value :  6.09355e-06
 Reference value :  6.09455e-06
 Reference value :  6.09555e-06
 Reference value :  6.09705e-06
 Reference value :  6.09855e-06
 Reference value :  6.09955e-06
 Reference value :  6.10105e-06
 Reference value :  6.10205e-06
 Reference value :  6.10355e-06
 Reference value :  6.10505e-06
 Reference value :  6.10605e-06
 Reference value :  6.10705e-06
 Reference value :  6.10805e-06
 Reference value :  6.10955e-06
 Reference value :  6.11055e-06
 Reference value :  6.11155e-06
 Reference value :  6.11255e-06
 Reference value :  6.11405e-06
 Reference value :  6.11555e-06
 Reference value :  6.11617e-06
 Reference value :  6.11632e-06
 Reference value :  6.11675e-06
 Reference value :  6.11696e-06
 Reference value :  6.11717e-06
 Reference value :  6.11719e-06
 Reference value :  6.11725e-06
 Reference value :  6.11733e-06
 Reference value :  6.11750e-06
 Reference value :  6.11770e-06
 Reference value :  6.11790e-06
 Reference value :  6.11810e-06
 Reference value :  6.11882e-06
 Reference value :  6.12032e-06
 Reference value :  6.12182e-06
 Reference value :  6.12332e-06
 Reference value :  6.12482e-06
 Reference value :  6.12632e-06
 Reference value :  6.12732e-06
 Reference value :  6.12882e-06
 Reference value :  6.13032e-06
 Reference value :  6.13182e-06
 Reference value :  6.13282e-06
 Reference value :  6.13382e-06
 Reference value :  6.13532e-06
 Reference value :  6.13632e-06
 Reference value :  6.13732e-06
 Reference value :  6.13882e-06
 Reference value :  6.14032e-06
 Reference value :  6.14182e-06
 Reference value :  6.14332e-06
 Reference value :  6.14432e-06
 Reference value :  6.14532e-06
 Reference value :  6.14632e-06
 Reference value :  6.14782e-06
 Reference value :  6.14882e-06
 Reference value :  6.15032e-06
 Reference value :  6.15182e-06
 Reference value :  6.15282e-06
 Reference value :  6.15382e-06
 Reference value :  6.15532e-06
 Reference value :  6.15632e-06
 Reference value :  6.15732e-06
 Reference value :  6.15783e-06
 Reference value :  6.15798e-06
 Reference value :  6.15851e-06
 Reference value :  6.15883e-06
 Reference value :  6.15898e-06
 Reference value :  6.15947e-06
 Reference value :  6.15974e-06
 Reference value :  6.15999e-06
 Reference value :  6.16019e-06
 Reference value :  6.16064e-06
 Reference value :  6.16137e-06
 Reference value :  6.16237e-06
 Reference value :  6.16337e-06
 Reference value :  6.16487e-06
 Reference value :  6.16637e-06
 Reference value :  6.16737e-06
 Reference value :  6.16887e-06
 Reference value :  6.16987e-06
 Reference value :  6.17087e-06
 Reference value :  6.17237e-06
 Reference value :  6.17337e-06
 Reference value :  6.17487e-06
 Reference value :  6.17587e-06
 Reference value :  6.17687e-06
 Reference value :  6.17787e-06
 Reference value :  6.17937e-06
 Reference value :  6.18087e-06
 Reference value :  6.18187e-06
 Reference value :  6.18337e-06
 Reference value :  6.18487e-06
 Reference value :  6.18587e-06
 Reference value :  6.18737e-06
 Reference value :  6.18837e-06
 Reference value :  6.18937e-06
 Reference value :  6.19037e-06
 Reference value :  6.19137e-06
 Reference value :  6.19287e-06
 Reference value :  6.19437e-06
 Reference value :  6.19537e-06
 Reference value :  6.19687e-06
 Reference value :  6.19837e-06
 Reference value :  6.19918e-06
 Reference value :  6.19955e-06
 Reference value :  6.19985e-06
 Reference value :  6.20013e-06
 Reference value :  6.20032e-06
 Reference value :  6.20050e-06
 Reference value :  6.20053e-06
 Reference value :  6.20059e-06
 Reference value :  6.20067e-06
 Reference value :  6.20077e-06
 Reference value :  6.20097e-06
 Reference value :  6.20106e-06
 Reference value :  6.20116e-06
 Reference value :  6.20125e-06
 Reference value :  6.20144e-06
 Reference value :  6.20215e-06
 Reference value :  6.20365e-06
 Reference value :  6.20465e-06
 Reference value :  6.20565e-06
 Reference value :  6.20715e-06
 Reference value :  6.20815e-06
 Reference value :  6.20915e-06
 Reference value :  6.21015e-06
 Reference value :  6.21165e-06
 Reference value :  6.21265e-06
 Reference value :  6.21365e-06
 Reference value :  6.21465e-06
 Reference value :  6.21565e-06
 Reference value :  6.21665e-06
 Reference value :  6.21815e-06
 Reference value :  6.21915e-06
 Reference value :  6.22065e-06
 Reference value :  6.22165e-06
 Reference value :  6.22315e-06
 Reference value :  6.22465e-06
 Reference value :  6.22565e-06
 Reference value :  6.22715e-06
 Reference value :  6.22815e-06
 Reference value :  6.22915e-06
 Reference value :  6.23015e-06
 Reference value :  6.23115e-06
 Reference value :  6.23265e-06
 Reference value :  6.23415e-06
 Reference value :  6.23565e-06
 Reference value :  6.23665e-06
 Reference value :  6.23765e-06
 Reference value :  6.23865e-06
 Reference value :  6.24015e-06
 Reference value :  6.24091e-06
 Reference value :  6.24132e-06
 Reference value :  6.24184e-06
 Reference value :  6.24217e-06
 Reference value :  6.24230e-06
 Reference value :  6.24275e-06
 Reference value :  6.24306e-06
 Reference value :  6.24333e-06
 Reference value :  6.24356e-06
 Reference value :  6.24404e-06
 Reference value :  6.24529e-06
 Reference value :  6.24629e-06
 Reference value :  6.24779e-06
 Reference value :  6.24929e-06
 Reference value :  6.25079e-06
 Reference value :  6.25179e-06
 Reference value :  6.25279e-06
 Reference value :  6.25429e-06
 Reference value :  6.25579e-06
 Reference value :  6.25679e-06
 Reference value :  6.25779e-06
 Reference value :  6.25929e-06
 Reference value :  6.26029e-06
 Reference value :  6.26179e-06
 Reference value :  6.26329e-06
 Reference value :  6.26479e-06
 Reference value :  6.26579e-06
 Reference value :  6.26729e-06
 Reference value :  6.26829e-06
 Reference value :  6.26929e-06
 Reference value :  6.27029e-06
 Reference value :  6.27179e-06
 Reference value :  6.27279e-06
 Reference value :  6.27379e-06
 Reference value :  6.27479e-06
 Reference value :  6.27629e-06
 Reference value :  6.27779e-06
 Reference value :  6.27929e-06
 Reference value :  6.28079e-06
 Reference value :  6.28179e-06
 Reference value :  6.28256e-06
 Reference value :  6.28288e-06
 Reference value :  6.28316e-06
No. of Data Rows : 14188

  Measurements for Transient Analysis

d9_c1               =  -3.47453e-07
d8_c1               =  9.66800e-08
d7_c1               =  1.80000e+00
d6_c1               =  1.80000e+00
d5_c1               =  1.80000e+00
d4_c1               =  1.57409e-07
d3_c1               =  1.90669e-07
d2_c1               =  2.44309e-07
d1_c1               =  3.44591e-07
d0_c1               =  1.80000e+00
d9_c2               =  8.80643e-08
d8_c2               =  1.80000e+00
d7_c2               =  1.30765e-07
d6_c2               =  1.80000e+00
d5_c2               =  1.80000e+00
d4_c2               =  1.80000e+00
d3_c2               =  1.80000e+00
d2_c2               =  1.80000e+00
d1_c2               =  1.80000e+00
d0_c2               =  1.80000e+00
d9_c3               =  -2.04240e-07
d8_c3               =  1.80000e+00
d7_c3               =  1.80000e+00
d6_c3               =  1.80000e+00
d5_c3               =  1.80000e+00
d4_c3               =  1.80000e+00
d3_c3               =  1.80000e+00
d2_c3               =  1.80000e+00
d1_c3               =  1.80000e+00
d0_c3               =  1.80000e+00
d9_c4               =  1.80001e+00
d8_c4               =  6.76764e-09
d7_c4               =  1.80000e+00
d6_c4               =  6.70378e-09
d5_c4               =  6.64314e-09
d4_c4               =  6.95315e-09
d3_c4               =  6.95422e-09
d2_c4               =  6.95551e-09
d1_c4               =  6.88501e-09
d0_c4               =  1.80000e+00
d9_c5               =  1.80001e+00
d8_c5               =  1.80000e+00
d7_c5               =  1.80000e+00
d6_c5               =  1.80000e+00
d5_c5               =  1.80000e+00
d4_c5               =  1.80000e+00
d3_c5               =  1.80000e+00
d2_c5               =  1.80000e+00
d1_c5               =  1.80000e+00
d0_c5               =  1.80000e+00
busy_c1_p0          =  1.80000e+00
smpl_c1_p0          =  -2.60880e-04
busy_c1_p1          =  1.80000e+00
smpl_c1_p1          =  -1.47128e-05
busy_c1_p2          =  1.80000e+00
smpl_c1_p2          =  -9.72353e-06
busy_c1_p3          =  1.80000e+00
smpl_c1_p3          =  -1.44550e-05
busy_c1_p4          =  1.80000e+00
smpl_c1_p4          =  -1.44678e-05
busy_c1_p5          =  1.80000e+00
smpl_c1_p5          =  -1.44537e-05
busy_c1_p6          =  1.80000e+00
smpl_c1_p6          =  -1.44755e-05
busy_c1_p7          =  1.80000e+00
smpl_c1_p7          =  -1.44734e-05
busy_c1_p8          =  1.80000e+00
smpl_c1_p8          =  -1.44711e-05
busy_c1_p9          =  1.80000e+00
smpl_c1_p9          =  -1.44745e-05
busy_c1_p10         =  1.80000e+00
smpl_c1_p10         =  -1.44711e-05
busy_c1_p11         =  -4.88858e-07
smpl_c1_p11         =  1.80006e+00
busy_c2_p0          =  1.80000e+00
smpl_c2_p0          =  -2.61232e-04
busy_c2_p1          =  1.80000e+00
smpl_c2_p1          =  -1.44044e-05
busy_c2_p2          =  1.80000e+00
smpl_c2_p2          =  -1.42352e-05
busy_c2_p3          =  1.80000e+00
smpl_c2_p3          =  -1.43964e-05
busy_c2_p4          =  1.80000e+00
smpl_c2_p4          =  -1.43191e-05
busy_c2_p5          =  1.80000e+00
smpl_c2_p5          =  -1.42597e-05
busy_c2_p6          =  1.80000e+00
smpl_c2_p6          =  -1.42384e-05
busy_c2_p7          =  1.80000e+00
smpl_c2_p7          =  -1.42232e-05
busy_c2_p8          =  1.80000e+00
smpl_c2_p8          =  -1.42112e-05
busy_c2_p9          =  1.80000e+00
smpl_c2_p9          =  -1.42158e-05
busy_c2_p10         =  1.80000e+00
smpl_c2_p10         =  -1.42160e-05
busy_c2_p11         =  5.80312e-07
smpl_c2_p11         =  1.80006e+00
busy_c3_p0          =  1.80000e+00
smpl_c3_p0          =  -2.61075e-04
busy_c3_p1          =  1.80000e+00
smpl_c3_p1          =  -1.44091e-05
busy_c3_p2          =  1.80000e+00
smpl_c3_p2          =  -1.44054e-05
busy_c3_p3          =  1.80000e+00
smpl_c3_p3          =  -1.43500e-05
busy_c3_p4          =  1.80000e+00
smpl_c3_p4          =  -1.42538e-05
busy_c3_p5          =  1.80000e+00
smpl_c3_p5          =  -1.41805e-05
busy_c3_p6          =  1.80000e+00
smpl_c3_p6          =  -1.41517e-05
busy_c3_p7          =  1.80000e+00
smpl_c3_p7          =  -1.41275e-05
busy_c3_p8          =  1.80000e+00
smpl_c3_p8          =  -1.41170e-05
busy_c3_p9          =  1.80000e+00
smpl_c3_p9          =  -1.41190e-05
busy_c3_p10         =  1.80000e+00
smpl_c3_p10         =  -1.41214e-05
busy_c3_p11         =  5.71283e-07
smpl_c3_p11         =  1.80006e+00
busy_c4_p0          =  1.80000e+00
smpl_c4_p0          =  -2.61340e-04
busy_c4_p1          =  1.80000e+00
smpl_c4_p1          =  -1.43992e-05
busy_c4_p2          =  1.80000e+00
smpl_c4_p2          =  -1.42442e-05
busy_c4_p3          =  1.80000e+00
smpl_c4_p3          =  -1.44022e-05
busy_c4_p4          =  1.80000e+00
smpl_c4_p4          =  -1.43254e-05
busy_c4_p5          =  1.80000e+00
smpl_c4_p5          =  -1.42663e-05
busy_c4_p6          =  1.80000e+00
smpl_c4_p6          =  -1.42318e-05
busy_c4_p7          =  1.80000e+00
smpl_c4_p7          =  -1.42219e-05
busy_c4_p8          =  1.80000e+00
smpl_c4_p8          =  -1.42237e-05
busy_c4_p9          =  1.80000e+00
smpl_c4_p9          =  -1.42230e-05
busy_c4_p10         =  1.80000e+00
smpl_c4_p10         =  -1.42208e-05
busy_c4_p11         =  -6.28676e-08
smpl_c4_p11         =  1.80006e+00
busy_c5_p0          =  1.80000e+00
smpl_c5_p0          =  -2.61157e-04
busy_c5_p1          =  1.80000e+00
smpl_c5_p1          =  -1.46878e-05
busy_c5_p2          =  1.80000e+00
smpl_c5_p2          =  -9.85344e-06
busy_c5_p3          =  1.80000e+00
smpl_c5_p3          =  -6.02923e-06
busy_c5_p4          =  1.80000e+00
smpl_c5_p4          =  -7.29922e-06
busy_c5_p5          =  1.80000e+00
smpl_c5_p5          =  -9.02022e-06
busy_c5_p6          =  1.80000e+00
smpl_c5_p6          =  -1.06777e-05
busy_c5_p7          =  1.80000e+00
smpl_c5_p7          =  -1.18469e-05
busy_c5_p8          =  1.80000e+00
smpl_c5_p8          =  -1.25789e-05
busy_c5_p9          =  1.80000e+00
smpl_c5_p9          =  -1.30612e-05
busy_c5_p10         =  1.80000e+00
smpl_c5_p10         =  -1.33783e-05
busy_c5_p11         =  2.26888e-06
smpl_c5_p11         =  1.80006e+00
i_vdd               =  -2.11411e-06 from=  3.20000e-06 to=  4.20013e-06
i_vpwr              =  -6.93657e-06 from=  3.20000e-06 to=  4.20013e-06
i_vrefp             =  -6.50727e-06 from=  3.20000e-06 to=  4.20013e-06
i_vrefn             =  6.49148e-06 from=  3.20000e-06 to=  4.20013e-06
i_vcm               =  1.27223e-08 from=  3.20000e-06 to=  4.20013e-06


Total analysis time (seconds) = 971.832

Total elapsed time (seconds) = 993.626 

Total DRAM available = 31552.211 MB.
DRAM currently available = 12511.785 MB.
Maximum ngspice program size =  826.648 MB.
Current ngspice program size =  763.586 MB.

Shared ngspice pages =    8.660 MB.
Text (code) pages =    6.355 MB.
Stack = 0 bytes.
Library pages =  811.961 MB.

