
Note: Compatibility modes selected: hs a


Circuit: * sim/full-conversion-transient -- end-to-end full-conversion transient

option SCALE: Scale is set to 1e-06 for instance and model parameters
option SCALE: Scale is set to 1e-06 for instance and model parameters
option SCALE: Scale is set to 1e-06 for instance and model parameters
option SCALE: Scale is set to 1e-06 for instance and model parameters
Doing analysis at TEMP = 125.000000 and TNOM = 27.000000

Using KLU as Direct Linear Solver
 Reference value :  0.00000e+00
 Reference value :  4.00000e-11
 Reference value :  6.40000e-10
 Reference value :  2.14000e-09
 Reference value :  3.64000e-09
 Reference value :  5.14000e-09
 Reference value :  6.64000e-09
 Reference value :  8.14000e-09
 Reference value :  9.64000e-09
 Reference value :  1.11400e-08
 Reference value :  1.26400e-08
 Reference value :  1.41400e-08
 Reference value :  1.56400e-08
 Reference value :  1.76400e-08
 Reference value :  1.95700e-08
 Reference value :  2.01500e-08
 Reference value :  2.06750e-08
 Reference value :  2.10500e-08
 Reference value :  2.17500e-08
 Reference value :  2.27500e-08
 Reference value :  2.37500e-08
 Reference value :  2.47500e-08
 Reference value :  2.57500e-08
 Reference value :  2.67500e-08
 Reference value :  2.77500e-08
 Reference value :  2.92500e-08
 Reference value :  3.02500e-08
 Reference value :  3.12500e-08
 Reference value :  3.27500e-08
 Reference value :  3.37500e-08
 Reference value :  3.47500e-08
 Reference value :  3.57500e-08
 Reference value :  3.67500e-08
 Reference value :  3.82500e-08
 Reference value :  3.92500e-08
 Reference value :  4.07500e-08
 Reference value :  4.22500e-08
 Reference value :  4.32500e-08
 Reference value :  4.42500e-08
 Reference value :  4.52500e-08
 Reference value :  4.67500e-08
 Reference value :  4.77500e-08
 Reference value :  4.87500e-08
 Reference value :  4.97500e-08
 Reference value :  5.07500e-08
 Reference value :  5.17500e-08
 Reference value :  5.27500e-08
 Reference value :  5.42500e-08
 Reference value :  5.52500e-08
 Reference value :  5.62500e-08
 Reference value :  5.72500e-08
 Reference value :  5.82500e-08
 Reference value :  5.92500e-08
 Reference value :  6.02500e-08
 Reference value :  6.17500e-08
 Reference value :  6.27500e-08
 Reference value :  6.37500e-08
 Reference value :  6.47500e-08
 Reference value :  6.62500e-08
 Reference value :  6.77500e-08
 Reference value :  6.92500e-08
 Reference value :  7.02500e-08
 Reference value :  7.12500e-08
 Reference value :  7.22500e-08
 Reference value :  7.32500e-08
 Reference value :  7.42500e-08
 Reference value :  7.52500e-08
 Reference value :  7.62500e-08
 Reference value :  7.77500e-08
 Reference value :  7.87500e-08
 Reference value :  8.02500e-08
 Reference value :  8.12500e-08
 Reference value :  8.22500e-08
 Reference value :  8.32500e-08
 Reference value :  8.42500e-08
 Reference value :  8.52500e-08
 Reference value :  8.62500e-08
 Reference value :  8.72500e-08
 Reference value :  8.82500e-08
 Reference value :  8.92500e-08
 Reference value :  9.07500e-08
 Reference value :  9.22500e-08
 Reference value :  9.37500e-08
 Reference value :  9.47500e-08
 Reference value :  9.62500e-08
 Reference value :  9.77500e-08
 Reference value :  9.92500e-08
 Reference value :  1.00750e-07
 Reference value :  1.02250e-07
 Reference value :  1.03750e-07
 Reference value :  1.04750e-07
 Reference value :  1.05750e-07
 Reference value :  1.06750e-07
 Reference value :  1.07750e-07
 Reference value :  1.08750e-07
 Reference value :  1.09750e-07
 Reference value :  1.10750e-07
 Reference value :  1.11750e-07
 Reference value :  1.12750e-07
 Reference value :  1.14250e-07
 Reference value :  1.15250e-07
 Reference value :  1.16250e-07
 Reference value :  1.17250e-07
 Reference value :  1.18250e-07
 Reference value :  1.19750e-07
 Reference value :  1.20750e-07
 Reference value :  1.21750e-07
 Reference value :  1.22750e-07
 Reference value :  1.23750e-07
 Reference value :  1.24750e-07
 Reference value :  1.26250e-07
 Reference value :  1.27750e-07
 Reference value :  1.29250e-07
 Reference value :  1.30750e-07
 Reference value :  1.31750e-07
 Reference value :  1.33250e-07
 Reference value :  1.34750e-07
 Reference value :  1.36250e-07
 Reference value :  1.37750e-07
 Reference value :  1.39250e-07
 Reference value :  1.40750e-07
 Reference value :  1.41750e-07
 Reference value :  1.43250e-07
 Reference value :  1.44250e-07
 Reference value :  1.46250e-07
 Reference value :  1.47750e-07
 Reference value :  1.49250e-07
 Reference value :  1.50750e-07
 Reference value :  1.52250e-07
 Reference value :  1.53750e-07
 Reference value :  1.54750e-07
 Reference value :  1.56250e-07
 Reference value :  1.57750e-07
 Reference value :  1.58750e-07
 Reference value :  1.60250e-07
 Reference value :  1.61750e-07
 Reference value :  1.63250e-07
 Reference value :  1.64750e-07
 Reference value :  1.66250e-07
 Reference value :  1.67750e-07
 Reference value :  1.69750e-07
 Reference value :  1.71250e-07
 Reference value :  1.73250e-07
 Reference value :  1.74750e-07
 Reference value :  1.76250e-07
 Reference value :  1.78250e-07
 Reference value :  1.79750e-07
 Reference value :  1.81750e-07
 Reference value :  1.83750e-07
 Reference value :  1.85750e-07
 Reference value :  1.87750e-07
 Reference value :  1.89750e-07
 Reference value :  1.91250e-07
 Reference value :  1.93750e-07
 Reference value :  1.95750e-07
 Reference value :  1.97750e-07
 Reference value :  1.99500e-07
 Reference value :  1.99650e-07
 Reference value :  2.00089e-07
 Reference value :  2.00294e-07
 Reference value :  2.00500e-07
 Reference value :  2.00531e-07
 Reference value :  2.00687e-07
 Reference value :  2.00915e-07
 Reference value :  2.01036e-07
 Reference value :  2.01139e-07
 Reference value :  2.01244e-07
 Reference value :  2.01342e-07
 Reference value :  2.01576e-07
 Reference value :  2.02064e-07
 Reference value :  2.03064e-07
 Reference value :  2.04564e-07
 Reference value :  2.05564e-07
 Reference value :  2.06564e-07
 Reference value :  2.07564e-07
 Reference value :  2.08564e-07
 Reference value :  2.10064e-07
 Reference value :  2.11064e-07
 Reference value :  2.12564e-07
 Reference value :  2.13564e-07
 Reference value :  2.14564e-07
 Reference value :  2.16064e-07
 Reference value :  2.17064e-07
 Reference value :  2.18064e-07
 Reference value :  2.19064e-07
 Reference value :  2.20064e-07
 Reference value :  2.21064e-07
 Reference value :  2.22564e-07
 Reference value :  2.24064e-07
 Reference value :  2.25564e-07
 Reference value :  2.26564e-07
 Reference value :  2.27564e-07
 Reference value :  2.29064e-07
 Reference value :  2.30064e-07
 Reference value :  2.31564e-07
 Reference value :  2.33064e-07
 Reference value :  2.34064e-07
 Reference value :  2.35064e-07
 Reference value :  2.36064e-07
 Reference value :  2.37064e-07
 Reference value :  2.38064e-07
 Reference value :  2.39564e-07
 Reference value :  2.40564e-07
 Reference value :  2.41217e-07
 Reference value :  2.41517e-07
 Reference value :  2.41842e-07
 Reference value :  2.42167e-07
 Reference value :  2.42295e-07
 Reference value :  2.42751e-07
 Reference value :  2.43051e-07
 Reference value :  2.43313e-07
 Reference value :  2.43540e-07
 Reference value :  2.43770e-07
 Reference value :  2.44020e-07
 Reference value :  2.44345e-07
 Reference value :  2.45696e-07
 Reference value :  2.46696e-07
 Reference value :  2.47696e-07
 Reference value :  2.48696e-07
 Reference value :  2.49696e-07
 Reference value :  2.50696e-07
 Reference value :  2.51696e-07
 Reference value :  2.52696e-07
 Reference value :  2.53696e-07
 Reference value :  2.54696e-07
 Reference value :  2.55696e-07
 Reference value :  2.57196e-07
 Reference value :  2.58696e-07
 Reference value :  2.59696e-07
 Reference value :  2.60696e-07
 Reference value :  2.61696e-07
 Reference value :  2.63196e-07
 Reference value :  2.64696e-07
 Reference value :  2.65696e-07
 Reference value :  2.66696e-07
 Reference value :  2.68196e-07
 Reference value :  2.70196e-07
 Reference value :  2.71696e-07
 Reference value :  2.73196e-07
 Reference value :  2.74196e-07
 Reference value :  2.75196e-07
 Reference value :  2.76696e-07
 Reference value :  2.77696e-07
 Reference value :  2.79196e-07
 Reference value :  2.80196e-07
 Reference value :  2.81196e-07
 Reference value :  2.82515e-07
 Reference value :  2.82883e-07
 Reference value :  2.83183e-07
 Reference value :  2.83442e-07
 Reference value :  2.83638e-07
 Reference value :  2.83833e-07
 Reference value :  2.83925e-07
 Reference value :  2.84241e-07
 Reference value :  2.84444e-07
 Reference value :  2.84586e-07
 Reference value :  2.84721e-07
 Reference value :  2.84858e-07
 Reference value :  2.85223e-07
 Reference value :  2.85759e-07
 Reference value :  2.86759e-07
 Reference value :  2.87759e-07
 Reference value :  2.88759e-07
 Reference value :  2.89759e-07
 Reference value :  2.90759e-07
 Reference value :  2.91759e-07
 Reference value :  2.92759e-07
 Reference value :  2.93759e-07
 Reference value :  2.94759e-07
 Reference value :  2.95759e-07
 Reference value :  2.97259e-07
 Reference value :  2.98259e-07
 Reference value :  2.99259e-07
 Reference value :  3.00259e-07
 Reference value :  3.01259e-07
 Reference value :  3.02759e-07
 Reference value :  3.04259e-07
 Reference value :  3.05259e-07
 Reference value :  3.06759e-07
 Reference value :  3.08259e-07
 Reference value :  3.09759e-07
 Reference value :  3.10759e-07
 Reference value :  3.11759e-07
 Reference value :  3.12759e-07
 Reference value :  3.14259e-07
 Reference value :  3.15259e-07
 Reference value :  3.16759e-07
 Reference value :  3.18259e-07
 Reference value :  3.19759e-07
 Reference value :  3.20759e-07
 Reference value :  3.21759e-07
 Reference value :  3.23259e-07
 Reference value :  3.24130e-07
 Reference value :  3.24550e-07
 Reference value :  3.25175e-07
 Reference value :  3.25543e-07
 Reference value :  3.26067e-07
 Reference value :  3.26723e-07
 Reference value :  3.27569e-07
 Reference value :  3.29069e-07
 Reference value :  3.30069e-07
 Reference value :  3.31569e-07
 Reference value :  3.32569e-07
 Reference value :  3.33569e-07
 Reference value :  3.34569e-07
 Reference value :  3.35569e-07
 Reference value :  3.36569e-07
 Reference value :  3.38069e-07
 Reference value :  3.39569e-07
 Reference value :  3.41069e-07
 Reference value :  3.42069e-07
 Reference value :  3.43069e-07
 Reference value :  3.44069e-07
 Reference value :  3.45069e-07
 Reference value :  3.46069e-07
 Reference value :  3.47069e-07
 Reference value :  3.48569e-07
 Reference value :  3.50069e-07
 Reference value :  3.51069e-07
 Reference value :  3.52569e-07
 Reference value :  3.53569e-07
 Reference value :  3.55069e-07
 Reference value :  3.56569e-07
 Reference value :  3.58069e-07
 Reference value :  3.59069e-07
 Reference value :  3.60069e-07
 Reference value :  3.61069e-07
 Reference value :  3.62569e-07
 Reference value :  3.64069e-07
 Reference value :  3.65569e-07
 Reference value :  3.66167e-07
 Reference value :  3.66517e-07
 Reference value :  3.66788e-07
 Reference value :  3.66977e-07
 Reference value :  3.67167e-07
 Reference value :  3.67250e-07
 Reference value :  3.67584e-07
 Reference value :  3.67777e-07
 Reference value :  3.67890e-07
 Reference value :  3.68003e-07
 Reference value :  3.68144e-07
 Reference value :  3.68295e-07
 Reference value :  3.68724e-07
 Reference value :  3.69528e-07
 Reference value :  3.71028e-07
 Reference value :  3.72028e-07
 Reference value :  3.73028e-07
 Reference value :  3.74028e-07
 Reference value :  3.75028e-07
 Reference value :  3.76028e-07
 Reference value :  3.77528e-07
 Reference value :  3.79028e-07
 Reference value :  3.80028e-07
 Reference value :  3.81528e-07
 Reference value :  3.83028e-07
 Reference value :  3.84028e-07
 Reference value :  3.85528e-07
 Reference value :  3.87528e-07
 Reference value :  3.89028e-07
 Reference value :  3.90528e-07
 Reference value :  3.91528e-07
 Reference value :  3.93028e-07
 Reference value :  3.94028e-07
 Reference value :  3.95028e-07
 Reference value :  3.96028e-07
 Reference value :  3.97028e-07
 Reference value :  3.98028e-07
 Reference value :  3.99528e-07
 Reference value :  4.00528e-07
 Reference value :  4.01528e-07
 Reference value :  4.03028e-07
 Reference value :  4.04528e-07
 Reference value :  4.05528e-07
 Reference value :  4.07028e-07
 Reference value :  4.07883e-07
 Reference value :  4.08508e-07
 Reference value :  4.08833e-07
 Reference value :  4.08962e-07
 Reference value :  4.09476e-07
 Reference value :  4.10837e-07
 Reference value :  4.11837e-07
 Reference value :  4.13337e-07
 Reference value :  4.14337e-07
 Reference value :  4.16337e-07
 Reference value :  4.17837e-07
 Reference value :  4.19337e-07
 Reference value :  4.20837e-07
 Reference value :  4.22337e-07
 Reference value :  4.23837e-07
 Reference value :  4.25337e-07
 Reference value :  4.26837e-07
 Reference value :  4.28337e-07
 Reference value :  4.29337e-07
 Reference value :  4.30837e-07
 Reference value :  4.32337e-07
 Reference value :  4.33837e-07
 Reference value :  4.35337e-07
 Reference value :  4.36837e-07
 Reference value :  4.38337e-07
 Reference value :  4.39337e-07
 Reference value :  4.40837e-07
 Reference value :  4.42337e-07
 Reference value :  4.44337e-07
 Reference value :  4.46837e-07
 Reference value :  4.48337e-07
 Reference value :  4.49500e-07
 Reference value :  4.49850e-07
 Reference value :  4.49891e-07
 Reference value :  4.50134e-07
 Reference value :  4.50317e-07
 Reference value :  4.50500e-07
 Reference value :  4.50569e-07
 Reference value :  4.50956e-07
 Reference value :  4.51992e-07
 Reference value :  4.52992e-07
 Reference value :  4.54492e-07
 Reference value :  4.55492e-07
 Reference value :  4.56992e-07
 Reference value :  4.58492e-07
 Reference value :  4.59992e-07
 Reference value :  4.61492e-07
 Reference value :  4.62992e-07
 Reference value :  4.64492e-07
 Reference value :  4.65992e-07
 Reference value :  4.67492e-07
 Reference value :  4.68992e-07
 Reference value :  4.69992e-07
 Reference value :  4.71492e-07
 Reference value :  4.72992e-07
 Reference value :  4.74492e-07
 Reference value :  4.75992e-07
 Reference value :  4.77492e-07
 Reference value :  4.78492e-07
 Reference value :  4.79992e-07
 Reference value :  4.80992e-07
 Reference value :  4.82492e-07
 Reference value :  4.83492e-07
 Reference value :  4.84992e-07
 Reference value :  4.85992e-07
 Reference value :  4.86992e-07
 Reference value :  4.88492e-07
 Reference value :  4.89992e-07
 Reference value :  4.91167e-07
 Reference value :  4.91517e-07
 Reference value :  4.91842e-07
 Reference value :  4.92167e-07
 Reference value :  4.92295e-07
 Reference value :  4.92770e-07
 Reference value :  4.93561e-07
 Reference value :  4.94536e-07
 Reference value :  4.95536e-07
 Reference value :  4.96536e-07
 Reference value :  4.97536e-07
 Reference value :  4.98536e-07
 Reference value :  5.00036e-07
 Reference value :  5.01536e-07
 Reference value :  5.03036e-07
 Reference value :  5.04036e-07
 Reference value :  5.05036e-07
 Reference value :  5.06536e-07
 Reference value :  5.08036e-07
 Reference value :  5.09536e-07
 Reference value :  5.11036e-07
 Reference value :  5.13036e-07
 Reference value :  5.14536e-07
 Reference value :  5.16036e-07
 Reference value :  5.17536e-07
 Reference value :  5.19036e-07
 Reference value :  5.20036e-07
 Reference value :  5.21036e-07
 Reference value :  5.22536e-07
 Reference value :  5.24536e-07
 Reference value :  5.26036e-07
 Reference value :  5.27536e-07
 Reference value :  5.28536e-07
 Reference value :  5.30036e-07
 Reference value :  5.31536e-07
 Reference value :  5.32833e-07
 Reference value :  5.32983e-07
 Reference value :  5.33224e-07
 Reference value :  5.33468e-07
 Reference value :  5.33651e-07
 Reference value :  5.33833e-07
 Reference value :  5.33903e-07
 Reference value :  5.34109e-07
 Reference value :  5.34525e-07
 Reference value :  5.35121e-07
 Reference value :  5.36013e-07
 Reference value :  5.37013e-07
 Reference value :  5.38513e-07
 Reference value :  5.40013e-07
 Reference value :  5.42013e-07
 Reference value :  5.43513e-07
 Reference value :  5.45013e-07
 Reference value :  5.46013e-07
 Reference value :  5.47513e-07
 Reference value :  5.49013e-07
 Reference value :  5.50513e-07
 Reference value :  5.52013e-07
 Reference value :  5.53513e-07
 Reference value :  5.55013e-07
 Reference value :  5.56513e-07
 Reference value :  5.58013e-07
 Reference value :  5.59513e-07
 Reference value :  5.61013e-07
 Reference value :  5.62513e-07
 Reference value :  5.64013e-07
 Reference value :  5.65013e-07
 Reference value :  5.66013e-07
 Reference value :  5.67013e-07
 Reference value :  5.68013e-07
 Reference value :  5.69513e-07
 Reference value :  5.71013e-07
 Reference value :  5.72513e-07
 Reference value :  5.74013e-07
 Reference value :  5.74650e-07
 Reference value :  5.75175e-07
 Reference value :  5.75543e-07
 Reference value :  5.75800e-07
 Reference value :  5.76088e-07
 Reference value :  5.76826e-07
 Reference value :  5.77736e-07
 Reference value :  5.79236e-07
 Reference value :  5.80236e-07
 Reference value :  5.81236e-07
 Reference value :  5.82236e-07
 Reference value :  5.83736e-07
 Reference value :  5.84736e-07
 Reference value :  5.85736e-07
 Reference value :  5.87236e-07
 Reference value :  5.88736e-07
 Reference value :  5.90236e-07
 Reference value :  5.91236e-07
 Reference value :  5.92236e-07
 Reference value :  5.93236e-07
 Reference value :  5.95236e-07
 Reference value :  5.97236e-07
 Reference value :  5.98236e-07
 Reference value :  5.99736e-07
 Reference value :  6.01236e-07
 Reference value :  6.02736e-07
 Reference value :  6.03736e-07
 Reference value :  6.05236e-07
 Reference value :  6.05736e-07
 Reference value :  6.06236e-07
 Reference value :  6.06736e-07
 Reference value :  6.07736e-07
 Reference value :  6.08736e-07
 Reference value :  6.09736e-07
 Reference value :  6.10736e-07
 Reference value :  6.11736e-07
 Reference value :  6.12736e-07
 Reference value :  6.14236e-07
 Reference value :  6.15701e-07
 Reference value :  6.16217e-07
 Reference value :  6.16787e-07
 Reference value :  6.16977e-07
 Reference value :  6.17194e-07
 Reference value :  6.17361e-07
 Reference value :  6.17723e-07
 Reference value :  6.17869e-07
 Reference value :  6.18041e-07
 Reference value :  6.18444e-07
 Reference value :  6.19058e-07
 Reference value :  6.20058e-07
 Reference value :  6.21058e-07
 Reference value :  6.22058e-07
 Reference value :  6.23558e-07
 Reference value :  6.25058e-07
 Reference value :  6.26558e-07
 Reference value :  6.28058e-07
 Reference value :  6.29558e-07
 Reference value :  6.30558e-07
 Reference value :  6.32058e-07
 Reference value :  6.33558e-07
 Reference value :  6.35058e-07
 Reference value :  6.36058e-07
 Reference value :  6.37558e-07
 Reference value :  6.38558e-07
 Reference value :  6.40058e-07
 Reference value :  6.41558e-07
 Reference value :  6.43058e-07
 Reference value :  6.44058e-07
 Reference value :  6.45058e-07
 Reference value :  6.46558e-07
 Reference value :  6.48058e-07
 Reference value :  6.49058e-07
 Reference value :  6.50058e-07
 Reference value :  6.51058e-07
 Reference value :  6.52558e-07
 Reference value :  6.53558e-07
 Reference value :  6.55058e-07
 Reference value :  6.56558e-07
 Reference value :  6.57833e-07
 Reference value :  6.57983e-07
 Reference value :  6.58508e-07
 Reference value :  6.58833e-07
 Reference value :  6.58962e-07
 Reference value :  6.59428e-07
 Reference value :  6.60191e-07
 Reference value :  6.61128e-07
 Reference value :  6.62128e-07
 Reference value :  6.63128e-07
 Reference value :  6.64628e-07
 Reference value :  6.65628e-07
 Reference value :  6.66628e-07
 Reference value :  6.68128e-07
 Reference value :  6.69628e-07
 Reference value :  6.70628e-07
 Reference value :  6.71628e-07
 Reference value :  6.73128e-07
 Reference value :  6.74128e-07
 Reference value :  6.75628e-07
 Reference value :  6.77128e-07
 Reference value :  6.78628e-07
 Reference value :  6.80128e-07
 Reference value :  6.81128e-07
 Reference value :  6.82628e-07
 Reference value :  6.83628e-07
 Reference value :  6.84628e-07
 Reference value :  6.85628e-07
 Reference value :  6.87628e-07
 Reference value :  6.88628e-07
 Reference value :  6.89628e-07
 Reference value :  6.90628e-07
 Reference value :  6.91628e-07
 Reference value :  6.93128e-07
 Reference value :  6.94128e-07
 Reference value :  6.95128e-07
 Reference value :  6.96128e-07
 Reference value :  6.97128e-07
 Reference value :  6.98128e-07
 Reference value :  6.99064e-07
 Reference value :  6.99650e-07
 Reference value :  6.99891e-07
 Reference value :  7.00134e-07
 Reference value :  7.00317e-07
 Reference value :  7.00500e-07
 Reference value :  7.00569e-07
 Reference value :  7.00784e-07
 Reference value :  7.01269e-07
 Reference value :  7.01893e-07
 Reference value :  7.03393e-07
 Reference value :  7.04393e-07
 Reference value :  7.05393e-07
 Reference value :  7.06893e-07
 Reference value :  7.07893e-07
 Reference value :  7.09393e-07
 Reference value :  7.10393e-07
 Reference value :  7.11393e-07
 Reference value :  7.12393e-07
 Reference value :  7.13893e-07
 Reference value :  7.15393e-07
 Reference value :  7.16393e-07
 Reference value :  7.17393e-07
 Reference value :  7.18393e-07
 Reference value :  7.19393e-07
 Reference value :  7.20393e-07
 Reference value :  7.21893e-07
 Reference value :  7.23393e-07
 Reference value :  7.24893e-07
 Reference value :  7.25893e-07
 Reference value :  7.26893e-07
 Reference value :  7.27893e-07
 Reference value :  7.28893e-07
 Reference value :  7.29893e-07
 Reference value :  7.30893e-07
 Reference value :  7.32393e-07
 Reference value :  7.33893e-07
 Reference value :  7.35393e-07
 Reference value :  7.36393e-07
 Reference value :  7.37393e-07
 Reference value :  7.38893e-07
 Reference value :  7.39893e-07
 Reference value :  7.40780e-07
 Reference value :  7.41217e-07
 Reference value :  7.41517e-07
 Reference value :  7.41842e-07
 Reference value :  7.42167e-07
 Reference value :  7.42295e-07
 Reference value :  7.42758e-07
 Reference value :  7.43506e-07
 Reference value :  7.44430e-07
 Reference value :  7.45430e-07
 Reference value :  7.46430e-07
 Reference value :  7.47430e-07
 Reference value :  7.48930e-07
 Reference value :  7.49930e-07
 Reference value :  7.51430e-07
 Reference value :  7.52430e-07
 Reference value :  7.53430e-07
 Reference value :  7.54430e-07
 Reference value :  7.55430e-07
 Reference value :  7.56430e-07
 Reference value :  7.57430e-07
 Reference value :  7.58430e-07
 Reference value :  7.59430e-07
 Reference value :  7.60430e-07
 Reference value :  7.61430e-07
 Reference value :  7.62430e-07
 Reference value :  7.63930e-07
 Reference value :  7.64930e-07
 Reference value :  7.66430e-07
 Reference value :  7.67930e-07
 Reference value :  7.68930e-07
 Reference value :  7.69930e-07
 Reference value :  7.70930e-07
 Reference value :  7.72430e-07
 Reference value :  7.73430e-07
 Reference value :  7.74430e-07
 Reference value :  7.75430e-07
 Reference value :  7.76430e-07
 Reference value :  7.77430e-07
 Reference value :  7.78430e-07
 Reference value :  7.79930e-07
 Reference value :  7.80930e-07
 Reference value :  7.81930e-07
 Reference value :  7.82833e-07
 Reference value :  7.83183e-07
 Reference value :  7.83224e-07
 Reference value :  7.83468e-07
 Reference value :  7.83650e-07
 Reference value :  7.83833e-07
 Reference value :  7.83903e-07
 Reference value :  7.83980e-07
 Reference value :  7.84182e-07
 Reference value :  7.84435e-07
 Reference value :  7.84796e-07
 Reference value :  7.85562e-07
 Reference value :  7.86562e-07
 Reference value :  7.87562e-07
 Reference value :  7.88562e-07
 Reference value :  7.89562e-07
 Reference value :  7.90562e-07
 Reference value :  7.91562e-07
 Reference value :  7.92562e-07
 Reference value :  7.93562e-07
 Reference value :  7.94562e-07
 Reference value :  7.96062e-07
 Reference value :  7.97062e-07
 Reference value :  7.98562e-07
 Reference value :  7.99562e-07
 Reference value :  8.00562e-07
 Reference value :  8.01562e-07
 Reference value :  8.02562e-07
 Reference value :  8.03562e-07
 Reference value :  8.05062e-07
 Reference value :  8.06562e-07
 Reference value :  8.07562e-07
 Reference value :  8.09062e-07
 Reference value :  8.10562e-07
 Reference value :  8.12062e-07
 Reference value :  8.13562e-07
 Reference value :  8.14562e-07
 Reference value :  8.16062e-07
 Reference value :  8.17562e-07
 Reference value :  8.19062e-07
 Reference value :  8.20562e-07
 Reference value :  8.21562e-07
 Reference value :  8.22562e-07
 Reference value :  8.23562e-07
 Reference value :  8.24550e-07
 Reference value :  8.24850e-07
 Reference value :  8.25175e-07
 Reference value :  8.25500e-07
 Reference value :  8.25629e-07
 Reference value :  8.26090e-07
 Reference value :  8.26833e-07
 Reference value :  8.27750e-07
 Reference value :  8.28750e-07
 Reference value :  8.29750e-07
 Reference value :  8.30750e-07
 Reference value :  8.31750e-07
 Reference value :  8.32750e-07
 Reference value :  8.33750e-07
 Reference value :  8.35250e-07
 Reference value :  8.36750e-07
 Reference value :  8.37750e-07
 Reference value :  8.39250e-07
 Reference value :  8.40250e-07
 Reference value :  8.41250e-07
 Reference value :  8.42250e-07
 Reference value :  8.43250e-07
 Reference value :  8.44750e-07
 Reference value :  8.45750e-07
 Reference value :  8.47250e-07
 Reference value :  8.48250e-07
 Reference value :  8.49250e-07
 Reference value :  8.50750e-07
 Reference value :  8.51750e-07
 Reference value :  8.53250e-07
 Reference value :  8.54750e-07
 Reference value :  8.56250e-07
 Reference value :  8.57750e-07
 Reference value :  8.59750e-07
 Reference value :  8.60750e-07
 Reference value :  8.62250e-07
 Reference value :  8.63250e-07
 Reference value :  8.63750e-07
 Reference value :  8.64250e-07
 Reference value :  8.65250e-07
 Reference value :  8.66167e-07
 Reference value :  8.66317e-07
 Reference value :  8.66751e-07
 Reference value :  8.66959e-07
 Reference value :  8.67167e-07
 Reference value :  8.67181e-07
 Reference value :  8.67270e-07
 Reference value :  8.67393e-07
 Reference value :  8.67629e-07
 Reference value :  8.67741e-07
 Reference value :  8.68010e-07
 Reference value :  8.68409e-07
 Reference value :  8.69022e-07
 Reference value :  8.70022e-07
 Reference value :  8.71022e-07
 Reference value :  8.72022e-07
 Reference value :  8.73022e-07
 Reference value :  8.74022e-07
 Reference value :  8.75522e-07
 Reference value :  8.76522e-07
 Reference value :  8.77522e-07
 Reference value :  8.78522e-07
 Reference value :  8.79522e-07
 Reference value :  8.80522e-07
 Reference value :  8.81522e-07
 Reference value :  8.82522e-07
 Reference value :  8.83522e-07
 Reference value :  8.84522e-07
 Reference value :  8.85522e-07
 Reference value :  8.86522e-07
 Reference value :  8.87522e-07
 Reference value :  8.88522e-07
 Reference value :  8.89522e-07
 Reference value :  8.90522e-07
 Reference value :  8.91522e-07
 Reference value :  8.92522e-07
 Reference value :  8.94022e-07
 Reference value :  8.95022e-07
 Reference value :  8.96022e-07
 Reference value :  8.97522e-07
 Reference value :  8.98522e-07
 Reference value :  8.99522e-07
 Reference value :  9.00522e-07
 Reference value :  9.01522e-07
 Reference value :  9.03022e-07
 Reference value :  9.04022e-07
 Reference value :  9.05022e-07
 Reference value :  9.06522e-07
 Reference value :  9.07833e-07
 Reference value :  9.07983e-07
 Reference value :  9.08508e-07
 Reference value :  9.08833e-07
 Reference value :  9.08962e-07
 Reference value :  9.09424e-07
 Reference value :  9.10170e-07
 Reference value :  9.11590e-07
 Reference value :  9.12590e-07
 Reference value :  9.13590e-07
 Reference value :  9.14590e-07
 Reference value :  9.16090e-07
 Reference value :  9.17090e-07
 Reference value :  9.18590e-07
 Reference value :  9.20090e-07
 Reference value :  9.21090e-07
 Reference value :  9.22090e-07
 Reference value :  9.23090e-07
 Reference value :  9.24090e-07
 Reference value :  9.25090e-07
 Reference value :  9.26090e-07
 Reference value :  9.27090e-07
 Reference value :  9.28590e-07
 Reference value :  9.30090e-07
 Reference value :  9.31590e-07
 Reference value :  9.32590e-07
 Reference value :  9.33590e-07
 Reference value :  9.34590e-07
 Reference value :  9.36090e-07
 Reference value :  9.37090e-07
 Reference value :  9.38590e-07
 Reference value :  9.40090e-07
 Reference value :  9.41590e-07
 Reference value :  9.42590e-07
 Reference value :  9.43590e-07
 Reference value :  9.45090e-07
 Reference value :  9.46090e-07
 Reference value :  9.47090e-07
 Reference value :  9.48090e-07
 Reference value :  9.49045e-07
 Reference value :  9.49550e-07
 Reference value :  9.49850e-07
 Reference value :  9.49891e-07
 Reference value :  9.50134e-07
 Reference value :  9.50317e-07
 Reference value :  9.50500e-07
 Reference value :  9.50514e-07
 Reference value :  9.50601e-07
 Reference value :  9.50647e-07
 Reference value :  9.50789e-07
 Reference value :  9.50888e-07
 Reference value :  9.50988e-07
 Reference value :  9.51099e-07
 Reference value :  9.51234e-07
 Reference value :  9.51574e-07
 Reference value :  9.51827e-07
 Reference value :  9.52589e-07
 Reference value :  9.53589e-07
 Reference value :  9.54589e-07
 Reference value :  9.55589e-07
 Reference value :  9.56589e-07
 Reference value :  9.58089e-07
 Reference value :  9.59089e-07
 Reference value :  9.60089e-07
 Reference value :  9.61589e-07
 Reference value :  9.62589e-07
 Reference value :  9.63589e-07
 Reference value :  9.65089e-07
 Reference value :  9.66089e-07
 Reference value :  9.67089e-07
 Reference value :  9.68089e-07
 Reference value :  9.69089e-07
 Reference value :  9.70589e-07
 Reference value :  9.71589e-07
 Reference value :  9.72589e-07
 Reference value :  9.74089e-07
 Reference value :  9.75089e-07
 Reference value :  9.76589e-07
 Reference value :  9.78089e-07
 Reference value :  9.79589e-07
 Reference value :  9.81089e-07
 Reference value :  9.82089e-07
 Reference value :  9.83089e-07
 Reference value :  9.84089e-07
 Reference value :  9.85089e-07
 Reference value :  9.86089e-07
 Reference value :  9.87089e-07
 Reference value :  9.88089e-07
 Reference value :  9.89089e-07
 Reference value :  9.90089e-07
 Reference value :  9.90878e-07
 Reference value :  9.91217e-07
 Reference value :  9.91517e-07
 Reference value :  9.91842e-07
 Reference value :  9.92167e-07
 Reference value :  9.92295e-07
 Reference value :  9.92757e-07
 Reference value :  9.93501e-07
 Reference value :  9.94420e-07
 Reference value :  9.95920e-07
 Reference value :  9.96920e-07
 Reference value :  9.98420e-07
 Reference value :  9.99420e-07
 Reference value :  1.00042e-06
 Reference value :  1.00192e-06
 Reference value :  1.00292e-06
 Reference value :  1.00442e-06
 Reference value :  1.00542e-06
 Reference value :  1.00642e-06
 Reference value :  1.00742e-06
 Reference value :  1.00892e-06
 Reference value :  1.01042e-06
 Reference value :  1.01192e-06
 Reference value :  1.01292e-06
 Reference value :  1.01442e-06
 Reference value :  1.01592e-06
 Reference value :  1.01692e-06
 Reference value :  1.01792e-06
 Reference value :  1.01892e-06
 Reference value :  1.02042e-06
 Reference value :  1.02142e-06
 Reference value :  1.02242e-06
 Reference value :  1.02342e-06
 Reference value :  1.02442e-06
 Reference value :  1.02542e-06
 Reference value :  1.02642e-06
 Reference value :  1.02792e-06
 Reference value :  1.02942e-06
 Reference value :  1.03092e-06
 Reference value :  1.03142e-06
 Reference value :  1.03238e-06
 Reference value :  1.03283e-06
 Reference value :  1.03318e-06
 Reference value :  1.03351e-06
 Reference value :  1.03367e-06
 Reference value :  1.03383e-06
 Reference value :  1.03393e-06
 Reference value :  1.03419e-06
 Reference value :  1.03431e-06
 Reference value :  1.03460e-06
 Reference value :  1.03548e-06
 Reference value :  1.03698e-06
 Reference value :  1.03848e-06
 Reference value :  1.03998e-06
 Reference value :  1.04148e-06
 Reference value :  1.04298e-06
 Reference value :  1.04398e-06
 Reference value :  1.04548e-06
 Reference value :  1.04648e-06
 Reference value :  1.04798e-06
 Reference value :  1.04898e-06
 Reference value :  1.04998e-06
 Reference value :  1.05098e-06
 Reference value :  1.05198e-06
 Reference value :  1.05298e-06
 Reference value :  1.05398e-06
 Reference value :  1.05498e-06
 Reference value :  1.05598e-06
 Reference value :  1.05698e-06
 Reference value :  1.05848e-06
 Reference value :  1.05948e-06
 Reference value :  1.06048e-06
 Reference value :  1.06148e-06
 Reference value :  1.06298e-06
 Reference value :  1.06448e-06
 Reference value :  1.06598e-06
 Reference value :  1.06748e-06
 Reference value :  1.06898e-06
 Reference value :  1.06998e-06
 Reference value :  1.07098e-06
 Reference value :  1.07198e-06
 Reference value :  1.07298e-06
 Reference value :  1.07398e-06
 Reference value :  1.07455e-06
 Reference value :  1.07485e-06
 Reference value :  1.07517e-06
 Reference value :  1.07550e-06
 Reference value :  1.07564e-06
 Reference value :  1.07612e-06
 Reference value :  1.07684e-06
 Reference value :  1.07777e-06
 Reference value :  1.07877e-06
 Reference value :  1.07977e-06
 Reference value :  1.08127e-06
 Reference value :  1.08227e-06
 Reference value :  1.08327e-06
 Reference value :  1.08477e-06
 Reference value :  1.08627e-06
 Reference value :  1.08727e-06
 Reference value :  1.08877e-06
 Reference value :  1.09027e-06
 Reference value :  1.09127e-06
 Reference value :  1.09277e-06
 Reference value :  1.09427e-06
 Reference value :  1.09577e-06
 Reference value :  1.09677e-06
 Reference value :  1.09777e-06
 Reference value :  1.09927e-06
 Reference value :  1.10077e-06
 Reference value :  1.10227e-06
 Reference value :  1.10377e-06
 Reference value :  1.10477e-06
 Reference value :  1.10627e-06
 Reference value :  1.10777e-06
 Reference value :  1.10877e-06
 Reference value :  1.11027e-06
 Reference value :  1.11177e-06
 Reference value :  1.11277e-06
 Reference value :  1.11427e-06
 Reference value :  1.11527e-06
 Reference value :  1.11617e-06
 Reference value :  1.11652e-06
 Reference value :  1.11656e-06
 Reference value :  1.11680e-06
 Reference value :  1.11682e-06
 Reference value :  1.11696e-06
 Reference value :  1.11711e-06
 Reference value :  1.11717e-06
 Reference value :  1.11720e-06
 Reference value :  1.11732e-06
 Reference value :  1.11749e-06
 Reference value :  1.11757e-06
 Reference value :  1.11775e-06
 Reference value :  1.11792e-06
 Reference value :  1.11814e-06
 Reference value :  1.11896e-06
 Reference value :  1.12046e-06
 Reference value :  1.12196e-06
 Reference value :  1.12296e-06
 Reference value :  1.12396e-06
 Reference value :  1.12546e-06
 Reference value :  1.12696e-06
 Reference value :  1.12846e-06
 Reference value :  1.12996e-06
 Reference value :  1.13096e-06
 Reference value :  1.13196e-06
 Reference value :  1.13346e-06
 Reference value :  1.13496e-06
 Reference value :  1.13646e-06
 Reference value :  1.13796e-06
 Reference value :  1.13946e-06
 Reference value :  1.14096e-06
 Reference value :  1.14246e-06
 Reference value :  1.14396e-06
 Reference value :  1.14546e-06
 Reference value :  1.14696e-06
 Reference value :  1.14846e-06
 Reference value :  1.14996e-06
 Reference value :  1.15146e-06
 Reference value :  1.15296e-06
 Reference value :  1.15396e-06
 Reference value :  1.15496e-06
 Reference value :  1.15646e-06
 Reference value :  1.15783e-06
 Reference value :  1.15818e-06
 Reference value :  1.15851e-06
 Reference value :  1.15888e-06
 Reference value :  1.15913e-06
 Reference value :  1.15942e-06
 Reference value :  1.15972e-06
 Reference value :  1.15998e-06
 Reference value :  1.16043e-06
 Reference value :  1.16068e-06
 Reference value :  1.16137e-06
 Reference value :  1.16237e-06
 Reference value :  1.16387e-06
 Reference value :  1.16537e-06
 Reference value :  1.16687e-06
 Reference value :  1.16837e-06
 Reference value :  1.16987e-06
 Reference value :  1.17087e-06
 Reference value :  1.17187e-06
 Reference value :  1.17287e-06
 Reference value :  1.17437e-06
 Reference value :  1.17587e-06
 Reference value :  1.17687e-06
 Reference value :  1.17787e-06
 Reference value :  1.17937e-06
 Reference value :  1.18037e-06
 Reference value :  1.18187e-06
 Reference value :  1.18387e-06
 Reference value :  1.18587e-06
 Reference value :  1.18737e-06
 Reference value :  1.18837e-06
 Reference value :  1.18987e-06
 Reference value :  1.19187e-06
 Reference value :  1.19337e-06
 Reference value :  1.19437e-06
 Reference value :  1.19587e-06
 Reference value :  1.19687e-06
 Reference value :  1.19787e-06
 Reference value :  1.19918e-06
 Reference value :  1.19965e-06
 Reference value :  1.20009e-06
 Reference value :  1.20029e-06
 Reference value :  1.20050e-06
 Reference value :  1.20053e-06
 Reference value :  1.20069e-06
 Reference value :  1.20092e-06
 Reference value :  1.20103e-06
 Reference value :  1.20116e-06
 Reference value :  1.20125e-06
 Reference value :  1.20135e-06
 Reference value :  1.20162e-06
 Reference value :  1.20233e-06
 Reference value :  1.20333e-06
 Reference value :  1.20433e-06
 Reference value :  1.20583e-06
 Reference value :  1.20733e-06
 Reference value :  1.20883e-06
 Reference value :  1.21033e-06
 Reference value :  1.21183e-06
 Reference value :  1.21283e-06
 Reference value :  1.21383e-06
 Reference value :  1.21483e-06
 Reference value :  1.21583e-06
 Reference value :  1.21733e-06
 Reference value :  1.21833e-06
 Reference value :  1.21933e-06
 Reference value :  1.22083e-06
 Reference value :  1.22233e-06
 Reference value :  1.22383e-06
 Reference value :  1.22483e-06
 Reference value :  1.22633e-06
 Reference value :  1.22783e-06
 Reference value :  1.22933e-06
 Reference value :  1.23033e-06
 Reference value :  1.23233e-06
 Reference value :  1.23383e-06
 Reference value :  1.23533e-06
 Reference value :  1.23683e-06
 Reference value :  1.23833e-06
 Reference value :  1.23983e-06
 Reference value :  1.24117e-06
 Reference value :  1.24132e-06
 Reference value :  1.24184e-06
 Reference value :  1.24217e-06
 Reference value :  1.24230e-06
 Reference value :  1.24275e-06
 Reference value :  1.24305e-06
 Reference value :  1.24331e-06
 Reference value :  1.24354e-06
 Reference value :  1.24402e-06
 Reference value :  1.24470e-06
 Reference value :  1.24568e-06
 Reference value :  1.24668e-06
 Reference value :  1.24818e-06
 Reference value :  1.24918e-06
 Reference value :  1.25018e-06
 Reference value :  1.25118e-06
 Reference value :  1.25268e-06
 Reference value :  1.25368e-06
 Reference value :  1.25468e-06
 Reference value :  1.25618e-06
 Reference value :  1.25768e-06
 Reference value :  1.25918e-06
 Reference value :  1.26118e-06
 Reference value :  1.26268e-06
 Reference value :  1.26418e-06
 Reference value :  1.26568e-06
 Reference value :  1.26718e-06
 Reference value :  1.26868e-06
 Reference value :  1.27018e-06
 Reference value :  1.27168e-06
 Reference value :  1.27318e-06
 Reference value :  1.27468e-06
 Reference value :  1.27618e-06
 Reference value :  1.27768e-06
 Reference value :  1.27868e-06
 Reference value :  1.28018e-06
 Reference value :  1.28168e-06
 Reference value :  1.28288e-06
 Reference value :  1.28344e-06
 Reference value :  1.28364e-06
 Reference value :  1.28386e-06
 Reference value :  1.28405e-06
 Reference value :  1.28444e-06
 Reference value :  1.28459e-06
 Reference value :  1.28486e-06
 Reference value :  1.28501e-06
 Reference value :  1.28546e-06
 Reference value :  1.28627e-06
 Reference value :  1.28727e-06
 Reference value :  1.28827e-06
 Reference value :  1.28927e-06
 Reference value :  1.29027e-06
 Reference value :  1.29177e-06
 Reference value :  1.29327e-06
 Reference value :  1.29477e-06
 Reference value :  1.29627e-06
 Reference value :  1.29777e-06
 Reference value :  1.29927e-06
 Reference value :  1.30077e-06
 Reference value :  1.30177e-06
 Reference value :  1.30277e-06
 Reference value :  1.30427e-06
 Reference value :  1.30527e-06
 Reference value :  1.30627e-06
 Reference value :  1.30777e-06
 Reference value :  1.30927e-06
 Reference value :  1.31077e-06
 Reference value :  1.31177e-06
 Reference value :  1.31327e-06
 Reference value :  1.31427e-06
 Reference value :  1.31577e-06
 Reference value :  1.31727e-06
 Reference value :  1.31827e-06
 Reference value :  1.31927e-06
 Reference value :  1.32077e-06
 Reference value :  1.32177e-06
 Reference value :  1.32327e-06
 Reference value :  1.32413e-06
 Reference value :  1.32465e-06
 Reference value :  1.32517e-06
 Reference value :  1.32554e-06
 Reference value :  1.32580e-06
 Reference value :  1.32606e-06
 Reference value :  1.32671e-06
 Reference value :  1.32754e-06
 Reference value :  1.32850e-06
 Reference value :  1.32900e-06
 Reference value :  1.33000e-06
 Reference value :  1.33050e-06
 Reference value :  1.33150e-06
 Reference value :  1.33250e-06
 Reference value :  1.33350e-06
 Reference value :  1.33450e-06
 Reference value :  1.33550e-06
 Reference value :  1.33650e-06
 Reference value :  1.33800e-06
 Reference value :  1.33900e-06
 Reference value :  1.34000e-06
 Reference value :  1.34100e-06
 Reference value :  1.34200e-06
 Reference value :  1.34300e-06
 Reference value :  1.34450e-06
 Reference value :  1.34550e-06
 Reference value :  1.34700e-06
 Reference value :  1.34800e-06
 Reference value :  1.34900e-06
 Reference value :  1.35000e-06
 Reference value :  1.35100e-06
 Reference value :  1.35250e-06
 Reference value :  1.35350e-06
 Reference value :  1.35500e-06
 Reference value :  1.35650e-06
 Reference value :  1.35750e-06
 Reference value :  1.35850e-06
 Reference value :  1.35950e-06
 Reference value :  1.36050e-06
 Reference value :  1.36200e-06
 Reference value :  1.36300e-06
 Reference value :  1.36400e-06
 Reference value :  1.36500e-06
 Reference value :  1.36583e-06
 Reference value :  1.36622e-06
 Reference value :  1.36652e-06
 Reference value :  1.36679e-06
 Reference value :  1.36698e-06
 Reference value :  1.36719e-06
 Reference value :  1.36736e-06
 Reference value :  1.36778e-06
 Reference value :  1.36789e-06
 Reference value :  1.36801e-06
 Reference value :  1.36815e-06
 Reference value :  1.36830e-06
 Reference value :  1.36873e-06
 Reference value :  1.36953e-06
 Reference value :  1.37053e-06
 Reference value :  1.37153e-06
 Reference value :  1.37253e-06
 Reference value :  1.37353e-06
 Reference value :  1.37453e-06
 Reference value :  1.37553e-06
 Reference value :  1.37703e-06
 Reference value :  1.37853e-06
 Reference value :  1.37953e-06
 Reference value :  1.38103e-06
 Reference value :  1.38253e-06
 Reference value :  1.38353e-06
 Reference value :  1.38503e-06
 Reference value :  1.38603e-06
 Reference value :  1.38703e-06
 Reference value :  1.38853e-06
 Reference value :  1.39003e-06
 Reference value :  1.39103e-06
 Reference value :  1.39253e-06
 Reference value :  1.39403e-06
 Reference value :  1.39503e-06
 Reference value :  1.39603e-06
 Reference value :  1.39703e-06
 Reference value :  1.39853e-06
 Reference value :  1.39953e-06
 Reference value :  1.40053e-06
 Reference value :  1.40203e-06
 Reference value :  1.40303e-06
 Reference value :  1.40403e-06
 Reference value :  1.40503e-06
 Reference value :  1.40603e-06
 Reference value :  1.40743e-06
 Reference value :  1.40788e-06
 Reference value :  1.40818e-06
 Reference value :  1.40851e-06
 Reference value :  1.40883e-06
 Reference value :  1.40896e-06
 Reference value :  1.40948e-06
 Reference value :  1.41028e-06
 Reference value :  1.41128e-06
 Reference value :  1.41228e-06
 Reference value :  1.41378e-06
 Reference value :  1.41478e-06
 Reference value :  1.41628e-06
 Reference value :  1.41778e-06
 Reference value :  1.41878e-06
 Reference value :  1.41978e-06
 Reference value :  1.42128e-06
 Reference value :  1.42228e-06
 Reference value :  1.42378e-06
 Reference value :  1.42478e-06
 Reference value :  1.42628e-06
 Reference value :  1.42778e-06
 Reference value :  1.42878e-06
 Reference value :  1.42978e-06
 Reference value :  1.43078e-06
 Reference value :  1.43228e-06
 Reference value :  1.43328e-06
 Reference value :  1.43428e-06
 Reference value :  1.43528e-06
 Reference value :  1.43628e-06
 Reference value :  1.43778e-06
 Reference value :  1.43878e-06
 Reference value :  1.44028e-06
 Reference value :  1.44178e-06
 Reference value :  1.44328e-06
 Reference value :  1.44428e-06
 Reference value :  1.44528e-06
 Reference value :  1.44678e-06
 Reference value :  1.44778e-06
 Reference value :  1.44914e-06
 Reference value :  1.44965e-06
 Reference value :  1.44989e-06
 Reference value :  1.45013e-06
 Reference value :  1.45032e-06
 Reference value :  1.45050e-06
 Reference value :  1.45057e-06
 Reference value :  1.45078e-06
 Reference value :  1.45122e-06
 Reference value :  1.45199e-06
 Reference value :  1.45349e-06
 Reference value :  1.45449e-06
 Reference value :  1.45549e-06
 Reference value :  1.45649e-06
 Reference value :  1.45749e-06
 Reference value :  1.45899e-06
 Reference value :  1.46049e-06
 Reference value :  1.46149e-06
 Reference value :  1.46249e-06
 Reference value :  1.46349e-06
 Reference value :  1.46449e-06
 Reference value :  1.46599e-06
 Reference value :  1.46749e-06
 Reference value :  1.46849e-06
 Reference value :  1.46949e-06
 Reference value :  1.47049e-06
 Reference value :  1.47149e-06
 Reference value :  1.47249e-06
 Reference value :  1.47349e-06
 Reference value :  1.47449e-06
 Reference value :  1.47599e-06
 Reference value :  1.47699e-06
 Reference value :  1.47849e-06
 Reference value :  1.47949e-06
 Reference value :  1.48049e-06
 Reference value :  1.48149e-06
 Reference value :  1.48249e-06
 Reference value :  1.48349e-06
 Reference value :  1.48449e-06
 Reference value :  1.48549e-06
 Reference value :  1.48649e-06
 Reference value :  1.48749e-06
 Reference value :  1.48849e-06
 Reference value :  1.48949e-06
 Reference value :  1.49049e-06
 Reference value :  1.49117e-06
 Reference value :  1.49132e-06
 Reference value :  1.49184e-06
 Reference value :  1.49217e-06
 Reference value :  1.49230e-06
 Reference value :  1.49275e-06
 Reference value :  1.49349e-06
 Reference value :  1.49440e-06
 Reference value :  1.49540e-06
 Reference value :  1.49640e-06
 Reference value :  1.49740e-06
 Reference value :  1.49890e-06
 Reference value :  1.49990e-06
 Reference value :  1.50090e-06
 Reference value :  1.50190e-06
 Reference value :  1.50290e-06
 Reference value :  1.50440e-06
 Reference value :  1.50590e-06
 Reference value :  1.50740e-06
 Reference value :  1.50840e-06
 Reference value :  1.50990e-06
 Reference value :  1.51140e-06
 Reference value :  1.51240e-06
 Reference value :  1.51390e-06
 Reference value :  1.51490e-06
 Reference value :  1.51590e-06
 Reference value :  1.51690e-06
 Reference value :  1.51790e-06
 Reference value :  1.51940e-06
 Reference value :  1.51990e-06
 Reference value :  1.52040e-06
 Reference value :  1.52140e-06
 Reference value :  1.52240e-06
 Reference value :  1.52340e-06
 Reference value :  1.52440e-06
 Reference value :  1.52540e-06
 Reference value :  1.52690e-06
 Reference value :  1.52840e-06
 Reference value :  1.52940e-06
 Reference value :  1.53040e-06
 Reference value :  1.53140e-06
 Reference value :  1.53283e-06
 Reference value :  1.53298e-06
 Reference value :  1.53345e-06
 Reference value :  1.53364e-06
 Reference value :  1.53383e-06
 Reference value :  1.53392e-06
 Reference value :  1.53424e-06
 Reference value :  1.53439e-06
 Reference value :  1.53453e-06
 Reference value :  1.53467e-06
 Reference value :  1.53482e-06
 Reference value :  1.53503e-06
 Reference value :  1.53554e-06
 Reference value :  1.53635e-06
 Reference value :  1.53735e-06
 Reference value :  1.53835e-06
 Reference value :  1.53985e-06
 Reference value :  1.54085e-06
 Reference value :  1.54185e-06
 Reference value :  1.54285e-06
 Reference value :  1.54385e-06
 Reference value :  1.54535e-06
 Reference value :  1.54635e-06
 Reference value :  1.54735e-06
 Reference value :  1.54835e-06
 Reference value :  1.54985e-06
 Reference value :  1.55085e-06
 Reference value :  1.55185e-06
 Reference value :  1.55285e-06
 Reference value :  1.55435e-06
 Reference value :  1.55585e-06
 Reference value :  1.55685e-06
 Reference value :  1.55785e-06
 Reference value :  1.55885e-06
 Reference value :  1.56035e-06
 Reference value :  1.56135e-06
 Reference value :  1.56235e-06
 Reference value :  1.56335e-06
 Reference value :  1.56485e-06
 Reference value :  1.56635e-06
 Reference value :  1.56785e-06
 Reference value :  1.56935e-06
 Reference value :  1.57035e-06
 Reference value :  1.57135e-06
 Reference value :  1.57235e-06
 Reference value :  1.57335e-06
 Reference value :  1.57450e-06
 Reference value :  1.57465e-06
 Reference value :  1.57517e-06
 Reference value :  1.57550e-06
 Reference value :  1.57563e-06
 Reference value :  1.57610e-06
 Reference value :  1.57689e-06
 Reference value :  1.57786e-06
 Reference value :  1.57936e-06
 Reference value :  1.58086e-06
 Reference value :  1.58186e-06
 Reference value :  1.58336e-06
 Reference value :  1.58436e-06
 Reference value :  1.58536e-06
 Reference value :  1.58686e-06
 Reference value :  1.58786e-06
 Reference value :  1.58936e-06
 Reference value :  1.59036e-06
 Reference value :  1.59136e-06
 Reference value :  1.59286e-06
 Reference value :  1.59386e-06
 Reference value :  1.59536e-06
 Reference value :  1.59686e-06
 Reference value :  1.59836e-06
 Reference value :  1.59936e-06
 Reference value :  1.60036e-06
 Reference value :  1.60136e-06
 Reference value :  1.60286e-06
 Reference value :  1.60436e-06
 Reference value :  1.60536e-06
 Reference value :  1.60686e-06
 Reference value :  1.60836e-06
 Reference value :  1.60986e-06
 Reference value :  1.61086e-06
 Reference value :  1.61236e-06
 Reference value :  1.61336e-06
 Reference value :  1.61486e-06
 Reference value :  1.61617e-06
 Reference value :  1.61652e-06
 Reference value :  1.61656e-06
 Reference value :  1.61680e-06
 Reference value :  1.61698e-06
 Reference value :  1.61717e-06
 Reference value :  1.61724e-06
 Reference value :  1.61744e-06
 Reference value :  1.61808e-06
 Reference value :  1.61844e-06
 Reference value :  1.61982e-06
 Reference value :  1.62082e-06
 Reference value :  1.62182e-06
 Reference value :  1.62332e-06
 Reference value :  1.62482e-06
 Reference value :  1.62582e-06
 Reference value :  1.62732e-06
 Reference value :  1.62832e-06
 Reference value :  1.62932e-06
 Reference value :  1.63032e-06
 Reference value :  1.63132e-06
 Reference value :  1.63232e-06
 Reference value :  1.63382e-06
 Reference value :  1.63532e-06
 Reference value :  1.63632e-06
 Reference value :  1.63782e-06
 Reference value :  1.63882e-06
 Reference value :  1.64032e-06
 Reference value :  1.64132e-06
 Reference value :  1.64232e-06
 Reference value :  1.64382e-06
 Reference value :  1.64482e-06
 Reference value :  1.64582e-06
 Reference value :  1.64682e-06
 Reference value :  1.64832e-06
 Reference value :  1.64932e-06
 Reference value :  1.65032e-06
 Reference value :  1.65182e-06
 Reference value :  1.65332e-06
 Reference value :  1.65482e-06
 Reference value :  1.65632e-06
 Reference value :  1.65758e-06
 Reference value :  1.65788e-06
 Reference value :  1.65851e-06
 Reference value :  1.65888e-06
 Reference value :  1.65943e-06
 Reference value :  1.66018e-06
 Reference value :  1.66162e-06
 Reference value :  1.66312e-06
 Reference value :  1.66512e-06
 Reference value :  1.66662e-06
 Reference value :  1.66862e-06
 Reference value :  1.67012e-06
 Reference value :  1.67162e-06
 Reference value :  1.67312e-06
 Reference value :  1.67462e-06
 Reference value :  1.67612e-06
 Reference value :  1.67762e-06
 Reference value :  1.67912e-06
 Reference value :  1.68062e-06
 Reference value :  1.68212e-06
 Reference value :  1.68362e-06
 Reference value :  1.68562e-06
 Reference value :  1.68712e-06
 Reference value :  1.68862e-06
 Reference value :  1.68962e-06
 Reference value :  1.69112e-06
 Reference value :  1.69262e-06
 Reference value :  1.69412e-06
 Reference value :  1.69512e-06
 Reference value :  1.69662e-06
 Reference value :  1.69812e-06
 Reference value :  1.69950e-06
 Reference value :  1.69985e-06
 Reference value :  1.69989e-06
 Reference value :  1.70013e-06
 Reference value :  1.70032e-06
 Reference value :  1.70050e-06
 Reference value :  1.70066e-06
 Reference value :  1.70092e-06
 Reference value :  1.70152e-06
 Reference value :  1.70282e-06
 Reference value :  1.70382e-06
 Reference value :  1.70532e-06
 Reference value :  1.70632e-06
 Reference value :  1.70732e-06
 Reference value :  1.70832e-06
 Reference value :  1.70932e-06
 Reference value :  1.71082e-06
 Reference value :  1.71232e-06
 Reference value :  1.71382e-06
 Reference value :  1.71532e-06
 Reference value :  1.71682e-06
 Reference value :  1.71832e-06
 Reference value :  1.71982e-06
 Reference value :  1.72132e-06
 Reference value :  1.72282e-06
 Reference value :  1.72432e-06
 Reference value :  1.72582e-06
 Reference value :  1.72732e-06
 Reference value :  1.72882e-06
 Reference value :  1.72982e-06
 Reference value :  1.73132e-06
 Reference value :  1.73232e-06
 Reference value :  1.73332e-06
 Reference value :  1.73432e-06
 Reference value :  1.73532e-06
 Reference value :  1.73632e-06
 Reference value :  1.73732e-06
 Reference value :  1.73832e-06
 Reference value :  1.73932e-06
 Reference value :  1.74074e-06
 Reference value :  1.74132e-06
 Reference value :  1.74184e-06
 Reference value :  1.74221e-06
 Reference value :  1.74247e-06
 Reference value :  1.74276e-06
 Reference value :  1.74350e-06
 Reference value :  1.74442e-06
 Reference value :  1.74542e-06
 Reference value :  1.74692e-06
 Reference value :  1.74892e-06
 Reference value :  1.75042e-06
 Reference value :  1.75242e-06
 Reference value :  1.75392e-06
 Reference value :  1.75492e-06
 Reference value :  1.75642e-06
 Reference value :  1.75792e-06
 Reference value :  1.75942e-06
 Reference value :  1.76092e-06
 Reference value :  1.76242e-06
 Reference value :  1.76392e-06
 Reference value :  1.76542e-06
 Reference value :  1.76692e-06
 Reference value :  1.76842e-06
 Reference value :  1.76942e-06
 Reference value :  1.77092e-06
 Reference value :  1.77192e-06
 Reference value :  1.77292e-06
 Reference value :  1.77442e-06
 Reference value :  1.77592e-06
 Reference value :  1.77742e-06
 Reference value :  1.77842e-06
 Reference value :  1.77942e-06
 Reference value :  1.78042e-06
 Reference value :  1.78192e-06
 Reference value :  1.78288e-06
 Reference value :  1.78322e-06
 Reference value :  1.78347e-06
 Reference value :  1.78365e-06
 Reference value :  1.78383e-06
 Reference value :  1.78390e-06
 Reference value :  1.78398e-06
 Reference value :  1.78417e-06
 Reference value :  1.78445e-06
 Reference value :  1.78459e-06
 Reference value :  1.78498e-06
 Reference value :  1.78562e-06
 Reference value :  1.78662e-06
 Reference value :  1.78762e-06
 Reference value :  1.78862e-06
 Reference value :  1.78962e-06
 Reference value :  1.79062e-06
 Reference value :  1.79162e-06
 Reference value :  1.79262e-06
 Reference value :  1.79412e-06
 Reference value :  1.79512e-06
 Reference value :  1.79662e-06
 Reference value :  1.79812e-06
 Reference value :  1.79912e-06
 Reference value :  1.80012e-06
 Reference value :  1.80162e-06
 Reference value :  1.80312e-06
 Reference value :  1.80462e-06
 Reference value :  1.80562e-06
 Reference value :  1.80712e-06
 Reference value :  1.80862e-06
 Reference value :  1.81012e-06
 Reference value :  1.81162e-06
 Reference value :  1.81312e-06
 Reference value :  1.81462e-06
 Reference value :  1.81612e-06
 Reference value :  1.81762e-06
 Reference value :  1.81912e-06
 Reference value :  1.82062e-06
 Reference value :  1.82212e-06
 Reference value :  1.82362e-06
 Reference value :  1.82455e-06
 Reference value :  1.82517e-06
 Reference value :  1.82550e-06
 Reference value :  1.82563e-06
 Reference value :  1.82609e-06
 Reference value :  1.82683e-06
 Reference value :  1.82774e-06
 Reference value :  1.82874e-06
 Reference value :  1.83024e-06
 Reference value :  1.83124e-06
 Reference value :  1.83274e-06
 Reference value :  1.83424e-06
 Reference value :  1.83574e-06
 Reference value :  1.83724e-06
 Reference value :  1.83874e-06
 Reference value :  1.84024e-06
 Reference value :  1.84174e-06
 Reference value :  1.84324e-06
 Reference value :  1.84424e-06
 Reference value :  1.84524e-06
 Reference value :  1.84674e-06
 Reference value :  1.84874e-06
 Reference value :  1.85024e-06
 Reference value :  1.85174e-06
 Reference value :  1.85324e-06
 Reference value :  1.85424e-06
 Reference value :  1.85574e-06
 Reference value :  1.85724e-06
 Reference value :  1.85824e-06
 Reference value :  1.85924e-06
 Reference value :  1.85974e-06
 Reference value :  1.86124e-06
 Reference value :  1.86274e-06
 Reference value :  1.86374e-06
 Reference value :  1.86524e-06
 Reference value :  1.86632e-06
 Reference value :  1.86675e-06
 Reference value :  1.86696e-06
 Reference value :  1.86717e-06
 Reference value :  1.86721e-06
 Reference value :  1.86739e-06
 Reference value :  1.86762e-06
 Reference value :  1.86773e-06
 Reference value :  1.86783e-06
 Reference value :  1.86812e-06
 Reference value :  1.86832e-06
 Reference value :  1.86882e-06
 Reference value :  1.87012e-06
 Reference value :  1.87112e-06
 Reference value :  1.87262e-06
 Reference value :  1.87362e-06
 Reference value :  1.87512e-06
 Reference value :  1.87662e-06
 Reference value :  1.87812e-06
 Reference value :  1.87912e-06
 Reference value :  1.88062e-06
 Reference value :  1.88212e-06
 Reference value :  1.88362e-06
 Reference value :  1.88512e-06
 Reference value :  1.88662e-06
 Reference value :  1.88812e-06
 Reference value :  1.88962e-06
 Reference value :  1.89062e-06
 Reference value :  1.89212e-06
 Reference value :  1.89312e-06
 Reference value :  1.89462e-06
 Reference value :  1.89562e-06
 Reference value :  1.89662e-06
 Reference value :  1.89762e-06
 Reference value :  1.89862e-06
 Reference value :  1.89962e-06
 Reference value :  1.90062e-06
 Reference value :  1.90212e-06
 Reference value :  1.90362e-06
 Reference value :  1.90512e-06
 Reference value :  1.90612e-06
 Reference value :  1.90748e-06
 Reference value :  1.90788e-06
 Reference value :  1.90818e-06
 Reference value :  1.90851e-06
 Reference value :  1.90888e-06
 Reference value :  1.90913e-06
 Reference value :  1.90942e-06
 Reference value :  1.91017e-06
 Reference value :  1.91108e-06
 Reference value :  1.91258e-06
 Reference value :  1.91358e-06
 Reference value :  1.91508e-06
 Reference value :  1.91608e-06
 Reference value :  1.91758e-06
 Reference value :  1.91858e-06
 Reference value :  1.92008e-06
 Reference value :  1.92108e-06
 Reference value :  1.92208e-06
 Reference value :  1.92358e-06
 Reference value :  1.92458e-06
 Reference value :  1.92608e-06
 Reference value :  1.92708e-06
 Reference value :  1.92808e-06
 Reference value :  1.92958e-06
 Reference value :  1.93108e-06
 Reference value :  1.93208e-06
 Reference value :  1.93308e-06
 Reference value :  1.93408e-06
 Reference value :  1.93508e-06
 Reference value :  1.93608e-06
 Reference value :  1.93708e-06
 Reference value :  1.93858e-06
 Reference value :  1.94008e-06
 Reference value :  1.94158e-06
 Reference value :  1.94258e-06
 Reference value :  1.94358e-06
 Reference value :  1.94458e-06
 Reference value :  1.94558e-06
 Reference value :  1.94608e-06
 Reference value :  1.94658e-06
 Reference value :  1.94708e-06
 Reference value :  1.94808e-06
 Reference value :  1.94904e-06
 Reference value :  1.94965e-06
 Reference value :  1.95004e-06
 Reference value :  1.95025e-06
 Reference value :  1.95037e-06
 Reference value :  1.95051e-06
 Reference value :  1.95057e-06
 Reference value :  1.95062e-06
 Reference value :  1.95084e-06
 Reference value :  1.95098e-06
 Reference value :  1.95105e-06
 Reference value :  1.95123e-06
 Reference value :  1.95141e-06
 Reference value :  1.95183e-06
 Reference value :  1.95213e-06
 Reference value :  1.95294e-06
 Reference value :  1.95394e-06
 Reference value :  1.95494e-06
 Reference value :  1.95594e-06
 Reference value :  1.95744e-06
 Reference value :  1.95844e-06
 Reference value :  1.95944e-06
 Reference value :  1.96044e-06
 Reference value :  1.96144e-06
 Reference value :  1.96294e-06
 Reference value :  1.96444e-06
 Reference value :  1.96594e-06
 Reference value :  1.96694e-06
 Reference value :  1.96844e-06
 Reference value :  1.96944e-06
 Reference value :  1.97094e-06
 Reference value :  1.97194e-06
 Reference value :  1.97294e-06
 Reference value :  1.97444e-06
 Reference value :  1.97544e-06
 Reference value :  1.97644e-06
 Reference value :  1.97744e-06
 Reference value :  1.97894e-06
 Reference value :  1.98044e-06
 Reference value :  1.98144e-06
 Reference value :  1.98294e-06
 Reference value :  1.98394e-06
 Reference value :  1.98544e-06
 Reference value :  1.98694e-06
 Reference value :  1.98794e-06
 Reference value :  1.98944e-06
 Reference value :  1.99044e-06
 Reference value :  1.99117e-06
 Reference value :  1.99132e-06
 Reference value :  1.99184e-06
 Reference value :  1.99221e-06
 Reference value :  1.99247e-06
 Reference value :  1.99276e-06
 Reference value :  1.99350e-06
 Reference value :  1.99442e-06
 Reference value :  1.99592e-06
 Reference value :  1.99742e-06
 Reference value :  1.99892e-06
 Reference value :  2.00042e-06
 Reference value :  2.00142e-06
 Reference value :  2.00242e-06
 Reference value :  2.00342e-06
 Reference value :  2.00492e-06
 Reference value :  2.00592e-06
 Reference value :  2.00692e-06
 Reference value :  2.00792e-06
 Reference value :  2.00892e-06
 Reference value :  2.00992e-06
 Reference value :  2.01142e-06
 Reference value :  2.01242e-06
 Reference value :  2.01342e-06
 Reference value :  2.01442e-06
 Reference value :  2.01592e-06
 Reference value :  2.01742e-06
 Reference value :  2.01892e-06
 Reference value :  2.01992e-06
 Reference value :  2.02142e-06
 Reference value :  2.02292e-06
 Reference value :  2.02392e-06
 Reference value :  2.02492e-06
 Reference value :  2.02642e-06
 Reference value :  2.02842e-06
 Reference value :  2.02942e-06
 Reference value :  2.03092e-06
 Reference value :  2.03192e-06
 Reference value :  2.03238e-06
 Reference value :  2.03288e-06
 Reference value :  2.03318e-06
 Reference value :  2.03351e-06
 Reference value :  2.03383e-06
 Reference value :  2.03393e-06
 Reference value :  2.03406e-06
 Reference value :  2.03431e-06
 Reference value :  2.03445e-06
 Reference value :  2.03477e-06
 Reference value :  2.03547e-06
 Reference value :  2.03647e-06
 Reference value :  2.03747e-06
 Reference value :  2.03897e-06
 Reference value :  2.04047e-06
 Reference value :  2.04147e-06
 Reference value :  2.04247e-06
 Reference value :  2.04397e-06
 Reference value :  2.04497e-06
 Reference value :  2.04647e-06
 Reference value :  2.04747e-06
 Reference value :  2.04897e-06
 Reference value :  2.04997e-06
 Reference value :  2.05147e-06
 Reference value :  2.05297e-06
 Reference value :  2.05397e-06
 Reference value :  2.05497e-06
 Reference value :  2.05697e-06
 Reference value :  2.05847e-06
 Reference value :  2.05997e-06
 Reference value :  2.06147e-06
 Reference value :  2.06247e-06
 Reference value :  2.06347e-06
 Reference value :  2.06447e-06
 Reference value :  2.06547e-06
 Reference value :  2.06647e-06
 Reference value :  2.06747e-06
 Reference value :  2.06897e-06
 Reference value :  2.06997e-06
 Reference value :  2.07097e-06
 Reference value :  2.07197e-06
 Reference value :  2.07297e-06
 Reference value :  2.07423e-06
 Reference value :  2.07465e-06
 Reference value :  2.07517e-06
 Reference value :  2.07555e-06
 Reference value :  2.07583e-06
 Reference value :  2.07612e-06
 Reference value :  2.07684e-06
 Reference value :  2.07777e-06
 Reference value :  2.07877e-06
 Reference value :  2.07977e-06
 Reference value :  2.08127e-06
 Reference value :  2.08277e-06
 Reference value :  2.08427e-06
 Reference value :  2.08577e-06
 Reference value :  2.08727e-06
 Reference value :  2.08877e-06
 Reference value :  2.08977e-06
 Reference value :  2.09077e-06
 Reference value :  2.09227e-06
 Reference value :  2.09327e-06
 Reference value :  2.09477e-06
 Reference value :  2.09627e-06
 Reference value :  2.09727e-06
 Reference value :  2.09827e-06
 Reference value :  2.09927e-06
 Reference value :  2.10027e-06
 Reference value :  2.10127e-06
 Reference value :  2.10227e-06
 Reference value :  2.10327e-06
 Reference value :  2.10427e-06
 Reference value :  2.10527e-06
 Reference value :  2.10627e-06
 Reference value :  2.10727e-06
 Reference value :  2.10827e-06
 Reference value :  2.10927e-06
 Reference value :  2.11027e-06
 Reference value :  2.11127e-06
 Reference value :  2.11227e-06
 Reference value :  2.11327e-06
 Reference value :  2.11427e-06
 Reference value :  2.11527e-06
 Reference value :  2.11617e-06
 Reference value :  2.11632e-06
 Reference value :  2.11656e-06
 Reference value :  2.11680e-06
 Reference value :  2.11682e-06
 Reference value :  2.11696e-06
 Reference value :  2.11705e-06
 Reference value :  2.11711e-06
 Reference value :  2.11717e-06
 Reference value :  2.11720e-06
 Reference value :  2.11732e-06
 Reference value :  2.11749e-06
 Reference value :  2.11757e-06
 Reference value :  2.11775e-06
 Reference value :  2.11794e-06
 Reference value :  2.11819e-06
 Reference value :  2.11860e-06
 Reference value :  2.11953e-06
 Reference value :  2.12053e-06
 Reference value :  2.12153e-06
 Reference value :  2.12303e-06
 Reference value :  2.12403e-06
 Reference value :  2.12503e-06
 Reference value :  2.12603e-06
 Reference value :  2.12703e-06
 Reference value :  2.12803e-06
 Reference value :  2.12903e-06
 Reference value :  2.13053e-06
 Reference value :  2.13153e-06
 Reference value :  2.13253e-06
 Reference value :  2.13353e-06
 Reference value :  2.13453e-06
 Reference value :  2.13553e-06
 Reference value :  2.13703e-06
 Reference value :  2.13803e-06
 Reference value :  2.13953e-06
 Reference value :  2.14053e-06
 Reference value :  2.14203e-06
 Reference value :  2.14303e-06
 Reference value :  2.14403e-06
 Reference value :  2.14503e-06
 Reference value :  2.14603e-06
 Reference value :  2.14703e-06
 Reference value :  2.14803e-06
 Reference value :  2.14903e-06
 Reference value :  2.15003e-06
 Reference value :  2.15103e-06
 Reference value :  2.15203e-06
 Reference value :  2.15303e-06
 Reference value :  2.15453e-06
 Reference value :  2.15553e-06
 Reference value :  2.15653e-06
 Reference value :  2.15743e-06
 Reference value :  2.15788e-06
 Reference value :  2.15851e-06
 Reference value :  2.15888e-06
 Reference value :  2.15913e-06
 Reference value :  2.15940e-06
 Reference value :  2.15971e-06
 Reference value :  2.15998e-06
 Reference value :  2.16055e-06
 Reference value :  2.16089e-06
 Reference value :  2.16126e-06
 Reference value :  2.16226e-06
 Reference value :  2.16326e-06
 Reference value :  2.16426e-06
 Reference value :  2.16576e-06
 Reference value :  2.16676e-06
 Reference value :  2.16776e-06
 Reference value :  2.16876e-06
 Reference value :  2.17026e-06
 Reference value :  2.17126e-06
 Reference value :  2.17276e-06
 Reference value :  2.17426e-06
 Reference value :  2.17526e-06
 Reference value :  2.17626e-06
 Reference value :  2.17776e-06
 Reference value :  2.17926e-06
 Reference value :  2.18026e-06
 Reference value :  2.18126e-06
 Reference value :  2.18226e-06
 Reference value :  2.18326e-06
 Reference value :  2.18476e-06
 Reference value :  2.18576e-06
 Reference value :  2.18726e-06
 Reference value :  2.18826e-06
 Reference value :  2.18926e-06
 Reference value :  2.19076e-06
 Reference value :  2.19176e-06
 Reference value :  2.19326e-06
 Reference value :  2.19426e-06
 Reference value :  2.19526e-06
 Reference value :  2.19626e-06
 Reference value :  2.19776e-06
 Reference value :  2.19876e-06
 Reference value :  2.19950e-06
 Reference value :  2.19985e-06
 Reference value :  2.20009e-06
 Reference value :  2.20029e-06
 Reference value :  2.20050e-06
 Reference value :  2.20053e-06
 Reference value :  2.20069e-06
 Reference value :  2.20092e-06
 Reference value :  2.20104e-06
 Reference value :  2.20116e-06
 Reference value :  2.20128e-06
 Reference value :  2.20139e-06
 Reference value :  2.20169e-06
 Reference value :  2.20250e-06
 Reference value :  2.20350e-06
 Reference value :  2.20450e-06
 Reference value :  2.20550e-06
 Reference value :  2.20650e-06
 Reference value :  2.20750e-06
 Reference value :  2.20900e-06
 Reference value :  2.21050e-06
 Reference value :  2.21150e-06
 Reference value :  2.21250e-06
 Reference value :  2.21400e-06
 Reference value :  2.21500e-06
 Reference value :  2.21600e-06
 Reference value :  2.21750e-06
 Reference value :  2.21850e-06
 Reference value :  2.21950e-06
 Reference value :  2.22050e-06
 Reference value :  2.22150e-06
 Reference value :  2.22250e-06
 Reference value :  2.22350e-06
 Reference value :  2.22450e-06
 Reference value :  2.22600e-06
 Reference value :  2.22700e-06
 Reference value :  2.22850e-06
 Reference value :  2.22950e-06
 Reference value :  2.23050e-06
 Reference value :  2.23150e-06
 Reference value :  2.23250e-06
 Reference value :  2.23350e-06
 Reference value :  2.23450e-06
 Reference value :  2.23550e-06
 Reference value :  2.23700e-06
 Reference value :  2.23800e-06
 Reference value :  2.23900e-06
 Reference value :  2.24000e-06
 Reference value :  2.24083e-06
 Reference value :  2.24122e-06
 Reference value :  2.24152e-06
 Reference value :  2.24184e-06
 Reference value :  2.24217e-06
 Reference value :  2.24230e-06
 Reference value :  2.24275e-06
 Reference value :  2.24305e-06
 Reference value :  2.24332e-06
 Reference value :  2.24389e-06
 Reference value :  2.24459e-06
 Reference value :  2.24559e-06
 Reference value :  2.24709e-06
 Reference value :  2.24809e-06
 Reference value :  2.24959e-06
 Reference value :  2.25109e-06
 Reference value :  2.25259e-06
 Reference value :  2.25409e-06
 Reference value :  2.25509e-06
 Reference value :  2.25609e-06
 Reference value :  2.25709e-06
 Reference value :  2.25809e-06
 Reference value :  2.25909e-06
 Reference value :  2.26009e-06
 Reference value :  2.26109e-06
 Reference value :  2.26209e-06
 Reference value :  2.26359e-06
 Reference value :  2.26509e-06
 Reference value :  2.26609e-06
 Reference value :  2.26709e-06
 Reference value :  2.26859e-06
 Reference value :  2.27009e-06
 Reference value :  2.27159e-06
 Reference value :  2.27309e-06
 Reference value :  2.27459e-06
 Reference value :  2.27609e-06
 Reference value :  2.27759e-06
 Reference value :  2.27859e-06
 Reference value :  2.28009e-06
 Reference value :  2.28159e-06
 Reference value :  2.28246e-06
 Reference value :  2.28298e-06
 Reference value :  2.28344e-06
 Reference value :  2.28364e-06
 Reference value :  2.28383e-06
 Reference value :  2.28392e-06
 Reference value :  2.28424e-06
 Reference value :  2.28445e-06
 Reference value :  2.28458e-06
 Reference value :  2.28484e-06
 Reference value :  2.28521e-06
 Reference value :  2.28575e-06
 Reference value :  2.28675e-06
 Reference value :  2.28775e-06
 Reference value :  2.28875e-06
 Reference value :  2.28975e-06
 Reference value :  2.29125e-06
 Reference value :  2.29225e-06
 Reference value :  2.29325e-06
 Reference value :  2.29475e-06
 Reference value :  2.29575e-06
 Reference value :  2.29725e-06
 Reference value :  2.29875e-06
 Reference value :  2.30025e-06
 Reference value :  2.30175e-06
 Reference value :  2.30325e-06
 Reference value :  2.30475e-06
 Reference value :  2.30625e-06
 Reference value :  2.30725e-06
 Reference value :  2.30875e-06
 Reference value :  2.30975e-06
 Reference value :  2.31125e-06
 Reference value :  2.31275e-06
 Reference value :  2.31425e-06
 Reference value :  2.31575e-06
 Reference value :  2.31675e-06
 Reference value :  2.31775e-06
 Reference value :  2.31875e-06
 Reference value :  2.31975e-06
 Reference value :  2.32125e-06
 Reference value :  2.32275e-06
 Reference value :  2.32375e-06
 Reference value :  2.32455e-06
 Reference value :  2.32517e-06
 Reference value :  2.32554e-06
 Reference value :  2.32580e-06
 Reference value :  2.32608e-06
 Reference value :  2.32677e-06
 Reference value :  2.32814e-06
 Reference value :  2.32964e-06
 Reference value :  2.33064e-06
 Reference value :  2.33214e-06
 Reference value :  2.33314e-06
 Reference value :  2.33364e-06
 Reference value :  2.33464e-06
 Reference value :  2.33564e-06
 Reference value :  2.33714e-06
 Reference value :  2.33864e-06
 Reference value :  2.33964e-06
 Reference value :  2.34064e-06
 Reference value :  2.34214e-06
 Reference value :  2.34314e-06
 Reference value :  2.34464e-06
 Reference value :  2.34614e-06
 Reference value :  2.34764e-06
 Reference value :  2.34914e-06
 Reference value :  2.35014e-06
 Reference value :  2.35164e-06
 Reference value :  2.35314e-06
 Reference value :  2.35514e-06
 Reference value :  2.35664e-06
 Reference value :  2.35764e-06
 Reference value :  2.35864e-06
 Reference value :  2.35964e-06
 Reference value :  2.36114e-06
 Reference value :  2.36264e-06
 Reference value :  2.36414e-06
 Reference value :  2.36564e-06
 Reference value :  2.36622e-06
 Reference value :  2.36656e-06
 Reference value :  2.36680e-06
 Reference value :  2.36698e-06
 Reference value :  2.36717e-06
 Reference value :  2.36724e-06
 Reference value :  2.36762e-06
 Reference value :  2.36778e-06
 Reference value :  2.36788e-06
 Reference value :  2.36810e-06
 Reference value :  2.36902e-06
 Reference value :  2.37102e-06
 Reference value :  2.37252e-06
 Reference value :  2.37402e-06
 Reference value :  2.37552e-06
 Reference value :  2.37702e-06
 Reference value :  2.37802e-06
 Reference value :  2.37952e-06
 Reference value :  2.38052e-06
 Reference value :  2.38152e-06
 Reference value :  2.38252e-06
 Reference value :  2.38402e-06
 Reference value :  2.38552e-06
 Reference value :  2.38702e-06
 Reference value :  2.38852e-06
 Reference value :  2.39002e-06
 Reference value :  2.39102e-06
 Reference value :  2.39252e-06
 Reference value :  2.39352e-06
 Reference value :  2.39502e-06
 Reference value :  2.39652e-06
 Reference value :  2.39802e-06
 Reference value :  2.39952e-06
 Reference value :  2.40052e-06
 Reference value :  2.40202e-06
 Reference value :  2.40352e-06
 Reference value :  2.40502e-06
 Reference value :  2.40652e-06
 Reference value :  2.40783e-06
 Reference value :  2.40818e-06
 Reference value :  2.40851e-06
 Reference value :  2.40888e-06
 Reference value :  2.40913e-06
 Reference value :  2.40942e-06
 Reference value :  2.41012e-06
 Reference value :  2.41100e-06
 Reference value :  2.41200e-06
 Reference value :  2.41350e-06
 Reference value :  2.41450e-06
 Reference value :  2.41550e-06
 Reference value :  2.41600e-06
 Reference value :  2.41750e-06
 Reference value :  2.41850e-06
 Reference value :  2.41950e-06
 Reference value :  2.42100e-06
 Reference value :  2.42250e-06
 Reference value :  2.42350e-06
 Reference value :  2.42500e-06
 Reference value :  2.42600e-06
 Reference value :  2.42750e-06
 Reference value :  2.42900e-06
 Reference value :  2.43050e-06
 Reference value :  2.43200e-06
 Reference value :  2.43350e-06
 Reference value :  2.43500e-06
 Reference value :  2.43650e-06
 Reference value :  2.43750e-06
 Reference value :  2.43850e-06
 Reference value :  2.43950e-06
 Reference value :  2.44100e-06
 Reference value :  2.44250e-06
 Reference value :  2.44350e-06
 Reference value :  2.44500e-06
 Reference value :  2.44650e-06
 Reference value :  2.44800e-06
 Reference value :  2.44900e-06
 Reference value :  2.44955e-06
 Reference value :  2.44985e-06
 Reference value :  2.45012e-06
 Reference value :  2.45031e-06
 Reference value :  2.45053e-06
 Reference value :  2.45069e-06
 Reference value :  2.45111e-06
 Reference value :  2.45122e-06
 Reference value :  2.45133e-06
 Reference value :  2.45147e-06
 Reference value :  2.45182e-06
 Reference value :  2.45236e-06
 Reference value :  2.45336e-06
 Reference value :  2.45436e-06
 Reference value :  2.45536e-06
 Reference value :  2.45636e-06
 Reference value :  2.45786e-06
 Reference value :  2.45886e-06
 Reference value :  2.45986e-06
 Reference value :  2.46086e-06
 Reference value :  2.46186e-06
 Reference value :  2.46336e-06
 Reference value :  2.46486e-06
 Reference value :  2.46636e-06
 Reference value :  2.46786e-06
 Reference value :  2.46886e-06
 Reference value :  2.46986e-06
 Reference value :  2.47086e-06
 Reference value :  2.47236e-06
 Reference value :  2.47386e-06
 Reference value :  2.47486e-06
 Reference value :  2.47686e-06
 Reference value :  2.47786e-06
 Reference value :  2.47936e-06
 Reference value :  2.48036e-06
 Reference value :  2.48186e-06
 Reference value :  2.48336e-06
 Reference value :  2.48436e-06
 Reference value :  2.48586e-06
 Reference value :  2.48686e-06
 Reference value :  2.48786e-06
 Reference value :  2.48886e-06
 Reference value :  2.49036e-06
 Reference value :  2.49117e-06
 Reference value :  2.49152e-06
 Reference value :  2.49184e-06
 Reference value :  2.49217e-06
 Reference value :  2.49230e-06
 Reference value :  2.49275e-06
 Reference value :  2.49344e-06
 Reference value :  2.49432e-06
 Reference value :  2.49532e-06
 Reference value :  2.49632e-06
 Reference value :  2.49732e-06
 Reference value :  2.49832e-06
 Reference value :  2.49882e-06
 Reference value :  2.49982e-06
 Reference value :  2.50032e-06
 Reference value :  2.50082e-06
 Reference value :  2.50232e-06
 Reference value :  2.50382e-06
 Reference value :  2.50532e-06
 Reference value :  2.50682e-06
 Reference value :  2.50782e-06
 Reference value :  2.50932e-06
 Reference value :  2.51032e-06
 Reference value :  2.51182e-06
 Reference value :  2.51332e-06
 Reference value :  2.51432e-06
 Reference value :  2.51582e-06
 Reference value :  2.51732e-06
 Reference value :  2.51882e-06
 Reference value :  2.52032e-06
 Reference value :  2.52182e-06
 Reference value :  2.52282e-06
 Reference value :  2.52382e-06
 Reference value :  2.52482e-06
 Reference value :  2.52632e-06
 Reference value :  2.52732e-06
 Reference value :  2.52882e-06
 Reference value :  2.53032e-06
 Reference value :  2.53132e-06
 Reference value :  2.53258e-06
 Reference value :  2.53288e-06
 Reference value :  2.53318e-06
 Reference value :  2.53322e-06
 Reference value :  2.53347e-06
 Reference value :  2.53365e-06
 Reference value :  2.53383e-06
 Reference value :  2.53386e-06
 Reference value :  2.53390e-06
 Reference value :  2.53411e-06
 Reference value :  2.53444e-06
 Reference value :  2.53455e-06
 Reference value :  2.53478e-06
 Reference value :  2.53521e-06
 Reference value :  2.53621e-06
 Reference value :  2.53771e-06
 Reference value :  2.53871e-06
 Reference value :  2.53971e-06
 Reference value :  2.54071e-06
 Reference value :  2.54171e-06
 Reference value :  2.54271e-06
 Reference value :  2.54371e-06
 Reference value :  2.54521e-06
 Reference value :  2.54621e-06
 Reference value :  2.54771e-06
 Reference value :  2.54871e-06
 Reference value :  2.54971e-06
 Reference value :  2.55071e-06
 Reference value :  2.55171e-06
 Reference value :  2.55271e-06
 Reference value :  2.55371e-06
 Reference value :  2.55471e-06
 Reference value :  2.55571e-06
 Reference value :  2.55671e-06
 Reference value :  2.55771e-06
 Reference value :  2.55871e-06
 Reference value :  2.55971e-06
 Reference value :  2.56071e-06
 Reference value :  2.56171e-06
 Reference value :  2.56271e-06
 Reference value :  2.56371e-06
 Reference value :  2.56471e-06
 Reference value :  2.56571e-06
 Reference value :  2.56671e-06
 Reference value :  2.56771e-06
 Reference value :  2.56871e-06
 Reference value :  2.56971e-06
 Reference value :  2.57121e-06
 Reference value :  2.57221e-06
 Reference value :  2.57321e-06
 Reference value :  2.57411e-06
 Reference value :  2.57455e-06
 Reference value :  2.57517e-06
 Reference value :  2.57550e-06
 Reference value :  2.57563e-06
 Reference value :  2.57608e-06
 Reference value :  2.57682e-06
 Reference value :  2.57770e-06
 Reference value :  2.57870e-06
 Reference value :  2.57970e-06
 Reference value :  2.58070e-06
 Reference value :  2.58127e-06
 Reference value :  2.58164e-06
 Reference value :  2.58214e-06
 Reference value :  2.58314e-06
 Reference value :  2.58414e-06
 Reference value :  2.58564e-06
 Reference value :  2.58664e-06
 Reference value :  2.58814e-06
 Reference value :  2.58914e-06
 Reference value :  2.59014e-06
 Reference value :  2.59164e-06
 Reference value :  2.59264e-06
 Reference value :  2.59364e-06
 Reference value :  2.59514e-06
 Reference value :  2.59664e-06
 Reference value :  2.59764e-06
 Reference value :  2.59864e-06
 Reference value :  2.59964e-06
 Reference value :  2.60064e-06
 Reference value :  2.60214e-06
 Reference value :  2.60364e-06
 Reference value :  2.60514e-06
 Reference value :  2.60614e-06
 Reference value :  2.60714e-06
 Reference value :  2.60864e-06
 Reference value :  2.60964e-06
 Reference value :  2.61064e-06
 Reference value :  2.61214e-06
 Reference value :  2.61364e-06
 Reference value :  2.61464e-06
 Reference value :  2.61564e-06
 Reference value :  2.61622e-06
 Reference value :  2.61652e-06
 Reference value :  2.61656e-06
 Reference value :  2.61680e-06
 Reference value :  2.61698e-06
 Reference value :  2.61717e-06
 Reference value :  2.61724e-06
 Reference value :  2.61744e-06
 Reference value :  2.61778e-06
 Reference value :  2.61788e-06
 Reference value :  2.61811e-06
 Reference value :  2.61856e-06
 Reference value :  2.61956e-06
 Reference value :  2.62056e-06
 Reference value :  2.62156e-06
 Reference value :  2.62256e-06
 Reference value :  2.62406e-06
 Reference value :  2.62556e-06
 Reference value :  2.62656e-06
 Reference value :  2.62756e-06
 Reference value :  2.62906e-06
 Reference value :  2.63056e-06
 Reference value :  2.63156e-06
 Reference value :  2.63306e-06
 Reference value :  2.63406e-06
 Reference value :  2.63506e-06
 Reference value :  2.63606e-06
 Reference value :  2.63756e-06
 Reference value :  2.63906e-06
 Reference value :  2.64056e-06
 Reference value :  2.64156e-06
 Reference value :  2.64256e-06
 Reference value :  2.64356e-06
 Reference value :  2.64456e-06
 Reference value :  2.64556e-06
 Reference value :  2.64656e-06
 Reference value :  2.64756e-06
 Reference value :  2.64856e-06
 Reference value :  2.64956e-06
 Reference value :  2.65106e-06
 Reference value :  2.65256e-06
 Reference value :  2.65356e-06
 Reference value :  2.65506e-06
 Reference value :  2.65656e-06
 Reference value :  2.65744e-06
 Reference value :  2.65788e-06
 Reference value :  2.65851e-06
 Reference value :  2.65883e-06
 Reference value :  2.65896e-06
 Reference value :  2.65942e-06
 Reference value :  2.66016e-06
 Reference value :  2.66104e-06
 Reference value :  2.66204e-06
 Reference value :  2.66304e-06
 Reference value :  2.66404e-06
 Reference value :  2.66504e-06
 Reference value :  2.66554e-06
 Reference value :  2.66654e-06
 Reference value :  2.66754e-06
 Reference value :  2.66854e-06
 Reference value :  2.67004e-06
 Reference value :  2.67154e-06
 Reference value :  2.67304e-06
 Reference value :  2.67454e-06
 Reference value :  2.67554e-06
 Reference value :  2.67704e-06
 Reference value :  2.67854e-06
 Reference value :  2.67954e-06
 Reference value :  2.68054e-06
 Reference value :  2.68154e-06
 Reference value :  2.68304e-06
 Reference value :  2.68454e-06
 Reference value :  2.68604e-06
 Reference value :  2.68754e-06
 Reference value :  2.68904e-06
 Reference value :  2.69054e-06
 Reference value :  2.69154e-06
 Reference value :  2.69254e-06
 Reference value :  2.69404e-06
 Reference value :  2.69504e-06
 Reference value :  2.69654e-06
 Reference value :  2.69804e-06
 Reference value :  2.69950e-06
 Reference value :  2.69985e-06
 Reference value :  2.69989e-06
 Reference value :  2.70013e-06
 Reference value :  2.70032e-06
 Reference value :  2.70050e-06
 Reference value :  2.70057e-06
 Reference value :  2.70078e-06
 Reference value :  2.70109e-06
 Reference value :  2.70119e-06
 Reference value :  2.70140e-06
 Reference value :  2.70178e-06
 Reference value :  2.70278e-06
 Reference value :  2.70378e-06
 Reference value :  2.70478e-06
 Reference value :  2.70578e-06
 Reference value :  2.70678e-06
 Reference value :  2.70778e-06
 Reference value :  2.70878e-06
 Reference value :  2.70978e-06
 Reference value :  2.71128e-06
 Reference value :  2.71278e-06
 Reference value :  2.71428e-06
 Reference value :  2.71528e-06
 Reference value :  2.71628e-06
 Reference value :  2.71778e-06
 Reference value :  2.71878e-06
 Reference value :  2.71978e-06
 Reference value :  2.72128e-06
 Reference value :  2.72228e-06
 Reference value :  2.72328e-06
 Reference value :  2.72428e-06
 Reference value :  2.72528e-06
 Reference value :  2.72628e-06
 Reference value :  2.72728e-06
 Reference value :  2.72828e-06
 Reference value :  2.72928e-06
 Reference value :  2.73078e-06
 Reference value :  2.73228e-06
 Reference value :  2.73378e-06
 Reference value :  2.73528e-06
 Reference value :  2.73628e-06
 Reference value :  2.73778e-06
 Reference value :  2.73878e-06
 Reference value :  2.73978e-06
 Reference value :  2.74073e-06
 Reference value :  2.74122e-06
 Reference value :  2.74184e-06
 Reference value :  2.74217e-06
 Reference value :  2.74230e-06
 Reference value :  2.74275e-06
 Reference value :  2.74345e-06
 Reference value :  2.74434e-06
 Reference value :  2.74534e-06
 Reference value :  2.74684e-06
 Reference value :  2.74784e-06
 Reference value :  2.74884e-06
 Reference value :  2.74984e-06
 Reference value :  2.75084e-06
 Reference value :  2.75184e-06
 Reference value :  2.75284e-06
 Reference value :  2.75384e-06
 Reference value :  2.75484e-06
 Reference value :  2.75634e-06
 Reference value :  2.75784e-06
 Reference value :  2.75884e-06
 Reference value :  2.75984e-06
 Reference value :  2.76134e-06
 Reference value :  2.76234e-06
 Reference value :  2.76384e-06
 Reference value :  2.76484e-06
 Reference value :  2.76584e-06
 Reference value :  2.76734e-06
 Reference value :  2.76884e-06
 Reference value :  2.76984e-06
 Reference value :  2.77084e-06
 Reference value :  2.77184e-06
 Reference value :  2.77284e-06
 Reference value :  2.77434e-06
 Reference value :  2.77534e-06
 Reference value :  2.77634e-06
 Reference value :  2.77734e-06
 Reference value :  2.77884e-06
 Reference value :  2.78034e-06
 Reference value :  2.78134e-06
 Reference value :  2.78234e-06
 Reference value :  2.78298e-06
 Reference value :  2.78322e-06
 Reference value :  2.78347e-06
 Reference value :  2.78365e-06
 Reference value :  2.78383e-06
 Reference value :  2.78390e-06
 Reference value :  2.78398e-06
 Reference value :  2.78418e-06
 Reference value :  2.78444e-06
 Reference value :  2.78453e-06
 Reference value :  2.78474e-06
 Reference value :  2.78515e-06
 Reference value :  2.78665e-06
 Reference value :  2.78765e-06
 Reference value :  2.78865e-06
 Reference value :  2.78965e-06
 Reference value :  2.79115e-06
 Reference value :  2.79265e-06
 Reference value :  2.79365e-06
 Reference value :  2.79465e-06
 Reference value :  2.79615e-06
 Reference value :  2.79715e-06
 Reference value :  2.79815e-06
 Reference value :  2.79915e-06
 Reference value :  2.80065e-06
 Reference value :  2.80215e-06
 Reference value :  2.80365e-06
 Reference value :  2.80465e-06
 Reference value :  2.80565e-06
 Reference value :  2.80665e-06
 Reference value :  2.80765e-06
 Reference value :  2.80865e-06
 Reference value :  2.80965e-06
 Reference value :  2.81065e-06
 Reference value :  2.81165e-06
 Reference value :  2.81315e-06
 Reference value :  2.81415e-06
 Reference value :  2.81565e-06
 Reference value :  2.81665e-06
 Reference value :  2.81815e-06
 Reference value :  2.81965e-06
 Reference value :  2.82065e-06
 Reference value :  2.82165e-06
 Reference value :  2.82265e-06
 Reference value :  2.82365e-06
 Reference value :  2.82455e-06
 Reference value :  2.82485e-06
 Reference value :  2.82517e-06
 Reference value :  2.82554e-06
 Reference value :  2.82609e-06
 Reference value :  2.82678e-06
 Reference value :  2.82767e-06
 Reference value :  2.82867e-06
 Reference value :  2.82967e-06
 Reference value :  2.83067e-06
 Reference value :  2.83123e-06
 Reference value :  2.83161e-06
 Reference value :  2.83257e-06
 Reference value :  2.83407e-06
 Reference value :  2.83507e-06
 Reference value :  2.83657e-06
 Reference value :  2.83757e-06
 Reference value :  2.83907e-06
 Reference value :  2.84057e-06
 Reference value :  2.84207e-06
 Reference value :  2.84357e-06
 Reference value :  2.84557e-06
 Reference value :  2.84757e-06
 Reference value :  2.84907e-06
 Reference value :  2.85057e-06
 Reference value :  2.85207e-06
 Reference value :  2.85357e-06
 Reference value :  2.85507e-06
 Reference value :  2.85657e-06
 Reference value :  2.85807e-06
 Reference value :  2.85957e-06
 Reference value :  2.86107e-06
 Reference value :  2.86257e-06
 Reference value :  2.86407e-06
 Reference value :  2.86557e-06
 Reference value :  2.86622e-06
 Reference value :  2.86656e-06
 Reference value :  2.86680e-06
 Reference value :  2.86698e-06
 Reference value :  2.86717e-06
 Reference value :  2.86722e-06
 Reference value :  2.86731e-06
 Reference value :  2.86744e-06
 Reference value :  2.86773e-06
 Reference value :  2.86785e-06
 Reference value :  2.86822e-06
 Reference value :  2.86948e-06
 Reference value :  2.87098e-06
 Reference value :  2.87198e-06
 Reference value :  2.87348e-06
 Reference value :  2.87498e-06
 Reference value :  2.87648e-06
 Reference value :  2.87748e-06
 Reference value :  2.87848e-06
 Reference value :  2.87948e-06
 Reference value :  2.88048e-06
 Reference value :  2.88198e-06
 Reference value :  2.88348e-06
 Reference value :  2.88448e-06
 Reference value :  2.88548e-06
 Reference value :  2.88698e-06
 Reference value :  2.88798e-06
 Reference value :  2.88898e-06
 Reference value :  2.89048e-06
 Reference value :  2.89198e-06
 Reference value :  2.89348e-06
 Reference value :  2.89448e-06
 Reference value :  2.89548e-06
 Reference value :  2.89698e-06
 Reference value :  2.89848e-06
 Reference value :  2.89948e-06
 Reference value :  2.90098e-06
 Reference value :  2.90248e-06
 Reference value :  2.90398e-06
 Reference value :  2.90548e-06
 Reference value :  2.90698e-06
 Reference value :  2.90788e-06
 Reference value :  2.90851e-06
 Reference value :  2.90883e-06
 Reference value :  2.90896e-06
 Reference value :  2.90942e-06
 Reference value :  2.91012e-06
 Reference value :  2.91100e-06
 Reference value :  2.91250e-06
 Reference value :  2.91350e-06
 Reference value :  2.91450e-06
 Reference value :  2.91500e-06
 Reference value :  2.91600e-06
 Reference value :  2.91700e-06
 Reference value :  2.91800e-06
 Reference value :  2.91900e-06
 Reference value :  2.92050e-06
 Reference value :  2.92200e-06
 Reference value :  2.92300e-06
 Reference value :  2.92400e-06
 Reference value :  2.92550e-06
 Reference value :  2.92700e-06
 Reference value :  2.92800e-06
 Reference value :  2.92950e-06
 Reference value :  2.93100e-06
 Reference value :  2.93250e-06
 Reference value :  2.93400e-06
 Reference value :  2.93550e-06
 Reference value :  2.93700e-06
 Reference value :  2.93850e-06
 Reference value :  2.94000e-06
 Reference value :  2.94150e-06
 Reference value :  2.94300e-06
 Reference value :  2.94450e-06
 Reference value :  2.94600e-06
 Reference value :  2.94750e-06
 Reference value :  2.94900e-06
 Reference value :  2.94965e-06
 Reference value :  2.95004e-06
 Reference value :  2.95025e-06
 Reference value :  2.95037e-06
 Reference value :  2.95051e-06
 Reference value :  2.95058e-06
 Reference value :  2.95067e-06
 Reference value :  2.95100e-06
 Reference value :  2.95111e-06
 Reference value :  2.95127e-06
 Reference value :  2.95176e-06
 Reference value :  2.95321e-06
 Reference value :  2.95471e-06
 Reference value :  2.95621e-06
 Reference value :  2.95771e-06
 Reference value :  2.95921e-06
 Reference value :  2.96071e-06
 Reference value :  2.96171e-06
 Reference value :  2.96271e-06
 Reference value :  2.96421e-06
 Reference value :  2.96521e-06
 Reference value :  2.96671e-06
 Reference value :  2.96771e-06
 Reference value :  2.96871e-06
 Reference value :  2.97021e-06
 Reference value :  2.97171e-06
 Reference value :  2.97271e-06
 Reference value :  2.97371e-06
 Reference value :  2.97521e-06
 Reference value :  2.97621e-06
 Reference value :  2.97721e-06
 Reference value :  2.97821e-06
 Reference value :  2.97971e-06
 Reference value :  2.98071e-06
 Reference value :  2.98221e-06
 Reference value :  2.98321e-06
 Reference value :  2.98421e-06
 Reference value :  2.98571e-06
 Reference value :  2.98721e-06
 Reference value :  2.98821e-06
 Reference value :  2.98971e-06
 Reference value :  2.99117e-06
 Reference value :  2.99132e-06
 Reference value :  2.99184e-06
 Reference value :  2.99221e-06
 Reference value :  2.99247e-06
 Reference value :  2.99275e-06
 Reference value :  2.99345e-06
 Reference value :  2.99434e-06
 Reference value :  2.99534e-06
 Reference value :  2.99684e-06
 Reference value :  2.99834e-06
 Reference value :  2.99934e-06
 Reference value :  3.00034e-06
 Reference value :  3.00134e-06
 Reference value :  3.00234e-06
 Reference value :  3.00384e-06
 Reference value :  3.00534e-06
 Reference value :  3.00634e-06
 Reference value :  3.00734e-06
 Reference value :  3.00884e-06
 Reference value :  3.01034e-06
 Reference value :  3.01184e-06
 Reference value :  3.01284e-06
 Reference value :  3.01384e-06
 Reference value :  3.01484e-06
 Reference value :  3.01634e-06
 Reference value :  3.01784e-06
 Reference value :  3.01934e-06
 Reference value :  3.02084e-06
 Reference value :  3.02234e-06
 Reference value :  3.02334e-06
 Reference value :  3.02484e-06
 Reference value :  3.02634e-06
 Reference value :  3.02784e-06
 Reference value :  3.02934e-06
 Reference value :  3.03084e-06
 Reference value :  3.03234e-06
 Reference value :  3.03298e-06
 Reference value :  3.03322e-06
 Reference value :  3.03347e-06
 Reference value :  3.03383e-06
 Reference value :  3.03399e-06
 Reference value :  3.03416e-06
 Reference value :  3.03429e-06
 Reference value :  3.03443e-06
 Reference value :  3.03452e-06
 Reference value :  3.03487e-06
 Reference value :  3.03612e-06
 Reference value :  3.03762e-06
 Reference value :  3.03912e-06
 Reference value :  3.04062e-06
 Reference value :  3.04212e-06
 Reference value :  3.04362e-06
 Reference value :  3.04512e-06
 Reference value :  3.04612e-06
 Reference value :  3.04712e-06
 Reference value :  3.04862e-06
 Reference value :  3.05012e-06
 Reference value :  3.05162e-06
 Reference value :  3.05362e-06
 Reference value :  3.05562e-06
 Reference value :  3.05712e-06
 Reference value :  3.05862e-06
 Reference value :  3.06062e-06
 Reference value :  3.06262e-06
 Reference value :  3.06412e-06
 Reference value :  3.06562e-06
 Reference value :  3.06712e-06
 Reference value :  3.06812e-06
 Reference value :  3.06912e-06
 Reference value :  3.07012e-06
 Reference value :  3.07112e-06
 Reference value :  3.07212e-06
 Reference value :  3.07312e-06
 Reference value :  3.07450e-06
 Reference value :  3.07517e-06
 Reference value :  3.07555e-06
 Reference value :  3.07611e-06
 Reference value :  3.07720e-06
 Reference value :  3.07820e-06
 Reference value :  3.07970e-06
 Reference value :  3.08070e-06
 Reference value :  3.08170e-06
 Reference value :  3.08270e-06
 Reference value :  3.08420e-06
 Reference value :  3.08620e-06
 Reference value :  3.08820e-06
 Reference value :  3.09020e-06
 Reference value :  3.09220e-06
 Reference value :  3.09370e-06
 Reference value :  3.09520e-06
 Reference value :  3.09670e-06
 Reference value :  3.09820e-06
 Reference value :  3.09970e-06
 Reference value :  3.10120e-06
 Reference value :  3.10270e-06
 Reference value :  3.10420e-06
 Reference value :  3.10570e-06
 Reference value :  3.10720e-06
 Reference value :  3.10870e-06
 Reference value :  3.11020e-06
 Reference value :  3.11170e-06
 Reference value :  3.11320e-06
 Reference value :  3.11470e-06
 Reference value :  3.11617e-06
 Reference value :  3.11632e-06
 Reference value :  3.11656e-06
 Reference value :  3.11680e-06
 Reference value :  3.11682e-06
 Reference value :  3.11696e-06
 Reference value :  3.11711e-06
 Reference value :  3.11718e-06
 Reference value :  3.11724e-06
 Reference value :  3.11732e-06
 Reference value :  3.11751e-06
 Reference value :  3.11760e-06
 Reference value :  3.11779e-06
 Reference value :  3.11788e-06
 Reference value :  3.11808e-06
 Reference value :  3.11887e-06
 Reference value :  3.12037e-06
 Reference value :  3.12187e-06
 Reference value :  3.12337e-06
 Reference value :  3.12487e-06
 Reference value :  3.12637e-06
 Reference value :  3.12787e-06
 Reference value :  3.12937e-06
 Reference value :  3.13087e-06
 Reference value :  3.13237e-06
 Reference value :  3.13387e-06
 Reference value :  3.13537e-06
 Reference value :  3.13687e-06
 Reference value :  3.13787e-06
 Reference value :  3.13937e-06
 Reference value :  3.14087e-06
 Reference value :  3.14187e-06
 Reference value :  3.14337e-06
 Reference value :  3.14487e-06
 Reference value :  3.14637e-06
 Reference value :  3.14737e-06
 Reference value :  3.14837e-06
 Reference value :  3.14987e-06
 Reference value :  3.15137e-06
 Reference value :  3.15287e-06
 Reference value :  3.15437e-06
 Reference value :  3.15587e-06
 Reference value :  3.15737e-06
 Reference value :  3.15798e-06
 Reference value :  3.15851e-06
 Reference value :  3.15888e-06
 Reference value :  3.15942e-06
 Reference value :  3.16007e-06
 Reference value :  3.16040e-06
 Reference value :  3.16106e-06
 Reference value :  3.16153e-06
 Reference value :  3.16182e-06
 Reference value :  3.16249e-06
 Reference value :  3.16343e-06
 Reference value :  3.16443e-06
 Reference value :  3.16593e-06
 Reference value :  3.16743e-06
 Reference value :  3.16893e-06
 Reference value :  3.16993e-06
 Reference value :  3.17093e-06
 Reference value :  3.17243e-06
 Reference value :  3.17343e-06
 Reference value :  3.17443e-06
 Reference value :  3.17593e-06
 Reference value :  3.17743e-06
 Reference value :  3.17843e-06
 Reference value :  3.17943e-06
 Reference value :  3.18043e-06
 Reference value :  3.18143e-06
 Reference value :  3.18243e-06
 Reference value :  3.18343e-06
 Reference value :  3.18443e-06
 Reference value :  3.18543e-06
 Reference value :  3.18643e-06
 Reference value :  3.18793e-06
 Reference value :  3.18893e-06
 Reference value :  3.19043e-06
 Reference value :  3.19193e-06
 Reference value :  3.19293e-06
 Reference value :  3.19393e-06
 Reference value :  3.19543e-06
 Reference value :  3.19643e-06
 Reference value :  3.19743e-06
 Reference value :  3.19843e-06
 Reference value :  3.19950e-06
 Reference value :  3.19965e-06
 Reference value :  3.20009e-06
 Reference value :  3.20029e-06
 Reference value :  3.20050e-06
 Reference value :  3.20053e-06
 Reference value :  3.20059e-06
 Reference value :  3.20068e-06
 Reference value :  3.20091e-06
 Reference value :  3.20102e-06
 Reference value :  3.20125e-06
 Reference value :  3.20135e-06
 Reference value :  3.20165e-06
 Reference value :  3.20247e-06
 Reference value :  3.20347e-06
 Reference value :  3.20497e-06
 Reference value :  3.20647e-06
 Reference value :  3.20797e-06
 Reference value :  3.20897e-06
 Reference value :  3.20997e-06
 Reference value :  3.21147e-06
 Reference value :  3.21247e-06
 Reference value :  3.21347e-06
 Reference value :  3.21447e-06
 Reference value :  3.21547e-06
 Reference value :  3.21697e-06
 Reference value :  3.21797e-06
 Reference value :  3.21897e-06
 Reference value :  3.21997e-06
 Reference value :  3.22147e-06
 Reference value :  3.22297e-06
 Reference value :  3.22397e-06
 Reference value :  3.22547e-06
 Reference value :  3.22697e-06
 Reference value :  3.22847e-06
 Reference value :  3.22997e-06
 Reference value :  3.23097e-06
 Reference value :  3.23197e-06
 Reference value :  3.23297e-06
 Reference value :  3.23447e-06
 Reference value :  3.23597e-06
 Reference value :  3.23697e-06
 Reference value :  3.23797e-06
 Reference value :  3.23947e-06
 Reference value :  3.24082e-06
 Reference value :  3.24122e-06
 Reference value :  3.24152e-06
 Reference value :  3.24184e-06
 Reference value :  3.24217e-06
 Reference value :  3.24230e-06
 Reference value :  3.24276e-06
 Reference value :  3.24343e-06
 Reference value :  3.24377e-06
 Reference value :  3.24456e-06
 Reference value :  3.24506e-06
 Reference value :  3.24556e-06
 Reference value :  3.24599e-06
 Reference value :  3.24683e-06
 Reference value :  3.24783e-06
 Reference value :  3.24883e-06
 Reference value :  3.25033e-06
 Reference value :  3.25183e-06
 Reference value :  3.25333e-06
 Reference value :  3.25483e-06
 Reference value :  3.25633e-06
 Reference value :  3.25783e-06
 Reference value :  3.25933e-06
 Reference value :  3.26083e-06
 Reference value :  3.26233e-06
 Reference value :  3.26383e-06
 Reference value :  3.26533e-06
 Reference value :  3.26683e-06
 Reference value :  3.26833e-06
 Reference value :  3.26933e-06
 Reference value :  3.27033e-06
 Reference value :  3.27183e-06
 Reference value :  3.27283e-06
 Reference value :  3.27383e-06
 Reference value :  3.27483e-06
 Reference value :  3.27583e-06
 Reference value :  3.27733e-06
 Reference value :  3.27883e-06
 Reference value :  3.28033e-06
 Reference value :  3.28183e-06
 Reference value :  3.28283e-06
 Reference value :  3.28298e-06
 Reference value :  3.28344e-06
 Reference value :  3.28364e-06
 Reference value :  3.28386e-06
 Reference value :  3.28402e-06
 Reference value :  3.28423e-06
 Reference value :  3.28434e-06
 Reference value :  3.28445e-06
 Reference value :  3.28456e-06
 Reference value :  3.28466e-06
 Reference value :  3.28495e-06
 Reference value :  3.28557e-06
 Reference value :  3.28657e-06
 Reference value :  3.28757e-06
 Reference value :  3.28857e-06
 Reference value :  3.29007e-06
 Reference value :  3.29157e-06
 Reference value :  3.29307e-06
 Reference value :  3.29407e-06
 Reference value :  3.29507e-06
 Reference value :  3.29607e-06
 Reference value :  3.29707e-06
 Reference value :  3.29807e-06
 Reference value :  3.29907e-06
 Reference value :  3.30007e-06
 Reference value :  3.30107e-06
 Reference value :  3.30207e-06
 Reference value :  3.30307e-06
 Reference value :  3.30407e-06
 Reference value :  3.30507e-06
 Reference value :  3.30607e-06
 Reference value :  3.30707e-06
 Reference value :  3.30807e-06
 Reference value :  3.30907e-06
 Reference value :  3.31007e-06
 Reference value :  3.31157e-06
 Reference value :  3.31257e-06
 Reference value :  3.31407e-06
 Reference value :  3.31557e-06
 Reference value :  3.31707e-06
 Reference value :  3.31857e-06
 Reference value :  3.32007e-06
 Reference value :  3.32157e-06
 Reference value :  3.32307e-06
 Reference value :  3.32403e-06
 Reference value :  3.32455e-06
 Reference value :  3.32485e-06
 Reference value :  3.32517e-06
 Reference value :  3.32554e-06
 Reference value :  3.32580e-06
 Reference value :  3.32608e-06
 Reference value :  3.32671e-06
 Reference value :  3.32739e-06
 Reference value :  3.32776e-06
 Reference value :  3.32826e-06
 Reference value :  3.32876e-06
 Reference value :  3.32926e-06
 Reference value :  3.33026e-06
 Reference value :  3.33126e-06
 Reference value :  3.33226e-06
 Reference value :  3.33326e-06
 Reference value :  3.33426e-06
 Reference value :  3.33576e-06
 Reference value :  3.33726e-06
 Reference value :  3.33876e-06
 Reference value :  3.34026e-06
 Reference value :  3.34176e-06
 Reference value :  3.34376e-06
 Reference value :  3.34526e-06
 Reference value :  3.34676e-06
 Reference value :  3.34776e-06
 Reference value :  3.34876e-06
 Reference value :  3.34976e-06
 Reference value :  3.35126e-06
 Reference value :  3.35276e-06
 Reference value :  3.35426e-06
 Reference value :  3.35576e-06
 Reference value :  3.35726e-06
 Reference value :  3.35826e-06
 Reference value :  3.35926e-06
 Reference value :  3.36076e-06
 Reference value :  3.36226e-06
 Reference value :  3.36376e-06
 Reference value :  3.36526e-06
 Reference value :  3.36622e-06
 Reference value :  3.36656e-06
 Reference value :  3.36680e-06
 Reference value :  3.36698e-06
 Reference value :  3.36717e-06
 Reference value :  3.36724e-06
 Reference value :  3.36744e-06
 Reference value :  3.36779e-06
 Reference value :  3.36789e-06
 Reference value :  3.36800e-06
 Reference value :  3.36827e-06
 Reference value :  3.36865e-06
 Reference value :  3.36933e-06
 Reference value :  3.37033e-06
 Reference value :  3.37133e-06
 Reference value :  3.37233e-06
 Reference value :  3.37333e-06
 Reference value :  3.37433e-06
 Reference value :  3.37583e-06
 Reference value :  3.37733e-06
 Reference value :  3.37883e-06
 Reference value :  3.38033e-06
 Reference value :  3.38183e-06
 Reference value :  3.38283e-06
 Reference value :  3.38433e-06
 Reference value :  3.38583e-06
 Reference value :  3.38733e-06
 Reference value :  3.38833e-06
 Reference value :  3.38983e-06
 Reference value :  3.39133e-06
 Reference value :  3.39283e-06
 Reference value :  3.39433e-06
 Reference value :  3.39583e-06
 Reference value :  3.39683e-06
 Reference value :  3.39833e-06
 Reference value :  3.39983e-06
 Reference value :  3.40133e-06
 Reference value :  3.40283e-06
 Reference value :  3.40433e-06
 Reference value :  3.40583e-06
 Reference value :  3.40733e-06
 Reference value :  3.40798e-06
 Reference value :  3.40851e-06
 Reference value :  3.40883e-06
 Reference value :  3.40896e-06
 Reference value :  3.40941e-06
 Reference value :  3.41005e-06
 Reference value :  3.41073e-06
 Reference value :  3.41159e-06
 Reference value :  3.41259e-06
 Reference value :  3.41359e-06
 Reference value :  3.41509e-06
 Reference value :  3.41659e-06
 Reference value :  3.41809e-06
 Reference value :  3.42009e-06
 Reference value :  3.42159e-06
 Reference value :  3.42359e-06
 Reference value :  3.42559e-06
 Reference value :  3.42759e-06
 Reference value :  3.42909e-06
 Reference value :  3.43109e-06
 Reference value :  3.43309e-06
 Reference value :  3.43509e-06
 Reference value :  3.43709e-06
 Reference value :  3.43859e-06
 Reference value :  3.44059e-06
 Reference value :  3.44209e-06
 Reference value :  3.44409e-06
 Reference value :  3.44559e-06
 Reference value :  3.44709e-06
 Reference value :  3.44859e-06
 Reference value :  3.44955e-06
 Reference value :  3.44985e-06
 Reference value :  3.44989e-06
 Reference value :  3.45013e-06
 Reference value :  3.45032e-06
 Reference value :  3.45050e-06
 Reference value :  3.45057e-06
 Reference value :  3.45077e-06
 Reference value :  3.45111e-06
 Reference value :  3.45123e-06
 Reference value :  3.45133e-06
 Reference value :  3.45146e-06
 Reference value :  3.45181e-06
 Reference value :  3.45235e-06
 Reference value :  3.45327e-06
 Reference value :  3.45427e-06
 Reference value :  3.45527e-06
 Reference value :  3.45627e-06
 Reference value :  3.45727e-06
 Reference value :  3.45827e-06
 Reference value :  3.45977e-06
 Reference value :  3.46127e-06
 Reference value :  3.46277e-06
 Reference value :  3.46427e-06
 Reference value :  3.46577e-06
 Reference value :  3.46727e-06
 Reference value :  3.46877e-06
 Reference value :  3.46977e-06
 Reference value :  3.47127e-06
 Reference value :  3.47277e-06
 Reference value :  3.47427e-06
 Reference value :  3.47577e-06
 Reference value :  3.47727e-06
 Reference value :  3.47877e-06
 Reference value :  3.48027e-06
 Reference value :  3.48177e-06
 Reference value :  3.48327e-06
 Reference value :  3.48477e-06
 Reference value :  3.48627e-06
 Reference value :  3.48777e-06
 Reference value :  3.48927e-06
 Reference value :  3.49072e-06
 Reference value :  3.49122e-06
 Reference value :  3.49184e-06
 Reference value :  3.49217e-06
 Reference value :  3.49230e-06
 Reference value :  3.49275e-06
 Reference value :  3.49339e-06
 Reference value :  3.49408e-06
 Reference value :  3.49445e-06
 Reference value :  3.49495e-06
 Reference value :  3.49545e-06
 Reference value :  3.49645e-06
 Reference value :  3.49745e-06
 Reference value :  3.49845e-06
 Reference value :  3.49945e-06
 Reference value :  3.50045e-06
 Reference value :  3.50195e-06
 Reference value :  3.50345e-06
 Reference value :  3.50495e-06
 Reference value :  3.50595e-06
 Reference value :  3.50695e-06
 Reference value :  3.50845e-06
 Reference value :  3.50945e-06
 Reference value :  3.51095e-06
 Reference value :  3.51245e-06
 Reference value :  3.51395e-06
 Reference value :  3.51545e-06
 Reference value :  3.51695e-06
 Reference value :  3.51845e-06
 Reference value :  3.51995e-06
 Reference value :  3.52145e-06
 Reference value :  3.52295e-06
 Reference value :  3.52445e-06
 Reference value :  3.52645e-06
 Reference value :  3.52795e-06
 Reference value :  3.52945e-06
 Reference value :  3.53145e-06
 Reference value :  3.53283e-06
 Reference value :  3.53322e-06
 Reference value :  3.53347e-06
 Reference value :  3.53365e-06
 Reference value :  3.53383e-06
 Reference value :  3.53390e-06
 Reference value :  3.53410e-06
 Reference value :  3.53445e-06
 Reference value :  3.53455e-06
 Reference value :  3.53465e-06
 Reference value :  3.53491e-06
 Reference value :  3.53511e-06
 Reference value :  3.53558e-06
 Reference value :  3.53644e-06
 Reference value :  3.53744e-06
 Reference value :  3.53844e-06
 Reference value :  3.53944e-06
 Reference value :  3.54094e-06
 Reference value :  3.54244e-06
 Reference value :  3.54394e-06
 Reference value :  3.54494e-06
 Reference value :  3.54644e-06
 Reference value :  3.54794e-06
 Reference value :  3.54894e-06
 Reference value :  3.55044e-06
 Reference value :  3.55194e-06
 Reference value :  3.55344e-06
 Reference value :  3.55494e-06
 Reference value :  3.55644e-06
 Reference value :  3.55794e-06
 Reference value :  3.55944e-06
 Reference value :  3.56094e-06
 Reference value :  3.56244e-06
 Reference value :  3.56394e-06
 Reference value :  3.56544e-06
 Reference value :  3.56644e-06
 Reference value :  3.56744e-06
 Reference value :  3.56894e-06
 Reference value :  3.57044e-06
 Reference value :  3.57194e-06
 Reference value :  3.57344e-06
 Reference value :  3.57450e-06
 Reference value :  3.57465e-06
 Reference value :  3.57517e-06
 Reference value :  3.57563e-06
 Reference value :  3.57609e-06
 Reference value :  3.57673e-06
 Reference value :  3.57744e-06
 Reference value :  3.57830e-06
 Reference value :  3.57880e-06
 Reference value :  3.57980e-06
 Reference value :  3.58080e-06
 Reference value :  3.58180e-06
 Reference value :  3.58280e-06
 Reference value :  3.58380e-06
 Reference value :  3.58480e-06
 Reference value :  3.58630e-06
 Reference value :  3.58730e-06
 Reference value :  3.58880e-06
 Reference value :  3.58980e-06
 Reference value :  3.59080e-06
 Reference value :  3.59180e-06
 Reference value :  3.59280e-06
 Reference value :  3.59380e-06
 Reference value :  3.59530e-06
 Reference value :  3.59680e-06
 Reference value :  3.59830e-06
 Reference value :  3.59980e-06
 Reference value :  3.60130e-06
 Reference value :  3.60280e-06
 Reference value :  3.60480e-06
 Reference value :  3.60630e-06
 Reference value :  3.60780e-06
 Reference value :  3.60930e-06
 Reference value :  3.61080e-06
 Reference value :  3.61180e-06
 Reference value :  3.61330e-06
 Reference value :  3.61430e-06
 Reference value :  3.61530e-06
 Reference value :  3.61617e-06
 Reference value :  3.61652e-06
 Reference value :  3.61656e-06
 Reference value :  3.61680e-06
 Reference value :  3.61698e-06
 Reference value :  3.61717e-06
 Reference value :  3.61733e-06
 Reference value :  3.61778e-06
 Reference value :  3.61788e-06
 Reference value :  3.61798e-06
 Reference value :  3.61824e-06
 Reference value :  3.61844e-06
 Reference value :  3.61891e-06
 Reference value :  3.61977e-06
 Reference value :  3.62077e-06
 Reference value :  3.62227e-06
 Reference value :  3.62377e-06
 Reference value :  3.62477e-06
 Reference value :  3.62677e-06
 Reference value :  3.62827e-06
 Reference value :  3.62977e-06
 Reference value :  3.63127e-06
 Reference value :  3.63327e-06
 Reference value :  3.63477e-06
 Reference value :  3.63677e-06
 Reference value :  3.63827e-06
 Reference value :  3.63977e-06
 Reference value :  3.64127e-06
 Reference value :  3.64327e-06
 Reference value :  3.64477e-06
 Reference value :  3.64677e-06
 Reference value :  3.64827e-06
 Reference value :  3.64977e-06
 Reference value :  3.65127e-06
 Reference value :  3.65277e-06
 Reference value :  3.65427e-06
 Reference value :  3.65527e-06
 Reference value :  3.65627e-06
 Reference value :  3.65755e-06
 Reference value :  3.65788e-06
 Reference value :  3.65818e-06
 Reference value :  3.65851e-06
 Reference value :  3.65883e-06
 Reference value :  3.65896e-06
 Reference value :  3.65942e-06
 Reference value :  3.66008e-06
 Reference value :  3.66042e-06
 Reference value :  3.66116e-06
 Reference value :  3.66155e-06
 Reference value :  3.66195e-06
 Reference value :  3.66293e-06
 Reference value :  3.66393e-06
 Reference value :  3.66493e-06
 Reference value :  3.66593e-06
 Reference value :  3.66693e-06
 Reference value :  3.66843e-06
 Reference value :  3.66993e-06
 Reference value :  3.67093e-06
 Reference value :  3.67193e-06
 Reference value :  3.67343e-06
 Reference value :  3.67443e-06
 Reference value :  3.67593e-06
 Reference value :  3.67743e-06
 Reference value :  3.67843e-06
 Reference value :  3.67993e-06
 Reference value :  3.68143e-06
 Reference value :  3.68243e-06
 Reference value :  3.68343e-06
 Reference value :  3.68493e-06
 Reference value :  3.68643e-06
 Reference value :  3.68743e-06
 Reference value :  3.68843e-06
 Reference value :  3.68943e-06
 Reference value :  3.69043e-06
 Reference value :  3.69143e-06
 Reference value :  3.69243e-06
 Reference value :  3.69343e-06
 Reference value :  3.69493e-06
 Reference value :  3.69643e-06
 Reference value :  3.69793e-06
 Reference value :  3.69921e-06
 Reference value :  3.69955e-06
 Reference value :  3.69989e-06
 Reference value :  3.70013e-06
 Reference value :  3.70032e-06
 Reference value :  3.70050e-06
 Reference value :  3.70057e-06
 Reference value :  3.70078e-06
 Reference value :  3.70110e-06
 Reference value :  3.70121e-06
 Reference value :  3.70131e-06
 Reference value :  3.70157e-06
 Reference value :  3.70176e-06
 Reference value :  3.70223e-06
 Reference value :  3.70309e-06
 Reference value :  3.70409e-06
 Reference value :  3.70509e-06
 Reference value :  3.70609e-06
 Reference value :  3.70709e-06
 Reference value :  3.70809e-06
 Reference value :  3.70909e-06
 Reference value :  3.71009e-06
 Reference value :  3.71159e-06
 Reference value :  3.71309e-06
 Reference value :  3.71459e-06
 Reference value :  3.71609e-06
 Reference value :  3.71759e-06
 Reference value :  3.71909e-06
 Reference value :  3.72059e-06
 Reference value :  3.72159e-06
 Reference value :  3.72309e-06
 Reference value :  3.72509e-06
 Reference value :  3.72709e-06
 Reference value :  3.72909e-06
 Reference value :  3.73109e-06
 Reference value :  3.73309e-06
 Reference value :  3.73459e-06
 Reference value :  3.73609e-06
 Reference value :  3.73759e-06
 Reference value :  3.73909e-06
 Reference value :  3.74059e-06
 Reference value :  3.74122e-06
 Reference value :  3.74152e-06
 Reference value :  3.74184e-06
 Reference value :  3.74217e-06
 Reference value :  3.74230e-06
 Reference value :  3.74275e-06
 Reference value :  3.74343e-06
 Reference value :  3.74376e-06
 Reference value :  3.74444e-06
 Reference value :  3.74479e-06
 Reference value :  3.74510e-06
 Reference value :  3.74599e-06
 Reference value :  3.74699e-06
 Reference value :  3.74799e-06
 Reference value :  3.74899e-06
 Reference value :  3.75049e-06
 Reference value :  3.75149e-06
 Reference value :  3.75249e-06
 Reference value :  3.75349e-06
 Reference value :  3.75449e-06
 Reference value :  3.75599e-06
 Reference value :  3.75749e-06
 Reference value :  3.75849e-06
 Reference value :  3.75949e-06
 Reference value :  3.76049e-06
 Reference value :  3.76149e-06
 Reference value :  3.76249e-06
 Reference value :  3.76399e-06
 Reference value :  3.76549e-06
 Reference value :  3.76699e-06
 Reference value :  3.76799e-06
 Reference value :  3.76899e-06
 Reference value :  3.76999e-06
 Reference value :  3.77099e-06
 Reference value :  3.77199e-06
 Reference value :  3.77299e-06
 Reference value :  3.77399e-06
 Reference value :  3.77549e-06
 Reference value :  3.77749e-06
 Reference value :  3.77899e-06
 Reference value :  3.77999e-06
 Reference value :  3.78099e-06
 Reference value :  3.78199e-06
 Reference value :  3.78288e-06
 Reference value :  3.78318e-06
 Reference value :  3.78322e-06
 Reference value :  3.78347e-06
 Reference value :  3.78365e-06
 Reference value :  3.78383e-06
 Reference value :  3.78390e-06
 Reference value :  3.78398e-06
 Reference value :  3.78418e-06
 Reference value :  3.78432e-06
 Reference value :  3.78455e-06
 Reference value :  3.78466e-06
 Reference value :  3.78478e-06
 Reference value :  3.78511e-06
 Reference value :  3.78562e-06
 Reference value :  3.78651e-06
 Reference value :  3.78751e-06
 Reference value :  3.78851e-06
 Reference value :  3.78951e-06
 Reference value :  3.79051e-06
 Reference value :  3.79151e-06
 Reference value :  3.79251e-06
 Reference value :  3.79351e-06
 Reference value :  3.79451e-06
 Reference value :  3.79551e-06
 Reference value :  3.79651e-06
 Reference value :  3.79751e-06
 Reference value :  3.79851e-06
 Reference value :  3.80001e-06
 Reference value :  3.80151e-06
 Reference value :  3.80251e-06
 Reference value :  3.80401e-06
 Reference value :  3.80551e-06
 Reference value :  3.80701e-06
 Reference value :  3.80851e-06
 Reference value :  3.80951e-06
 Reference value :  3.81101e-06
 Reference value :  3.81201e-06
 Reference value :  3.81301e-06
 Reference value :  3.81401e-06
 Reference value :  3.81501e-06
 Reference value :  3.81651e-06
 Reference value :  3.81801e-06
 Reference value :  3.81901e-06
 Reference value :  3.82001e-06
 Reference value :  3.82101e-06
 Reference value :  3.82251e-06
 Reference value :  3.82401e-06
 Reference value :  3.82455e-06
 Reference value :  3.82485e-06
 Reference value :  3.82517e-06
 Reference value :  3.82550e-06
 Reference value :  3.82563e-06
 Reference value :  3.82609e-06
 Reference value :  3.82676e-06
 Reference value :  3.82710e-06
 Reference value :  3.82776e-06
 Reference value :  3.82811e-06
 Reference value :  3.82847e-06
 Reference value :  3.82931e-06
 Reference value :  3.83031e-06
 Reference value :  3.83131e-06
 Reference value :  3.83231e-06
 Reference value :  3.83331e-06
 Reference value :  3.83431e-06
 Reference value :  3.83531e-06
 Reference value :  3.83681e-06
 Reference value :  3.83831e-06
 Reference value :  3.83981e-06
 Reference value :  3.84131e-06
 Reference value :  3.84281e-06
 Reference value :  3.84431e-06
 Reference value :  3.84581e-06
 Reference value :  3.84681e-06
 Reference value :  3.84781e-06
 Reference value :  3.84881e-06
 Reference value :  3.84981e-06
 Reference value :  3.85131e-06
 Reference value :  3.85231e-06
 Reference value :  3.85331e-06
 Reference value :  3.85481e-06
 Reference value :  3.85581e-06
 Reference value :  3.85681e-06
 Reference value :  3.85781e-06
 Reference value :  3.85931e-06
 Reference value :  3.86031e-06
 Reference value :  3.86131e-06
 Reference value :  3.86231e-06
 Reference value :  3.86331e-06
 Reference value :  3.86431e-06
 Reference value :  3.86531e-06
 Reference value :  3.86617e-06
 Reference value :  3.86632e-06
 Reference value :  3.86656e-06
 Reference value :  3.86680e-06
 Reference value :  3.86698e-06
 Reference value :  3.86717e-06
 Reference value :  3.86718e-06
 Reference value :  3.86726e-06
 Reference value :  3.86737e-06
 Reference value :  3.86771e-06
 Reference value :  3.86782e-06
 Reference value :  3.86794e-06
 Reference value :  3.86805e-06
 Reference value :  3.86834e-06
 Reference value :  3.86876e-06
 Reference value :  3.86967e-06
 Reference value :  3.87067e-06
 Reference value :  3.87167e-06
 Reference value :  3.87267e-06
 Reference value :  3.87367e-06
 Reference value :  3.87467e-06
 Reference value :  3.87567e-06
 Reference value :  3.87667e-06
 Reference value :  3.87767e-06
 Reference value :  3.87917e-06
 Reference value :  3.88067e-06
 Reference value :  3.88217e-06
 Reference value :  3.88317e-06
 Reference value :  3.88467e-06
 Reference value :  3.88567e-06
 Reference value :  3.88717e-06
 Reference value :  3.88817e-06
 Reference value :  3.88967e-06
 Reference value :  3.89117e-06
 Reference value :  3.89217e-06
 Reference value :  3.89317e-06
 Reference value :  3.89417e-06
 Reference value :  3.89517e-06
 Reference value :  3.89667e-06
 Reference value :  3.89767e-06
 Reference value :  3.89867e-06
 Reference value :  3.90017e-06
 Reference value :  3.90167e-06
 Reference value :  3.90317e-06
 Reference value :  3.90467e-06
 Reference value :  3.90617e-06
 Reference value :  3.90750e-06
 Reference value :  3.90788e-06
 Reference value :  3.90818e-06
 Reference value :  3.90851e-06
 Reference value :  3.90883e-06
 Reference value :  3.90896e-06
 Reference value :  3.90942e-06
 Reference value :  3.91010e-06
 Reference value :  3.91044e-06
 Reference value :  3.91110e-06
 Reference value :  3.91149e-06
 Reference value :  3.91176e-06
 Reference value :  3.91207e-06
 Reference value :  3.91287e-06
 Reference value :  3.91387e-06
 Reference value :  3.91487e-06
 Reference value :  3.91587e-06
 Reference value :  3.91737e-06
 Reference value :  3.91837e-06
 Reference value :  3.91937e-06
 Reference value :  3.92037e-06
 Reference value :  3.92137e-06
 Reference value :  3.92237e-06
 Reference value :  3.92337e-06
 Reference value :  3.92437e-06
 Reference value :  3.92537e-06
 Reference value :  3.92687e-06
 Reference value :  3.92787e-06
 Reference value :  3.92887e-06
 Reference value :  3.92987e-06
 Reference value :  3.93137e-06
 Reference value :  3.93237e-06
 Reference value :  3.93387e-06
 Reference value :  3.93487e-06
 Reference value :  3.93637e-06
 Reference value :  3.93737e-06
 Reference value :  3.93837e-06
 Reference value :  3.93937e-06
 Reference value :  3.94037e-06
 Reference value :  3.94137e-06
 Reference value :  3.94237e-06
 Reference value :  3.94337e-06
 Reference value :  3.94437e-06
 Reference value :  3.94587e-06
 Reference value :  3.94687e-06
 Reference value :  3.94837e-06
 Reference value :  3.94919e-06
 Reference value :  3.94965e-06
 Reference value :  3.95000e-06
 Reference value :  3.95011e-06
 Reference value :  3.95025e-06
 Reference value :  3.95037e-06
 Reference value :  3.95050e-06
 Reference value :  3.95051e-06
 Reference value :  3.95060e-06
 Reference value :  3.95065e-06
 Reference value :  3.95080e-06
 Reference value :  3.95100e-06
 Reference value :  3.95106e-06
 Reference value :  3.95113e-06
 Reference value :  3.95130e-06
 Reference value :  3.95140e-06
 Reference value :  3.95166e-06
 Reference value :  3.95204e-06
 Reference value :  3.95279e-06
 Reference value :  3.95379e-06
 Reference value :  3.95479e-06
 Reference value :  3.95629e-06
 Reference value :  3.95729e-06
 Reference value :  3.95829e-06
 Reference value :  3.95929e-06
 Reference value :  3.96029e-06
 Reference value :  3.96179e-06
 Reference value :  3.96379e-06
 Reference value :  3.96529e-06
 Reference value :  3.96679e-06
 Reference value :  3.96829e-06
 Reference value :  3.96979e-06
 Reference value :  3.97129e-06
 Reference value :  3.97229e-06
 Reference value :  3.97329e-06
 Reference value :  3.97429e-06
 Reference value :  3.97529e-06
 Reference value :  3.97679e-06
 Reference value :  3.97779e-06
 Reference value :  3.97929e-06
 Reference value :  3.98029e-06
 Reference value :  3.98179e-06
 Reference value :  3.98279e-06
 Reference value :  3.98429e-06
 Reference value :  3.98529e-06
 Reference value :  3.98629e-06
 Reference value :  3.98729e-06
 Reference value :  3.98879e-06
 Reference value :  3.98979e-06
 Reference value :  3.99117e-06
 Reference value :  3.99132e-06
 Reference value :  3.99184e-06
 Reference value :  3.99217e-06
 Reference value :  3.99230e-06
 Reference value :  3.99276e-06
 Reference value :  3.99343e-06
 Reference value :  3.99377e-06
 Reference value :  3.99445e-06
 Reference value :  3.99491e-06
 Reference value :  3.99519e-06
 Reference value :  3.99551e-06
 Reference value :  3.99631e-06
 Reference value :  3.99731e-06
 Reference value :  3.99831e-06
 Reference value :  3.99931e-06
 Reference value :  4.00081e-06
 Reference value :  4.00181e-06
 Reference value :  4.00281e-06
 Reference value :  4.00381e-06
 Reference value :  4.00531e-06
 Reference value :  4.00631e-06
 Reference value :  4.00781e-06
 Reference value :  4.00881e-06
 Reference value :  4.00981e-06
 Reference value :  4.01081e-06
 Reference value :  4.01181e-06
 Reference value :  4.01331e-06
 Reference value :  4.01481e-06
 Reference value :  4.01681e-06
 Reference value :  4.01831e-06
 Reference value :  4.01981e-06
 Reference value :  4.02131e-06
 Reference value :  4.02281e-06
 Reference value :  4.02381e-06
 Reference value :  4.02481e-06
 Reference value :  4.02581e-06
 Reference value :  4.02731e-06
 Reference value :  4.02881e-06
 Reference value :  4.03031e-06
 Reference value :  4.03181e-06
 Reference value :  4.03283e-06
 Reference value :  4.03318e-06
 Reference value :  4.03322e-06
 Reference value :  4.03347e-06
 Reference value :  4.03365e-06
 Reference value :  4.03386e-06
 Reference value :  4.03399e-06
 Reference value :  4.03417e-06
 Reference value :  4.03433e-06
 Reference value :  4.03446e-06
 Reference value :  4.03456e-06
 Reference value :  4.03477e-06
 Reference value :  4.03522e-06
 Reference value :  4.03664e-06
 Reference value :  4.03764e-06
 Reference value :  4.03864e-06
 Reference value :  4.04014e-06
 Reference value :  4.04164e-06
 Reference value :  4.04264e-06
 Reference value :  4.04414e-06
 Reference value :  4.04564e-06
 Reference value :  4.04714e-06
 Reference value :  4.04814e-06
 Reference value :  4.04964e-06
 Reference value :  4.05114e-06
 Reference value :  4.05264e-06
 Reference value :  4.05414e-06
 Reference value :  4.05564e-06
 Reference value :  4.05714e-06
 Reference value :  4.05864e-06
 Reference value :  4.06014e-06
 Reference value :  4.06114e-06
 Reference value :  4.06264e-06
 Reference value :  4.06364e-06
 Reference value :  4.06464e-06
 Reference value :  4.06564e-06
 Reference value :  4.06714e-06
 Reference value :  4.06864e-06
 Reference value :  4.07014e-06
 Reference value :  4.07114e-06
 Reference value :  4.07214e-06
 Reference value :  4.07314e-06
 Reference value :  4.07450e-06
 Reference value :  4.07485e-06
 Reference value :  4.07517e-06
 Reference value :  4.07555e-06
 Reference value :  4.07583e-06
 Reference value :  4.07612e-06
 Reference value :  4.07681e-06
 Reference value :  4.07752e-06
 Reference value :  4.07788e-06
 Reference value :  4.07857e-06
 Reference value :  4.07926e-06
 Reference value :  4.08072e-06
 Reference value :  4.08222e-06
 Reference value :  4.08322e-06
 Reference value :  4.08472e-06
 Reference value :  4.08622e-06
 Reference value :  4.08772e-06
 Reference value :  4.08922e-06
 Reference value :  4.09072e-06
 Reference value :  4.09222e-06
 Reference value :  4.09322e-06
 Reference value :  4.09422e-06
 Reference value :  4.09522e-06
 Reference value :  4.09622e-06
 Reference value :  4.09772e-06
 Reference value :  4.09922e-06
 Reference value :  4.10022e-06
 Reference value :  4.10222e-06
 Reference value :  4.10372e-06
 Reference value :  4.10572e-06
 Reference value :  4.10772e-06
 Reference value :  4.10972e-06
 Reference value :  4.11122e-06
 Reference value :  4.11272e-06
 Reference value :  4.11422e-06
 Reference value :  4.11570e-06
 Reference value :  4.11632e-06
 Reference value :  4.11684e-06
 Reference value :  4.11717e-06
 Reference value :  4.11719e-06
 Reference value :  4.11730e-06
 Reference value :  4.11750e-06
 Reference value :  4.11768e-06
 Reference value :  4.11777e-06
 Reference value :  4.11796e-06
 Reference value :  4.11844e-06
 Reference value :  4.12030e-06
 Reference value :  4.12180e-06
 Reference value :  4.12330e-06
 Reference value :  4.12480e-06
 Reference value :  4.12630e-06
 Reference value :  4.12780e-06
 Reference value :  4.12930e-06
 Reference value :  4.13080e-06
 Reference value :  4.13230e-06
 Reference value :  4.13330e-06
 Reference value :  4.13430e-06
 Reference value :  4.13580e-06
 Reference value :  4.13730e-06
 Reference value :  4.13830e-06
 Reference value :  4.13980e-06
 Reference value :  4.14080e-06
 Reference value :  4.14180e-06
 Reference value :  4.14280e-06
 Reference value :  4.14380e-06
 Reference value :  4.14480e-06
 Reference value :  4.14580e-06
 Reference value :  4.14680e-06
 Reference value :  4.14830e-06
 Reference value :  4.14930e-06
 Reference value :  4.15030e-06
 Reference value :  4.15180e-06
 Reference value :  4.15330e-06
 Reference value :  4.15480e-06
 Reference value :  4.15630e-06
 Reference value :  4.15756e-06
 Reference value :  4.15798e-06
 Reference value :  4.15851e-06
 Reference value :  4.15896e-06
 Reference value :  4.15942e-06
 Reference value :  4.15999e-06
 Reference value :  4.16056e-06
 Reference value :  4.16176e-06
 Reference value :  4.16226e-06
 Reference value :  4.16326e-06
 Reference value :  4.16426e-06
 Reference value :  4.16576e-06
 Reference value :  4.16726e-06
 Reference value :  4.16876e-06
 Reference value :  4.17026e-06
 Reference value :  4.17176e-06
 Reference value :  4.17326e-06
 Reference value :  4.17476e-06
 Reference value :  4.17626e-06
 Reference value :  4.17726e-06
 Reference value :  4.17876e-06
 Reference value :  4.18026e-06
 Reference value :  4.18176e-06
 Reference value :  4.18326e-06
 Reference value :  4.18476e-06
 Reference value :  4.18576e-06
 Reference value :  4.18726e-06
 Reference value :  4.18826e-06
 Reference value :  4.18976e-06
 Reference value :  4.19126e-06
 Reference value :  4.19276e-06
 Reference value :  4.19426e-06
 Reference value :  4.19526e-06
 Reference value :  4.19676e-06
 Reference value :  4.19826e-06
 Reference value :  4.19950e-06
 Reference value :  4.19985e-06
 Reference value :  4.20009e-06
 Reference value :  4.20029e-06
 Reference value :  4.20050e-06
 Reference value :  4.20053e-06
 Reference value :  4.20059e-06
 Reference value :  4.20068e-06
 Reference value :  4.20091e-06
 Reference value :  4.20102e-06
 Reference value :  4.20114e-06
 Reference value :  4.20123e-06
 Reference value :  4.20145e-06
 Reference value :  4.20185e-06
 Reference value :  4.20272e-06
 Reference value :  4.20422e-06
 Reference value :  4.20572e-06
 Reference value :  4.20672e-06
 Reference value :  4.20822e-06
 Reference value :  4.20972e-06
 Reference value :  4.21122e-06
 Reference value :  4.21222e-06
 Reference value :  4.21322e-06
 Reference value :  4.21472e-06
 Reference value :  4.21622e-06
 Reference value :  4.21772e-06
 Reference value :  4.21922e-06
 Reference value :  4.22072e-06
 Reference value :  4.22222e-06
 Reference value :  4.22372e-06
 Reference value :  4.22472e-06
 Reference value :  4.22572e-06
 Reference value :  4.22672e-06
 Reference value :  4.22822e-06
 Reference value :  4.22922e-06
 Reference value :  4.23022e-06
 Reference value :  4.23122e-06
 Reference value :  4.23272e-06
 Reference value :  4.23372e-06
 Reference value :  4.23522e-06
 Reference value :  4.23622e-06
 Reference value :  4.23722e-06
 Reference value :  4.23822e-06
 Reference value :  4.23922e-06
 Reference value :  4.24022e-06
 Reference value :  4.24117e-06
 Reference value :  4.24132e-06
 Reference value :  4.24184e-06
 Reference value :  4.24217e-06
 Reference value :  4.24230e-06
 Reference value :  4.24275e-06
 Reference value :  4.24305e-06
 Reference value :  4.24332e-06
 Reference value :  4.24361e-06
 Reference value :  4.24389e-06
 Reference value :  4.24460e-06
 Reference value :  4.24560e-06
 Reference value :  4.24660e-06
 Reference value :  4.24760e-06
 Reference value :  4.24860e-06
 Reference value :  4.25010e-06
 Reference value :  4.25160e-06
 Reference value :  4.25310e-06
 Reference value :  4.25460e-06
 Reference value :  4.25610e-06
 Reference value :  4.25710e-06
 Reference value :  4.25860e-06
 Reference value :  4.25960e-06
 Reference value :  4.26060e-06
 Reference value :  4.26160e-06
 Reference value :  4.26260e-06
 Reference value :  4.26360e-06
 Reference value :  4.26460e-06
 Reference value :  4.26610e-06
 Reference value :  4.26760e-06
 Reference value :  4.26910e-06
 Reference value :  4.27010e-06
 Reference value :  4.27110e-06
 Reference value :  4.27260e-06
 Reference value :  4.27410e-06
 Reference value :  4.27560e-06
 Reference value :  4.27660e-06
 Reference value :  4.27810e-06
 Reference value :  4.27910e-06
 Reference value :  4.28010e-06
 Reference value :  4.28160e-06
 Reference value :  4.28247e-06
 Reference value :  4.28288e-06
 Reference value :  4.28318e-06
 Reference value :  4.28342e-06
 Reference value :  4.28363e-06
 Reference value :  4.28383e-06
 Reference value :  4.28392e-06
 Reference value :  4.28418e-06
 Reference value :  4.28440e-06
 Reference value :  4.28455e-06
 Reference value :  4.28482e-06
 Reference value :  4.28524e-06
 Reference value :  4.28616e-06
 Reference value :  4.28766e-06
 Reference value :  4.28916e-06
 Reference value :  4.29016e-06
 Reference value :  4.29166e-06
 Reference value :  4.29266e-06
 Reference value :  4.29416e-06
 Reference value :  4.29516e-06
 Reference value :  4.29616e-06
 Reference value :  4.29716e-06
 Reference value :  4.29816e-06
 Reference value :  4.29916e-06
 Reference value :  4.30066e-06
 Reference value :  4.30166e-06
 Reference value :  4.30316e-06
 Reference value :  4.30416e-06
 Reference value :  4.30566e-06
 Reference value :  4.30666e-06
 Reference value :  4.30816e-06
 Reference value :  4.30966e-06
 Reference value :  4.31066e-06
 Reference value :  4.31166e-06
 Reference value :  4.31316e-06
 Reference value :  4.31416e-06
 Reference value :  4.31516e-06
 Reference value :  4.31616e-06
 Reference value :  4.31716e-06
 Reference value :  4.31816e-06
 Reference value :  4.31916e-06
 Reference value :  4.32016e-06
 Reference value :  4.32166e-06
 Reference value :  4.32316e-06
 Reference value :  4.32455e-06
 Reference value :  4.32485e-06
 Reference value :  4.32517e-06
 Reference value :  4.32550e-06
 Reference value :  4.32563e-06
 Reference value :  4.32608e-06
 Reference value :  4.32677e-06
 Reference value :  4.32764e-06
 Reference value :  4.32864e-06
 Reference value :  4.33014e-06
 Reference value :  4.33114e-06
 Reference value :  4.33214e-06
 Reference value :  4.33264e-06
 Reference value :  4.33364e-06
 Reference value :  4.33464e-06
 Reference value :  4.33564e-06
 Reference value :  4.33664e-06
 Reference value :  4.33764e-06
 Reference value :  4.33914e-06
 Reference value :  4.34064e-06
 Reference value :  4.34164e-06
 Reference value :  4.34264e-06
 Reference value :  4.34364e-06
 Reference value :  4.34464e-06
 Reference value :  4.34564e-06
 Reference value :  4.34664e-06
 Reference value :  4.34764e-06
 Reference value :  4.34864e-06
 Reference value :  4.34964e-06
 Reference value :  4.35114e-06
 Reference value :  4.35214e-06
 Reference value :  4.35314e-06
 Reference value :  4.35464e-06
 Reference value :  4.35564e-06
 Reference value :  4.35714e-06
 Reference value :  4.35864e-06
 Reference value :  4.36014e-06
 Reference value :  4.36164e-06
 Reference value :  4.36264e-06
 Reference value :  4.36364e-06
 Reference value :  4.36464e-06
 Reference value :  4.36590e-06
 Reference value :  4.36622e-06
 Reference value :  4.36656e-06
 Reference value :  4.36680e-06
 Reference value :  4.36698e-06
 Reference value :  4.36717e-06
 Reference value :  4.36724e-06
 Reference value :  4.36744e-06
 Reference value :  4.36777e-06
 Reference value :  4.36787e-06
 Reference value :  4.36797e-06
 Reference value :  4.36809e-06
 Reference value :  4.36842e-06
 Reference value :  4.36890e-06
 Reference value :  4.36976e-06
 Reference value :  4.37076e-06
 Reference value :  4.37176e-06
 Reference value :  4.37276e-06
 Reference value :  4.37376e-06
 Reference value :  4.37476e-06
 Reference value :  4.37626e-06
 Reference value :  4.37726e-06
 Reference value :  4.37826e-06
 Reference value :  4.37926e-06
 Reference value :  4.38026e-06
 Reference value :  4.38126e-06
 Reference value :  4.38276e-06
 Reference value :  4.38426e-06
 Reference value :  4.38576e-06
 Reference value :  4.38726e-06
 Reference value :  4.38826e-06
 Reference value :  4.38976e-06
 Reference value :  4.39126e-06
 Reference value :  4.39226e-06
 Reference value :  4.39376e-06
 Reference value :  4.39476e-06
 Reference value :  4.39576e-06
 Reference value :  4.39676e-06
 Reference value :  4.39776e-06
 Reference value :  4.39876e-06
 Reference value :  4.40026e-06
 Reference value :  4.40126e-06
 Reference value :  4.40276e-06
 Reference value :  4.40376e-06
 Reference value :  4.40526e-06
 Reference value :  4.40676e-06
 Reference value :  4.40755e-06
 Reference value :  4.40788e-06
 Reference value :  4.40818e-06
 Reference value :  4.40851e-06
 Reference value :  4.40883e-06
 Reference value :  4.40896e-06
 Reference value :  4.40942e-06
 Reference value :  4.41012e-06
 Reference value :  4.41100e-06
 Reference value :  4.41200e-06
 Reference value :  4.41300e-06
 Reference value :  4.41400e-06
 Reference value :  4.41500e-06
 Reference value :  4.41550e-06
 Reference value :  4.41650e-06
 Reference value :  4.41750e-06
 Reference value :  4.41850e-06
 Reference value :  4.41950e-06
 Reference value :  4.42050e-06
 Reference value :  4.42150e-06
 Reference value :  4.42250e-06
 Reference value :  4.42400e-06
 Reference value :  4.42500e-06
 Reference value :  4.42600e-06
 Reference value :  4.42750e-06
 Reference value :  4.42850e-06
 Reference value :  4.42950e-06
 Reference value :  4.43050e-06
 Reference value :  4.43150e-06
 Reference value :  4.43250e-06
 Reference value :  4.43400e-06
 Reference value :  4.43550e-06
 Reference value :  4.43700e-06
 Reference value :  4.43850e-06
 Reference value :  4.44050e-06
 Reference value :  4.44200e-06
 Reference value :  4.44350e-06
 Reference value :  4.44500e-06
 Reference value :  4.44600e-06
 Reference value :  4.44700e-06
 Reference value :  4.44800e-06
 Reference value :  4.44900e-06
 Reference value :  4.44955e-06
 Reference value :  4.44985e-06
 Reference value :  4.45012e-06
 Reference value :  4.45031e-06
 Reference value :  4.45050e-06
 Reference value :  4.45058e-06
 Reference value :  4.45092e-06
 Reference value :  4.45111e-06
 Reference value :  4.45123e-06
 Reference value :  4.45149e-06
 Reference value :  4.45195e-06
 Reference value :  4.45335e-06
 Reference value :  4.45485e-06
 Reference value :  4.45635e-06
 Reference value :  4.45735e-06
 Reference value :  4.45885e-06
 Reference value :  4.45985e-06
 Reference value :  4.46085e-06
 Reference value :  4.46235e-06
 Reference value :  4.46335e-06
 Reference value :  4.46435e-06
 Reference value :  4.46535e-06
 Reference value :  4.46635e-06
 Reference value :  4.46785e-06
 Reference value :  4.46935e-06
 Reference value :  4.47085e-06
 Reference value :  4.47235e-06
 Reference value :  4.47385e-06
 Reference value :  4.47535e-06
 Reference value :  4.47685e-06
 Reference value :  4.47835e-06
 Reference value :  4.47985e-06
 Reference value :  4.48135e-06
 Reference value :  4.48285e-06
 Reference value :  4.48385e-06
 Reference value :  4.48485e-06
 Reference value :  4.48585e-06
 Reference value :  4.48685e-06
 Reference value :  4.48785e-06
 Reference value :  4.48885e-06
 Reference value :  4.49035e-06
 Reference value :  4.49117e-06
 Reference value :  4.49132e-06
 Reference value :  4.49184e-06
 Reference value :  4.49217e-06
 Reference value :  4.49230e-06
 Reference value :  4.49275e-06
 Reference value :  4.49344e-06
 Reference value :  4.49432e-06
 Reference value :  4.49532e-06
 Reference value :  4.49632e-06
 Reference value :  4.49782e-06
 Reference value :  4.49882e-06
 Reference value :  4.49932e-06
 Reference value :  4.50032e-06
 Reference value :  4.50182e-06
 Reference value :  4.50282e-06
 Reference value :  4.50382e-06
 Reference value :  4.50482e-06
 Reference value :  4.50632e-06
 Reference value :  4.50782e-06
 Reference value :  4.50932e-06
 Reference value :  4.51082e-06
 Reference value :  4.51232e-06
 Reference value :  4.51382e-06
 Reference value :  4.51532e-06
 Reference value :  4.51682e-06
 Reference value :  4.51832e-06
 Reference value :  4.51982e-06
 Reference value :  4.52132e-06
 Reference value :  4.52282e-06
 Reference value :  4.52382e-06
 Reference value :  4.52532e-06
 Reference value :  4.52682e-06
 Reference value :  4.52782e-06
 Reference value :  4.52882e-06
 Reference value :  4.53032e-06
 Reference value :  4.53132e-06
 Reference value :  4.53258e-06
 Reference value :  4.53288e-06
 Reference value :  4.53318e-06
 Reference value :  4.53322e-06
 Reference value :  4.53347e-06
 Reference value :  4.53365e-06
 Reference value :  4.53383e-06
 Reference value :  4.53390e-06
 Reference value :  4.53410e-06
 Reference value :  4.53443e-06
 Reference value :  4.53453e-06
 Reference value :  4.53463e-06
 Reference value :  4.53475e-06
 Reference value :  4.53508e-06
 Reference value :  4.53557e-06
 Reference value :  4.53645e-06
 Reference value :  4.53745e-06
 Reference value :  4.53845e-06
 Reference value :  4.53945e-06
 Reference value :  4.54045e-06
 Reference value :  4.54145e-06
 Reference value :  4.54295e-06
 Reference value :  4.54395e-06
 Reference value :  4.54495e-06
 Reference value :  4.54595e-06
 Reference value :  4.54695e-06
 Reference value :  4.54795e-06
 Reference value :  4.54895e-06
 Reference value :  4.55045e-06
 Reference value :  4.55145e-06
 Reference value :  4.55245e-06
 Reference value :  4.55345e-06
 Reference value :  4.55495e-06
 Reference value :  4.55595e-06
 Reference value :  4.55745e-06
 Reference value :  4.55895e-06
 Reference value :  4.56045e-06
 Reference value :  4.56195e-06
 Reference value :  4.56295e-06
 Reference value :  4.56395e-06
 Reference value :  4.56495e-06
 Reference value :  4.56645e-06
 Reference value :  4.56795e-06
 Reference value :  4.56895e-06
 Reference value :  4.57045e-06
 Reference value :  4.57195e-06
 Reference value :  4.57345e-06
 Reference value :  4.57450e-06
 Reference value :  4.57485e-06
 Reference value :  4.57517e-06
 Reference value :  4.57554e-06
 Reference value :  4.57608e-06
 Reference value :  4.57682e-06
 Reference value :  4.57770e-06
 Reference value :  4.57920e-06
 Reference value :  4.58070e-06
 Reference value :  4.58170e-06
 Reference value :  4.58220e-06
 Reference value :  4.58270e-06
 Reference value :  4.58370e-06
 Reference value :  4.58420e-06
 Reference value :  4.58520e-06
 Reference value :  4.58620e-06
 Reference value :  4.58720e-06
 Reference value :  4.58820e-06
 Reference value :  4.58920e-06
 Reference value :  4.59070e-06
 Reference value :  4.59220e-06
 Reference value :  4.59320e-06
 Reference value :  4.59470e-06
 Reference value :  4.59620e-06
 Reference value :  4.59770e-06
 Reference value :  4.59870e-06
 Reference value :  4.60020e-06
 Reference value :  4.60170e-06
 Reference value :  4.60270e-06
 Reference value :  4.60370e-06
 Reference value :  4.60470e-06
 Reference value :  4.60620e-06
 Reference value :  4.60770e-06
 Reference value :  4.60870e-06
 Reference value :  4.61020e-06
 Reference value :  4.61120e-06
 Reference value :  4.61270e-06
 Reference value :  4.61420e-06
 Reference value :  4.61570e-06
 Reference value :  4.61622e-06
 Reference value :  4.61656e-06
 Reference value :  4.61680e-06
 Reference value :  4.61698e-06
 Reference value :  4.61717e-06
 Reference value :  4.61724e-06
 Reference value :  4.61744e-06
 Reference value :  4.61777e-06
 Reference value :  4.61788e-06
 Reference value :  4.61797e-06
 Reference value :  4.61823e-06
 Reference value :  4.61841e-06
 Reference value :  4.61886e-06
 Reference value :  4.61969e-06
 Reference value :  4.62119e-06
 Reference value :  4.62219e-06
 Reference value :  4.62319e-06
 Reference value :  4.62419e-06
 Reference value :  4.62569e-06
 Reference value :  4.62719e-06
 Reference value :  4.62919e-06
 Reference value :  4.63069e-06
 Reference value :  4.63269e-06
 Reference value :  4.63419e-06
 Reference value :  4.63569e-06
 Reference value :  4.63719e-06
 Reference value :  4.63869e-06
 Reference value :  4.64019e-06
 Reference value :  4.64169e-06
 Reference value :  4.64319e-06
 Reference value :  4.64469e-06
 Reference value :  4.64569e-06
 Reference value :  4.64669e-06
 Reference value :  4.64819e-06
 Reference value :  4.64969e-06
 Reference value :  4.65069e-06
 Reference value :  4.65169e-06
 Reference value :  4.65319e-06
 Reference value :  4.65469e-06
 Reference value :  4.65619e-06
 Reference value :  4.65719e-06
 Reference value :  4.65783e-06
 Reference value :  4.65818e-06
 Reference value :  4.65851e-06
 Reference value :  4.65883e-06
 Reference value :  4.65896e-06
 Reference value :  4.65942e-06
 Reference value :  4.66016e-06
 Reference value :  4.66104e-06
 Reference value :  4.66204e-06
 Reference value :  4.66354e-06
 Reference value :  4.66504e-06
 Reference value :  4.66554e-06
 Reference value :  4.66654e-06
 Reference value :  4.66754e-06
 Reference value :  4.66854e-06
 Reference value :  4.66954e-06
 Reference value :  4.67054e-06
 Reference value :  4.67204e-06
 Reference value :  4.67354e-06
 Reference value :  4.67504e-06
 Reference value :  4.67654e-06
 Reference value :  4.67804e-06
 Reference value :  4.67954e-06
 Reference value :  4.68104e-06
 Reference value :  4.68204e-06
 Reference value :  4.68354e-06
 Reference value :  4.68504e-06
 Reference value :  4.68654e-06
 Reference value :  4.68804e-06
 Reference value :  4.68954e-06
 Reference value :  4.69104e-06
 Reference value :  4.69254e-06
 Reference value :  4.69404e-06
 Reference value :  4.69554e-06
 Reference value :  4.69704e-06
 Reference value :  4.69804e-06
 Reference value :  4.69950e-06
 Reference value :  4.69985e-06
 Reference value :  4.69989e-06
 Reference value :  4.70013e-06
 Reference value :  4.70032e-06
 Reference value :  4.70050e-06
 Reference value :  4.70057e-06
 Reference value :  4.70078e-06
 Reference value :  4.70109e-06
 Reference value :  4.70118e-06
 Reference value :  4.70140e-06
 Reference value :  4.70171e-06
 Reference value :  4.70218e-06
 Reference value :  4.70306e-06
 Reference value :  4.70406e-06
 Reference value :  4.70506e-06
 Reference value :  4.70606e-06
 Reference value :  4.70706e-06
 Reference value :  4.70806e-06
 Reference value :  4.70956e-06
 Reference value :  4.71106e-06
 Reference value :  4.71256e-06
 Reference value :  4.71406e-06
 Reference value :  4.71556e-06
 Reference value :  4.71706e-06
 Reference value :  4.71856e-06
 Reference value :  4.72006e-06
 Reference value :  4.72206e-06
 Reference value :  4.72406e-06
 Reference value :  4.72506e-06
 Reference value :  4.72606e-06
 Reference value :  4.72706e-06
 Reference value :  4.72856e-06
 Reference value :  4.73006e-06
 Reference value :  4.73156e-06
 Reference value :  4.73306e-06
 Reference value :  4.73456e-06
 Reference value :  4.73606e-06
 Reference value :  4.73756e-06
 Reference value :  4.73906e-06
 Reference value :  4.74056e-06
 Reference value :  4.74122e-06
 Reference value :  4.74184e-06
 Reference value :  4.74221e-06
 Reference value :  4.74275e-06
 Reference value :  4.74345e-06
 Reference value :  4.74434e-06
 Reference value :  4.74534e-06
 Reference value :  4.74684e-06
 Reference value :  4.74784e-06
 Reference value :  4.74790e-06
 Reference value :  4.74827e-06
 Reference value :  4.74863e-06
 Reference value :  4.74901e-06
 Reference value :  4.74990e-06
 Reference value :  4.75090e-06
 Reference value :  4.75190e-06
 Reference value :  4.75290e-06
 Reference value :  4.75390e-06
 Reference value :  4.75490e-06
 Reference value :  4.75640e-06
 Reference value :  4.75790e-06
 Reference value :  4.75890e-06
 Reference value :  4.76040e-06
 Reference value :  4.76190e-06
 Reference value :  4.76340e-06
 Reference value :  4.76490e-06
 Reference value :  4.76690e-06
 Reference value :  4.76840e-06
 Reference value :  4.76990e-06
 Reference value :  4.77090e-06
 Reference value :  4.77240e-06
 Reference value :  4.77390e-06
 Reference value :  4.77540e-06
 Reference value :  4.77690e-06
 Reference value :  4.77840e-06
 Reference value :  4.77990e-06
 Reference value :  4.78140e-06
 Reference value :  4.78283e-06
 Reference value :  4.78318e-06
 Reference value :  4.78322e-06
 Reference value :  4.78347e-06
 Reference value :  4.78365e-06
 Reference value :  4.78383e-06
 Reference value :  4.78390e-06
 Reference value :  4.78398e-06
 Reference value :  4.78432e-06
 Reference value :  4.78446e-06
 Reference value :  4.78457e-06
 Reference value :  4.78468e-06
 Reference value :  4.78480e-06
 Reference value :  4.78515e-06
 Reference value :  4.78567e-06
 Reference value :  4.78656e-06
 Reference value :  4.78756e-06
 Reference value :  4.78856e-06
 Reference value :  4.78956e-06
 Reference value :  4.79056e-06
 Reference value :  4.79206e-06
 Reference value :  4.79356e-06
 Reference value :  4.79506e-06
 Reference value :  4.79656e-06
 Reference value :  4.79806e-06
 Reference value :  4.80006e-06
 Reference value :  4.80206e-06
 Reference value :  4.80406e-06
 Reference value :  4.80506e-06
 Reference value :  4.80606e-06
 Reference value :  4.80706e-06
 Reference value :  4.80856e-06
 Reference value :  4.81006e-06
 Reference value :  4.81156e-06
 Reference value :  4.81256e-06
 Reference value :  4.81406e-06
 Reference value :  4.81506e-06
 Reference value :  4.81706e-06
 Reference value :  4.81906e-06
 Reference value :  4.82106e-06
 Reference value :  4.82306e-06
 Reference value :  4.82455e-06
 Reference value :  4.82517e-06
 Reference value :  4.82554e-06
 Reference value :  4.82580e-06
 Reference value :  4.82609e-06
 Reference value :  4.82678e-06
 Reference value :  4.82767e-06
 Reference value :  4.82917e-06
 Reference value :  4.83067e-06
 Reference value :  4.83167e-06
 Reference value :  4.83217e-06
 Reference value :  4.83267e-06
 Reference value :  4.83367e-06
 Reference value :  4.83467e-06
 Reference value :  4.83567e-06
 Reference value :  4.83667e-06
 Reference value :  4.83767e-06
 Reference value :  4.83867e-06
 Reference value :  4.83967e-06
 Reference value :  4.84067e-06
 Reference value :  4.84167e-06
 Reference value :  4.84317e-06
 Reference value :  4.84467e-06
 Reference value :  4.84617e-06
 Reference value :  4.84717e-06
 Reference value :  4.84817e-06
 Reference value :  4.84967e-06
 Reference value :  4.85117e-06
 Reference value :  4.85267e-06
 Reference value :  4.85367e-06
 Reference value :  4.85517e-06
 Reference value :  4.85617e-06
 Reference value :  4.85717e-06
 Reference value :  4.85817e-06
 Reference value :  4.85967e-06
 Reference value :  4.86067e-06
 Reference value :  4.86167e-06
 Reference value :  4.86267e-06
 Reference value :  4.86417e-06
 Reference value :  4.86517e-06
 Reference value :  4.86617e-06
 Reference value :  4.86632e-06
 Reference value :  4.86656e-06
 Reference value :  4.86680e-06
 Reference value :  4.86698e-06
 Reference value :  4.86717e-06
 Reference value :  4.86718e-06
 Reference value :  4.86726e-06
 Reference value :  4.86737e-06
 Reference value :  4.86755e-06
 Reference value :  4.86775e-06
 Reference value :  4.86787e-06
 Reference value :  4.86798e-06
 Reference value :  4.86825e-06
 Reference value :  4.86869e-06
 Reference value :  4.86959e-06
 Reference value :  4.87059e-06
 Reference value :  4.87159e-06
 Reference value :  4.87259e-06
 Reference value :  4.87359e-06
 Reference value :  4.87459e-06
 Reference value :  4.87559e-06
 Reference value :  4.87659e-06
 Reference value :  4.87759e-06
 Reference value :  4.87909e-06
 Reference value :  4.88059e-06
 Reference value :  4.88209e-06
 Reference value :  4.88359e-06
 Reference value :  4.88509e-06
 Reference value :  4.88609e-06
 Reference value :  4.88709e-06
 Reference value :  4.88809e-06
 Reference value :  4.88909e-06
 Reference value :  4.89059e-06
 Reference value :  4.89209e-06
 Reference value :  4.89309e-06
 Reference value :  4.89409e-06
 Reference value :  4.89509e-06
 Reference value :  4.89609e-06
 Reference value :  4.89709e-06
 Reference value :  4.89809e-06
 Reference value :  4.89909e-06
 Reference value :  4.90009e-06
 Reference value :  4.90159e-06
 Reference value :  4.90259e-06
 Reference value :  4.90359e-06
 Reference value :  4.90459e-06
 Reference value :  4.90609e-06
 Reference value :  4.90709e-06
 Reference value :  4.90783e-06
 Reference value :  4.90798e-06
 Reference value :  4.90851e-06
 Reference value :  4.90888e-06
 Reference value :  4.90913e-06
 Reference value :  4.90942e-06
 Reference value :  4.91012e-06
 Reference value :  4.91100e-06
 Reference value :  4.91200e-06
 Reference value :  4.91300e-06
 Reference value :  4.91400e-06
 Reference value :  4.91500e-06
 Reference value :  4.91600e-06
 Reference value :  4.91650e-06
 Reference value :  4.91750e-06
 Reference value :  4.91850e-06
 Reference value :  4.91950e-06
 Reference value :  4.92050e-06
 Reference value :  4.92150e-06
 Reference value :  4.92250e-06
 Reference value :  4.92400e-06
 Reference value :  4.92550e-06
 Reference value :  4.92700e-06
 Reference value :  4.92800e-06
 Reference value :  4.92950e-06
 Reference value :  4.93050e-06
 Reference value :  4.93200e-06
 Reference value :  4.93300e-06
 Reference value :  4.93400e-06
 Reference value :  4.93500e-06
 Reference value :  4.93600e-06
 Reference value :  4.93750e-06
 Reference value :  4.93900e-06
 Reference value :  4.94000e-06
 Reference value :  4.94150e-06
 Reference value :  4.94300e-06
 Reference value :  4.94450e-06
 Reference value :  4.94600e-06
 Reference value :  4.94750e-06
 Reference value :  4.94900e-06
 Reference value :  4.94965e-06
 Reference value :  4.95004e-06
 Reference value :  4.95025e-06
 Reference value :  4.95037e-06
 Reference value :  4.95051e-06
 Reference value :  4.95059e-06
 Reference value :  4.95063e-06
 Reference value :  4.95077e-06
 Reference value :  4.95100e-06
 Reference value :  4.95106e-06
 Reference value :  4.95113e-06
 Reference value :  4.95130e-06
 Reference value :  4.95140e-06
 Reference value :  4.95167e-06
 Reference value :  4.95205e-06
 Reference value :  4.95280e-06
 Reference value :  4.95380e-06
 Reference value :  4.95480e-06
 Reference value :  4.95630e-06
 Reference value :  4.95780e-06
 Reference value :  4.95880e-06
 Reference value :  4.95980e-06
 Reference value :  4.96130e-06
 Reference value :  4.96230e-06
 Reference value :  4.96380e-06
 Reference value :  4.96480e-06
 Reference value :  4.96630e-06
 Reference value :  4.96730e-06
 Reference value :  4.96830e-06
 Reference value :  4.96980e-06
 Reference value :  4.97080e-06
 Reference value :  4.97230e-06
 Reference value :  4.97380e-06
 Reference value :  4.97480e-06
 Reference value :  4.97580e-06
 Reference value :  4.97680e-06
 Reference value :  4.97830e-06
 Reference value :  4.97980e-06
 Reference value :  4.98080e-06
 Reference value :  4.98230e-06
 Reference value :  4.98380e-06
 Reference value :  4.98480e-06
 Reference value :  4.98630e-06
 Reference value :  4.98780e-06
 Reference value :  4.98930e-06
 Reference value :  4.99030e-06
 Reference value :  4.99117e-06
 Reference value :  4.99132e-06
 Reference value :  4.99184e-06
 Reference value :  4.99221e-06
 Reference value :  4.99247e-06
 Reference value :  4.99275e-06
 Reference value :  4.99345e-06
 Reference value :  4.99434e-06
 Reference value :  4.99534e-06
 Reference value :  4.99634e-06
 Reference value :  4.99784e-06
 Reference value :  4.99834e-06
 Reference value :  4.99884e-06
 Reference value :  4.99984e-06
 Reference value :  5.00084e-06
 Reference value :  5.00134e-06
 Reference value :  5.00234e-06
 Reference value :  5.00384e-06
 Reference value :  5.00534e-06
 Reference value :  5.00634e-06
 Reference value :  5.00784e-06
 Reference value :  5.00884e-06
 Reference value :  5.00984e-06
 Reference value :  5.01084e-06
 Reference value :  5.01234e-06
 Reference value :  5.01334e-06
 Reference value :  5.01484e-06
 Reference value :  5.01584e-06
 Reference value :  5.01684e-06
 Reference value :  5.01784e-06
 Reference value :  5.01934e-06
 Reference value :  5.02084e-06
 Reference value :  5.02184e-06
 Reference value :  5.02284e-06
 Reference value :  5.02434e-06
 Reference value :  5.02584e-06
 Reference value :  5.02734e-06
 Reference value :  5.02834e-06
 Reference value :  5.02934e-06
 Reference value :  5.03034e-06
 Reference value :  5.03134e-06
 Reference value :  5.03283e-06
 Reference value :  5.03298e-06
 Reference value :  5.03351e-06
 Reference value :  5.03383e-06
 Reference value :  5.03393e-06
 Reference value :  5.03406e-06
 Reference value :  5.03420e-06
 Reference value :  5.03452e-06
 Reference value :  5.03478e-06
 Reference value :  5.03519e-06
 Reference value :  5.03609e-06
 Reference value :  5.03709e-06
 Reference value :  5.03859e-06
 Reference value :  5.04009e-06
 Reference value :  5.04109e-06
 Reference value :  5.04209e-06
 Reference value :  5.04359e-06
 Reference value :  5.04459e-06
 Reference value :  5.04559e-06
 Reference value :  5.04659e-06
 Reference value :  5.04759e-06
 Reference value :  5.04909e-06
 Reference value :  5.05009e-06
 Reference value :  5.05109e-06
 Reference value :  5.05259e-06
 Reference value :  5.05409e-06
 Reference value :  5.05559e-06
 Reference value :  5.05659e-06
 Reference value :  5.05809e-06
 Reference value :  5.05959e-06
 Reference value :  5.06109e-06
 Reference value :  5.06209e-06
 Reference value :  5.06309e-06
 Reference value :  5.06459e-06
 Reference value :  5.06609e-06
 Reference value :  5.06759e-06
 Reference value :  5.06909e-06
 Reference value :  5.07059e-06
 Reference value :  5.07209e-06
 Reference value :  5.07359e-06
 Reference value :  5.07455e-06
 Reference value :  5.07517e-06
 Reference value :  5.07555e-06
 Reference value :  5.07583e-06
 Reference value :  5.07611e-06
 Reference value :  5.07680e-06
 Reference value :  5.07770e-06
 Reference value :  5.07870e-06
 Reference value :  5.08020e-06
 Reference value :  5.08170e-06
 Reference value :  5.08220e-06
 Reference value :  5.08270e-06
 Reference value :  5.08370e-06
 Reference value :  5.08470e-06
 Reference value :  5.08570e-06
 Reference value :  5.08670e-06
 Reference value :  5.08770e-06
 Reference value :  5.08870e-06
 Reference value :  5.08970e-06
 Reference value :  5.09120e-06
 Reference value :  5.09270e-06
 Reference value :  5.09370e-06
 Reference value :  5.09470e-06
 Reference value :  5.09620e-06
 Reference value :  5.09720e-06
 Reference value :  5.09820e-06
 Reference value :  5.09970e-06
 Reference value :  5.10120e-06
 Reference value :  5.10270e-06
 Reference value :  5.10420e-06
 Reference value :  5.10520e-06
 Reference value :  5.10620e-06
 Reference value :  5.10720e-06
 Reference value :  5.10870e-06
 Reference value :  5.10970e-06
 Reference value :  5.11070e-06
 Reference value :  5.11170e-06
 Reference value :  5.11320e-06
 Reference value :  5.11420e-06
 Reference value :  5.11570e-06
 Reference value :  5.11632e-06
 Reference value :  5.11656e-06
 Reference value :  5.11680e-06
 Reference value :  5.11698e-06
 Reference value :  5.11717e-06
 Reference value :  5.11724e-06
 Reference value :  5.11732e-06
 Reference value :  5.11741e-06
 Reference value :  5.11749e-06
 Reference value :  5.11769e-06
 Reference value :  5.11780e-06
 Reference value :  5.11801e-06
 Reference value :  5.11826e-06
 Reference value :  5.11908e-06
 Reference value :  5.12058e-06
 Reference value :  5.12208e-06
 Reference value :  5.12308e-06
 Reference value :  5.12458e-06
 Reference value :  5.12608e-06
 Reference value :  5.12758e-06
 Reference value :  5.12908e-06
 Reference value :  5.13058e-06
 Reference value :  5.13208e-06
 Reference value :  5.13308e-06
 Reference value :  5.13408e-06
 Reference value :  5.13508e-06
 Reference value :  5.13608e-06
 Reference value :  5.13708e-06
 Reference value :  5.13808e-06
 Reference value :  5.13958e-06
 Reference value :  5.14058e-06
 Reference value :  5.14158e-06
 Reference value :  5.14308e-06
 Reference value :  5.14408e-06
 Reference value :  5.14558e-06
 Reference value :  5.14708e-06
 Reference value :  5.14858e-06
 Reference value :  5.15008e-06
 Reference value :  5.15108e-06
 Reference value :  5.15258e-06
 Reference value :  5.15408e-06
 Reference value :  5.15558e-06
 Reference value :  5.15658e-06
 Reference value :  5.15783e-06
 Reference value :  5.15818e-06
 Reference value :  5.15851e-06
 Reference value :  5.15888e-06
 Reference value :  5.15913e-06
 Reference value :  5.15942e-06
 Reference value :  5.15972e-06
 Reference value :  5.15999e-06
 Reference value :  5.16021e-06
 Reference value :  5.16069e-06
 Reference value :  5.16138e-06
 Reference value :  5.16238e-06
 Reference value :  5.16338e-06
 Reference value :  5.16438e-06
 Reference value :  5.16588e-06
 Reference value :  5.16738e-06
 Reference value :  5.16888e-06
 Reference value :  5.17038e-06
 Reference value :  5.17188e-06
 Reference value :  5.17288e-06
 Reference value :  5.17388e-06
 Reference value :  5.17488e-06
 Reference value :  5.17588e-06
 Reference value :  5.17738e-06
 Reference value :  5.17838e-06
 Reference value :  5.17938e-06
 Reference value :  5.18088e-06
 Reference value :  5.18238e-06
 Reference value :  5.18388e-06
 Reference value :  5.18538e-06
 Reference value :  5.18688e-06
 Reference value :  5.18838e-06
 Reference value :  5.18988e-06
 Reference value :  5.19088e-06
 Reference value :  5.19238e-06
 Reference value :  5.19338e-06
 Reference value :  5.19438e-06
 Reference value :  5.19538e-06
 Reference value :  5.19638e-06
 Reference value :  5.19738e-06
 Reference value :  5.19838e-06
 Reference value :  5.19919e-06
 Reference value :  5.19965e-06
 Reference value :  5.20009e-06
 Reference value :  5.20029e-06
 Reference value :  5.20050e-06
 Reference value :  5.20053e-06
 Reference value :  5.20069e-06
 Reference value :  5.20091e-06
 Reference value :  5.20102e-06
 Reference value :  5.20114e-06
 Reference value :  5.20123e-06
 Reference value :  5.20143e-06
 Reference value :  5.20216e-06
 Reference value :  5.20316e-06
 Reference value :  5.20416e-06
 Reference value :  5.20516e-06
 Reference value :  5.20666e-06
 Reference value :  5.20816e-06
 Reference value :  5.20966e-06
 Reference value :  5.21116e-06
 Reference value :  5.21266e-06
 Reference value :  5.21416e-06
 Reference value :  5.21516e-06
 Reference value :  5.21616e-06
 Reference value :  5.21716e-06
 Reference value :  5.21866e-06
 Reference value :  5.22016e-06
 Reference value :  5.22116e-06
 Reference value :  5.22216e-06
 Reference value :  5.22316e-06
 Reference value :  5.22416e-06
 Reference value :  5.22516e-06
 Reference value :  5.22666e-06
 Reference value :  5.22816e-06
 Reference value :  5.22966e-06
 Reference value :  5.23066e-06
 Reference value :  5.23216e-06
 Reference value :  5.23366e-06
 Reference value :  5.23516e-06
 Reference value :  5.23616e-06
 Reference value :  5.23766e-06
 Reference value :  5.23916e-06
 Reference value :  5.24066e-06
 Reference value :  5.24122e-06
 Reference value :  5.24184e-06
 Reference value :  5.24217e-06
 Reference value :  5.24230e-06
 Reference value :  5.24275e-06
 Reference value :  5.24305e-06
 Reference value :  5.24331e-06
 Reference value :  5.24354e-06
 Reference value :  5.24401e-06
 Reference value :  5.24471e-06
 Reference value :  5.24571e-06
 Reference value :  5.24671e-06
 Reference value :  5.24771e-06
 Reference value :  5.24921e-06
 Reference value :  5.25121e-06
 Reference value :  5.25321e-06
 Reference value :  5.25521e-06
 Reference value :  5.25721e-06
 Reference value :  5.25871e-06
 Reference value :  5.26021e-06
 Reference value :  5.26171e-06
 Reference value :  5.26321e-06
 Reference value :  5.26471e-06
 Reference value :  5.26621e-06
 Reference value :  5.26771e-06
 Reference value :  5.26921e-06
 Reference value :  5.27071e-06
 Reference value :  5.27221e-06
 Reference value :  5.27371e-06
 Reference value :  5.27521e-06
 Reference value :  5.27671e-06
 Reference value :  5.27821e-06
 Reference value :  5.27971e-06
 Reference value :  5.28121e-06
 Reference value :  5.28252e-06
 Reference value :  5.28298e-06
 Reference value :  5.28345e-06
 Reference value :  5.28364e-06
 Reference value :  5.28386e-06
 Reference value :  5.28403e-06
 Reference value :  5.28421e-06
 Reference value :  5.28439e-06
 Reference value :  5.28454e-06
 Reference value :  5.28481e-06
 Reference value :  5.28602e-06
 Reference value :  5.28802e-06
 Reference value :  5.28952e-06
 Reference value :  5.29152e-06
 Reference value :  5.29352e-06
 Reference value :  5.29552e-06
 Reference value :  5.29752e-06
 Reference value :  5.29952e-06
 Reference value :  5.30152e-06
 Reference value :  5.30352e-06
 Reference value :  5.30502e-06
 Reference value :  5.30702e-06
 Reference value :  5.30902e-06
 Reference value :  5.31102e-06
 Reference value :  5.31302e-06
 Reference value :  5.31502e-06
 Reference value :  5.31652e-06
 Reference value :  5.31802e-06
 Reference value :  5.32002e-06
 Reference value :  5.32152e-06
 Reference value :  5.32302e-06
 Reference value :  5.32455e-06
 Reference value :  5.32517e-06
 Reference value :  5.32554e-06
 Reference value :  5.32606e-06
 Reference value :  5.32671e-06
 Reference value :  5.32800e-06
 Reference value :  5.32950e-06
 Reference value :  5.33050e-06
 Reference value :  5.33150e-06
 Reference value :  5.33300e-06
 Reference value :  5.33450e-06
 Reference value :  5.33600e-06
 Reference value :  5.33750e-06
 Reference value :  5.33900e-06
 Reference value :  5.34050e-06
 Reference value :  5.34150e-06
 Reference value :  5.34250e-06
 Reference value :  5.34350e-06
 Reference value :  5.34450e-06
 Reference value :  5.34600e-06
 Reference value :  5.34750e-06
 Reference value :  5.34850e-06
 Reference value :  5.35000e-06
 Reference value :  5.35150e-06
 Reference value :  5.35300e-06
 Reference value :  5.35500e-06
 Reference value :  5.35650e-06
 Reference value :  5.35800e-06
 Reference value :  5.35950e-06
 Reference value :  5.36100e-06
 Reference value :  5.36250e-06
 Reference value :  5.36400e-06
 Reference value :  5.36550e-06
 Reference value :  5.36622e-06
 Reference value :  5.36679e-06
 Reference value :  5.36698e-06
 Reference value :  5.36719e-06
 Reference value :  5.36736e-06
 Reference value :  5.36778e-06
 Reference value :  5.36789e-06
 Reference value :  5.36815e-06
 Reference value :  5.36861e-06
 Reference value :  5.37001e-06
 Reference value :  5.37151e-06
 Reference value :  5.37301e-06
 Reference value :  5.37451e-06
 Reference value :  5.37601e-06
 Reference value :  5.37751e-06
 Reference value :  5.37901e-06
 Reference value :  5.38051e-06
 Reference value :  5.38201e-06
 Reference value :  5.38351e-06
 Reference value :  5.38551e-06
 Reference value :  5.38651e-06
 Reference value :  5.38801e-06
 Reference value :  5.38951e-06
 Reference value :  5.39101e-06
 Reference value :  5.39201e-06
 Reference value :  5.39351e-06
 Reference value :  5.39451e-06
 Reference value :  5.39551e-06
 Reference value :  5.39651e-06
 Reference value :  5.39801e-06
 Reference value :  5.40001e-06
 Reference value :  5.40151e-06
 Reference value :  5.40351e-06
 Reference value :  5.40551e-06
 Reference value :  5.40701e-06
 Reference value :  5.40783e-06
 Reference value :  5.40798e-06
 Reference value :  5.40851e-06
 Reference value :  5.40888e-06
 Reference value :  5.40913e-06
 Reference value :  5.40980e-06
 Reference value :  5.41078e-06
 Reference value :  5.41228e-06
 Reference value :  5.41378e-06
 Reference value :  5.41528e-06
 Reference value :  5.41678e-06
 Reference value :  5.41778e-06
 Reference value :  5.41878e-06
 Reference value :  5.42028e-06
 Reference value :  5.42128e-06
 Reference value :  5.42278e-06
 Reference value :  5.42478e-06
 Reference value :  5.42628e-06
 Reference value :  5.42778e-06
 Reference value :  5.42928e-06
 Reference value :  5.43078e-06
 Reference value :  5.43228e-06
 Reference value :  5.43378e-06
 Reference value :  5.43528e-06
 Reference value :  5.43678e-06
 Reference value :  5.43828e-06
 Reference value :  5.43978e-06
 Reference value :  5.44128e-06
 Reference value :  5.44328e-06
 Reference value :  5.44528e-06
 Reference value :  5.44678e-06
 Reference value :  5.44828e-06
 Reference value :  5.44950e-06
 Reference value :  5.44985e-06
 Reference value :  5.45012e-06
 Reference value :  5.45031e-06
 Reference value :  5.45053e-06
 Reference value :  5.45085e-06
 Reference value :  5.45139e-06
 Reference value :  5.45278e-06
 Reference value :  5.45428e-06
 Reference value :  5.45578e-06
 Reference value :  5.45728e-06
 Reference value :  5.45878e-06
 Reference value :  5.46028e-06
 Reference value :  5.46228e-06
 Reference value :  5.46378e-06
 Reference value :  5.46528e-06
 Reference value :  5.46678e-06
 Reference value :  5.46828e-06
 Reference value :  5.46978e-06
 Reference value :  5.47078e-06
 Reference value :  5.47228e-06
 Reference value :  5.47378e-06
 Reference value :  5.47478e-06
 Reference value :  5.47578e-06
 Reference value :  5.47678e-06
 Reference value :  5.47828e-06
 Reference value :  5.47928e-06
 Reference value :  5.48078e-06
 Reference value :  5.48228e-06
 Reference value :  5.48378e-06
 Reference value :  5.48528e-06
 Reference value :  5.48678e-06
 Reference value :  5.48828e-06
 Reference value :  5.48978e-06
 Reference value :  5.49117e-06
 Reference value :  5.49152e-06
 Reference value :  5.49184e-06
 Reference value :  5.49221e-06
 Reference value :  5.49247e-06
 Reference value :  5.49317e-06
 Reference value :  5.49417e-06
 Reference value :  5.49517e-06
 Reference value :  5.49617e-06
 Reference value :  5.49717e-06
 Reference value :  5.49817e-06
 Reference value :  5.49967e-06
 Reference value :  5.50117e-06
 Reference value :  5.50267e-06
 Reference value :  5.50467e-06
 Reference value :  5.50617e-06
 Reference value :  5.50767e-06
 Reference value :  5.50917e-06
 Reference value :  5.51067e-06
 Reference value :  5.51217e-06
 Reference value :  5.51367e-06
 Reference value :  5.51517e-06
 Reference value :  5.51667e-06
 Reference value :  5.51817e-06
 Reference value :  5.51967e-06
 Reference value :  5.52117e-06
 Reference value :  5.52267e-06
 Reference value :  5.52417e-06
 Reference value :  5.52567e-06
 Reference value :  5.52717e-06
 Reference value :  5.52867e-06
 Reference value :  5.53017e-06
 Reference value :  5.53117e-06
 Reference value :  5.53250e-06
 Reference value :  5.53298e-06
 Reference value :  5.53345e-06
 Reference value :  5.53364e-06
 Reference value :  5.53386e-06
 Reference value :  5.53403e-06
 Reference value :  5.53448e-06
 Reference value :  5.53567e-06
 Reference value :  5.53717e-06
 Reference value :  5.53817e-06
 Reference value :  5.53967e-06
 Reference value :  5.54117e-06
 Reference value :  5.54267e-06
 Reference value :  5.54417e-06
 Reference value :  5.54567e-06
 Reference value :  5.54717e-06
 Reference value :  5.54867e-06
 Reference value :  5.55017e-06
 Reference value :  5.55167e-06
 Reference value :  5.55317e-06
 Reference value :  5.55417e-06
 Reference value :  5.55567e-06
 Reference value :  5.55667e-06
 Reference value :  5.55767e-06
 Reference value :  5.55917e-06
 Reference value :  5.56067e-06
 Reference value :  5.56217e-06
 Reference value :  5.56367e-06
 Reference value :  5.56517e-06
 Reference value :  5.56717e-06
 Reference value :  5.56817e-06
 Reference value :  5.56967e-06
 Reference value :  5.57117e-06
 Reference value :  5.57267e-06
 Reference value :  5.57408e-06
 Reference value :  5.57465e-06
 Reference value :  5.57517e-06
 Reference value :  5.57550e-06
 Reference value :  5.57563e-06
 Reference value :  5.57650e-06
 Reference value :  5.57750e-06
 Reference value :  5.57900e-06
 Reference value :  5.58050e-06
 Reference value :  5.58200e-06
 Reference value :  5.58350e-06
 Reference value :  5.58500e-06
 Reference value :  5.58650e-06
 Reference value :  5.58800e-06
 Reference value :  5.59000e-06
 Reference value :  5.59100e-06
 Reference value :  5.59250e-06
 Reference value :  5.59400e-06
 Reference value :  5.59550e-06
 Reference value :  5.59700e-06
 Reference value :  5.59850e-06
 Reference value :  5.60000e-06
 Reference value :  5.60100e-06
 Reference value :  5.60200e-06
 Reference value :  5.60300e-06
 Reference value :  5.60400e-06
 Reference value :  5.60550e-06
 Reference value :  5.60700e-06
 Reference value :  5.60850e-06
 Reference value :  5.60950e-06
 Reference value :  5.61100e-06
 Reference value :  5.61250e-06
 Reference value :  5.61450e-06
 Reference value :  5.61583e-06
 Reference value :  5.61632e-06
 Reference value :  5.61679e-06
 Reference value :  5.61698e-06
 Reference value :  5.61725e-06
 Reference value :  5.61753e-06
 Reference value :  5.61854e-06
 Reference value :  5.62004e-06
 Reference value :  5.62154e-06
 Reference value :  5.62304e-06
 Reference value :  5.62404e-06
 Reference value :  5.62504e-06
 Reference value :  5.62654e-06
 Reference value :  5.62854e-06
 Reference value :  5.63004e-06
 Reference value :  5.63154e-06
 Reference value :  5.63304e-06
 Reference value :  5.63454e-06
 Reference value :  5.63604e-06
 Reference value :  5.63754e-06
 Reference value :  5.63904e-06
 Reference value :  5.64054e-06
 Reference value :  5.64204e-06
 Reference value :  5.64304e-06
 Reference value :  5.64404e-06
 Reference value :  5.64554e-06
 Reference value :  5.64704e-06
 Reference value :  5.64904e-06
 Reference value :  5.65054e-06
 Reference value :  5.65204e-06
 Reference value :  5.65354e-06
 Reference value :  5.65504e-06
 Reference value :  5.65654e-06
 Reference value :  5.65783e-06
 Reference value :  5.65818e-06
 Reference value :  5.65851e-06
 Reference value :  5.65883e-06
 Reference value :  5.65896e-06
 Reference value :  5.65948e-06
 Reference value :  5.66033e-06
 Reference value :  5.66183e-06
 Reference value :  5.66283e-06
 Reference value :  5.66433e-06
 Reference value :  5.66583e-06
 Reference value :  5.66683e-06
 Reference value :  5.66833e-06
 Reference value :  5.66933e-06
 Reference value :  5.67033e-06
 Reference value :  5.67133e-06
 Reference value :  5.67233e-06
 Reference value :  5.67383e-06
 Reference value :  5.67483e-06
 Reference value :  5.67633e-06
 Reference value :  5.67733e-06
 Reference value :  5.67883e-06
 Reference value :  5.67983e-06
 Reference value :  5.68133e-06
 Reference value :  5.68233e-06
 Reference value :  5.68333e-06
 Reference value :  5.68483e-06
 Reference value :  5.68583e-06
 Reference value :  5.68733e-06
 Reference value :  5.68833e-06
 Reference value :  5.68933e-06
 Reference value :  5.69083e-06
 Reference value :  5.69233e-06
 Reference value :  5.69383e-06
 Reference value :  5.69483e-06
 Reference value :  5.69633e-06
 Reference value :  5.69783e-06
 Reference value :  5.69950e-06
 Reference value :  5.69985e-06
 Reference value :  5.70012e-06
 Reference value :  5.70031e-06
 Reference value :  5.70050e-06
 Reference value :  5.70058e-06
 Reference value :  5.70087e-06
 Reference value :  5.70132e-06
 Reference value :  5.70219e-06
 Reference value :  5.70319e-06
 Reference value :  5.70419e-06
 Reference value :  5.70519e-06
 Reference value :  5.70619e-06
 Reference value :  5.70719e-06
 Reference value :  5.70819e-06
 Reference value :  5.70969e-06
 Reference value :  5.71069e-06
 Reference value :  5.71169e-06
 Reference value :  5.71269e-06
 Reference value :  5.71369e-06
 Reference value :  5.71519e-06
 Reference value :  5.71619e-06
 Reference value :  5.71719e-06
 Reference value :  5.71819e-06
 Reference value :  5.71919e-06
 Reference value :  5.72069e-06
 Reference value :  5.72169e-06
 Reference value :  5.72269e-06
 Reference value :  5.72369e-06
 Reference value :  5.72469e-06
 Reference value :  5.72569e-06
 Reference value :  5.72669e-06
 Reference value :  5.72819e-06
 Reference value :  5.72919e-06
 Reference value :  5.73019e-06
 Reference value :  5.73119e-06
 Reference value :  5.73219e-06
 Reference value :  5.73319e-06
 Reference value :  5.73419e-06
 Reference value :  5.73519e-06
 Reference value :  5.73619e-06
 Reference value :  5.73719e-06
 Reference value :  5.73869e-06
 Reference value :  5.73969e-06
 Reference value :  5.74069e-06
 Reference value :  5.74132e-06
 Reference value :  5.74184e-06
 Reference value :  5.74217e-06
 Reference value :  5.74230e-06
 Reference value :  5.74281e-06
 Reference value :  5.74366e-06
 Reference value :  5.74466e-06
 Reference value :  5.74566e-06
 Reference value :  5.74666e-06
 Reference value :  5.74766e-06
 Reference value :  5.74866e-06
 Reference value :  5.74966e-06
 Reference value :  5.75066e-06
 Reference value :  5.75166e-06
 Reference value :  5.75266e-06
 Reference value :  5.75366e-06
 Reference value :  5.75466e-06
 Reference value :  5.75566e-06
 Reference value :  5.75666e-06
 Reference value :  5.75766e-06
 Reference value :  5.75916e-06
 Reference value :  5.76066e-06
 Reference value :  5.76166e-06
 Reference value :  5.76266e-06
 Reference value :  5.76366e-06
 Reference value :  5.76466e-06
 Reference value :  5.76566e-06
 Reference value :  5.76666e-06
 Reference value :  5.76766e-06
 Reference value :  5.76866e-06
 Reference value :  5.77016e-06
 Reference value :  5.77116e-06
 Reference value :  5.77216e-06
 Reference value :  5.77316e-06
 Reference value :  5.77416e-06
 Reference value :  5.77516e-06
 Reference value :  5.77616e-06
 Reference value :  5.77716e-06
 Reference value :  5.77816e-06
 Reference value :  5.77916e-06
 Reference value :  5.78116e-06
 Reference value :  5.78250e-06
 Reference value :  5.78298e-06
 Reference value :  5.78342e-06
 Reference value :  5.78363e-06
 Reference value :  5.78383e-06
 Reference value :  5.78385e-06
 Reference value :  5.78397e-06
 Reference value :  5.78418e-06
 Reference value :  5.78447e-06
 Reference value :  5.78525e-06
 Reference value :  5.78625e-06
 Reference value :  5.78725e-06
 Reference value :  5.78825e-06
 Reference value :  5.78925e-06
 Reference value :  5.79025e-06
 Reference value :  5.79125e-06
 Reference value :  5.79225e-06
 Reference value :  5.79325e-06
 Reference value :  5.79425e-06
 Reference value :  5.79525e-06
 Reference value :  5.79675e-06
 Reference value :  5.79775e-06
 Reference value :  5.79875e-06
 Reference value :  5.79975e-06
 Reference value :  5.80075e-06
 Reference value :  5.80175e-06
 Reference value :  5.80275e-06
 Reference value :  5.80375e-06
 Reference value :  5.80475e-06
 Reference value :  5.80575e-06
 Reference value :  5.80675e-06
 Reference value :  5.80775e-06
 Reference value :  5.80875e-06
 Reference value :  5.80975e-06
 Reference value :  5.81075e-06
 Reference value :  5.81175e-06
 Reference value :  5.81275e-06
 Reference value :  5.81425e-06
 Reference value :  5.81525e-06
 Reference value :  5.81625e-06
 Reference value :  5.81775e-06
 Reference value :  5.81875e-06
 Reference value :  5.81975e-06
 Reference value :  5.82075e-06
 Reference value :  5.82225e-06
 Reference value :  5.82375e-06
 Reference value :  5.82450e-06
 Reference value :  5.82465e-06
 Reference value :  5.82517e-06
 Reference value :  5.82550e-06
 Reference value :  5.82563e-06
 Reference value :  5.82614e-06
 Reference value :  5.82699e-06
 Reference value :  5.82799e-06
 Reference value :  5.82899e-06
 Reference value :  5.83049e-06
 Reference value :  5.83199e-06
 Reference value :  5.83299e-06
 Reference value :  5.83399e-06
 Reference value :  5.83499e-06
 Reference value :  5.83599e-06
 Reference value :  5.83749e-06
 Reference value :  5.83849e-06
 Reference value :  5.83949e-06
 Reference value :  5.84099e-06
 Reference value :  5.84199e-06
 Reference value :  5.84299e-06
 Reference value :  5.84399e-06
 Reference value :  5.84549e-06
 Reference value :  5.84699e-06
 Reference value :  5.84849e-06
 Reference value :  5.84949e-06
 Reference value :  5.85049e-06
 Reference value :  5.85199e-06
 Reference value :  5.85299e-06
 Reference value :  5.85399e-06
 Reference value :  5.85499e-06
 Reference value :  5.85599e-06
 Reference value :  5.85699e-06
 Reference value :  5.85799e-06
 Reference value :  5.85899e-06
 Reference value :  5.85999e-06
 Reference value :  5.86099e-06
 Reference value :  5.86199e-06
 Reference value :  5.86349e-06
 Reference value :  5.86499e-06
 Reference value :  5.86622e-06
 Reference value :  5.86652e-06
 Reference value :  5.86675e-06
 Reference value :  5.86696e-06
 Reference value :  5.86717e-06
 Reference value :  5.86718e-06
 Reference value :  5.86726e-06
 Reference value :  5.86737e-06
 Reference value :  5.86787e-06
 Reference value :  5.86862e-06
 Reference value :  5.86962e-06
 Reference value :  5.87062e-06
 Reference value :  5.87162e-06
 Reference value :  5.87262e-06
 Reference value :  5.87362e-06
 Reference value :  5.87462e-06
 Reference value :  5.87612e-06
 Reference value :  5.87762e-06
 Reference value :  5.87912e-06
 Reference value :  5.88012e-06
 Reference value :  5.88162e-06
 Reference value :  5.88262e-06
 Reference value :  5.88362e-06
 Reference value :  5.88462e-06
 Reference value :  5.88562e-06
 Reference value :  5.88662e-06
 Reference value :  5.88762e-06
 Reference value :  5.88862e-06
 Reference value :  5.88962e-06
 Reference value :  5.89062e-06
 Reference value :  5.89162e-06
 Reference value :  5.89262e-06
 Reference value :  5.89362e-06
 Reference value :  5.89462e-06
 Reference value :  5.89562e-06
 Reference value :  5.89662e-06
 Reference value :  5.89762e-06
 Reference value :  5.89862e-06
 Reference value :  5.89962e-06
 Reference value :  5.90062e-06
 Reference value :  5.90162e-06
 Reference value :  5.90262e-06
 Reference value :  5.90362e-06
 Reference value :  5.90462e-06
 Reference value :  5.90562e-06
 Reference value :  5.90662e-06
 Reference value :  5.90748e-06
 Reference value :  5.90788e-06
 Reference value :  5.90818e-06
 Reference value :  5.90851e-06
 Reference value :  5.90883e-06
 Reference value :  5.90896e-06
 Reference value :  5.90948e-06
 Reference value :  5.91033e-06
 Reference value :  5.91133e-06
 Reference value :  5.91233e-06
 Reference value :  5.91333e-06
 Reference value :  5.91433e-06
 Reference value :  5.91533e-06
 Reference value :  5.91633e-06
 Reference value :  5.91783e-06
 Reference value :  5.91883e-06
 Reference value :  5.92033e-06
 Reference value :  5.92133e-06
 Reference value :  5.92233e-06
 Reference value :  5.92333e-06
 Reference value :  5.92483e-06
 Reference value :  5.92583e-06
 Reference value :  5.92733e-06
 Reference value :  5.92833e-06
 Reference value :  5.92983e-06
 Reference value :  5.93083e-06
 Reference value :  5.93183e-06
 Reference value :  5.93283e-06
 Reference value :  5.93383e-06
 Reference value :  5.93483e-06
 Reference value :  5.93583e-06
 Reference value :  5.93683e-06
 Reference value :  5.93783e-06
 Reference value :  5.93883e-06
 Reference value :  5.94033e-06
 Reference value :  5.94133e-06
 Reference value :  5.94233e-06
 Reference value :  5.94333e-06
 Reference value :  5.94483e-06
 Reference value :  5.94583e-06
 Reference value :  5.94783e-06
 Reference value :  5.94916e-06
 Reference value :  5.94955e-06
 Reference value :  5.94985e-06
 Reference value :  5.95008e-06
 Reference value :  5.95029e-06
 Reference value :  5.95050e-06
 Reference value :  5.95053e-06
 Reference value :  5.95067e-06
 Reference value :  5.95083e-06
 Reference value :  5.95122e-06
 Reference value :  5.95204e-06
 Reference value :  5.95304e-06
 Reference value :  5.95404e-06
 Reference value :  5.95504e-06
 Reference value :  5.95604e-06
 Reference value :  5.95704e-06
 Reference value :  5.95854e-06
 Reference value :  5.95954e-06
 Reference value :  5.96104e-06
 Reference value :  5.96204e-06
 Reference value :  5.96304e-06
 Reference value :  5.96404e-06
 Reference value :  5.96554e-06
 Reference value :  5.96704e-06
 Reference value :  5.96804e-06
 Reference value :  5.96904e-06
 Reference value :  5.97004e-06
 Reference value :  5.97104e-06
 Reference value :  5.97254e-06
 Reference value :  5.97354e-06
 Reference value :  5.97454e-06
 Reference value :  5.97554e-06
 Reference value :  5.97654e-06
 Reference value :  5.97754e-06
 Reference value :  5.97854e-06
 Reference value :  5.97954e-06
 Reference value :  5.98054e-06
 Reference value :  5.98154e-06
 Reference value :  5.98304e-06
 Reference value :  5.98404e-06
 Reference value :  5.98504e-06
 Reference value :  5.98604e-06
 Reference value :  5.98754e-06
 Reference value :  5.98854e-06
 Reference value :  5.98954e-06
 Reference value :  5.99054e-06
 Reference value :  5.99117e-06
 Reference value :  5.99132e-06
 Reference value :  5.99184e-06
 Reference value :  5.99217e-06
 Reference value :  5.99230e-06
 Reference value :  5.99281e-06
 Reference value :  5.99366e-06
 Reference value :  5.99466e-06
 Reference value :  5.99566e-06
 Reference value :  5.99666e-06
 Reference value :  5.99766e-06
 Reference value :  5.99916e-06
 Reference value :  6.00016e-06
 Reference value :  6.00116e-06
 Reference value :  6.00216e-06
 Reference value :  6.00366e-06
 Reference value :  6.00466e-06
 Reference value :  6.00566e-06
 Reference value :  6.00666e-06
 Reference value :  6.00766e-06
 Reference value :  6.00866e-06
 Reference value :  6.01016e-06
 Reference value :  6.01116e-06
 Reference value :  6.01216e-06
 Reference value :  6.01316e-06
 Reference value :  6.01416e-06
 Reference value :  6.01566e-06
 Reference value :  6.01666e-06
 Reference value :  6.01766e-06
 Reference value :  6.01916e-06
 Reference value :  6.02016e-06
 Reference value :  6.02166e-06
 Reference value :  6.02266e-06
 Reference value :  6.02366e-06
 Reference value :  6.02466e-06
 Reference value :  6.02566e-06
 Reference value :  6.02716e-06
 Reference value :  6.02816e-06
 Reference value :  6.03016e-06
 Reference value :  6.03166e-06
 Reference value :  6.03283e-06
 Reference value :  6.03318e-06
 Reference value :  6.03351e-06
 Reference value :  6.03383e-06
 Reference value :  6.03393e-06
 Reference value :  6.03404e-06
 Reference value :  6.03435e-06
 Reference value :  6.03500e-06
 Reference value :  6.03593e-06
 Reference value :  6.03693e-06
 Reference value :  6.03793e-06
 Reference value :  6.03893e-06
 Reference value :  6.03993e-06
 Reference value :  6.04093e-06
 Reference value :  6.04193e-06
 Reference value :  6.04293e-06
 Reference value :  6.04393e-06
 Reference value :  6.04543e-06
 Reference value :  6.04693e-06
 Reference value :  6.04843e-06
 Reference value :  6.04943e-06
 Reference value :  6.05093e-06
 Reference value :  6.05193e-06
 Reference value :  6.05293e-06
 Reference value :  6.05393e-06
 Reference value :  6.05493e-06
 Reference value :  6.05593e-06
 Reference value :  6.05693e-06
 Reference value :  6.05793e-06
 Reference value :  6.05943e-06
 Reference value :  6.06043e-06
 Reference value :  6.06143e-06
 Reference value :  6.06293e-06
 Reference value :  6.06393e-06
 Reference value :  6.06543e-06
 Reference value :  6.06643e-06
 Reference value :  6.06743e-06
 Reference value :  6.06893e-06
 Reference value :  6.06993e-06
 Reference value :  6.07143e-06
 Reference value :  6.07243e-06
 Reference value :  6.07343e-06
 Reference value :  6.07450e-06
 Reference value :  6.07485e-06
 Reference value :  6.07517e-06
 Reference value :  6.07555e-06
 Reference value :  6.07583e-06
 Reference value :  6.07657e-06
 Reference value :  6.07757e-06
 Reference value :  6.07857e-06
 Reference value :  6.07957e-06
 Reference value :  6.08057e-06
 Reference value :  6.08157e-06
 Reference value :  6.08257e-06
 Reference value :  6.08357e-06
 Reference value :  6.08457e-06
 Reference value :  6.08557e-06
 Reference value :  6.08657e-06
 Reference value :  6.08757e-06
 Reference value :  6.08857e-06
 Reference value :  6.08957e-06
 Reference value :  6.09107e-06
 Reference value :  6.09207e-06
 Reference value :  6.09307e-06
 Reference value :  6.09457e-06
 Reference value :  6.09557e-06
 Reference value :  6.09707e-06
 Reference value :  6.09807e-06
 Reference value :  6.09907e-06
 Reference value :  6.10057e-06
 Reference value :  6.10207e-06
 Reference value :  6.10357e-06
 Reference value :  6.10507e-06
 Reference value :  6.10657e-06
 Reference value :  6.10807e-06
 Reference value :  6.10957e-06
 Reference value :  6.11107e-06
 Reference value :  6.11207e-06
 Reference value :  6.11357e-06
 Reference value :  6.11507e-06
 Reference value :  6.11617e-06
 Reference value :  6.11632e-06
 Reference value :  6.11656e-06
 Reference value :  6.11680e-06
 Reference value :  6.11698e-06
 Reference value :  6.11717e-06
 Reference value :  6.11724e-06
 Reference value :  6.11731e-06
 Reference value :  6.11747e-06
 Reference value :  6.11757e-06
 Reference value :  6.11777e-06
 Reference value :  6.11799e-06
 Reference value :  6.11823e-06
 Reference value :  6.11906e-06
 Reference value :  6.12056e-06
 Reference value :  6.12206e-06
 Reference value :  6.12306e-06
 Reference value :  6.12406e-06
 Reference value :  6.12506e-06
 Reference value :  6.12606e-06
 Reference value :  6.12706e-06
 Reference value :  6.12806e-06
 Reference value :  6.12906e-06
 Reference value :  6.13056e-06
 Reference value :  6.13206e-06
 Reference value :  6.13356e-06
 Reference value :  6.13456e-06
 Reference value :  6.13606e-06
 Reference value :  6.13756e-06
 Reference value :  6.13856e-06
 Reference value :  6.13956e-06
 Reference value :  6.14056e-06
 Reference value :  6.14156e-06
 Reference value :  6.14256e-06
 Reference value :  6.14406e-06
 Reference value :  6.14556e-06
 Reference value :  6.14706e-06
 Reference value :  6.14806e-06
 Reference value :  6.14956e-06
 Reference value :  6.15106e-06
 Reference value :  6.15256e-06
 Reference value :  6.15356e-06
 Reference value :  6.15506e-06
 Reference value :  6.15656e-06
 Reference value :  6.15783e-06
 Reference value :  6.15798e-06
 Reference value :  6.15851e-06
 Reference value :  6.15888e-06
 Reference value :  6.15942e-06
 Reference value :  6.15972e-06
 Reference value :  6.15998e-06
 Reference value :  6.16021e-06
 Reference value :  6.16068e-06
 Reference value :  6.16137e-06
 Reference value :  6.16237e-06
 Reference value :  6.16337e-06
 Reference value :  6.16437e-06
 Reference value :  6.16587e-06
 Reference value :  6.16737e-06
 Reference value :  6.16887e-06
 Reference value :  6.17037e-06
 Reference value :  6.17187e-06
 Reference value :  6.17337e-06
 Reference value :  6.17487e-06
 Reference value :  6.17637e-06
 Reference value :  6.17787e-06
 Reference value :  6.17937e-06
 Reference value :  6.18087e-06
 Reference value :  6.18237e-06
 Reference value :  6.18387e-06
 Reference value :  6.18537e-06
 Reference value :  6.18687e-06
 Reference value :  6.18837e-06
 Reference value :  6.18937e-06
 Reference value :  6.19087e-06
 Reference value :  6.19187e-06
 Reference value :  6.19337e-06
 Reference value :  6.19487e-06
 Reference value :  6.19637e-06
 Reference value :  6.19787e-06
 Reference value :  6.19887e-06
 Reference value :  6.19955e-06
 Reference value :  6.19985e-06
 Reference value :  6.20009e-06
 Reference value :  6.20029e-06
 Reference value :  6.20050e-06
 Reference value :  6.20053e-06
 Reference value :  6.20070e-06
 Reference value :  6.20093e-06
 Reference value :  6.20105e-06
 Reference value :  6.20117e-06
 Reference value :  6.20128e-06
 Reference value :  6.20152e-06
 Reference value :  6.20231e-06
 Reference value :  6.20381e-06
 Reference value :  6.20481e-06
 Reference value :  6.20631e-06
 Reference value :  6.20781e-06
 Reference value :  6.20881e-06
 Reference value :  6.21031e-06
 Reference value :  6.21181e-06
 Reference value :  6.21281e-06
 Reference value :  6.21381e-06
 Reference value :  6.21531e-06
 Reference value :  6.21681e-06
 Reference value :  6.21831e-06
 Reference value :  6.21931e-06
 Reference value :  6.22081e-06
 Reference value :  6.22231e-06
 Reference value :  6.22331e-06
 Reference value :  6.22481e-06
 Reference value :  6.22631e-06
 Reference value :  6.22781e-06
 Reference value :  6.22931e-06
 Reference value :  6.23081e-06
 Reference value :  6.23231e-06
 Reference value :  6.23381e-06
 Reference value :  6.23531e-06
 Reference value :  6.23681e-06
 Reference value :  6.23831e-06
 Reference value :  6.23931e-06
 Reference value :  6.24074e-06
 Reference value :  6.24132e-06
 Reference value :  6.24184e-06
 Reference value :  6.24221e-06
 Reference value :  6.24247e-06
 Reference value :  6.24275e-06
 Reference value :  6.24305e-06
 Reference value :  6.24331e-06
 Reference value :  6.24354e-06
 Reference value :  6.24401e-06
 Reference value :  6.24433e-06
 Reference value :  6.24521e-06
 Reference value :  6.24671e-06
 Reference value :  6.24771e-06
 Reference value :  6.24871e-06
 Reference value :  6.25021e-06
 Reference value :  6.25171e-06
 Reference value :  6.25321e-06
 Reference value :  6.25471e-06
 Reference value :  6.25621e-06
 Reference value :  6.25771e-06
 Reference value :  6.25921e-06
 Reference value :  6.26071e-06
 Reference value :  6.26221e-06
 Reference value :  6.26371e-06
 Reference value :  6.26521e-06
 Reference value :  6.26721e-06
 Reference value :  6.26871e-06
 Reference value :  6.27021e-06
 Reference value :  6.27121e-06
 Reference value :  6.27271e-06
 Reference value :  6.27371e-06
 Reference value :  6.27521e-06
 Reference value :  6.27671e-06
 Reference value :  6.27821e-06
 Reference value :  6.27971e-06
 Reference value :  6.28121e-06
 Reference value :  6.28252e-06
 Reference value :  6.28298e-06
 Reference value :  6.28333e-06
No. of Data Rows : 14205

  Measurements for Transient Analysis

d9_c1               =  1.81400e-08
d8_c1               =  3.36606e-08
d7_c1               =  1.80000e+00
d6_c1               =  3.08096e-07
d5_c1               =  1.80000e+00
d4_c1               =  1.80000e+00
d3_c1               =  1.80000e+00
d2_c1               =  4.83439e-07
d1_c1               =  6.27223e-07
d0_c1               =  3.23334e-08
d9_c2               =  5.38358e-07
d8_c2               =  1.80000e+00
d7_c2               =  2.99424e-07
d6_c2               =  1.80000e+00
d5_c2               =  1.80000e+00
d4_c2               =  1.80000e+00
d3_c2               =  1.80000e+00
d2_c2               =  1.80000e+00
d1_c2               =  1.80000e+00
d0_c2               =  1.80000e+00
d9_c3               =  1.80001e+00
d8_c3               =  5.57164e-08
d7_c3               =  5.49842e-08
d6_c3               =  5.39663e-08
d5_c3               =  5.27100e-08
d4_c3               =  5.20498e-08
d3_c3               =  5.13210e-08
d2_c3               =  4.98796e-08
d1_c3               =  7.18514e-08
d0_c3               =  -5.47742e-08
d9_c4               =  1.80001e+00
d8_c4               =  5.58763e-08
d7_c4               =  1.80000e+00
d6_c4               =  5.45143e-08
d5_c4               =  5.26237e-08
d4_c4               =  5.11135e-08
d3_c4               =  5.12934e-08
d2_c4               =  4.97865e-08
d1_c4               =  7.18173e-08
d0_c4               =  1.80000e+00
d9_c5               =  1.80001e+00
d8_c5               =  1.80000e+00
d7_c5               =  1.80000e+00
d6_c5               =  1.80000e+00
d5_c5               =  1.80000e+00
d4_c5               =  1.80000e+00
d3_c5               =  1.80000e+00
d2_c5               =  1.80000e+00
d1_c5               =  1.80000e+00
d0_c5               =  1.80000e+00
busy_c1_p0          =  1.80000e+00
smpl_c1_p0          =  -3.31437e-04
busy_c1_p1          =  1.80000e+00
smpl_c1_p1          =  -1.89406e-05
busy_c1_p2          =  1.80000e+00
smpl_c1_p2          =  -6.89035e-06
busy_c1_p3          =  1.80000e+00
smpl_c1_p3          =  -1.86129e-05
busy_c1_p4          =  1.80000e+00
smpl_c1_p4          =  -1.82644e-05
busy_c1_p5          =  1.80000e+00
smpl_c1_p5          =  -1.85381e-05
busy_c1_p6          =  1.80000e+00
smpl_c1_p6          =  -1.85970e-05
busy_c1_p7          =  1.80000e+00
smpl_c1_p7          =  -1.86112e-05
busy_c1_p8          =  1.80000e+00
smpl_c1_p8          =  -1.85971e-05
busy_c1_p9          =  1.80000e+00
smpl_c1_p9          =  -1.85978e-05
busy_c1_p10         =  1.80000e+00
smpl_c1_p10         =  -1.85946e-05
busy_c1_p11         =  1.86473e-06
smpl_c1_p11         =  1.80014e+00
busy_c2_p0          =  1.80000e+00
smpl_c2_p0          =  -3.31615e-04
busy_c2_p1          =  1.80000e+00
smpl_c2_p1          =  -1.85664e-05
busy_c2_p2          =  1.80000e+00
smpl_c2_p2          =  -1.83239e-05
busy_c2_p3          =  1.80000e+00
smpl_c2_p3          =  -1.85665e-05
busy_c2_p4          =  1.80000e+00
smpl_c2_p4          =  -1.84397e-05
busy_c2_p5          =  1.80000e+00
smpl_c2_p5          =  -1.83679e-05
busy_c2_p6          =  1.80000e+00
smpl_c2_p6          =  -1.83450e-05
busy_c2_p7          =  1.80000e+00
smpl_c2_p7          =  -1.83276e-05
busy_c2_p8          =  1.80000e+00
smpl_c2_p8          =  -1.83209e-05
busy_c2_p9          =  1.80000e+00
smpl_c2_p9          =  -1.83266e-05
busy_c2_p10         =  1.80000e+00
smpl_c2_p10         =  -1.83252e-05
busy_c2_p11         =  7.72565e-07
smpl_c2_p11         =  1.80014e+00
busy_c3_p0          =  1.80000e+00
smpl_c3_p0          =  -3.31349e-04
busy_c3_p1          =  1.80000e+00
smpl_c3_p1          =  -1.85468e-05
busy_c3_p2          =  1.80000e+00
smpl_c3_p2          =  -1.85901e-05
busy_c3_p3          =  1.80000e+00
smpl_c3_p3          =  -1.84770e-05
busy_c3_p4          =  1.80000e+00
smpl_c3_p4          =  -1.83285e-05
busy_c3_p5          =  1.80000e+00
smpl_c3_p5          =  -1.82421e-05
busy_c3_p6          =  1.80000e+00
smpl_c3_p6          =  -1.82108e-05
busy_c3_p7          =  1.80000e+00
smpl_c3_p7          =  -1.81866e-05
busy_c3_p8          =  1.80000e+00
smpl_c3_p8          =  -1.81751e-05
busy_c3_p9          =  1.80000e+00
smpl_c3_p9          =  -1.81825e-05
busy_c3_p10         =  1.80000e+00
smpl_c3_p10         =  -1.81823e-05
busy_c3_p11         =  1.26639e-06
smpl_c3_p11         =  1.80014e+00
busy_c4_p0          =  1.80000e+00
smpl_c4_p0          =  -3.31750e-04
busy_c4_p1          =  1.80000e+00
smpl_c4_p1          =  -1.85932e-05
busy_c4_p2          =  1.80000e+00
smpl_c4_p2          =  -1.83352e-05
busy_c4_p3          =  1.80000e+00
smpl_c4_p3          =  -1.85697e-05
busy_c4_p4          =  1.80000e+00
smpl_c4_p4          =  -1.84482e-05
busy_c4_p5          =  1.80000e+00
smpl_c4_p5          =  -1.83776e-05
busy_c4_p6          =  1.80000e+00
smpl_c4_p6          =  -1.83561e-05
busy_c4_p7          =  1.80000e+00
smpl_c4_p7          =  -1.83421e-05
busy_c4_p8          =  1.80000e+00
smpl_c4_p8          =  -1.83317e-05
busy_c4_p9          =  1.80000e+00
smpl_c4_p9          =  -1.83376e-05
busy_c4_p10         =  1.80000e+00
smpl_c4_p10         =  -1.83372e-05
busy_c4_p11         =  2.33168e-06
smpl_c4_p11         =  1.80014e+00
busy_c5_p0          =  1.80000e+00
smpl_c5_p0          =  -3.31764e-04
busy_c5_p1          =  1.80000e+00
smpl_c5_p1          =  -1.89165e-05
busy_c5_p2          =  1.80000e+00
smpl_c5_p2          =  -6.95476e-06
busy_c5_p3          =  1.80000e+00
smpl_c5_p3          =  -6.14064e-06
busy_c5_p4          =  1.80000e+00
smpl_c5_p4          =  -8.37281e-06
busy_c5_p5          =  1.80000e+00
smpl_c5_p5          =  -1.10994e-05
busy_c5_p6          =  1.80000e+00
smpl_c5_p6          =  -1.34038e-05
busy_c5_p7          =  1.80000e+00
smpl_c5_p7          =  -1.49243e-05
busy_c5_p8          =  1.80000e+00
smpl_c5_p8          =  -1.58748e-05
busy_c5_p9          =  1.80000e+00
smpl_c5_p9          =  -1.64892e-05
busy_c5_p10         =  1.80000e+00
smpl_c5_p10         =  -1.69043e-05
busy_c5_p11         =  1.77529e-06
smpl_c5_p11         =  1.80014e+00
i_vdd               =  -2.39115e-06 from=  3.20000e-06 to=  4.20009e-06
i_vpwr              =  -8.23061e-06 from=  3.20000e-06 to=  4.20009e-06
i_vrefp             =  -6.69932e-06 from=  3.20000e-06 to=  4.20009e-06
i_vrefn             =  6.65781e-06 from=  3.20000e-06 to=  4.20009e-06
i_vcm               =  3.68658e-08 from=  3.20000e-06 to=  4.20009e-06


Total analysis time (seconds) = 994.382

Total elapsed time (seconds) = 1030.570 

Total DRAM available = 31552.211 MB.
DRAM currently available = 13608.926 MB.
Maximum ngspice program size =  826.871 MB.
Current ngspice program size =  763.535 MB.

Shared ngspice pages =    8.383 MB.
Text (code) pages =    6.355 MB.
Stack = 0 bytes.
Library pages =  812.184 MB.

