
Note: Compatibility modes selected: hs a


Circuit: * sim/full-conversion-transient -- end-to-end full-conversion transient

option SCALE: Scale is set to 1e-06 for instance and model parameters
option SCALE: Scale is set to 1e-06 for instance and model parameters
option SCALE: Scale is set to 1e-06 for instance and model parameters
option SCALE: Scale is set to 1e-06 for instance and model parameters
Doing analysis at TEMP = 27.000000 and TNOM = 27.000000

Using KLU as Direct Linear Solver
 Reference value :  0.00000e+00
 Reference value :  4.00000e-11
 Reference value :  3.20000e-10
 Reference value :  2.14000e-09
 Reference value :  4.14000e-09
 Reference value :  6.14000e-09
 Reference value :  8.14000e-09
 Reference value :  9.64000e-09
 Reference value :  1.11400e-08
 Reference value :  1.31400e-08
 Reference value :  1.56400e-08
 Reference value :  1.71400e-08
 Reference value :  1.86400e-08
 Reference value :  2.00000e-08
 Reference value :  2.01500e-08
 Reference value :  2.06750e-08
 Reference value :  2.11500e-08
 Reference value :  2.17500e-08
 Reference value :  2.27500e-08
 Reference value :  2.42500e-08
 Reference value :  2.52500e-08
 Reference value :  2.62500e-08
 Reference value :  2.77500e-08
 Reference value :  2.92500e-08
 Reference value :  3.07500e-08
 Reference value :  3.22500e-08
 Reference value :  3.37500e-08
 Reference value :  3.52500e-08
 Reference value :  3.67500e-08
 Reference value :  3.82500e-08
 Reference value :  3.97500e-08
 Reference value :  4.12500e-08
 Reference value :  4.22500e-08
 Reference value :  4.32500e-08
 Reference value :  4.47500e-08
 Reference value :  4.57500e-08
 Reference value :  4.67500e-08
 Reference value :  4.82500e-08
 Reference value :  4.97500e-08
 Reference value :  5.07500e-08
 Reference value :  5.17500e-08
 Reference value :  5.27500e-08
 Reference value :  5.37500e-08
 Reference value :  5.52500e-08
 Reference value :  5.67500e-08
 Reference value :  5.77500e-08
 Reference value :  5.92500e-08
 Reference value :  6.02500e-08
 Reference value :  6.17500e-08
 Reference value :  6.27500e-08
 Reference value :  6.37500e-08
 Reference value :  6.52500e-08
 Reference value :  6.62500e-08
 Reference value :  6.77500e-08
 Reference value :  6.92500e-08
 Reference value :  7.07500e-08
 Reference value :  7.22500e-08
 Reference value :  7.32500e-08
 Reference value :  7.42500e-08
 Reference value :  7.57500e-08
 Reference value :  7.67500e-08
 Reference value :  7.77500e-08
 Reference value :  7.92500e-08
 Reference value :  8.07500e-08
 Reference value :  8.22500e-08
 Reference value :  8.37500e-08
 Reference value :  8.52500e-08
 Reference value :  8.67500e-08
 Reference value :  8.82500e-08
 Reference value :  8.92500e-08
 Reference value :  9.07500e-08
 Reference value :  9.22500e-08
 Reference value :  9.37500e-08
 Reference value :  9.52500e-08
 Reference value :  9.67500e-08
 Reference value :  9.82500e-08
 Reference value :  9.97500e-08
 Reference value :  1.01250e-07
 Reference value :  1.02750e-07
 Reference value :  1.04250e-07
 Reference value :  1.05750e-07
 Reference value :  1.07250e-07
 Reference value :  1.08750e-07
 Reference value :  1.10250e-07
 Reference value :  1.11750e-07
 Reference value :  1.13250e-07
 Reference value :  1.14250e-07
 Reference value :  1.15750e-07
 Reference value :  1.17250e-07
 Reference value :  1.18250e-07
 Reference value :  1.19750e-07
 Reference value :  1.21250e-07
 Reference value :  1.22750e-07
 Reference value :  1.24250e-07
 Reference value :  1.25750e-07
 Reference value :  1.27750e-07
 Reference value :  1.29750e-07
 Reference value :  1.31250e-07
 Reference value :  1.33250e-07
 Reference value :  1.35250e-07
 Reference value :  1.37250e-07
 Reference value :  1.39250e-07
 Reference value :  1.41750e-07
 Reference value :  1.44250e-07
 Reference value :  1.46250e-07
 Reference value :  1.48750e-07
 Reference value :  1.50750e-07
 Reference value :  1.52250e-07
 Reference value :  1.54250e-07
 Reference value :  1.56250e-07
 Reference value :  1.58250e-07
 Reference value :  1.59750e-07
 Reference value :  1.62250e-07
 Reference value :  1.63750e-07
 Reference value :  1.65750e-07
 Reference value :  1.67750e-07
 Reference value :  1.69250e-07
 Reference value :  1.70750e-07
 Reference value :  1.72250e-07
 Reference value :  1.74250e-07
 Reference value :  1.75750e-07
 Reference value :  1.77750e-07
 Reference value :  1.79750e-07
 Reference value :  1.81250e-07
 Reference value :  1.82750e-07
 Reference value :  1.84750e-07
 Reference value :  1.86250e-07
 Reference value :  1.88250e-07
 Reference value :  1.90250e-07
 Reference value :  1.92250e-07
 Reference value :  1.94250e-07
 Reference value :  1.96250e-07
 Reference value :  1.97750e-07
 Reference value :  1.99125e-07
 Reference value :  1.99650e-07
 Reference value :  2.00175e-07
 Reference value :  2.00337e-07
 Reference value :  2.00500e-07
 Reference value :  2.00597e-07
 Reference value :  2.00847e-07
 Reference value :  2.00960e-07
 Reference value :  2.01222e-07
 Reference value :  2.01325e-07
 Reference value :  2.01439e-07
 Reference value :  2.01720e-07
 Reference value :  2.02318e-07
 Reference value :  2.03318e-07
 Reference value :  2.04318e-07
 Reference value :  2.05318e-07
 Reference value :  2.06318e-07
 Reference value :  2.07318e-07
 Reference value :  2.08318e-07
 Reference value :  2.09318e-07
 Reference value :  2.10318e-07
 Reference value :  2.11818e-07
 Reference value :  2.12818e-07
 Reference value :  2.14318e-07
 Reference value :  2.15818e-07
 Reference value :  2.17818e-07
 Reference value :  2.19818e-07
 Reference value :  2.21318e-07
 Reference value :  2.22318e-07
 Reference value :  2.23318e-07
 Reference value :  2.25318e-07
 Reference value :  2.26818e-07
 Reference value :  2.28318e-07
 Reference value :  2.29818e-07
 Reference value :  2.30818e-07
 Reference value :  2.31818e-07
 Reference value :  2.32818e-07
 Reference value :  2.34318e-07
 Reference value :  2.35318e-07
 Reference value :  2.36818e-07
 Reference value :  2.38318e-07
 Reference value :  2.39818e-07
 Reference value :  2.41167e-07
 Reference value :  2.41517e-07
 Reference value :  2.42167e-07
 Reference value :  2.42217e-07
 Reference value :  2.42317e-07
 Reference value :  2.42716e-07
 Reference value :  2.43572e-07
 Reference value :  2.44000e-07
 Reference value :  2.44321e-07
 Reference value :  2.44661e-07
 Reference value :  2.44999e-07
 Reference value :  2.45999e-07
 Reference value :  2.46999e-07
 Reference value :  2.47999e-07
 Reference value :  2.49499e-07
 Reference value :  2.50999e-07
 Reference value :  2.51999e-07
 Reference value :  2.53499e-07
 Reference value :  2.54499e-07
 Reference value :  2.55499e-07
 Reference value :  2.56499e-07
 Reference value :  2.57499e-07
 Reference value :  2.58499e-07
 Reference value :  2.59999e-07
 Reference value :  2.61499e-07
 Reference value :  2.62499e-07
 Reference value :  2.63499e-07
 Reference value :  2.64999e-07
 Reference value :  2.66499e-07
 Reference value :  2.67499e-07
 Reference value :  2.68499e-07
 Reference value :  2.69999e-07
 Reference value :  2.71499e-07
 Reference value :  2.72999e-07
 Reference value :  2.74499e-07
 Reference value :  2.75999e-07
 Reference value :  2.77499e-07
 Reference value :  2.78499e-07
 Reference value :  2.79499e-07
 Reference value :  2.80499e-07
 Reference value :  2.81499e-07
 Reference value :  2.82416e-07
 Reference value :  2.82883e-07
 Reference value :  2.83183e-07
 Reference value :  2.83508e-07
 Reference value :  2.83671e-07
 Reference value :  2.83833e-07
 Reference value :  2.83931e-07
 Reference value :  2.84254e-07
 Reference value :  2.84599e-07
 Reference value :  2.84725e-07
 Reference value :  2.84859e-07
 Reference value :  2.85168e-07
 Reference value :  2.85410e-07
 Reference value :  2.86039e-07
 Reference value :  2.86940e-07
 Reference value :  2.87940e-07
 Reference value :  2.88940e-07
 Reference value :  2.89940e-07
 Reference value :  2.90940e-07
 Reference value :  2.91940e-07
 Reference value :  2.93440e-07
 Reference value :  2.94440e-07
 Reference value :  2.95940e-07
 Reference value :  2.96940e-07
 Reference value :  2.97940e-07
 Reference value :  2.98940e-07
 Reference value :  2.99940e-07
 Reference value :  3.00940e-07
 Reference value :  3.01940e-07
 Reference value :  3.02940e-07
 Reference value :  3.04440e-07
 Reference value :  3.05440e-07
 Reference value :  3.06440e-07
 Reference value :  3.07940e-07
 Reference value :  3.08940e-07
 Reference value :  3.09940e-07
 Reference value :  3.10940e-07
 Reference value :  3.11940e-07
 Reference value :  3.12940e-07
 Reference value :  3.13940e-07
 Reference value :  3.14940e-07
 Reference value :  3.15940e-07
 Reference value :  3.16940e-07
 Reference value :  3.18440e-07
 Reference value :  3.19440e-07
 Reference value :  3.20940e-07
 Reference value :  3.21940e-07
 Reference value :  3.22940e-07
 Reference value :  3.24220e-07
 Reference value :  3.24550e-07
 Reference value :  3.24850e-07
 Reference value :  3.25500e-07
 Reference value :  3.25550e-07
 Reference value :  3.25650e-07
 Reference value :  3.26049e-07
 Reference value :  3.26920e-07
 Reference value :  3.27920e-07
 Reference value :  3.29420e-07
 Reference value :  3.30920e-07
 Reference value :  3.31920e-07
 Reference value :  3.32920e-07
 Reference value :  3.33920e-07
 Reference value :  3.34920e-07
 Reference value :  3.35920e-07
 Reference value :  3.37420e-07
 Reference value :  3.38420e-07
 Reference value :  3.39920e-07
 Reference value :  3.40920e-07
 Reference value :  3.42420e-07
 Reference value :  3.43420e-07
 Reference value :  3.44420e-07
 Reference value :  3.45920e-07
 Reference value :  3.47420e-07
 Reference value :  3.48420e-07
 Reference value :  3.49420e-07
 Reference value :  3.50920e-07
 Reference value :  3.51920e-07
 Reference value :  3.52920e-07
 Reference value :  3.53920e-07
 Reference value :  3.54920e-07
 Reference value :  3.55920e-07
 Reference value :  3.56920e-07
 Reference value :  3.57920e-07
 Reference value :  3.58920e-07
 Reference value :  3.60420e-07
 Reference value :  3.61420e-07
 Reference value :  3.62420e-07
 Reference value :  3.63420e-07
 Reference value :  3.64420e-07
 Reference value :  3.65794e-07
 Reference value :  3.66217e-07
 Reference value :  3.66842e-07
 Reference value :  3.67004e-07
 Reference value :  3.67167e-07
 Reference value :  3.67264e-07
 Reference value :  3.67609e-07
 Reference value :  3.68074e-07
 Reference value :  3.68982e-07
 Reference value :  3.70482e-07
 Reference value :  3.71482e-07
 Reference value :  3.72482e-07
 Reference value :  3.73482e-07
 Reference value :  3.74482e-07
 Reference value :  3.75482e-07
 Reference value :  3.76482e-07
 Reference value :  3.77482e-07
 Reference value :  3.78482e-07
 Reference value :  3.79482e-07
 Reference value :  3.80982e-07
 Reference value :  3.81982e-07
 Reference value :  3.82982e-07
 Reference value :  3.83982e-07
 Reference value :  3.84982e-07
 Reference value :  3.85982e-07
 Reference value :  3.86982e-07
 Reference value :  3.87982e-07
 Reference value :  3.88982e-07
 Reference value :  3.89982e-07
 Reference value :  3.90982e-07
 Reference value :  3.91982e-07
 Reference value :  3.92982e-07
 Reference value :  3.93982e-07
 Reference value :  3.94982e-07
 Reference value :  3.95982e-07
 Reference value :  3.96982e-07
 Reference value :  3.97982e-07
 Reference value :  3.99482e-07
 Reference value :  4.00482e-07
 Reference value :  4.01482e-07
 Reference value :  4.02482e-07
 Reference value :  4.03982e-07
 Reference value :  4.04982e-07
 Reference value :  4.05982e-07
 Reference value :  4.06982e-07
 Reference value :  4.07833e-07
 Reference value :  4.07983e-07
 Reference value :  4.08508e-07
 Reference value :  4.08833e-07
 Reference value :  4.08883e-07
 Reference value :  4.09183e-07
 Reference value :  4.09780e-07
 Reference value :  4.10751e-07
 Reference value :  4.11219e-07
 Reference value :  4.12219e-07
 Reference value :  4.13719e-07
 Reference value :  4.14719e-07
 Reference value :  4.15719e-07
 Reference value :  4.16719e-07
 Reference value :  4.17719e-07
 Reference value :  4.18719e-07
 Reference value :  4.19719e-07
 Reference value :  4.20719e-07
 Reference value :  4.21719e-07
 Reference value :  4.22719e-07
 Reference value :  4.23719e-07
 Reference value :  4.25219e-07
 Reference value :  4.26219e-07
 Reference value :  4.27219e-07
 Reference value :  4.28719e-07
 Reference value :  4.30219e-07
 Reference value :  4.31719e-07
 Reference value :  4.33219e-07
 Reference value :  4.34219e-07
 Reference value :  4.35219e-07
 Reference value :  4.36219e-07
 Reference value :  4.37719e-07
 Reference value :  4.38719e-07
 Reference value :  4.39719e-07
 Reference value :  4.40719e-07
 Reference value :  4.42219e-07
 Reference value :  4.43219e-07
 Reference value :  4.44219e-07
 Reference value :  4.45219e-07
 Reference value :  4.46219e-07
 Reference value :  4.47219e-07
 Reference value :  4.48719e-07
 Reference value :  4.49500e-07
 Reference value :  4.49650e-07
 Reference value :  4.50175e-07
 Reference value :  4.50337e-07
 Reference value :  4.50500e-07
 Reference value :  4.50597e-07
 Reference value :  4.50915e-07
 Reference value :  4.51125e-07
 Reference value :  4.51277e-07
 Reference value :  4.51580e-07
 Reference value :  4.51754e-07
 Reference value :  4.52221e-07
 Reference value :  4.52942e-07
 Reference value :  4.53942e-07
 Reference value :  4.54942e-07
 Reference value :  4.55942e-07
 Reference value :  4.56942e-07
 Reference value :  4.57942e-07
 Reference value :  4.58942e-07
 Reference value :  4.60442e-07
 Reference value :  4.61942e-07
 Reference value :  4.62942e-07
 Reference value :  4.63942e-07
 Reference value :  4.64942e-07
 Reference value :  4.66442e-07
 Reference value :  4.67442e-07
 Reference value :  4.68442e-07
 Reference value :  4.69442e-07
 Reference value :  4.70442e-07
 Reference value :  4.71442e-07
 Reference value :  4.72442e-07
 Reference value :  4.73442e-07
 Reference value :  4.74442e-07
 Reference value :  4.75942e-07
 Reference value :  4.77442e-07
 Reference value :  4.78942e-07
 Reference value :  4.80442e-07
 Reference value :  4.81942e-07
 Reference value :  4.82942e-07
 Reference value :  4.84442e-07
 Reference value :  4.85942e-07
 Reference value :  4.87442e-07
 Reference value :  4.88442e-07
 Reference value :  4.89942e-07
 Reference value :  4.90804e-07
 Reference value :  4.91317e-07
 Reference value :  4.91842e-07
 Reference value :  4.92167e-07
 Reference value :  4.92217e-07
 Reference value :  4.92317e-07
 Reference value :  4.92716e-07
 Reference value :  4.93591e-07
 Reference value :  4.94591e-07
 Reference value :  4.95591e-07
 Reference value :  4.96591e-07
 Reference value :  4.98091e-07
 Reference value :  4.99091e-07
 Reference value :  5.00091e-07
 Reference value :  5.01091e-07
 Reference value :  5.02091e-07
 Reference value :  5.03091e-07
 Reference value :  5.04591e-07
 Reference value :  5.05591e-07
 Reference value :  5.06591e-07
 Reference value :  5.08091e-07
 Reference value :  5.09091e-07
 Reference value :  5.10091e-07
 Reference value :  5.11591e-07
 Reference value :  5.12591e-07
 Reference value :  5.13591e-07
 Reference value :  5.14591e-07
 Reference value :  5.15591e-07
 Reference value :  5.16591e-07
 Reference value :  5.17591e-07
 Reference value :  5.18591e-07
 Reference value :  5.20091e-07
 Reference value :  5.21591e-07
 Reference value :  5.23091e-07
 Reference value :  5.24591e-07
 Reference value :  5.26091e-07
 Reference value :  5.27591e-07
 Reference value :  5.29091e-07
 Reference value :  5.30091e-07
 Reference value :  5.31091e-07
 Reference value :  5.32091e-07
 Reference value :  5.32883e-07
 Reference value :  5.33508e-07
 Reference value :  5.33671e-07
 Reference value :  5.33833e-07
 Reference value :  5.33931e-07
 Reference value :  5.34276e-07
 Reference value :  5.34744e-07
 Reference value :  5.35934e-07
 Reference value :  5.37434e-07
 Reference value :  5.38434e-07
 Reference value :  5.39934e-07
 Reference value :  5.41434e-07
 Reference value :  5.42434e-07
 Reference value :  5.43434e-07
 Reference value :  5.44934e-07
 Reference value :  5.45934e-07
 Reference value :  5.46934e-07
 Reference value :  5.47934e-07
 Reference value :  5.48934e-07
 Reference value :  5.49934e-07
 Reference value :  5.50934e-07
 Reference value :  5.51934e-07
 Reference value :  5.53434e-07
 Reference value :  5.54434e-07
 Reference value :  5.55434e-07
 Reference value :  5.56934e-07
 Reference value :  5.57934e-07
 Reference value :  5.59434e-07
 Reference value :  5.60934e-07
 Reference value :  5.61934e-07
 Reference value :  5.63434e-07
 Reference value :  5.64434e-07
 Reference value :  5.65434e-07
 Reference value :  5.66934e-07
 Reference value :  5.67934e-07
 Reference value :  5.69434e-07
 Reference value :  5.70434e-07
 Reference value :  5.71434e-07
 Reference value :  5.72434e-07
 Reference value :  5.73434e-07
 Reference value :  5.74500e-07
 Reference value :  5.74650e-07
 Reference value :  5.75175e-07
 Reference value :  5.75500e-07
 Reference value :  5.75650e-07
 Reference value :  5.76049e-07
 Reference value :  5.76918e-07
 Reference value :  5.77901e-07
 Reference value :  5.78901e-07
 Reference value :  5.80401e-07
 Reference value :  5.81401e-07
 Reference value :  5.82401e-07
 Reference value :  5.83401e-07
 Reference value :  5.84401e-07
 Reference value :  5.85401e-07
 Reference value :  5.86901e-07
 Reference value :  5.88401e-07
 Reference value :  5.89401e-07
 Reference value :  5.90401e-07
 Reference value :  5.91401e-07
 Reference value :  5.92401e-07
 Reference value :  5.93401e-07
 Reference value :  5.94901e-07
 Reference value :  5.96401e-07
 Reference value :  5.97901e-07
 Reference value :  5.98901e-07
 Reference value :  5.99901e-07
 Reference value :  6.00901e-07
 Reference value :  6.01901e-07
 Reference value :  6.02901e-07
 Reference value :  6.04401e-07
 Reference value :  6.05901e-07
 Reference value :  6.07401e-07
 Reference value :  6.08401e-07
 Reference value :  6.09901e-07
 Reference value :  6.10401e-07
 Reference value :  6.10901e-07
 Reference value :  6.11901e-07
 Reference value :  6.12901e-07
 Reference value :  6.13901e-07
 Reference value :  6.14901e-07
 Reference value :  6.15784e-07
 Reference value :  6.16217e-07
 Reference value :  6.16842e-07
 Reference value :  6.17004e-07
 Reference value :  6.17167e-07
 Reference value :  6.17264e-07
 Reference value :  6.17580e-07
 Reference value :  6.17791e-07
 Reference value :  6.17945e-07
 Reference value :  6.18115e-07
 Reference value :  6.18294e-07
 Reference value :  6.18503e-07
 Reference value :  6.19149e-07
 Reference value :  6.20067e-07
 Reference value :  6.21067e-07
 Reference value :  6.22067e-07
 Reference value :  6.23067e-07
 Reference value :  6.24067e-07
 Reference value :  6.25067e-07
 Reference value :  6.26567e-07
 Reference value :  6.27567e-07
 Reference value :  6.29067e-07
 Reference value :  6.30067e-07
 Reference value :  6.31567e-07
 Reference value :  6.32567e-07
 Reference value :  6.33567e-07
 Reference value :  6.34567e-07
 Reference value :  6.36067e-07
 Reference value :  6.37067e-07
 Reference value :  6.38067e-07
 Reference value :  6.39067e-07
 Reference value :  6.40067e-07
 Reference value :  6.41067e-07
 Reference value :  6.42567e-07
 Reference value :  6.44067e-07
 Reference value :  6.45067e-07
 Reference value :  6.46567e-07
 Reference value :  6.48067e-07
 Reference value :  6.49567e-07
 Reference value :  6.50567e-07
 Reference value :  6.52067e-07
 Reference value :  6.53567e-07
 Reference value :  6.54567e-07
 Reference value :  6.56067e-07
 Reference value :  6.57450e-07
 Reference value :  6.57983e-07
 Reference value :  6.58833e-07
 Reference value :  6.58883e-07
 Reference value :  6.58983e-07
 Reference value :  6.59382e-07
 Reference value :  6.60253e-07
 Reference value :  6.61253e-07
 Reference value :  6.62253e-07
 Reference value :  6.63253e-07
 Reference value :  6.64753e-07
 Reference value :  6.65753e-07
 Reference value :  6.67253e-07
 Reference value :  6.68753e-07
 Reference value :  6.70253e-07
 Reference value :  6.71753e-07
 Reference value :  6.73253e-07
 Reference value :  6.74753e-07
 Reference value :  6.76253e-07
 Reference value :  6.77253e-07
 Reference value :  6.78753e-07
 Reference value :  6.80253e-07
 Reference value :  6.81753e-07
 Reference value :  6.82753e-07
 Reference value :  6.84253e-07
 Reference value :  6.85253e-07
 Reference value :  6.86253e-07
 Reference value :  6.87753e-07
 Reference value :  6.89253e-07
 Reference value :  6.90753e-07
 Reference value :  6.92253e-07
 Reference value :  6.93753e-07
 Reference value :  6.94753e-07
 Reference value :  6.95753e-07
 Reference value :  6.96753e-07
 Reference value :  6.97753e-07
 Reference value :  6.98753e-07
 Reference value :  6.99500e-07
 Reference value :  6.99850e-07
 Reference value :  7.00175e-07
 Reference value :  7.00337e-07
 Reference value :  7.00500e-07
 Reference value :  7.00597e-07
 Reference value :  7.00925e-07
 Reference value :  7.01370e-07
 Reference value :  7.01979e-07
 Reference value :  7.03384e-07
 Reference value :  7.04384e-07
 Reference value :  7.05384e-07
 Reference value :  7.06884e-07
 Reference value :  7.08384e-07
 Reference value :  7.09884e-07
 Reference value :  7.10884e-07
 Reference value :  7.12384e-07
 Reference value :  7.14384e-07
 Reference value :  7.16384e-07
 Reference value :  7.17384e-07
 Reference value :  7.18384e-07
 Reference value :  7.19384e-07
 Reference value :  7.20384e-07
 Reference value :  7.21384e-07
 Reference value :  7.22884e-07
 Reference value :  7.24384e-07
 Reference value :  7.25884e-07
 Reference value :  7.27384e-07
 Reference value :  7.28384e-07
 Reference value :  7.29884e-07
 Reference value :  7.30884e-07
 Reference value :  7.32384e-07
 Reference value :  7.33884e-07
 Reference value :  7.34884e-07
 Reference value :  7.36384e-07
 Reference value :  7.37384e-07
 Reference value :  7.38884e-07
 Reference value :  7.39884e-07
 Reference value :  7.41167e-07
 Reference value :  7.41517e-07
 Reference value :  7.42167e-07
 Reference value :  7.42217e-07
 Reference value :  7.42317e-07
 Reference value :  7.42716e-07
 Reference value :  7.43586e-07
 Reference value :  7.44086e-07
 Reference value :  7.45077e-07
 Reference value :  7.46077e-07
 Reference value :  7.47577e-07
 Reference value :  7.48577e-07
 Reference value :  7.50077e-07
 Reference value :  7.51577e-07
 Reference value :  7.52577e-07
 Reference value :  7.54077e-07
 Reference value :  7.55577e-07
 Reference value :  7.57077e-07
 Reference value :  7.58077e-07
 Reference value :  7.59577e-07
 Reference value :  7.60577e-07
 Reference value :  7.62077e-07
 Reference value :  7.63077e-07
 Reference value :  7.64577e-07
 Reference value :  7.66077e-07
 Reference value :  7.67577e-07
 Reference value :  7.68577e-07
 Reference value :  7.70077e-07
 Reference value :  7.71577e-07
 Reference value :  7.73077e-07
 Reference value :  7.74577e-07
 Reference value :  7.76077e-07
 Reference value :  7.77577e-07
 Reference value :  7.78577e-07
 Reference value :  7.79577e-07
 Reference value :  7.81077e-07
 Reference value :  7.82455e-07
 Reference value :  7.82983e-07
 Reference value :  7.83508e-07
 Reference value :  7.83671e-07
 Reference value :  7.83833e-07
 Reference value :  7.83857e-07
 Reference value :  7.83996e-07
 Reference value :  7.84203e-07
 Reference value :  7.84467e-07
 Reference value :  7.84784e-07
 Reference value :  7.85875e-07
 Reference value :  7.87375e-07
 Reference value :  7.88875e-07
 Reference value :  7.90375e-07
 Reference value :  7.91875e-07
 Reference value :  7.93375e-07
 Reference value :  7.94375e-07
 Reference value :  7.95875e-07
 Reference value :  7.97875e-07
 Reference value :  7.99375e-07
 Reference value :  8.00875e-07
 Reference value :  8.02875e-07
 Reference value :  8.04375e-07
 Reference value :  8.05875e-07
 Reference value :  8.07375e-07
 Reference value :  8.08875e-07
 Reference value :  8.10375e-07
 Reference value :  8.11875e-07
 Reference value :  8.13375e-07
 Reference value :  8.14875e-07
 Reference value :  8.16375e-07
 Reference value :  8.18375e-07
 Reference value :  8.19875e-07
 Reference value :  8.21375e-07
 Reference value :  8.22375e-07
 Reference value :  8.23875e-07
 Reference value :  8.24550e-07
 Reference value :  8.25175e-07
 Reference value :  8.25500e-07
 Reference value :  8.25550e-07
 Reference value :  8.25650e-07
 Reference value :  8.26049e-07
 Reference value :  8.26919e-07
 Reference value :  8.27907e-07
 Reference value :  8.29407e-07
 Reference value :  8.30407e-07
 Reference value :  8.31907e-07
 Reference value :  8.33407e-07
 Reference value :  8.34907e-07
 Reference value :  8.36407e-07
 Reference value :  8.38407e-07
 Reference value :  8.40407e-07
 Reference value :  8.42407e-07
 Reference value :  8.43907e-07
 Reference value :  8.45407e-07
 Reference value :  8.46407e-07
 Reference value :  8.47907e-07
 Reference value :  8.48907e-07
 Reference value :  8.49907e-07
 Reference value :  8.50907e-07
 Reference value :  8.52407e-07
 Reference value :  8.53407e-07
 Reference value :  8.54907e-07
 Reference value :  8.56907e-07
 Reference value :  8.58407e-07
 Reference value :  8.59907e-07
 Reference value :  8.61407e-07
 Reference value :  8.62407e-07
 Reference value :  8.63407e-07
 Reference value :  8.64907e-07
 Reference value :  8.66167e-07
 Reference value :  8.66317e-07
 Reference value :  8.66842e-07
 Reference value :  8.67004e-07
 Reference value :  8.67167e-07
 Reference value :  8.67264e-07
 Reference value :  8.67425e-07
 Reference value :  8.67692e-07
 Reference value :  8.67838e-07
 Reference value :  8.68151e-07
 Reference value :  8.68695e-07
 Reference value :  8.69695e-07
 Reference value :  8.71195e-07
 Reference value :  8.72695e-07
 Reference value :  8.73695e-07
 Reference value :  8.75195e-07
 Reference value :  8.76695e-07
 Reference value :  8.77695e-07
 Reference value :  8.78695e-07
 Reference value :  8.80195e-07
 Reference value :  8.81695e-07
 Reference value :  8.83195e-07
 Reference value :  8.84195e-07
 Reference value :  8.85695e-07
 Reference value :  8.87195e-07
 Reference value :  8.88695e-07
 Reference value :  8.90695e-07
 Reference value :  8.92195e-07
 Reference value :  8.93695e-07
 Reference value :  8.95195e-07
 Reference value :  8.96695e-07
 Reference value :  8.98195e-07
 Reference value :  8.99695e-07
 Reference value :  9.01195e-07
 Reference value :  9.02695e-07
 Reference value :  9.04195e-07
 Reference value :  9.05695e-07
 Reference value :  9.06695e-07
 Reference value :  9.07833e-07
 Reference value :  9.08183e-07
 Reference value :  9.08833e-07
 Reference value :  9.08883e-07
 Reference value :  9.09183e-07
 Reference value :  9.09780e-07
 Reference value :  9.10752e-07
 Reference value :  9.11738e-07
 Reference value :  9.12738e-07
 Reference value :  9.14238e-07
 Reference value :  9.15238e-07
 Reference value :  9.16238e-07
 Reference value :  9.17738e-07
 Reference value :  9.19238e-07
 Reference value :  9.20738e-07
 Reference value :  9.22238e-07
 Reference value :  9.23738e-07
 Reference value :  9.25238e-07
 Reference value :  9.26738e-07
 Reference value :  9.28238e-07
 Reference value :  9.29738e-07
 Reference value :  9.31238e-07
 Reference value :  9.32238e-07
 Reference value :  9.33238e-07
 Reference value :  9.34738e-07
 Reference value :  9.36238e-07
 Reference value :  9.37238e-07
 Reference value :  9.38738e-07
 Reference value :  9.39738e-07
 Reference value :  9.40738e-07
 Reference value :  9.42238e-07
 Reference value :  9.43238e-07
 Reference value :  9.44238e-07
 Reference value :  9.45238e-07
 Reference value :  9.46738e-07
 Reference value :  9.47738e-07
 Reference value :  9.48238e-07
 Reference value :  9.48738e-07
 Reference value :  9.49500e-07
 Reference value :  9.49650e-07
 Reference value :  9.50175e-07
 Reference value :  9.50337e-07
 Reference value :  9.50500e-07
 Reference value :  9.50597e-07
 Reference value :  9.50676e-07
 Reference value :  9.50877e-07
 Reference value :  9.51050e-07
 Reference value :  9.51186e-07
 Reference value :  9.51338e-07
 Reference value :  9.51709e-07
 Reference value :  9.52283e-07
 Reference value :  9.52719e-07
 Reference value :  9.53666e-07
 Reference value :  9.54666e-07
 Reference value :  9.55666e-07
 Reference value :  9.56666e-07
 Reference value :  9.57666e-07
 Reference value :  9.58666e-07
 Reference value :  9.59666e-07
 Reference value :  9.60666e-07
 Reference value :  9.62166e-07
 Reference value :  9.63166e-07
 Reference value :  9.64166e-07
 Reference value :  9.65166e-07
 Reference value :  9.66166e-07
 Reference value :  9.67166e-07
 Reference value :  9.68666e-07
 Reference value :  9.69666e-07
 Reference value :  9.71166e-07
 Reference value :  9.72166e-07
 Reference value :  9.73666e-07
 Reference value :  9.75166e-07
 Reference value :  9.76166e-07
 Reference value :  9.77166e-07
 Reference value :  9.78166e-07
 Reference value :  9.79166e-07
 Reference value :  9.80166e-07
 Reference value :  9.81166e-07
 Reference value :  9.82166e-07
 Reference value :  9.83166e-07
 Reference value :  9.84166e-07
 Reference value :  9.85166e-07
 Reference value :  9.86166e-07
 Reference value :  9.87166e-07
 Reference value :  9.88166e-07
 Reference value :  9.89166e-07
 Reference value :  9.90666e-07
 Reference value :  9.91217e-07
 Reference value :  9.91842e-07
 Reference value :  9.92167e-07
 Reference value :  9.92217e-07
 Reference value :  9.92317e-07
 Reference value :  9.92716e-07
 Reference value :  9.93585e-07
 Reference value :  9.94085e-07
 Reference value :  9.95072e-07
 Reference value :  9.96072e-07
 Reference value :  9.97072e-07
 Reference value :  9.98072e-07
 Reference value :  9.99572e-07
 Reference value :  1.00057e-06
 Reference value :  1.00157e-06
 Reference value :  1.00307e-06
 Reference value :  1.00457e-06
 Reference value :  1.00557e-06
 Reference value :  1.00657e-06
 Reference value :  1.00757e-06
 Reference value :  1.00907e-06
 Reference value :  1.01057e-06
 Reference value :  1.01207e-06
 Reference value :  1.01307e-06
 Reference value :  1.01407e-06
 Reference value :  1.01557e-06
 Reference value :  1.01657e-06
 Reference value :  1.01807e-06
 Reference value :  1.01957e-06
 Reference value :  1.02057e-06
 Reference value :  1.02207e-06
 Reference value :  1.02307e-06
 Reference value :  1.02407e-06
 Reference value :  1.02507e-06
 Reference value :  1.02607e-06
 Reference value :  1.02707e-06
 Reference value :  1.02857e-06
 Reference value :  1.03007e-06
 Reference value :  1.03107e-06
 Reference value :  1.03207e-06
 Reference value :  1.03283e-06
 Reference value :  1.03298e-06
 Reference value :  1.03351e-06
 Reference value :  1.03367e-06
 Reference value :  1.03386e-06
 Reference value :  1.03400e-06
 Reference value :  1.03436e-06
 Reference value :  1.03450e-06
 Reference value :  1.03483e-06
 Reference value :  1.03535e-06
 Reference value :  1.03635e-06
 Reference value :  1.03735e-06
 Reference value :  1.03835e-06
 Reference value :  1.03935e-06
 Reference value :  1.04035e-06
 Reference value :  1.04185e-06
 Reference value :  1.04285e-06
 Reference value :  1.04435e-06
 Reference value :  1.04535e-06
 Reference value :  1.04685e-06
 Reference value :  1.04785e-06
 Reference value :  1.04885e-06
 Reference value :  1.04985e-06
 Reference value :  1.05085e-06
 Reference value :  1.05185e-06
 Reference value :  1.05285e-06
 Reference value :  1.05385e-06
 Reference value :  1.05535e-06
 Reference value :  1.05635e-06
 Reference value :  1.05735e-06
 Reference value :  1.05835e-06
 Reference value :  1.05985e-06
 Reference value :  1.06085e-06
 Reference value :  1.06185e-06
 Reference value :  1.06285e-06
 Reference value :  1.06435e-06
 Reference value :  1.06585e-06
 Reference value :  1.06685e-06
 Reference value :  1.06835e-06
 Reference value :  1.06985e-06
 Reference value :  1.07085e-06
 Reference value :  1.07235e-06
 Reference value :  1.07335e-06
 Reference value :  1.07418e-06
 Reference value :  1.07455e-06
 Reference value :  1.07485e-06
 Reference value :  1.07550e-06
 Reference value :  1.07555e-06
 Reference value :  1.07565e-06
 Reference value :  1.07605e-06
 Reference value :  1.07692e-06
 Reference value :  1.07742e-06
 Reference value :  1.07840e-06
 Reference value :  1.07990e-06
 Reference value :  1.08140e-06
 Reference value :  1.08240e-06
 Reference value :  1.08340e-06
 Reference value :  1.08440e-06
 Reference value :  1.08540e-06
 Reference value :  1.08690e-06
 Reference value :  1.08790e-06
 Reference value :  1.08940e-06
 Reference value :  1.09090e-06
 Reference value :  1.09240e-06
 Reference value :  1.09340e-06
 Reference value :  1.09440e-06
 Reference value :  1.09540e-06
 Reference value :  1.09640e-06
 Reference value :  1.09790e-06
 Reference value :  1.09940e-06
 Reference value :  1.10090e-06
 Reference value :  1.10190e-06
 Reference value :  1.10340e-06
 Reference value :  1.10440e-06
 Reference value :  1.10590e-06
 Reference value :  1.10740e-06
 Reference value :  1.10890e-06
 Reference value :  1.10990e-06
 Reference value :  1.11140e-06
 Reference value :  1.11290e-06
 Reference value :  1.11390e-06
 Reference value :  1.11490e-06
 Reference value :  1.11617e-06
 Reference value :  1.11652e-06
 Reference value :  1.11684e-06
 Reference value :  1.11700e-06
 Reference value :  1.11717e-06
 Reference value :  1.11725e-06
 Reference value :  1.11737e-06
 Reference value :  1.11760e-06
 Reference value :  1.11785e-06
 Reference value :  1.11811e-06
 Reference value :  1.11838e-06
 Reference value :  1.11933e-06
 Reference value :  1.12083e-06
 Reference value :  1.12233e-06
 Reference value :  1.12383e-06
 Reference value :  1.12533e-06
 Reference value :  1.12633e-06
 Reference value :  1.12733e-06
 Reference value :  1.12883e-06
 Reference value :  1.12983e-06
 Reference value :  1.13083e-06
 Reference value :  1.13183e-06
 Reference value :  1.13283e-06
 Reference value :  1.13383e-06
 Reference value :  1.13533e-06
 Reference value :  1.13633e-06
 Reference value :  1.13783e-06
 Reference value :  1.13933e-06
 Reference value :  1.14083e-06
 Reference value :  1.14233e-06
 Reference value :  1.14383e-06
 Reference value :  1.14533e-06
 Reference value :  1.14633e-06
 Reference value :  1.14783e-06
 Reference value :  1.14933e-06
 Reference value :  1.15083e-06
 Reference value :  1.15233e-06
 Reference value :  1.15333e-06
 Reference value :  1.15483e-06
 Reference value :  1.15633e-06
 Reference value :  1.15758e-06
 Reference value :  1.15788e-06
 Reference value :  1.15818e-06
 Reference value :  1.15883e-06
 Reference value :  1.15898e-06
 Reference value :  1.15954e-06
 Reference value :  1.15997e-06
 Reference value :  1.16038e-06
 Reference value :  1.16069e-06
 Reference value :  1.16128e-06
 Reference value :  1.16204e-06
 Reference value :  1.16354e-06
 Reference value :  1.16504e-06
 Reference value :  1.16604e-06
 Reference value :  1.16704e-06
 Reference value :  1.16804e-06
 Reference value :  1.16904e-06
 Reference value :  1.17004e-06
 Reference value :  1.17104e-06
 Reference value :  1.17204e-06
 Reference value :  1.17354e-06
 Reference value :  1.17504e-06
 Reference value :  1.17604e-06
 Reference value :  1.17754e-06
 Reference value :  1.17904e-06
 Reference value :  1.18004e-06
 Reference value :  1.18104e-06
 Reference value :  1.18254e-06
 Reference value :  1.18404e-06
 Reference value :  1.18504e-06
 Reference value :  1.18604e-06
 Reference value :  1.18754e-06
 Reference value :  1.18904e-06
 Reference value :  1.19004e-06
 Reference value :  1.19154e-06
 Reference value :  1.19304e-06
 Reference value :  1.19454e-06
 Reference value :  1.19604e-06
 Reference value :  1.19704e-06
 Reference value :  1.19804e-06
 Reference value :  1.19904e-06
 Reference value :  1.19955e-06
 Reference value :  1.19985e-06
 Reference value :  1.20017e-06
 Reference value :  1.20034e-06
 Reference value :  1.20050e-06
 Reference value :  1.20060e-06
 Reference value :  1.20085e-06
 Reference value :  1.20108e-06
 Reference value :  1.20119e-06
 Reference value :  1.20144e-06
 Reference value :  1.20156e-06
 Reference value :  1.20187e-06
 Reference value :  1.20271e-06
 Reference value :  1.20371e-06
 Reference value :  1.20471e-06
 Reference value :  1.20571e-06
 Reference value :  1.20671e-06
 Reference value :  1.20771e-06
 Reference value :  1.20921e-06
 Reference value :  1.21071e-06
 Reference value :  1.21171e-06
 Reference value :  1.21321e-06
 Reference value :  1.21421e-06
 Reference value :  1.21571e-06
 Reference value :  1.21671e-06
 Reference value :  1.21771e-06
 Reference value :  1.21921e-06
 Reference value :  1.22021e-06
 Reference value :  1.22121e-06
 Reference value :  1.22221e-06
 Reference value :  1.22371e-06
 Reference value :  1.22521e-06
 Reference value :  1.22671e-06
 Reference value :  1.22771e-06
 Reference value :  1.22871e-06
 Reference value :  1.23021e-06
 Reference value :  1.23171e-06
 Reference value :  1.23321e-06
 Reference value :  1.23471e-06
 Reference value :  1.23571e-06
 Reference value :  1.23671e-06
 Reference value :  1.23771e-06
 Reference value :  1.23921e-06
 Reference value :  1.24021e-06
 Reference value :  1.24122e-06
 Reference value :  1.24152e-06
 Reference value :  1.24217e-06
 Reference value :  1.24222e-06
 Reference value :  1.24232e-06
 Reference value :  1.24272e-06
 Reference value :  1.24348e-06
 Reference value :  1.24384e-06
 Reference value :  1.24411e-06
 Reference value :  1.24440e-06
 Reference value :  1.24468e-06
 Reference value :  1.24560e-06
 Reference value :  1.24710e-06
 Reference value :  1.24810e-06
 Reference value :  1.24910e-06
 Reference value :  1.25060e-06
 Reference value :  1.25260e-06
 Reference value :  1.25460e-06
 Reference value :  1.25610e-06
 Reference value :  1.25760e-06
 Reference value :  1.25860e-06
 Reference value :  1.26010e-06
 Reference value :  1.26110e-06
 Reference value :  1.26260e-06
 Reference value :  1.26410e-06
 Reference value :  1.26610e-06
 Reference value :  1.26760e-06
 Reference value :  1.26910e-06
 Reference value :  1.27060e-06
 Reference value :  1.27210e-06
 Reference value :  1.27310e-06
 Reference value :  1.27410e-06
 Reference value :  1.27510e-06
 Reference value :  1.27610e-06
 Reference value :  1.27760e-06
 Reference value :  1.27910e-06
 Reference value :  1.28010e-06
 Reference value :  1.28110e-06
 Reference value :  1.28210e-06
 Reference value :  1.28283e-06
 Reference value :  1.28318e-06
 Reference value :  1.28351e-06
 Reference value :  1.28367e-06
 Reference value :  1.28383e-06
 Reference value :  1.28393e-06
 Reference value :  1.28425e-06
 Reference value :  1.28461e-06
 Reference value :  1.28473e-06
 Reference value :  1.28499e-06
 Reference value :  1.28515e-06
 Reference value :  1.28540e-06
 Reference value :  1.28600e-06
 Reference value :  1.28691e-06
 Reference value :  1.28791e-06
 Reference value :  1.28891e-06
 Reference value :  1.28991e-06
 Reference value :  1.29091e-06
 Reference value :  1.29241e-06
 Reference value :  1.29341e-06
 Reference value :  1.29441e-06
 Reference value :  1.29591e-06
 Reference value :  1.29741e-06
 Reference value :  1.29841e-06
 Reference value :  1.29941e-06
 Reference value :  1.30041e-06
 Reference value :  1.30141e-06
 Reference value :  1.30241e-06
 Reference value :  1.30341e-06
 Reference value :  1.30441e-06
 Reference value :  1.30591e-06
 Reference value :  1.30691e-06
 Reference value :  1.30841e-06
 Reference value :  1.30991e-06
 Reference value :  1.31141e-06
 Reference value :  1.31291e-06
 Reference value :  1.31391e-06
 Reference value :  1.31541e-06
 Reference value :  1.31691e-06
 Reference value :  1.31791e-06
 Reference value :  1.31891e-06
 Reference value :  1.32041e-06
 Reference value :  1.32191e-06
 Reference value :  1.32341e-06
 Reference value :  1.32450e-06
 Reference value :  1.32465e-06
 Reference value :  1.32517e-06
 Reference value :  1.32550e-06
 Reference value :  1.32555e-06
 Reference value :  1.32565e-06
 Reference value :  1.32605e-06
 Reference value :  1.32690e-06
 Reference value :  1.32733e-06
 Reference value :  1.32877e-06
 Reference value :  1.33027e-06
 Reference value :  1.33177e-06
 Reference value :  1.33327e-06
 Reference value :  1.33477e-06
 Reference value :  1.33627e-06
 Reference value :  1.33777e-06
 Reference value :  1.33927e-06
 Reference value :  1.34027e-06
 Reference value :  1.34127e-06
 Reference value :  1.34277e-06
 Reference value :  1.34427e-06
 Reference value :  1.34527e-06
 Reference value :  1.34577e-06
 Reference value :  1.34677e-06
 Reference value :  1.34777e-06
 Reference value :  1.34877e-06
 Reference value :  1.34977e-06
 Reference value :  1.35077e-06
 Reference value :  1.35177e-06
 Reference value :  1.35327e-06
 Reference value :  1.35477e-06
 Reference value :  1.35627e-06
 Reference value :  1.35827e-06
 Reference value :  1.36027e-06
 Reference value :  1.36227e-06
 Reference value :  1.36377e-06
 Reference value :  1.36572e-06
 Reference value :  1.36632e-06
 Reference value :  1.36684e-06
 Reference value :  1.36700e-06
 Reference value :  1.36720e-06
 Reference value :  1.36739e-06
 Reference value :  1.36758e-06
 Reference value :  1.36779e-06
 Reference value :  1.36794e-06
 Reference value :  1.36824e-06
 Reference value :  1.36842e-06
 Reference value :  1.36889e-06
 Reference value :  1.36961e-06
 Reference value :  1.37061e-06
 Reference value :  1.37161e-06
 Reference value :  1.37261e-06
 Reference value :  1.37361e-06
 Reference value :  1.37511e-06
 Reference value :  1.37661e-06
 Reference value :  1.37811e-06
 Reference value :  1.37961e-06
 Reference value :  1.38111e-06
 Reference value :  1.38261e-06
 Reference value :  1.38461e-06
 Reference value :  1.38661e-06
 Reference value :  1.38761e-06
 Reference value :  1.38861e-06
 Reference value :  1.39011e-06
 Reference value :  1.39161e-06
 Reference value :  1.39311e-06
 Reference value :  1.39411e-06
 Reference value :  1.39561e-06
 Reference value :  1.39711e-06
 Reference value :  1.39861e-06
 Reference value :  1.40011e-06
 Reference value :  1.40161e-06
 Reference value :  1.40311e-06
 Reference value :  1.40461e-06
 Reference value :  1.40611e-06
 Reference value :  1.40747e-06
 Reference value :  1.40798e-06
 Reference value :  1.40851e-06
 Reference value :  1.40883e-06
 Reference value :  1.40888e-06
 Reference value :  1.40898e-06
 Reference value :  1.40938e-06
 Reference value :  1.41028e-06
 Reference value :  1.41128e-06
 Reference value :  1.41278e-06
 Reference value :  1.41428e-06
 Reference value :  1.41528e-06
 Reference value :  1.41628e-06
 Reference value :  1.41778e-06
 Reference value :  1.41928e-06
 Reference value :  1.42078e-06
 Reference value :  1.42278e-06
 Reference value :  1.42478e-06
 Reference value :  1.42678e-06
 Reference value :  1.42878e-06
 Reference value :  1.43078e-06
 Reference value :  1.43278e-06
 Reference value :  1.43478e-06
 Reference value :  1.43628e-06
 Reference value :  1.43778e-06
 Reference value :  1.43978e-06
 Reference value :  1.44178e-06
 Reference value :  1.44378e-06
 Reference value :  1.44578e-06
 Reference value :  1.44728e-06
 Reference value :  1.44914e-06
 Reference value :  1.44985e-06
 Reference value :  1.45017e-06
 Reference value :  1.45034e-06
 Reference value :  1.45053e-06
 Reference value :  1.45094e-06
 Reference value :  1.45181e-06
 Reference value :  1.45281e-06
 Reference value :  1.45381e-06
 Reference value :  1.45531e-06
 Reference value :  1.45681e-06
 Reference value :  1.45781e-06
 Reference value :  1.45881e-06
 Reference value :  1.46031e-06
 Reference value :  1.46181e-06
 Reference value :  1.46281e-06
 Reference value :  1.46381e-06
 Reference value :  1.46481e-06
 Reference value :  1.46631e-06
 Reference value :  1.46781e-06
 Reference value :  1.46931e-06
 Reference value :  1.47131e-06
 Reference value :  1.47281e-06
 Reference value :  1.47431e-06
 Reference value :  1.47581e-06
 Reference value :  1.47781e-06
 Reference value :  1.47981e-06
 Reference value :  1.48131e-06
 Reference value :  1.48231e-06
 Reference value :  1.48331e-06
 Reference value :  1.48431e-06
 Reference value :  1.48531e-06
 Reference value :  1.48631e-06
 Reference value :  1.48731e-06
 Reference value :  1.48881e-06
 Reference value :  1.49031e-06
 Reference value :  1.49122e-06
 Reference value :  1.49184e-06
 Reference value :  1.49217e-06
 Reference value :  1.49222e-06
 Reference value :  1.49232e-06
 Reference value :  1.49272e-06
 Reference value :  1.49360e-06
 Reference value :  1.49460e-06
 Reference value :  1.49610e-06
 Reference value :  1.49760e-06
 Reference value :  1.49910e-06
 Reference value :  1.50010e-06
 Reference value :  1.50110e-06
 Reference value :  1.50260e-06
 Reference value :  1.50410e-06
 Reference value :  1.50510e-06
 Reference value :  1.50610e-06
 Reference value :  1.50710e-06
 Reference value :  1.50860e-06
 Reference value :  1.51010e-06
 Reference value :  1.51110e-06
 Reference value :  1.51260e-06
 Reference value :  1.51410e-06
 Reference value :  1.51560e-06
 Reference value :  1.51660e-06
 Reference value :  1.51760e-06
 Reference value :  1.51910e-06
 Reference value :  1.52010e-06
 Reference value :  1.52110e-06
 Reference value :  1.52260e-06
 Reference value :  1.52410e-06
 Reference value :  1.52560e-06
 Reference value :  1.52710e-06
 Reference value :  1.52860e-06
 Reference value :  1.53010e-06
 Reference value :  1.53210e-06
 Reference value :  1.53298e-06
 Reference value :  1.53351e-06
 Reference value :  1.53367e-06
 Reference value :  1.53387e-06
 Reference value :  1.53406e-06
 Reference value :  1.53450e-06
 Reference value :  1.53515e-06
 Reference value :  1.53610e-06
 Reference value :  1.53710e-06
 Reference value :  1.53860e-06
 Reference value :  1.54010e-06
 Reference value :  1.54160e-06
 Reference value :  1.54310e-06
 Reference value :  1.54460e-06
 Reference value :  1.54560e-06
 Reference value :  1.54660e-06
 Reference value :  1.54760e-06
 Reference value :  1.54910e-06
 Reference value :  1.55060e-06
 Reference value :  1.55210e-06
 Reference value :  1.55360e-06
 Reference value :  1.55460e-06
 Reference value :  1.55610e-06
 Reference value :  1.55760e-06
 Reference value :  1.55910e-06
 Reference value :  1.56010e-06
 Reference value :  1.56160e-06
 Reference value :  1.56260e-06
 Reference value :  1.56410e-06
 Reference value :  1.56560e-06
 Reference value :  1.56710e-06
 Reference value :  1.56860e-06
 Reference value :  1.57010e-06
 Reference value :  1.57110e-06
 Reference value :  1.57260e-06
 Reference value :  1.57405e-06
 Reference value :  1.57485e-06
 Reference value :  1.57550e-06
 Reference value :  1.57565e-06
 Reference value :  1.57605e-06
 Reference value :  1.57742e-06
 Reference value :  1.57842e-06
 Reference value :  1.57942e-06
 Reference value :  1.58092e-06
 Reference value :  1.58242e-06
 Reference value :  1.58342e-06
 Reference value :  1.58492e-06
 Reference value :  1.58592e-06
 Reference value :  1.58742e-06
 Reference value :  1.58892e-06
 Reference value :  1.59042e-06
 Reference value :  1.59192e-06
 Reference value :  1.59342e-06
 Reference value :  1.59492e-06
 Reference value :  1.59592e-06
 Reference value :  1.59742e-06
 Reference value :  1.59892e-06
 Reference value :  1.59992e-06
 Reference value :  1.60142e-06
 Reference value :  1.60292e-06
 Reference value :  1.60442e-06
 Reference value :  1.60592e-06
 Reference value :  1.60742e-06
 Reference value :  1.60892e-06
 Reference value :  1.61042e-06
 Reference value :  1.61192e-06
 Reference value :  1.61292e-06
 Reference value :  1.61442e-06
 Reference value :  1.61579e-06
 Reference value :  1.61622e-06
 Reference value :  1.61652e-06
 Reference value :  1.61684e-06
 Reference value :  1.61700e-06
 Reference value :  1.61717e-06
 Reference value :  1.61726e-06
 Reference value :  1.61759e-06
 Reference value :  1.61804e-06
 Reference value :  1.61865e-06
 Reference value :  1.62014e-06
 Reference value :  1.62164e-06
 Reference value :  1.62314e-06
 Reference value :  1.62464e-06
 Reference value :  1.62564e-06
 Reference value :  1.62714e-06
 Reference value :  1.62814e-06
 Reference value :  1.62964e-06
 Reference value :  1.63114e-06
 Reference value :  1.63214e-06
 Reference value :  1.63364e-06
 Reference value :  1.63464e-06
 Reference value :  1.63614e-06
 Reference value :  1.63764e-06
 Reference value :  1.63864e-06
 Reference value :  1.64014e-06
 Reference value :  1.64114e-06
 Reference value :  1.64264e-06
 Reference value :  1.64414e-06
 Reference value :  1.64514e-06
 Reference value :  1.64664e-06
 Reference value :  1.64814e-06
 Reference value :  1.64964e-06
 Reference value :  1.65064e-06
 Reference value :  1.65214e-06
 Reference value :  1.65314e-06
 Reference value :  1.65414e-06
 Reference value :  1.65514e-06
 Reference value :  1.65614e-06
 Reference value :  1.65749e-06
 Reference value :  1.65798e-06
 Reference value :  1.65851e-06
 Reference value :  1.65883e-06
 Reference value :  1.65888e-06
 Reference value :  1.65918e-06
 Reference value :  1.65978e-06
 Reference value :  1.66075e-06
 Reference value :  1.66174e-06
 Reference value :  1.66324e-06
 Reference value :  1.66474e-06
 Reference value :  1.66574e-06
 Reference value :  1.66674e-06
 Reference value :  1.66824e-06
 Reference value :  1.66974e-06
 Reference value :  1.67074e-06
 Reference value :  1.67224e-06
 Reference value :  1.67324e-06
 Reference value :  1.67474e-06
 Reference value :  1.67624e-06
 Reference value :  1.67724e-06
 Reference value :  1.67824e-06
 Reference value :  1.67924e-06
 Reference value :  1.68074e-06
 Reference value :  1.68224e-06
 Reference value :  1.68374e-06
 Reference value :  1.68474e-06
 Reference value :  1.68574e-06
 Reference value :  1.68674e-06
 Reference value :  1.68774e-06
 Reference value :  1.68874e-06
 Reference value :  1.69024e-06
 Reference value :  1.69124e-06
 Reference value :  1.69224e-06
 Reference value :  1.69324e-06
 Reference value :  1.69374e-06
 Reference value :  1.69424e-06
 Reference value :  1.69524e-06
 Reference value :  1.69624e-06
 Reference value :  1.69724e-06
 Reference value :  1.69824e-06
 Reference value :  1.69912e-06
 Reference value :  1.69955e-06
 Reference value :  1.69985e-06
 Reference value :  1.70017e-06
 Reference value :  1.70034e-06
 Reference value :  1.70050e-06
 Reference value :  1.70060e-06
 Reference value :  1.70093e-06
 Reference value :  1.70113e-06
 Reference value :  1.70129e-06
 Reference value :  1.70164e-06
 Reference value :  1.70185e-06
 Reference value :  1.70252e-06
 Reference value :  1.70344e-06
 Reference value :  1.70444e-06
 Reference value :  1.70544e-06
 Reference value :  1.70644e-06
 Reference value :  1.70744e-06
 Reference value :  1.70894e-06
 Reference value :  1.71044e-06
 Reference value :  1.71194e-06
 Reference value :  1.71344e-06
 Reference value :  1.71494e-06
 Reference value :  1.71594e-06
 Reference value :  1.71694e-06
 Reference value :  1.71844e-06
 Reference value :  1.71944e-06
 Reference value :  1.72044e-06
 Reference value :  1.72194e-06
 Reference value :  1.72344e-06
 Reference value :  1.72494e-06
 Reference value :  1.72594e-06
 Reference value :  1.72744e-06
 Reference value :  1.72894e-06
 Reference value :  1.72994e-06
 Reference value :  1.73094e-06
 Reference value :  1.73244e-06
 Reference value :  1.73394e-06
 Reference value :  1.73544e-06
 Reference value :  1.73644e-06
 Reference value :  1.73744e-06
 Reference value :  1.73844e-06
 Reference value :  1.73944e-06
 Reference value :  1.74080e-06
 Reference value :  1.74132e-06
 Reference value :  1.74184e-06
 Reference value :  1.74217e-06
 Reference value :  1.74222e-06
 Reference value :  1.74232e-06
 Reference value :  1.74272e-06
 Reference value :  1.74359e-06
 Reference value :  1.74409e-06
 Reference value :  1.74508e-06
 Reference value :  1.74658e-06
 Reference value :  1.74808e-06
 Reference value :  1.74908e-06
 Reference value :  1.75058e-06
 Reference value :  1.75158e-06
 Reference value :  1.75308e-06
 Reference value :  1.75408e-06
 Reference value :  1.75508e-06
 Reference value :  1.75608e-06
 Reference value :  1.75758e-06
 Reference value :  1.75858e-06
 Reference value :  1.75958e-06
 Reference value :  1.76058e-06
 Reference value :  1.76158e-06
 Reference value :  1.76258e-06
 Reference value :  1.76358e-06
 Reference value :  1.76458e-06
 Reference value :  1.76558e-06
 Reference value :  1.76658e-06
 Reference value :  1.76758e-06
 Reference value :  1.76908e-06
 Reference value :  1.77008e-06
 Reference value :  1.77108e-06
 Reference value :  1.77208e-06
 Reference value :  1.77308e-06
 Reference value :  1.77408e-06
 Reference value :  1.77508e-06
 Reference value :  1.77608e-06
 Reference value :  1.77758e-06
 Reference value :  1.77858e-06
 Reference value :  1.77958e-06
 Reference value :  1.78058e-06
 Reference value :  1.78158e-06
 Reference value :  1.78246e-06
 Reference value :  1.78288e-06
 Reference value :  1.78318e-06
 Reference value :  1.78351e-06
 Reference value :  1.78367e-06
 Reference value :  1.78383e-06
 Reference value :  1.78386e-06
 Reference value :  1.78400e-06
 Reference value :  1.78421e-06
 Reference value :  1.78447e-06
 Reference value :  1.78479e-06
 Reference value :  1.78538e-06
 Reference value :  1.78638e-06
 Reference value :  1.78738e-06
 Reference value :  1.78838e-06
 Reference value :  1.78988e-06
 Reference value :  1.79088e-06
 Reference value :  1.79188e-06
 Reference value :  1.79338e-06
 Reference value :  1.79438e-06
 Reference value :  1.79588e-06
 Reference value :  1.79738e-06
 Reference value :  1.79888e-06
 Reference value :  1.79988e-06
 Reference value :  1.80088e-06
 Reference value :  1.80188e-06
 Reference value :  1.80338e-06
 Reference value :  1.80438e-06
 Reference value :  1.80538e-06
 Reference value :  1.80638e-06
 Reference value :  1.80788e-06
 Reference value :  1.80888e-06
 Reference value :  1.81038e-06
 Reference value :  1.81138e-06
 Reference value :  1.81238e-06
 Reference value :  1.81388e-06
 Reference value :  1.81538e-06
 Reference value :  1.81638e-06
 Reference value :  1.81788e-06
 Reference value :  1.81938e-06
 Reference value :  1.82088e-06
 Reference value :  1.82188e-06
 Reference value :  1.82288e-06
 Reference value :  1.82388e-06
 Reference value :  1.82455e-06
 Reference value :  1.82517e-06
 Reference value :  1.82550e-06
 Reference value :  1.82555e-06
 Reference value :  1.82565e-06
 Reference value :  1.82605e-06
 Reference value :  1.82742e-06
 Reference value :  1.82841e-06
 Reference value :  1.82991e-06
 Reference value :  1.83091e-06
 Reference value :  1.83191e-06
 Reference value :  1.83291e-06
 Reference value :  1.83441e-06
 Reference value :  1.83541e-06
 Reference value :  1.83641e-06
 Reference value :  1.83741e-06
 Reference value :  1.83841e-06
 Reference value :  1.83991e-06
 Reference value :  1.84091e-06
 Reference value :  1.84191e-06
 Reference value :  1.84341e-06
 Reference value :  1.84441e-06
 Reference value :  1.84591e-06
 Reference value :  1.84691e-06
 Reference value :  1.84791e-06
 Reference value :  1.84891e-06
 Reference value :  1.85041e-06
 Reference value :  1.85191e-06
 Reference value :  1.85341e-06
 Reference value :  1.85491e-06
 Reference value :  1.85641e-06
 Reference value :  1.85791e-06
 Reference value :  1.85891e-06
 Reference value :  1.85991e-06
 Reference value :  1.86091e-06
 Reference value :  1.86191e-06
 Reference value :  1.86291e-06
 Reference value :  1.86391e-06
 Reference value :  1.86491e-06
 Reference value :  1.86579e-06
 Reference value :  1.86622e-06
 Reference value :  1.86652e-06
 Reference value :  1.86684e-06
 Reference value :  1.86700e-06
 Reference value :  1.86717e-06
 Reference value :  1.86726e-06
 Reference value :  1.86742e-06
 Reference value :  1.86769e-06
 Reference value :  1.86784e-06
 Reference value :  1.86815e-06
 Reference value :  1.86869e-06
 Reference value :  1.86969e-06
 Reference value :  1.87119e-06
 Reference value :  1.87269e-06
 Reference value :  1.87369e-06
 Reference value :  1.87469e-06
 Reference value :  1.87569e-06
 Reference value :  1.87669e-06
 Reference value :  1.87769e-06
 Reference value :  1.87869e-06
 Reference value :  1.87969e-06
 Reference value :  1.88119e-06
 Reference value :  1.88219e-06
 Reference value :  1.88369e-06
 Reference value :  1.88469e-06
 Reference value :  1.88569e-06
 Reference value :  1.88669e-06
 Reference value :  1.88819e-06
 Reference value :  1.88919e-06
 Reference value :  1.89019e-06
 Reference value :  1.89119e-06
 Reference value :  1.89269e-06
 Reference value :  1.89369e-06
 Reference value :  1.89469e-06
 Reference value :  1.89569e-06
 Reference value :  1.89669e-06
 Reference value :  1.89769e-06
 Reference value :  1.89919e-06
 Reference value :  1.90019e-06
 Reference value :  1.90169e-06
 Reference value :  1.90269e-06
 Reference value :  1.90369e-06
 Reference value :  1.90469e-06
 Reference value :  1.90619e-06
 Reference value :  1.90751e-06
 Reference value :  1.90788e-06
 Reference value :  1.90818e-06
 Reference value :  1.90883e-06
 Reference value :  1.90888e-06
 Reference value :  1.90898e-06
 Reference value :  1.90938e-06
 Reference value :  1.91025e-06
 Reference value :  1.91075e-06
 Reference value :  1.91174e-06
 Reference value :  1.91274e-06
 Reference value :  1.91374e-06
 Reference value :  1.91474e-06
 Reference value :  1.91574e-06
 Reference value :  1.91674e-06
 Reference value :  1.91774e-06
 Reference value :  1.91874e-06
 Reference value :  1.91974e-06
 Reference value :  1.92074e-06
 Reference value :  1.92224e-06
 Reference value :  1.92374e-06
 Reference value :  1.92474e-06
 Reference value :  1.92574e-06
 Reference value :  1.92674e-06
 Reference value :  1.92774e-06
 Reference value :  1.92874e-06
 Reference value :  1.92974e-06
 Reference value :  1.93074e-06
 Reference value :  1.93174e-06
 Reference value :  1.93274e-06
 Reference value :  1.93374e-06
 Reference value :  1.93524e-06
 Reference value :  1.93674e-06
 Reference value :  1.93774e-06
 Reference value :  1.93924e-06
 Reference value :  1.94024e-06
 Reference value :  1.94174e-06
 Reference value :  1.94324e-06
 Reference value :  1.94424e-06
 Reference value :  1.94574e-06
 Reference value :  1.94674e-06
 Reference value :  1.94724e-06
 Reference value :  1.94774e-06
 Reference value :  1.94824e-06
 Reference value :  1.94912e-06
 Reference value :  1.94955e-06
 Reference value :  1.95000e-06
 Reference value :  1.95011e-06
 Reference value :  1.95025e-06
 Reference value :  1.95037e-06
 Reference value :  1.95050e-06
 Reference value :  1.95052e-06
 Reference value :  1.95065e-06
 Reference value :  1.95069e-06
 Reference value :  1.95078e-06
 Reference value :  1.95092e-06
 Reference value :  1.95101e-06
 Reference value :  1.95109e-06
 Reference value :  1.95130e-06
 Reference value :  1.95164e-06
 Reference value :  1.95185e-06
 Reference value :  1.95255e-06
 Reference value :  1.95345e-06
 Reference value :  1.95445e-06
 Reference value :  1.95545e-06
 Reference value :  1.95645e-06
 Reference value :  1.95745e-06
 Reference value :  1.95845e-06
 Reference value :  1.95945e-06
 Reference value :  1.96045e-06
 Reference value :  1.96145e-06
 Reference value :  1.96245e-06
 Reference value :  1.96395e-06
 Reference value :  1.96495e-06
 Reference value :  1.96595e-06
 Reference value :  1.96745e-06
 Reference value :  1.96845e-06
 Reference value :  1.96945e-06
 Reference value :  1.97045e-06
 Reference value :  1.97145e-06
 Reference value :  1.97245e-06
 Reference value :  1.97345e-06
 Reference value :  1.97445e-06
 Reference value :  1.97545e-06
 Reference value :  1.97645e-06
 Reference value :  1.97745e-06
 Reference value :  1.97845e-06
 Reference value :  1.97945e-06
 Reference value :  1.98045e-06
 Reference value :  1.98145e-06
 Reference value :  1.98295e-06
 Reference value :  1.98395e-06
 Reference value :  1.98495e-06
 Reference value :  1.98595e-06
 Reference value :  1.98695e-06
 Reference value :  1.98795e-06
 Reference value :  1.98895e-06
 Reference value :  1.98995e-06
 Reference value :  1.99117e-06
 Reference value :  1.99132e-06
 Reference value :  1.99184e-06
 Reference value :  1.99217e-06
 Reference value :  1.99222e-06
 Reference value :  1.99232e-06
 Reference value :  1.99272e-06
 Reference value :  1.99358e-06
 Reference value :  1.99457e-06
 Reference value :  1.99557e-06
 Reference value :  1.99707e-06
 Reference value :  1.99807e-06
 Reference value :  1.99907e-06
 Reference value :  2.00007e-06
 Reference value :  2.00107e-06
 Reference value :  2.00257e-06
 Reference value :  2.00407e-06
 Reference value :  2.00507e-06
 Reference value :  2.00607e-06
 Reference value :  2.00707e-06
 Reference value :  2.00807e-06
 Reference value :  2.00957e-06
 Reference value :  2.01057e-06
 Reference value :  2.01207e-06
 Reference value :  2.01357e-06
 Reference value :  2.01457e-06
 Reference value :  2.01557e-06
 Reference value :  2.01657e-06
 Reference value :  2.01757e-06
 Reference value :  2.01857e-06
 Reference value :  2.01957e-06
 Reference value :  2.02057e-06
 Reference value :  2.02157e-06
 Reference value :  2.02257e-06
 Reference value :  2.02407e-06
 Reference value :  2.02557e-06
 Reference value :  2.02707e-06
 Reference value :  2.02807e-06
 Reference value :  2.02907e-06
 Reference value :  2.03007e-06
 Reference value :  2.03157e-06
 Reference value :  2.03283e-06
 Reference value :  2.03318e-06
 Reference value :  2.03351e-06
 Reference value :  2.03383e-06
 Reference value :  2.03390e-06
 Reference value :  2.03417e-06
 Reference value :  2.03436e-06
 Reference value :  2.03450e-06
 Reference value :  2.03483e-06
 Reference value :  2.03535e-06
 Reference value :  2.03635e-06
 Reference value :  2.03785e-06
 Reference value :  2.03935e-06
 Reference value :  2.04085e-06
 Reference value :  2.04235e-06
 Reference value :  2.04385e-06
 Reference value :  2.04585e-06
 Reference value :  2.04735e-06
 Reference value :  2.04885e-06
 Reference value :  2.05035e-06
 Reference value :  2.05185e-06
 Reference value :  2.05335e-06
 Reference value :  2.05435e-06
 Reference value :  2.05585e-06
 Reference value :  2.05735e-06
 Reference value :  2.05885e-06
 Reference value :  2.05985e-06
 Reference value :  2.06085e-06
 Reference value :  2.06235e-06
 Reference value :  2.06385e-06
 Reference value :  2.06535e-06
 Reference value :  2.06685e-06
 Reference value :  2.06835e-06
 Reference value :  2.06985e-06
 Reference value :  2.07135e-06
 Reference value :  2.07285e-06
 Reference value :  2.07385e-06
 Reference value :  2.07455e-06
 Reference value :  2.07485e-06
 Reference value :  2.07550e-06
 Reference value :  2.07555e-06
 Reference value :  2.07585e-06
 Reference value :  2.07645e-06
 Reference value :  2.07742e-06
 Reference value :  2.07840e-06
 Reference value :  2.07940e-06
 Reference value :  2.08040e-06
 Reference value :  2.08140e-06
 Reference value :  2.08240e-06
 Reference value :  2.08390e-06
 Reference value :  2.08490e-06
 Reference value :  2.08590e-06
 Reference value :  2.08740e-06
 Reference value :  2.08890e-06
 Reference value :  2.09040e-06
 Reference value :  2.09190e-06
 Reference value :  2.09340e-06
 Reference value :  2.09540e-06
 Reference value :  2.09740e-06
 Reference value :  2.09940e-06
 Reference value :  2.10090e-06
 Reference value :  2.10190e-06
 Reference value :  2.10290e-06
 Reference value :  2.10390e-06
 Reference value :  2.10490e-06
 Reference value :  2.10640e-06
 Reference value :  2.10790e-06
 Reference value :  2.10940e-06
 Reference value :  2.11090e-06
 Reference value :  2.11240e-06
 Reference value :  2.11390e-06
 Reference value :  2.11490e-06
 Reference value :  2.11617e-06
 Reference value :  2.11652e-06
 Reference value :  2.11684e-06
 Reference value :  2.11700e-06
 Reference value :  2.11717e-06
 Reference value :  2.11725e-06
 Reference value :  2.11748e-06
 Reference value :  2.11773e-06
 Reference value :  2.11785e-06
 Reference value :  2.11811e-06
 Reference value :  2.11839e-06
 Reference value :  2.11882e-06
 Reference value :  2.12026e-06
 Reference value :  2.12176e-06
 Reference value :  2.12326e-06
 Reference value :  2.12426e-06
 Reference value :  2.12526e-06
 Reference value :  2.12676e-06
 Reference value :  2.12776e-06
 Reference value :  2.12926e-06
 Reference value :  2.13076e-06
 Reference value :  2.13226e-06
 Reference value :  2.13376e-06
 Reference value :  2.13476e-06
 Reference value :  2.13626e-06
 Reference value :  2.13726e-06
 Reference value :  2.13876e-06
 Reference value :  2.14026e-06
 Reference value :  2.14176e-06
 Reference value :  2.14326e-06
 Reference value :  2.14426e-06
 Reference value :  2.14576e-06
 Reference value :  2.14676e-06
 Reference value :  2.14776e-06
 Reference value :  2.14926e-06
 Reference value :  2.15026e-06
 Reference value :  2.15126e-06
 Reference value :  2.15226e-06
 Reference value :  2.15326e-06
 Reference value :  2.15426e-06
 Reference value :  2.15526e-06
 Reference value :  2.15626e-06
 Reference value :  2.15726e-06
 Reference value :  2.15783e-06
 Reference value :  2.15798e-06
 Reference value :  2.15851e-06
 Reference value :  2.15883e-06
 Reference value :  2.15898e-06
 Reference value :  2.15996e-06
 Reference value :  2.16074e-06
 Reference value :  2.16105e-06
 Reference value :  2.16178e-06
 Reference value :  2.16328e-06
 Reference value :  2.16478e-06
 Reference value :  2.16628e-06
 Reference value :  2.16728e-06
 Reference value :  2.16878e-06
 Reference value :  2.17028e-06
 Reference value :  2.17128e-06
 Reference value :  2.17278e-06
 Reference value :  2.17378e-06
 Reference value :  2.17478e-06
 Reference value :  2.17578e-06
 Reference value :  2.17728e-06
 Reference value :  2.17878e-06
 Reference value :  2.18028e-06
 Reference value :  2.18178e-06
 Reference value :  2.18328e-06
 Reference value :  2.18478e-06
 Reference value :  2.18678e-06
 Reference value :  2.18828e-06
 Reference value :  2.18978e-06
 Reference value :  2.19078e-06
 Reference value :  2.19228e-06
 Reference value :  2.19328e-06
 Reference value :  2.19428e-06
 Reference value :  2.19528e-06
 Reference value :  2.19628e-06
 Reference value :  2.19778e-06
 Reference value :  2.19878e-06
 Reference value :  2.19955e-06
 Reference value :  2.20017e-06
 Reference value :  2.20034e-06
 Reference value :  2.20050e-06
 Reference value :  2.20060e-06
 Reference value :  2.20071e-06
 Reference value :  2.20082e-06
 Reference value :  2.20107e-06
 Reference value :  2.20131e-06
 Reference value :  2.20143e-06
 Reference value :  2.20171e-06
 Reference value :  2.20231e-06
 Reference value :  2.20381e-06
 Reference value :  2.20481e-06
 Reference value :  2.20581e-06
 Reference value :  2.20681e-06
 Reference value :  2.20831e-06
 Reference value :  2.20981e-06
 Reference value :  2.21131e-06
 Reference value :  2.21281e-06
 Reference value :  2.21431e-06
 Reference value :  2.21581e-06
 Reference value :  2.21731e-06
 Reference value :  2.21881e-06
 Reference value :  2.22031e-06
 Reference value :  2.22231e-06
 Reference value :  2.22381e-06
 Reference value :  2.22531e-06
 Reference value :  2.22631e-06
 Reference value :  2.22731e-06
 Reference value :  2.22881e-06
 Reference value :  2.23031e-06
 Reference value :  2.23181e-06
 Reference value :  2.23381e-06
 Reference value :  2.23531e-06
 Reference value :  2.23731e-06
 Reference value :  2.23881e-06
 Reference value :  2.24031e-06
 Reference value :  2.24122e-06
 Reference value :  2.24184e-06
 Reference value :  2.24217e-06
 Reference value :  2.24232e-06
 Reference value :  2.24272e-06
 Reference value :  2.24357e-06
 Reference value :  2.24397e-06
 Reference value :  2.24427e-06
 Reference value :  2.24460e-06
 Reference value :  2.24498e-06
 Reference value :  2.24544e-06
 Reference value :  2.24644e-06
 Reference value :  2.24744e-06
 Reference value :  2.24844e-06
 Reference value :  2.24994e-06
 Reference value :  2.25144e-06
 Reference value :  2.25244e-06
 Reference value :  2.25394e-06
 Reference value :  2.25544e-06
 Reference value :  2.25694e-06
 Reference value :  2.25844e-06
 Reference value :  2.25994e-06
 Reference value :  2.26094e-06
 Reference value :  2.26244e-06
 Reference value :  2.26394e-06
 Reference value :  2.26544e-06
 Reference value :  2.26694e-06
 Reference value :  2.26844e-06
 Reference value :  2.26994e-06
 Reference value :  2.27144e-06
 Reference value :  2.27294e-06
 Reference value :  2.27444e-06
 Reference value :  2.27594e-06
 Reference value :  2.27744e-06
 Reference value :  2.27894e-06
 Reference value :  2.28044e-06
 Reference value :  2.28194e-06
 Reference value :  2.28283e-06
 Reference value :  2.28298e-06
 Reference value :  2.28351e-06
 Reference value :  2.28367e-06
 Reference value :  2.28387e-06
 Reference value :  2.28406e-06
 Reference value :  2.28445e-06
 Reference value :  2.28460e-06
 Reference value :  2.28477e-06
 Reference value :  2.28492e-06
 Reference value :  2.28508e-06
 Reference value :  2.28527e-06
 Reference value :  2.28627e-06
 Reference value :  2.28777e-06
 Reference value :  2.28927e-06
 Reference value :  2.29027e-06
 Reference value :  2.29127e-06
 Reference value :  2.29277e-06
 Reference value :  2.29427e-06
 Reference value :  2.29577e-06
 Reference value :  2.29727e-06
 Reference value :  2.29877e-06
 Reference value :  2.30027e-06
 Reference value :  2.30177e-06
 Reference value :  2.30277e-06
 Reference value :  2.30377e-06
 Reference value :  2.30477e-06
 Reference value :  2.30577e-06
 Reference value :  2.30727e-06
 Reference value :  2.30877e-06
 Reference value :  2.30977e-06
 Reference value :  2.31077e-06
 Reference value :  2.31177e-06
 Reference value :  2.31277e-06
 Reference value :  2.31427e-06
 Reference value :  2.31527e-06
 Reference value :  2.31677e-06
 Reference value :  2.31827e-06
 Reference value :  2.31927e-06
 Reference value :  2.32027e-06
 Reference value :  2.32127e-06
 Reference value :  2.32227e-06
 Reference value :  2.32377e-06
 Reference value :  2.32450e-06
 Reference value :  2.32485e-06
 Reference value :  2.32550e-06
 Reference value :  2.32555e-06
 Reference value :  2.32565e-06
 Reference value :  2.32605e-06
 Reference value :  2.32742e-06
 Reference value :  2.32840e-06
 Reference value :  2.32940e-06
 Reference value :  2.33090e-06
 Reference value :  2.33190e-06
 Reference value :  2.33340e-06
 Reference value :  2.33490e-06
 Reference value :  2.33640e-06
 Reference value :  2.33790e-06
 Reference value :  2.33890e-06
 Reference value :  2.34040e-06
 Reference value :  2.34240e-06
 Reference value :  2.34390e-06
 Reference value :  2.34540e-06
 Reference value :  2.34640e-06
 Reference value :  2.34740e-06
 Reference value :  2.34890e-06
 Reference value :  2.34990e-06
 Reference value :  2.35090e-06
 Reference value :  2.35190e-06
 Reference value :  2.35290e-06
 Reference value :  2.35390e-06
 Reference value :  2.35540e-06
 Reference value :  2.35690e-06
 Reference value :  2.35790e-06
 Reference value :  2.35890e-06
 Reference value :  2.35990e-06
 Reference value :  2.36090e-06
 Reference value :  2.36240e-06
 Reference value :  2.36340e-06
 Reference value :  2.36440e-06
 Reference value :  2.36578e-06
 Reference value :  2.36632e-06
 Reference value :  2.36684e-06
 Reference value :  2.36700e-06
 Reference value :  2.36717e-06
 Reference value :  2.36726e-06
 Reference value :  2.36761e-06
 Reference value :  2.36782e-06
 Reference value :  2.36797e-06
 Reference value :  2.36833e-06
 Reference value :  2.36895e-06
 Reference value :  2.36995e-06
 Reference value :  2.37095e-06
 Reference value :  2.37195e-06
 Reference value :  2.37295e-06
 Reference value :  2.37395e-06
 Reference value :  2.37545e-06
 Reference value :  2.37695e-06
 Reference value :  2.37795e-06
 Reference value :  2.37895e-06
 Reference value :  2.38045e-06
 Reference value :  2.38145e-06
 Reference value :  2.38245e-06
 Reference value :  2.38345e-06
 Reference value :  2.38495e-06
 Reference value :  2.38645e-06
 Reference value :  2.38745e-06
 Reference value :  2.38845e-06
 Reference value :  2.38945e-06
 Reference value :  2.39095e-06
 Reference value :  2.39195e-06
 Reference value :  2.39295e-06
 Reference value :  2.39395e-06
 Reference value :  2.39495e-06
 Reference value :  2.39595e-06
 Reference value :  2.39745e-06
 Reference value :  2.39895e-06
 Reference value :  2.40045e-06
 Reference value :  2.40145e-06
 Reference value :  2.40245e-06
 Reference value :  2.40345e-06
 Reference value :  2.40445e-06
 Reference value :  2.40545e-06
 Reference value :  2.40645e-06
 Reference value :  2.40783e-06
 Reference value :  2.40798e-06
 Reference value :  2.40851e-06
 Reference value :  2.40883e-06
 Reference value :  2.40888e-06
 Reference value :  2.40898e-06
 Reference value :  2.40918e-06
 Reference value :  2.40978e-06
 Reference value :  2.41076e-06
 Reference value :  2.41174e-06
 Reference value :  2.41274e-06
 Reference value :  2.41374e-06
 Reference value :  2.41474e-06
 Reference value :  2.41574e-06
 Reference value :  2.41674e-06
 Reference value :  2.41774e-06
 Reference value :  2.41874e-06
 Reference value :  2.41974e-06
 Reference value :  2.42074e-06
 Reference value :  2.42174e-06
 Reference value :  2.42274e-06
 Reference value :  2.42424e-06
 Reference value :  2.42574e-06
 Reference value :  2.42724e-06
 Reference value :  2.42874e-06
 Reference value :  2.43024e-06
 Reference value :  2.43124e-06
 Reference value :  2.43274e-06
 Reference value :  2.43374e-06
 Reference value :  2.43474e-06
 Reference value :  2.43574e-06
 Reference value :  2.43724e-06
 Reference value :  2.43824e-06
 Reference value :  2.43974e-06
 Reference value :  2.44024e-06
 Reference value :  2.44074e-06
 Reference value :  2.44174e-06
 Reference value :  2.44274e-06
 Reference value :  2.44374e-06
 Reference value :  2.44474e-06
 Reference value :  2.44574e-06
 Reference value :  2.44674e-06
 Reference value :  2.44774e-06
 Reference value :  2.44874e-06
 Reference value :  2.44950e-06
 Reference value :  2.44965e-06
 Reference value :  2.45017e-06
 Reference value :  2.45034e-06
 Reference value :  2.45050e-06
 Reference value :  2.45060e-06
 Reference value :  2.45091e-06
 Reference value :  2.45112e-06
 Reference value :  2.45126e-06
 Reference value :  2.45142e-06
 Reference value :  2.45179e-06
 Reference value :  2.45235e-06
 Reference value :  2.45279e-06
 Reference value :  2.45379e-06
 Reference value :  2.45479e-06
 Reference value :  2.45579e-06
 Reference value :  2.45679e-06
 Reference value :  2.45779e-06
 Reference value :  2.45879e-06
 Reference value :  2.45979e-06
 Reference value :  2.46129e-06
 Reference value :  2.46229e-06
 Reference value :  2.46329e-06
 Reference value :  2.46429e-06
 Reference value :  2.46579e-06
 Reference value :  2.46679e-06
 Reference value :  2.46779e-06
 Reference value :  2.46879e-06
 Reference value :  2.46979e-06
 Reference value :  2.47129e-06
 Reference value :  2.47229e-06
 Reference value :  2.47379e-06
 Reference value :  2.47529e-06
 Reference value :  2.47679e-06
 Reference value :  2.47829e-06
 Reference value :  2.47979e-06
 Reference value :  2.48129e-06
 Reference value :  2.48279e-06
 Reference value :  2.48479e-06
 Reference value :  2.48629e-06
 Reference value :  2.48779e-06
 Reference value :  2.48879e-06
 Reference value :  2.48979e-06
 Reference value :  2.49073e-06
 Reference value :  2.49122e-06
 Reference value :  2.49152e-06
 Reference value :  2.49217e-06
 Reference value :  2.49222e-06
 Reference value :  2.49232e-06
 Reference value :  2.49272e-06
 Reference value :  2.49359e-06
 Reference value :  2.49457e-06
 Reference value :  2.49607e-06
 Reference value :  2.49757e-06
 Reference value :  2.49857e-06
 Reference value :  2.49957e-06
 Reference value :  2.50107e-06
 Reference value :  2.50257e-06
 Reference value :  2.50407e-06
 Reference value :  2.50507e-06
 Reference value :  2.50607e-06
 Reference value :  2.50707e-06
 Reference value :  2.50807e-06
 Reference value :  2.50907e-06
 Reference value :  2.51107e-06
 Reference value :  2.51207e-06
 Reference value :  2.51307e-06
 Reference value :  2.51457e-06
 Reference value :  2.51557e-06
 Reference value :  2.51657e-06
 Reference value :  2.51757e-06
 Reference value :  2.51857e-06
 Reference value :  2.51957e-06
 Reference value :  2.52107e-06
 Reference value :  2.52257e-06
 Reference value :  2.52407e-06
 Reference value :  2.52507e-06
 Reference value :  2.52607e-06
 Reference value :  2.52707e-06
 Reference value :  2.52857e-06
 Reference value :  2.53007e-06
 Reference value :  2.53157e-06
 Reference value :  2.53283e-06
 Reference value :  2.53298e-06
 Reference value :  2.53351e-06
 Reference value :  2.53367e-06
 Reference value :  2.53387e-06
 Reference value :  2.53393e-06
 Reference value :  2.53428e-06
 Reference value :  2.53449e-06
 Reference value :  2.53465e-06
 Reference value :  2.53501e-06
 Reference value :  2.53563e-06
 Reference value :  2.53663e-06
 Reference value :  2.53763e-06
 Reference value :  2.53863e-06
 Reference value :  2.53963e-06
 Reference value :  2.54063e-06
 Reference value :  2.54163e-06
 Reference value :  2.54313e-06
 Reference value :  2.54463e-06
 Reference value :  2.54613e-06
 Reference value :  2.54763e-06
 Reference value :  2.54913e-06
 Reference value :  2.55013e-06
 Reference value :  2.55113e-06
 Reference value :  2.55213e-06
 Reference value :  2.55313e-06
 Reference value :  2.55463e-06
 Reference value :  2.55563e-06
 Reference value :  2.55663e-06
 Reference value :  2.55763e-06
 Reference value :  2.55913e-06
 Reference value :  2.56063e-06
 Reference value :  2.56163e-06
 Reference value :  2.56313e-06
 Reference value :  2.56413e-06
 Reference value :  2.56513e-06
 Reference value :  2.56663e-06
 Reference value :  2.56813e-06
 Reference value :  2.56913e-06
 Reference value :  2.57063e-06
 Reference value :  2.57163e-06
 Reference value :  2.57263e-06
 Reference value :  2.57407e-06
 Reference value :  2.57465e-06
 Reference value :  2.57550e-06
 Reference value :  2.57555e-06
 Reference value :  2.57585e-06
 Reference value :  2.57645e-06
 Reference value :  2.57742e-06
 Reference value :  2.57841e-06
 Reference value :  2.57941e-06
 Reference value :  2.58091e-06
 Reference value :  2.58191e-06
 Reference value :  2.58291e-06
 Reference value :  2.58441e-06
 Reference value :  2.58591e-06
 Reference value :  2.58691e-06
 Reference value :  2.58791e-06
 Reference value :  2.58891e-06
 Reference value :  2.59041e-06
 Reference value :  2.59191e-06
 Reference value :  2.59341e-06
 Reference value :  2.59491e-06
 Reference value :  2.59641e-06
 Reference value :  2.59791e-06
 Reference value :  2.59941e-06
 Reference value :  2.60091e-06
 Reference value :  2.60191e-06
 Reference value :  2.60341e-06
 Reference value :  2.60491e-06
 Reference value :  2.60591e-06
 Reference value :  2.60691e-06
 Reference value :  2.60791e-06
 Reference value :  2.60891e-06
 Reference value :  2.61041e-06
 Reference value :  2.61191e-06
 Reference value :  2.61341e-06
 Reference value :  2.61441e-06
 Reference value :  2.61541e-06
 Reference value :  2.61617e-06
 Reference value :  2.61652e-06
 Reference value :  2.61684e-06
 Reference value :  2.61700e-06
 Reference value :  2.61717e-06
 Reference value :  2.61726e-06
 Reference value :  2.61761e-06
 Reference value :  2.61782e-06
 Reference value :  2.61798e-06
 Reference value :  2.61835e-06
 Reference value :  2.61898e-06
 Reference value :  2.61998e-06
 Reference value :  2.62098e-06
 Reference value :  2.62248e-06
 Reference value :  2.62348e-06
 Reference value :  2.62498e-06
 Reference value :  2.62648e-06
 Reference value :  2.62798e-06
 Reference value :  2.62948e-06
 Reference value :  2.63098e-06
 Reference value :  2.63248e-06
 Reference value :  2.63398e-06
 Reference value :  2.63498e-06
 Reference value :  2.63598e-06
 Reference value :  2.63748e-06
 Reference value :  2.63848e-06
 Reference value :  2.63948e-06
 Reference value :  2.64098e-06
 Reference value :  2.64198e-06
 Reference value :  2.64348e-06
 Reference value :  2.64448e-06
 Reference value :  2.64548e-06
 Reference value :  2.64648e-06
 Reference value :  2.64798e-06
 Reference value :  2.64898e-06
 Reference value :  2.64998e-06
 Reference value :  2.65148e-06
 Reference value :  2.65248e-06
 Reference value :  2.65398e-06
 Reference value :  2.65548e-06
 Reference value :  2.65698e-06
 Reference value :  2.65788e-06
 Reference value :  2.65851e-06
 Reference value :  2.65883e-06
 Reference value :  2.65888e-06
 Reference value :  2.65898e-06
 Reference value :  2.65938e-06
 Reference value :  2.66026e-06
 Reference value :  2.66125e-06
 Reference value :  2.66225e-06
 Reference value :  2.66325e-06
 Reference value :  2.66425e-06
 Reference value :  2.66525e-06
 Reference value :  2.66625e-06
 Reference value :  2.66725e-06
 Reference value :  2.66825e-06
 Reference value :  2.66975e-06
 Reference value :  2.67125e-06
 Reference value :  2.67225e-06
 Reference value :  2.67325e-06
 Reference value :  2.67475e-06
 Reference value :  2.67625e-06
 Reference value :  2.67725e-06
 Reference value :  2.67825e-06
 Reference value :  2.67925e-06
 Reference value :  2.68025e-06
 Reference value :  2.68125e-06
 Reference value :  2.68225e-06
 Reference value :  2.68325e-06
 Reference value :  2.68425e-06
 Reference value :  2.68525e-06
 Reference value :  2.68675e-06
 Reference value :  2.68825e-06
 Reference value :  2.68925e-06
 Reference value :  2.69025e-06
 Reference value :  2.69125e-06
 Reference value :  2.69225e-06
 Reference value :  2.69375e-06
 Reference value :  2.69475e-06
 Reference value :  2.69625e-06
 Reference value :  2.69725e-06
 Reference value :  2.69825e-06
 Reference value :  2.69912e-06
 Reference value :  2.69955e-06
 Reference value :  2.69985e-06
 Reference value :  2.70017e-06
 Reference value :  2.70034e-06
 Reference value :  2.70050e-06
 Reference value :  2.70060e-06
 Reference value :  2.70094e-06
 Reference value :  2.70116e-06
 Reference value :  2.70132e-06
 Reference value :  2.70170e-06
 Reference value :  2.70231e-06
 Reference value :  2.70331e-06
 Reference value :  2.70431e-06
 Reference value :  2.70581e-06
 Reference value :  2.70731e-06
 Reference value :  2.70831e-06
 Reference value :  2.70931e-06
 Reference value :  2.71031e-06
 Reference value :  2.71131e-06
 Reference value :  2.71231e-06
 Reference value :  2.71331e-06
 Reference value :  2.71481e-06
 Reference value :  2.71631e-06
 Reference value :  2.71731e-06
 Reference value :  2.71831e-06
 Reference value :  2.71981e-06
 Reference value :  2.72081e-06
 Reference value :  2.72181e-06
 Reference value :  2.72281e-06
 Reference value :  2.72381e-06
 Reference value :  2.72531e-06
 Reference value :  2.72681e-06
 Reference value :  2.72831e-06
 Reference value :  2.72931e-06
 Reference value :  2.73081e-06
 Reference value :  2.73181e-06
 Reference value :  2.73331e-06
 Reference value :  2.73481e-06
 Reference value :  2.73581e-06
 Reference value :  2.73681e-06
 Reference value :  2.73781e-06
 Reference value :  2.73881e-06
 Reference value :  2.73981e-06
 Reference value :  2.74074e-06
 Reference value :  2.74122e-06
 Reference value :  2.74184e-06
 Reference value :  2.74217e-06
 Reference value :  2.74222e-06
 Reference value :  2.74232e-06
 Reference value :  2.74272e-06
 Reference value :  2.74359e-06
 Reference value :  2.74409e-06
 Reference value :  2.74508e-06
 Reference value :  2.74608e-06
 Reference value :  2.74708e-06
 Reference value :  2.74808e-06
 Reference value :  2.74908e-06
 Reference value :  2.75008e-06
 Reference value :  2.75108e-06
 Reference value :  2.75208e-06
 Reference value :  2.75358e-06
 Reference value :  2.75508e-06
 Reference value :  2.75658e-06
 Reference value :  2.75808e-06
 Reference value :  2.75958e-06
 Reference value :  2.76108e-06
 Reference value :  2.76208e-06
 Reference value :  2.76308e-06
 Reference value :  2.76408e-06
 Reference value :  2.76558e-06
 Reference value :  2.76708e-06
 Reference value :  2.76808e-06
 Reference value :  2.76958e-06
 Reference value :  2.77108e-06
 Reference value :  2.77158e-06
 Reference value :  2.77208e-06
 Reference value :  2.77308e-06
 Reference value :  2.77408e-06
 Reference value :  2.77558e-06
 Reference value :  2.77708e-06
 Reference value :  2.77858e-06
 Reference value :  2.78008e-06
 Reference value :  2.78158e-06
 Reference value :  2.78283e-06
 Reference value :  2.78318e-06
 Reference value :  2.78351e-06
 Reference value :  2.78367e-06
 Reference value :  2.78383e-06
 Reference value :  2.78386e-06
 Reference value :  2.78400e-06
 Reference value :  2.78421e-06
 Reference value :  2.78446e-06
 Reference value :  2.78458e-06
 Reference value :  2.78488e-06
 Reference value :  2.78543e-06
 Reference value :  2.78643e-06
 Reference value :  2.78743e-06
 Reference value :  2.78843e-06
 Reference value :  2.78943e-06
 Reference value :  2.79043e-06
 Reference value :  2.79143e-06
 Reference value :  2.79243e-06
 Reference value :  2.79343e-06
 Reference value :  2.79493e-06
 Reference value :  2.79643e-06
 Reference value :  2.79793e-06
 Reference value :  2.79943e-06
 Reference value :  2.80093e-06
 Reference value :  2.80193e-06
 Reference value :  2.80343e-06
 Reference value :  2.80493e-06
 Reference value :  2.80643e-06
 Reference value :  2.80843e-06
 Reference value :  2.80993e-06
 Reference value :  2.81143e-06
 Reference value :  2.81293e-06
 Reference value :  2.81443e-06
 Reference value :  2.81593e-06
 Reference value :  2.81693e-06
 Reference value :  2.81843e-06
 Reference value :  2.81943e-06
 Reference value :  2.82093e-06
 Reference value :  2.82193e-06
 Reference value :  2.82343e-06
 Reference value :  2.82450e-06
 Reference value :  2.82465e-06
 Reference value :  2.82517e-06
 Reference value :  2.82550e-06
 Reference value :  2.82555e-06
 Reference value :  2.82565e-06
 Reference value :  2.82605e-06
 Reference value :  2.82693e-06
 Reference value :  2.82791e-06
 Reference value :  2.82891e-06
 Reference value :  2.83041e-06
 Reference value :  2.83141e-06
 Reference value :  2.83291e-06
 Reference value :  2.83491e-06
 Reference value :  2.83641e-06
 Reference value :  2.83791e-06
 Reference value :  2.83941e-06
 Reference value :  2.84091e-06
 Reference value :  2.84241e-06
 Reference value :  2.84391e-06
 Reference value :  2.84541e-06
 Reference value :  2.84691e-06
 Reference value :  2.84841e-06
 Reference value :  2.85041e-06
 Reference value :  2.85141e-06
 Reference value :  2.85241e-06
 Reference value :  2.85391e-06
 Reference value :  2.85541e-06
 Reference value :  2.85591e-06
 Reference value :  2.85691e-06
 Reference value :  2.85791e-06
 Reference value :  2.85941e-06
 Reference value :  2.86091e-06
 Reference value :  2.86241e-06
 Reference value :  2.86391e-06
 Reference value :  2.86541e-06
 Reference value :  2.86622e-06
 Reference value :  2.86684e-06
 Reference value :  2.86700e-06
 Reference value :  2.86717e-06
 Reference value :  2.86726e-06
 Reference value :  2.86743e-06
 Reference value :  2.86769e-06
 Reference value :  2.86782e-06
 Reference value :  2.86810e-06
 Reference value :  2.86890e-06
 Reference value :  2.87040e-06
 Reference value :  2.87190e-06
 Reference value :  2.87340e-06
 Reference value :  2.87490e-06
 Reference value :  2.87640e-06
 Reference value :  2.87790e-06
 Reference value :  2.87940e-06
 Reference value :  2.88090e-06
 Reference value :  2.88240e-06
 Reference value :  2.88390e-06
 Reference value :  2.88540e-06
 Reference value :  2.88640e-06
 Reference value :  2.88790e-06
 Reference value :  2.88890e-06
 Reference value :  2.89040e-06
 Reference value :  2.89140e-06
 Reference value :  2.89240e-06
 Reference value :  2.89440e-06
 Reference value :  2.89590e-06
 Reference value :  2.89740e-06
 Reference value :  2.89890e-06
 Reference value :  2.90040e-06
 Reference value :  2.90190e-06
 Reference value :  2.90340e-06
 Reference value :  2.90490e-06
 Reference value :  2.90640e-06
 Reference value :  2.90783e-06
 Reference value :  2.90818e-06
 Reference value :  2.90883e-06
 Reference value :  2.90888e-06
 Reference value :  2.90898e-06
 Reference value :  2.90938e-06
 Reference value :  2.91026e-06
 Reference value :  2.91124e-06
 Reference value :  2.91274e-06
 Reference value :  2.91424e-06
 Reference value :  2.91524e-06
 Reference value :  2.91624e-06
 Reference value :  2.91724e-06
 Reference value :  2.91874e-06
 Reference value :  2.92024e-06
 Reference value :  2.92174e-06
 Reference value :  2.92324e-06
 Reference value :  2.92424e-06
 Reference value :  2.92524e-06
 Reference value :  2.92674e-06
 Reference value :  2.92824e-06
 Reference value :  2.92974e-06
 Reference value :  2.93174e-06
 Reference value :  2.93324e-06
 Reference value :  2.93424e-06
 Reference value :  2.93524e-06
 Reference value :  2.93674e-06
 Reference value :  2.93824e-06
 Reference value :  2.93974e-06
 Reference value :  2.94024e-06
 Reference value :  2.94124e-06
 Reference value :  2.94224e-06
 Reference value :  2.94324e-06
 Reference value :  2.94474e-06
 Reference value :  2.94624e-06
 Reference value :  2.94774e-06
 Reference value :  2.94912e-06
 Reference value :  2.94965e-06
 Reference value :  2.95000e-06
 Reference value :  2.95025e-06
 Reference value :  2.95037e-06
 Reference value :  2.95050e-06
 Reference value :  2.95057e-06
 Reference value :  2.95068e-06
 Reference value :  2.95077e-06
 Reference value :  2.95091e-06
 Reference value :  2.95101e-06
 Reference value :  2.95109e-06
 Reference value :  2.95126e-06
 Reference value :  2.95173e-06
 Reference value :  2.95310e-06
 Reference value :  2.95460e-06
 Reference value :  2.95610e-06
 Reference value :  2.95760e-06
 Reference value :  2.95910e-06
 Reference value :  2.96060e-06
 Reference value :  2.96160e-06
 Reference value :  2.96310e-06
 Reference value :  2.96460e-06
 Reference value :  2.96560e-06
 Reference value :  2.96710e-06
 Reference value :  2.96860e-06
 Reference value :  2.97010e-06
 Reference value :  2.97160e-06
 Reference value :  2.97260e-06
 Reference value :  2.97410e-06
 Reference value :  2.97560e-06
 Reference value :  2.97760e-06
 Reference value :  2.97910e-06
 Reference value :  2.98060e-06
 Reference value :  2.98210e-06
 Reference value :  2.98360e-06
 Reference value :  2.98460e-06
 Reference value :  2.98610e-06
 Reference value :  2.98710e-06
 Reference value :  2.98810e-06
 Reference value :  2.98910e-06
 Reference value :  2.99060e-06
 Reference value :  2.99117e-06
 Reference value :  2.99152e-06
 Reference value :  2.99184e-06
 Reference value :  2.99217e-06
 Reference value :  2.99222e-06
 Reference value :  2.99252e-06
 Reference value :  2.99311e-06
 Reference value :  2.99409e-06
 Reference value :  2.99508e-06
 Reference value :  2.99658e-06
 Reference value :  2.99758e-06
 Reference value :  2.99858e-06
 Reference value :  2.99958e-06
 Reference value :  3.00058e-06
 Reference value :  3.00208e-06
 Reference value :  3.00358e-06
 Reference value :  3.00458e-06
 Reference value :  3.00608e-06
 Reference value :  3.00758e-06
 Reference value :  3.00908e-06
 Reference value :  3.01058e-06
 Reference value :  3.01208e-06
 Reference value :  3.01358e-06
 Reference value :  3.01508e-06
 Reference value :  3.01658e-06
 Reference value :  3.01808e-06
 Reference value :  3.01908e-06
 Reference value :  3.02008e-06
 Reference value :  3.02158e-06
 Reference value :  3.02308e-06
 Reference value :  3.02458e-06
 Reference value :  3.02558e-06
 Reference value :  3.02708e-06
 Reference value :  3.02858e-06
 Reference value :  3.03008e-06
 Reference value :  3.03158e-06
 Reference value :  3.03283e-06
 Reference value :  3.03351e-06
 Reference value :  3.03383e-06
 Reference value :  3.03390e-06
 Reference value :  3.03417e-06
 Reference value :  3.03437e-06
 Reference value :  3.03452e-06
 Reference value :  3.03483e-06
 Reference value :  3.03530e-06
 Reference value :  3.03630e-06
 Reference value :  3.03730e-06
 Reference value :  3.03830e-06
 Reference value :  3.03980e-06
 Reference value :  3.04130e-06
 Reference value :  3.04230e-06
 Reference value :  3.04330e-06
 Reference value :  3.04430e-06
 Reference value :  3.04530e-06
 Reference value :  3.04680e-06
 Reference value :  3.04830e-06
 Reference value :  3.04930e-06
 Reference value :  3.05030e-06
 Reference value :  3.05180e-06
 Reference value :  3.05330e-06
 Reference value :  3.05480e-06
 Reference value :  3.05630e-06
 Reference value :  3.05780e-06
 Reference value :  3.05930e-06
 Reference value :  3.06080e-06
 Reference value :  3.06230e-06
 Reference value :  3.06380e-06
 Reference value :  3.06530e-06
 Reference value :  3.06680e-06
 Reference value :  3.06830e-06
 Reference value :  3.06980e-06
 Reference value :  3.07130e-06
 Reference value :  3.07280e-06
 Reference value :  3.07380e-06
 Reference value :  3.07450e-06
 Reference value :  3.07465e-06
 Reference value :  3.07517e-06
 Reference value :  3.07550e-06
 Reference value :  3.07555e-06
 Reference value :  3.07565e-06
 Reference value :  3.07605e-06
 Reference value :  3.07693e-06
 Reference value :  3.07743e-06
 Reference value :  3.07841e-06
 Reference value :  3.07991e-06
 Reference value :  3.08141e-06
 Reference value :  3.08241e-06
 Reference value :  3.08341e-06
 Reference value :  3.08491e-06
 Reference value :  3.08641e-06
 Reference value :  3.08741e-06
 Reference value :  3.08841e-06
 Reference value :  3.08991e-06
 Reference value :  3.09141e-06
 Reference value :  3.09291e-06
 Reference value :  3.09441e-06
 Reference value :  3.09591e-06
 Reference value :  3.09741e-06
 Reference value :  3.09891e-06
 Reference value :  3.10041e-06
 Reference value :  3.10191e-06
 Reference value :  3.10341e-06
 Reference value :  3.10491e-06
 Reference value :  3.10641e-06
 Reference value :  3.10741e-06
 Reference value :  3.10841e-06
 Reference value :  3.10991e-06
 Reference value :  3.11141e-06
 Reference value :  3.11291e-06
 Reference value :  3.11441e-06
 Reference value :  3.11579e-06
 Reference value :  3.11632e-06
 Reference value :  3.11684e-06
 Reference value :  3.11700e-06
 Reference value :  3.11720e-06
 Reference value :  3.11738e-06
 Reference value :  3.11761e-06
 Reference value :  3.11785e-06
 Reference value :  3.11810e-06
 Reference value :  3.11837e-06
 Reference value :  3.11896e-06
 Reference value :  3.12046e-06
 Reference value :  3.12196e-06
 Reference value :  3.12346e-06
 Reference value :  3.12496e-06
 Reference value :  3.12646e-06
 Reference value :  3.12796e-06
 Reference value :  3.12946e-06
 Reference value :  3.13046e-06
 Reference value :  3.13146e-06
 Reference value :  3.13296e-06
 Reference value :  3.13396e-06
 Reference value :  3.13546e-06
 Reference value :  3.13696e-06
 Reference value :  3.13846e-06
 Reference value :  3.13996e-06
 Reference value :  3.14096e-06
 Reference value :  3.14196e-06
 Reference value :  3.14296e-06
 Reference value :  3.14446e-06
 Reference value :  3.14596e-06
 Reference value :  3.14696e-06
 Reference value :  3.14846e-06
 Reference value :  3.14946e-06
 Reference value :  3.15046e-06
 Reference value :  3.15196e-06
 Reference value :  3.15346e-06
 Reference value :  3.15446e-06
 Reference value :  3.15546e-06
 Reference value :  3.15696e-06
 Reference value :  3.15788e-06
 Reference value :  3.15818e-06
 Reference value :  3.15883e-06
 Reference value :  3.15898e-06
 Reference value :  3.15954e-06
 Reference value :  3.15996e-06
 Reference value :  3.16085e-06
 Reference value :  3.16185e-06
 Reference value :  3.16235e-06
 Reference value :  3.16285e-06
 Reference value :  3.16385e-06
 Reference value :  3.16485e-06
 Reference value :  3.16585e-06
 Reference value :  3.16685e-06
 Reference value :  3.16785e-06
 Reference value :  3.16885e-06
 Reference value :  3.16985e-06
 Reference value :  3.17135e-06
 Reference value :  3.17285e-06
 Reference value :  3.17435e-06
 Reference value :  3.17585e-06
 Reference value :  3.17735e-06
 Reference value :  3.17885e-06
 Reference value :  3.18035e-06
 Reference value :  3.18185e-06
 Reference value :  3.18285e-06
 Reference value :  3.18435e-06
 Reference value :  3.18585e-06
 Reference value :  3.18735e-06
 Reference value :  3.18835e-06
 Reference value :  3.18935e-06
 Reference value :  3.19035e-06
 Reference value :  3.19185e-06
 Reference value :  3.19285e-06
 Reference value :  3.19435e-06
 Reference value :  3.19535e-06
 Reference value :  3.19685e-06
 Reference value :  3.19785e-06
 Reference value :  3.19918e-06
 Reference value :  3.19965e-06
 Reference value :  3.20017e-06
 Reference value :  3.20034e-06
 Reference value :  3.20050e-06
 Reference value :  3.20060e-06
 Reference value :  3.20071e-06
 Reference value :  3.20082e-06
 Reference value :  3.20108e-06
 Reference value :  3.20121e-06
 Reference value :  3.20132e-06
 Reference value :  3.20143e-06
 Reference value :  3.20171e-06
 Reference value :  3.20235e-06
 Reference value :  3.20335e-06
 Reference value :  3.20435e-06
 Reference value :  3.20535e-06
 Reference value :  3.20635e-06
 Reference value :  3.20735e-06
 Reference value :  3.20835e-06
 Reference value :  3.20935e-06
 Reference value :  3.21035e-06
 Reference value :  3.21135e-06
 Reference value :  3.21235e-06
 Reference value :  3.21335e-06
 Reference value :  3.21485e-06
 Reference value :  3.21585e-06
 Reference value :  3.21685e-06
 Reference value :  3.21785e-06
 Reference value :  3.21935e-06
 Reference value :  3.22085e-06
 Reference value :  3.22235e-06
 Reference value :  3.22385e-06
 Reference value :  3.22535e-06
 Reference value :  3.22635e-06
 Reference value :  3.22735e-06
 Reference value :  3.22835e-06
 Reference value :  3.22985e-06
 Reference value :  3.23135e-06
 Reference value :  3.23235e-06
 Reference value :  3.23335e-06
 Reference value :  3.23435e-06
 Reference value :  3.23585e-06
 Reference value :  3.23735e-06
 Reference value :  3.23885e-06
 Reference value :  3.24035e-06
 Reference value :  3.24117e-06
 Reference value :  3.24132e-06
 Reference value :  3.24184e-06
 Reference value :  3.24217e-06
 Reference value :  3.24222e-06
 Reference value :  3.24252e-06
 Reference value :  3.24311e-06
 Reference value :  3.24409e-06
 Reference value :  3.24506e-06
 Reference value :  3.24556e-06
 Reference value :  3.24656e-06
 Reference value :  3.24706e-06
 Reference value :  3.24756e-06
 Reference value :  3.24856e-06
 Reference value :  3.24906e-06
 Reference value :  3.24956e-06
 Reference value :  3.25056e-06
 Reference value :  3.25156e-06
 Reference value :  3.25256e-06
 Reference value :  3.25406e-06
 Reference value :  3.25506e-06
 Reference value :  3.25656e-06
 Reference value :  3.25756e-06
 Reference value :  3.25906e-06
 Reference value :  3.26056e-06
 Reference value :  3.26156e-06
 Reference value :  3.26306e-06
 Reference value :  3.26456e-06
 Reference value :  3.26556e-06
 Reference value :  3.26656e-06
 Reference value :  3.26756e-06
 Reference value :  3.26906e-06
 Reference value :  3.27056e-06
 Reference value :  3.27206e-06
 Reference value :  3.27356e-06
 Reference value :  3.27506e-06
 Reference value :  3.27606e-06
 Reference value :  3.27706e-06
 Reference value :  3.27806e-06
 Reference value :  3.27906e-06
 Reference value :  3.28056e-06
 Reference value :  3.28206e-06
 Reference value :  3.28283e-06
 Reference value :  3.28298e-06
 Reference value :  3.28351e-06
 Reference value :  3.28367e-06
 Reference value :  3.28383e-06
 Reference value :  3.28393e-06
 Reference value :  3.28425e-06
 Reference value :  3.28446e-06
 Reference value :  3.28461e-06
 Reference value :  3.28477e-06
 Reference value :  3.28491e-06
 Reference value :  3.28509e-06
 Reference value :  3.28529e-06
 Reference value :  3.28556e-06
 Reference value :  3.28629e-06
 Reference value :  3.28729e-06
 Reference value :  3.28829e-06
 Reference value :  3.28929e-06
 Reference value :  3.29029e-06
 Reference value :  3.29129e-06
 Reference value :  3.29229e-06
 Reference value :  3.29329e-06
 Reference value :  3.29429e-06
 Reference value :  3.29579e-06
 Reference value :  3.29729e-06
 Reference value :  3.29879e-06
 Reference value :  3.29979e-06
 Reference value :  3.30079e-06
 Reference value :  3.30229e-06
 Reference value :  3.30379e-06
 Reference value :  3.30529e-06
 Reference value :  3.30629e-06
 Reference value :  3.30779e-06
 Reference value :  3.30879e-06
 Reference value :  3.31029e-06
 Reference value :  3.31129e-06
 Reference value :  3.31279e-06
 Reference value :  3.31429e-06
 Reference value :  3.31529e-06
 Reference value :  3.31629e-06
 Reference value :  3.31729e-06
 Reference value :  3.31879e-06
 Reference value :  3.32029e-06
 Reference value :  3.32229e-06
 Reference value :  3.32379e-06
 Reference value :  3.32455e-06
 Reference value :  3.32517e-06
 Reference value :  3.32550e-06
 Reference value :  3.32555e-06
 Reference value :  3.32585e-06
 Reference value :  3.32645e-06
 Reference value :  3.32736e-06
 Reference value :  3.32832e-06
 Reference value :  3.32838e-06
 Reference value :  3.32876e-06
 Reference value :  3.32972e-06
 Reference value :  3.33072e-06
 Reference value :  3.33172e-06
 Reference value :  3.33322e-06
 Reference value :  3.33472e-06
 Reference value :  3.33622e-06
 Reference value :  3.33772e-06
 Reference value :  3.33872e-06
 Reference value :  3.33972e-06
 Reference value :  3.34072e-06
 Reference value :  3.34172e-06
 Reference value :  3.34272e-06
 Reference value :  3.34372e-06
 Reference value :  3.34472e-06
 Reference value :  3.34572e-06
 Reference value :  3.34672e-06
 Reference value :  3.34822e-06
 Reference value :  3.34922e-06
 Reference value :  3.35072e-06
 Reference value :  3.35222e-06
 Reference value :  3.35372e-06
 Reference value :  3.35472e-06
 Reference value :  3.35572e-06
 Reference value :  3.35672e-06
 Reference value :  3.35822e-06
 Reference value :  3.35972e-06
 Reference value :  3.36072e-06
 Reference value :  3.36222e-06
 Reference value :  3.36372e-06
 Reference value :  3.36522e-06
 Reference value :  3.36622e-06
 Reference value :  3.36684e-06
 Reference value :  3.36700e-06
 Reference value :  3.36717e-06
 Reference value :  3.36726e-06
 Reference value :  3.36758e-06
 Reference value :  3.36793e-06
 Reference value :  3.36805e-06
 Reference value :  3.36833e-06
 Reference value :  3.36883e-06
 Reference value :  3.36983e-06
 Reference value :  3.37083e-06
 Reference value :  3.37183e-06
 Reference value :  3.37283e-06
 Reference value :  3.37433e-06
 Reference value :  3.37583e-06
 Reference value :  3.37733e-06
 Reference value :  3.37883e-06
 Reference value :  3.38033e-06
 Reference value :  3.38133e-06
 Reference value :  3.38283e-06
 Reference value :  3.38433e-06
 Reference value :  3.38583e-06
 Reference value :  3.38733e-06
 Reference value :  3.38883e-06
 Reference value :  3.39033e-06
 Reference value :  3.39183e-06
 Reference value :  3.39333e-06
 Reference value :  3.39483e-06
 Reference value :  3.39583e-06
 Reference value :  3.39733e-06
 Reference value :  3.39883e-06
 Reference value :  3.40033e-06
 Reference value :  3.40183e-06
 Reference value :  3.40333e-06
 Reference value :  3.40483e-06
 Reference value :  3.40583e-06
 Reference value :  3.40733e-06
 Reference value :  3.40788e-06
 Reference value :  3.40851e-06
 Reference value :  3.40883e-06
 Reference value :  3.40888e-06
 Reference value :  3.40898e-06
 Reference value :  3.40938e-06
 Reference value :  3.41024e-06
 Reference value :  3.41069e-06
 Reference value :  3.41165e-06
 Reference value :  3.41171e-06
 Reference value :  3.41208e-06
 Reference value :  3.41304e-06
 Reference value :  3.41404e-06
 Reference value :  3.41504e-06
 Reference value :  3.41654e-06
 Reference value :  3.41804e-06
 Reference value :  3.42004e-06
 Reference value :  3.42154e-06
 Reference value :  3.42304e-06
 Reference value :  3.42454e-06
 Reference value :  3.42654e-06
 Reference value :  3.42804e-06
 Reference value :  3.43004e-06
 Reference value :  3.43204e-06
 Reference value :  3.43354e-06
 Reference value :  3.43504e-06
 Reference value :  3.43654e-06
 Reference value :  3.43804e-06
 Reference value :  3.43954e-06
 Reference value :  3.44104e-06
 Reference value :  3.44254e-06
 Reference value :  3.44404e-06
 Reference value :  3.44554e-06
 Reference value :  3.44704e-06
 Reference value :  3.44854e-06
 Reference value :  3.44955e-06
 Reference value :  3.45017e-06
 Reference value :  3.45034e-06
 Reference value :  3.45050e-06
 Reference value :  3.45073e-06
 Reference value :  3.45091e-06
 Reference value :  3.45126e-06
 Reference value :  3.45153e-06
 Reference value :  3.45219e-06
 Reference value :  3.45319e-06
 Reference value :  3.45469e-06
 Reference value :  3.45619e-06
 Reference value :  3.45769e-06
 Reference value :  3.45919e-06
 Reference value :  3.46069e-06
 Reference value :  3.46219e-06
 Reference value :  3.46369e-06
 Reference value :  3.46519e-06
 Reference value :  3.46669e-06
 Reference value :  3.46819e-06
 Reference value :  3.46969e-06
 Reference value :  3.47119e-06
 Reference value :  3.47269e-06
 Reference value :  3.47419e-06
 Reference value :  3.47569e-06
 Reference value :  3.47719e-06
 Reference value :  3.47869e-06
 Reference value :  3.48019e-06
 Reference value :  3.48219e-06
 Reference value :  3.48369e-06
 Reference value :  3.48519e-06
 Reference value :  3.48669e-06
 Reference value :  3.48819e-06
 Reference value :  3.48969e-06
 Reference value :  3.49117e-06
 Reference value :  3.49132e-06
 Reference value :  3.49184e-06
 Reference value :  3.49217e-06
 Reference value :  3.49222e-06
 Reference value :  3.49232e-06
 Reference value :  3.49252e-06
 Reference value :  3.49311e-06
 Reference value :  3.49408e-06
 Reference value :  3.49503e-06
 Reference value :  3.49553e-06
 Reference value :  3.49653e-06
 Reference value :  3.49753e-06
 Reference value :  3.49903e-06
 Reference value :  3.50053e-06
 Reference value :  3.50203e-06
 Reference value :  3.50353e-06
 Reference value :  3.50503e-06
 Reference value :  3.50653e-06
 Reference value :  3.50803e-06
 Reference value :  3.50953e-06
 Reference value :  3.51103e-06
 Reference value :  3.51203e-06
 Reference value :  3.51303e-06
 Reference value :  3.51403e-06
 Reference value :  3.51503e-06
 Reference value :  3.51603e-06
 Reference value :  3.51753e-06
 Reference value :  3.51853e-06
 Reference value :  3.52003e-06
 Reference value :  3.52153e-06
 Reference value :  3.52253e-06
 Reference value :  3.52353e-06
 Reference value :  3.52453e-06
 Reference value :  3.52603e-06
 Reference value :  3.52703e-06
 Reference value :  3.52803e-06
 Reference value :  3.52953e-06
 Reference value :  3.53053e-06
 Reference value :  3.53203e-06
 Reference value :  3.53288e-06
 Reference value :  3.53318e-06
 Reference value :  3.53351e-06
 Reference value :  3.53367e-06
 Reference value :  3.53387e-06
 Reference value :  3.53393e-06
 Reference value :  3.53427e-06
 Reference value :  3.53463e-06
 Reference value :  3.53493e-06
 Reference value :  3.53530e-06
 Reference value :  3.53619e-06
 Reference value :  3.53719e-06
 Reference value :  3.53819e-06
 Reference value :  3.53919e-06
 Reference value :  3.54019e-06
 Reference value :  3.54119e-06
 Reference value :  3.54269e-06
 Reference value :  3.54419e-06
 Reference value :  3.54569e-06
 Reference value :  3.54719e-06
 Reference value :  3.54819e-06
 Reference value :  3.54919e-06
 Reference value :  3.55019e-06
 Reference value :  3.55119e-06
 Reference value :  3.55219e-06
 Reference value :  3.55319e-06
 Reference value :  3.55419e-06
 Reference value :  3.55519e-06
 Reference value :  3.55669e-06
 Reference value :  3.55769e-06
 Reference value :  3.55919e-06
 Reference value :  3.56019e-06
 Reference value :  3.56119e-06
 Reference value :  3.56219e-06
 Reference value :  3.56319e-06
 Reference value :  3.56419e-06
 Reference value :  3.56569e-06
 Reference value :  3.56719e-06
 Reference value :  3.56819e-06
 Reference value :  3.56919e-06
 Reference value :  3.57019e-06
 Reference value :  3.57119e-06
 Reference value :  3.57269e-06
 Reference value :  3.57409e-06
 Reference value :  3.57465e-06
 Reference value :  3.57550e-06
 Reference value :  3.57565e-06
 Reference value :  3.57605e-06
 Reference value :  3.57692e-06
 Reference value :  3.57788e-06
 Reference value :  3.57888e-06
 Reference value :  3.57988e-06
 Reference value :  3.58138e-06
 Reference value :  3.58288e-06
 Reference value :  3.58488e-06
 Reference value :  3.58638e-06
 Reference value :  3.58788e-06
 Reference value :  3.58988e-06
 Reference value :  3.59188e-06
 Reference value :  3.59338e-06
 Reference value :  3.59538e-06
 Reference value :  3.59738e-06
 Reference value :  3.59938e-06
 Reference value :  3.60138e-06
 Reference value :  3.60338e-06
 Reference value :  3.60488e-06
 Reference value :  3.60638e-06
 Reference value :  3.60838e-06
 Reference value :  3.60988e-06
 Reference value :  3.61138e-06
 Reference value :  3.61288e-06
 Reference value :  3.61388e-06
 Reference value :  3.61538e-06
 Reference value :  3.61617e-06
 Reference value :  3.61652e-06
 Reference value :  3.61684e-06
 Reference value :  3.61700e-06
 Reference value :  3.61720e-06
 Reference value :  3.61761e-06
 Reference value :  3.61796e-06
 Reference value :  3.61827e-06
 Reference value :  3.61903e-06
 Reference value :  3.62053e-06
 Reference value :  3.62203e-06
 Reference value :  3.62353e-06
 Reference value :  3.62503e-06
 Reference value :  3.62703e-06
 Reference value :  3.62853e-06
 Reference value :  3.63053e-06
 Reference value :  3.63253e-06
 Reference value :  3.63403e-06
 Reference value :  3.63603e-06
 Reference value :  3.63803e-06
 Reference value :  3.64003e-06
 Reference value :  3.64203e-06
 Reference value :  3.64403e-06
 Reference value :  3.64553e-06
 Reference value :  3.64753e-06
 Reference value :  3.64953e-06
 Reference value :  3.65153e-06
 Reference value :  3.65353e-06
 Reference value :  3.65503e-06
 Reference value :  3.65603e-06
 Reference value :  3.65703e-06
 Reference value :  3.65783e-06
 Reference value :  3.65798e-06
 Reference value :  3.65851e-06
 Reference value :  3.65883e-06
 Reference value :  3.65888e-06
 Reference value :  3.65918e-06
 Reference value :  3.65978e-06
 Reference value :  3.66076e-06
 Reference value :  3.66172e-06
 Reference value :  3.66222e-06
 Reference value :  3.66322e-06
 Reference value :  3.66422e-06
 Reference value :  3.66522e-06
 Reference value :  3.66622e-06
 Reference value :  3.66772e-06
 Reference value :  3.66872e-06
 Reference value :  3.66972e-06
 Reference value :  3.67072e-06
 Reference value :  3.67222e-06
 Reference value :  3.67322e-06
 Reference value :  3.67422e-06
 Reference value :  3.67522e-06
 Reference value :  3.67622e-06
 Reference value :  3.67722e-06
 Reference value :  3.67872e-06
 Reference value :  3.67972e-06
 Reference value :  3.68072e-06
 Reference value :  3.68172e-06
 Reference value :  3.68322e-06
 Reference value :  3.68422e-06
 Reference value :  3.68522e-06
 Reference value :  3.68672e-06
 Reference value :  3.68822e-06
 Reference value :  3.68922e-06
 Reference value :  3.69022e-06
 Reference value :  3.69172e-06
 Reference value :  3.69322e-06
 Reference value :  3.69472e-06
 Reference value :  3.69622e-06
 Reference value :  3.69772e-06
 Reference value :  3.69911e-06
 Reference value :  3.69955e-06
 Reference value :  3.70017e-06
 Reference value :  3.70034e-06
 Reference value :  3.70050e-06
 Reference value :  3.70060e-06
 Reference value :  3.70094e-06
 Reference value :  3.70114e-06
 Reference value :  3.70129e-06
 Reference value :  3.70159e-06
 Reference value :  3.70197e-06
 Reference value :  3.70286e-06
 Reference value :  3.70386e-06
 Reference value :  3.70486e-06
 Reference value :  3.70586e-06
 Reference value :  3.70686e-06
 Reference value :  3.70786e-06
 Reference value :  3.70936e-06
 Reference value :  3.71036e-06
 Reference value :  3.71186e-06
 Reference value :  3.71286e-06
 Reference value :  3.71386e-06
 Reference value :  3.71486e-06
 Reference value :  3.71586e-06
 Reference value :  3.71736e-06
 Reference value :  3.71886e-06
 Reference value :  3.72036e-06
 Reference value :  3.72136e-06
 Reference value :  3.72286e-06
 Reference value :  3.72436e-06
 Reference value :  3.72586e-06
 Reference value :  3.72686e-06
 Reference value :  3.72786e-06
 Reference value :  3.72886e-06
 Reference value :  3.72986e-06
 Reference value :  3.73136e-06
 Reference value :  3.73236e-06
 Reference value :  3.73336e-06
 Reference value :  3.73436e-06
 Reference value :  3.73586e-06
 Reference value :  3.73686e-06
 Reference value :  3.73786e-06
 Reference value :  3.73886e-06
 Reference value :  3.74036e-06
 Reference value :  3.74117e-06
 Reference value :  3.74152e-06
 Reference value :  3.74217e-06
 Reference value :  3.74222e-06
 Reference value :  3.74232e-06
 Reference value :  3.74272e-06
 Reference value :  3.74359e-06
 Reference value :  3.74409e-06
 Reference value :  3.74505e-06
 Reference value :  3.74555e-06
 Reference value :  3.74655e-06
 Reference value :  3.74755e-06
 Reference value :  3.74855e-06
 Reference value :  3.74955e-06
 Reference value :  3.75105e-06
 Reference value :  3.75255e-06
 Reference value :  3.75405e-06
 Reference value :  3.75555e-06
 Reference value :  3.75655e-06
 Reference value :  3.75805e-06
 Reference value :  3.75905e-06
 Reference value :  3.76005e-06
 Reference value :  3.76155e-06
 Reference value :  3.76255e-06
 Reference value :  3.76355e-06
 Reference value :  3.76455e-06
 Reference value :  3.76605e-06
 Reference value :  3.76755e-06
 Reference value :  3.76855e-06
 Reference value :  3.76955e-06
 Reference value :  3.77105e-06
 Reference value :  3.77255e-06
 Reference value :  3.77355e-06
 Reference value :  3.77455e-06
 Reference value :  3.77555e-06
 Reference value :  3.77655e-06
 Reference value :  3.77805e-06
 Reference value :  3.77955e-06
 Reference value :  3.78055e-06
 Reference value :  3.78205e-06
 Reference value :  3.78283e-06
 Reference value :  3.78298e-06
 Reference value :  3.78351e-06
 Reference value :  3.78367e-06
 Reference value :  3.78383e-06
 Reference value :  3.78386e-06
 Reference value :  3.78400e-06
 Reference value :  3.78435e-06
 Reference value :  3.78451e-06
 Reference value :  3.78463e-06
 Reference value :  3.78487e-06
 Reference value :  3.78562e-06
 Reference value :  3.78712e-06
 Reference value :  3.78862e-06
 Reference value :  3.78962e-06
 Reference value :  3.79112e-06
 Reference value :  3.79262e-06
 Reference value :  3.79362e-06
 Reference value :  3.79462e-06
 Reference value :  3.79612e-06
 Reference value :  3.79762e-06
 Reference value :  3.79912e-06
 Reference value :  3.80012e-06
 Reference value :  3.80112e-06
 Reference value :  3.80212e-06
 Reference value :  3.80362e-06
 Reference value :  3.80512e-06
 Reference value :  3.80662e-06
 Reference value :  3.80762e-06
 Reference value :  3.80862e-06
 Reference value :  3.80962e-06
 Reference value :  3.81062e-06
 Reference value :  3.81162e-06
 Reference value :  3.81262e-06
 Reference value :  3.81362e-06
 Reference value :  3.81462e-06
 Reference value :  3.81562e-06
 Reference value :  3.81662e-06
 Reference value :  3.81812e-06
 Reference value :  3.81962e-06
 Reference value :  3.82062e-06
 Reference value :  3.82162e-06
 Reference value :  3.82262e-06
 Reference value :  3.82362e-06
 Reference value :  3.82455e-06
 Reference value :  3.82485e-06
 Reference value :  3.82550e-06
 Reference value :  3.82555e-06
 Reference value :  3.82565e-06
 Reference value :  3.82585e-06
 Reference value :  3.82645e-06
 Reference value :  3.82742e-06
 Reference value :  3.82839e-06
 Reference value :  3.82845e-06
 Reference value :  3.82883e-06
 Reference value :  3.82933e-06
 Reference value :  3.83029e-06
 Reference value :  3.83129e-06
 Reference value :  3.83229e-06
 Reference value :  3.83329e-06
 Reference value :  3.83429e-06
 Reference value :  3.83529e-06
 Reference value :  3.83629e-06
 Reference value :  3.83729e-06
 Reference value :  3.83829e-06
 Reference value :  3.83929e-06
 Reference value :  3.84029e-06
 Reference value :  3.84129e-06
 Reference value :  3.84229e-06
 Reference value :  3.84329e-06
 Reference value :  3.84479e-06
 Reference value :  3.84579e-06
 Reference value :  3.84729e-06
 Reference value :  3.84879e-06
 Reference value :  3.84979e-06
 Reference value :  3.85079e-06
 Reference value :  3.85179e-06
 Reference value :  3.85279e-06
 Reference value :  3.85379e-06
 Reference value :  3.85479e-06
 Reference value :  3.85579e-06
 Reference value :  3.85729e-06
 Reference value :  3.85879e-06
 Reference value :  3.85979e-06
 Reference value :  3.86079e-06
 Reference value :  3.86179e-06
 Reference value :  3.86279e-06
 Reference value :  3.86379e-06
 Reference value :  3.86529e-06
 Reference value :  3.86617e-06
 Reference value :  3.86632e-06
 Reference value :  3.86684e-06
 Reference value :  3.86700e-06
 Reference value :  3.86717e-06
 Reference value :  3.86726e-06
 Reference value :  3.86743e-06
 Reference value :  3.86770e-06
 Reference value :  3.86787e-06
 Reference value :  3.86800e-06
 Reference value :  3.86825e-06
 Reference value :  3.86869e-06
 Reference value :  3.86969e-06
 Reference value :  3.87119e-06
 Reference value :  3.87219e-06
 Reference value :  3.87319e-06
 Reference value :  3.87419e-06
 Reference value :  3.87519e-06
 Reference value :  3.87619e-06
 Reference value :  3.87769e-06
 Reference value :  3.87869e-06
 Reference value :  3.87969e-06
 Reference value :  3.88069e-06
 Reference value :  3.88219e-06
 Reference value :  3.88319e-06
 Reference value :  3.88419e-06
 Reference value :  3.88519e-06
 Reference value :  3.88669e-06
 Reference value :  3.88769e-06
 Reference value :  3.88919e-06
 Reference value :  3.89069e-06
 Reference value :  3.89169e-06
 Reference value :  3.89319e-06
 Reference value :  3.89419e-06
 Reference value :  3.89569e-06
 Reference value :  3.89719e-06
 Reference value :  3.89869e-06
 Reference value :  3.89969e-06
 Reference value :  3.90119e-06
 Reference value :  3.90219e-06
 Reference value :  3.90369e-06
 Reference value :  3.90469e-06
 Reference value :  3.90619e-06
 Reference value :  3.90719e-06
 Reference value :  3.90783e-06
 Reference value :  3.90798e-06
 Reference value :  3.90851e-06
 Reference value :  3.90883e-06
 Reference value :  3.90888e-06
 Reference value :  3.90898e-06
 Reference value :  3.90918e-06
 Reference value :  3.90978e-06
 Reference value :  3.91076e-06
 Reference value :  3.91172e-06
 Reference value :  3.91222e-06
 Reference value :  3.91272e-06
 Reference value :  3.91322e-06
 Reference value :  3.91422e-06
 Reference value :  3.91522e-06
 Reference value :  3.91622e-06
 Reference value :  3.91722e-06
 Reference value :  3.91822e-06
 Reference value :  3.91922e-06
 Reference value :  3.92072e-06
 Reference value :  3.92172e-06
 Reference value :  3.92272e-06
 Reference value :  3.92372e-06
 Reference value :  3.92522e-06
 Reference value :  3.92622e-06
 Reference value :  3.92722e-06
 Reference value :  3.92822e-06
 Reference value :  3.92972e-06
 Reference value :  3.93072e-06
 Reference value :  3.93172e-06
 Reference value :  3.93322e-06
 Reference value :  3.93472e-06
 Reference value :  3.93622e-06
 Reference value :  3.93772e-06
 Reference value :  3.93922e-06
 Reference value :  3.94022e-06
 Reference value :  3.94122e-06
 Reference value :  3.94272e-06
 Reference value :  3.94372e-06
 Reference value :  3.94472e-06
 Reference value :  3.94572e-06
 Reference value :  3.94672e-06
 Reference value :  3.94772e-06
 Reference value :  3.94872e-06
 Reference value :  3.94955e-06
 Reference value :  3.95000e-06
 Reference value :  3.95011e-06
 Reference value :  3.95025e-06
 Reference value :  3.95037e-06
 Reference value :  3.95050e-06
 Reference value :  3.95057e-06
 Reference value :  3.95068e-06
 Reference value :  3.95077e-06
 Reference value :  3.95082e-06
 Reference value :  3.95100e-06
 Reference value :  3.95104e-06
 Reference value :  3.95120e-06
 Reference value :  3.95129e-06
 Reference value :  3.95151e-06
 Reference value :  3.95219e-06
 Reference value :  3.95369e-06
 Reference value :  3.95469e-06
 Reference value :  3.95569e-06
 Reference value :  3.95669e-06
 Reference value :  3.95819e-06
 Reference value :  3.95919e-06
 Reference value :  3.96019e-06
 Reference value :  3.96169e-06
 Reference value :  3.96269e-06
 Reference value :  3.96369e-06
 Reference value :  3.96469e-06
 Reference value :  3.96619e-06
 Reference value :  3.96719e-06
 Reference value :  3.96819e-06
 Reference value :  3.96919e-06
 Reference value :  3.97069e-06
 Reference value :  3.97169e-06
 Reference value :  3.97319e-06
 Reference value :  3.97469e-06
 Reference value :  3.97569e-06
 Reference value :  3.97669e-06
 Reference value :  3.97769e-06
 Reference value :  3.97869e-06
 Reference value :  3.97969e-06
 Reference value :  3.98069e-06
 Reference value :  3.98169e-06
 Reference value :  3.98269e-06
 Reference value :  3.98419e-06
 Reference value :  3.98519e-06
 Reference value :  3.98619e-06
 Reference value :  3.98769e-06
 Reference value :  3.98869e-06
 Reference value :  3.99019e-06
 Reference value :  3.99117e-06
 Reference value :  3.99152e-06
 Reference value :  3.99217e-06
 Reference value :  3.99222e-06
 Reference value :  3.99232e-06
 Reference value :  3.99272e-06
 Reference value :  3.99359e-06
 Reference value :  3.99455e-06
 Reference value :  3.99555e-06
 Reference value :  3.99655e-06
 Reference value :  3.99755e-06
 Reference value :  3.99855e-06
 Reference value :  4.00005e-06
 Reference value :  4.00105e-06
 Reference value :  4.00205e-06
 Reference value :  4.00355e-06
 Reference value :  4.00455e-06
 Reference value :  4.00555e-06
 Reference value :  4.00655e-06
 Reference value :  4.00755e-06
 Reference value :  4.00855e-06
 Reference value :  4.01005e-06
 Reference value :  4.01105e-06
 Reference value :  4.01205e-06
 Reference value :  4.01305e-06
 Reference value :  4.01405e-06
 Reference value :  4.01505e-06
 Reference value :  4.01605e-06
 Reference value :  4.01705e-06
 Reference value :  4.01805e-06
 Reference value :  4.01905e-06
 Reference value :  4.02055e-06
 Reference value :  4.02155e-06
 Reference value :  4.02305e-06
 Reference value :  4.02505e-06
 Reference value :  4.02705e-06
 Reference value :  4.02855e-06
 Reference value :  4.03005e-06
 Reference value :  4.03105e-06
 Reference value :  4.03244e-06
 Reference value :  4.03298e-06
 Reference value :  4.03351e-06
 Reference value :  4.03367e-06
 Reference value :  4.03386e-06
 Reference value :  4.03400e-06
 Reference value :  4.03435e-06
 Reference value :  4.03456e-06
 Reference value :  4.03468e-06
 Reference value :  4.03494e-06
 Reference value :  4.03593e-06
 Reference value :  4.03743e-06
 Reference value :  4.03893e-06
 Reference value :  4.04043e-06
 Reference value :  4.04193e-06
 Reference value :  4.04343e-06
 Reference value :  4.04493e-06
 Reference value :  4.04643e-06
 Reference value :  4.04793e-06
 Reference value :  4.04943e-06
 Reference value :  4.05093e-06
 Reference value :  4.05243e-06
 Reference value :  4.05393e-06
 Reference value :  4.05543e-06
 Reference value :  4.05743e-06
 Reference value :  4.05893e-06
 Reference value :  4.05993e-06
 Reference value :  4.06143e-06
 Reference value :  4.06243e-06
 Reference value :  4.06343e-06
 Reference value :  4.06493e-06
 Reference value :  4.06593e-06
 Reference value :  4.06743e-06
 Reference value :  4.06893e-06
 Reference value :  4.07043e-06
 Reference value :  4.07193e-06
 Reference value :  4.07293e-06
 Reference value :  4.07421e-06
 Reference value :  4.07465e-06
 Reference value :  4.07517e-06
 Reference value :  4.07550e-06
 Reference value :  4.07555e-06
 Reference value :  4.07565e-06
 Reference value :  4.07605e-06
 Reference value :  4.07692e-06
 Reference value :  4.07789e-06
 Reference value :  4.07889e-06
 Reference value :  4.07939e-06
 Reference value :  4.08039e-06
 Reference value :  4.08139e-06
 Reference value :  4.08239e-06
 Reference value :  4.08339e-06
 Reference value :  4.08489e-06
 Reference value :  4.08639e-06
 Reference value :  4.08789e-06
 Reference value :  4.08939e-06
 Reference value :  4.09089e-06
 Reference value :  4.09239e-06
 Reference value :  4.09389e-06
 Reference value :  4.09489e-06
 Reference value :  4.09639e-06
 Reference value :  4.09739e-06
 Reference value :  4.09889e-06
 Reference value :  4.10039e-06
 Reference value :  4.10139e-06
 Reference value :  4.10289e-06
 Reference value :  4.10389e-06
 Reference value :  4.10539e-06
 Reference value :  4.10689e-06
 Reference value :  4.10839e-06
 Reference value :  4.10989e-06
 Reference value :  4.11089e-06
 Reference value :  4.11189e-06
 Reference value :  4.11289e-06
 Reference value :  4.11389e-06
 Reference value :  4.11489e-06
 Reference value :  4.11578e-06
 Reference value :  4.11622e-06
 Reference value :  4.11684e-06
 Reference value :  4.11717e-06
 Reference value :  4.11726e-06
 Reference value :  4.11737e-06
 Reference value :  4.11749e-06
 Reference value :  4.11761e-06
 Reference value :  4.11773e-06
 Reference value :  4.11787e-06
 Reference value :  4.11797e-06
 Reference value :  4.11820e-06
 Reference value :  4.11852e-06
 Reference value :  4.11929e-06
 Reference value :  4.12079e-06
 Reference value :  4.12179e-06
 Reference value :  4.12329e-06
 Reference value :  4.12429e-06
 Reference value :  4.12579e-06
 Reference value :  4.12679e-06
 Reference value :  4.12779e-06
 Reference value :  4.12929e-06
 Reference value :  4.13079e-06
 Reference value :  4.13229e-06
 Reference value :  4.13379e-06
 Reference value :  4.13529e-06
 Reference value :  4.13679e-06
 Reference value :  4.13829e-06
 Reference value :  4.13929e-06
 Reference value :  4.14079e-06
 Reference value :  4.14229e-06
 Reference value :  4.14379e-06
 Reference value :  4.14579e-06
 Reference value :  4.14729e-06
 Reference value :  4.14879e-06
 Reference value :  4.15029e-06
 Reference value :  4.15179e-06
 Reference value :  4.15279e-06
 Reference value :  4.15429e-06
 Reference value :  4.15579e-06
 Reference value :  4.15729e-06
 Reference value :  4.15798e-06
 Reference value :  4.15883e-06
 Reference value :  4.15898e-06
 Reference value :  4.15954e-06
 Reference value :  4.15996e-06
 Reference value :  4.16036e-06
 Reference value :  4.16074e-06
 Reference value :  4.16108e-06
 Reference value :  4.16184e-06
 Reference value :  4.16284e-06
 Reference value :  4.16434e-06
 Reference value :  4.16584e-06
 Reference value :  4.16734e-06
 Reference value :  4.16884e-06
 Reference value :  4.16984e-06
 Reference value :  4.17084e-06
 Reference value :  4.17184e-06
 Reference value :  4.17284e-06
 Reference value :  4.17434e-06
 Reference value :  4.17534e-06
 Reference value :  4.17684e-06
 Reference value :  4.17834e-06
 Reference value :  4.17934e-06
 Reference value :  4.18034e-06
 Reference value :  4.18134e-06
 Reference value :  4.18284e-06
 Reference value :  4.18384e-06
 Reference value :  4.18534e-06
 Reference value :  4.18684e-06
 Reference value :  4.18834e-06
 Reference value :  4.18984e-06
 Reference value :  4.19134e-06
 Reference value :  4.19284e-06
 Reference value :  4.19434e-06
 Reference value :  4.19584e-06
 Reference value :  4.19734e-06
 Reference value :  4.19884e-06
 Reference value :  4.19950e-06
 Reference value :  4.19965e-06
 Reference value :  4.20017e-06
 Reference value :  4.20034e-06
 Reference value :  4.20050e-06
 Reference value :  4.20060e-06
 Reference value :  4.20071e-06
 Reference value :  4.20082e-06
 Reference value :  4.20107e-06
 Reference value :  4.20121e-06
 Reference value :  4.20131e-06
 Reference value :  4.20155e-06
 Reference value :  4.20191e-06
 Reference value :  4.20330e-06
 Reference value :  4.20480e-06
 Reference value :  4.20680e-06
 Reference value :  4.20830e-06
 Reference value :  4.20980e-06
 Reference value :  4.21130e-06
 Reference value :  4.21230e-06
 Reference value :  4.21330e-06
 Reference value :  4.21480e-06
 Reference value :  4.21630e-06
 Reference value :  4.21730e-06
 Reference value :  4.21880e-06
 Reference value :  4.21980e-06
 Reference value :  4.22080e-06
 Reference value :  4.22180e-06
 Reference value :  4.22280e-06
 Reference value :  4.22380e-06
 Reference value :  4.22480e-06
 Reference value :  4.22630e-06
 Reference value :  4.22780e-06
 Reference value :  4.22930e-06
 Reference value :  4.23080e-06
 Reference value :  4.23230e-06
 Reference value :  4.23330e-06
 Reference value :  4.23430e-06
 Reference value :  4.23580e-06
 Reference value :  4.23730e-06
 Reference value :  4.23880e-06
 Reference value :  4.24030e-06
 Reference value :  4.24117e-06
 Reference value :  4.24132e-06
 Reference value :  4.24184e-06
 Reference value :  4.24217e-06
 Reference value :  4.24232e-06
 Reference value :  4.24272e-06
 Reference value :  4.24357e-06
 Reference value :  4.24397e-06
 Reference value :  4.24401e-06
 Reference value :  4.24423e-06
 Reference value :  4.24476e-06
 Reference value :  4.24558e-06
 Reference value :  4.24708e-06
 Reference value :  4.24858e-06
 Reference value :  4.25008e-06
 Reference value :  4.25158e-06
 Reference value :  4.25258e-06
 Reference value :  4.25408e-06
 Reference value :  4.25558e-06
 Reference value :  4.25658e-06
 Reference value :  4.25808e-06
 Reference value :  4.25958e-06
 Reference value :  4.26108e-06
 Reference value :  4.26258e-06
 Reference value :  4.26358e-06
 Reference value :  4.26508e-06
 Reference value :  4.26608e-06
 Reference value :  4.26708e-06
 Reference value :  4.26808e-06
 Reference value :  4.26958e-06
 Reference value :  4.27108e-06
 Reference value :  4.27208e-06
 Reference value :  4.27308e-06
 Reference value :  4.27458e-06
 Reference value :  4.27608e-06
 Reference value :  4.27758e-06
 Reference value :  4.27908e-06
 Reference value :  4.28058e-06
 Reference value :  4.28208e-06
 Reference value :  4.28283e-06
 Reference value :  4.28318e-06
 Reference value :  4.28351e-06
 Reference value :  4.28367e-06
 Reference value :  4.28383e-06
 Reference value :  4.28393e-06
 Reference value :  4.28404e-06
 Reference value :  4.28415e-06
 Reference value :  4.28429e-06
 Reference value :  4.28460e-06
 Reference value :  4.28489e-06
 Reference value :  4.28521e-06
 Reference value :  4.28592e-06
 Reference value :  4.28692e-06
 Reference value :  4.28842e-06
 Reference value :  4.28992e-06
 Reference value :  4.29142e-06
 Reference value :  4.29292e-06
 Reference value :  4.29442e-06
 Reference value :  4.29592e-06
 Reference value :  4.29692e-06
 Reference value :  4.29792e-06
 Reference value :  4.29942e-06
 Reference value :  4.30092e-06
 Reference value :  4.30242e-06
 Reference value :  4.30392e-06
 Reference value :  4.30542e-06
 Reference value :  4.30692e-06
 Reference value :  4.30842e-06
 Reference value :  4.30992e-06
 Reference value :  4.31142e-06
 Reference value :  4.31242e-06
 Reference value :  4.31342e-06
 Reference value :  4.31442e-06
 Reference value :  4.31592e-06
 Reference value :  4.31742e-06
 Reference value :  4.31892e-06
 Reference value :  4.31992e-06
 Reference value :  4.32142e-06
 Reference value :  4.32242e-06
 Reference value :  4.32342e-06
 Reference value :  4.32421e-06
 Reference value :  4.32465e-06
 Reference value :  4.32517e-06
 Reference value :  4.32550e-06
 Reference value :  4.32555e-06
 Reference value :  4.32565e-06
 Reference value :  4.32605e-06
 Reference value :  4.32692e-06
 Reference value :  4.32742e-06
 Reference value :  4.32840e-06
 Reference value :  4.32940e-06
 Reference value :  4.33040e-06
 Reference value :  4.33140e-06
 Reference value :  4.33240e-06
 Reference value :  4.33340e-06
 Reference value :  4.33440e-06
 Reference value :  4.33540e-06
 Reference value :  4.33640e-06
 Reference value :  4.33740e-06
 Reference value :  4.33840e-06
 Reference value :  4.33990e-06
 Reference value :  4.34090e-06
 Reference value :  4.34190e-06
 Reference value :  4.34340e-06
 Reference value :  4.34440e-06
 Reference value :  4.34540e-06
 Reference value :  4.34640e-06
 Reference value :  4.34740e-06
 Reference value :  4.34840e-06
 Reference value :  4.34990e-06
 Reference value :  4.35090e-06
 Reference value :  4.35190e-06
 Reference value :  4.35290e-06
 Reference value :  4.35390e-06
 Reference value :  4.35540e-06
 Reference value :  4.35690e-06
 Reference value :  4.35790e-06
 Reference value :  4.35840e-06
 Reference value :  4.35890e-06
 Reference value :  4.35940e-06
 Reference value :  4.36040e-06
 Reference value :  4.36140e-06
 Reference value :  4.36240e-06
 Reference value :  4.36340e-06
 Reference value :  4.36440e-06
 Reference value :  4.36579e-06
 Reference value :  4.36622e-06
 Reference value :  4.36684e-06
 Reference value :  4.36700e-06
 Reference value :  4.36717e-06
 Reference value :  4.36726e-06
 Reference value :  4.36762e-06
 Reference value :  4.36782e-06
 Reference value :  4.36800e-06
 Reference value :  4.36818e-06
 Reference value :  4.36861e-06
 Reference value :  4.36895e-06
 Reference value :  4.36979e-06
 Reference value :  4.37079e-06
 Reference value :  4.37179e-06
 Reference value :  4.37279e-06
 Reference value :  4.37379e-06
 Reference value :  4.37479e-06
 Reference value :  4.37629e-06
 Reference value :  4.37729e-06
 Reference value :  4.37879e-06
 Reference value :  4.37979e-06
 Reference value :  4.38079e-06
 Reference value :  4.38229e-06
 Reference value :  4.38329e-06
 Reference value :  4.38479e-06
 Reference value :  4.38579e-06
 Reference value :  4.38679e-06
 Reference value :  4.38779e-06
 Reference value :  4.38929e-06
 Reference value :  4.39029e-06
 Reference value :  4.39129e-06
 Reference value :  4.39229e-06
 Reference value :  4.39379e-06
 Reference value :  4.39529e-06
 Reference value :  4.39679e-06
 Reference value :  4.39779e-06
 Reference value :  4.39929e-06
 Reference value :  4.40079e-06
 Reference value :  4.40229e-06
 Reference value :  4.40379e-06
 Reference value :  4.40479e-06
 Reference value :  4.40579e-06
 Reference value :  4.40729e-06
 Reference value :  4.40783e-06
 Reference value :  4.40798e-06
 Reference value :  4.40851e-06
 Reference value :  4.40883e-06
 Reference value :  4.40888e-06
 Reference value :  4.40898e-06
 Reference value :  4.40938e-06
 Reference value :  4.41026e-06
 Reference value :  4.41124e-06
 Reference value :  4.41274e-06
 Reference value :  4.41374e-06
 Reference value :  4.41474e-06
 Reference value :  4.41574e-06
 Reference value :  4.41674e-06
 Reference value :  4.41824e-06
 Reference value :  4.41974e-06
 Reference value :  4.42124e-06
 Reference value :  4.42224e-06
 Reference value :  4.42324e-06
 Reference value :  4.42474e-06
 Reference value :  4.42574e-06
 Reference value :  4.42674e-06
 Reference value :  4.42774e-06
 Reference value :  4.42924e-06
 Reference value :  4.43024e-06
 Reference value :  4.43124e-06
 Reference value :  4.43274e-06
 Reference value :  4.43424e-06
 Reference value :  4.43524e-06
 Reference value :  4.43674e-06
 Reference value :  4.43724e-06
 Reference value :  4.43774e-06
 Reference value :  4.43874e-06
 Reference value :  4.44024e-06
 Reference value :  4.44174e-06
 Reference value :  4.44324e-06
 Reference value :  4.44424e-06
 Reference value :  4.44524e-06
 Reference value :  4.44674e-06
 Reference value :  4.44774e-06
 Reference value :  4.44912e-06
 Reference value :  4.44965e-06
 Reference value :  4.45017e-06
 Reference value :  4.45034e-06
 Reference value :  4.45050e-06
 Reference value :  4.45060e-06
 Reference value :  4.45091e-06
 Reference value :  4.45112e-06
 Reference value :  4.45125e-06
 Reference value :  4.45157e-06
 Reference value :  4.45214e-06
 Reference value :  4.45311e-06
 Reference value :  4.45411e-06
 Reference value :  4.45561e-06
 Reference value :  4.45661e-06
 Reference value :  4.45761e-06
 Reference value :  4.45861e-06
 Reference value :  4.45961e-06
 Reference value :  4.46061e-06
 Reference value :  4.46211e-06
 Reference value :  4.46361e-06
 Reference value :  4.46511e-06
 Reference value :  4.46661e-06
 Reference value :  4.46811e-06
 Reference value :  4.47011e-06
 Reference value :  4.47111e-06
 Reference value :  4.47211e-06
 Reference value :  4.47361e-06
 Reference value :  4.47511e-06
 Reference value :  4.47661e-06
 Reference value :  4.47811e-06
 Reference value :  4.47961e-06
 Reference value :  4.48111e-06
 Reference value :  4.48211e-06
 Reference value :  4.48361e-06
 Reference value :  4.48511e-06
 Reference value :  4.48661e-06
 Reference value :  4.48761e-06
 Reference value :  4.48861e-06
 Reference value :  4.48961e-06
 Reference value :  4.49061e-06
 Reference value :  4.49117e-06
 Reference value :  4.49132e-06
 Reference value :  4.49184e-06
 Reference value :  4.49217e-06
 Reference value :  4.49222e-06
 Reference value :  4.49232e-06
 Reference value :  4.49272e-06
 Reference value :  4.49409e-06
 Reference value :  4.49507e-06
 Reference value :  4.49657e-06
 Reference value :  4.49757e-06
 Reference value :  4.49857e-06
 Reference value :  4.50007e-06
 Reference value :  4.50107e-06
 Reference value :  4.50257e-06
 Reference value :  4.50357e-06
 Reference value :  4.50507e-06
 Reference value :  4.50657e-06
 Reference value :  4.50757e-06
 Reference value :  4.50857e-06
 Reference value :  4.51007e-06
 Reference value :  4.51107e-06
 Reference value :  4.51257e-06
 Reference value :  4.51357e-06
 Reference value :  4.51457e-06
 Reference value :  4.51557e-06
 Reference value :  4.51657e-06
 Reference value :  4.51757e-06
 Reference value :  4.51857e-06
 Reference value :  4.51957e-06
 Reference value :  4.52057e-06
 Reference value :  4.52207e-06
 Reference value :  4.52357e-06
 Reference value :  4.52457e-06
 Reference value :  4.52507e-06
 Reference value :  4.52557e-06
 Reference value :  4.52607e-06
 Reference value :  4.52707e-06
 Reference value :  4.52807e-06
 Reference value :  4.52907e-06
 Reference value :  4.53007e-06
 Reference value :  4.53107e-06
 Reference value :  4.53207e-06
 Reference value :  4.53283e-06
 Reference value :  4.53298e-06
 Reference value :  4.53351e-06
 Reference value :  4.53367e-06
 Reference value :  4.53383e-06
 Reference value :  4.53393e-06
 Reference value :  4.53426e-06
 Reference value :  4.53448e-06
 Reference value :  4.53464e-06
 Reference value :  4.53482e-06
 Reference value :  4.53501e-06
 Reference value :  4.53554e-06
 Reference value :  4.53635e-06
 Reference value :  4.53735e-06
 Reference value :  4.53835e-06
 Reference value :  4.53935e-06
 Reference value :  4.54035e-06
 Reference value :  4.54135e-06
 Reference value :  4.54235e-06
 Reference value :  4.54335e-06
 Reference value :  4.54435e-06
 Reference value :  4.54535e-06
 Reference value :  4.54685e-06
 Reference value :  4.54785e-06
 Reference value :  4.54885e-06
 Reference value :  4.55035e-06
 Reference value :  4.55135e-06
 Reference value :  4.55285e-06
 Reference value :  4.55385e-06
 Reference value :  4.55485e-06
 Reference value :  4.55635e-06
 Reference value :  4.55785e-06
 Reference value :  4.55935e-06
 Reference value :  4.56035e-06
 Reference value :  4.56185e-06
 Reference value :  4.56335e-06
 Reference value :  4.56485e-06
 Reference value :  4.56635e-06
 Reference value :  4.56785e-06
 Reference value :  4.56935e-06
 Reference value :  4.57085e-06
 Reference value :  4.57235e-06
 Reference value :  4.57335e-06
 Reference value :  4.57418e-06
 Reference value :  4.57455e-06
 Reference value :  4.57485e-06
 Reference value :  4.57550e-06
 Reference value :  4.57555e-06
 Reference value :  4.57565e-06
 Reference value :  4.57605e-06
 Reference value :  4.57693e-06
 Reference value :  4.57743e-06
 Reference value :  4.57841e-06
 Reference value :  4.57941e-06
 Reference value :  4.58041e-06
 Reference value :  4.58141e-06
 Reference value :  4.58241e-06
 Reference value :  4.58391e-06
 Reference value :  4.58541e-06
 Reference value :  4.58641e-06
 Reference value :  4.58741e-06
 Reference value :  4.58891e-06
 Reference value :  4.58991e-06
 Reference value :  4.59091e-06
 Reference value :  4.59191e-06
 Reference value :  4.59291e-06
 Reference value :  4.59391e-06
 Reference value :  4.59491e-06
 Reference value :  4.59591e-06
 Reference value :  4.59691e-06
 Reference value :  4.59791e-06
 Reference value :  4.59941e-06
 Reference value :  4.60041e-06
 Reference value :  4.60141e-06
 Reference value :  4.60241e-06
 Reference value :  4.60391e-06
 Reference value :  4.60491e-06
 Reference value :  4.60591e-06
 Reference value :  4.60741e-06
 Reference value :  4.60791e-06
 Reference value :  4.60841e-06
 Reference value :  4.60891e-06
 Reference value :  4.60991e-06
 Reference value :  4.61091e-06
 Reference value :  4.61191e-06
 Reference value :  4.61291e-06
 Reference value :  4.61391e-06
 Reference value :  4.61541e-06
 Reference value :  4.61617e-06
 Reference value :  4.61652e-06
 Reference value :  4.61684e-06
 Reference value :  4.61700e-06
 Reference value :  4.61717e-06
 Reference value :  4.61726e-06
 Reference value :  4.61762e-06
 Reference value :  4.61783e-06
 Reference value :  4.61800e-06
 Reference value :  4.61819e-06
 Reference value :  4.61863e-06
 Reference value :  4.61898e-06
 Reference value :  4.61991e-06
 Reference value :  4.62091e-06
 Reference value :  4.62191e-06
 Reference value :  4.62291e-06
 Reference value :  4.62391e-06
 Reference value :  4.62491e-06
 Reference value :  4.62591e-06
 Reference value :  4.62691e-06
 Reference value :  4.62791e-06
 Reference value :  4.62891e-06
 Reference value :  4.62991e-06
 Reference value :  4.63141e-06
 Reference value :  4.63291e-06
 Reference value :  4.63441e-06
 Reference value :  4.63541e-06
 Reference value :  4.63691e-06
 Reference value :  4.63791e-06
 Reference value :  4.63891e-06
 Reference value :  4.64041e-06
 Reference value :  4.64141e-06
 Reference value :  4.64241e-06
 Reference value :  4.64341e-06
 Reference value :  4.64491e-06
 Reference value :  4.64591e-06
 Reference value :  4.64691e-06
 Reference value :  4.64791e-06
 Reference value :  4.64891e-06
 Reference value :  4.65041e-06
 Reference value :  4.65141e-06
 Reference value :  4.65241e-06
 Reference value :  4.65341e-06
 Reference value :  4.65491e-06
 Reference value :  4.65641e-06
 Reference value :  4.65783e-06
 Reference value :  4.65798e-06
 Reference value :  4.65851e-06
 Reference value :  4.65883e-06
 Reference value :  4.65888e-06
 Reference value :  4.65918e-06
 Reference value :  4.65978e-06
 Reference value :  4.66076e-06
 Reference value :  4.66175e-06
 Reference value :  4.66275e-06
 Reference value :  4.66425e-06
 Reference value :  4.66525e-06
 Reference value :  4.66675e-06
 Reference value :  4.66775e-06
 Reference value :  4.66925e-06
 Reference value :  4.67075e-06
 Reference value :  4.67175e-06
 Reference value :  4.67275e-06
 Reference value :  4.67425e-06
 Reference value :  4.67575e-06
 Reference value :  4.67725e-06
 Reference value :  4.67875e-06
 Reference value :  4.67975e-06
 Reference value :  4.68125e-06
 Reference value :  4.68225e-06
 Reference value :  4.68375e-06
 Reference value :  4.68475e-06
 Reference value :  4.68575e-06
 Reference value :  4.68725e-06
 Reference value :  4.68875e-06
 Reference value :  4.68975e-06
 Reference value :  4.69025e-06
 Reference value :  4.69075e-06
 Reference value :  4.69175e-06
 Reference value :  4.69275e-06
 Reference value :  4.69375e-06
 Reference value :  4.69475e-06
 Reference value :  4.69575e-06
 Reference value :  4.69675e-06
 Reference value :  4.69825e-06
 Reference value :  4.69912e-06
 Reference value :  4.69955e-06
 Reference value :  4.70017e-06
 Reference value :  4.70034e-06
 Reference value :  4.70050e-06
 Reference value :  4.70060e-06
 Reference value :  4.70095e-06
 Reference value :  4.70116e-06
 Reference value :  4.70134e-06
 Reference value :  4.70174e-06
 Reference value :  4.70230e-06
 Reference value :  4.70325e-06
 Reference value :  4.70425e-06
 Reference value :  4.70525e-06
 Reference value :  4.70625e-06
 Reference value :  4.70725e-06
 Reference value :  4.70825e-06
 Reference value :  4.70925e-06
 Reference value :  4.71025e-06
 Reference value :  4.71125e-06
 Reference value :  4.71275e-06
 Reference value :  4.71425e-06
 Reference value :  4.71575e-06
 Reference value :  4.71725e-06
 Reference value :  4.71875e-06
 Reference value :  4.71975e-06
 Reference value :  4.72075e-06
 Reference value :  4.72225e-06
 Reference value :  4.72375e-06
 Reference value :  4.72475e-06
 Reference value :  4.72625e-06
 Reference value :  4.72775e-06
 Reference value :  4.72925e-06
 Reference value :  4.73075e-06
 Reference value :  4.73225e-06
 Reference value :  4.73375e-06
 Reference value :  4.73525e-06
 Reference value :  4.73675e-06
 Reference value :  4.73775e-06
 Reference value :  4.73925e-06
 Reference value :  4.74025e-06
 Reference value :  4.74122e-06
 Reference value :  4.74152e-06
 Reference value :  4.74217e-06
 Reference value :  4.74222e-06
 Reference value :  4.74252e-06
 Reference value :  4.74359e-06
 Reference value :  4.74409e-06
 Reference value :  4.74508e-06
 Reference value :  4.74658e-06
 Reference value :  4.74808e-06
 Reference value :  4.74958e-06
 Reference value :  4.75108e-06
 Reference value :  4.75258e-06
 Reference value :  4.75408e-06
 Reference value :  4.75558e-06
 Reference value :  4.75708e-06
 Reference value :  4.75858e-06
 Reference value :  4.76008e-06
 Reference value :  4.76208e-06
 Reference value :  4.76358e-06
 Reference value :  4.76508e-06
 Reference value :  4.76608e-06
 Reference value :  4.76758e-06
 Reference value :  4.76908e-06
 Reference value :  4.77058e-06
 Reference value :  4.77258e-06
 Reference value :  4.77308e-06
 Reference value :  4.77358e-06
 Reference value :  4.77458e-06
 Reference value :  4.77558e-06
 Reference value :  4.77658e-06
 Reference value :  4.77758e-06
 Reference value :  4.77858e-06
 Reference value :  4.78008e-06
 Reference value :  4.78158e-06
 Reference value :  4.78283e-06
 Reference value :  4.78318e-06
 Reference value :  4.78351e-06
 Reference value :  4.78367e-06
 Reference value :  4.78383e-06
 Reference value :  4.78386e-06
 Reference value :  4.78400e-06
 Reference value :  4.78421e-06
 Reference value :  4.78445e-06
 Reference value :  4.78458e-06
 Reference value :  4.78472e-06
 Reference value :  4.78507e-06
 Reference value :  4.78537e-06
 Reference value :  4.78613e-06
 Reference value :  4.78713e-06
 Reference value :  4.78813e-06
 Reference value :  4.78913e-06
 Reference value :  4.79063e-06
 Reference value :  4.79213e-06
 Reference value :  4.79363e-06
 Reference value :  4.79513e-06
 Reference value :  4.79663e-06
 Reference value :  4.79813e-06
 Reference value :  4.79963e-06
 Reference value :  4.80113e-06
 Reference value :  4.80213e-06
 Reference value :  4.80363e-06
 Reference value :  4.80513e-06
 Reference value :  4.80663e-06
 Reference value :  4.80813e-06
 Reference value :  4.81013e-06
 Reference value :  4.81163e-06
 Reference value :  4.81313e-06
 Reference value :  4.81413e-06
 Reference value :  4.81563e-06
 Reference value :  4.81713e-06
 Reference value :  4.81863e-06
 Reference value :  4.82013e-06
 Reference value :  4.82163e-06
 Reference value :  4.82263e-06
 Reference value :  4.82363e-06
 Reference value :  4.82455e-06
 Reference value :  4.82517e-06
 Reference value :  4.82550e-06
 Reference value :  4.82565e-06
 Reference value :  4.82605e-06
 Reference value :  4.82693e-06
 Reference value :  4.82791e-06
 Reference value :  4.82941e-06
 Reference value :  4.83091e-06
 Reference value :  4.83191e-06
 Reference value :  4.83341e-06
 Reference value :  4.83491e-06
 Reference value :  4.83641e-06
 Reference value :  4.83741e-06
 Reference value :  4.83841e-06
 Reference value :  4.83991e-06
 Reference value :  4.84091e-06
 Reference value :  4.84191e-06
 Reference value :  4.84341e-06
 Reference value :  4.84491e-06
 Reference value :  4.84641e-06
 Reference value :  4.84791e-06
 Reference value :  4.84941e-06
 Reference value :  4.85091e-06
 Reference value :  4.85241e-06
 Reference value :  4.85341e-06
 Reference value :  4.85491e-06
 Reference value :  4.85591e-06
 Reference value :  4.85691e-06
 Reference value :  4.85741e-06
 Reference value :  4.85791e-06
 Reference value :  4.85891e-06
 Reference value :  4.85991e-06
 Reference value :  4.86091e-06
 Reference value :  4.86191e-06
 Reference value :  4.86291e-06
 Reference value :  4.86441e-06
 Reference value :  4.86579e-06
 Reference value :  4.86632e-06
 Reference value :  4.86684e-06
 Reference value :  4.86700e-06
 Reference value :  4.86717e-06
 Reference value :  4.86726e-06
 Reference value :  4.86743e-06
 Reference value :  4.86769e-06
 Reference value :  4.86782e-06
 Reference value :  4.86811e-06
 Reference value :  4.86852e-06
 Reference value :  4.86883e-06
 Reference value :  4.86964e-06
 Reference value :  4.87064e-06
 Reference value :  4.87164e-06
 Reference value :  4.87264e-06
 Reference value :  4.87364e-06
 Reference value :  4.87464e-06
 Reference value :  4.87614e-06
 Reference value :  4.87714e-06
 Reference value :  4.87864e-06
 Reference value :  4.88014e-06
 Reference value :  4.88164e-06
 Reference value :  4.88314e-06
 Reference value :  4.88464e-06
 Reference value :  4.88614e-06
 Reference value :  4.88764e-06
 Reference value :  4.88864e-06
 Reference value :  4.88964e-06
 Reference value :  4.89114e-06
 Reference value :  4.89264e-06
 Reference value :  4.89414e-06
 Reference value :  4.89564e-06
 Reference value :  4.89714e-06
 Reference value :  4.89864e-06
 Reference value :  4.90014e-06
 Reference value :  4.90214e-06
 Reference value :  4.90364e-06
 Reference value :  4.90514e-06
 Reference value :  4.90614e-06
 Reference value :  4.90714e-06
 Reference value :  4.90783e-06
 Reference value :  4.90798e-06
 Reference value :  4.90851e-06
 Reference value :  4.90883e-06
 Reference value :  4.90888e-06
 Reference value :  4.90918e-06
 Reference value :  4.90978e-06
 Reference value :  4.91076e-06
 Reference value :  4.91175e-06
 Reference value :  4.91325e-06
 Reference value :  4.91425e-06
 Reference value :  4.91525e-06
 Reference value :  4.91675e-06
 Reference value :  4.91825e-06
 Reference value :  4.91975e-06
 Reference value :  4.92125e-06
 Reference value :  4.92325e-06
 Reference value :  4.92475e-06
 Reference value :  4.92625e-06
 Reference value :  4.92775e-06
 Reference value :  4.92925e-06
 Reference value :  4.93075e-06
 Reference value :  4.93225e-06
 Reference value :  4.93375e-06
 Reference value :  4.93475e-06
 Reference value :  4.93625e-06
 Reference value :  4.93725e-06
 Reference value :  4.93875e-06
 Reference value :  4.93975e-06
 Reference value :  4.94125e-06
 Reference value :  4.94175e-06
 Reference value :  4.94225e-06
 Reference value :  4.94275e-06
 Reference value :  4.94375e-06
 Reference value :  4.94475e-06
 Reference value :  4.94575e-06
 Reference value :  4.94675e-06
 Reference value :  4.94775e-06
 Reference value :  4.94912e-06
 Reference value :  4.94965e-06
 Reference value :  4.95004e-06
 Reference value :  4.95025e-06
 Reference value :  4.95037e-06
 Reference value :  4.95050e-06
 Reference value :  4.95057e-06
 Reference value :  4.95067e-06
 Reference value :  4.95076e-06
 Reference value :  4.95091e-06
 Reference value :  4.95101e-06
 Reference value :  4.95107e-06
 Reference value :  4.95124e-06
 Reference value :  4.95135e-06
 Reference value :  4.95149e-06
 Reference value :  4.95183e-06
 Reference value :  4.95234e-06
 Reference value :  4.95329e-06
 Reference value :  4.95429e-06
 Reference value :  4.95529e-06
 Reference value :  4.95629e-06
 Reference value :  4.95729e-06
 Reference value :  4.95829e-06
 Reference value :  4.95929e-06
 Reference value :  4.96079e-06
 Reference value :  4.96279e-06
 Reference value :  4.96479e-06
 Reference value :  4.96629e-06
 Reference value :  4.96779e-06
 Reference value :  4.96929e-06
 Reference value :  4.97079e-06
 Reference value :  4.97229e-06
 Reference value :  4.97379e-06
 Reference value :  4.97529e-06
 Reference value :  4.97679e-06
 Reference value :  4.97829e-06
 Reference value :  4.97979e-06
 Reference value :  4.98079e-06
 Reference value :  4.98229e-06
 Reference value :  4.98379e-06
 Reference value :  4.98529e-06
 Reference value :  4.98679e-06
 Reference value :  4.98779e-06
 Reference value :  4.98879e-06
 Reference value :  4.98979e-06
 Reference value :  4.99073e-06
 Reference value :  4.99132e-06
 Reference value :  4.99184e-06
 Reference value :  4.99217e-06
 Reference value :  4.99222e-06
 Reference value :  4.99252e-06
 Reference value :  4.99311e-06
 Reference value :  4.99409e-06
 Reference value :  4.99508e-06
 Reference value :  4.99608e-06
 Reference value :  4.99708e-06
 Reference value :  4.99808e-06
 Reference value :  4.99908e-06
 Reference value :  5.00058e-06
 Reference value :  5.00208e-06
 Reference value :  5.00358e-06
 Reference value :  5.00558e-06
 Reference value :  5.00758e-06
 Reference value :  5.00908e-06
 Reference value :  5.01058e-06
 Reference value :  5.01258e-06
 Reference value :  5.01458e-06
 Reference value :  5.01658e-06
 Reference value :  5.01858e-06
 Reference value :  5.02008e-06
 Reference value :  5.02158e-06
 Reference value :  5.02308e-06
 Reference value :  5.02408e-06
 Reference value :  5.02508e-06
 Reference value :  5.02608e-06
 Reference value :  5.02758e-06
 Reference value :  5.02858e-06
 Reference value :  5.02958e-06
 Reference value :  5.03058e-06
 Reference value :  5.03158e-06
 Reference value :  5.03246e-06
 Reference value :  5.03288e-06
 Reference value :  5.03351e-06
 Reference value :  5.03383e-06
 Reference value :  5.03406e-06
 Reference value :  5.03426e-06
 Reference value :  5.03447e-06
 Reference value :  5.03463e-06
 Reference value :  5.03500e-06
 Reference value :  5.03561e-06
 Reference value :  5.03660e-06
 Reference value :  5.03760e-06
 Reference value :  5.03910e-06
 Reference value :  5.04060e-06
 Reference value :  5.04210e-06
 Reference value :  5.04310e-06
 Reference value :  5.04460e-06
 Reference value :  5.04610e-06
 Reference value :  5.04710e-06
 Reference value :  5.04860e-06
 Reference value :  5.04960e-06
 Reference value :  5.05060e-06
 Reference value :  5.05210e-06
 Reference value :  5.05360e-06
 Reference value :  5.05510e-06
 Reference value :  5.05610e-06
 Reference value :  5.05710e-06
 Reference value :  5.05810e-06
 Reference value :  5.05960e-06
 Reference value :  5.06110e-06
 Reference value :  5.06210e-06
 Reference value :  5.06360e-06
 Reference value :  5.06460e-06
 Reference value :  5.06610e-06
 Reference value :  5.06710e-06
 Reference value :  5.06810e-06
 Reference value :  5.06910e-06
 Reference value :  5.07060e-06
 Reference value :  5.07160e-06
 Reference value :  5.07260e-06
 Reference value :  5.07405e-06
 Reference value :  5.07455e-06
 Reference value :  5.07485e-06
 Reference value :  5.07550e-06
 Reference value :  5.07555e-06
 Reference value :  5.07565e-06
 Reference value :  5.07605e-06
 Reference value :  5.07693e-06
 Reference value :  5.07743e-06
 Reference value :  5.07841e-06
 Reference value :  5.07991e-06
 Reference value :  5.08091e-06
 Reference value :  5.08191e-06
 Reference value :  5.08341e-06
 Reference value :  5.08441e-06
 Reference value :  5.08541e-06
 Reference value :  5.08641e-06
 Reference value :  5.08791e-06
 Reference value :  5.08941e-06
 Reference value :  5.09091e-06
 Reference value :  5.09241e-06
 Reference value :  5.09391e-06
 Reference value :  5.09541e-06
 Reference value :  5.09641e-06
 Reference value :  5.09741e-06
 Reference value :  5.09841e-06
 Reference value :  5.09991e-06
 Reference value :  5.10141e-06
 Reference value :  5.10241e-06
 Reference value :  5.10341e-06
 Reference value :  5.10491e-06
 Reference value :  5.10591e-06
 Reference value :  5.10691e-06
 Reference value :  5.10791e-06
 Reference value :  5.10891e-06
 Reference value :  5.10991e-06
 Reference value :  5.11141e-06
 Reference value :  5.11241e-06
 Reference value :  5.11391e-06
 Reference value :  5.11491e-06
 Reference value :  5.11579e-06
 Reference value :  5.11632e-06
 Reference value :  5.11684e-06
 Reference value :  5.11700e-06
 Reference value :  5.11717e-06
 Reference value :  5.11725e-06
 Reference value :  5.11737e-06
 Reference value :  5.11760e-06
 Reference value :  5.11773e-06
 Reference value :  5.11785e-06
 Reference value :  5.11809e-06
 Reference value :  5.11835e-06
 Reference value :  5.11877e-06
 Reference value :  5.11970e-06
 Reference value :  5.12070e-06
 Reference value :  5.12170e-06
 Reference value :  5.12270e-06
 Reference value :  5.12370e-06
 Reference value :  5.12470e-06
 Reference value :  5.12570e-06
 Reference value :  5.12720e-06
 Reference value :  5.12870e-06
 Reference value :  5.13020e-06
 Reference value :  5.13120e-06
 Reference value :  5.13220e-06
 Reference value :  5.13320e-06
 Reference value :  5.13420e-06
 Reference value :  5.13520e-06
 Reference value :  5.13620e-06
 Reference value :  5.13720e-06
 Reference value :  5.13820e-06
 Reference value :  5.13970e-06
 Reference value :  5.14070e-06
 Reference value :  5.14170e-06
 Reference value :  5.14270e-06
 Reference value :  5.14370e-06
 Reference value :  5.14520e-06
 Reference value :  5.14620e-06
 Reference value :  5.14720e-06
 Reference value :  5.14820e-06
 Reference value :  5.14920e-06
 Reference value :  5.15020e-06
 Reference value :  5.15120e-06
 Reference value :  5.15220e-06
 Reference value :  5.15320e-06
 Reference value :  5.15420e-06
 Reference value :  5.15520e-06
 Reference value :  5.15620e-06
 Reference value :  5.15720e-06
 Reference value :  5.15783e-06
 Reference value :  5.15798e-06
 Reference value :  5.15851e-06
 Reference value :  5.15883e-06
 Reference value :  5.15898e-06
 Reference value :  5.15954e-06
 Reference value :  5.15997e-06
 Reference value :  5.16069e-06
 Reference value :  5.16099e-06
 Reference value :  5.16165e-06
 Reference value :  5.16255e-06
 Reference value :  5.16355e-06
 Reference value :  5.16455e-06
 Reference value :  5.16555e-06
 Reference value :  5.16655e-06
 Reference value :  5.16755e-06
 Reference value :  5.16905e-06
 Reference value :  5.17055e-06
 Reference value :  5.17205e-06
 Reference value :  5.17305e-06
 Reference value :  5.17405e-06
 Reference value :  5.17505e-06
 Reference value :  5.17655e-06
 Reference value :  5.17755e-06
 Reference value :  5.17855e-06
 Reference value :  5.18005e-06
 Reference value :  5.18155e-06
 Reference value :  5.18305e-06
 Reference value :  5.18455e-06
 Reference value :  5.18555e-06
 Reference value :  5.18655e-06
 Reference value :  5.18755e-06
 Reference value :  5.18905e-06
 Reference value :  5.19055e-06
 Reference value :  5.19155e-06
 Reference value :  5.19305e-06
 Reference value :  5.19455e-06
 Reference value :  5.19605e-06
 Reference value :  5.19755e-06
 Reference value :  5.19905e-06
 Reference value :  5.19955e-06
 Reference value :  5.20017e-06
 Reference value :  5.20034e-06
 Reference value :  5.20050e-06
 Reference value :  5.20060e-06
 Reference value :  5.20085e-06
 Reference value :  5.20108e-06
 Reference value :  5.20120e-06
 Reference value :  5.20132e-06
 Reference value :  5.20144e-06
 Reference value :  5.20171e-06
 Reference value :  5.20217e-06
 Reference value :  5.20306e-06
 Reference value :  5.20456e-06
 Reference value :  5.20556e-06
 Reference value :  5.20706e-06
 Reference value :  5.20806e-06
 Reference value :  5.20956e-06
 Reference value :  5.21056e-06
 Reference value :  5.21156e-06
 Reference value :  5.21256e-06
 Reference value :  5.21406e-06
 Reference value :  5.21506e-06
 Reference value :  5.21606e-06
 Reference value :  5.21756e-06
 Reference value :  5.21906e-06
 Reference value :  5.22056e-06
 Reference value :  5.22156e-06
 Reference value :  5.22256e-06
 Reference value :  5.22356e-06
 Reference value :  5.22456e-06
 Reference value :  5.22556e-06
 Reference value :  5.22656e-06
 Reference value :  5.22756e-06
 Reference value :  5.22856e-06
 Reference value :  5.23006e-06
 Reference value :  5.23106e-06
 Reference value :  5.23256e-06
 Reference value :  5.23356e-06
 Reference value :  5.23456e-06
 Reference value :  5.23556e-06
 Reference value :  5.23706e-06
 Reference value :  5.23856e-06
 Reference value :  5.24006e-06
 Reference value :  5.24117e-06
 Reference value :  5.24132e-06
 Reference value :  5.24217e-06
 Reference value :  5.24222e-06
 Reference value :  5.24232e-06
 Reference value :  5.24272e-06
 Reference value :  5.24348e-06
 Reference value :  5.24384e-06
 Reference value :  5.24411e-06
 Reference value :  5.24440e-06
 Reference value :  5.24469e-06
 Reference value :  5.24560e-06
 Reference value :  5.24660e-06
 Reference value :  5.24760e-06
 Reference value :  5.24860e-06
 Reference value :  5.24960e-06
 Reference value :  5.25060e-06
 Reference value :  5.25160e-06
 Reference value :  5.25260e-06
 Reference value :  5.25360e-06
 Reference value :  5.25510e-06
 Reference value :  5.25660e-06
 Reference value :  5.25810e-06
 Reference value :  5.25910e-06
 Reference value :  5.26060e-06
 Reference value :  5.26210e-06
 Reference value :  5.26310e-06
 Reference value :  5.26410e-06
 Reference value :  5.26560e-06
 Reference value :  5.26710e-06
 Reference value :  5.26810e-06
 Reference value :  5.26910e-06
 Reference value :  5.27010e-06
 Reference value :  5.27160e-06
 Reference value :  5.27260e-06
 Reference value :  5.27360e-06
 Reference value :  5.27510e-06
 Reference value :  5.27610e-06
 Reference value :  5.27710e-06
 Reference value :  5.27860e-06
 Reference value :  5.27960e-06
 Reference value :  5.28060e-06
 Reference value :  5.28210e-06
 Reference value :  5.28288e-06
 Reference value :  5.28351e-06
 Reference value :  5.28367e-06
 Reference value :  5.28383e-06
 Reference value :  5.28393e-06
 Reference value :  5.28425e-06
 Reference value :  5.28461e-06
 Reference value :  5.28473e-06
 Reference value :  5.28499e-06
 Reference value :  5.28547e-06
 Reference value :  5.28639e-06
 Reference value :  5.28739e-06
 Reference value :  5.28839e-06
 Reference value :  5.28939e-06
 Reference value :  5.29089e-06
 Reference value :  5.29239e-06
 Reference value :  5.29339e-06
 Reference value :  5.29439e-06
 Reference value :  5.29539e-06
 Reference value :  5.29639e-06
 Reference value :  5.29739e-06
 Reference value :  5.29889e-06
 Reference value :  5.30039e-06
 Reference value :  5.30189e-06
 Reference value :  5.30289e-06
 Reference value :  5.30439e-06
 Reference value :  5.30589e-06
 Reference value :  5.30739e-06
 Reference value :  5.30889e-06
 Reference value :  5.31039e-06
 Reference value :  5.31139e-06
 Reference value :  5.31239e-06
 Reference value :  5.31339e-06
 Reference value :  5.31439e-06
 Reference value :  5.31539e-06
 Reference value :  5.31689e-06
 Reference value :  5.31789e-06
 Reference value :  5.31939e-06
 Reference value :  5.32089e-06
 Reference value :  5.32239e-06
 Reference value :  5.32389e-06
 Reference value :  5.32450e-06
 Reference value :  5.32485e-06
 Reference value :  5.32550e-06
 Reference value :  5.32555e-06
 Reference value :  5.32565e-06
 Reference value :  5.32605e-06
 Reference value :  5.32690e-06
 Reference value :  5.32733e-06
 Reference value :  5.32827e-06
 Reference value :  5.32977e-06
 Reference value :  5.33077e-06
 Reference value :  5.33227e-06
 Reference value :  5.33377e-06
 Reference value :  5.33477e-06
 Reference value :  5.33577e-06
 Reference value :  5.33677e-06
 Reference value :  5.33777e-06
 Reference value :  5.33877e-06
 Reference value :  5.34027e-06
 Reference value :  5.34177e-06
 Reference value :  5.34327e-06
 Reference value :  5.34427e-06
 Reference value :  5.34527e-06
 Reference value :  5.34677e-06
 Reference value :  5.34827e-06
 Reference value :  5.34977e-06
 Reference value :  5.35077e-06
 Reference value :  5.35177e-06
 Reference value :  5.35327e-06
 Reference value :  5.35477e-06
 Reference value :  5.35627e-06
 Reference value :  5.35727e-06
 Reference value :  5.35877e-06
 Reference value :  5.36027e-06
 Reference value :  5.36177e-06
 Reference value :  5.36327e-06
 Reference value :  5.36477e-06
 Reference value :  5.36617e-06
 Reference value :  5.36632e-06
 Reference value :  5.36684e-06
 Reference value :  5.36700e-06
 Reference value :  5.36717e-06
 Reference value :  5.36726e-06
 Reference value :  5.36758e-06
 Reference value :  5.36779e-06
 Reference value :  5.36794e-06
 Reference value :  5.36824e-06
 Reference value :  5.36861e-06
 Reference value :  5.36937e-06
 Reference value :  5.37037e-06
 Reference value :  5.37187e-06
 Reference value :  5.37287e-06
 Reference value :  5.37387e-06
 Reference value :  5.37537e-06
 Reference value :  5.37687e-06
 Reference value :  5.37837e-06
 Reference value :  5.37937e-06
 Reference value :  5.38087e-06
 Reference value :  5.38237e-06
 Reference value :  5.38337e-06
 Reference value :  5.38437e-06
 Reference value :  5.38587e-06
 Reference value :  5.38737e-06
 Reference value :  5.38837e-06
 Reference value :  5.38937e-06
 Reference value :  5.39037e-06
 Reference value :  5.39187e-06
 Reference value :  5.39287e-06
 Reference value :  5.39437e-06
 Reference value :  5.39587e-06
 Reference value :  5.39737e-06
 Reference value :  5.39837e-06
 Reference value :  5.39937e-06
 Reference value :  5.40087e-06
 Reference value :  5.40187e-06
 Reference value :  5.40337e-06
 Reference value :  5.40487e-06
 Reference value :  5.40587e-06
 Reference value :  5.40687e-06
 Reference value :  5.40788e-06
 Reference value :  5.40851e-06
 Reference value :  5.40883e-06
 Reference value :  5.40888e-06
 Reference value :  5.40918e-06
 Reference value :  5.40978e-06
 Reference value :  5.41078e-06
 Reference value :  5.41178e-06
 Reference value :  5.41278e-06
 Reference value :  5.41428e-06
 Reference value :  5.41528e-06
 Reference value :  5.41678e-06
 Reference value :  5.41828e-06
 Reference value :  5.41978e-06
 Reference value :  5.42128e-06
 Reference value :  5.42278e-06
 Reference value :  5.42428e-06
 Reference value :  5.42578e-06
 Reference value :  5.42778e-06
 Reference value :  5.42978e-06
 Reference value :  5.43128e-06
 Reference value :  5.43328e-06
 Reference value :  5.43478e-06
 Reference value :  5.43628e-06
 Reference value :  5.43778e-06
 Reference value :  5.43928e-06
 Reference value :  5.44078e-06
 Reference value :  5.44278e-06
 Reference value :  5.44428e-06
 Reference value :  5.44578e-06
 Reference value :  5.44778e-06
 Reference value :  5.44914e-06
 Reference value :  5.44965e-06
 Reference value :  5.45017e-06
 Reference value :  5.45034e-06
 Reference value :  5.45050e-06
 Reference value :  5.45060e-06
 Reference value :  5.45093e-06
 Reference value :  5.45180e-06
 Reference value :  5.45280e-06
 Reference value :  5.45380e-06
 Reference value :  5.45480e-06
 Reference value :  5.45580e-06
 Reference value :  5.45680e-06
 Reference value :  5.45780e-06
 Reference value :  5.45880e-06
 Reference value :  5.45980e-06
 Reference value :  5.46080e-06
 Reference value :  5.46180e-06
 Reference value :  5.46280e-06
 Reference value :  5.46380e-06
 Reference value :  5.46480e-06
 Reference value :  5.46580e-06
 Reference value :  5.46680e-06
 Reference value :  5.46780e-06
 Reference value :  5.46880e-06
 Reference value :  5.46980e-06
 Reference value :  5.47080e-06
 Reference value :  5.47180e-06
 Reference value :  5.47330e-06
 Reference value :  5.47430e-06
 Reference value :  5.47530e-06
 Reference value :  5.47630e-06
 Reference value :  5.47780e-06
 Reference value :  5.47930e-06
 Reference value :  5.48080e-06
 Reference value :  5.48180e-06
 Reference value :  5.48280e-06
 Reference value :  5.48430e-06
 Reference value :  5.48530e-06
 Reference value :  5.48630e-06
 Reference value :  5.48730e-06
 Reference value :  5.48830e-06
 Reference value :  5.48980e-06
 Reference value :  5.49117e-06
 Reference value :  5.49152e-06
 Reference value :  5.49217e-06
 Reference value :  5.49222e-06
 Reference value :  5.49232e-06
 Reference value :  5.49272e-06
 Reference value :  5.49361e-06
 Reference value :  5.49461e-06
 Reference value :  5.49611e-06
 Reference value :  5.49761e-06
 Reference value :  5.49911e-06
 Reference value :  5.50061e-06
 Reference value :  5.50211e-06
 Reference value :  5.50361e-06
 Reference value :  5.50511e-06
 Reference value :  5.50661e-06
 Reference value :  5.50811e-06
 Reference value :  5.50961e-06
 Reference value :  5.51061e-06
 Reference value :  5.51161e-06
 Reference value :  5.51311e-06
 Reference value :  5.51461e-06
 Reference value :  5.51661e-06
 Reference value :  5.51861e-06
 Reference value :  5.52061e-06
 Reference value :  5.52161e-06
 Reference value :  5.52261e-06
 Reference value :  5.52361e-06
 Reference value :  5.52511e-06
 Reference value :  5.52661e-06
 Reference value :  5.52811e-06
 Reference value :  5.52961e-06
 Reference value :  5.53111e-06
 Reference value :  5.53247e-06
 Reference value :  5.53288e-06
 Reference value :  5.53318e-06
 Reference value :  5.53351e-06
 Reference value :  5.53367e-06
 Reference value :  5.53383e-06
 Reference value :  5.53393e-06
 Reference value :  5.53427e-06
 Reference value :  5.53513e-06
 Reference value :  5.53663e-06
 Reference value :  5.53863e-06
 Reference value :  5.54013e-06
 Reference value :  5.54163e-06
 Reference value :  5.54363e-06
 Reference value :  5.54563e-06
 Reference value :  5.54663e-06
 Reference value :  5.54763e-06
 Reference value :  5.54913e-06
 Reference value :  5.55063e-06
 Reference value :  5.55163e-06
 Reference value :  5.55313e-06
 Reference value :  5.55513e-06
 Reference value :  5.55663e-06
 Reference value :  5.55813e-06
 Reference value :  5.55963e-06
 Reference value :  5.56113e-06
 Reference value :  5.56213e-06
 Reference value :  5.56313e-06
 Reference value :  5.56413e-06
 Reference value :  5.56563e-06
 Reference value :  5.56713e-06
 Reference value :  5.56863e-06
 Reference value :  5.57063e-06
 Reference value :  5.57263e-06
 Reference value :  5.57407e-06
 Reference value :  5.57465e-06
 Reference value :  5.57517e-06
 Reference value :  5.57550e-06
 Reference value :  5.57555e-06
 Reference value :  5.57585e-06
 Reference value :  5.57695e-06
 Reference value :  5.57845e-06
 Reference value :  5.57995e-06
 Reference value :  5.58145e-06
 Reference value :  5.58295e-06
 Reference value :  5.58445e-06
 Reference value :  5.58595e-06
 Reference value :  5.58745e-06
 Reference value :  5.58845e-06
 Reference value :  5.58945e-06
 Reference value :  5.59045e-06
 Reference value :  5.59195e-06
 Reference value :  5.59345e-06
 Reference value :  5.59495e-06
 Reference value :  5.59645e-06
 Reference value :  5.59795e-06
 Reference value :  5.59945e-06
 Reference value :  5.60095e-06
 Reference value :  5.60195e-06
 Reference value :  5.60345e-06
 Reference value :  5.60495e-06
 Reference value :  5.60645e-06
 Reference value :  5.60795e-06
 Reference value :  5.60945e-06
 Reference value :  5.61045e-06
 Reference value :  5.61195e-06
 Reference value :  5.61345e-06
 Reference value :  5.61495e-06
 Reference value :  5.61622e-06
 Reference value :  5.61684e-06
 Reference value :  5.61700e-06
 Reference value :  5.61717e-06
 Reference value :  5.61726e-06
 Reference value :  5.61760e-06
 Reference value :  5.61847e-06
 Reference value :  5.61988e-06
 Reference value :  5.62138e-06
 Reference value :  5.62238e-06
 Reference value :  5.62388e-06
 Reference value :  5.62538e-06
 Reference value :  5.62688e-06
 Reference value :  5.62838e-06
 Reference value :  5.62988e-06
 Reference value :  5.63138e-06
 Reference value :  5.63288e-06
 Reference value :  5.63438e-06
 Reference value :  5.63588e-06
 Reference value :  5.63738e-06
 Reference value :  5.63838e-06
 Reference value :  5.63988e-06
 Reference value :  5.64138e-06
 Reference value :  5.64288e-06
 Reference value :  5.64438e-06
 Reference value :  5.64588e-06
 Reference value :  5.64738e-06
 Reference value :  5.64888e-06
 Reference value :  5.65038e-06
 Reference value :  5.65188e-06
 Reference value :  5.65338e-06
 Reference value :  5.65488e-06
 Reference value :  5.65638e-06
 Reference value :  5.65783e-06
 Reference value :  5.65818e-06
 Reference value :  5.65883e-06
 Reference value :  5.65888e-06
 Reference value :  5.65898e-06
 Reference value :  5.65938e-06
 Reference value :  5.66028e-06
 Reference value :  5.66128e-06
 Reference value :  5.66228e-06
 Reference value :  5.66328e-06
 Reference value :  5.66428e-06
 Reference value :  5.66528e-06
 Reference value :  5.66628e-06
 Reference value :  5.66778e-06
 Reference value :  5.66878e-06
 Reference value :  5.66978e-06
 Reference value :  5.67128e-06
 Reference value :  5.67278e-06
 Reference value :  5.67378e-06
 Reference value :  5.67528e-06
 Reference value :  5.67678e-06
 Reference value :  5.67828e-06
 Reference value :  5.67978e-06
 Reference value :  5.68078e-06
 Reference value :  5.68228e-06
 Reference value :  5.68378e-06
 Reference value :  5.68478e-06
 Reference value :  5.68578e-06
 Reference value :  5.68678e-06
 Reference value :  5.68778e-06
 Reference value :  5.68878e-06
 Reference value :  5.68978e-06
 Reference value :  5.69078e-06
 Reference value :  5.69178e-06
 Reference value :  5.69378e-06
 Reference value :  5.69578e-06
 Reference value :  5.69728e-06
 Reference value :  5.69878e-06
 Reference value :  5.69955e-06
 Reference value :  5.70017e-06
 Reference value :  5.70034e-06
 Reference value :  5.70050e-06
 Reference value :  5.70060e-06
 Reference value :  5.70094e-06
 Reference value :  5.70140e-06
 Reference value :  5.70219e-06
 Reference value :  5.70369e-06
 Reference value :  5.70469e-06
 Reference value :  5.70619e-06
 Reference value :  5.70769e-06
 Reference value :  5.70919e-06
 Reference value :  5.71069e-06
 Reference value :  5.71169e-06
 Reference value :  5.71319e-06
 Reference value :  5.71469e-06
 Reference value :  5.71569e-06
 Reference value :  5.71719e-06
 Reference value :  5.71869e-06
 Reference value :  5.72019e-06
 Reference value :  5.72169e-06
 Reference value :  5.72269e-06
 Reference value :  5.72419e-06
 Reference value :  5.72519e-06
 Reference value :  5.72669e-06
 Reference value :  5.72769e-06
 Reference value :  5.72919e-06
 Reference value :  5.73069e-06
 Reference value :  5.73169e-06
 Reference value :  5.73319e-06
 Reference value :  5.73419e-06
 Reference value :  5.73519e-06
 Reference value :  5.73619e-06
 Reference value :  5.73719e-06
 Reference value :  5.73819e-06
 Reference value :  5.73919e-06
 Reference value :  5.74069e-06
 Reference value :  5.74122e-06
 Reference value :  5.74184e-06
 Reference value :  5.74217e-06
 Reference value :  5.74222e-06
 Reference value :  5.74232e-06
 Reference value :  5.74272e-06
 Reference value :  5.74361e-06
 Reference value :  5.74461e-06
 Reference value :  5.74611e-06
 Reference value :  5.74761e-06
 Reference value :  5.74861e-06
 Reference value :  5.75011e-06
 Reference value :  5.75111e-06
 Reference value :  5.75211e-06
 Reference value :  5.75361e-06
 Reference value :  5.75511e-06
 Reference value :  5.75711e-06
 Reference value :  5.75861e-06
 Reference value :  5.76011e-06
 Reference value :  5.76111e-06
 Reference value :  5.76211e-06
 Reference value :  5.76311e-06
 Reference value :  5.76461e-06
 Reference value :  5.76611e-06
 Reference value :  5.76761e-06
 Reference value :  5.76911e-06
 Reference value :  5.77061e-06
 Reference value :  5.77211e-06
 Reference value :  5.77361e-06
 Reference value :  5.77461e-06
 Reference value :  5.77611e-06
 Reference value :  5.77711e-06
 Reference value :  5.77811e-06
 Reference value :  5.77961e-06
 Reference value :  5.78111e-06
 Reference value :  5.78247e-06
 Reference value :  5.78298e-06
 Reference value :  5.78351e-06
 Reference value :  5.78367e-06
 Reference value :  5.78383e-06
 Reference value :  5.78390e-06
 Reference value :  5.78409e-06
 Reference value :  5.78432e-06
 Reference value :  5.78536e-06
 Reference value :  5.78636e-06
 Reference value :  5.78736e-06
 Reference value :  5.78886e-06
 Reference value :  5.79036e-06
 Reference value :  5.79186e-06
 Reference value :  5.79286e-06
 Reference value :  5.79386e-06
 Reference value :  5.79486e-06
 Reference value :  5.79586e-06
 Reference value :  5.79736e-06
 Reference value :  5.79886e-06
 Reference value :  5.79986e-06
 Reference value :  5.80136e-06
 Reference value :  5.80236e-06
 Reference value :  5.80336e-06
 Reference value :  5.80436e-06
 Reference value :  5.80536e-06
 Reference value :  5.80686e-06
 Reference value :  5.80836e-06
 Reference value :  5.80986e-06
 Reference value :  5.81136e-06
 Reference value :  5.81286e-06
 Reference value :  5.81386e-06
 Reference value :  5.81536e-06
 Reference value :  5.81686e-06
 Reference value :  5.81836e-06
 Reference value :  5.81936e-06
 Reference value :  5.82036e-06
 Reference value :  5.82136e-06
 Reference value :  5.82286e-06
 Reference value :  5.82418e-06
 Reference value :  5.82465e-06
 Reference value :  5.82517e-06
 Reference value :  5.82550e-06
 Reference value :  5.82555e-06
 Reference value :  5.82565e-06
 Reference value :  5.82605e-06
 Reference value :  5.82695e-06
 Reference value :  5.82795e-06
 Reference value :  5.82895e-06
 Reference value :  5.83045e-06
 Reference value :  5.83145e-06
 Reference value :  5.83295e-06
 Reference value :  5.83395e-06
 Reference value :  5.83495e-06
 Reference value :  5.83595e-06
 Reference value :  5.83745e-06
 Reference value :  5.83845e-06
 Reference value :  5.83945e-06
 Reference value :  5.84045e-06
 Reference value :  5.84145e-06
 Reference value :  5.84245e-06
 Reference value :  5.84345e-06
 Reference value :  5.84445e-06
 Reference value :  5.84545e-06
 Reference value :  5.84645e-06
 Reference value :  5.84745e-06
 Reference value :  5.84895e-06
 Reference value :  5.84995e-06
 Reference value :  5.85095e-06
 Reference value :  5.85295e-06
 Reference value :  5.85395e-06
 Reference value :  5.85545e-06
 Reference value :  5.85645e-06
 Reference value :  5.85745e-06
 Reference value :  5.85895e-06
 Reference value :  5.85995e-06
 Reference value :  5.86145e-06
 Reference value :  5.86245e-06
 Reference value :  5.86345e-06
 Reference value :  5.86495e-06
 Reference value :  5.86581e-06
 Reference value :  5.86632e-06
 Reference value :  5.86684e-06
 Reference value :  5.86700e-06
 Reference value :  5.86717e-06
 Reference value :  5.86726e-06
 Reference value :  5.86743e-06
 Reference value :  5.86769e-06
 Reference value :  5.86827e-06
 Reference value :  5.86927e-06
 Reference value :  5.87027e-06
 Reference value :  5.87127e-06
 Reference value :  5.87227e-06
 Reference value :  5.87327e-06
 Reference value :  5.87427e-06
 Reference value :  5.87527e-06
 Reference value :  5.87627e-06
 Reference value :  5.87777e-06
 Reference value :  5.87927e-06
 Reference value :  5.88027e-06
 Reference value :  5.88127e-06
 Reference value :  5.88227e-06
 Reference value :  5.88327e-06
 Reference value :  5.88427e-06
 Reference value :  5.88527e-06
 Reference value :  5.88677e-06
 Reference value :  5.88777e-06
 Reference value :  5.88877e-06
 Reference value :  5.88977e-06
 Reference value :  5.89077e-06
 Reference value :  5.89227e-06
 Reference value :  5.89377e-06
 Reference value :  5.89527e-06
 Reference value :  5.89677e-06
 Reference value :  5.89827e-06
 Reference value :  5.89927e-06
 Reference value :  5.90027e-06
 Reference value :  5.90127e-06
 Reference value :  5.90227e-06
 Reference value :  5.90377e-06
 Reference value :  5.90527e-06
 Reference value :  5.90677e-06
 Reference value :  5.90783e-06
 Reference value :  5.90798e-06
 Reference value :  5.90851e-06
 Reference value :  5.90883e-06
 Reference value :  5.90888e-06
 Reference value :  5.90898e-06
 Reference value :  5.90938e-06
 Reference value :  5.91028e-06
 Reference value :  5.91128e-06
 Reference value :  5.91228e-06
 Reference value :  5.91378e-06
 Reference value :  5.91478e-06
 Reference value :  5.91578e-06
 Reference value :  5.91678e-06
 Reference value :  5.91778e-06
 Reference value :  5.91878e-06
 Reference value :  5.91978e-06
 Reference value :  5.92078e-06
 Reference value :  5.92178e-06
 Reference value :  5.92278e-06
 Reference value :  5.92378e-06
 Reference value :  5.92478e-06
 Reference value :  5.92578e-06
 Reference value :  5.92678e-06
 Reference value :  5.92778e-06
 Reference value :  5.92928e-06
 Reference value :  5.93028e-06
 Reference value :  5.93128e-06
 Reference value :  5.93228e-06
 Reference value :  5.93378e-06
 Reference value :  5.93528e-06
 Reference value :  5.93678e-06
 Reference value :  5.93778e-06
 Reference value :  5.93928e-06
 Reference value :  5.94028e-06
 Reference value :  5.94178e-06
 Reference value :  5.94278e-06
 Reference value :  5.94378e-06
 Reference value :  5.94478e-06
 Reference value :  5.94578e-06
 Reference value :  5.94678e-06
 Reference value :  5.94778e-06
 Reference value :  5.94878e-06
 Reference value :  5.94950e-06
 Reference value :  5.94965e-06
 Reference value :  5.95017e-06
 Reference value :  5.95034e-06
 Reference value :  5.95050e-06
 Reference value :  5.95060e-06
 Reference value :  5.95067e-06
 Reference value :  5.95088e-06
 Reference value :  5.95169e-06
 Reference value :  5.95319e-06
 Reference value :  5.95419e-06
 Reference value :  5.95519e-06
 Reference value :  5.95619e-06
 Reference value :  5.95719e-06
 Reference value :  5.95819e-06
 Reference value :  5.95919e-06
 Reference value :  5.96019e-06
 Reference value :  5.96119e-06
 Reference value :  5.96219e-06
 Reference value :  5.96319e-06
 Reference value :  5.96419e-06
 Reference value :  5.96519e-06
 Reference value :  5.96619e-06
 Reference value :  5.96719e-06
 Reference value :  5.96869e-06
 Reference value :  5.96969e-06
 Reference value :  5.97069e-06
 Reference value :  5.97169e-06
 Reference value :  5.97269e-06
 Reference value :  5.97419e-06
 Reference value :  5.97569e-06
 Reference value :  5.97669e-06
 Reference value :  5.97769e-06
 Reference value :  5.97919e-06
 Reference value :  5.98019e-06
 Reference value :  5.98119e-06
 Reference value :  5.98269e-06
 Reference value :  5.98369e-06
 Reference value :  5.98469e-06
 Reference value :  5.98619e-06
 Reference value :  5.98719e-06
 Reference value :  5.98819e-06
 Reference value :  5.98969e-06
 Reference value :  5.99117e-06
 Reference value :  5.99132e-06
 Reference value :  5.99184e-06
 Reference value :  5.99217e-06
 Reference value :  5.99222e-06
 Reference value :  5.99232e-06
 Reference value :  5.99252e-06
 Reference value :  5.99311e-06
 Reference value :  5.99411e-06
 Reference value :  5.99511e-06
 Reference value :  5.99611e-06
 Reference value :  5.99711e-06
 Reference value :  5.99811e-06
 Reference value :  5.99911e-06
 Reference value :  6.00011e-06
 Reference value :  6.00111e-06
 Reference value :  6.00261e-06
 Reference value :  6.00411e-06
 Reference value :  6.00511e-06
 Reference value :  6.00611e-06
 Reference value :  6.00711e-06
 Reference value :  6.00811e-06
 Reference value :  6.00911e-06
 Reference value :  6.01011e-06
 Reference value :  6.01111e-06
 Reference value :  6.01211e-06
 Reference value :  6.01311e-06
 Reference value :  6.01411e-06
 Reference value :  6.01511e-06
 Reference value :  6.01611e-06
 Reference value :  6.01711e-06
 Reference value :  6.01811e-06
 Reference value :  6.01911e-06
 Reference value :  6.02011e-06
 Reference value :  6.02111e-06
 Reference value :  6.02211e-06
 Reference value :  6.02311e-06
 Reference value :  6.02411e-06
 Reference value :  6.02511e-06
 Reference value :  6.02611e-06
 Reference value :  6.02711e-06
 Reference value :  6.02811e-06
 Reference value :  6.02911e-06
 Reference value :  6.03011e-06
 Reference value :  6.03111e-06
 Reference value :  6.03211e-06
 Reference value :  6.03283e-06
 Reference value :  6.03298e-06
 Reference value :  6.03351e-06
 Reference value :  6.03367e-06
 Reference value :  6.03387e-06
 Reference value :  6.03406e-06
 Reference value :  6.03426e-06
 Reference value :  6.03473e-06
 Reference value :  6.03513e-06
 Reference value :  6.03600e-06
 Reference value :  6.03700e-06
 Reference value :  6.03800e-06
 Reference value :  6.03900e-06
 Reference value :  6.04050e-06
 Reference value :  6.04150e-06
 Reference value :  6.04250e-06
 Reference value :  6.04350e-06
 Reference value :  6.04500e-06
 Reference value :  6.04600e-06
 Reference value :  6.04700e-06
 Reference value :  6.04800e-06
 Reference value :  6.04900e-06
 Reference value :  6.05000e-06
 Reference value :  6.05100e-06
 Reference value :  6.05200e-06
 Reference value :  6.05300e-06
 Reference value :  6.05400e-06
 Reference value :  6.05500e-06
 Reference value :  6.05600e-06
 Reference value :  6.05700e-06
 Reference value :  6.05800e-06
 Reference value :  6.05900e-06
 Reference value :  6.06050e-06
 Reference value :  6.06200e-06
 Reference value :  6.06300e-06
 Reference value :  6.06400e-06
 Reference value :  6.06500e-06
 Reference value :  6.06600e-06
 Reference value :  6.06700e-06
 Reference value :  6.06800e-06
 Reference value :  6.06900e-06
 Reference value :  6.07050e-06
 Reference value :  6.07150e-06
 Reference value :  6.07250e-06
 Reference value :  6.07400e-06
 Reference value :  6.07455e-06
 Reference value :  6.07485e-06
 Reference value :  6.07550e-06
 Reference value :  6.07555e-06
 Reference value :  6.07565e-06
 Reference value :  6.07605e-06
 Reference value :  6.07695e-06
 Reference value :  6.07795e-06
 Reference value :  6.07895e-06
 Reference value :  6.07995e-06
 Reference value :  6.08095e-06
 Reference value :  6.08195e-06
 Reference value :  6.08295e-06
 Reference value :  6.08395e-06
 Reference value :  6.08495e-06
 Reference value :  6.08595e-06
 Reference value :  6.08695e-06
 Reference value :  6.08795e-06
 Reference value :  6.08895e-06
 Reference value :  6.08995e-06
 Reference value :  6.09095e-06
 Reference value :  6.09245e-06
 Reference value :  6.09345e-06
 Reference value :  6.09495e-06
 Reference value :  6.09595e-06
 Reference value :  6.09695e-06
 Reference value :  6.09795e-06
 Reference value :  6.09895e-06
 Reference value :  6.09995e-06
 Reference value :  6.10095e-06
 Reference value :  6.10245e-06
 Reference value :  6.10345e-06
 Reference value :  6.10495e-06
 Reference value :  6.10595e-06
 Reference value :  6.10695e-06
 Reference value :  6.10795e-06
 Reference value :  6.10895e-06
 Reference value :  6.11045e-06
 Reference value :  6.11195e-06
 Reference value :  6.11295e-06
 Reference value :  6.11445e-06
 Reference value :  6.11545e-06
 Reference value :  6.11617e-06
 Reference value :  6.11632e-06
 Reference value :  6.11684e-06
 Reference value :  6.11700e-06
 Reference value :  6.11717e-06
 Reference value :  6.11724e-06
 Reference value :  6.11732e-06
 Reference value :  6.11741e-06
 Reference value :  6.11761e-06
 Reference value :  6.11772e-06
 Reference value :  6.11783e-06
 Reference value :  6.11806e-06
 Reference value :  6.11832e-06
 Reference value :  6.11916e-06
 Reference value :  6.12016e-06
 Reference value :  6.12116e-06
 Reference value :  6.12216e-06
 Reference value :  6.12366e-06
 Reference value :  6.12466e-06
 Reference value :  6.12566e-06
 Reference value :  6.12666e-06
 Reference value :  6.12816e-06
 Reference value :  6.12916e-06
 Reference value :  6.13066e-06
 Reference value :  6.13166e-06
 Reference value :  6.13316e-06
 Reference value :  6.13416e-06
 Reference value :  6.13516e-06
 Reference value :  6.13616e-06
 Reference value :  6.13716e-06
 Reference value :  6.13866e-06
 Reference value :  6.13966e-06
 Reference value :  6.14066e-06
 Reference value :  6.14216e-06
 Reference value :  6.14316e-06
 Reference value :  6.14466e-06
 Reference value :  6.14616e-06
 Reference value :  6.14716e-06
 Reference value :  6.14866e-06
 Reference value :  6.15016e-06
 Reference value :  6.15216e-06
 Reference value :  6.15316e-06
 Reference value :  6.15466e-06
 Reference value :  6.15566e-06
 Reference value :  6.15666e-06
 Reference value :  6.15783e-06
 Reference value :  6.15798e-06
 Reference value :  6.15851e-06
 Reference value :  6.15883e-06
 Reference value :  6.15898e-06
 Reference value :  6.15954e-06
 Reference value :  6.15997e-06
 Reference value :  6.16038e-06
 Reference value :  6.16068e-06
 Reference value :  6.16127e-06
 Reference value :  6.16203e-06
 Reference value :  6.16303e-06
 Reference value :  6.16403e-06
 Reference value :  6.16503e-06
 Reference value :  6.16603e-06
 Reference value :  6.16703e-06
 Reference value :  6.16803e-06
 Reference value :  6.16903e-06
 Reference value :  6.17053e-06
 Reference value :  6.17203e-06
 Reference value :  6.17303e-06
 Reference value :  6.17403e-06
 Reference value :  6.17503e-06
 Reference value :  6.17603e-06
 Reference value :  6.17703e-06
 Reference value :  6.17853e-06
 Reference value :  6.18003e-06
 Reference value :  6.18103e-06
 Reference value :  6.18203e-06
 Reference value :  6.18303e-06
 Reference value :  6.18403e-06
 Reference value :  6.18503e-06
 Reference value :  6.18603e-06
 Reference value :  6.18753e-06
 Reference value :  6.18853e-06
 Reference value :  6.18953e-06
 Reference value :  6.19103e-06
 Reference value :  6.19203e-06
 Reference value :  6.19303e-06
 Reference value :  6.19453e-06
 Reference value :  6.19553e-06
 Reference value :  6.19703e-06
 Reference value :  6.19853e-06
 Reference value :  6.19950e-06
 Reference value :  6.19965e-06
 Reference value :  6.20017e-06
 Reference value :  6.20034e-06
 Reference value :  6.20050e-06
 Reference value :  6.20060e-06
 Reference value :  6.20073e-06
 Reference value :  6.20096e-06
 Reference value :  6.20108e-06
 Reference value :  6.20120e-06
 Reference value :  6.20144e-06
 Reference value :  6.20156e-06
 Reference value :  6.20171e-06
 Reference value :  6.20217e-06
 Reference value :  6.20306e-06
 Reference value :  6.20406e-06
 Reference value :  6.20506e-06
 Reference value :  6.20606e-06
 Reference value :  6.20756e-06
 Reference value :  6.20906e-06
 Reference value :  6.21006e-06
 Reference value :  6.21106e-06
 Reference value :  6.21256e-06
 Reference value :  6.21406e-06
 Reference value :  6.21556e-06
 Reference value :  6.21656e-06
 Reference value :  6.21756e-06
 Reference value :  6.21906e-06
 Reference value :  6.22006e-06
 Reference value :  6.22106e-06
 Reference value :  6.22256e-06
 Reference value :  6.22356e-06
 Reference value :  6.22456e-06
 Reference value :  6.22556e-06
 Reference value :  6.22706e-06
 Reference value :  6.22806e-06
 Reference value :  6.22956e-06
 Reference value :  6.23106e-06
 Reference value :  6.23256e-06
 Reference value :  6.23356e-06
 Reference value :  6.23456e-06
 Reference value :  6.23556e-06
 Reference value :  6.23656e-06
 Reference value :  6.23756e-06
 Reference value :  6.23856e-06
 Reference value :  6.23956e-06
 Reference value :  6.24086e-06
 Reference value :  6.24122e-06
 Reference value :  6.24184e-06
 Reference value :  6.24217e-06
 Reference value :  6.24222e-06
 Reference value :  6.24232e-06
 Reference value :  6.24272e-06
 Reference value :  6.24348e-06
 Reference value :  6.24384e-06
 Reference value :  6.24411e-06
 Reference value :  6.24469e-06
 Reference value :  6.24610e-06
 Reference value :  6.24760e-06
 Reference value :  6.24910e-06
 Reference value :  6.25060e-06
 Reference value :  6.25210e-06
 Reference value :  6.25310e-06
 Reference value :  6.25410e-06
 Reference value :  6.25560e-06
 Reference value :  6.25660e-06
 Reference value :  6.25810e-06
 Reference value :  6.25960e-06
 Reference value :  6.26060e-06
 Reference value :  6.26160e-06
 Reference value :  6.26260e-06
 Reference value :  6.26360e-06
 Reference value :  6.26460e-06
 Reference value :  6.26560e-06
 Reference value :  6.26710e-06
 Reference value :  6.26810e-06
 Reference value :  6.26910e-06
 Reference value :  6.27010e-06
 Reference value :  6.27160e-06
 Reference value :  6.27260e-06
 Reference value :  6.27360e-06
 Reference value :  6.27460e-06
 Reference value :  6.27610e-06
 Reference value :  6.27760e-06
 Reference value :  6.27910e-06
 Reference value :  6.28010e-06
 Reference value :  6.28160e-06
 Reference value :  6.28247e-06
 Reference value :  6.28288e-06
 Reference value :  6.28316e-06
No. of Data Rows : 14012

  Measurements for Transient Analysis

d9_c1               =  4.84768e-07
d8_c1               =  4.34334e-08
d7_c1               =  1.62000e+00
d6_c1               =  1.62000e+00
d5_c1               =  1.62000e+00
d4_c1               =  4.33785e-08
d3_c1               =  1.62000e+00
d2_c1               =  1.62000e+00
d1_c1               =  4.33397e-08
d0_c1               =  1.62000e+00
d9_c2               =  7.67405e-07
d8_c2               =  1.62000e+00
d7_c2               =  4.76671e-08
d6_c2               =  1.62000e+00
d5_c2               =  1.62000e+00
d4_c2               =  1.62000e+00
d3_c2               =  1.62000e+00
d2_c2               =  1.62000e+00
d1_c2               =  1.62000e+00
d0_c2               =  1.62000e+00
d9_c3               =  8.38918e-07
d8_c3               =  1.62000e+00
d7_c3               =  1.62000e+00
d6_c3               =  1.62000e+00
d5_c3               =  1.62000e+00
d4_c3               =  1.62000e+00
d3_c3               =  1.62000e+00
d2_c3               =  1.62000e+00
d1_c3               =  1.62000e+00
d0_c3               =  1.62000e+00
d9_c4               =  1.62001e+00
d8_c4               =  -1.42596e-09
d7_c4               =  1.62000e+00
d6_c4               =  -1.11345e-09
d5_c4               =  -1.81195e-09
d4_c4               =  -1.40418e-09
d3_c4               =  -2.06605e-09
d2_c4               =  -2.24914e-09
d1_c4               =  2.03647e-09
d0_c4               =  1.62000e+00
d9_c5               =  1.62001e+00
d8_c5               =  1.62000e+00
d7_c5               =  1.62000e+00
d6_c5               =  1.62000e+00
d5_c5               =  1.62000e+00
d4_c5               =  1.62000e+00
d3_c5               =  1.62000e+00
d2_c5               =  1.62000e+00
d1_c5               =  1.62000e+00
d0_c5               =  1.62000e+00
busy_c1_p0          =  1.62000e+00
smpl_c1_p0          =  4.14662e-06
busy_c1_p1          =  1.62000e+00
smpl_c1_p1          =  4.07251e-06
busy_c1_p2          =  1.62000e+00
smpl_c1_p2          =  7.57690e-06
busy_c1_p3          =  1.62000e+00
smpl_c1_p3          =  4.16538e-06
busy_c1_p4          =  1.62000e+00
smpl_c1_p4          =  4.16022e-06
busy_c1_p5          =  1.62000e+00
smpl_c1_p5          =  4.15549e-06
busy_c1_p6          =  1.62000e+00
smpl_c1_p6          =  4.16018e-06
busy_c1_p7          =  1.62000e+00
smpl_c1_p7          =  4.16290e-06
busy_c1_p8          =  1.62000e+00
smpl_c1_p8          =  4.15587e-06
busy_c1_p9          =  1.62000e+00
smpl_c1_p9          =  4.16272e-06
busy_c1_p10         =  1.62000e+00
smpl_c1_p10         =  4.15911e-06
busy_c1_p11         =  1.61416e-07
smpl_c1_p11         =  1.61997e+00
busy_c2_p0          =  1.62000e+00
smpl_c2_p0          =  4.15625e-06
busy_c2_p1          =  1.62000e+00
smpl_c2_p1          =  4.19387e-06
busy_c2_p2          =  1.62000e+00
smpl_c2_p2          =  4.28000e-06
busy_c2_p3          =  1.62000e+00
smpl_c2_p3          =  4.20560e-06
busy_c2_p4          =  1.62000e+00
smpl_c2_p4          =  4.24359e-06
busy_c2_p5          =  1.62000e+00
smpl_c2_p5          =  4.26540e-06
busy_c2_p6          =  1.62000e+00
smpl_c2_p6          =  4.27157e-06
busy_c2_p7          =  1.62000e+00
smpl_c2_p7          =  4.27532e-06
busy_c2_p8          =  1.62000e+00
smpl_c2_p8          =  4.27312e-06
busy_c2_p9          =  1.62000e+00
smpl_c2_p9          =  4.28122e-06
busy_c2_p10         =  1.62000e+00
smpl_c2_p10         =  4.27560e-06
busy_c2_p11         =  -8.54394e-07
smpl_c2_p11         =  1.61999e+00
busy_c3_p0          =  1.62000e+00
smpl_c3_p0          =  4.25186e-06
busy_c3_p1          =  1.62000e+00
smpl_c3_p1          =  4.20689e-06
busy_c3_p2          =  1.62000e+00
smpl_c3_p2          =  4.20748e-06
busy_c3_p3          =  1.62000e+00
smpl_c3_p3          =  4.23207e-06
busy_c3_p4          =  1.62000e+00
smpl_c3_p4          =  4.27437e-06
busy_c3_p5          =  1.62000e+00
smpl_c3_p5          =  4.30374e-06
busy_c3_p6          =  1.62000e+00
smpl_c3_p6          =  4.32533e-06
busy_c3_p7          =  1.62000e+00
smpl_c3_p7          =  4.32454e-06
busy_c3_p8          =  1.62000e+00
smpl_c3_p8          =  4.33029e-06
busy_c3_p9          =  1.62000e+00
smpl_c3_p9          =  4.33523e-06
busy_c3_p10         =  1.62000e+00
smpl_c3_p10         =  4.33288e-06
busy_c3_p11         =  9.67715e-07
smpl_c3_p11         =  1.61999e+00
busy_c4_p0          =  1.62000e+00
smpl_c4_p0          =  4.15869e-06
busy_c4_p1          =  1.62000e+00
smpl_c4_p1          =  4.21338e-06
busy_c4_p2          =  1.62000e+00
smpl_c4_p2          =  4.27731e-06
busy_c4_p3          =  1.62000e+00
smpl_c4_p3          =  4.20986e-06
busy_c4_p4          =  1.62000e+00
smpl_c4_p4          =  4.24008e-06
busy_c4_p5          =  1.62000e+00
smpl_c4_p5          =  4.26883e-06
busy_c4_p6          =  1.62000e+00
smpl_c4_p6          =  4.27442e-06
busy_c4_p7          =  1.62000e+00
smpl_c4_p7          =  4.27833e-06
busy_c4_p8          =  1.62000e+00
smpl_c4_p8          =  4.28385e-06
busy_c4_p9          =  1.62000e+00
smpl_c4_p9          =  4.28374e-06
busy_c4_p10         =  1.62000e+00
smpl_c4_p10         =  4.28067e-06
busy_c4_p11         =  3.65668e-07
smpl_c4_p11         =  1.61997e+00
busy_c5_p0          =  1.62000e+00
smpl_c5_p0          =  3.88900e-06
busy_c5_p1          =  1.62000e+00
smpl_c5_p1          =  4.06267e-06
busy_c5_p2          =  1.62000e+00
smpl_c5_p2          =  7.47677e-06
busy_c5_p3          =  1.62000e+00
smpl_c5_p3          =  1.23571e-05
busy_c5_p4          =  1.62000e+00
smpl_c5_p4          =  1.10237e-05
busy_c5_p5          =  1.62000e+00
smpl_c5_p5          =  9.18937e-06
busy_c5_p6          =  1.62000e+00
smpl_c5_p6          =  7.52582e-06
busy_c5_p7          =  1.62000e+00
smpl_c5_p7          =  6.42673e-06
busy_c5_p8          =  1.62000e+00
smpl_c5_p8          =  5.72136e-06
busy_c5_p9          =  1.62000e+00
smpl_c5_p9          =  5.34813e-06
busy_c5_p10         =  1.62000e+00
smpl_c5_p10         =  5.01653e-06
busy_c5_p11         =  1.66821e-06
smpl_c5_p11         =  1.62000e+00
i_vdd               =  -1.83381e-06 from=  3.20000e-06 to=  4.20017e-06
i_vpwr              =  -5.65837e-06 from=  3.20000e-06 to=  4.20017e-06
i_vrefp             =  -5.84300e-06 from=  3.20000e-06 to=  4.20017e-06
i_vrefn             =  5.83887e-06 from=  3.20000e-06 to=  4.20017e-06
i_vcm               =  1.10516e-08 from=  3.20000e-06 to=  4.20017e-06


Total analysis time (seconds) = 922.897

Total elapsed time (seconds) = 962.516 

Total DRAM available = 31552.211 MB.
DRAM currently available = 12805.977 MB.
Maximum ngspice program size =  826.867 MB.
Current ngspice program size =  763.676 MB.

Shared ngspice pages =    8.527 MB.
Text (code) pages =    6.355 MB.
Stack = 0 bytes.
Library pages =  812.180 MB.

