
Note: Compatibility modes selected: hs a


Circuit: * sim/supply-impedance-sensitivity -- ground/supply-return impedance

option SCALE: Scale is set to 1e-06 for instance and model parameters
option SCALE: Scale is set to 1e-06 for instance and model parameters
option SCALE: Scale is set to 1e-06 for instance and model parameters
option SCALE: Scale is set to 1e-06 for instance and model parameters
Doing analysis at TEMP = 27.000000 and TNOM = 27.000000

Using KLU as Direct Linear Solver
 Reference value :  0.00000e+00
 Reference value :  2.00000e-11
 Reference value :  6.40000e-10
 Reference value :  3.14000e-09
 Reference value :  4.64000e-09
 Reference value :  9.14000e-09
 Reference value :  1.41400e-08
 Reference value :  1.81400e-08
 Reference value :  2.06750e-08
 Reference value :  2.17500e-08
 Reference value :  2.32500e-08
 Reference value :  2.57500e-08
 Reference value :  2.72500e-08
 Reference value :  2.92500e-08
 Reference value :  3.07500e-08
 Reference value :  3.22500e-08
 Reference value :  3.47500e-08
 Reference value :  3.67500e-08
 Reference value :  3.82500e-08
 Reference value :  3.97500e-08
 Reference value :  4.07500e-08
 Reference value :  4.42500e-08
 Reference value :  4.67500e-08
 Reference value :  4.82500e-08
 Reference value :  5.17500e-08
 Reference value :  5.52500e-08
 Reference value :  5.77500e-08
 Reference value :  6.12500e-08
 Reference value :  6.47500e-08
 Reference value :  6.67500e-08
 Reference value :  6.87500e-08
 Reference value :  6.97500e-08
 Reference value :  7.17500e-08
 Reference value :  7.37500e-08
 Reference value :  7.52500e-08
 Reference value :  7.67500e-08
 Reference value :  7.82500e-08
 Reference value :  8.07500e-08
 Reference value :  8.27500e-08
 Reference value :  8.37500e-08
 Reference value :  8.57500e-08
 Reference value :  8.77500e-08
 Reference value :  9.02500e-08
 Reference value :  9.17500e-08
 Reference value :  9.47500e-08
 Reference value :  9.62500e-08
 Reference value :  9.87500e-08
 Reference value :  1.00250e-07
 Reference value :  1.01750e-07
 Reference value :  1.03250e-07
 Reference value :  1.05250e-07
 Reference value :  1.06750e-07
 Reference value :  1.10250e-07
 Reference value :  1.12250e-07
 Reference value :  1.13750e-07
 Reference value :  1.16250e-07
 Reference value :  1.20750e-07
 Reference value :  1.22250e-07
 Reference value :  1.25250e-07
 Reference value :  1.27250e-07
 Reference value :  1.29250e-07
 Reference value :  1.30750e-07
 Reference value :  1.32750e-07
 Reference value :  1.34250e-07
 Reference value :  1.38250e-07
 Reference value :  1.43750e-07
 Reference value :  1.48750e-07
 Reference value :  1.51750e-07
 Reference value :  1.56750e-07
 Reference value :  1.61750e-07
 Reference value :  1.65250e-07
 Reference value :  1.67250e-07
 Reference value :  1.70250e-07
 Reference value :  1.71750e-07
 Reference value :  1.73250e-07
 Reference value :  1.77750e-07
 Reference value :  1.82250e-07
 Reference value :  1.83750e-07
 Reference value :  1.86750e-07
 Reference value :  1.88250e-07
 Reference value :  1.90250e-07
 Reference value :  1.92750e-07
 Reference value :  1.95250e-07
 Reference value :  1.98750e-07
 Reference value :  1.99550e-07
 Reference value :  2.00134e-07
 Reference value :  2.00529e-07
 Reference value :  2.00675e-07
 Reference value :  2.00976e-07
 Reference value :  2.01176e-07
 Reference value :  2.01469e-07
 Reference value :  2.02970e-07
 Reference value :  2.06470e-07
 Reference value :  2.10470e-07
 Reference value :  2.12470e-07
 Reference value :  2.16470e-07
 Reference value :  2.19970e-07
 Reference value :  2.22470e-07
 Reference value :  2.25470e-07
 Reference value :  2.29970e-07
 Reference value :  2.31970e-07
 Reference value :  2.34970e-07
 Reference value :  2.37970e-07
 Reference value :  2.38970e-07
 Reference value :  2.41167e-07
 Reference value :  2.41842e-07
 Reference value :  2.42746e-07
 Reference value :  2.43314e-07
 Reference value :  2.43515e-07
 Reference value :  2.44265e-07
 Reference value :  2.47059e-07
 Reference value :  2.50559e-07
 Reference value :  2.52059e-07
 Reference value :  2.55559e-07
 Reference value :  2.59059e-07
 Reference value :  2.61559e-07
 Reference value :  2.65559e-07
 Reference value :  2.67559e-07
 Reference value :  2.70559e-07
 Reference value :  2.72059e-07
 Reference value :  2.74059e-07
 Reference value :  2.78059e-07
 Reference value :  2.81059e-07
 Reference value :  2.82833e-07
 Reference value :  2.83183e-07
 Reference value :  2.83639e-07
 Reference value :  2.83870e-07
 Reference value :  2.83946e-07
 Reference value :  2.84190e-07
 Reference value :  2.84400e-07
 Reference value :  2.84655e-07
 Reference value :  2.85081e-07
 Reference value :  2.87296e-07
 Reference value :  2.88296e-07
 Reference value :  2.89796e-07
 Reference value :  2.91296e-07
 Reference value :  2.93796e-07
 Reference value :  2.98296e-07
 Reference value :  3.00796e-07
 Reference value :  3.04296e-07
 Reference value :  3.07796e-07
 Reference value :  3.10296e-07
 Reference value :  3.13796e-07
 Reference value :  3.16796e-07
 Reference value :  3.20796e-07
 Reference value :  3.22296e-07
 Reference value :  3.24650e-07
 Reference value :  3.25175e-07
 Reference value :  3.25813e-07
 Reference value :  3.26398e-07
 Reference value :  3.27149e-07
 Reference value :  3.29634e-07
 Reference value :  3.32134e-07
 Reference value :  3.35134e-07
 Reference value :  3.37134e-07
 Reference value :  3.39634e-07
 Reference value :  3.41634e-07
 Reference value :  3.45134e-07
 Reference value :  3.48134e-07
 Reference value :  3.51134e-07
 Reference value :  3.52634e-07
 Reference value :  3.55634e-07
 Reference value :  3.56634e-07
 Reference value :  3.58134e-07
 Reference value :  3.59634e-07
 Reference value :  3.61134e-07
 Reference value :  3.64634e-07
 Reference value :  3.65900e-07
 Reference value :  3.66317e-07
 Reference value :  3.66791e-07
 Reference value :  3.67167e-07
 Reference value :  3.67655e-07
 Reference value :  3.70131e-07
 Reference value :  3.71131e-07
 Reference value :  3.74131e-07
 Reference value :  3.76631e-07
 Reference value :  3.80131e-07
 Reference value :  3.83131e-07
 Reference value :  3.86631e-07
 Reference value :  3.90131e-07
 Reference value :  3.93131e-07
 Reference value :  3.95131e-07
 Reference value :  3.97631e-07
 Reference value :  3.99631e-07
 Reference value :  4.01131e-07
 Reference value :  4.03631e-07
 Reference value :  4.07131e-07
 Reference value :  4.08508e-07
 Reference value :  4.08967e-07
 Reference value :  4.09741e-07
 Reference value :  4.11370e-07
 Reference value :  4.12870e-07
 Reference value :  4.13870e-07
 Reference value :  4.16870e-07
 Reference value :  4.19370e-07
 Reference value :  4.21370e-07
 Reference value :  4.23370e-07
 Reference value :  4.27370e-07
 Reference value :  4.30370e-07
 Reference value :  4.34370e-07
 Reference value :  4.38370e-07
 Reference value :  4.40370e-07
 Reference value :  4.42870e-07
 Reference value :  4.44870e-07
 Reference value :  4.46370e-07
 Reference value :  4.48370e-07
 Reference value :  4.50124e-07
 Reference value :  4.50613e-07
 Reference value :  4.51103e-07
 Reference value :  4.51222e-07
 Reference value :  4.51455e-07
 Reference value :  4.51588e-07
 Reference value :  4.51994e-07
 Reference value :  4.52750e-07
 Reference value :  4.54250e-07
 Reference value :  4.57250e-07
 Reference value :  4.59250e-07
 Reference value :  4.62750e-07
 Reference value :  4.64750e-07
 Reference value :  4.67250e-07
 Reference value :  4.70250e-07
 Reference value :  4.73750e-07
 Reference value :  4.76750e-07
 Reference value :  4.79750e-07
 Reference value :  4.81250e-07
 Reference value :  4.84750e-07
 Reference value :  4.87750e-07
 Reference value :  4.90250e-07
 Reference value :  4.91167e-07
 Reference value :  4.91842e-07
 Reference value :  4.92759e-07
 Reference value :  4.93453e-07
 Reference value :  4.96332e-07
 Reference value :  5.00332e-07
 Reference value :  5.04332e-07
 Reference value :  5.06332e-07
 Reference value :  5.08332e-07
 Reference value :  5.09832e-07
 Reference value :  5.13832e-07
 Reference value :  5.17332e-07
 Reference value :  5.18832e-07
 Reference value :  5.20332e-07
 Reference value :  5.23832e-07
 Reference value :  5.27332e-07
 Reference value :  5.29332e-07
 Reference value :  5.32332e-07
 Reference value :  5.33457e-07
 Reference value :  5.33946e-07
 Reference value :  5.34130e-07
 Reference value :  5.35112e-07
 Reference value :  5.37468e-07
 Reference value :  5.40968e-07
 Reference value :  5.44468e-07
 Reference value :  5.47968e-07
 Reference value :  5.50968e-07
 Reference value :  5.53468e-07
 Reference value :  5.55968e-07
 Reference value :  5.58968e-07
 Reference value :  5.62968e-07
 Reference value :  5.66968e-07
 Reference value :  5.69968e-07
 Reference value :  5.73968e-07
 Reference value :  5.74550e-07
 Reference value :  5.75175e-07
 Reference value :  5.75500e-07
 Reference value :  5.76077e-07
 Reference value :  5.76743e-07
 Reference value :  5.78604e-07
 Reference value :  5.79604e-07
 Reference value :  5.81104e-07
 Reference value :  5.84604e-07
 Reference value :  5.87604e-07
 Reference value :  5.89604e-07
 Reference value :  5.92104e-07
 Reference value :  5.95604e-07
 Reference value :  5.97604e-07
 Reference value :  6.00104e-07
 Reference value :  6.03104e-07
 Reference value :  6.07104e-07
 Reference value :  6.11104e-07
 Reference value :  6.13604e-07
 Reference value :  6.16217e-07
 Reference value :  6.16790e-07
 Reference value :  6.17280e-07
 Reference value :  6.17766e-07
 Reference value :  6.17989e-07
 Reference value :  6.18244e-07
 Reference value :  6.19403e-07
 Reference value :  6.20903e-07
 Reference value :  6.22903e-07
 Reference value :  6.25903e-07
 Reference value :  6.27903e-07
 Reference value :  6.31403e-07
 Reference value :  6.35403e-07
 Reference value :  6.37903e-07
 Reference value :  6.39403e-07
 Reference value :  6.43403e-07
 Reference value :  6.45903e-07
 Reference value :  6.49403e-07
 Reference value :  6.51903e-07
 Reference value :  6.56403e-07
 Reference value :  6.57833e-07
 Reference value :  6.58833e-07
 Reference value :  6.59417e-07
 Reference value :  6.60094e-07
 Reference value :  6.61461e-07
 Reference value :  6.65461e-07
 Reference value :  6.69461e-07
 Reference value :  6.71961e-07
 Reference value :  6.75961e-07
 Reference value :  6.77461e-07
 Reference value :  6.80461e-07
 Reference value :  6.82961e-07
 Reference value :  6.85461e-07
 Reference value :  6.88461e-07
 Reference value :  6.91461e-07
 Reference value :  6.94461e-07
 Reference value :  6.96461e-07
 Reference value :  6.97461e-07
 Reference value :  6.99650e-07
 Reference value :  7.00294e-07
 Reference value :  7.00610e-07
 Reference value :  7.01024e-07
 Reference value :  7.01676e-07
 Reference value :  7.03728e-07
 Reference value :  7.06728e-07
 Reference value :  7.08728e-07
 Reference value :  7.09728e-07
 Reference value :  7.11228e-07
 Reference value :  7.13728e-07
 Reference value :  7.17728e-07
 Reference value :  7.21728e-07
 Reference value :  7.24228e-07
 Reference value :  7.26228e-07
 Reference value :  7.28728e-07
 Reference value :  7.32728e-07
 Reference value :  7.34728e-07
 Reference value :  7.37228e-07
 Reference value :  7.39228e-07
 Reference value :  7.40698e-07
 Reference value :  7.41842e-07
 Reference value :  7.42480e-07
 Reference value :  7.42754e-07
 Reference value :  7.43438e-07
 Reference value :  7.45810e-07
 Reference value :  7.49310e-07
 Reference value :  7.53310e-07
 Reference value :  7.56810e-07
 Reference value :  7.59310e-07
 Reference value :  7.63310e-07
 Reference value :  7.66810e-07
 Reference value :  7.68310e-07
 Reference value :  7.70310e-07
 Reference value :  7.72810e-07
 Reference value :  7.75310e-07
 Reference value :  7.78310e-07
 Reference value :  7.80310e-07
 Reference value :  7.82883e-07
 Reference value :  7.83418e-07
 Reference value :  7.83626e-07
 Reference value :  7.83833e-07
 Reference value :  7.83852e-07
 Reference value :  7.84116e-07
 Reference value :  7.85294e-07
 Reference value :  7.87294e-07
 Reference value :  7.90294e-07
 Reference value :  7.93294e-07
 Reference value :  7.96794e-07
 Reference value :  7.98294e-07
 Reference value :  7.99294e-07
 Reference value :  8.00294e-07
 Reference value :  8.01794e-07
 Reference value :  8.03294e-07
 Reference value :  8.06794e-07
 Reference value :  8.09794e-07
 Reference value :  8.12294e-07
 Reference value :  8.15294e-07
 Reference value :  8.18294e-07
 Reference value :  8.20794e-07
 Reference value :  8.24500e-07
 Reference value :  8.25175e-07
 Reference value :  8.25813e-07
 Reference value :  8.26765e-07
 Reference value :  8.29134e-07
 Reference value :  8.31134e-07
 Reference value :  8.34634e-07
 Reference value :  8.38634e-07
 Reference value :  8.40634e-07
 Reference value :  8.44634e-07
 Reference value :  8.47634e-07
 Reference value :  8.49134e-07
 Reference value :  8.51634e-07
 Reference value :  8.55134e-07
 Reference value :  8.57134e-07
 Reference value :  8.58634e-07
 Reference value :  8.60634e-07
 Reference value :  8.64134e-07
 Reference value :  8.65901e-07
 Reference value :  8.66751e-07
 Reference value :  8.67167e-07
 Reference value :  8.67244e-07
 Reference value :  8.67410e-07
 Reference value :  8.68130e-07
 Reference value :  8.70335e-07
 Reference value :  8.72335e-07
 Reference value :  8.76335e-07
 Reference value :  8.79835e-07
 Reference value :  8.82335e-07
 Reference value :  8.84835e-07
 Reference value :  8.87335e-07
 Reference value :  8.89835e-07
 Reference value :  8.93335e-07
 Reference value :  8.95835e-07
 Reference value :  8.97335e-07
 Reference value :  9.01335e-07
 Reference value :  9.05335e-07
 Reference value :  9.06335e-07
 Reference value :  9.08183e-07
 Reference value :  9.08833e-07
 Reference value :  9.09418e-07
 Reference value :  9.10474e-07
 Reference value :  9.11964e-07
 Reference value :  9.15464e-07
 Reference value :  9.19464e-07
 Reference value :  9.21464e-07
 Reference value :  9.24464e-07
 Reference value :  9.28464e-07
 Reference value :  9.30964e-07
 Reference value :  9.33464e-07
 Reference value :  9.36964e-07
 Reference value :  9.38964e-07
 Reference value :  9.42464e-07
 Reference value :  9.43964e-07
 Reference value :  9.46964e-07
 Reference value :  9.48964e-07
 Reference value :  9.50085e-07
 Reference value :  9.50500e-07
 Reference value :  9.50531e-07
 Reference value :  9.50959e-07
 Reference value :  9.52503e-07
 Reference value :  9.54003e-07
 Reference value :  9.57003e-07
 Reference value :  9.60503e-07
 Reference value :  9.64003e-07
 Reference value :  9.66503e-07
 Reference value :  9.68003e-07
 Reference value :  9.71003e-07
 Reference value :  9.74503e-07
 Reference value :  9.78003e-07
 Reference value :  9.81503e-07
 Reference value :  9.85003e-07
 Reference value :  9.88003e-07
 Reference value :  9.90003e-07
 Reference value :  9.91842e-07
 Reference value :  9.92751e-07
 Reference value :  9.94296e-07
 Reference value :  9.97796e-07
 Reference value :  9.99296e-07
 Reference value :  1.00080e-06
 Reference value :  1.00380e-06
 Reference value :  1.00680e-06
 Reference value :  1.00830e-06
 Reference value :  1.01130e-06
 Reference value :  1.01530e-06
 Reference value :  1.01780e-06
 Reference value :  1.02030e-06
 Reference value :  1.02330e-06
 Reference value :  1.02680e-06
 Reference value :  1.02980e-06
 Reference value :  1.03256e-06
 Reference value :  1.03283e-06
 Reference value :  1.03298e-06
 Reference value :  1.03345e-06
 Reference value :  1.03364e-06
 Reference value :  1.03383e-06
 Reference value :  1.03408e-06
 Reference value :  1.03432e-06
 Reference value :  1.03481e-06
 Reference value :  1.03742e-06
 Reference value :  1.04092e-06
 Reference value :  1.04392e-06
 Reference value :  1.04792e-06
 Reference value :  1.04892e-06
 Reference value :  1.05042e-06
 Reference value :  1.05192e-06
 Reference value :  1.05542e-06
 Reference value :  1.05942e-06
 Reference value :  1.06192e-06
 Reference value :  1.06342e-06
 Reference value :  1.06492e-06
 Reference value :  1.06842e-06
 Reference value :  1.07042e-06
 Reference value :  1.07342e-06
 Reference value :  1.07485e-06
 Reference value :  1.07554e-06
 Reference value :  1.07676e-06
 Reference value :  1.07963e-06
 Reference value :  1.08313e-06
 Reference value :  1.08663e-06
 Reference value :  1.08763e-06
 Reference value :  1.09063e-06
 Reference value :  1.09413e-06
 Reference value :  1.09613e-06
 Reference value :  1.09813e-06
 Reference value :  1.10063e-06
 Reference value :  1.10263e-06
 Reference value :  1.10463e-06
 Reference value :  1.10763e-06
 Reference value :  1.10913e-06
 Reference value :  1.11063e-06
 Reference value :  1.11363e-06
 Reference value :  1.11463e-06
 Reference value :  1.11617e-06
 Reference value :  1.11675e-06
 Reference value :  1.11717e-06
 Reference value :  1.11720e-06
 Reference value :  1.11737e-06
 Reference value :  1.11755e-06
 Reference value :  1.11792e-06
 Reference value :  1.11849e-06
 Reference value :  1.12133e-06
 Reference value :  1.12533e-06
 Reference value :  1.12733e-06
 Reference value :  1.13083e-06
 Reference value :  1.13483e-06
 Reference value :  1.13683e-06
 Reference value :  1.13933e-06
 Reference value :  1.14233e-06
 Reference value :  1.14383e-06
 Reference value :  1.14633e-06
 Reference value :  1.14933e-06
 Reference value :  1.15083e-06
 Reference value :  1.15283e-06
 Reference value :  1.15483e-06
 Reference value :  1.15733e-06
 Reference value :  1.15851e-06
 Reference value :  1.15898e-06
 Reference value :  1.15947e-06
 Reference value :  1.15999e-06
 Reference value :  1.16042e-06
 Reference value :  1.16239e-06
 Reference value :  1.16589e-06
 Reference value :  1.16689e-06
 Reference value :  1.16839e-06
 Reference value :  1.16989e-06
 Reference value :  1.17289e-06
 Reference value :  1.17439e-06
 Reference value :  1.17689e-06
 Reference value :  1.17989e-06
 Reference value :  1.18089e-06
 Reference value :  1.18439e-06
 Reference value :  1.18789e-06
 Reference value :  1.19089e-06
 Reference value :  1.19239e-06
 Reference value :  1.19589e-06
 Reference value :  1.19789e-06
 Reference value :  1.19920e-06
 Reference value :  1.20013e-06
 Reference value :  1.20053e-06
 Reference value :  1.20088e-06
 Reference value :  1.20106e-06
 Reference value :  1.20134e-06
 Reference value :  1.20210e-06
 Reference value :  1.20508e-06
 Reference value :  1.20708e-06
 Reference value :  1.20958e-06
 Reference value :  1.21208e-06
 Reference value :  1.21408e-06
 Reference value :  1.21758e-06
 Reference value :  1.21908e-06
 Reference value :  1.22058e-06
 Reference value :  1.22208e-06
 Reference value :  1.22358e-06
 Reference value :  1.22608e-06
 Reference value :  1.22758e-06
 Reference value :  1.23058e-06
 Reference value :  1.23358e-06
 Reference value :  1.23508e-06
 Reference value :  1.23758e-06
 Reference value :  1.24088e-06
 Reference value :  1.24184e-06
 Reference value :  1.24221e-06
 Reference value :  1.24306e-06
 Reference value :  1.24356e-06
 Reference value :  1.24404e-06
 Reference value :  1.24729e-06
 Reference value :  1.25029e-06
 Reference value :  1.25379e-06
 Reference value :  1.25829e-06
 Reference value :  1.25979e-06
 Reference value :  1.26179e-06
 Reference value :  1.26529e-06
 Reference value :  1.26929e-06
 Reference value :  1.27279e-06
 Reference value :  1.27429e-06
 Reference value :  1.27829e-06
 Reference value :  1.28129e-06
 Reference value :  1.28318e-06
 Reference value :  1.28364e-06
 Reference value :  1.28385e-06
 Reference value :  1.28400e-06
 Reference value :  1.28453e-06
 Reference value :  1.28512e-06
 Reference value :  1.28683e-06
 Reference value :  1.28833e-06
 Reference value :  1.29033e-06
 Reference value :  1.29383e-06
 Reference value :  1.29583e-06
 Reference value :  1.29883e-06
 Reference value :  1.30183e-06
 Reference value :  1.30583e-06
 Reference value :  1.30783e-06
 Reference value :  1.30983e-06
 Reference value :  1.31133e-06
 Reference value :  1.31383e-06
 Reference value :  1.31733e-06
 Reference value :  1.32083e-06
 Reference value :  1.32333e-06
 Reference value :  1.32517e-06
 Reference value :  1.32554e-06
 Reference value :  1.32640e-06
 Reference value :  1.32699e-06
 Reference value :  1.32849e-06
 Reference value :  1.33049e-06
 Reference value :  1.33349e-06
 Reference value :  1.33499e-06
 Reference value :  1.33649e-06
 Reference value :  1.33849e-06
 Reference value :  1.33999e-06
 Reference value :  1.34199e-06
 Reference value :  1.34349e-06
 Reference value :  1.34699e-06
 Reference value :  1.35049e-06
 Reference value :  1.35399e-06
 Reference value :  1.35649e-06
 Reference value :  1.36049e-06
 Reference value :  1.36299e-06
 Reference value :  1.36449e-06
 Reference value :  1.36617e-06
 Reference value :  1.36679e-06
 Reference value :  1.36720e-06
 Reference value :  1.36777e-06
 Reference value :  1.36811e-06
 Reference value :  1.36864e-06
 Reference value :  1.37090e-06
 Reference value :  1.37190e-06
 Reference value :  1.37440e-06
 Reference value :  1.37540e-06
 Reference value :  1.37890e-06
 Reference value :  1.38240e-06
 Reference value :  1.38490e-06
 Reference value :  1.38790e-06
 Reference value :  1.39190e-06
 Reference value :  1.39340e-06
 Reference value :  1.39590e-06
 Reference value :  1.39940e-06
 Reference value :  1.40290e-06
 Reference value :  1.40640e-06
 Reference value :  1.40788e-06
 Reference value :  1.40851e-06
 Reference value :  1.40897e-06
 Reference value :  1.40950e-06
 Reference value :  1.41239e-06
 Reference value :  1.41589e-06
 Reference value :  1.41789e-06
 Reference value :  1.41889e-06
 Reference value :  1.42139e-06
 Reference value :  1.42489e-06
 Reference value :  1.42739e-06
 Reference value :  1.42939e-06
 Reference value :  1.43189e-06
 Reference value :  1.43489e-06
 Reference value :  1.43839e-06
 Reference value :  1.44139e-06
 Reference value :  1.44439e-06
 Reference value :  1.44839e-06
 Reference value :  1.44950e-06
 Reference value :  1.44985e-06
 Reference value :  1.45012e-06
 Reference value :  1.45031e-06
 Reference value :  1.45061e-06
 Reference value :  1.45119e-06
 Reference value :  1.45298e-06
 Reference value :  1.45648e-06
 Reference value :  1.45998e-06
 Reference value :  1.46198e-06
 Reference value :  1.46548e-06
 Reference value :  1.46948e-06
 Reference value :  1.47298e-06
 Reference value :  1.47598e-06
 Reference value :  1.47898e-06
 Reference value :  1.47998e-06
 Reference value :  1.48198e-06
 Reference value :  1.48398e-06
 Reference value :  1.48598e-06
 Reference value :  1.48798e-06
 Reference value :  1.49082e-06
 Reference value :  1.49132e-06
 Reference value :  1.49217e-06
 Reference value :  1.49230e-06
 Reference value :  1.49277e-06
 Reference value :  1.49393e-06
 Reference value :  1.49590e-06
 Reference value :  1.49890e-06
 Reference value :  1.50240e-06
 Reference value :  1.50340e-06
 Reference value :  1.50590e-06
 Reference value :  1.50990e-06
 Reference value :  1.51190e-06
 Reference value :  1.51540e-06
 Reference value :  1.51690e-06
 Reference value :  1.51990e-06
 Reference value :  1.52140e-06
 Reference value :  1.52490e-06
 Reference value :  1.52790e-06
 Reference value :  1.53140e-06
 Reference value :  1.53288e-06
 Reference value :  1.53346e-06
 Reference value :  1.53387e-06
 Reference value :  1.53403e-06
 Reference value :  1.53432e-06
 Reference value :  1.53626e-06
 Reference value :  1.53776e-06
 Reference value :  1.54026e-06
 Reference value :  1.54176e-06
 Reference value :  1.54326e-06
 Reference value :  1.54476e-06
 Reference value :  1.54626e-06
 Reference value :  1.54826e-06
 Reference value :  1.55026e-06
 Reference value :  1.55326e-06
 Reference value :  1.55626e-06
 Reference value :  1.55826e-06
 Reference value :  1.55976e-06
 Reference value :  1.56226e-06
 Reference value :  1.56526e-06
 Reference value :  1.56876e-06
 Reference value :  1.57076e-06
 Reference value :  1.57376e-06
 Reference value :  1.57450e-06
 Reference value :  1.57517e-06
 Reference value :  1.57563e-06
 Reference value :  1.57676e-06
 Reference value :  1.57963e-06
 Reference value :  1.58063e-06
 Reference value :  1.58263e-06
 Reference value :  1.58563e-06
 Reference value :  1.58863e-06
 Reference value :  1.59263e-06
 Reference value :  1.59613e-06
 Reference value :  1.59763e-06
 Reference value :  1.60013e-06
 Reference value :  1.60263e-06
 Reference value :  1.60513e-06
 Reference value :  1.60663e-06
 Reference value :  1.61013e-06
 Reference value :  1.61213e-06
 Reference value :  1.61463e-06
 Reference value :  1.61652e-06
 Reference value :  1.61679e-06
 Reference value :  1.61717e-06
 Reference value :  1.61737e-06
 Reference value :  1.61773e-06
 Reference value :  1.61801e-06
 Reference value :  1.61962e-06
 Reference value :  1.62362e-06
 Reference value :  1.62712e-06
 Reference value :  1.62862e-06
 Reference value :  1.63062e-06
 Reference value :  1.63162e-06
 Reference value :  1.63512e-06
 Reference value :  1.63862e-06
 Reference value :  1.64162e-06
 Reference value :  1.64362e-06
 Reference value :  1.64462e-06
 Reference value :  1.64612e-06
 Reference value :  1.64712e-06
 Reference value :  1.64962e-06
 Reference value :  1.65112e-06
 Reference value :  1.65262e-06
 Reference value :  1.65512e-06
 Reference value :  1.65788e-06
 Reference value :  1.65883e-06
 Reference value :  1.65941e-06
 Reference value :  1.66008e-06
 Reference value :  1.66144e-06
 Reference value :  1.66444e-06
 Reference value :  1.66744e-06
 Reference value :  1.67094e-06
 Reference value :  1.67444e-06
 Reference value :  1.67594e-06
 Reference value :  1.67744e-06
 Reference value :  1.67844e-06
 Reference value :  1.67944e-06
 Reference value :  1.68194e-06
 Reference value :  1.68544e-06
 Reference value :  1.68694e-06
 Reference value :  1.69094e-06
 Reference value :  1.69344e-06
 Reference value :  1.69544e-06
 Reference value :  1.69922e-06
 Reference value :  1.70009e-06
 Reference value :  1.70050e-06
 Reference value :  1.70111e-06
 Reference value :  1.70149e-06
 Reference value :  1.70332e-06
 Reference value :  1.70582e-06
 Reference value :  1.70832e-06
 Reference value :  1.71032e-06
 Reference value :  1.71382e-06
 Reference value :  1.71632e-06
 Reference value :  1.71832e-06
 Reference value :  1.72232e-06
 Reference value :  1.72432e-06
 Reference value :  1.72782e-06
 Reference value :  1.72932e-06
 Reference value :  1.73182e-06
 Reference value :  1.73582e-06
 Reference value :  1.73882e-06
 Reference value :  1.74117e-06
 Reference value :  1.74184e-06
 Reference value :  1.74230e-06
 Reference value :  1.74307e-06
 Reference value :  1.74479e-06
 Reference value :  1.74729e-06
 Reference value :  1.75079e-06
 Reference value :  1.75429e-06
 Reference value :  1.75629e-06
 Reference value :  1.75979e-06
 Reference value :  1.76279e-06
 Reference value :  1.76629e-06
 Reference value :  1.76879e-06
 Reference value :  1.76979e-06
 Reference value :  1.77229e-06
 Reference value :  1.77529e-06
 Reference value :  1.77829e-06
 Reference value :  1.78229e-06
 Reference value :  1.78288e-06
 Reference value :  1.78342e-06
 Reference value :  1.78383e-06
 Reference value :  1.78404e-06
 Reference value :  1.78438e-06
 Reference value :  1.78474e-06
 Reference value :  1.78535e-06
 Reference value :  1.78711e-06
 Reference value :  1.78861e-06
 Reference value :  1.79061e-06
 Reference value :  1.79411e-06
 Reference value :  1.79661e-06
 Reference value :  1.80011e-06
 Reference value :  1.80211e-06
 Reference value :  1.80361e-06
 Reference value :  1.80561e-06
 Reference value :  1.80911e-06
 Reference value :  1.81111e-06
 Reference value :  1.81311e-06
 Reference value :  1.81711e-06
 Reference value :  1.82011e-06
 Reference value :  1.82211e-06
 Reference value :  1.82485e-06
 Reference value :  1.82550e-06
 Reference value :  1.82608e-06
 Reference value :  1.82763e-06
 Reference value :  1.82913e-06
 Reference value :  1.83113e-06
 Reference value :  1.83463e-06
 Reference value :  1.83813e-06
 Reference value :  1.83963e-06
 Reference value :  1.84313e-06
 Reference value :  1.84463e-06
 Reference value :  1.84663e-06
 Reference value :  1.84813e-06
 Reference value :  1.85163e-06
 Reference value :  1.85513e-06
 Reference value :  1.85713e-06
 Reference value :  1.85963e-06
 Reference value :  1.86063e-06
 Reference value :  1.86313e-06
 Reference value :  1.86563e-06
 Reference value :  1.86632e-06
 Reference value :  1.86675e-06
 Reference value :  1.86696e-06
 Reference value :  1.86717e-06
 Reference value :  1.86721e-06
 Reference value :  1.86725e-06
 Reference value :  1.86741e-06
 Reference value :  1.86765e-06
 Reference value :  1.86801e-06
 Reference value :  1.86862e-06
 Reference value :  1.87189e-06
 Reference value :  1.87289e-06
 Reference value :  1.87689e-06
 Reference value :  1.87939e-06
 Reference value :  1.88189e-06
 Reference value :  1.88389e-06
 Reference value :  1.88689e-06
 Reference value :  1.88889e-06
 Reference value :  1.89139e-06
 Reference value :  1.89389e-06
 Reference value :  1.89739e-06
 Reference value :  1.90089e-06
 Reference value :  1.90289e-06
 Reference value :  1.90689e-06
 Reference value :  1.90851e-06
 Reference value :  1.90888e-06
 Reference value :  1.90942e-06
 Reference value :  1.91009e-06
 Reference value :  1.91246e-06
 Reference value :  1.91396e-06
 Reference value :  1.91596e-06
 Reference value :  1.91896e-06
 Reference value :  1.92146e-06
 Reference value :  1.92496e-06
 Reference value :  1.92646e-06
 Reference value :  1.92996e-06
 Reference value :  1.93296e-06
 Reference value :  1.93546e-06
 Reference value :  1.93796e-06
 Reference value :  1.94146e-06
 Reference value :  1.94546e-06
 Reference value :  1.94746e-06
 Reference value :  1.94846e-06
 Reference value :  1.94923e-06
 Reference value :  1.95011e-06
 Reference value :  1.95050e-06
 Reference value :  1.95061e-06
 Reference value :  1.95100e-06
 Reference value :  1.95125e-06
 Reference value :  1.95205e-06
 Reference value :  1.95481e-06
 Reference value :  1.95681e-06
 Reference value :  1.96031e-06
 Reference value :  1.96231e-06
 Reference value :  1.96531e-06
 Reference value :  1.96681e-06
 Reference value :  1.96881e-06
 Reference value :  1.97031e-06
 Reference value :  1.97281e-06
 Reference value :  1.97681e-06
 Reference value :  1.97981e-06
 Reference value :  1.98331e-06
 Reference value :  1.98481e-06
 Reference value :  1.98781e-06
 Reference value :  1.99031e-06
 Reference value :  1.99152e-06
 Reference value :  1.99184e-06
 Reference value :  1.99275e-06
 Reference value :  1.99381e-06
 Reference value :  1.99580e-06
 Reference value :  1.99780e-06
 Reference value :  2.00130e-06
 Reference value :  2.00330e-06
 Reference value :  2.00780e-06
 Reference value :  2.01230e-06
 Reference value :  2.01430e-06
 Reference value :  2.01730e-06
 Reference value :  2.01880e-06
 Reference value :  2.02180e-06
 Reference value :  2.02430e-06
 Reference value :  2.02630e-06
 Reference value :  2.02830e-06
 Reference value :  2.03080e-06
 Reference value :  2.03298e-06
 Reference value :  2.03342e-06
 Reference value :  2.03387e-06
 Reference value :  2.03438e-06
 Reference value :  2.03483e-06
 Reference value :  2.03614e-06
 Reference value :  2.03914e-06
 Reference value :  2.04114e-06
 Reference value :  2.04264e-06
 Reference value :  2.04414e-06
 Reference value :  2.04714e-06
 Reference value :  2.05114e-06
 Reference value :  2.05464e-06
 Reference value :  2.05664e-06
 Reference value :  2.06014e-06
 Reference value :  2.06464e-06
 Reference value :  2.06664e-06
 Reference value :  2.07014e-06
 Reference value :  2.07407e-06
 Reference value :  2.07550e-06
 Reference value :  2.07608e-06
 Reference value :  2.07676e-06
 Reference value :  2.08013e-06
 Reference value :  2.08163e-06
 Reference value :  2.08413e-06
 Reference value :  2.08563e-06
 Reference value :  2.08663e-06
 Reference value :  2.08813e-06
 Reference value :  2.09113e-06
 Reference value :  2.09463e-06
 Reference value :  2.09563e-06
 Reference value :  2.09913e-06
 Reference value :  2.10213e-06
 Reference value :  2.10463e-06
 Reference value :  2.10813e-06
 Reference value :  2.11113e-06
 Reference value :  2.11213e-06
 Reference value :  2.11463e-06
 Reference value :  2.11675e-06
 Reference value :  2.11720e-06
 Reference value :  2.11737e-06
 Reference value :  2.11765e-06
 Reference value :  2.11784e-06
 Reference value :  2.11826e-06
 Reference value :  2.12130e-06
 Reference value :  2.12530e-06
 Reference value :  2.12680e-06
 Reference value :  2.12830e-06
 Reference value :  2.12930e-06
 Reference value :  2.13130e-06
 Reference value :  2.13480e-06
 Reference value :  2.13880e-06
 Reference value :  2.14030e-06
 Reference value :  2.14380e-06
 Reference value :  2.14680e-06
 Reference value :  2.14880e-06
 Reference value :  2.15330e-06
 Reference value :  2.15730e-06
 Reference value :  2.15851e-06
 Reference value :  2.15944e-06
 Reference value :  2.16017e-06
 Reference value :  2.16141e-06
 Reference value :  2.16434e-06
 Reference value :  2.16684e-06
 Reference value :  2.16984e-06
 Reference value :  2.17334e-06
 Reference value :  2.17534e-06
 Reference value :  2.17884e-06
 Reference value :  2.18284e-06
 Reference value :  2.18584e-06
 Reference value :  2.18984e-06
 Reference value :  2.19134e-06
 Reference value :  2.19534e-06
 Reference value :  2.19684e-06
 Reference value :  2.19950e-06
 Reference value :  2.20013e-06
 Reference value :  2.20053e-06
 Reference value :  2.20086e-06
 Reference value :  2.20107e-06
 Reference value :  2.20146e-06
 Reference value :  2.20193e-06
 Reference value :  2.20487e-06
 Reference value :  2.20837e-06
 Reference value :  2.20987e-06
 Reference value :  2.21187e-06
 Reference value :  2.21487e-06
 Reference value :  2.21637e-06
 Reference value :  2.21837e-06
 Reference value :  2.22037e-06
 Reference value :  2.22487e-06
 Reference value :  2.22887e-06
 Reference value :  2.23087e-06
 Reference value :  2.23337e-06
 Reference value :  2.23687e-06
 Reference value :  2.23887e-06
 Reference value :  2.24132e-06
 Reference value :  2.24217e-06
 Reference value :  2.24248e-06
 Reference value :  2.24332e-06
 Reference value :  2.24378e-06
 Reference value :  2.24485e-06
 Reference value :  2.24778e-06
 Reference value :  2.24978e-06
 Reference value :  2.25228e-06
 Reference value :  2.25578e-06
 Reference value :  2.25928e-06
 Reference value :  2.26128e-06
 Reference value :  2.26428e-06
 Reference value :  2.26728e-06
 Reference value :  2.27078e-06
 Reference value :  2.27328e-06
 Reference value :  2.27478e-06
 Reference value :  2.27828e-06
 Reference value :  2.27978e-06
 Reference value :  2.28283e-06
 Reference value :  2.28344e-06
 Reference value :  2.28385e-06
 Reference value :  2.28391e-06
 Reference value :  2.28419e-06
 Reference value :  2.28453e-06
 Reference value :  2.28477e-06
 Reference value :  2.28524e-06
 Reference value :  2.28777e-06
 Reference value :  2.29077e-06
 Reference value :  2.29227e-06
 Reference value :  2.29377e-06
 Reference value :  2.29627e-06
 Reference value :  2.29777e-06
 Reference value :  2.29927e-06
 Reference value :  2.30127e-06
 Reference value :  2.30227e-06
 Reference value :  2.30477e-06
 Reference value :  2.30777e-06
 Reference value :  2.31127e-06
 Reference value :  2.31277e-06
 Reference value :  2.31527e-06
 Reference value :  2.31677e-06
 Reference value :  2.31877e-06
 Reference value :  2.32027e-06
 Reference value :  2.32277e-06
 Reference value :  2.32465e-06
 Reference value :  2.32517e-06
 Reference value :  2.32550e-06
 Reference value :  2.32608e-06
 Reference value :  2.32675e-06
 Reference value :  2.33011e-06
 Reference value :  2.33161e-06
 Reference value :  2.33411e-06
 Reference value :  2.33661e-06
 Reference value :  2.33861e-06
 Reference value :  2.34211e-06
 Reference value :  2.34411e-06
 Reference value :  2.34761e-06
 Reference value :  2.35061e-06
 Reference value :  2.35161e-06
 Reference value :  2.35411e-06
 Reference value :  2.35511e-06
 Reference value :  2.35761e-06
 Reference value :  2.35911e-06
 Reference value :  2.36161e-06
 Reference value :  2.36311e-06
 Reference value :  2.36511e-06
 Reference value :  2.36652e-06
 Reference value :  2.36679e-06
 Reference value :  2.36717e-06
 Reference value :  2.36737e-06
 Reference value :  2.36779e-06
 Reference value :  2.36789e-06
 Reference value :  2.36952e-06
 Reference value :  2.37202e-06
 Reference value :  2.37552e-06
 Reference value :  2.37952e-06
 Reference value :  2.38252e-06
 Reference value :  2.38552e-06
 Reference value :  2.38952e-06
 Reference value :  2.39352e-06
 Reference value :  2.39552e-06
 Reference value :  2.39802e-06
 Reference value :  2.40002e-06
 Reference value :  2.40152e-06
 Reference value :  2.40502e-06
 Reference value :  2.40798e-06
 Reference value :  2.40883e-06
 Reference value :  2.40941e-06
 Reference value :  2.41095e-06
 Reference value :  2.41295e-06
 Reference value :  2.41545e-06
 Reference value :  2.41945e-06
 Reference value :  2.42145e-06
 Reference value :  2.42295e-06
 Reference value :  2.42495e-06
 Reference value :  2.42745e-06
 Reference value :  2.42995e-06
 Reference value :  2.43245e-06
 Reference value :  2.43495e-06
 Reference value :  2.43845e-06
 Reference value :  2.44045e-06
 Reference value :  2.44195e-06
 Reference value :  2.44595e-06
 Reference value :  2.44922e-06
 Reference value :  2.45012e-06
 Reference value :  2.45061e-06
 Reference value :  2.45109e-06
 Reference value :  2.45121e-06
 Reference value :  2.45157e-06
 Reference value :  2.45322e-06
 Reference value :  2.45622e-06
 Reference value :  2.45872e-06
 Reference value :  2.46172e-06
 Reference value :  2.46472e-06
 Reference value :  2.46872e-06
 Reference value :  2.47272e-06
 Reference value :  2.47472e-06
 Reference value :  2.47822e-06
 Reference value :  2.48172e-06
 Reference value :  2.48422e-06
 Reference value :  2.48822e-06
 Reference value :  2.49132e-06
 Reference value :  2.49217e-06
 Reference value :  2.49275e-06
 Reference value :  2.49478e-06
 Reference value :  2.49778e-06
 Reference value :  2.49978e-06
 Reference value :  2.50278e-06
 Reference value :  2.50678e-06
 Reference value :  2.50878e-06
 Reference value :  2.51128e-06
 Reference value :  2.51278e-06
 Reference value :  2.51378e-06
 Reference value :  2.51628e-06
 Reference value :  2.51728e-06
 Reference value :  2.51978e-06
 Reference value :  2.52178e-06
 Reference value :  2.52328e-06
 Reference value :  2.52578e-06
 Reference value :  2.52828e-06
 Reference value :  2.53078e-06
 Reference value :  2.53298e-06
 Reference value :  2.53346e-06
 Reference value :  2.53383e-06
 Reference value :  2.53403e-06
 Reference value :  2.53446e-06
 Reference value :  2.53478e-06
 Reference value :  2.53719e-06
 Reference value :  2.53869e-06
 Reference value :  2.54069e-06
 Reference value :  2.54319e-06
 Reference value :  2.54769e-06
 Reference value :  2.55169e-06
 Reference value :  2.55619e-06
 Reference value :  2.55869e-06
 Reference value :  2.55969e-06
 Reference value :  2.56219e-06
 Reference value :  2.56369e-06
 Reference value :  2.56669e-06
 Reference value :  2.57069e-06
 Reference value :  2.57450e-06
 Reference value :  2.57517e-06
 Reference value :  2.57563e-06
 Reference value :  2.57675e-06
 Reference value :  2.57862e-06
 Reference value :  2.58212e-06
 Reference value :  2.58662e-06
 Reference value :  2.58962e-06
 Reference value :  2.59112e-06
 Reference value :  2.59212e-06
 Reference value :  2.59412e-06
 Reference value :  2.59762e-06
 Reference value :  2.60112e-06
 Reference value :  2.60362e-06
 Reference value :  2.60612e-06
 Reference value :  2.60862e-06
 Reference value :  2.61112e-06
 Reference value :  2.61312e-06
 Reference value :  2.61512e-06
 Reference value :  2.61622e-06
 Reference value :  2.61679e-06
 Reference value :  2.61717e-06
 Reference value :  2.61737e-06
 Reference value :  2.61779e-06
 Reference value :  2.61789e-06
 Reference value :  2.61826e-06
 Reference value :  2.61955e-06
 Reference value :  2.62155e-06
 Reference value :  2.62455e-06
 Reference value :  2.62855e-06
 Reference value :  2.63005e-06
 Reference value :  2.63255e-06
 Reference value :  2.63605e-06
 Reference value :  2.63855e-06
 Reference value :  2.64205e-06
 Reference value :  2.64505e-06
 Reference value :  2.64905e-06
 Reference value :  2.65305e-06
 Reference value :  2.65455e-06
 Reference value :  2.65788e-06
 Reference value :  2.65883e-06
 Reference value :  2.65942e-06
 Reference value :  2.66146e-06
 Reference value :  2.66296e-06
 Reference value :  2.66646e-06
 Reference value :  2.67046e-06
 Reference value :  2.67246e-06
 Reference value :  2.67446e-06
 Reference value :  2.67546e-06
 Reference value :  2.67796e-06
 Reference value :  2.68096e-06
 Reference value :  2.68446e-06
 Reference value :  2.68546e-06
 Reference value :  2.68696e-06
 Reference value :  2.68896e-06
 Reference value :  2.69146e-06
 Reference value :  2.69346e-06
 Reference value :  2.69696e-06
 Reference value :  2.69846e-06
 Reference value :  2.70008e-06
 Reference value :  2.70050e-06
 Reference value :  2.70085e-06
 Reference value :  2.70116e-06
 Reference value :  2.70259e-06
 Reference value :  2.70559e-06
 Reference value :  2.70759e-06
 Reference value :  2.71009e-06
 Reference value :  2.71259e-06
 Reference value :  2.71659e-06
 Reference value :  2.72009e-06
 Reference value :  2.72259e-06
 Reference value :  2.72459e-06
 Reference value :  2.72809e-06
 Reference value :  2.72959e-06
 Reference value :  2.73059e-06
 Reference value :  2.73309e-06
 Reference value :  2.73659e-06
 Reference value :  2.73759e-06
 Reference value :  2.74009e-06
 Reference value :  2.74132e-06
 Reference value :  2.74184e-06
 Reference value :  2.74217e-06
 Reference value :  2.74230e-06
 Reference value :  2.74275e-06
 Reference value :  2.74342e-06
 Reference value :  2.74429e-06
 Reference value :  2.74679e-06
 Reference value :  2.75029e-06
 Reference value :  2.75179e-06
 Reference value :  2.75529e-06
 Reference value :  2.75729e-06
 Reference value :  2.76029e-06
 Reference value :  2.76229e-06
 Reference value :  2.76379e-06
 Reference value :  2.76529e-06
 Reference value :  2.76679e-06
 Reference value :  2.76829e-06
 Reference value :  2.77229e-06
 Reference value :  2.77429e-06
 Reference value :  2.77579e-06
 Reference value :  2.77779e-06
 Reference value :  2.78129e-06
 Reference value :  2.78283e-06
 Reference value :  2.78342e-06
 Reference value :  2.78383e-06
 Reference value :  2.78389e-06
 Reference value :  2.78412e-06
 Reference value :  2.78447e-06
 Reference value :  2.78496e-06
 Reference value :  2.78729e-06
 Reference value :  2.79129e-06
 Reference value :  2.79429e-06
 Reference value :  2.79779e-06
 Reference value :  2.80029e-06
 Reference value :  2.80179e-06
 Reference value :  2.80529e-06
 Reference value :  2.80779e-06
 Reference value :  2.81129e-06
 Reference value :  2.81279e-06
 Reference value :  2.81529e-06
 Reference value :  2.81829e-06
 Reference value :  2.81979e-06
 Reference value :  2.82079e-06
 Reference value :  2.82329e-06
 Reference value :  2.82450e-06
 Reference value :  2.82465e-06
 Reference value :  2.82517e-06
 Reference value :  2.82608e-06
 Reference value :  2.82712e-06
 Reference value :  2.83012e-06
 Reference value :  2.83412e-06
 Reference value :  2.83662e-06
 Reference value :  2.84012e-06
 Reference value :  2.84212e-06
 Reference value :  2.84362e-06
 Reference value :  2.84712e-06
 Reference value :  2.85012e-06
 Reference value :  2.85162e-06
 Reference value :  2.85312e-06
 Reference value :  2.85462e-06
 Reference value :  2.85812e-06
 Reference value :  2.86112e-06
 Reference value :  2.86312e-06
 Reference value :  2.86617e-06
 Reference value :  2.86675e-06
 Reference value :  2.86717e-06
 Reference value :  2.86718e-06
 Reference value :  2.86729e-06
 Reference value :  2.86753e-06
 Reference value :  2.86781e-06
 Reference value :  2.86919e-06
 Reference value :  2.87319e-06
 Reference value :  2.87569e-06
 Reference value :  2.87869e-06
 Reference value :  2.88269e-06
 Reference value :  2.88569e-06
 Reference value :  2.88869e-06
 Reference value :  2.89019e-06
 Reference value :  2.89469e-06
 Reference value :  2.89819e-06
 Reference value :  2.90019e-06
 Reference value :  2.90319e-06
 Reference value :  2.90669e-06
 Reference value :  2.90798e-06
 Reference value :  2.90883e-06
 Reference value :  2.90974e-06
 Reference value :  2.91009e-06
 Reference value :  2.91145e-06
 Reference value :  2.91495e-06
 Reference value :  2.91895e-06
 Reference value :  2.92195e-06
 Reference value :  2.92395e-06
 Reference value :  2.92595e-06
 Reference value :  2.92845e-06
 Reference value :  2.93095e-06
 Reference value :  2.93195e-06
 Reference value :  2.93395e-06
 Reference value :  2.93545e-06
 Reference value :  2.93645e-06
 Reference value :  2.93795e-06
 Reference value :  2.94095e-06
 Reference value :  2.94445e-06
 Reference value :  2.94795e-06
 Reference value :  2.94955e-06
 Reference value :  2.95025e-06
 Reference value :  2.95051e-06
 Reference value :  2.95055e-06
 Reference value :  2.95061e-06
 Reference value :  2.95091e-06
 Reference value :  2.95112e-06
 Reference value :  2.95268e-06
 Reference value :  2.95518e-06
 Reference value :  2.95718e-06
 Reference value :  2.95968e-06
 Reference value :  2.96218e-06
 Reference value :  2.96468e-06
 Reference value :  2.96818e-06
 Reference value :  2.97018e-06
 Reference value :  2.97268e-06
 Reference value :  2.97518e-06
 Reference value :  2.97868e-06
 Reference value :  2.98168e-06
 Reference value :  2.98468e-06
 Reference value :  2.98668e-06
 Reference value :  2.98968e-06
 Reference value :  2.99184e-06
 Reference value :  2.99230e-06
 Reference value :  2.99275e-06
 Reference value :  2.99378e-06
 Reference value :  2.99578e-06
 Reference value :  2.99878e-06
 Reference value :  3.00228e-06
 Reference value :  3.00428e-06
 Reference value :  3.00778e-06
 Reference value :  3.01078e-06
 Reference value :  3.01178e-06
 Reference value :  3.01228e-06
 Reference value :  3.01527e-06
 Reference value :  3.01927e-06
 Reference value :  3.02177e-06
 Reference value :  3.02527e-06
 Reference value :  3.02877e-06
 Reference value :  3.03177e-06
 Reference value :  3.03318e-06
 Reference value :  3.03363e-06
 Reference value :  3.03404e-06
 Reference value :  3.03441e-06
 Reference value :  3.03460e-06
 Reference value :  3.03650e-06
 Reference value :  3.04000e-06
 Reference value :  3.04350e-06
 Reference value :  3.04750e-06
 Reference value :  3.05100e-06
 Reference value :  3.05400e-06
 Reference value :  3.05650e-06
 Reference value :  3.06000e-06
 Reference value :  3.06300e-06
 Reference value :  3.06700e-06
 Reference value :  3.06900e-06
 Reference value :  3.07100e-06
 Reference value :  3.07450e-06
 Reference value :  3.07550e-06
 Reference value :  3.07581e-06
 Reference value :  3.07608e-06
 Reference value :  3.07712e-06
 Reference value :  3.07862e-06
 Reference value :  3.08162e-06
 Reference value :  3.08412e-06
 Reference value :  3.08612e-06
 Reference value :  3.08862e-06
 Reference value :  3.09112e-06
 Reference value :  3.09362e-06
 Reference value :  3.09712e-06
 Reference value :  3.10012e-06
 Reference value :  3.10262e-06
 Reference value :  3.10562e-06
 Reference value :  3.10712e-06
 Reference value :  3.11012e-06
 Reference value :  3.11362e-06
 Reference value :  3.11617e-06
 Reference value :  3.11680e-06
 Reference value :  3.11720e-06
 Reference value :  3.11738e-06
 Reference value :  3.11767e-06
 Reference value :  3.11797e-06
 Reference value :  3.11946e-06
 Reference value :  3.12246e-06
 Reference value :  3.12446e-06
 Reference value :  3.12746e-06
 Reference value :  3.13146e-06
 Reference value :  3.13496e-06
 Reference value :  3.13846e-06
 Reference value :  3.13996e-06
 Reference value :  3.14396e-06
 Reference value :  3.14696e-06
 Reference value :  3.15046e-06
 Reference value :  3.15396e-06
 Reference value :  3.15696e-06
 Reference value :  3.15788e-06
 Reference value :  3.15888e-06
 Reference value :  3.15918e-06
 Reference value :  3.15948e-06
 Reference value :  3.16083e-06
 Reference value :  3.16128e-06
 Reference value :  3.16178e-06
 Reference value :  3.16285e-06
 Reference value :  3.16381e-06
 Reference value :  3.16631e-06
 Reference value :  3.16981e-06
 Reference value :  3.17231e-06
 Reference value :  3.17481e-06
 Reference value :  3.17731e-06
 Reference value :  3.18131e-06
 Reference value :  3.18331e-06
 Reference value :  3.18681e-06
 Reference value :  3.19031e-06
 Reference value :  3.19231e-06
 Reference value :  3.19431e-06
 Reference value :  3.19731e-06
 Reference value :  3.19955e-06
 Reference value :  3.20013e-06
 Reference value :  3.20053e-06
 Reference value :  3.20067e-06
 Reference value :  3.20087e-06
 Reference value :  3.20115e-06
 Reference value :  3.20158e-06
 Reference value :  3.20291e-06
 Reference value :  3.20591e-06
 Reference value :  3.20741e-06
 Reference value :  3.21041e-06
 Reference value :  3.21291e-06
 Reference value :  3.21491e-06
 Reference value :  3.21841e-06
 Reference value :  3.22091e-06
 Reference value :  3.22341e-06
 Reference value :  3.22591e-06
 Reference value :  3.22691e-06
 Reference value :  3.22991e-06
 Reference value :  3.23241e-06
 Reference value :  3.23541e-06
 Reference value :  3.23791e-06
 Reference value :  3.23891e-06
 Reference value :  3.24117e-06
 Reference value :  3.24184e-06
 Reference value :  3.24275e-06
 Reference value :  3.24341e-06
 Reference value :  3.24458e-06
 Reference value :  3.24508e-06
 Reference value :  3.24587e-06
 Reference value :  3.24826e-06
 Reference value :  3.25176e-06
 Reference value :  3.25426e-06
 Reference value :  3.25726e-06
 Reference value :  3.26026e-06
 Reference value :  3.26176e-06
 Reference value :  3.26476e-06
 Reference value :  3.26726e-06
 Reference value :  3.27176e-06
 Reference value :  3.27526e-06
 Reference value :  3.27726e-06
 Reference value :  3.28126e-06
 Reference value :  3.28318e-06
 Reference value :  3.28344e-06
 Reference value :  3.28385e-06
 Reference value :  3.28400e-06
 Reference value :  3.28440e-06
 Reference value :  3.28451e-06
 Reference value :  3.28476e-06
 Reference value :  3.28504e-06
 Reference value :  3.28549e-06
 Reference value :  3.28824e-06
 Reference value :  3.29024e-06
 Reference value :  3.29174e-06
 Reference value :  3.29524e-06
 Reference value :  3.29774e-06
 Reference value :  3.30024e-06
 Reference value :  3.30324e-06
 Reference value :  3.30724e-06
 Reference value :  3.31074e-06
 Reference value :  3.31324e-06
 Reference value :  3.31624e-06
 Reference value :  3.31874e-06
 Reference value :  3.32274e-06
 Reference value :  3.32450e-06
 Reference value :  3.32517e-06
 Reference value :  3.32607e-06
 Reference value :  3.32740e-06
 Reference value :  3.32876e-06
 Reference value :  3.33126e-06
 Reference value :  3.33426e-06
 Reference value :  3.33826e-06
 Reference value :  3.34176e-06
 Reference value :  3.34576e-06
 Reference value :  3.34776e-06
 Reference value :  3.34976e-06
 Reference value :  3.35376e-06
 Reference value :  3.35676e-06
 Reference value :  3.36076e-06
 Reference value :  3.36226e-06
 Reference value :  3.36571e-06
 Reference value :  3.36652e-06
 Reference value :  3.36679e-06
 Reference value :  3.36698e-06
 Reference value :  3.36717e-06
 Reference value :  3.36728e-06
 Reference value :  3.36780e-06
 Reference value :  3.36812e-06
 Reference value :  3.37002e-06
 Reference value :  3.37352e-06
 Reference value :  3.37702e-06
 Reference value :  3.37852e-06
 Reference value :  3.38252e-06
 Reference value :  3.38602e-06
 Reference value :  3.38802e-06
 Reference value :  3.39102e-06
 Reference value :  3.39452e-06
 Reference value :  3.39702e-06
 Reference value :  3.40002e-06
 Reference value :  3.40402e-06
 Reference value :  3.40743e-06
 Reference value :  3.40851e-06
 Reference value :  3.40915e-06
 Reference value :  3.41005e-06
 Reference value :  3.41073e-06
 Reference value :  3.41109e-06
 Reference value :  3.41409e-06
 Reference value :  3.41759e-06
 Reference value :  3.42059e-06
 Reference value :  3.42209e-06
 Reference value :  3.42559e-06
 Reference value :  3.42909e-06
 Reference value :  3.43159e-06
 Reference value :  3.43509e-06
 Reference value :  3.43709e-06
 Reference value :  3.44109e-06
 Reference value :  3.44459e-06
 Reference value :  3.44659e-06
 Reference value :  3.44950e-06
 Reference value :  3.45012e-06
 Reference value :  3.45050e-06
 Reference value :  3.45080e-06
 Reference value :  3.45124e-06
 Reference value :  3.45159e-06
 Reference value :  3.45335e-06
 Reference value :  3.45735e-06
 Reference value :  3.46035e-06
 Reference value :  3.46335e-06
 Reference value :  3.46735e-06
 Reference value :  3.47085e-06
 Reference value :  3.47385e-06
 Reference value :  3.47735e-06
 Reference value :  3.47985e-06
 Reference value :  3.48285e-06
 Reference value :  3.48635e-06
 Reference value :  3.48885e-06
 Reference value :  3.49117e-06
 Reference value :  3.49184e-06
 Reference value :  3.49274e-06
 Reference value :  3.49339e-06
 Reference value :  3.49444e-06
 Reference value :  3.49694e-06
 Reference value :  3.49844e-06
 Reference value :  3.49994e-06
 Reference value :  3.50144e-06
 Reference value :  3.50444e-06
 Reference value :  3.50744e-06
 Reference value :  3.50894e-06
 Reference value :  3.51094e-06
 Reference value :  3.51494e-06
 Reference value :  3.51794e-06
 Reference value :  3.51994e-06
 Reference value :  3.52344e-06
 Reference value :  3.52644e-06
 Reference value :  3.52994e-06
 Reference value :  3.53283e-06
 Reference value :  3.53346e-06
 Reference value :  3.53383e-06
 Reference value :  3.53403e-06
 Reference value :  3.53446e-06
 Reference value :  3.53478e-06
 Reference value :  3.53569e-06
 Reference value :  3.53869e-06
 Reference value :  3.54169e-06
 Reference value :  3.54469e-06
 Reference value :  3.54769e-06
 Reference value :  3.55019e-06
 Reference value :  3.55169e-06
 Reference value :  3.55469e-06
 Reference value :  3.55719e-06
 Reference value :  3.55869e-06
 Reference value :  3.56019e-06
 Reference value :  3.56219e-06
 Reference value :  3.56469e-06
 Reference value :  3.56819e-06
 Reference value :  3.57269e-06
 Reference value :  3.57455e-06
 Reference value :  3.57550e-06
 Reference value :  3.57607e-06
 Reference value :  3.57708e-06
 Reference value :  3.57930e-06
 Reference value :  3.58230e-06
 Reference value :  3.58380e-06
 Reference value :  3.58680e-06
 Reference value :  3.58980e-06
 Reference value :  3.59180e-06
 Reference value :  3.59430e-06
 Reference value :  3.59680e-06
 Reference value :  3.60080e-06
 Reference value :  3.60230e-06
 Reference value :  3.60380e-06
 Reference value :  3.60580e-06
 Reference value :  3.60730e-06
 Reference value :  3.60830e-06
 Reference value :  3.61080e-06
 Reference value :  3.61380e-06
 Reference value :  3.61573e-06
 Reference value :  3.61679e-06
 Reference value :  3.61720e-06
 Reference value :  3.61746e-06
 Reference value :  3.61780e-06
 Reference value :  3.61789e-06
 Reference value :  3.61852e-06
 Reference value :  3.62202e-06
 Reference value :  3.62402e-06
 Reference value :  3.62702e-06
 Reference value :  3.63052e-06
 Reference value :  3.63402e-06
 Reference value :  3.63602e-06
 Reference value :  3.63902e-06
 Reference value :  3.64302e-06
 Reference value :  3.64502e-06
 Reference value :  3.64802e-06
 Reference value :  3.65152e-06
 Reference value :  3.65502e-06
 Reference value :  3.65702e-06
 Reference value :  3.65788e-06
 Reference value :  3.65851e-06
 Reference value :  3.65897e-06
 Reference value :  3.66007e-06
 Reference value :  3.66115e-06
 Reference value :  3.66458e-06
 Reference value :  3.66658e-06
 Reference value :  3.66958e-06
 Reference value :  3.67358e-06
 Reference value :  3.67658e-06
 Reference value :  3.68008e-06
 Reference value :  3.68208e-06
 Reference value :  3.68658e-06
 Reference value :  3.69008e-06
 Reference value :  3.69258e-06
 Reference value :  3.69558e-06
 Reference value :  3.69858e-06
 Reference value :  3.69965e-06
 Reference value :  3.70008e-06
 Reference value :  3.70050e-06
 Reference value :  3.70085e-06
 Reference value :  3.70129e-06
 Reference value :  3.70213e-06
 Reference value :  3.70413e-06
 Reference value :  3.70813e-06
 Reference value :  3.70963e-06
 Reference value :  3.71263e-06
 Reference value :  3.71413e-06
 Reference value :  3.71763e-06
 Reference value :  3.71913e-06
 Reference value :  3.72063e-06
 Reference value :  3.72213e-06
 Reference value :  3.72463e-06
 Reference value :  3.72913e-06
 Reference value :  3.73113e-06
 Reference value :  3.73463e-06
 Reference value :  3.73863e-06
 Reference value :  3.74122e-06
 Reference value :  3.74184e-06
 Reference value :  3.74274e-06
 Reference value :  3.74340e-06
 Reference value :  3.74448e-06
 Reference value :  3.74528e-06
 Reference value :  3.74621e-06
 Reference value :  3.74921e-06
 Reference value :  3.75121e-06
 Reference value :  3.75421e-06
 Reference value :  3.75771e-06
 Reference value :  3.75871e-06
 Reference value :  3.76071e-06
 Reference value :  3.76371e-06
 Reference value :  3.76721e-06
 Reference value :  3.77071e-06
 Reference value :  3.77271e-06
 Reference value :  3.77671e-06
 Reference value :  3.78071e-06
 Reference value :  3.78221e-06
 Reference value :  3.78288e-06
 Reference value :  3.78342e-06
 Reference value :  3.78383e-06
 Reference value :  3.78385e-06
 Reference value :  3.78412e-06
 Reference value :  3.78458e-06
 Reference value :  3.78573e-06
 Reference value :  3.78823e-06
 Reference value :  3.79023e-06
 Reference value :  3.79373e-06
 Reference value :  3.79523e-06
 Reference value :  3.79923e-06
 Reference value :  3.80323e-06
 Reference value :  3.80573e-06
 Reference value :  3.80823e-06
 Reference value :  3.81173e-06
 Reference value :  3.81423e-06
 Reference value :  3.81673e-06
 Reference value :  3.82073e-06
 Reference value :  3.82173e-06
 Reference value :  3.82323e-06
 Reference value :  3.82465e-06
 Reference value :  3.82517e-06
 Reference value :  3.82608e-06
 Reference value :  3.82674e-06
 Reference value :  3.82780e-06
 Reference value :  3.82945e-06
 Reference value :  3.83295e-06
 Reference value :  3.83545e-06
 Reference value :  3.83845e-06
 Reference value :  3.84245e-06
 Reference value :  3.84545e-06
 Reference value :  3.84795e-06
 Reference value :  3.85145e-06
 Reference value :  3.85395e-06
 Reference value :  3.85495e-06
 Reference value :  3.85645e-06
 Reference value :  3.85945e-06
 Reference value :  3.86195e-06
 Reference value :  3.86545e-06
 Reference value :  3.86632e-06
 Reference value :  3.86675e-06
 Reference value :  3.86717e-06
 Reference value :  3.86720e-06
 Reference value :  3.86729e-06
 Reference value :  3.86782e-06
 Reference value :  3.86806e-06
 Reference value :  3.86967e-06
 Reference value :  3.87317e-06
 Reference value :  3.87567e-06
 Reference value :  3.87817e-06
 Reference value :  3.88117e-06
 Reference value :  3.88367e-06
 Reference value :  3.88717e-06
 Reference value :  3.89067e-06
 Reference value :  3.89267e-06
 Reference value :  3.89617e-06
 Reference value :  3.89817e-06
 Reference value :  3.89967e-06
 Reference value :  3.90117e-06
 Reference value :  3.90417e-06
 Reference value :  3.90717e-06
 Reference value :  3.90851e-06
 Reference value :  3.90897e-06
 Reference value :  3.91007e-06
 Reference value :  3.91116e-06
 Reference value :  3.91196e-06
 Reference value :  3.91425e-06
 Reference value :  3.91775e-06
 Reference value :  3.92125e-06
 Reference value :  3.92375e-06
 Reference value :  3.92675e-06
 Reference value :  3.93025e-06
 Reference value :  3.93275e-06
 Reference value :  3.93525e-06
 Reference value :  3.93775e-06
 Reference value :  3.94075e-06
 Reference value :  3.94325e-06
 Reference value :  3.94525e-06
 Reference value :  3.94725e-06
 Reference value :  3.94955e-06
 Reference value :  3.95011e-06
 Reference value :  3.95050e-06
 Reference value :  3.95055e-06
 Reference value :  3.95061e-06
 Reference value :  3.95073e-06
 Reference value :  3.95091e-06
 Reference value :  3.95113e-06
 Reference value :  3.95222e-06
 Reference value :  3.95622e-06
 Reference value :  3.95922e-06
 Reference value :  3.96172e-06
 Reference value :  3.96422e-06
 Reference value :  3.96672e-06
 Reference value :  3.96972e-06
 Reference value :  3.97172e-06
 Reference value :  3.97322e-06
 Reference value :  3.97672e-06
 Reference value :  3.98072e-06
 Reference value :  3.98372e-06
 Reference value :  3.98672e-06
 Reference value :  3.99072e-06
 Reference value :  3.99184e-06
 Reference value :  3.99275e-06
 Reference value :  3.99411e-06
 Reference value :  3.99452e-06
 Reference value :  3.99534e-06
 Reference value :  3.99709e-06
 Reference value :  3.99909e-06
 Reference value :  4.00209e-06
 Reference value :  4.00559e-06
 Reference value :  4.00959e-06
 Reference value :  4.01109e-06
 Reference value :  4.01309e-06
 Reference value :  4.01409e-06
 Reference value :  4.01559e-06
 Reference value :  4.01709e-06
 Reference value :  4.02009e-06
 Reference value :  4.02209e-06
 Reference value :  4.02359e-06
 Reference value :  4.02609e-06
 Reference value :  4.02759e-06
 Reference value :  4.02909e-06
 Reference value :  4.03059e-06
 Reference value :  4.03159e-06
 Reference value :  4.03283e-06
 Reference value :  4.03342e-06
 Reference value :  4.03387e-06
 Reference value :  4.03404e-06
 Reference value :  4.03426e-06
 Reference value :  4.03452e-06
 Reference value :  4.03485e-06
 Reference value :  4.03700e-06
 Reference value :  4.03850e-06
 Reference value :  4.04000e-06
 Reference value :  4.04150e-06
 Reference value :  4.04300e-06
 Reference value :  4.04450e-06
 Reference value :  4.04650e-06
 Reference value :  4.04950e-06
 Reference value :  4.05250e-06
 Reference value :  4.05350e-06
 Reference value :  4.05500e-06
 Reference value :  4.05800e-06
 Reference value :  4.06000e-06
 Reference value :  4.06250e-06
 Reference value :  4.06450e-06
 Reference value :  4.06750e-06
 Reference value :  4.07000e-06
 Reference value :  4.07300e-06
 Reference value :  4.07485e-06
 Reference value :  4.07563e-06
 Reference value :  4.07641e-06
 Reference value :  4.07674e-06
 Reference value :  4.07744e-06
 Reference value :  4.07750e-06
 Reference value :  4.07832e-06
 Reference value :  4.07947e-06
 Reference value :  4.08297e-06
 Reference value :  4.08647e-06
 Reference value :  4.08947e-06
 Reference value :  4.09297e-06
 Reference value :  4.09497e-06
 Reference value :  4.09897e-06
 Reference value :  4.10297e-06
 Reference value :  4.10697e-06
 Reference value :  4.10847e-06
 Reference value :  4.11147e-06
 Reference value :  4.11297e-06
 Reference value :  4.11547e-06
 Reference value :  4.11680e-06
 Reference value :  4.11717e-06
 Reference value :  4.11727e-06
 Reference value :  4.11736e-06
 Reference value :  4.11789e-06
 Reference value :  4.11824e-06
 Reference value :  4.12101e-06
 Reference value :  4.12451e-06
 Reference value :  4.12751e-06
 Reference value :  4.13001e-06
 Reference value :  4.13401e-06
 Reference value :  4.13701e-06
 Reference value :  4.13901e-06
 Reference value :  4.14201e-06
 Reference value :  4.14551e-06
 Reference value :  4.14801e-06
 Reference value :  4.15151e-06
 Reference value :  4.15501e-06
 Reference value :  4.15798e-06
 Reference value :  4.15888e-06
 Reference value :  4.15947e-06
 Reference value :  4.15999e-06
 Reference value :  4.16001e-06
 Reference value :  4.16016e-06
 Reference value :  4.16216e-06
 Reference value :  4.16316e-06
 Reference value :  4.16516e-06
 Reference value :  4.16716e-06
 Reference value :  4.17166e-06
 Reference value :  4.17516e-06
 Reference value :  4.17916e-06
 Reference value :  4.18266e-06
 Reference value :  4.18416e-06
 Reference value :  4.18766e-06
 Reference value :  4.18966e-06
 Reference value :  4.19116e-06
 Reference value :  4.19516e-06
 Reference value :  4.19908e-06
 Reference value :  4.20013e-06
 Reference value :  4.20032e-06
 Reference value :  4.20053e-06
 Reference value :  4.20067e-06
 Reference value :  4.20097e-06
 Reference value :  4.20124e-06
 Reference value :  4.20189e-06
 Reference value :  4.20389e-06
 Reference value :  4.20689e-06
 Reference value :  4.20939e-06
 Reference value :  4.21189e-06
 Reference value :  4.21539e-06
 Reference value :  4.21839e-06
 Reference value :  4.22089e-06
 Reference value :  4.22439e-06
 Reference value :  4.22789e-06
 Reference value :  4.23089e-06
 Reference value :  4.23439e-06
 Reference value :  4.23739e-06
 Reference value :  4.24117e-06
 Reference value :  4.24184e-06
 Reference value :  4.24274e-06
 Reference value :  4.24354e-06
 Reference value :  4.24439e-06
 Reference value :  4.24725e-06
 Reference value :  4.24875e-06
 Reference value :  4.25075e-06
 Reference value :  4.25425e-06
 Reference value :  4.25825e-06
 Reference value :  4.26125e-06
 Reference value :  4.26425e-06
 Reference value :  4.26675e-06
 Reference value :  4.26925e-06
 Reference value :  4.27275e-06
 Reference value :  4.27475e-06
 Reference value :  4.27825e-06
 Reference value :  4.27975e-06
 Reference value :  4.28225e-06
 Reference value :  4.28345e-06
 Reference value :  4.28385e-06
 Reference value :  4.28406e-06
 Reference value :  4.28431e-06
 Reference value :  4.28448e-06
 Reference value :  4.28514e-06
 Reference value :  4.28800e-06
 Reference value :  4.28950e-06
 Reference value :  4.29300e-06
 Reference value :  4.29650e-06
 Reference value :  4.29950e-06
 Reference value :  4.30200e-06
 Reference value :  4.30350e-06
 Reference value :  4.30550e-06
 Reference value :  4.30850e-06
 Reference value :  4.31100e-06
 Reference value :  4.31400e-06
 Reference value :  4.31650e-06
 Reference value :  4.32000e-06
 Reference value :  4.32350e-06
 Reference value :  4.32450e-06
 Reference value :  4.32485e-06
 Reference value :  4.32517e-06
 Reference value :  4.32563e-06
 Reference value :  4.32608e-06
 Reference value :  4.32761e-06
 Reference value :  4.33061e-06
 Reference value :  4.33211e-06
 Reference value :  4.33561e-06
 Reference value :  4.33661e-06
 Reference value :  4.33961e-06
 Reference value :  4.34211e-06
 Reference value :  4.34261e-06
 Reference value :  4.34411e-06
 Reference value :  4.34711e-06
 Reference value :  4.35111e-06
 Reference value :  4.35361e-06
 Reference value :  4.35511e-06
 Reference value :  4.35761e-06
 Reference value :  4.36161e-06
 Reference value :  4.36461e-06
 Reference value :  4.36632e-06
 Reference value :  4.36679e-06
 Reference value :  4.36717e-06
 Reference value :  4.36728e-06
 Reference value :  4.36766e-06
 Reference value :  4.36789e-06
 Reference value :  4.36811e-06
 Reference value :  4.36861e-06
 Reference value :  4.37106e-06
 Reference value :  4.37456e-06
 Reference value :  4.37656e-06
 Reference value :  4.37956e-06
 Reference value :  4.38306e-06
 Reference value :  4.38556e-06
 Reference value :  4.38856e-06
 Reference value :  4.39156e-06
 Reference value :  4.39506e-06
 Reference value :  4.39806e-06
 Reference value :  4.40156e-06
 Reference value :  4.40406e-06
 Reference value :  4.40706e-06
 Reference value :  4.40798e-06
 Reference value :  4.40851e-06
 Reference value :  4.40915e-06
 Reference value :  4.40941e-06
 Reference value :  4.41008e-06
 Reference value :  4.41095e-06
 Reference value :  4.41295e-06
 Reference value :  4.41495e-06
 Reference value :  4.41795e-06
 Reference value :  4.42145e-06
 Reference value :  4.42345e-06
 Reference value :  4.42445e-06
 Reference value :  4.42695e-06
 Reference value :  4.42995e-06
 Reference value :  4.43195e-06
 Reference value :  4.43345e-06
 Reference value :  4.43745e-06
 Reference value :  4.44145e-06
 Reference value :  4.44295e-06
 Reference value :  4.44595e-06
 Reference value :  4.44950e-06
 Reference value :  4.45012e-06
 Reference value :  4.45061e-06
 Reference value :  4.45109e-06
 Reference value :  4.45131e-06
 Reference value :  4.45318e-06
 Reference value :  4.45718e-06
 Reference value :  4.45918e-06
 Reference value :  4.46168e-06
 Reference value :  4.46518e-06
 Reference value :  4.46718e-06
 Reference value :  4.46918e-06
 Reference value :  4.47318e-06
 Reference value :  4.47718e-06
 Reference value :  4.47818e-06
 Reference value :  4.48168e-06
 Reference value :  4.48418e-06
 Reference value :  4.48818e-06
 Reference value :  4.49122e-06
 Reference value :  4.49184e-06
 Reference value :  4.49275e-06
 Reference value :  4.49428e-06
 Reference value :  4.49628e-06
 Reference value :  4.49928e-06
 Reference value :  4.50178e-06
 Reference value :  4.50478e-06
 Reference value :  4.50578e-06
 Reference value :  4.50728e-06
 Reference value :  4.50878e-06
 Reference value :  4.50978e-06
 Reference value :  4.51278e-06
 Reference value :  4.51428e-06
 Reference value :  4.51528e-06
 Reference value :  4.51778e-06
 Reference value :  4.52078e-06
 Reference value :  4.52328e-06
 Reference value :  4.52628e-06
 Reference value :  4.52978e-06
 Reference value :  4.53128e-06
 Reference value :  4.53256e-06
 Reference value :  4.53346e-06
 Reference value :  4.53395e-06
 Reference value :  4.53432e-06
 Reference value :  4.53446e-06
 Reference value :  4.53478e-06
 Reference value :  4.53550e-06
 Reference value :  4.53674e-06
 Reference value :  4.53924e-06
 Reference value :  4.54224e-06
 Reference value :  4.54474e-06
 Reference value :  4.54624e-06
 Reference value :  4.54974e-06
 Reference value :  4.55374e-06
 Reference value :  4.55724e-06
 Reference value :  4.55924e-06
 Reference value :  4.56274e-06
 Reference value :  4.56424e-06
 Reference value :  4.56674e-06
 Reference value :  4.56874e-06
 Reference value :  4.57124e-06
 Reference value :  4.57412e-06
 Reference value :  4.57485e-06
 Reference value :  4.57517e-06
 Reference value :  4.57554e-06
 Reference value :  4.57608e-06
 Reference value :  4.57712e-06
 Reference value :  4.57862e-06
 Reference value :  4.57962e-06
 Reference value :  4.58362e-06
 Reference value :  4.58562e-06
 Reference value :  4.58712e-06
 Reference value :  4.59012e-06
 Reference value :  4.59212e-06
 Reference value :  4.59312e-06
 Reference value :  4.59512e-06
 Reference value :  4.59712e-06
 Reference value :  4.59962e-06
 Reference value :  4.60262e-06
 Reference value :  4.60662e-06
 Reference value :  4.60862e-06
 Reference value :  4.61212e-06
 Reference value :  4.61589e-06
 Reference value :  4.61679e-06
 Reference value :  4.61698e-06
 Reference value :  4.61717e-06
 Reference value :  4.61737e-06
 Reference value :  4.61779e-06
 Reference value :  4.61800e-06
 Reference value :  4.61864e-06
 Reference value :  4.61922e-06
 Reference value :  4.62168e-06
 Reference value :  4.62318e-06
 Reference value :  4.62468e-06
 Reference value :  4.62668e-06
 Reference value :  4.62918e-06
 Reference value :  4.63118e-06
 Reference value :  4.63268e-06
 Reference value :  4.63368e-06
 Reference value :  4.63718e-06
 Reference value :  4.64068e-06
 Reference value :  4.64418e-06
 Reference value :  4.64618e-06
 Reference value :  4.64868e-06
 Reference value :  4.65168e-06
 Reference value :  4.65518e-06
 Reference value :  4.65718e-06
 Reference value :  4.65818e-06
 Reference value :  4.65883e-06
 Reference value :  4.65942e-06
 Reference value :  4.66046e-06
 Reference value :  4.66146e-06
 Reference value :  4.66296e-06
 Reference value :  4.66646e-06
 Reference value :  4.66796e-06
 Reference value :  4.67146e-06
 Reference value :  4.67396e-06
 Reference value :  4.67496e-06
 Reference value :  4.67596e-06
 Reference value :  4.67746e-06
 Reference value :  4.67946e-06
 Reference value :  4.68146e-06
 Reference value :  4.68396e-06
 Reference value :  4.68646e-06
 Reference value :  4.68946e-06
 Reference value :  4.69196e-06
 Reference value :  4.69596e-06
 Reference value :  4.69896e-06
 Reference value :  4.69955e-06
 Reference value :  4.69985e-06
 Reference value :  4.70029e-06
 Reference value :  4.70073e-06
 Reference value :  4.70104e-06
 Reference value :  4.70116e-06
 Reference value :  4.70170e-06
 Reference value :  4.70342e-06
 Reference value :  4.70642e-06
 Reference value :  4.70742e-06
 Reference value :  4.70992e-06
 Reference value :  4.71292e-06
 Reference value :  4.71542e-06
 Reference value :  4.71842e-06
 Reference value :  4.72192e-06
 Reference value :  4.72342e-06
 Reference value :  4.72742e-06
 Reference value :  4.72942e-06
 Reference value :  4.73242e-06
 Reference value :  4.73442e-06
 Reference value :  4.73742e-06
 Reference value :  4.73992e-06
 Reference value :  4.74184e-06
 Reference value :  4.74248e-06
 Reference value :  4.74308e-06
 Reference value :  4.74479e-06
 Reference value :  4.74729e-06
 Reference value :  4.75079e-06
 Reference value :  4.75429e-06
 Reference value :  4.75679e-06
 Reference value :  4.75779e-06
 Reference value :  4.75879e-06
 Reference value :  4.76179e-06
 Reference value :  4.76379e-06
 Reference value :  4.76779e-06
 Reference value :  4.77179e-06
 Reference value :  4.77529e-06
 Reference value :  4.77779e-06
 Reference value :  4.78179e-06
 Reference value :  4.78342e-06
 Reference value :  4.78363e-06
 Reference value :  4.78389e-06
 Reference value :  4.78423e-06
 Reference value :  4.78446e-06
 Reference value :  4.78495e-06
 Reference value :  4.78660e-06
 Reference value :  4.78760e-06
 Reference value :  4.79060e-06
 Reference value :  4.79410e-06
 Reference value :  4.79610e-06
 Reference value :  4.79910e-06
 Reference value :  4.80060e-06
 Reference value :  4.80460e-06
 Reference value :  4.80760e-06
 Reference value :  4.80960e-06
 Reference value :  4.81110e-06
 Reference value :  4.81410e-06
 Reference value :  4.81810e-06
 Reference value :  4.82060e-06
 Reference value :  4.82260e-06
 Reference value :  4.82450e-06
 Reference value :  4.82465e-06
 Reference value :  4.82517e-06
 Reference value :  4.82608e-06
 Reference value :  4.82675e-06
 Reference value :  4.83012e-06
 Reference value :  4.83262e-06
 Reference value :  4.83612e-06
 Reference value :  4.83812e-06
 Reference value :  4.84162e-06
 Reference value :  4.84262e-06
 Reference value :  4.84512e-06
 Reference value :  4.84712e-06
 Reference value :  4.84812e-06
 Reference value :  4.85012e-06
 Reference value :  4.85412e-06
 Reference value :  4.85612e-06
 Reference value :  4.85762e-06
 Reference value :  4.86112e-06
 Reference value :  4.86362e-06
 Reference value :  4.86589e-06
 Reference value :  4.86675e-06
 Reference value :  4.86718e-06
 Reference value :  4.86735e-06
 Reference value :  4.86781e-06
 Reference value :  4.86805e-06
 Reference value :  4.86834e-06
 Reference value :  4.87002e-06
 Reference value :  4.87252e-06
 Reference value :  4.87402e-06
 Reference value :  4.87602e-06
 Reference value :  4.87802e-06
 Reference value :  4.88102e-06
 Reference value :  4.88502e-06
 Reference value :  4.88752e-06
 Reference value :  4.89052e-06
 Reference value :  4.89252e-06
 Reference value :  4.89552e-06
 Reference value :  4.89702e-06
 Reference value :  4.89802e-06
 Reference value :  4.90202e-06
 Reference value :  4.90352e-06
 Reference value :  4.90502e-06
 Reference value :  4.90783e-06
 Reference value :  4.90851e-06
 Reference value :  4.90941e-06
 Reference value :  4.91045e-06
 Reference value :  4.91345e-06
 Reference value :  4.91545e-06
 Reference value :  4.91745e-06
 Reference value :  4.91995e-06
 Reference value :  4.92395e-06
 Reference value :  4.92595e-06
 Reference value :  4.92695e-06
 Reference value :  4.92945e-06
 Reference value :  4.93145e-06
 Reference value :  4.93495e-06
 Reference value :  4.93745e-06
 Reference value :  4.93995e-06
 Reference value :  4.94295e-06
 Reference value :  4.94495e-06
 Reference value :  4.94795e-06
 Reference value :  4.94982e-06
 Reference value :  4.95037e-06
 Reference value :  4.95051e-06
 Reference value :  4.95066e-06
 Reference value :  4.95088e-06
 Reference value :  4.95119e-06
 Reference value :  4.95161e-06
 Reference value :  4.95301e-06
 Reference value :  4.95551e-06
 Reference value :  4.95701e-06
 Reference value :  4.95951e-06
 Reference value :  4.96201e-06
 Reference value :  4.96401e-06
 Reference value :  4.96551e-06
 Reference value :  4.96751e-06
 Reference value :  4.96901e-06
 Reference value :  4.97001e-06
 Reference value :  4.97251e-06
 Reference value :  4.97501e-06
 Reference value :  4.97651e-06
 Reference value :  4.97751e-06
 Reference value :  4.97901e-06
 Reference value :  4.98151e-06
 Reference value :  4.98251e-06
 Reference value :  4.98401e-06
 Reference value :  4.98501e-06
 Reference value :  4.98651e-06
 Reference value :  4.98751e-06
 Reference value :  4.98851e-06
 Reference value :  4.99001e-06
 Reference value :  4.99184e-06
 Reference value :  4.99217e-06
 Reference value :  4.99230e-06
 Reference value :  4.99342e-06
 Reference value :  4.99478e-06
 Reference value :  4.99578e-06
 Reference value :  4.99678e-06
 Reference value :  4.99778e-06
 Reference value :  5.00028e-06
 Reference value :  5.00378e-06
 Reference value :  5.00528e-06
 Reference value :  5.00628e-06
 Reference value :  5.00728e-06
 Reference value :  5.00828e-06
 Reference value :  5.00928e-06
 Reference value :  5.01128e-06
 Reference value :  5.01278e-06
 Reference value :  5.01478e-06
 Reference value :  5.01578e-06
 Reference value :  5.01728e-06
 Reference value :  5.01928e-06
 Reference value :  5.02128e-06
 Reference value :  5.02278e-06
 Reference value :  5.02478e-06
 Reference value :  5.02578e-06
 Reference value :  5.02728e-06
 Reference value :  5.02978e-06
 Reference value :  5.03128e-06
 Reference value :  5.03228e-06
 Reference value :  5.03318e-06
 Reference value :  5.03347e-06
 Reference value :  5.03383e-06
 Reference value :  5.03387e-06
 Reference value :  5.03408e-06
 Reference value :  5.03470e-06
 Reference value :  5.03499e-06
 Reference value :  5.03565e-06
 Reference value :  5.03715e-06
 Reference value :  5.03865e-06
 Reference value :  5.04065e-06
 Reference value :  5.04215e-06
 Reference value :  5.04565e-06
 Reference value :  5.04715e-06
 Reference value :  5.04865e-06
 Reference value :  5.05015e-06
 Reference value :  5.05115e-06
 Reference value :  5.05265e-06
 Reference value :  5.05465e-06
 Reference value :  5.05665e-06
 Reference value :  5.05815e-06
 Reference value :  5.06015e-06
 Reference value :  5.06115e-06
 Reference value :  5.06215e-06
 Reference value :  5.06465e-06
 Reference value :  5.06565e-06
 Reference value :  5.06815e-06
 Reference value :  5.06915e-06
 Reference value :  5.07065e-06
 Reference value :  5.07215e-06
 Reference value :  5.07365e-06
 Reference value :  5.07485e-06
 Reference value :  5.07517e-06
 Reference value :  5.07563e-06
 Reference value :  5.07608e-06
 Reference value :  5.07712e-06
 Reference value :  5.07912e-06
 Reference value :  5.08162e-06
 Reference value :  5.08312e-06
 Reference value :  5.08462e-06
 Reference value :  5.08612e-06
 Reference value :  5.08762e-06
 Reference value :  5.08912e-06
 Reference value :  5.09062e-06
 Reference value :  5.09212e-06
 Reference value :  5.09362e-06
 Reference value :  5.09462e-06
 Reference value :  5.09662e-06
 Reference value :  5.09762e-06
 Reference value :  5.09912e-06
 Reference value :  5.10012e-06
 Reference value :  5.10162e-06
 Reference value :  5.10262e-06
 Reference value :  5.10462e-06
 Reference value :  5.10612e-06
 Reference value :  5.10712e-06
 Reference value :  5.10862e-06
 Reference value :  5.11112e-06
 Reference value :  5.11312e-06
 Reference value :  5.11412e-06
 Reference value :  5.11562e-06
 Reference value :  5.11622e-06
 Reference value :  5.11675e-06
 Reference value :  5.11717e-06
 Reference value :  5.11736e-06
 Reference value :  5.11756e-06
 Reference value :  5.11776e-06
 Reference value :  5.11825e-06
 Reference value :  5.12061e-06
 Reference value :  5.12211e-06
 Reference value :  5.12461e-06
 Reference value :  5.12711e-06
 Reference value :  5.12911e-06
 Reference value :  5.13161e-06
 Reference value :  5.13361e-06
 Reference value :  5.13611e-06
 Reference value :  5.13761e-06
 Reference value :  5.13961e-06
 Reference value :  5.14111e-06
 Reference value :  5.14211e-06
 Reference value :  5.14411e-06
 Reference value :  5.14561e-06
 Reference value :  5.14711e-06
 Reference value :  5.14811e-06
 Reference value :  5.14961e-06
 Reference value :  5.15111e-06
 Reference value :  5.15461e-06
 Reference value :  5.15611e-06
 Reference value :  5.15798e-06
 Reference value :  5.15851e-06
 Reference value :  5.15888e-06
 Reference value :  5.15918e-06
 Reference value :  5.15975e-06
 Reference value :  5.15999e-06
 Reference value :  5.16020e-06
 Reference value :  5.16190e-06
 Reference value :  5.16390e-06
 Reference value :  5.16540e-06
 Reference value :  5.16690e-06
 Reference value :  5.16840e-06
 Reference value :  5.16990e-06
 Reference value :  5.17140e-06
 Reference value :  5.17240e-06
 Reference value :  5.17540e-06
 Reference value :  5.17740e-06
 Reference value :  5.17890e-06
 Reference value :  5.18090e-06
 Reference value :  5.18240e-06
 Reference value :  5.18590e-06
 Reference value :  5.18740e-06
 Reference value :  5.18890e-06
 Reference value :  5.19040e-06
 Reference value :  5.19390e-06
 Reference value :  5.19490e-06
 Reference value :  5.19640e-06
 Reference value :  5.19790e-06
 Reference value :  5.19965e-06
 Reference value :  5.20013e-06
 Reference value :  5.20032e-06
 Reference value :  5.20053e-06
 Reference value :  5.20059e-06
 Reference value :  5.20068e-06
 Reference value :  5.20097e-06
 Reference value :  5.20125e-06
 Reference value :  5.20158e-06
 Reference value :  5.20365e-06
 Reference value :  5.20515e-06
 Reference value :  5.20765e-06
 Reference value :  5.20915e-06
 Reference value :  5.21065e-06
 Reference value :  5.21265e-06
 Reference value :  5.21465e-06
 Reference value :  5.21615e-06
 Reference value :  5.21865e-06
 Reference value :  5.22015e-06
 Reference value :  5.22165e-06
 Reference value :  5.22515e-06
 Reference value :  5.22665e-06
 Reference value :  5.22815e-06
 Reference value :  5.23065e-06
 Reference value :  5.23265e-06
 Reference value :  5.23565e-06
 Reference value :  5.23815e-06
 Reference value :  5.24015e-06
 Reference value :  5.24117e-06
 Reference value :  5.24184e-06
 Reference value :  5.24248e-06
 Reference value :  5.24333e-06
 Reference value :  5.24356e-06
 Reference value :  5.24441e-06
 Reference value :  5.24679e-06
 Reference value :  5.24779e-06
 Reference value :  5.24929e-06
 Reference value :  5.25079e-06
 Reference value :  5.25229e-06
 Reference value :  5.25379e-06
 Reference value :  5.25479e-06
 Reference value :  5.25629e-06
 Reference value :  5.25779e-06
 Reference value :  5.25929e-06
 Reference value :  5.26079e-06
 Reference value :  5.26229e-06
 Reference value :  5.26579e-06
 Reference value :  5.26929e-06
 Reference value :  5.27079e-06
 Reference value :  5.27279e-06
 Reference value :  5.27479e-06
 Reference value :  5.27679e-06
 Reference value :  5.27829e-06
 Reference value :  5.28079e-06
 Reference value :  5.28229e-06
 Reference value :  5.28283e-06
 Reference value :  5.28298e-06
 Reference value :  5.28346e-06
 Reference value :  5.28365e-06
 Reference value :  5.28383e-06
 Reference value :  5.28385e-06
 Reference value :  5.28392e-06
 Reference value :  5.28401e-06
 Reference value :  5.28419e-06
 Reference value :  5.28450e-06
 Reference value :  5.28460e-06
 Reference value :  5.28556e-06
 Reference value :  5.28806e-06
 Reference value :  5.28906e-06
 Reference value :  5.29156e-06
 Reference value :  5.29406e-06
 Reference value :  5.29506e-06
 Reference value :  5.29606e-06
 Reference value :  5.29706e-06
 Reference value :  5.29906e-06
 Reference value :  5.30056e-06
 Reference value :  5.30306e-06
 Reference value :  5.30456e-06
 Reference value :  5.30806e-06
 Reference value :  5.30906e-06
 Reference value :  5.31206e-06
 Reference value :  5.31406e-06
 Reference value :  5.31556e-06
 Reference value :  5.31706e-06
 Reference value :  5.31956e-06
 Reference value :  5.32106e-06
 Reference value :  5.32356e-06
 Reference value :  5.32450e-06
 Reference value :  5.32517e-06
 Reference value :  5.32554e-06
 Reference value :  5.32607e-06
 Reference value :  5.32640e-06
 Reference value :  5.32668e-06
 Reference value :  5.32749e-06
 Reference value :  5.32849e-06
 Reference value :  5.32999e-06
 Reference value :  5.33099e-06
 Reference value :  5.33249e-06
 Reference value :  5.33549e-06
 Reference value :  5.33649e-06
 Reference value :  5.33849e-06
 Reference value :  5.33999e-06
 Reference value :  5.34099e-06
 Reference value :  5.34199e-06
 Reference value :  5.34449e-06
 Reference value :  5.34549e-06
 Reference value :  5.34699e-06
 Reference value :  5.34899e-06
 Reference value :  5.35049e-06
 Reference value :  5.35249e-06
 Reference value :  5.35449e-06
 Reference value :  5.35649e-06
 Reference value :  5.35799e-06
 Reference value :  5.35999e-06
 Reference value :  5.36099e-06
 Reference value :  5.36249e-06
 Reference value :  5.36349e-06
 Reference value :  5.36499e-06
 Reference value :  5.36622e-06
 Reference value :  5.36679e-06
 Reference value :  5.36717e-06
 Reference value :  5.36743e-06
 Reference value :  5.36776e-06
 Reference value :  5.36824e-06
 Reference value :  5.36986e-06
 Reference value :  5.37186e-06
 Reference value :  5.37486e-06
 Reference value :  5.37586e-06
 Reference value :  5.37736e-06
 Reference value :  5.37986e-06
 Reference value :  5.38136e-06
 Reference value :  5.38386e-06
 Reference value :  5.38536e-06
 Reference value :  5.38786e-06
 Reference value :  5.39036e-06
 Reference value :  5.39136e-06
 Reference value :  5.39336e-06
 Reference value :  5.39736e-06
 Reference value :  5.39886e-06
 Reference value :  5.40036e-06
 Reference value :  5.40186e-06
 Reference value :  5.40336e-06
 Reference value :  5.40636e-06
 Reference value :  5.40851e-06
 Reference value :  5.40915e-06
 Reference value :  5.41139e-06
 Reference value :  5.41239e-06
 Reference value :  5.41489e-06
 Reference value :  5.41689e-06
 Reference value :  5.41939e-06
 Reference value :  5.42289e-06
 Reference value :  5.42489e-06
 Reference value :  5.42639e-06
 Reference value :  5.42789e-06
 Reference value :  5.42989e-06
 Reference value :  5.43089e-06
 Reference value :  5.43239e-06
 Reference value :  5.43389e-06
 Reference value :  5.43489e-06
 Reference value :  5.43589e-06
 Reference value :  5.43739e-06
 Reference value :  5.43989e-06
 Reference value :  5.44389e-06
 Reference value :  5.44920e-06
 Reference value :  5.45012e-06
 Reference value :  5.45050e-06
 Reference value :  5.45076e-06
 Reference value :  5.45140e-06
 Reference value :  5.45281e-06
 Reference value :  5.45431e-06
 Reference value :  5.45781e-06
 Reference value :  5.45981e-06
 Reference value :  5.46281e-06
 Reference value :  5.46481e-06
 Reference value :  5.46681e-06
 Reference value :  5.46831e-06
 Reference value :  5.47031e-06
 Reference value :  5.47231e-06
 Reference value :  5.47431e-06
 Reference value :  5.47731e-06
 Reference value :  5.47881e-06
 Reference value :  5.48231e-06
 Reference value :  5.48381e-06
 Reference value :  5.48581e-06
 Reference value :  5.48831e-06
 Reference value :  5.48981e-06
 Reference value :  5.49074e-06
 Reference value :  5.49132e-06
 Reference value :  5.49184e-06
 Reference value :  5.49284e-06
 Reference value :  5.49572e-06
 Reference value :  5.49822e-06
 Reference value :  5.49972e-06
 Reference value :  5.50222e-06
 Reference value :  5.50472e-06
 Reference value :  5.50722e-06
 Reference value :  5.50922e-06
 Reference value :  5.51122e-06
 Reference value :  5.51272e-06
 Reference value :  5.51372e-06
 Reference value :  5.51522e-06
 Reference value :  5.51822e-06
 Reference value :  5.51972e-06
 Reference value :  5.52322e-06
 Reference value :  5.52472e-06
 Reference value :  5.52622e-06
 Reference value :  5.52772e-06
 Reference value :  5.52972e-06
 Reference value :  5.53122e-06
 Reference value :  5.53253e-06
 Reference value :  5.53318e-06
 Reference value :  5.53346e-06
 Reference value :  5.53364e-06
 Reference value :  5.53387e-06
 Reference value :  5.53425e-06
 Reference value :  5.53515e-06
 Reference value :  5.53765e-06
 Reference value :  5.53865e-06
 Reference value :  5.54165e-06
 Reference value :  5.54315e-06
 Reference value :  5.54565e-06
 Reference value :  5.54715e-06
 Reference value :  5.54865e-06
 Reference value :  5.55165e-06
 Reference value :  5.55265e-06
 Reference value :  5.55565e-06
 Reference value :  5.55765e-06
 Reference value :  5.56015e-06
 Reference value :  5.56215e-06
 Reference value :  5.56615e-06
 Reference value :  5.56765e-06
 Reference value :  5.57015e-06
 Reference value :  5.57215e-06
 Reference value :  5.57450e-06
 Reference value :  5.57517e-06
 Reference value :  5.57563e-06
 Reference value :  5.57755e-06
 Reference value :  5.58005e-06
 Reference value :  5.58155e-06
 Reference value :  5.58555e-06
 Reference value :  5.58855e-06
 Reference value :  5.59155e-06
 Reference value :  5.59355e-06
 Reference value :  5.59555e-06
 Reference value :  5.59705e-06
 Reference value :  5.60005e-06
 Reference value :  5.60205e-06
 Reference value :  5.60405e-06
 Reference value :  5.60655e-06
 Reference value :  5.60805e-06
 Reference value :  5.60905e-06
 Reference value :  5.61055e-06
 Reference value :  5.61255e-06
 Reference value :  5.61405e-06
 Reference value :  5.61505e-06
 Reference value :  5.61617e-06
 Reference value :  5.61652e-06
 Reference value :  5.61679e-06
 Reference value :  5.61717e-06
 Reference value :  5.61743e-06
 Reference value :  5.61782e-06
 Reference value :  5.61982e-06
 Reference value :  5.62182e-06
 Reference value :  5.62532e-06
 Reference value :  5.62682e-06
 Reference value :  5.62982e-06
 Reference value :  5.63082e-06
 Reference value :  5.63232e-06
 Reference value :  5.63382e-06
 Reference value :  5.63532e-06
 Reference value :  5.63832e-06
 Reference value :  5.64032e-06
 Reference value :  5.64332e-06
 Reference value :  5.64582e-06
 Reference value :  5.64732e-06
 Reference value :  5.64882e-06
 Reference value :  5.65132e-06
 Reference value :  5.65282e-06
 Reference value :  5.65432e-06
 Reference value :  5.65732e-06
 Reference value :  5.65788e-06
 Reference value :  5.65851e-06
 Reference value :  5.65897e-06
 Reference value :  5.65950e-06
 Reference value :  5.66039e-06
 Reference value :  5.66138e-06
 Reference value :  5.66288e-06
 Reference value :  5.66438e-06
 Reference value :  5.66538e-06
 Reference value :  5.66688e-06
 Reference value :  5.66838e-06
 Reference value :  5.66988e-06
 Reference value :  5.67088e-06
 Reference value :  5.67238e-06
 Reference value :  5.67388e-06
 Reference value :  5.67638e-06
 Reference value :  5.67738e-06
 Reference value :  5.67888e-06
 Reference value :  5.68038e-06
 Reference value :  5.68338e-06
 Reference value :  5.68488e-06
 Reference value :  5.68838e-06
 Reference value :  5.69138e-06
 Reference value :  5.69338e-06
 Reference value :  5.69538e-06
 Reference value :  5.69838e-06
 Reference value :  5.69955e-06
 Reference value :  5.70012e-06
 Reference value :  5.70031e-06
 Reference value :  5.70050e-06
 Reference value :  5.70112e-06
 Reference value :  5.70161e-06
 Reference value :  5.70361e-06
 Reference value :  5.70511e-06
 Reference value :  5.70661e-06
 Reference value :  5.70861e-06
 Reference value :  5.71161e-06
 Reference value :  5.71561e-06
 Reference value :  5.71961e-06
 Reference value :  5.72261e-06
 Reference value :  5.72611e-06
 Reference value :  5.72861e-06
 Reference value :  5.73061e-06
 Reference value :  5.73161e-06
 Reference value :  5.73361e-06
 Reference value :  5.73461e-06
 Reference value :  5.73711e-06
 Reference value :  5.73911e-06
 Reference value :  5.74117e-06
 Reference value :  5.74152e-06
 Reference value :  5.74217e-06
 Reference value :  5.74230e-06
 Reference value :  5.74322e-06
 Reference value :  5.74422e-06
 Reference value :  5.74522e-06
 Reference value :  5.74822e-06
 Reference value :  5.75172e-06
 Reference value :  5.75322e-06
 Reference value :  5.75472e-06
 Reference value :  5.75622e-06
 Reference value :  5.75722e-06
 Reference value :  5.75872e-06
 Reference value :  5.76022e-06
 Reference value :  5.76322e-06
 Reference value :  5.76522e-06
 Reference value :  5.76672e-06
 Reference value :  5.76872e-06
 Reference value :  5.77022e-06
 Reference value :  5.77372e-06
 Reference value :  5.77572e-06
 Reference value :  5.77822e-06
 Reference value :  5.77922e-06
 Reference value :  5.78122e-06
 Reference value :  5.78252e-06
 Reference value :  5.78318e-06
 Reference value :  5.78363e-06
 Reference value :  5.78383e-06
 Reference value :  5.78385e-06
 Reference value :  5.78415e-06
 Reference value :  5.78441e-06
 Reference value :  5.78518e-06
 Reference value :  5.78618e-06
 Reference value :  5.78718e-06
 Reference value :  5.78868e-06
 Reference value :  5.79068e-06
 Reference value :  5.79168e-06
 Reference value :  5.79268e-06
 Reference value :  5.79418e-06
 Reference value :  5.79568e-06
 Reference value :  5.79868e-06
 Reference value :  5.80018e-06
 Reference value :  5.80168e-06
 Reference value :  5.80368e-06
 Reference value :  5.80518e-06
 Reference value :  5.80618e-06
 Reference value :  5.80868e-06
 Reference value :  5.81218e-06
 Reference value :  5.81568e-06
 Reference value :  5.81968e-06
 Reference value :  5.82409e-06
 Reference value :  5.82517e-06
 Reference value :  5.82581e-06
 Reference value :  5.82955e-06
 Reference value :  5.83305e-06
 Reference value :  5.83455e-06
 Reference value :  5.83755e-06
 Reference value :  5.84005e-06
 Reference value :  5.84355e-06
 Reference value :  5.84555e-06
 Reference value :  5.84805e-06
 Reference value :  5.85055e-06
 Reference value :  5.85355e-06
 Reference value :  5.85505e-06
 Reference value :  5.85755e-06
 Reference value :  5.86005e-06
 Reference value :  5.86255e-06
 Reference value :  5.86555e-06
 Reference value :  5.86622e-06
 Reference value :  5.86675e-06
 Reference value :  5.86718e-06
 Reference value :  5.86734e-06
 Reference value :  5.86771e-06
 Reference value :  5.87079e-06
 Reference value :  5.87379e-06
 Reference value :  5.87679e-06
 Reference value :  5.87979e-06
 Reference value :  5.88379e-06
 Reference value :  5.88529e-06
 Reference value :  5.88879e-06
 Reference value :  5.89229e-06
 Reference value :  5.89429e-06
 Reference value :  5.89729e-06
 Reference value :  5.90029e-06
 Reference value :  5.90479e-06
 Reference value :  5.90783e-06
 Reference value :  5.90818e-06
 Reference value :  5.90883e-06
 Reference value :  5.90897e-06
 Reference value :  5.90950e-06
 Reference value :  5.91238e-06
 Reference value :  5.91438e-06
 Reference value :  5.91638e-06
 Reference value :  5.92038e-06
 Reference value :  5.92438e-06
 Reference value :  5.92688e-06
 Reference value :  5.92838e-06
 Reference value :  5.93288e-06
 Reference value :  5.93638e-06
 Reference value :  5.93988e-06
 Reference value :  5.94088e-06
 Reference value :  5.94288e-06
 Reference value :  5.94638e-06
 Reference value :  5.94888e-06
 Reference value :  5.94955e-06
 Reference value :  5.95008e-06
 Reference value :  5.95029e-06
 Reference value :  5.95054e-06
 Reference value :  5.95121e-06
 Reference value :  5.95404e-06
 Reference value :  5.95604e-06
 Reference value :  5.96004e-06
 Reference value :  5.96254e-06
 Reference value :  5.96504e-06
 Reference value :  5.96754e-06
 Reference value :  5.97104e-06
 Reference value :  5.97254e-06
 Reference value :  5.97504e-06
 Reference value :  5.97804e-06
 Reference value :  5.98204e-06
 Reference value :  5.98354e-06
 Reference value :  5.98504e-06
 Reference value :  5.98704e-06
 Reference value :  5.99054e-06
 Reference value :  5.99122e-06
 Reference value :  5.99184e-06
 Reference value :  5.99230e-06
 Reference value :  5.99472e-06
 Reference value :  5.99772e-06
 Reference value :  6.00122e-06
 Reference value :  6.00322e-06
 Reference value :  6.00722e-06
 Reference value :  6.00872e-06
 Reference value :  6.01072e-06
 Reference value :  6.01172e-06
 Reference value :  6.01372e-06
 Reference value :  6.01572e-06
 Reference value :  6.01722e-06
 Reference value :  6.01872e-06
 Reference value :  6.02222e-06
 Reference value :  6.02522e-06
 Reference value :  6.02822e-06
 Reference value :  6.03222e-06
 Reference value :  6.03298e-06
 Reference value :  6.03367e-06
 Reference value :  6.03424e-06
 Reference value :  6.03510e-06
 Reference value :  6.03860e-06
 Reference value :  6.04110e-06
 Reference value :  6.04360e-06
 Reference value :  6.04560e-06
 Reference value :  6.04710e-06
 Reference value :  6.04860e-06
 Reference value :  6.05260e-06
 Reference value :  6.05460e-06
 Reference value :  6.05660e-06
 Reference value :  6.06010e-06
 Reference value :  6.06410e-06
 Reference value :  6.06610e-06
 Reference value :  6.07010e-06
 Reference value :  6.07260e-06
 Reference value :  6.07517e-06
 Reference value :  6.07581e-06
 Reference value :  6.07905e-06
 Reference value :  6.08055e-06
 Reference value :  6.08205e-06
 Reference value :  6.08455e-06
 Reference value :  6.08855e-06
 Reference value :  6.09205e-06
 Reference value :  6.09355e-06
 Reference value :  6.09755e-06
 Reference value :  6.10055e-06
 Reference value :  6.10355e-06
 Reference value :  6.10655e-06
 Reference value :  6.11005e-06
 Reference value :  6.11255e-06
 Reference value :  6.11505e-06
 Reference value :  6.11617e-06
 Reference value :  6.11675e-06
 Reference value :  6.11717e-06
 Reference value :  6.11733e-06
 Reference value :  6.11781e-06
 Reference value :  6.11810e-06
 Reference value :  6.12082e-06
 Reference value :  6.12282e-06
 Reference value :  6.12632e-06
 Reference value :  6.12932e-06
 Reference value :  6.13132e-06
 Reference value :  6.13432e-06
 Reference value :  6.13682e-06
 Reference value :  6.13882e-06
 Reference value :  6.14232e-06
 Reference value :  6.14532e-06
 Reference value :  6.14782e-06
 Reference value :  6.15082e-06
 Reference value :  6.15232e-06
 Reference value :  6.15582e-06
 Reference value :  6.15798e-06
 Reference value :  6.15851e-06
 Reference value :  6.15947e-06
 Reference value :  6.15999e-06
 Reference value :  6.16102e-06
 Reference value :  6.16437e-06
 Reference value :  6.16687e-06
 Reference value :  6.17087e-06
 Reference value :  6.17437e-06
 Reference value :  6.17787e-06
 Reference value :  6.17987e-06
 Reference value :  6.18287e-06
 Reference value :  6.18687e-06
 Reference value :  6.19037e-06
 Reference value :  6.19287e-06
 Reference value :  6.19687e-06
 Reference value :  6.19837e-06
 Reference value :  6.19965e-06
 Reference value :  6.20013e-06
 Reference value :  6.20053e-06
 Reference value :  6.20067e-06
 Reference value :  6.20097e-06
 Reference value :  6.20116e-06
 Reference value :  6.20157e-06
 Reference value :  6.20415e-06
 Reference value :  6.20765e-06
 Reference value :  6.20915e-06
 Reference value :  6.21165e-06
 Reference value :  6.21415e-06
 Reference value :  6.21565e-06
 Reference value :  6.21865e-06
 Reference value :  6.22115e-06
 Reference value :  6.22515e-06
 Reference value :  6.22715e-06
 Reference value :  6.22915e-06
 Reference value :  6.23165e-06
 Reference value :  6.23415e-06
 Reference value :  6.23765e-06
 Reference value :  6.24091e-06
 Reference value :  6.24184e-06
 Reference value :  6.24275e-06
 Reference value :  6.24333e-06
 Reference value :  6.24404e-06
 Reference value :  6.24679e-06
 Reference value :  6.24979e-06
 Reference value :  6.25279e-06
 Reference value :  6.25379e-06
 Reference value :  6.25479e-06
 Reference value :  6.25679e-06
 Reference value :  6.25829e-06
 Reference value :  6.26129e-06
 Reference value :  6.26529e-06
 Reference value :  6.26779e-06
 Reference value :  6.27179e-06
 Reference value :  6.27429e-06
 Reference value :  6.27779e-06
 Reference value :  6.28029e-06
 Reference value :  6.28283e-06
 Reference value :  6.28333e-06
No. of Data Rows : 14190

  Measurements for Transient Analysis

d9_c1               =  -3.17989e-07
d8_c1               =  9.70284e-08
d7_c1               =  1.80000e+00
d6_c1               =  1.80000e+00
d5_c1               =  1.80000e+00
d4_c1               =  1.57754e-07
d3_c1               =  1.91014e-07
d2_c1               =  2.44655e-07
d1_c1               =  3.44941e-07
d0_c1               =  1.80000e+00
d9_c2               =  -6.87115e-07
d8_c2               =  1.80000e+00
d7_c2               =  1.00998e-07
d6_c2               =  1.80000e+00
d5_c2               =  1.80000e+00
d4_c2               =  1.80000e+00
d3_c2               =  1.80000e+00
d2_c2               =  1.80000e+00
d1_c2               =  1.80000e+00
d0_c2               =  1.80000e+00
d9_c3               =  -4.09579e-07
d8_c3               =  1.80000e+00
d7_c3               =  1.80000e+00
d6_c3               =  1.80000e+00
d5_c3               =  1.80000e+00
d4_c3               =  1.80000e+00
d3_c3               =  1.80000e+00
d2_c3               =  1.80000e+00
d1_c3               =  1.80000e+00
d0_c3               =  1.80000e+00
d9_c4               =  1.80001e+00
d8_c4               =  6.77261e-09
d7_c4               =  1.80000e+00
d6_c4               =  6.70381e-09
d5_c4               =  6.64307e-09
d4_c4               =  6.95312e-09
d3_c4               =  6.95432e-09
d2_c4               =  6.95548e-09
d1_c4               =  6.88474e-09
d0_c4               =  1.80000e+00
d9_c5               =  1.80001e+00
d8_c5               =  1.80000e+00
d7_c5               =  1.80000e+00
d6_c5               =  1.80000e+00
d5_c5               =  1.80000e+00
d4_c5               =  1.80000e+00
d3_c5               =  1.80000e+00
d2_c5               =  1.80000e+00
d1_c5               =  1.80000e+00
d0_c5               =  1.80000e+00
busy_c1_p0          =  1.80000e+00
smpl_c1_p0          =  -2.60880e-04
busy_c1_p1          =  1.80000e+00
smpl_c1_p1          =  -1.47117e-05
busy_c1_p2          =  1.80000e+00
smpl_c1_p2          =  -9.72350e-06
busy_c1_p3          =  1.80000e+00
smpl_c1_p3          =  -1.44548e-05
busy_c1_p4          =  1.80000e+00
smpl_c1_p4          =  -1.44675e-05
busy_c1_p5          =  1.80000e+00
smpl_c1_p5          =  -1.44534e-05
busy_c1_p6          =  1.80000e+00
smpl_c1_p6          =  -1.44752e-05
busy_c1_p7          =  1.80000e+00
smpl_c1_p7          =  -1.44731e-05
busy_c1_p8          =  1.80000e+00
smpl_c1_p8          =  -1.44708e-05
busy_c1_p9          =  1.80000e+00
smpl_c1_p9          =  -1.44742e-05
busy_c1_p10         =  1.80000e+00
smpl_c1_p10         =  -1.44708e-05
busy_c1_p11         =  -4.89104e-07
smpl_c1_p11         =  1.80006e+00
busy_c2_p0          =  1.80000e+00
smpl_c2_p0          =  -2.61231e-04
busy_c2_p1          =  1.80000e+00
smpl_c2_p1          =  -1.44032e-05
busy_c2_p2          =  1.80000e+00
smpl_c2_p2          =  -1.42347e-05
busy_c2_p3          =  1.80000e+00
smpl_c2_p3          =  -1.43960e-05
busy_c2_p4          =  1.80000e+00
smpl_c2_p4          =  -1.43185e-05
busy_c2_p5          =  1.80000e+00
smpl_c2_p5          =  -1.42592e-05
busy_c2_p6          =  1.80000e+00
smpl_c2_p6          =  -1.42380e-05
busy_c2_p7          =  1.80000e+00
smpl_c2_p7          =  -1.42228e-05
busy_c2_p8          =  1.80000e+00
smpl_c2_p8          =  -1.42108e-05
busy_c2_p9          =  1.80000e+00
smpl_c2_p9          =  -1.42155e-05
busy_c2_p10         =  1.80000e+00
smpl_c2_p10         =  -1.42135e-05
busy_c2_p11         =  5.80247e-07
smpl_c2_p11         =  1.80006e+00
busy_c3_p0          =  1.80000e+00
smpl_c3_p0          =  -2.61074e-04
busy_c3_p1          =  1.80000e+00
smpl_c3_p1          =  -1.43765e-05
busy_c3_p2          =  1.80000e+00
smpl_c3_p2          =  -1.43972e-05
busy_c3_p3          =  1.80000e+00
smpl_c3_p3          =  -1.43427e-05
busy_c3_p4          =  1.80000e+00
smpl_c3_p4          =  -1.42466e-05
busy_c3_p5          =  1.80000e+00
smpl_c3_p5          =  -1.41736e-05
busy_c3_p6          =  1.80000e+00
smpl_c3_p6          =  -1.41452e-05
busy_c3_p7          =  1.80000e+00
smpl_c3_p7          =  -1.41211e-05
busy_c3_p8          =  1.80000e+00
smpl_c3_p8          =  -1.41109e-05
busy_c3_p9          =  1.80000e+00
smpl_c3_p9          =  -1.41130e-05
busy_c3_p10         =  1.80000e+00
smpl_c3_p10         =  -1.41054e-05
busy_c3_p11         =  5.71373e-07
smpl_c3_p11         =  1.80006e+00
busy_c4_p0          =  1.80000e+00
smpl_c4_p0          =  -2.61340e-04
busy_c4_p1          =  1.80000e+00
smpl_c4_p1          =  -1.44004e-05
busy_c4_p2          =  1.80000e+00
smpl_c4_p2          =  -1.42439e-05
busy_c4_p3          =  1.80000e+00
smpl_c4_p3          =  -1.44020e-05
busy_c4_p4          =  1.80000e+00
smpl_c4_p4          =  -1.43254e-05
busy_c4_p5          =  1.80000e+00
smpl_c4_p5          =  -1.42662e-05
busy_c4_p6          =  1.80000e+00
smpl_c4_p6          =  -1.42315e-05
busy_c4_p7          =  1.80000e+00
smpl_c4_p7          =  -1.42216e-05
busy_c4_p8          =  1.80000e+00
smpl_c4_p8          =  -1.42233e-05
busy_c4_p9          =  1.80000e+00
smpl_c4_p9          =  -1.42242e-05
busy_c4_p10         =  1.80000e+00
smpl_c4_p10         =  -1.42204e-05
busy_c4_p11         =  -6.31009e-08
smpl_c4_p11         =  1.80006e+00
busy_c5_p0          =  1.80000e+00
smpl_c5_p0          =  -2.61157e-04
busy_c5_p1          =  1.80000e+00
smpl_c5_p1          =  -1.46876e-05
busy_c5_p2          =  1.80000e+00
smpl_c5_p2          =  -9.85244e-06
busy_c5_p3          =  1.80000e+00
smpl_c5_p3          =  -6.02958e-06
busy_c5_p4          =  1.80000e+00
smpl_c5_p4          =  -7.29911e-06
busy_c5_p5          =  1.80000e+00
smpl_c5_p5          =  -9.02003e-06
busy_c5_p6          =  1.80000e+00
smpl_c5_p6          =  -1.06776e-05
busy_c5_p7          =  1.80000e+00
smpl_c5_p7          =  -1.18468e-05
busy_c5_p8          =  1.80000e+00
smpl_c5_p8          =  -1.25787e-05
busy_c5_p9          =  1.80000e+00
smpl_c5_p9          =  -1.30611e-05
busy_c5_p10         =  1.80000e+00
smpl_c5_p10         =  -1.33781e-05
busy_c5_p11         =  2.26870e-06
smpl_c5_p11         =  1.80006e+00
i_vdd               =  -2.11081e-06 from=  3.20000e-06 to=  4.20013e-06
i_vpwr              =  -6.69275e-06 from=  3.20000e-06 to=  4.20013e-06
i_vrefp             =  -6.49811e-06 from=  3.20000e-06 to=  4.20013e-06
i_vrefn             =  6.48210e-06 from=  3.20000e-06 to=  4.20013e-06
i_vcm               =  1.27373e-08 from=  3.20000e-06 to=  4.20013e-06
gnd_die_pp          =  0.00000e+00 from=  3.20000e-06 to=  4.20000e-06
gnd_die_max         =  0.00000e+00 at=  4.19985e-06
gnd_die_min         =  0.00000e+00 at=  4.19985e-06
vgnd_die_pp         =  0.00000e+00 from=  3.20000e-06 to=  4.20000e-06
vgnd_die_max        =  0.00000e+00 at=  4.19985e-06
vgnd_die_min        =  0.00000e+00 at=  4.19985e-06
vdd_die_pp          =  0.00000e+00 from=  3.20000e-06 to=  4.20000e-06
vdd_die_max         =  1.80000e+00 at=  4.19985e-06
vdd_die_min         =  1.80000e+00 at=  4.19985e-06
vpwr_die_pp         =  0.00000e+00 from=  3.20000e-06 to=  4.20000e-06
vpwr_die_max        =  1.80000e+00 at=  4.19985e-06
vpwr_die_min        =  1.80000e+00 at=  4.19985e-06
i_gnda              =  2.18571e-06 from=  3.20000e-06 to=  4.20013e-06
dm_c2_p0_topp       =  6.74820e-01
dm_c2_p0_topn       =  1.12623e+00
dm_c2_p0_comp       =  2.16523e-04
dm_c2_p0_dout       =  -1.25016e-04
dm_c2_p1_topp       =  6.74672e-01
dm_c2_p1_topn       =  2.31845e-01
dm_c2_p1_comp       =  1.79986e+00
dm_c2_p1_dout       =  4.64668e-05
dm_c2_p2_topp       =  6.74694e-01
dm_c2_p2_topn       =  6.77999e-01
dm_c2_p2_comp       =  1.57197e-03
dm_c2_p2_dout       =  1.80001e+00
dm_c2_p3_topp       =  6.74669e-01
dm_c2_p3_topn       =  4.54876e-01
dm_c2_p3_comp       =  1.79986e+00
dm_c2_p3_dout       =  4.36609e-05
dm_c2_p4_topp       =  6.74674e-01
dm_c2_p4_topn       =  5.66446e-01
dm_c2_p4_comp       =  1.79989e+00
dm_c2_p4_dout       =  5.84787e-05
dm_c2_p5_topp       =  6.74676e-01
dm_c2_p5_topn       =  6.22215e-01
dm_c2_p5_comp       =  1.79989e+00
dm_c2_p5_dout       =  3.05172e-05
dm_c2_p6_topp       =  6.74684e-01
dm_c2_p6_topn       =  6.50109e-01
dm_c2_p6_comp       =  1.79986e+00
dm_c2_p6_dout       =  5.81966e-05
dm_c2_p7_topp       =  6.74684e-01
dm_c2_p7_topn       =  6.64050e-01
dm_c2_p7_comp       =  1.79981e+00
dm_c2_p7_dout       =  2.75838e-05
dm_c2_p8_topp       =  6.74685e-01
dm_c2_p8_topn       =  6.71026e-01
dm_c2_p8_comp       =  1.79974e+00
dm_c2_p8_dout       =  -2.03068e-06
dm_c2_p9_topp       =  6.74686e-01
dm_c2_p9_topn       =  6.74510e-01
dm_c2_p9_comp       =  1.79888e+00
dm_c2_p9_dout       =  1.93476e-05
dm_code_c2_b0       =  1.80000e+00
dm_code_c2_b1       =  1.80000e+00
dm_code_c2_b2       =  1.80000e+00
dm_code_c2_b3       =  1.80000e+00
dm_code_c2_b4       =  1.80000e+00
dm_code_c2_b5       =  1.80000e+00
dm_code_c2_b6       =  1.80000e+00
dm_code_c2_b7       =  1.00998e-07
dm_code_c2_b8       =  1.80000e+00
dm_code_c2_b9       =  -6.87115e-07
dm_c3_p0_topp       =  9.00266e-01
dm_c3_p0_topn       =  9.00620e-01
dm_c3_p0_comp       =  4.24960e-06
dm_c3_p0_dout       =  -7.60005e-05
dm_c3_p1_topp       =  9.00259e-01
dm_c3_p1_topn       =  6.38871e-03
dm_c3_p1_comp       =  1.80002e+00
dm_c3_p1_dout       =  4.64154e-05
dm_c3_p2_topp       =  9.00278e-01
dm_c3_p2_topn       =  4.52538e-01
dm_c3_p2_comp       =  1.80002e+00
dm_c3_p2_dout       =  4.22097e-05
dm_c3_p3_topp       =  9.00273e-01
dm_c3_p3_topn       =  6.75707e-01
dm_c3_p3_comp       =  1.80002e+00
dm_c3_p3_dout       =  4.20279e-05
dm_c3_p4_topp       =  9.00271e-01
dm_c3_p4_topn       =  7.87285e-01
dm_c3_p4_comp       =  1.80001e+00
dm_c3_p4_dout       =  4.30794e-05
dm_c3_p5_topp       =  9.00275e-01
dm_c3_p5_topn       =  8.43083e-01
dm_c3_p5_comp       =  1.79999e+00
dm_c3_p5_dout       =  2.37428e-05
dm_c3_p6_topp       =  9.00268e-01
dm_c3_p6_topn       =  8.70977e-01
dm_c3_p6_comp       =  1.80000e+00
dm_c3_p6_dout       =  5.36768e-05
dm_c3_p7_topp       =  9.00267e-01
dm_c3_p7_topn       =  8.84925e-01
dm_c3_p7_comp       =  1.79999e+00
dm_c3_p7_dout       =  2.94981e-05
dm_c3_p8_topp       =  9.00271e-01
dm_c3_p8_topn       =  8.91904e-01
dm_c3_p8_comp       =  1.79996e+00
dm_c3_p8_dout       =  -6.37280e-07
dm_c3_p9_topp       =  9.00276e-01
dm_c3_p9_topn       =  8.95384e-01
dm_c3_p9_comp       =  1.79996e+00
dm_c3_p9_dout       =  1.86589e-05
dm_code_c3_b0       =  1.80000e+00
dm_code_c3_b1       =  1.80000e+00
dm_code_c3_b2       =  1.80000e+00
dm_code_c3_b3       =  1.80000e+00
dm_code_c3_b4       =  1.80000e+00
dm_code_c3_b5       =  1.80000e+00
dm_code_c3_b6       =  1.80000e+00
dm_code_c3_b7       =  1.80000e+00
dm_code_c3_b8       =  1.80000e+00
dm_code_c3_b9       =  -4.09579e-07
dm_c4_p0_topp       =  1.12587e+00
dm_c4_p0_topn       =  6.75197e-01
dm_c4_p0_comp       =  1.79992e+00
dm_c4_p0_dout       =  1.80012e+00
dm_c4_p1_topp       =  2.33219e-01
dm_c4_p1_topn       =  6.73331e-01
dm_c4_p1_comp       =  9.29585e-03
dm_c4_p1_dout       =  -1.93872e-04
dm_c4_p2_topp       =  6.79380e-01
dm_c4_p2_topn       =  6.73324e-01
dm_c4_p2_comp       =  1.79998e+00
dm_c4_p2_dout       =  1.80000e+00
dm_c4_p3_topp       =  4.56305e-01
dm_c4_p3_topn       =  6.73299e-01
dm_c4_p3_comp       =  8.97261e-03
dm_c4_p3_dout       =  -2.26624e-04
dm_c4_p4_topp       =  5.67826e-01
dm_c4_p4_topn       =  6.73304e-01
dm_c4_p4_comp       =  6.57876e-03
dm_c4_p4_dout       =  -3.57433e-04
dm_c4_p5_topp       =  6.23598e-01
dm_c4_p5_topn       =  6.73303e-01
dm_c4_p5_comp       =  7.28078e-03
dm_c4_p5_dout       =  1.14814e-04
dm_c4_p6_topp       =  6.51489e-01
dm_c4_p6_topn       =  6.73312e-01
dm_c4_p6_comp       =  9.46853e-03
dm_c4_p6_dout       =  -2.27543e-04
dm_c4_p7_topp       =  6.65439e-01
dm_c4_p7_topn       =  6.73302e-01
dm_c4_p7_comp       =  1.30318e-02
dm_c4_p7_dout       =  1.32102e-05
dm_c4_p8_topp       =  6.72411e-01
dm_c4_p8_topn       =  6.73316e-01
dm_c4_p8_comp       =  3.12011e-02
dm_c4_p8_dout       =  -1.03285e-04
dm_c4_p9_topp       =  6.75892e-01
dm_c4_p9_topn       =  6.73317e-01
dm_c4_p9_comp       =  1.79984e+00
dm_c4_p9_dout       =  1.80000e+00
dm_code_c4_b0       =  1.80000e+00
dm_code_c4_b1       =  6.88474e-09
dm_code_c4_b2       =  6.95548e-09
dm_code_c4_b3       =  6.95432e-09
dm_code_c4_b4       =  6.95312e-09
dm_code_c4_b5       =  6.64307e-09
dm_code_c4_b6       =  6.70381e-09
dm_code_c4_b7       =  1.80000e+00
dm_code_c4_b8       =  6.77261e-09
dm_code_c4_b9       =  1.80001e+00


Total analysis time (seconds) = 988.786

Total elapsed time (seconds) = 1007.497 

Total DRAM available = 31552.211 MB.
DRAM currently available = 11746.840 MB.
Maximum ngspice program size =  828.945 MB.
Current ngspice program size =  765.379 MB.

Shared ngspice pages =    8.156 MB.
Text (code) pages =    6.355 MB.
Stack = 0 bytes.
Library pages =  814.258 MB.

