
Note: Compatibility modes selected: hs a


Circuit: * sim/supply-impedance-sensitivity -- ground/supply-return impedance

option SCALE: Scale is set to 1e-06 for instance and model parameters
option SCALE: Scale is set to 1e-06 for instance and model parameters
option SCALE: Scale is set to 1e-06 for instance and model parameters
option SCALE: Scale is set to 1e-06 for instance and model parameters
Doing analysis at TEMP = 27.000000 and TNOM = 27.000000

Using KLU as Direct Linear Solver
 Reference value :  0.00000e+00
 Reference value :  4.00000e-11
 Reference value :  1.14000e-09
 Reference value :  5.14000e-09
 Reference value :  1.01400e-08
 Reference value :  1.46400e-08
 Reference value :  1.71400e-08
 Reference value :  2.03500e-08
 Reference value :  2.22500e-08
 Reference value :  2.47500e-08
 Reference value :  2.77500e-08
 Reference value :  3.17500e-08
 Reference value :  3.47500e-08
 Reference value :  3.67500e-08
 Reference value :  3.97500e-08
 Reference value :  4.22500e-08
 Reference value :  4.37500e-08
 Reference value :  4.62500e-08
 Reference value :  4.82500e-08
 Reference value :  5.12500e-08
 Reference value :  5.32500e-08
 Reference value :  5.57500e-08
 Reference value :  5.97500e-08
 Reference value :  6.27500e-08
 Reference value :  6.47500e-08
 Reference value :  6.82500e-08
 Reference value :  6.92500e-08
 Reference value :  7.22500e-08
 Reference value :  7.32500e-08
 Reference value :  7.57500e-08
 Reference value :  7.92500e-08
 Reference value :  8.27500e-08
 Reference value :  8.47500e-08
 Reference value :  8.72500e-08
 Reference value :  8.92500e-08
 Reference value :  9.22500e-08
 Reference value :  9.52500e-08
 Reference value :  9.82500e-08
 Reference value :  1.00750e-07
 Reference value :  1.04250e-07
 Reference value :  1.09750e-07
 Reference value :  1.14250e-07
 Reference value :  1.16750e-07
 Reference value :  1.21750e-07
 Reference value :  1.25750e-07
 Reference value :  1.30250e-07
 Reference value :  1.33250e-07
 Reference value :  1.36750e-07
 Reference value :  1.39250e-07
 Reference value :  1.43250e-07
 Reference value :  1.46750e-07
 Reference value :  1.49250e-07
 Reference value :  1.52250e-07
 Reference value :  1.54250e-07
 Reference value :  1.59250e-07
 Reference value :  1.62750e-07
 Reference value :  1.65750e-07
 Reference value :  1.68250e-07
 Reference value :  1.73250e-07
 Reference value :  1.78750e-07
 Reference value :  1.81250e-07
 Reference value :  1.86750e-07
 Reference value :  1.89750e-07
 Reference value :  1.93750e-07
 Reference value :  1.98250e-07
 Reference value :  2.00141e-07
 Reference value :  2.00321e-07
 Reference value :  2.00529e-07
 Reference value :  2.00770e-07
 Reference value :  2.01087e-07
 Reference value :  2.01626e-07
 Reference value :  2.03408e-07
 Reference value :  2.04408e-07
 Reference value :  2.05908e-07
 Reference value :  2.07408e-07
 Reference value :  2.08908e-07
 Reference value :  2.11408e-07
 Reference value :  2.13408e-07
 Reference value :  2.17408e-07
 Reference value :  2.20408e-07
 Reference value :  2.21908e-07
 Reference value :  2.25908e-07
 Reference value :  2.27408e-07
 Reference value :  2.28408e-07
 Reference value :  2.31408e-07
 Reference value :  2.33908e-07
 Reference value :  2.37908e-07
 Reference value :  2.39908e-07
 Reference value :  2.41842e-07
 Reference value :  2.42746e-07
 Reference value :  2.43515e-07
 Reference value :  2.43958e-07
 Reference value :  2.46060e-07
 Reference value :  2.49560e-07
 Reference value :  2.52060e-07
 Reference value :  2.53560e-07
 Reference value :  2.57060e-07
 Reference value :  2.59060e-07
 Reference value :  2.62560e-07
 Reference value :  2.65560e-07
 Reference value :  2.68060e-07
 Reference value :  2.70560e-07
 Reference value :  2.74560e-07
 Reference value :  2.77560e-07
 Reference value :  2.80060e-07
 Reference value :  2.82983e-07
 Reference value :  2.83445e-07
 Reference value :  2.83845e-07
 Reference value :  2.83946e-07
 Reference value :  2.84189e-07
 Reference value :  2.84531e-07
 Reference value :  2.84910e-07
 Reference value :  2.85796e-07
 Reference value :  2.87296e-07
 Reference value :  2.88796e-07
 Reference value :  2.91796e-07
 Reference value :  2.93796e-07
 Reference value :  2.96796e-07
 Reference value :  3.00296e-07
 Reference value :  3.03296e-07
 Reference value :  3.06296e-07
 Reference value :  3.09796e-07
 Reference value :  3.11796e-07
 Reference value :  3.15796e-07
 Reference value :  3.17296e-07
 Reference value :  3.20796e-07
 Reference value :  3.24148e-07
 Reference value :  3.24650e-07
 Reference value :  3.25500e-07
 Reference value :  3.25813e-07
 Reference value :  3.27150e-07
 Reference value :  3.29135e-07
 Reference value :  3.32635e-07
 Reference value :  3.36635e-07
 Reference value :  3.38635e-07
 Reference value :  3.42635e-07
 Reference value :  3.46135e-07
 Reference value :  3.49635e-07
 Reference value :  3.51635e-07
 Reference value :  3.52635e-07
 Reference value :  3.54135e-07
 Reference value :  3.56635e-07
 Reference value :  3.59135e-07
 Reference value :  3.62135e-07
 Reference value :  3.63635e-07
 Reference value :  3.65901e-07
 Reference value :  3.66317e-07
 Reference value :  3.66791e-07
 Reference value :  3.66979e-07
 Reference value :  3.67167e-07
 Reference value :  3.67279e-07
 Reference value :  3.67368e-07
 Reference value :  3.67655e-07
 Reference value :  3.69131e-07
 Reference value :  3.71631e-07
 Reference value :  3.73131e-07
 Reference value :  3.74631e-07
 Reference value :  3.78131e-07
 Reference value :  3.79631e-07
 Reference value :  3.82131e-07
 Reference value :  3.83131e-07
 Reference value :  3.84131e-07
 Reference value :  3.85131e-07
 Reference value :  3.88131e-07
 Reference value :  3.89631e-07
 Reference value :  3.91131e-07
 Reference value :  3.92631e-07
 Reference value :  3.94131e-07
 Reference value :  3.97131e-07
 Reference value :  4.00131e-07
 Reference value :  4.02131e-07
 Reference value :  4.04631e-07
 Reference value :  4.07131e-07
 Reference value :  4.07883e-07
 Reference value :  4.08508e-07
 Reference value :  4.08833e-07
 Reference value :  4.08967e-07
 Reference value :  4.09406e-07
 Reference value :  4.10067e-07
 Reference value :  4.10873e-07
 Reference value :  4.12873e-07
 Reference value :  4.14373e-07
 Reference value :  4.15873e-07
 Reference value :  4.17873e-07
 Reference value :  4.19373e-07
 Reference value :  4.22373e-07
 Reference value :  4.23373e-07
 Reference value :  4.25373e-07
 Reference value :  4.26873e-07
 Reference value :  4.28373e-07
 Reference value :  4.30373e-07
 Reference value :  4.31873e-07
 Reference value :  4.33373e-07
 Reference value :  4.35373e-07
 Reference value :  4.37373e-07
 Reference value :  4.39873e-07
 Reference value :  4.41873e-07
 Reference value :  4.43373e-07
 Reference value :  4.45373e-07
 Reference value :  4.46873e-07
 Reference value :  4.49186e-07
 Reference value :  4.49650e-07
 Reference value :  4.50124e-07
 Reference value :  4.50538e-07
 Reference value :  4.50763e-07
 Reference value :  4.51103e-07
 Reference value :  4.51222e-07
 Reference value :  4.51588e-07
 Reference value :  4.52250e-07
 Reference value :  4.53750e-07
 Reference value :  4.55250e-07
 Reference value :  4.57250e-07
 Reference value :  4.59250e-07
 Reference value :  4.61250e-07
 Reference value :  4.62750e-07
 Reference value :  4.65250e-07
 Reference value :  4.66750e-07
 Reference value :  4.69750e-07
 Reference value :  4.70750e-07
 Reference value :  4.73250e-07
 Reference value :  4.74250e-07
 Reference value :  4.77250e-07
 Reference value :  4.78750e-07
 Reference value :  4.80250e-07
 Reference value :  4.81250e-07
 Reference value :  4.82750e-07
 Reference value :  4.84250e-07
 Reference value :  4.85750e-07
 Reference value :  4.87250e-07
 Reference value :  4.89250e-07
 Reference value :  4.91217e-07
 Reference value :  4.91842e-07
 Reference value :  4.92301e-07
 Reference value :  4.92759e-07
 Reference value :  4.94333e-07
 Reference value :  4.95833e-07
 Reference value :  4.97333e-07
 Reference value :  5.00333e-07
 Reference value :  5.02833e-07
 Reference value :  5.04333e-07
 Reference value :  5.06833e-07
 Reference value :  5.08333e-07
 Reference value :  5.10333e-07
 Reference value :  5.11833e-07
 Reference value :  5.13333e-07
 Reference value :  5.15333e-07
 Reference value :  5.17833e-07
 Reference value :  5.19833e-07
 Reference value :  5.21833e-07
 Reference value :  5.23333e-07
 Reference value :  5.25833e-07
 Reference value :  5.26833e-07
 Reference value :  5.28333e-07
 Reference value :  5.29833e-07
 Reference value :  5.31333e-07
 Reference value :  5.32583e-07
 Reference value :  5.33183e-07
 Reference value :  5.33457e-07
 Reference value :  5.33833e-07
 Reference value :  5.34035e-07
 Reference value :  5.34322e-07
 Reference value :  5.34780e-07
 Reference value :  5.35467e-07
 Reference value :  5.36967e-07
 Reference value :  5.38467e-07
 Reference value :  5.40467e-07
 Reference value :  5.41967e-07
 Reference value :  5.42967e-07
 Reference value :  5.44467e-07
 Reference value :  5.45967e-07
 Reference value :  5.47467e-07
 Reference value :  5.49467e-07
 Reference value :  5.50967e-07
 Reference value :  5.52967e-07
 Reference value :  5.54467e-07
 Reference value :  5.57467e-07
 Reference value :  5.58967e-07
 Reference value :  5.59967e-07
 Reference value :  5.61467e-07
 Reference value :  5.63467e-07
 Reference value :  5.64467e-07
 Reference value :  5.67467e-07
 Reference value :  5.69967e-07
 Reference value :  5.72467e-07
 Reference value :  5.73967e-07
 Reference value :  5.74550e-07
 Reference value :  5.75175e-07
 Reference value :  5.75545e-07
 Reference value :  5.76077e-07
 Reference value :  5.76743e-07
 Reference value :  5.78605e-07
 Reference value :  5.79605e-07
 Reference value :  5.83105e-07
 Reference value :  5.84605e-07
 Reference value :  5.86105e-07
 Reference value :  5.87105e-07
 Reference value :  5.88605e-07
 Reference value :  5.90105e-07
 Reference value :  5.91105e-07
 Reference value :  5.94105e-07
 Reference value :  5.95105e-07
 Reference value :  5.98605e-07
 Reference value :  6.00105e-07
 Reference value :  6.03105e-07
 Reference value :  6.04605e-07
 Reference value :  6.06105e-07
 Reference value :  6.07605e-07
 Reference value :  6.09105e-07
 Reference value :  6.11105e-07
 Reference value :  6.13105e-07
 Reference value :  6.15105e-07
 Reference value :  6.16167e-07
 Reference value :  6.16790e-07
 Reference value :  6.17167e-07
 Reference value :  6.17430e-07
 Reference value :  6.17766e-07
 Reference value :  6.17989e-07
 Reference value :  6.18432e-07
 Reference value :  6.18904e-07
 Reference value :  6.19904e-07
 Reference value :  6.20904e-07
 Reference value :  6.22404e-07
 Reference value :  6.23404e-07
 Reference value :  6.24904e-07
 Reference value :  6.27404e-07
 Reference value :  6.28904e-07
 Reference value :  6.30404e-07
 Reference value :  6.32904e-07
 Reference value :  6.35404e-07
 Reference value :  6.38404e-07
 Reference value :  6.40404e-07
 Reference value :  6.41904e-07
 Reference value :  6.43404e-07
 Reference value :  6.46404e-07
 Reference value :  6.49404e-07
 Reference value :  6.51404e-07
 Reference value :  6.53404e-07
 Reference value :  6.56404e-07
 Reference value :  6.57983e-07
 Reference value :  6.58508e-07
 Reference value :  6.58833e-07
 Reference value :  6.58967e-07
 Reference value :  6.59417e-07
 Reference value :  6.60094e-07
 Reference value :  6.60962e-07
 Reference value :  6.62462e-07
 Reference value :  6.63962e-07
 Reference value :  6.65462e-07
 Reference value :  6.69462e-07
 Reference value :  6.70962e-07
 Reference value :  6.73962e-07
 Reference value :  6.75462e-07
 Reference value :  6.78462e-07
 Reference value :  6.80962e-07
 Reference value :  6.82462e-07
 Reference value :  6.83962e-07
 Reference value :  6.85462e-07
 Reference value :  6.87462e-07
 Reference value :  6.88462e-07
 Reference value :  6.89962e-07
 Reference value :  6.91462e-07
 Reference value :  6.92462e-07
 Reference value :  6.93462e-07
 Reference value :  6.94962e-07
 Reference value :  6.96462e-07
 Reference value :  6.96962e-07
 Reference value :  6.97462e-07
 Reference value :  6.99231e-07
 Reference value :  6.99850e-07
 Reference value :  7.00087e-07
 Reference value :  7.00537e-07
 Reference value :  7.00757e-07
 Reference value :  7.01023e-07
 Reference value :  7.01300e-07
 Reference value :  7.01941e-07
 Reference value :  7.02703e-07
 Reference value :  7.03703e-07
 Reference value :  7.05203e-07
 Reference value :  7.06703e-07
 Reference value :  7.07703e-07
 Reference value :  7.09203e-07
 Reference value :  7.10703e-07
 Reference value :  7.14703e-07
 Reference value :  7.16203e-07
 Reference value :  7.19203e-07
 Reference value :  7.20703e-07
 Reference value :  7.22703e-07
 Reference value :  7.25703e-07
 Reference value :  7.27703e-07
 Reference value :  7.29203e-07
 Reference value :  7.30203e-07
 Reference value :  7.32203e-07
 Reference value :  7.34203e-07
 Reference value :  7.35203e-07
 Reference value :  7.36203e-07
 Reference value :  7.39703e-07
 Reference value :  7.41317e-07
 Reference value :  7.41842e-07
 Reference value :  7.42211e-07
 Reference value :  7.42755e-07
 Reference value :  7.43438e-07
 Reference value :  7.44311e-07
 Reference value :  7.45811e-07
 Reference value :  7.47311e-07
 Reference value :  7.49311e-07
 Reference value :  7.50811e-07
 Reference value :  7.53311e-07
 Reference value :  7.55311e-07
 Reference value :  7.56811e-07
 Reference value :  7.59311e-07
 Reference value :  7.60811e-07
 Reference value :  7.62811e-07
 Reference value :  7.64311e-07
 Reference value :  7.65811e-07
 Reference value :  7.67311e-07
 Reference value :  7.68811e-07
 Reference value :  7.70311e-07
 Reference value :  7.72311e-07
 Reference value :  7.74311e-07
 Reference value :  7.75311e-07
 Reference value :  7.77811e-07
 Reference value :  7.78811e-07
 Reference value :  7.80311e-07
 Reference value :  7.81811e-07
 Reference value :  7.82883e-07
 Reference value :  7.83418e-07
 Reference value :  7.83833e-07
 Reference value :  7.83953e-07
 Reference value :  7.84116e-07
 Reference value :  7.84352e-07
 Reference value :  7.84955e-07
 Reference value :  7.88318e-07
 Reference value :  7.90318e-07
 Reference value :  7.91318e-07
 Reference value :  7.92818e-07
 Reference value :  7.95318e-07
 Reference value :  7.97818e-07
 Reference value :  7.99818e-07
 Reference value :  8.01818e-07
 Reference value :  8.03818e-07
 Reference value :  8.05318e-07
 Reference value :  8.07318e-07
 Reference value :  8.08818e-07
 Reference value :  8.12318e-07
 Reference value :  8.15318e-07
 Reference value :  8.16818e-07
 Reference value :  8.19818e-07
 Reference value :  8.22818e-07
 Reference value :  8.24500e-07
 Reference value :  8.24650e-07
 Reference value :  8.25500e-07
 Reference value :  8.26086e-07
 Reference value :  8.26765e-07
 Reference value :  8.28135e-07
 Reference value :  8.29635e-07
 Reference value :  8.31635e-07
 Reference value :  8.34135e-07
 Reference value :  8.35635e-07
 Reference value :  8.36635e-07
 Reference value :  8.37635e-07
 Reference value :  8.39135e-07
 Reference value :  8.40635e-07
 Reference value :  8.42135e-07
 Reference value :  8.44635e-07
 Reference value :  8.47135e-07
 Reference value :  8.48635e-07
 Reference value :  8.50135e-07
 Reference value :  8.51135e-07
 Reference value :  8.52635e-07
 Reference value :  8.54135e-07
 Reference value :  8.56135e-07
 Reference value :  8.57135e-07
 Reference value :  8.59135e-07
 Reference value :  8.60635e-07
 Reference value :  8.63635e-07
 Reference value :  8.65135e-07
 Reference value :  8.66217e-07
 Reference value :  8.66751e-07
 Reference value :  8.67167e-07
 Reference value :  8.67244e-07
 Reference value :  8.67351e-07
 Reference value :  8.67638e-07
 Reference value :  8.68372e-07
 Reference value :  8.69852e-07
 Reference value :  8.70852e-07
 Reference value :  8.72352e-07
 Reference value :  8.75852e-07
 Reference value :  8.77352e-07
 Reference value :  8.79352e-07
 Reference value :  8.81852e-07
 Reference value :  8.83352e-07
 Reference value :  8.84852e-07
 Reference value :  8.86852e-07
 Reference value :  8.88352e-07
 Reference value :  8.89852e-07
 Reference value :  8.92852e-07
 Reference value :  8.94852e-07
 Reference value :  8.96352e-07
 Reference value :  8.99852e-07
 Reference value :  9.02352e-07
 Reference value :  9.04852e-07
 Reference value :  9.06352e-07
 Reference value :  9.07883e-07
 Reference value :  9.08508e-07
 Reference value :  9.09146e-07
 Reference value :  9.09418e-07
 Reference value :  9.10965e-07
 Reference value :  9.11965e-07
 Reference value :  9.13465e-07
 Reference value :  9.14465e-07
 Reference value :  9.16465e-07
 Reference value :  9.17465e-07
 Reference value :  9.19965e-07
 Reference value :  9.21965e-07
 Reference value :  9.24965e-07
 Reference value :  9.26465e-07
 Reference value :  9.28465e-07
 Reference value :  9.30965e-07
 Reference value :  9.31965e-07
 Reference value :  9.32965e-07
 Reference value :  9.33965e-07
 Reference value :  9.35965e-07
 Reference value :  9.37465e-07
 Reference value :  9.40465e-07
 Reference value :  9.42465e-07
 Reference value :  9.45465e-07
 Reference value :  9.48465e-07
 Reference value :  9.49650e-07
 Reference value :  9.50085e-07
 Reference value :  9.50500e-07
 Reference value :  9.50593e-07
 Reference value :  9.50821e-07
 Reference value :  9.51408e-07
 Reference value :  9.54008e-07
 Reference value :  9.56508e-07
 Reference value :  9.58508e-07
 Reference value :  9.61008e-07
 Reference value :  9.64008e-07
 Reference value :  9.65508e-07
 Reference value :  9.67008e-07
 Reference value :  9.69008e-07
 Reference value :  9.70508e-07
 Reference value :  9.73508e-07
 Reference value :  9.76508e-07
 Reference value :  9.78508e-07
 Reference value :  9.80008e-07
 Reference value :  9.81508e-07
 Reference value :  9.83508e-07
 Reference value :  9.85508e-07
 Reference value :  9.87008e-07
 Reference value :  9.88008e-07
 Reference value :  9.89508e-07
 Reference value :  9.90837e-07
 Reference value :  9.91217e-07
 Reference value :  9.91842e-07
 Reference value :  9.92211e-07
 Reference value :  9.92751e-07
 Reference value :  9.93428e-07
 Reference value :  9.96296e-07
 Reference value :  9.97796e-07
 Reference value :  9.99796e-07
 Reference value :  1.00130e-06
 Reference value :  1.00430e-06
 Reference value :  1.00580e-06
 Reference value :  1.00830e-06
 Reference value :  1.00980e-06
 Reference value :  1.01330e-06
 Reference value :  1.01480e-06
 Reference value :  1.01630e-06
 Reference value :  1.01730e-06
 Reference value :  1.02030e-06
 Reference value :  1.02130e-06
 Reference value :  1.02280e-06
 Reference value :  1.02430e-06
 Reference value :  1.02630e-06
 Reference value :  1.02780e-06
 Reference value :  1.03030e-06
 Reference value :  1.03180e-06
 Reference value :  1.03283e-06
 Reference value :  1.03342e-06
 Reference value :  1.03363e-06
 Reference value :  1.03392e-06
 Reference value :  1.03402e-06
 Reference value :  1.03412e-06
 Reference value :  1.03422e-06
 Reference value :  1.03434e-06
 Reference value :  1.03460e-06
 Reference value :  1.03644e-06
 Reference value :  1.03994e-06
 Reference value :  1.04294e-06
 Reference value :  1.04544e-06
 Reference value :  1.04844e-06
 Reference value :  1.04994e-06
 Reference value :  1.05294e-06
 Reference value :  1.05444e-06
 Reference value :  1.05694e-06
 Reference value :  1.06094e-06
 Reference value :  1.06244e-06
 Reference value :  1.06394e-06
 Reference value :  1.06794e-06
 Reference value :  1.06994e-06
 Reference value :  1.07294e-06
 Reference value :  1.07485e-06
 Reference value :  1.07554e-06
 Reference value :  1.07608e-06
 Reference value :  1.07676e-06
 Reference value :  1.07963e-06
 Reference value :  1.08113e-06
 Reference value :  1.08263e-06
 Reference value :  1.08413e-06
 Reference value :  1.08563e-06
 Reference value :  1.08963e-06
 Reference value :  1.09313e-06
 Reference value :  1.09663e-06
 Reference value :  1.09813e-06
 Reference value :  1.10113e-06
 Reference value :  1.10363e-06
 Reference value :  1.10563e-06
 Reference value :  1.10963e-06
 Reference value :  1.11213e-06
 Reference value :  1.11413e-06
 Reference value :  1.11513e-06
 Reference value :  1.11632e-06
 Reference value :  1.11675e-06
 Reference value :  1.11696e-06
 Reference value :  1.11720e-06
 Reference value :  1.11737e-06
 Reference value :  1.11756e-06
 Reference value :  1.11774e-06
 Reference value :  1.11802e-06
 Reference value :  1.11825e-06
 Reference value :  1.12034e-06
 Reference value :  1.12184e-06
 Reference value :  1.12434e-06
 Reference value :  1.12634e-06
 Reference value :  1.12934e-06
 Reference value :  1.13134e-06
 Reference value :  1.13284e-06
 Reference value :  1.13484e-06
 Reference value :  1.13584e-06
 Reference value :  1.13784e-06
 Reference value :  1.14034e-06
 Reference value :  1.14184e-06
 Reference value :  1.14334e-06
 Reference value :  1.14484e-06
 Reference value :  1.14634e-06
 Reference value :  1.14734e-06
 Reference value :  1.14834e-06
 Reference value :  1.14984e-06
 Reference value :  1.15084e-06
 Reference value :  1.15184e-06
 Reference value :  1.15334e-06
 Reference value :  1.15434e-06
 Reference value :  1.15584e-06
 Reference value :  1.15684e-06
 Reference value :  1.15788e-06
 Reference value :  1.15851e-06
 Reference value :  1.15898e-06
 Reference value :  1.15947e-06
 Reference value :  1.15999e-06
 Reference value :  1.16042e-06
 Reference value :  1.16189e-06
 Reference value :  1.16339e-06
 Reference value :  1.16539e-06
 Reference value :  1.16739e-06
 Reference value :  1.17089e-06
 Reference value :  1.17189e-06
 Reference value :  1.17439e-06
 Reference value :  1.17589e-06
 Reference value :  1.17739e-06
 Reference value :  1.17939e-06
 Reference value :  1.18089e-06
 Reference value :  1.18489e-06
 Reference value :  1.18639e-06
 Reference value :  1.18889e-06
 Reference value :  1.19139e-06
 Reference value :  1.19489e-06
 Reference value :  1.19839e-06
 Reference value :  1.19985e-06
 Reference value :  1.20013e-06
 Reference value :  1.20053e-06
 Reference value :  1.20068e-06
 Reference value :  1.20097e-06
 Reference value :  1.20125e-06
 Reference value :  1.20210e-06
 Reference value :  1.20409e-06
 Reference value :  1.20609e-06
 Reference value :  1.20809e-06
 Reference value :  1.20909e-06
 Reference value :  1.21009e-06
 Reference value :  1.21159e-06
 Reference value :  1.21309e-06
 Reference value :  1.21409e-06
 Reference value :  1.21559e-06
 Reference value :  1.21709e-06
 Reference value :  1.21909e-06
 Reference value :  1.22059e-06
 Reference value :  1.22359e-06
 Reference value :  1.22609e-06
 Reference value :  1.23009e-06
 Reference value :  1.23309e-06
 Reference value :  1.23609e-06
 Reference value :  1.23759e-06
 Reference value :  1.24009e-06
 Reference value :  1.24117e-06
 Reference value :  1.24184e-06
 Reference value :  1.24230e-06
 Reference value :  1.24275e-06
 Reference value :  1.24333e-06
 Reference value :  1.24356e-06
 Reference value :  1.24404e-06
 Reference value :  1.24579e-06
 Reference value :  1.24729e-06
 Reference value :  1.24829e-06
 Reference value :  1.25029e-06
 Reference value :  1.25329e-06
 Reference value :  1.25529e-06
 Reference value :  1.25929e-06
 Reference value :  1.26279e-06
 Reference value :  1.26629e-06
 Reference value :  1.26979e-06
 Reference value :  1.27129e-06
 Reference value :  1.27379e-06
 Reference value :  1.27679e-06
 Reference value :  1.27929e-06
 Reference value :  1.28256e-06
 Reference value :  1.28344e-06
 Reference value :  1.28364e-06
 Reference value :  1.28391e-06
 Reference value :  1.28400e-06
 Reference value :  1.28440e-06
 Reference value :  1.28481e-06
 Reference value :  1.28556e-06
 Reference value :  1.28633e-06
 Reference value :  1.28883e-06
 Reference value :  1.29133e-06
 Reference value :  1.29333e-06
 Reference value :  1.29633e-06
 Reference value :  1.29883e-06
 Reference value :  1.30133e-06
 Reference value :  1.30433e-06
 Reference value :  1.30783e-06
 Reference value :  1.31033e-06
 Reference value :  1.31333e-06
 Reference value :  1.31483e-06
 Reference value :  1.31783e-06
 Reference value :  1.32033e-06
 Reference value :  1.32233e-06
 Reference value :  1.32455e-06
 Reference value :  1.32517e-06
 Reference value :  1.32563e-06
 Reference value :  1.32640e-06
 Reference value :  1.32668e-06
 Reference value :  1.32749e-06
 Reference value :  1.32949e-06
 Reference value :  1.33249e-06
 Reference value :  1.33449e-06
 Reference value :  1.33549e-06
 Reference value :  1.33749e-06
 Reference value :  1.34049e-06
 Reference value :  1.34249e-06
 Reference value :  1.34599e-06
 Reference value :  1.34849e-06
 Reference value :  1.35199e-06
 Reference value :  1.35599e-06
 Reference value :  1.35749e-06
 Reference value :  1.36049e-06
 Reference value :  1.36399e-06
 Reference value :  1.36622e-06
 Reference value :  1.36679e-06
 Reference value :  1.36717e-06
 Reference value :  1.36777e-06
 Reference value :  1.36811e-06
 Reference value :  1.36890e-06
 Reference value :  1.37190e-06
 Reference value :  1.37490e-06
 Reference value :  1.37740e-06
 Reference value :  1.38090e-06
 Reference value :  1.38440e-06
 Reference value :  1.38640e-06
 Reference value :  1.38940e-06
 Reference value :  1.39340e-06
 Reference value :  1.39590e-06
 Reference value :  1.39890e-06
 Reference value :  1.40290e-06
 Reference value :  1.40640e-06
 Reference value :  1.40818e-06
 Reference value :  1.40888e-06
 Reference value :  1.41039e-06
 Reference value :  1.41289e-06
 Reference value :  1.41539e-06
 Reference value :  1.41789e-06
 Reference value :  1.42139e-06
 Reference value :  1.42289e-06
 Reference value :  1.42489e-06
 Reference value :  1.42789e-06
 Reference value :  1.43039e-06
 Reference value :  1.43289e-06
 Reference value :  1.43439e-06
 Reference value :  1.43739e-06
 Reference value :  1.43939e-06
 Reference value :  1.44139e-06
 Reference value :  1.44339e-06
 Reference value :  1.44639e-06
 Reference value :  1.44920e-06
 Reference value :  1.45012e-06
 Reference value :  1.45050e-06
 Reference value :  1.45080e-06
 Reference value :  1.45248e-06
 Reference value :  1.45448e-06
 Reference value :  1.45798e-06
 Reference value :  1.45998e-06
 Reference value :  1.46348e-06
 Reference value :  1.46648e-06
 Reference value :  1.46898e-06
 Reference value :  1.47198e-06
 Reference value :  1.47598e-06
 Reference value :  1.47798e-06
 Reference value :  1.47948e-06
 Reference value :  1.48298e-06
 Reference value :  1.48648e-06
 Reference value :  1.48948e-06
 Reference value :  1.49082e-06
 Reference value :  1.49184e-06
 Reference value :  1.49248e-06
 Reference value :  1.49350e-06
 Reference value :  1.49590e-06
 Reference value :  1.49840e-06
 Reference value :  1.50090e-06
 Reference value :  1.50290e-06
 Reference value :  1.50690e-06
 Reference value :  1.50890e-06
 Reference value :  1.51190e-06
 Reference value :  1.51490e-06
 Reference value :  1.51790e-06
 Reference value :  1.51990e-06
 Reference value :  1.52090e-06
 Reference value :  1.52390e-06
 Reference value :  1.52640e-06
 Reference value :  1.52840e-06
 Reference value :  1.53190e-06
 Reference value :  1.53346e-06
 Reference value :  1.53387e-06
 Reference value :  1.53403e-06
 Reference value :  1.53477e-06
 Reference value :  1.53776e-06
 Reference value :  1.54076e-06
 Reference value :  1.54426e-06
 Reference value :  1.54726e-06
 Reference value :  1.54976e-06
 Reference value :  1.55376e-06
 Reference value :  1.55576e-06
 Reference value :  1.55826e-06
 Reference value :  1.55976e-06
 Reference value :  1.56226e-06
 Reference value :  1.56376e-06
 Reference value :  1.56526e-06
 Reference value :  1.56776e-06
 Reference value :  1.56976e-06
 Reference value :  1.57326e-06
 Reference value :  1.57465e-06
 Reference value :  1.57550e-06
 Reference value :  1.57608e-06
 Reference value :  1.57714e-06
 Reference value :  1.58013e-06
 Reference value :  1.58313e-06
 Reference value :  1.58513e-06
 Reference value :  1.58913e-06
 Reference value :  1.59113e-06
 Reference value :  1.59413e-06
 Reference value :  1.59713e-06
 Reference value :  1.59863e-06
 Reference value :  1.60213e-06
 Reference value :  1.60563e-06
 Reference value :  1.60863e-06
 Reference value :  1.61113e-06
 Reference value :  1.61413e-06
 Reference value :  1.61622e-06
 Reference value :  1.61679e-06
 Reference value :  1.61700e-06
 Reference value :  1.61711e-06
 Reference value :  1.61722e-06
 Reference value :  1.61752e-06
 Reference value :  1.61813e-06
 Reference value :  1.61975e-06
 Reference value :  1.62125e-06
 Reference value :  1.62425e-06
 Reference value :  1.62675e-06
 Reference value :  1.62975e-06
 Reference value :  1.63275e-06
 Reference value :  1.63425e-06
 Reference value :  1.63725e-06
 Reference value :  1.64125e-06
 Reference value :  1.64225e-06
 Reference value :  1.64525e-06
 Reference value :  1.64725e-06
 Reference value :  1.64925e-06
 Reference value :  1.65125e-06
 Reference value :  1.65375e-06
 Reference value :  1.65625e-06
 Reference value :  1.65754e-06
 Reference value :  1.65851e-06
 Reference value :  1.65915e-06
 Reference value :  1.65941e-06
 Reference value :  1.66094e-06
 Reference value :  1.66294e-06
 Reference value :  1.66544e-06
 Reference value :  1.66944e-06
 Reference value :  1.67194e-06
 Reference value :  1.67394e-06
 Reference value :  1.67544e-06
 Reference value :  1.67594e-06
 Reference value :  1.67694e-06
 Reference value :  1.67994e-06
 Reference value :  1.68294e-06
 Reference value :  1.68544e-06
 Reference value :  1.68744e-06
 Reference value :  1.68944e-06
 Reference value :  1.69294e-06
 Reference value :  1.69594e-06
 Reference value :  1.69794e-06
 Reference value :  1.69950e-06
 Reference value :  1.69985e-06
 Reference value :  1.70029e-06
 Reference value :  1.70075e-06
 Reference value :  1.70111e-06
 Reference value :  1.70136e-06
 Reference value :  1.70182e-06
 Reference value :  1.70332e-06
 Reference value :  1.70532e-06
 Reference value :  1.70782e-06
 Reference value :  1.71032e-06
 Reference value :  1.71332e-06
 Reference value :  1.71582e-06
 Reference value :  1.71782e-06
 Reference value :  1.72082e-06
 Reference value :  1.72332e-06
 Reference value :  1.72532e-06
 Reference value :  1.72732e-06
 Reference value :  1.73032e-06
 Reference value :  1.73282e-06
 Reference value :  1.73482e-06
 Reference value :  1.73832e-06
 Reference value :  1.74032e-06
 Reference value :  1.74184e-06
 Reference value :  1.74221e-06
 Reference value :  1.74342e-06
 Reference value :  1.74629e-06
 Reference value :  1.74829e-06
 Reference value :  1.75029e-06
 Reference value :  1.75329e-06
 Reference value :  1.75529e-06
 Reference value :  1.75679e-06
 Reference value :  1.75879e-06
 Reference value :  1.76029e-06
 Reference value :  1.76129e-06
 Reference value :  1.76279e-06
 Reference value :  1.76429e-06
 Reference value :  1.76729e-06
 Reference value :  1.76929e-06
 Reference value :  1.77079e-06
 Reference value :  1.77329e-06
 Reference value :  1.77629e-06
 Reference value :  1.77979e-06
 Reference value :  1.78288e-06
 Reference value :  1.78342e-06
 Reference value :  1.78383e-06
 Reference value :  1.78397e-06
 Reference value :  1.78438e-06
 Reference value :  1.78474e-06
 Reference value :  1.78561e-06
 Reference value :  1.78761e-06
 Reference value :  1.78861e-06
 Reference value :  1.79061e-06
 Reference value :  1.79261e-06
 Reference value :  1.79611e-06
 Reference value :  1.79861e-06
 Reference value :  1.80061e-06
 Reference value :  1.80261e-06
 Reference value :  1.80511e-06
 Reference value :  1.80861e-06
 Reference value :  1.81211e-06
 Reference value :  1.81461e-06
 Reference value :  1.81811e-06
 Reference value :  1.82011e-06
 Reference value :  1.82211e-06
 Reference value :  1.82450e-06
 Reference value :  1.82465e-06
 Reference value :  1.82550e-06
 Reference value :  1.82581e-06
 Reference value :  1.82676e-06
 Reference value :  1.83013e-06
 Reference value :  1.83313e-06
 Reference value :  1.83563e-06
 Reference value :  1.83813e-06
 Reference value :  1.84063e-06
 Reference value :  1.84413e-06
 Reference value :  1.84663e-06
 Reference value :  1.84963e-06
 Reference value :  1.85213e-06
 Reference value :  1.85513e-06
 Reference value :  1.85763e-06
 Reference value :  1.86013e-06
 Reference value :  1.86113e-06
 Reference value :  1.86363e-06
 Reference value :  1.86590e-06
 Reference value :  1.86622e-06
 Reference value :  1.86675e-06
 Reference value :  1.86717e-06
 Reference value :  1.86725e-06
 Reference value :  1.86741e-06
 Reference value :  1.86776e-06
 Reference value :  1.86801e-06
 Reference value :  1.86889e-06
 Reference value :  1.87039e-06
 Reference value :  1.87339e-06
 Reference value :  1.87589e-06
 Reference value :  1.87939e-06
 Reference value :  1.88239e-06
 Reference value :  1.88589e-06
 Reference value :  1.88889e-06
 Reference value :  1.89039e-06
 Reference value :  1.89439e-06
 Reference value :  1.89689e-06
 Reference value :  1.90039e-06
 Reference value :  1.90339e-06
 Reference value :  1.90639e-06
 Reference value :  1.90818e-06
 Reference value :  1.90883e-06
 Reference value :  1.90942e-06
 Reference value :  1.91096e-06
 Reference value :  1.91296e-06
 Reference value :  1.91646e-06
 Reference value :  1.91796e-06
 Reference value :  1.92196e-06
 Reference value :  1.92346e-06
 Reference value :  1.92646e-06
 Reference value :  1.92846e-06
 Reference value :  1.93096e-06
 Reference value :  1.93346e-06
 Reference value :  1.93496e-06
 Reference value :  1.93796e-06
 Reference value :  1.94146e-06
 Reference value :  1.94296e-06
 Reference value :  1.94546e-06
 Reference value :  1.94696e-06
 Reference value :  1.94896e-06
 Reference value :  1.94982e-06
 Reference value :  1.95011e-06
 Reference value :  1.95050e-06
 Reference value :  1.95052e-06
 Reference value :  1.95058e-06
 Reference value :  1.95083e-06
 Reference value :  1.95100e-06
 Reference value :  1.95159e-06
 Reference value :  1.95206e-06
 Reference value :  1.95331e-06
 Reference value :  1.95581e-06
 Reference value :  1.95831e-06
 Reference value :  1.96081e-06
 Reference value :  1.96381e-06
 Reference value :  1.96481e-06
 Reference value :  1.96581e-06
 Reference value :  1.96831e-06
 Reference value :  1.97081e-06
 Reference value :  1.97281e-06
 Reference value :  1.97481e-06
 Reference value :  1.97881e-06
 Reference value :  1.98131e-06
 Reference value :  1.98431e-06
 Reference value :  1.98681e-06
 Reference value :  1.98981e-06
 Reference value :  1.99122e-06
 Reference value :  1.99184e-06
 Reference value :  1.99275e-06
 Reference value :  1.99381e-06
 Reference value :  1.99680e-06
 Reference value :  2.00080e-06
 Reference value :  2.00330e-06
 Reference value :  2.00530e-06
 Reference value :  2.00680e-06
 Reference value :  2.00930e-06
 Reference value :  2.01030e-06
 Reference value :  2.01230e-06
 Reference value :  2.01480e-06
 Reference value :  2.01730e-06
 Reference value :  2.01880e-06
 Reference value :  2.02180e-06
 Reference value :  2.02430e-06
 Reference value :  2.02630e-06
 Reference value :  2.02980e-06
 Reference value :  2.03180e-06
 Reference value :  2.03298e-06
 Reference value :  2.03342e-06
 Reference value :  2.03383e-06
 Reference value :  2.03394e-06
 Reference value :  2.03427e-06
 Reference value :  2.03451e-06
 Reference value :  2.03564e-06
 Reference value :  2.03814e-06
 Reference value :  2.04214e-06
 Reference value :  2.04564e-06
 Reference value :  2.04764e-06
 Reference value :  2.05064e-06
 Reference value :  2.05314e-06
 Reference value :  2.05514e-06
 Reference value :  2.05814e-06
 Reference value :  2.05964e-06
 Reference value :  2.06314e-06
 Reference value :  2.06564e-06
 Reference value :  2.06914e-06
 Reference value :  2.07164e-06
 Reference value :  2.07450e-06
 Reference value :  2.07550e-06
 Reference value :  2.07608e-06
 Reference value :  2.07763e-06
 Reference value :  2.08013e-06
 Reference value :  2.08263e-06
 Reference value :  2.08563e-06
 Reference value :  2.08913e-06
 Reference value :  2.09113e-06
 Reference value :  2.09313e-06
 Reference value :  2.09663e-06
 Reference value :  2.09863e-06
 Reference value :  2.10113e-06
 Reference value :  2.10463e-06
 Reference value :  2.10663e-06
 Reference value :  2.10963e-06
 Reference value :  2.11113e-06
 Reference value :  2.11263e-06
 Reference value :  2.11563e-06
 Reference value :  2.11675e-06
 Reference value :  2.11717e-06
 Reference value :  2.11737e-06
 Reference value :  2.11755e-06
 Reference value :  2.11793e-06
 Reference value :  2.11848e-06
 Reference value :  2.12029e-06
 Reference value :  2.12279e-06
 Reference value :  2.12529e-06
 Reference value :  2.12779e-06
 Reference value :  2.13129e-06
 Reference value :  2.13229e-06
 Reference value :  2.13479e-06
 Reference value :  2.13879e-06
 Reference value :  2.14029e-06
 Reference value :  2.14329e-06
 Reference value :  2.14579e-06
 Reference value :  2.14829e-06
 Reference value :  2.15179e-06
 Reference value :  2.15379e-06
 Reference value :  2.15529e-06
 Reference value :  2.15729e-06
 Reference value :  2.15851e-06
 Reference value :  2.15918e-06
 Reference value :  2.15944e-06
 Reference value :  2.15996e-06
 Reference value :  2.16070e-06
 Reference value :  2.16234e-06
 Reference value :  2.16384e-06
 Reference value :  2.16484e-06
 Reference value :  2.16584e-06
 Reference value :  2.16834e-06
 Reference value :  2.16984e-06
 Reference value :  2.17134e-06
 Reference value :  2.17284e-06
 Reference value :  2.17534e-06
 Reference value :  2.17734e-06
 Reference value :  2.17984e-06
 Reference value :  2.18334e-06
 Reference value :  2.18634e-06
 Reference value :  2.18784e-06
 Reference value :  2.18984e-06
 Reference value :  2.19284e-06
 Reference value :  2.19534e-06
 Reference value :  2.19917e-06
 Reference value :  2.20013e-06
 Reference value :  2.20053e-06
 Reference value :  2.20076e-06
 Reference value :  2.20107e-06
 Reference value :  2.20125e-06
 Reference value :  2.20237e-06
 Reference value :  2.20437e-06
 Reference value :  2.20637e-06
 Reference value :  2.20887e-06
 Reference value :  2.21237e-06
 Reference value :  2.21387e-06
 Reference value :  2.21637e-06
 Reference value :  2.21987e-06
 Reference value :  2.22187e-06
 Reference value :  2.22587e-06
 Reference value :  2.22987e-06
 Reference value :  2.23237e-06
 Reference value :  2.23537e-06
 Reference value :  2.23787e-06
 Reference value :  2.24037e-06
 Reference value :  2.24184e-06
 Reference value :  2.24274e-06
 Reference value :  2.24306e-06
 Reference value :  2.24354e-06
 Reference value :  2.24439e-06
 Reference value :  2.24628e-06
 Reference value :  2.24828e-06
 Reference value :  2.25078e-06
 Reference value :  2.25328e-06
 Reference value :  2.25678e-06
 Reference value :  2.26028e-06
 Reference value :  2.26328e-06
 Reference value :  2.26578e-06
 Reference value :  2.26728e-06
 Reference value :  2.27078e-06
 Reference value :  2.27428e-06
 Reference value :  2.27778e-06
 Reference value :  2.27978e-06
 Reference value :  2.28283e-06
 Reference value :  2.28344e-06
 Reference value :  2.28364e-06
 Reference value :  2.28385e-06
 Reference value :  2.28395e-06
 Reference value :  2.28440e-06
 Reference value :  2.28465e-06
 Reference value :  2.28490e-06
 Reference value :  2.28506e-06
 Reference value :  2.28627e-06
 Reference value :  2.28877e-06
 Reference value :  2.29077e-06
 Reference value :  2.29377e-06
 Reference value :  2.29627e-06
 Reference value :  2.29927e-06
 Reference value :  2.30327e-06
 Reference value :  2.30577e-06
 Reference value :  2.30877e-06
 Reference value :  2.31177e-06
 Reference value :  2.31477e-06
 Reference value :  2.31727e-06
 Reference value :  2.31877e-06
 Reference value :  2.31977e-06
 Reference value :  2.32077e-06
 Reference value :  2.32327e-06
 Reference value :  2.32517e-06
 Reference value :  2.32581e-06
 Reference value :  2.32641e-06
 Reference value :  2.32811e-06
 Reference value :  2.32961e-06
 Reference value :  2.33211e-06
 Reference value :  2.33511e-06
 Reference value :  2.33711e-06
 Reference value :  2.33961e-06
 Reference value :  2.34211e-06
 Reference value :  2.34361e-06
 Reference value :  2.34611e-06
 Reference value :  2.35011e-06
 Reference value :  2.35311e-06
 Reference value :  2.35461e-06
 Reference value :  2.35711e-06
 Reference value :  2.36061e-06
 Reference value :  2.36261e-06
 Reference value :  2.36461e-06
 Reference value :  2.36589e-06
 Reference value :  2.36679e-06
 Reference value :  2.36717e-06
 Reference value :  2.36737e-06
 Reference value :  2.36779e-06
 Reference value :  2.36789e-06
 Reference value :  2.36825e-06
 Reference value :  2.36902e-06
 Reference value :  2.37252e-06
 Reference value :  2.37402e-06
 Reference value :  2.37652e-06
 Reference value :  2.37852e-06
 Reference value :  2.38202e-06
 Reference value :  2.38552e-06
 Reference value :  2.38852e-06
 Reference value :  2.39002e-06
 Reference value :  2.39302e-06
 Reference value :  2.39502e-06
 Reference value :  2.39652e-06
 Reference value :  2.39752e-06
 Reference value :  2.40002e-06
 Reference value :  2.40202e-06
 Reference value :  2.40352e-06
 Reference value :  2.40652e-06
 Reference value :  2.40851e-06
 Reference value :  2.40897e-06
 Reference value :  2.40974e-06
 Reference value :  2.41145e-06
 Reference value :  2.41295e-06
 Reference value :  2.41595e-06
 Reference value :  2.41845e-06
 Reference value :  2.42195e-06
 Reference value :  2.42345e-06
 Reference value :  2.42495e-06
 Reference value :  2.42695e-06
 Reference value :  2.42945e-06
 Reference value :  2.43195e-06
 Reference value :  2.43395e-06
 Reference value :  2.43595e-06
 Reference value :  2.43745e-06
 Reference value :  2.44045e-06
 Reference value :  2.44345e-06
 Reference value :  2.44545e-06
 Reference value :  2.44895e-06
 Reference value :  2.44985e-06
 Reference value :  2.45012e-06
 Reference value :  2.45050e-06
 Reference value :  2.45076e-06
 Reference value :  2.45121e-06
 Reference value :  2.45131e-06
 Reference value :  2.45176e-06
 Reference value :  2.45422e-06
 Reference value :  2.45722e-06
 Reference value :  2.45922e-06
 Reference value :  2.46222e-06
 Reference value :  2.46572e-06
 Reference value :  2.46772e-06
 Reference value :  2.47022e-06
 Reference value :  2.47322e-06
 Reference value :  2.47522e-06
 Reference value :  2.47922e-06
 Reference value :  2.48272e-06
 Reference value :  2.48572e-06
 Reference value :  2.48772e-06
 Reference value :  2.49070e-06
 Reference value :  2.49217e-06
 Reference value :  2.49230e-06
 Reference value :  2.49307e-06
 Reference value :  2.49378e-06
 Reference value :  2.49578e-06
 Reference value :  2.49828e-06
 Reference value :  2.49978e-06
 Reference value :  2.50328e-06
 Reference value :  2.50628e-06
 Reference value :  2.50728e-06
 Reference value :  2.50928e-06
 Reference value :  2.51128e-06
 Reference value :  2.51328e-06
 Reference value :  2.51678e-06
 Reference value :  2.51878e-06
 Reference value :  2.52178e-06
 Reference value :  2.52478e-06
 Reference value :  2.52878e-06
 Reference value :  2.53028e-06
 Reference value :  2.53256e-06
 Reference value :  2.53346e-06
 Reference value :  2.53383e-06
 Reference value :  2.53413e-06
 Reference value :  2.53446e-06
 Reference value :  2.53492e-06
 Reference value :  2.53719e-06
 Reference value :  2.54019e-06
 Reference value :  2.54369e-06
 Reference value :  2.54669e-06
 Reference value :  2.55069e-06
 Reference value :  2.55469e-06
 Reference value :  2.55719e-06
 Reference value :  2.56019e-06
 Reference value :  2.56469e-06
 Reference value :  2.56769e-06
 Reference value :  2.57069e-06
 Reference value :  2.57450e-06
 Reference value :  2.57550e-06
 Reference value :  2.57608e-06
 Reference value :  2.57762e-06
 Reference value :  2.58112e-06
 Reference value :  2.58312e-06
 Reference value :  2.58562e-06
 Reference value :  2.58912e-06
 Reference value :  2.59162e-06
 Reference value :  2.59312e-06
 Reference value :  2.59412e-06
 Reference value :  2.59512e-06
 Reference value :  2.59612e-06
 Reference value :  2.59912e-06
 Reference value :  2.60212e-06
 Reference value :  2.60462e-06
 Reference value :  2.60762e-06
 Reference value :  2.61162e-06
 Reference value :  2.61462e-06
 Reference value :  2.61622e-06
 Reference value :  2.61679e-06
 Reference value :  2.61720e-06
 Reference value :  2.61737e-06
 Reference value :  2.61779e-06
 Reference value :  2.61855e-06
 Reference value :  2.62055e-06
 Reference value :  2.62355e-06
 Reference value :  2.62605e-06
 Reference value :  2.62955e-06
 Reference value :  2.63305e-06
 Reference value :  2.63455e-06
 Reference value :  2.63855e-06
 Reference value :  2.64255e-06
 Reference value :  2.64605e-06
 Reference value :  2.64855e-06
 Reference value :  2.65255e-06
 Reference value :  2.65605e-06
 Reference value :  2.65783e-06
 Reference value :  2.65883e-06
 Reference value :  2.65942e-06
 Reference value :  2.66046e-06
 Reference value :  2.66346e-06
 Reference value :  2.66546e-06
 Reference value :  2.66696e-06
 Reference value :  2.67046e-06
 Reference value :  2.67296e-06
 Reference value :  2.67446e-06
 Reference value :  2.67696e-06
 Reference value :  2.68046e-06
 Reference value :  2.68296e-06
 Reference value :  2.68546e-06
 Reference value :  2.68896e-06
 Reference value :  2.69196e-06
 Reference value :  2.69346e-06
 Reference value :  2.69496e-06
 Reference value :  2.69846e-06
 Reference value :  2.70008e-06
 Reference value :  2.70050e-06
 Reference value :  2.70073e-06
 Reference value :  2.70116e-06
 Reference value :  2.70171e-06
 Reference value :  2.70509e-06
 Reference value :  2.70859e-06
 Reference value :  2.71109e-06
 Reference value :  2.71259e-06
 Reference value :  2.71509e-06
 Reference value :  2.71909e-06
 Reference value :  2.72109e-06
 Reference value :  2.72459e-06
 Reference value :  2.72809e-06
 Reference value :  2.73009e-06
 Reference value :  2.73209e-06
 Reference value :  2.73559e-06
 Reference value :  2.73909e-06
 Reference value :  2.74122e-06
 Reference value :  2.74184e-06
 Reference value :  2.74230e-06
 Reference value :  2.74308e-06
 Reference value :  2.74342e-06
 Reference value :  2.74629e-06
 Reference value :  2.74979e-06
 Reference value :  2.75279e-06
 Reference value :  2.75479e-06
 Reference value :  2.75779e-06
 Reference value :  2.76129e-06
 Reference value :  2.76329e-06
 Reference value :  2.76629e-06
 Reference value :  2.76979e-06
 Reference value :  2.77179e-06
 Reference value :  2.77329e-06
 Reference value :  2.77629e-06
 Reference value :  2.77979e-06
 Reference value :  2.78256e-06
 Reference value :  2.78318e-06
 Reference value :  2.78363e-06
 Reference value :  2.78385e-06
 Reference value :  2.78402e-06
 Reference value :  2.78436e-06
 Reference value :  2.78457e-06
 Reference value :  2.78629e-06
 Reference value :  2.78979e-06
 Reference value :  2.79279e-06
 Reference value :  2.79629e-06
 Reference value :  2.80029e-06
 Reference value :  2.80279e-06
 Reference value :  2.80579e-06
 Reference value :  2.80979e-06
 Reference value :  2.81279e-06
 Reference value :  2.81529e-06
 Reference value :  2.81779e-06
 Reference value :  2.81979e-06
 Reference value :  2.82129e-06
 Reference value :  2.82279e-06
 Reference value :  2.82450e-06
 Reference value :  2.82517e-06
 Reference value :  2.82554e-06
 Reference value :  2.82608e-06
 Reference value :  2.82712e-06
 Reference value :  2.82862e-06
 Reference value :  2.83062e-06
 Reference value :  2.83262e-06
 Reference value :  2.83512e-06
 Reference value :  2.83862e-06
 Reference value :  2.84062e-06
 Reference value :  2.84262e-06
 Reference value :  2.84612e-06
 Reference value :  2.84812e-06
 Reference value :  2.85112e-06
 Reference value :  2.85512e-06
 Reference value :  2.85662e-06
 Reference value :  2.85812e-06
 Reference value :  2.86112e-06
 Reference value :  2.86462e-06
 Reference value :  2.86632e-06
 Reference value :  2.86675e-06
 Reference value :  2.86717e-06
 Reference value :  2.86725e-06
 Reference value :  2.86753e-06
 Reference value :  2.86781e-06
 Reference value :  2.86834e-06
 Reference value :  2.86919e-06
 Reference value :  2.87269e-06
 Reference value :  2.87469e-06
 Reference value :  2.87619e-06
 Reference value :  2.87869e-06
 Reference value :  2.87969e-06
 Reference value :  2.88119e-06
 Reference value :  2.88519e-06
 Reference value :  2.88819e-06
 Reference value :  2.89069e-06
 Reference value :  2.89369e-06
 Reference value :  2.89669e-06
 Reference value :  2.89869e-06
 Reference value :  2.90019e-06
 Reference value :  2.90269e-06
 Reference value :  2.90519e-06
 Reference value :  2.90719e-06
 Reference value :  2.90851e-06
 Reference value :  2.90888e-06
 Reference value :  2.90915e-06
 Reference value :  2.91009e-06
 Reference value :  2.91295e-06
 Reference value :  2.91595e-06
 Reference value :  2.91895e-06
 Reference value :  2.92195e-06
 Reference value :  2.92395e-06
 Reference value :  2.92545e-06
 Reference value :  2.92795e-06
 Reference value :  2.92995e-06
 Reference value :  2.93345e-06
 Reference value :  2.93595e-06
 Reference value :  2.93895e-06
 Reference value :  2.94195e-06
 Reference value :  2.94445e-06
 Reference value :  2.94645e-06
 Reference value :  2.94950e-06
 Reference value :  2.95000e-06
 Reference value :  2.95037e-06
 Reference value :  2.95051e-06
 Reference value :  2.95058e-06
 Reference value :  2.95064e-06
 Reference value :  2.95081e-06
 Reference value :  2.95112e-06
 Reference value :  2.95136e-06
 Reference value :  2.95368e-06
 Reference value :  2.95768e-06
 Reference value :  2.95968e-06
 Reference value :  2.96218e-06
 Reference value :  2.96468e-06
 Reference value :  2.96868e-06
 Reference value :  2.97168e-06
 Reference value :  2.97418e-06
 Reference value :  2.97768e-06
 Reference value :  2.97868e-06
 Reference value :  2.98218e-06
 Reference value :  2.98518e-06
 Reference value :  2.98668e-06
 Reference value :  2.98818e-06
 Reference value :  2.99122e-06
 Reference value :  2.99184e-06
 Reference value :  2.99217e-06
 Reference value :  2.99230e-06
 Reference value :  2.99342e-06
 Reference value :  2.99628e-06
 Reference value :  2.99878e-06
 Reference value :  3.00178e-06
 Reference value :  3.00428e-06
 Reference value :  3.00628e-06
 Reference value :  3.00878e-06
 Reference value :  3.01178e-06
 Reference value :  3.01428e-06
 Reference value :  3.01678e-06
 Reference value :  3.01828e-06
 Reference value :  3.02078e-06
 Reference value :  3.02178e-06
 Reference value :  3.02428e-06
 Reference value :  3.02528e-06
 Reference value :  3.02678e-06
 Reference value :  3.02928e-06
 Reference value :  3.03028e-06
 Reference value :  3.03178e-06
 Reference value :  3.03298e-06
 Reference value :  3.03342e-06
 Reference value :  3.03387e-06
 Reference value :  3.03415e-06
 Reference value :  3.03441e-06
 Reference value :  3.03484e-06
 Reference value :  3.03650e-06
 Reference value :  3.03900e-06
 Reference value :  3.04150e-06
 Reference value :  3.04450e-06
 Reference value :  3.04750e-06
 Reference value :  3.04950e-06
 Reference value :  3.05300e-06
 Reference value :  3.05650e-06
 Reference value :  3.05950e-06
 Reference value :  3.06150e-06
 Reference value :  3.06400e-06
 Reference value :  3.06550e-06
 Reference value :  3.06750e-06
 Reference value :  3.07050e-06
 Reference value :  3.07300e-06
 Reference value :  3.07485e-06
 Reference value :  3.07554e-06
 Reference value :  3.07608e-06
 Reference value :  3.07675e-06
 Reference value :  3.07912e-06
 Reference value :  3.08362e-06
 Reference value :  3.08662e-06
 Reference value :  3.08962e-06
 Reference value :  3.09112e-06
 Reference value :  3.09262e-06
 Reference value :  3.09462e-06
 Reference value :  3.09662e-06
 Reference value :  3.10012e-06
 Reference value :  3.10262e-06
 Reference value :  3.10462e-06
 Reference value :  3.10862e-06
 Reference value :  3.11112e-06
 Reference value :  3.11312e-06
 Reference value :  3.11462e-06
 Reference value :  3.11622e-06
 Reference value :  3.11680e-06
 Reference value :  3.11718e-06
 Reference value :  3.11738e-06
 Reference value :  3.11767e-06
 Reference value :  3.11797e-06
 Reference value :  3.11996e-06
 Reference value :  3.12296e-06
 Reference value :  3.12546e-06
 Reference value :  3.12796e-06
 Reference value :  3.12946e-06
 Reference value :  3.13296e-06
 Reference value :  3.13596e-06
 Reference value :  3.13846e-06
 Reference value :  3.14196e-06
 Reference value :  3.14346e-06
 Reference value :  3.14696e-06
 Reference value :  3.14946e-06
 Reference value :  3.15196e-06
 Reference value :  3.15496e-06
 Reference value :  3.15783e-06
 Reference value :  3.15888e-06
 Reference value :  3.15948e-06
 Reference value :  3.16048e-06
 Reference value :  3.16178e-06
 Reference value :  3.16247e-06
 Reference value :  3.16433e-06
 Reference value :  3.16883e-06
 Reference value :  3.17233e-06
 Reference value :  3.17483e-06
 Reference value :  3.17733e-06
 Reference value :  3.17983e-06
 Reference value :  3.18283e-06
 Reference value :  3.18483e-06
 Reference value :  3.18833e-06
 Reference value :  3.19183e-06
 Reference value :  3.19383e-06
 Reference value :  3.19533e-06
 Reference value :  3.19917e-06
 Reference value :  3.20013e-06
 Reference value :  3.20050e-06
 Reference value :  3.20053e-06
 Reference value :  3.20067e-06
 Reference value :  3.20107e-06
 Reference value :  3.20132e-06
 Reference value :  3.20341e-06
 Reference value :  3.20641e-06
 Reference value :  3.20991e-06
 Reference value :  3.21141e-06
 Reference value :  3.21291e-06
 Reference value :  3.21541e-06
 Reference value :  3.21691e-06
 Reference value :  3.21991e-06
 Reference value :  3.22191e-06
 Reference value :  3.22341e-06
 Reference value :  3.22491e-06
 Reference value :  3.22641e-06
 Reference value :  3.22941e-06
 Reference value :  3.23091e-06
 Reference value :  3.23241e-06
 Reference value :  3.23441e-06
 Reference value :  3.23741e-06
 Reference value :  3.24117e-06
 Reference value :  3.24132e-06
 Reference value :  3.24217e-06
 Reference value :  3.24248e-06
 Reference value :  3.24377e-06
 Reference value :  3.24508e-06
 Reference value :  3.24596e-06
 Reference value :  3.24728e-06
 Reference value :  3.25028e-06
 Reference value :  3.25328e-06
 Reference value :  3.25578e-06
 Reference value :  3.25878e-06
 Reference value :  3.26028e-06
 Reference value :  3.26328e-06
 Reference value :  3.26628e-06
 Reference value :  3.26978e-06
 Reference value :  3.27078e-06
 Reference value :  3.27328e-06
 Reference value :  3.27478e-06
 Reference value :  3.27678e-06
 Reference value :  3.28028e-06
 Reference value :  3.28255e-06
 Reference value :  3.28342e-06
 Reference value :  3.28383e-06
 Reference value :  3.28394e-06
 Reference value :  3.28408e-06
 Reference value :  3.28430e-06
 Reference value :  3.28449e-06
 Reference value :  3.28466e-06
 Reference value :  3.28492e-06
 Reference value :  3.28557e-06
 Reference value :  3.28633e-06
 Reference value :  3.28883e-06
 Reference value :  3.29133e-06
 Reference value :  3.29233e-06
 Reference value :  3.29633e-06
 Reference value :  3.29833e-06
 Reference value :  3.30133e-06
 Reference value :  3.30483e-06
 Reference value :  3.30783e-06
 Reference value :  3.31083e-06
 Reference value :  3.31383e-06
 Reference value :  3.31533e-06
 Reference value :  3.31733e-06
 Reference value :  3.31883e-06
 Reference value :  3.32183e-06
 Reference value :  3.32450e-06
 Reference value :  3.32517e-06
 Reference value :  3.32554e-06
 Reference value :  3.32607e-06
 Reference value :  3.32672e-06
 Reference value :  3.32826e-06
 Reference value :  3.33026e-06
 Reference value :  3.33126e-06
 Reference value :  3.33476e-06
 Reference value :  3.33776e-06
 Reference value :  3.33976e-06
 Reference value :  3.34226e-06
 Reference value :  3.34576e-06
 Reference value :  3.34826e-06
 Reference value :  3.34976e-06
 Reference value :  3.35176e-06
 Reference value :  3.35576e-06
 Reference value :  3.35876e-06
 Reference value :  3.36076e-06
 Reference value :  3.36226e-06
 Reference value :  3.36571e-06
 Reference value :  3.36652e-06
 Reference value :  3.36698e-06
 Reference value :  3.36728e-06
 Reference value :  3.36746e-06
 Reference value :  3.36791e-06
 Reference value :  3.36826e-06
 Reference value :  3.37102e-06
 Reference value :  3.37302e-06
 Reference value :  3.37652e-06
 Reference value :  3.37852e-06
 Reference value :  3.38202e-06
 Reference value :  3.38602e-06
 Reference value :  3.38902e-06
 Reference value :  3.39102e-06
 Reference value :  3.39302e-06
 Reference value :  3.39602e-06
 Reference value :  3.39802e-06
 Reference value :  3.39952e-06
 Reference value :  3.40152e-06
 Reference value :  3.40402e-06
 Reference value :  3.40743e-06
 Reference value :  3.40851e-06
 Reference value :  3.40941e-06
 Reference value :  3.41073e-06
 Reference value :  3.41078e-06
 Reference value :  3.41133e-06
 Reference value :  3.41214e-06
 Reference value :  3.41314e-06
 Reference value :  3.41564e-06
 Reference value :  3.41764e-06
 Reference value :  3.42014e-06
 Reference value :  3.42364e-06
 Reference value :  3.42514e-06
 Reference value :  3.42614e-06
 Reference value :  3.42864e-06
 Reference value :  3.43114e-06
 Reference value :  3.43314e-06
 Reference value :  3.43664e-06
 Reference value :  3.43914e-06
 Reference value :  3.44064e-06
 Reference value :  3.44314e-06
 Reference value :  3.44564e-06
 Reference value :  3.44714e-06
 Reference value :  3.44955e-06
 Reference value :  3.45012e-06
 Reference value :  3.45050e-06
 Reference value :  3.45070e-06
 Reference value :  3.45114e-06
 Reference value :  3.45134e-06
 Reference value :  3.45185e-06
 Reference value :  3.45535e-06
 Reference value :  3.45835e-06
 Reference value :  3.46135e-06
 Reference value :  3.46335e-06
 Reference value :  3.46585e-06
 Reference value :  3.46835e-06
 Reference value :  3.47135e-06
 Reference value :  3.47385e-06
 Reference value :  3.47585e-06
 Reference value :  3.47885e-06
 Reference value :  3.48185e-06
 Reference value :  3.48585e-06
 Reference value :  3.48935e-06
 Reference value :  3.49035e-06
 Reference value :  3.49152e-06
 Reference value :  3.49217e-06
 Reference value :  3.49230e-06
 Reference value :  3.49339e-06
 Reference value :  3.49444e-06
 Reference value :  3.49744e-06
 Reference value :  3.50044e-06
 Reference value :  3.50294e-06
 Reference value :  3.50694e-06
 Reference value :  3.51044e-06
 Reference value :  3.51194e-06
 Reference value :  3.51544e-06
 Reference value :  3.51694e-06
 Reference value :  3.51994e-06
 Reference value :  3.52294e-06
 Reference value :  3.52594e-06
 Reference value :  3.52944e-06
 Reference value :  3.53094e-06
 Reference value :  3.53318e-06
 Reference value :  3.53346e-06
 Reference value :  3.53387e-06
 Reference value :  3.53403e-06
 Reference value :  3.53432e-06
 Reference value :  3.53456e-06
 Reference value :  3.53619e-06
 Reference value :  3.53819e-06
 Reference value :  3.54019e-06
 Reference value :  3.54269e-06
 Reference value :  3.54569e-06
 Reference value :  3.54969e-06
 Reference value :  3.55369e-06
 Reference value :  3.55669e-06
 Reference value :  3.55969e-06
 Reference value :  3.56369e-06
 Reference value :  3.56769e-06
 Reference value :  3.56919e-06
 Reference value :  3.57269e-06
 Reference value :  3.57409e-06
 Reference value :  3.57517e-06
 Reference value :  3.57581e-06
 Reference value :  3.57673e-06
 Reference value :  3.57744e-06
 Reference value :  3.57930e-06
 Reference value :  3.58230e-06
 Reference value :  3.58430e-06
 Reference value :  3.58630e-06
 Reference value :  3.58780e-06
 Reference value :  3.59080e-06
 Reference value :  3.59230e-06
 Reference value :  3.59530e-06
 Reference value :  3.59880e-06
 Reference value :  3.60130e-06
 Reference value :  3.60380e-06
 Reference value :  3.60730e-06
 Reference value :  3.61080e-06
 Reference value :  3.61430e-06
 Reference value :  3.61652e-06
 Reference value :  3.61679e-06
 Reference value :  3.61717e-06
 Reference value :  3.61737e-06
 Reference value :  3.61780e-06
 Reference value :  3.61799e-06
 Reference value :  3.61952e-06
 Reference value :  3.62202e-06
 Reference value :  3.62352e-06
 Reference value :  3.62602e-06
 Reference value :  3.62752e-06
 Reference value :  3.63002e-06
 Reference value :  3.63202e-06
 Reference value :  3.63352e-06
 Reference value :  3.63602e-06
 Reference value :  3.63952e-06
 Reference value :  3.64202e-06
 Reference value :  3.64402e-06
 Reference value :  3.64652e-06
 Reference value :  3.65052e-06
 Reference value :  3.65452e-06
 Reference value :  3.65702e-06
 Reference value :  3.65798e-06
 Reference value :  3.65851e-06
 Reference value :  3.65941e-06
 Reference value :  3.66007e-06
 Reference value :  3.66115e-06
 Reference value :  3.66308e-06
 Reference value :  3.66608e-06
 Reference value :  3.66858e-06
 Reference value :  3.67158e-06
 Reference value :  3.67458e-06
 Reference value :  3.67658e-06
 Reference value :  3.68008e-06
 Reference value :  3.68358e-06
 Reference value :  3.68608e-06
 Reference value :  3.68958e-06
 Reference value :  3.69258e-06
 Reference value :  3.69708e-06
 Reference value :  3.69965e-06
 Reference value :  3.70008e-06
 Reference value :  3.70050e-06
 Reference value :  3.70073e-06
 Reference value :  3.70104e-06
 Reference value :  3.70142e-06
 Reference value :  3.70312e-06
 Reference value :  3.70612e-06
 Reference value :  3.70962e-06
 Reference value :  3.71212e-06
 Reference value :  3.71462e-06
 Reference value :  3.71762e-06
 Reference value :  3.72062e-06
 Reference value :  3.72262e-06
 Reference value :  3.72562e-06
 Reference value :  3.72912e-06
 Reference value :  3.73262e-06
 Reference value :  3.73662e-06
 Reference value :  3.74062e-06
 Reference value :  3.74184e-06
 Reference value :  3.74230e-06
 Reference value :  3.74340e-06
 Reference value :  3.74448e-06
 Reference value :  3.74672e-06
 Reference value :  3.74922e-06
 Reference value :  3.75272e-06
 Reference value :  3.75622e-06
 Reference value :  3.75972e-06
 Reference value :  3.76322e-06
 Reference value :  3.76672e-06
 Reference value :  3.76972e-06
 Reference value :  3.77372e-06
 Reference value :  3.77672e-06
 Reference value :  3.77972e-06
 Reference value :  3.78222e-06
 Reference value :  3.78288e-06
 Reference value :  3.78342e-06
 Reference value :  3.78383e-06
 Reference value :  3.78395e-06
 Reference value :  3.78425e-06
 Reference value :  3.78447e-06
 Reference value :  3.78573e-06
 Reference value :  3.78823e-06
 Reference value :  3.79173e-06
 Reference value :  3.79473e-06
 Reference value :  3.79623e-06
 Reference value :  3.79773e-06
 Reference value :  3.79973e-06
 Reference value :  3.80273e-06
 Reference value :  3.80523e-06
 Reference value :  3.80773e-06
 Reference value :  3.81123e-06
 Reference value :  3.81223e-06
 Reference value :  3.81473e-06
 Reference value :  3.81773e-06
 Reference value :  3.82123e-06
 Reference value :  3.82373e-06
 Reference value :  3.82517e-06
 Reference value :  3.82608e-06
 Reference value :  3.82710e-06
 Reference value :  3.82744e-06
 Reference value :  3.82750e-06
 Reference value :  3.82815e-06
 Reference value :  3.83002e-06
 Reference value :  3.83302e-06
 Reference value :  3.83452e-06
 Reference value :  3.83852e-06
 Reference value :  3.84152e-06
 Reference value :  3.84252e-06
 Reference value :  3.84452e-06
 Reference value :  3.84652e-06
 Reference value :  3.84802e-06
 Reference value :  3.85002e-06
 Reference value :  3.85352e-06
 Reference value :  3.85702e-06
 Reference value :  3.86052e-06
 Reference value :  3.86452e-06
 Reference value :  3.86675e-06
 Reference value :  3.86717e-06
 Reference value :  3.86725e-06
 Reference value :  3.86741e-06
 Reference value :  3.86782e-06
 Reference value :  3.86870e-06
 Reference value :  3.87020e-06
 Reference value :  3.87270e-06
 Reference value :  3.87470e-06
 Reference value :  3.87770e-06
 Reference value :  3.88070e-06
 Reference value :  3.88220e-06
 Reference value :  3.88570e-06
 Reference value :  3.88920e-06
 Reference value :  3.89170e-06
 Reference value :  3.89520e-06
 Reference value :  3.89870e-06
 Reference value :  3.90070e-06
 Reference value :  3.90370e-06
 Reference value :  3.90720e-06
 Reference value :  3.90851e-06
 Reference value :  3.90915e-06
 Reference value :  3.90974e-06
 Reference value :  3.91077e-06
 Reference value :  3.91115e-06
 Reference value :  3.91234e-06
 Reference value :  3.91524e-06
 Reference value :  3.91824e-06
 Reference value :  3.92174e-06
 Reference value :  3.92524e-06
 Reference value :  3.92824e-06
 Reference value :  3.93024e-06
 Reference value :  3.93324e-06
 Reference value :  3.93474e-06
 Reference value :  3.93774e-06
 Reference value :  3.94024e-06
 Reference value :  3.94374e-06
 Reference value :  3.94674e-06
 Reference value :  3.94955e-06
 Reference value :  3.95025e-06
 Reference value :  3.95051e-06
 Reference value :  3.95058e-06
 Reference value :  3.95068e-06
 Reference value :  3.95113e-06
 Reference value :  3.95138e-06
 Reference value :  3.95321e-06
 Reference value :  3.95671e-06
 Reference value :  3.96071e-06
 Reference value :  3.96271e-06
 Reference value :  3.96621e-06
 Reference value :  3.96971e-06
 Reference value :  3.97121e-06
 Reference value :  3.97371e-06
 Reference value :  3.97671e-06
 Reference value :  3.97971e-06
 Reference value :  3.98171e-06
 Reference value :  3.98521e-06
 Reference value :  3.98721e-06
 Reference value :  3.99071e-06
 Reference value :  3.99184e-06
 Reference value :  3.99248e-06
 Reference value :  3.99341e-06
 Reference value :  3.99452e-06
 Reference value :  3.99533e-06
 Reference value :  3.99858e-06
 Reference value :  4.00108e-06
 Reference value :  4.00458e-06
 Reference value :  4.00608e-06
 Reference value :  4.00858e-06
 Reference value :  4.01208e-06
 Reference value :  4.01558e-06
 Reference value :  4.01708e-06
 Reference value :  4.02008e-06
 Reference value :  4.02158e-06
 Reference value :  4.02308e-06
 Reference value :  4.02508e-06
 Reference value :  4.02708e-06
 Reference value :  4.03058e-06
 Reference value :  4.03288e-06
 Reference value :  4.03342e-06
 Reference value :  4.03363e-06
 Reference value :  4.03394e-06
 Reference value :  4.03441e-06
 Reference value :  4.03506e-06
 Reference value :  4.03750e-06
 Reference value :  4.04050e-06
 Reference value :  4.04400e-06
 Reference value :  4.04600e-06
 Reference value :  4.04900e-06
 Reference value :  4.05200e-06
 Reference value :  4.05350e-06
 Reference value :  4.05700e-06
 Reference value :  4.05800e-06
 Reference value :  4.06000e-06
 Reference value :  4.06200e-06
 Reference value :  4.06400e-06
 Reference value :  4.06600e-06
 Reference value :  4.06800e-06
 Reference value :  4.07000e-06
 Reference value :  4.07300e-06
 Reference value :  4.07485e-06
 Reference value :  4.07554e-06
 Reference value :  4.07641e-06
 Reference value :  4.07710e-06
 Reference value :  4.07791e-06
 Reference value :  4.07841e-06
 Reference value :  4.08047e-06
 Reference value :  4.08297e-06
 Reference value :  4.08647e-06
 Reference value :  4.08947e-06
 Reference value :  4.09147e-06
 Reference value :  4.09447e-06
 Reference value :  4.09797e-06
 Reference value :  4.09897e-06
 Reference value :  4.10097e-06
 Reference value :  4.10447e-06
 Reference value :  4.10697e-06
 Reference value :  4.10997e-06
 Reference value :  4.11397e-06
 Reference value :  4.11547e-06
 Reference value :  4.11632e-06
 Reference value :  4.11680e-06
 Reference value :  4.11718e-06
 Reference value :  4.11723e-06
 Reference value :  4.11736e-06
 Reference value :  4.11779e-06
 Reference value :  4.11799e-06
 Reference value :  4.11899e-06
 Reference value :  4.12049e-06
 Reference value :  4.12249e-06
 Reference value :  4.12449e-06
 Reference value :  4.12799e-06
 Reference value :  4.13149e-06
 Reference value :  4.13399e-06
 Reference value :  4.13549e-06
 Reference value :  4.13749e-06
 Reference value :  4.13899e-06
 Reference value :  4.14249e-06
 Reference value :  4.14549e-06
 Reference value :  4.14849e-06
 Reference value :  4.15049e-06
 Reference value :  4.15399e-06
 Reference value :  4.15741e-06
 Reference value :  4.15818e-06
 Reference value :  4.15888e-06
 Reference value :  4.15947e-06
 Reference value :  4.15999e-06
 Reference value :  4.16001e-06
 Reference value :  4.16033e-06
 Reference value :  4.16266e-06
 Reference value :  4.16516e-06
 Reference value :  4.16716e-06
 Reference value :  4.16966e-06
 Reference value :  4.17066e-06
 Reference value :  4.17266e-06
 Reference value :  4.17516e-06
 Reference value :  4.17816e-06
 Reference value :  4.18066e-06
 Reference value :  4.18316e-06
 Reference value :  4.18566e-06
 Reference value :  4.18916e-06
 Reference value :  4.19016e-06
 Reference value :  4.19316e-06
 Reference value :  4.19716e-06
 Reference value :  4.19950e-06
 Reference value :  4.20013e-06
 Reference value :  4.20053e-06
 Reference value :  4.20067e-06
 Reference value :  4.20107e-06
 Reference value :  4.20115e-06
 Reference value :  4.20239e-06
 Reference value :  4.20589e-06
 Reference value :  4.20939e-06
 Reference value :  4.21189e-06
 Reference value :  4.21439e-06
 Reference value :  4.21689e-06
 Reference value :  4.21889e-06
 Reference value :  4.22239e-06
 Reference value :  4.22489e-06
 Reference value :  4.22789e-06
 Reference value :  4.23089e-06
 Reference value :  4.23389e-06
 Reference value :  4.23689e-06
 Reference value :  4.24039e-06
 Reference value :  4.24152e-06
 Reference value :  4.24184e-06
 Reference value :  4.24230e-06
 Reference value :  4.24306e-06
 Reference value :  4.24354e-06
 Reference value :  4.24481e-06
 Reference value :  4.24675e-06
 Reference value :  4.24825e-06
 Reference value :  4.24975e-06
 Reference value :  4.25175e-06
 Reference value :  4.25475e-06
 Reference value :  4.25625e-06
 Reference value :  4.25925e-06
 Reference value :  4.26125e-06
 Reference value :  4.26375e-06
 Reference value :  4.26625e-06
 Reference value :  4.26975e-06
 Reference value :  4.27125e-06
 Reference value :  4.27325e-06
 Reference value :  4.27575e-06
 Reference value :  4.27925e-06
 Reference value :  4.28175e-06
 Reference value :  4.28298e-06
 Reference value :  4.28345e-06
 Reference value :  4.28385e-06
 Reference value :  4.28391e-06
 Reference value :  4.28400e-06
 Reference value :  4.28422e-06
 Reference value :  4.28447e-06
 Reference value :  4.28511e-06
 Reference value :  4.28694e-06
 Reference value :  4.28794e-06
 Reference value :  4.29094e-06
 Reference value :  4.29444e-06
 Reference value :  4.29744e-06
 Reference value :  4.30044e-06
 Reference value :  4.30444e-06
 Reference value :  4.30694e-06
 Reference value :  4.30994e-06
 Reference value :  4.31344e-06
 Reference value :  4.31644e-06
 Reference value :  4.31794e-06
 Reference value :  4.32144e-06
 Reference value :  4.32422e-06
 Reference value :  4.32517e-06
 Reference value :  4.32608e-06
 Reference value :  4.32675e-06
 Reference value :  4.32961e-06
 Reference value :  4.33111e-06
 Reference value :  4.33261e-06
 Reference value :  4.33511e-06
 Reference value :  4.33861e-06
 Reference value :  4.34061e-06
 Reference value :  4.34261e-06
 Reference value :  4.34361e-06
 Reference value :  4.34511e-06
 Reference value :  4.34711e-06
 Reference value :  4.35011e-06
 Reference value :  4.35311e-06
 Reference value :  4.35561e-06
 Reference value :  4.35711e-06
 Reference value :  4.35911e-06
 Reference value :  4.36211e-06
 Reference value :  4.36411e-06
 Reference value :  4.36617e-06
 Reference value :  4.36679e-06
 Reference value :  4.36717e-06
 Reference value :  4.36737e-06
 Reference value :  4.36766e-06
 Reference value :  4.36789e-06
 Reference value :  4.36799e-06
 Reference value :  4.36841e-06
 Reference value :  4.37006e-06
 Reference value :  4.37106e-06
 Reference value :  4.37356e-06
 Reference value :  4.37456e-06
 Reference value :  4.37706e-06
 Reference value :  4.37906e-06
 Reference value :  4.38156e-06
 Reference value :  4.38306e-06
 Reference value :  4.38556e-06
 Reference value :  4.38706e-06
 Reference value :  4.39056e-06
 Reference value :  4.39306e-06
 Reference value :  4.39656e-06
 Reference value :  4.39806e-06
 Reference value :  4.40156e-06
 Reference value :  4.40356e-06
 Reference value :  4.40606e-06
 Reference value :  4.40706e-06
 Reference value :  4.40818e-06
 Reference value :  4.40883e-06
 Reference value :  4.40915e-06
 Reference value :  4.40941e-06
 Reference value :  4.41145e-06
 Reference value :  4.41445e-06
 Reference value :  4.41595e-06
 Reference value :  4.41745e-06
 Reference value :  4.42095e-06
 Reference value :  4.42395e-06
 Reference value :  4.42545e-06
 Reference value :  4.42845e-06
 Reference value :  4.42995e-06
 Reference value :  4.43395e-06
 Reference value :  4.43745e-06
 Reference value :  4.43995e-06
 Reference value :  4.44345e-06
 Reference value :  4.44745e-06
 Reference value :  4.44950e-06
 Reference value :  4.45012e-06
 Reference value :  4.45061e-06
 Reference value :  4.45109e-06
 Reference value :  4.45131e-06
 Reference value :  4.45156e-06
 Reference value :  4.45368e-06
 Reference value :  4.45568e-06
 Reference value :  4.45868e-06
 Reference value :  4.45968e-06
 Reference value :  4.46218e-06
 Reference value :  4.46418e-06
 Reference value :  4.46768e-06
 Reference value :  4.46968e-06
 Reference value :  4.47268e-06
 Reference value :  4.47518e-06
 Reference value :  4.47818e-06
 Reference value :  4.48168e-06
 Reference value :  4.48468e-06
 Reference value :  4.48818e-06
 Reference value :  4.48968e-06
 Reference value :  4.49132e-06
 Reference value :  4.49184e-06
 Reference value :  4.49275e-06
 Reference value :  4.49342e-06
 Reference value :  4.49628e-06
 Reference value :  4.49878e-06
 Reference value :  4.50178e-06
 Reference value :  4.50378e-06
 Reference value :  4.50628e-06
 Reference value :  4.50878e-06
 Reference value :  4.50978e-06
 Reference value :  4.51228e-06
 Reference value :  4.51528e-06
 Reference value :  4.51928e-06
 Reference value :  4.52128e-06
 Reference value :  4.52328e-06
 Reference value :  4.52678e-06
 Reference value :  4.52978e-06
 Reference value :  4.53256e-06
 Reference value :  4.53318e-06
 Reference value :  4.53346e-06
 Reference value :  4.53387e-06
 Reference value :  4.53413e-06
 Reference value :  4.53446e-06
 Reference value :  4.53466e-06
 Reference value :  4.53528e-06
 Reference value :  4.53724e-06
 Reference value :  4.53824e-06
 Reference value :  4.54124e-06
 Reference value :  4.54424e-06
 Reference value :  4.54574e-06
 Reference value :  4.54824e-06
 Reference value :  4.55074e-06
 Reference value :  4.55474e-06
 Reference value :  4.55724e-06
 Reference value :  4.55874e-06
 Reference value :  4.56074e-06
 Reference value :  4.56374e-06
 Reference value :  4.56524e-06
 Reference value :  4.56824e-06
 Reference value :  4.57074e-06
 Reference value :  4.57412e-06
 Reference value :  4.57517e-06
 Reference value :  4.57608e-06
 Reference value :  4.57675e-06
 Reference value :  4.57962e-06
 Reference value :  4.58312e-06
 Reference value :  4.58512e-06
 Reference value :  4.58812e-06
 Reference value :  4.59162e-06
 Reference value :  4.59262e-06
 Reference value :  4.59512e-06
 Reference value :  4.59712e-06
 Reference value :  4.60012e-06
 Reference value :  4.60362e-06
 Reference value :  4.60612e-06
 Reference value :  4.60762e-06
 Reference value :  4.61012e-06
 Reference value :  4.61212e-06
 Reference value :  4.61512e-06
 Reference value :  4.61617e-06
 Reference value :  4.61679e-06
 Reference value :  4.61720e-06
 Reference value :  4.61747e-06
 Reference value :  4.61779e-06
 Reference value :  4.61800e-06
 Reference value :  4.61826e-06
 Reference value :  4.61968e-06
 Reference value :  4.62268e-06
 Reference value :  4.62468e-06
 Reference value :  4.62668e-06
 Reference value :  4.62868e-06
 Reference value :  4.63018e-06
 Reference value :  4.63368e-06
 Reference value :  4.63518e-06
 Reference value :  4.63868e-06
 Reference value :  4.64218e-06
 Reference value :  4.64468e-06
 Reference value :  4.64718e-06
 Reference value :  4.65068e-06
 Reference value :  4.65368e-06
 Reference value :  4.65568e-06
 Reference value :  4.65783e-06
 Reference value :  4.65851e-06
 Reference value :  4.65942e-06
 Reference value :  4.66009e-06
 Reference value :  4.66296e-06
 Reference value :  4.66446e-06
 Reference value :  4.66546e-06
 Reference value :  4.66696e-06
 Reference value :  4.66846e-06
 Reference value :  4.67146e-06
 Reference value :  4.67446e-06
 Reference value :  4.67496e-06
 Reference value :  4.67696e-06
 Reference value :  4.67896e-06
 Reference value :  4.68096e-06
 Reference value :  4.68396e-06
 Reference value :  4.68696e-06
 Reference value :  4.68896e-06
 Reference value :  4.69146e-06
 Reference value :  4.69496e-06
 Reference value :  4.69696e-06
 Reference value :  4.69955e-06
 Reference value :  4.70008e-06
 Reference value :  4.70050e-06
 Reference value :  4.70104e-06
 Reference value :  4.70115e-06
 Reference value :  4.70190e-06
 Reference value :  4.70292e-06
 Reference value :  4.70442e-06
 Reference value :  4.70742e-06
 Reference value :  4.71042e-06
 Reference value :  4.71242e-06
 Reference value :  4.71492e-06
 Reference value :  4.71642e-06
 Reference value :  4.71842e-06
 Reference value :  4.72092e-06
 Reference value :  4.72492e-06
 Reference value :  4.72692e-06
 Reference value :  4.72792e-06
 Reference value :  4.72942e-06
 Reference value :  4.73292e-06
 Reference value :  4.73642e-06
 Reference value :  4.73792e-06
 Reference value :  4.73942e-06
 Reference value :  4.74122e-06
 Reference value :  4.74184e-06
 Reference value :  4.74248e-06
 Reference value :  4.74308e-06
 Reference value :  4.74342e-06
 Reference value :  4.74579e-06
 Reference value :  4.74779e-06
 Reference value :  4.74879e-06
 Reference value :  4.75129e-06
 Reference value :  4.75379e-06
 Reference value :  4.75729e-06
 Reference value :  4.75829e-06
 Reference value :  4.75979e-06
 Reference value :  4.76229e-06
 Reference value :  4.76479e-06
 Reference value :  4.76879e-06
 Reference value :  4.77079e-06
 Reference value :  4.77379e-06
 Reference value :  4.77579e-06
 Reference value :  4.77879e-06
 Reference value :  4.78256e-06
 Reference value :  4.78342e-06
 Reference value :  4.78385e-06
 Reference value :  4.78395e-06
 Reference value :  4.78411e-06
 Reference value :  4.78446e-06
 Reference value :  4.78468e-06
 Reference value :  4.78534e-06
 Reference value :  4.78760e-06
 Reference value :  4.78960e-06
 Reference value :  4.79160e-06
 Reference value :  4.79460e-06
 Reference value :  4.79660e-06
 Reference value :  4.79860e-06
 Reference value :  4.80110e-06
 Reference value :  4.80410e-06
 Reference value :  4.80610e-06
 Reference value :  4.80960e-06
 Reference value :  4.81210e-06
 Reference value :  4.81510e-06
 Reference value :  4.81760e-06
 Reference value :  4.81960e-06
 Reference value :  4.82160e-06
 Reference value :  4.82260e-06
 Reference value :  4.82455e-06
 Reference value :  4.82550e-06
 Reference value :  4.82608e-06
 Reference value :  4.82675e-06
 Reference value :  4.82862e-06
 Reference value :  4.83162e-06
 Reference value :  4.83412e-06
 Reference value :  4.83712e-06
 Reference value :  4.83962e-06
 Reference value :  4.84162e-06
 Reference value :  4.84212e-06
 Reference value :  4.84312e-06
 Reference value :  4.84562e-06
 Reference value :  4.84812e-06
 Reference value :  4.85012e-06
 Reference value :  4.85262e-06
 Reference value :  4.85612e-06
 Reference value :  4.85812e-06
 Reference value :  4.86062e-06
 Reference value :  4.86362e-06
 Reference value :  4.86589e-06
 Reference value :  4.86675e-06
 Reference value :  4.86696e-06
 Reference value :  4.86718e-06
 Reference value :  4.86735e-06
 Reference value :  4.86781e-06
 Reference value :  4.86805e-06
 Reference value :  4.86834e-06
 Reference value :  4.86952e-06
 Reference value :  4.87202e-06
 Reference value :  4.87402e-06
 Reference value :  4.87602e-06
 Reference value :  4.87852e-06
 Reference value :  4.88202e-06
 Reference value :  4.88402e-06
 Reference value :  4.88602e-06
 Reference value :  4.88802e-06
 Reference value :  4.89052e-06
 Reference value :  4.89402e-06
 Reference value :  4.89702e-06
 Reference value :  4.89952e-06
 Reference value :  4.90202e-06
 Reference value :  4.90552e-06
 Reference value :  4.90743e-06
 Reference value :  4.90851e-06
 Reference value :  4.90915e-06
 Reference value :  4.91009e-06
 Reference value :  4.91245e-06
 Reference value :  4.91495e-06
 Reference value :  4.91745e-06
 Reference value :  4.92095e-06
 Reference value :  4.92495e-06
 Reference value :  4.92595e-06
 Reference value :  4.92745e-06
 Reference value :  4.92995e-06
 Reference value :  4.93295e-06
 Reference value :  4.93645e-06
 Reference value :  4.93795e-06
 Reference value :  4.94195e-06
 Reference value :  4.94445e-06
 Reference value :  4.94795e-06
 Reference value :  4.94965e-06
 Reference value :  4.95025e-06
 Reference value :  4.95051e-06
 Reference value :  4.95062e-06
 Reference value :  4.95066e-06
 Reference value :  4.95107e-06
 Reference value :  4.95128e-06
 Reference value :  4.95151e-06
 Reference value :  4.95209e-06
 Reference value :  4.95443e-06
 Reference value :  4.95743e-06
 Reference value :  4.95943e-06
 Reference value :  4.96093e-06
 Reference value :  4.96493e-06
 Reference value :  4.96793e-06
 Reference value :  4.97143e-06
 Reference value :  4.97543e-06
 Reference value :  4.97893e-06
 Reference value :  4.97993e-06
 Reference value :  4.98343e-06
 Reference value :  4.98543e-06
 Reference value :  4.98843e-06
 Reference value :  4.99132e-06
 Reference value :  4.99217e-06
 Reference value :  4.99275e-06
 Reference value :  4.99378e-06
 Reference value :  4.99678e-06
 Reference value :  4.99978e-06
 Reference value :  5.00278e-06
 Reference value :  5.00528e-06
 Reference value :  5.00778e-06
 Reference value :  5.00978e-06
 Reference value :  5.01278e-06
 Reference value :  5.01478e-06
 Reference value :  5.01728e-06
 Reference value :  5.02078e-06
 Reference value :  5.02428e-06
 Reference value :  5.02778e-06
 Reference value :  5.02978e-06
 Reference value :  5.03283e-06
 Reference value :  5.03347e-06
 Reference value :  5.03387e-06
 Reference value :  5.03423e-06
 Reference value :  5.03458e-06
 Reference value :  5.03615e-06
 Reference value :  5.03915e-06
 Reference value :  5.04265e-06
 Reference value :  5.04465e-06
 Reference value :  5.04715e-06
 Reference value :  5.04965e-06
 Reference value :  5.05165e-06
 Reference value :  5.05515e-06
 Reference value :  5.05715e-06
 Reference value :  5.06065e-06
 Reference value :  5.06415e-06
 Reference value :  5.06765e-06
 Reference value :  5.06915e-06
 Reference value :  5.07215e-06
 Reference value :  5.07407e-06
 Reference value :  5.07465e-06
 Reference value :  5.07517e-06
 Reference value :  5.07581e-06
 Reference value :  5.07608e-06
 Reference value :  5.07762e-06
 Reference value :  5.07862e-06
 Reference value :  5.08062e-06
 Reference value :  5.08412e-06
 Reference value :  5.08762e-06
 Reference value :  5.09012e-06
 Reference value :  5.09112e-06
 Reference value :  5.09362e-06
 Reference value :  5.09712e-06
 Reference value :  5.09962e-06
 Reference value :  5.10112e-06
 Reference value :  5.10462e-06
 Reference value :  5.10812e-06
 Reference value :  5.10962e-06
 Reference value :  5.11312e-06
 Reference value :  5.11617e-06
 Reference value :  5.11652e-06
 Reference value :  5.11696e-06
 Reference value :  5.11736e-06
 Reference value :  5.11776e-06
 Reference value :  5.11784e-06
 Reference value :  5.11842e-06
 Reference value :  5.11961e-06
 Reference value :  5.12311e-06
 Reference value :  5.12561e-06
 Reference value :  5.12861e-06
 Reference value :  5.13111e-06
 Reference value :  5.13361e-06
 Reference value :  5.13611e-06
 Reference value :  5.13711e-06
 Reference value :  5.14061e-06
 Reference value :  5.14361e-06
 Reference value :  5.14511e-06
 Reference value :  5.14761e-06
 Reference value :  5.15111e-06
 Reference value :  5.15311e-06
 Reference value :  5.15461e-06
 Reference value :  5.15783e-06
 Reference value :  5.15883e-06
 Reference value :  5.15947e-06
 Reference value :  5.15999e-06
 Reference value :  5.16067e-06
 Reference value :  5.16240e-06
 Reference value :  5.16390e-06
 Reference value :  5.16690e-06
 Reference value :  5.17090e-06
 Reference value :  5.17290e-06
 Reference value :  5.17640e-06
 Reference value :  5.17940e-06
 Reference value :  5.18090e-06
 Reference value :  5.18290e-06
 Reference value :  5.18490e-06
 Reference value :  5.18790e-06
 Reference value :  5.18890e-06
 Reference value :  5.19190e-06
 Reference value :  5.19540e-06
 Reference value :  5.19840e-06
 Reference value :  5.19955e-06
 Reference value :  5.20013e-06
 Reference value :  5.20053e-06
 Reference value :  5.20059e-06
 Reference value :  5.20068e-06
 Reference value :  5.20087e-06
 Reference value :  5.20116e-06
 Reference value :  5.20158e-06
 Reference value :  5.20216e-06
 Reference value :  5.20566e-06
 Reference value :  5.20766e-06
 Reference value :  5.21066e-06
 Reference value :  5.21316e-06
 Reference value :  5.21716e-06
 Reference value :  5.22066e-06
 Reference value :  5.22416e-06
 Reference value :  5.22766e-06
 Reference value :  5.23016e-06
 Reference value :  5.23266e-06
 Reference value :  5.23566e-06
 Reference value :  5.23816e-06
 Reference value :  5.24117e-06
 Reference value :  5.24184e-06
 Reference value :  5.24230e-06
 Reference value :  5.24275e-06
 Reference value :  5.24306e-06
 Reference value :  5.24333e-06
 Reference value :  5.24379e-06
 Reference value :  5.24529e-06
 Reference value :  5.24629e-06
 Reference value :  5.24729e-06
 Reference value :  5.25029e-06
 Reference value :  5.25279e-06
 Reference value :  5.25529e-06
 Reference value :  5.25779e-06
 Reference value :  5.26079e-06
 Reference value :  5.26229e-06
 Reference value :  5.26629e-06
 Reference value :  5.26829e-06
 Reference value :  5.27029e-06
 Reference value :  5.27229e-06
 Reference value :  5.27479e-06
 Reference value :  5.27629e-06
 Reference value :  5.27729e-06
 Reference value :  5.27879e-06
 Reference value :  5.28029e-06
 Reference value :  5.28256e-06
 Reference value :  5.28318e-06
 Reference value :  5.28346e-06
 Reference value :  5.28385e-06
 Reference value :  5.28392e-06
 Reference value :  5.28450e-06
 Reference value :  5.28471e-06
 Reference value :  5.28606e-06
 Reference value :  5.28856e-06
 Reference value :  5.29206e-06
 Reference value :  5.29556e-06
 Reference value :  5.29806e-06
 Reference value :  5.30206e-06
 Reference value :  5.30556e-06
 Reference value :  5.30756e-06
 Reference value :  5.31106e-06
 Reference value :  5.31356e-06
 Reference value :  5.31656e-06
 Reference value :  5.31856e-06
 Reference value :  5.32156e-06
 Reference value :  5.32455e-06
 Reference value :  5.32517e-06
 Reference value :  5.32581e-06
 Reference value :  5.32668e-06
 Reference value :  5.32849e-06
 Reference value :  5.33249e-06
 Reference value :  5.33499e-06
 Reference value :  5.33599e-06
 Reference value :  5.33849e-06
 Reference value :  5.34149e-06
 Reference value :  5.34449e-06
 Reference value :  5.34799e-06
 Reference value :  5.35049e-06
 Reference value :  5.35299e-06
 Reference value :  5.35599e-06
 Reference value :  5.35949e-06
 Reference value :  5.36099e-06
 Reference value :  5.36449e-06
 Reference value :  5.36632e-06
 Reference value :  5.36679e-06
 Reference value :  5.36717e-06
 Reference value :  5.36758e-06
 Reference value :  5.36776e-06
 Reference value :  5.36851e-06
 Reference value :  5.37187e-06
 Reference value :  5.37537e-06
 Reference value :  5.37637e-06
 Reference value :  5.37937e-06
 Reference value :  5.38337e-06
 Reference value :  5.38687e-06
 Reference value :  5.38937e-06
 Reference value :  5.39237e-06
 Reference value :  5.39437e-06
 Reference value :  5.39737e-06
 Reference value :  5.39937e-06
 Reference value :  5.40287e-06
 Reference value :  5.40537e-06
 Reference value :  5.40737e-06
 Reference value :  5.40851e-06
 Reference value :  5.40950e-06
 Reference value :  5.41139e-06
 Reference value :  5.41539e-06
 Reference value :  5.41789e-06
 Reference value :  5.42089e-06
 Reference value :  5.42389e-06
 Reference value :  5.42539e-06
 Reference value :  5.42939e-06
 Reference value :  5.43239e-06
 Reference value :  5.43439e-06
 Reference value :  5.43839e-06
 Reference value :  5.44089e-06
 Reference value :  5.44239e-06
 Reference value :  5.44439e-06
 Reference value :  5.44739e-06
 Reference value :  5.44955e-06
 Reference value :  5.45012e-06
 Reference value :  5.45054e-06
 Reference value :  5.45140e-06
 Reference value :  5.45281e-06
 Reference value :  5.45581e-06
 Reference value :  5.45781e-06
 Reference value :  5.45931e-06
 Reference value :  5.46181e-06
 Reference value :  5.46581e-06
 Reference value :  5.46831e-06
 Reference value :  5.47081e-06
 Reference value :  5.47431e-06
 Reference value :  5.47781e-06
 Reference value :  5.47981e-06
 Reference value :  5.48181e-06
 Reference value :  5.48531e-06
 Reference value :  5.48731e-06
 Reference value :  5.48831e-06
 Reference value :  5.49074e-06
 Reference value :  5.49152e-06
 Reference value :  5.49184e-06
 Reference value :  5.49217e-06
 Reference value :  5.49230e-06
 Reference value :  5.49323e-06
 Reference value :  5.49422e-06
 Reference value :  5.49622e-06
 Reference value :  5.49772e-06
 Reference value :  5.50072e-06
 Reference value :  5.50222e-06
 Reference value :  5.50622e-06
 Reference value :  5.50922e-06
 Reference value :  5.51072e-06
 Reference value :  5.51272e-06
 Reference value :  5.51372e-06
 Reference value :  5.51622e-06
 Reference value :  5.51872e-06
 Reference value :  5.52072e-06
 Reference value :  5.52322e-06
 Reference value :  5.52522e-06
 Reference value :  5.52872e-06
 Reference value :  5.53122e-06
 Reference value :  5.53288e-06
 Reference value :  5.53346e-06
 Reference value :  5.53364e-06
 Reference value :  5.53387e-06
 Reference value :  5.53425e-06
 Reference value :  5.53515e-06
 Reference value :  5.53765e-06
 Reference value :  5.54115e-06
 Reference value :  5.54365e-06
 Reference value :  5.54565e-06
 Reference value :  5.54865e-06
 Reference value :  5.55115e-06
 Reference value :  5.55265e-06
 Reference value :  5.55515e-06
 Reference value :  5.55765e-06
 Reference value :  5.56015e-06
 Reference value :  5.56315e-06
 Reference value :  5.56665e-06
 Reference value :  5.56915e-06
 Reference value :  5.57265e-06
 Reference value :  5.57450e-06
 Reference value :  5.57550e-06
 Reference value :  5.57617e-06
 Reference value :  5.57855e-06
 Reference value :  5.58255e-06
 Reference value :  5.58505e-06
 Reference value :  5.58805e-06
 Reference value :  5.58905e-06
 Reference value :  5.59155e-06
 Reference value :  5.59355e-06
 Reference value :  5.59605e-06
 Reference value :  5.59955e-06
 Reference value :  5.60205e-06
 Reference value :  5.60455e-06
 Reference value :  5.60805e-06
 Reference value :  5.61055e-06
 Reference value :  5.61205e-06
 Reference value :  5.61555e-06
 Reference value :  5.61679e-06
 Reference value :  5.61728e-06
 Reference value :  5.61782e-06
 Reference value :  5.61982e-06
 Reference value :  5.62182e-06
 Reference value :  5.62382e-06
 Reference value :  5.62632e-06
 Reference value :  5.62982e-06
 Reference value :  5.63282e-06
 Reference value :  5.63532e-06
 Reference value :  5.63882e-06
 Reference value :  5.64082e-06
 Reference value :  5.64382e-06
 Reference value :  5.64632e-06
 Reference value :  5.64832e-06
 Reference value :  5.65132e-06
 Reference value :  5.65282e-06
 Reference value :  5.65482e-06
 Reference value :  5.65757e-06
 Reference value :  5.65851e-06
 Reference value :  5.65915e-06
 Reference value :  5.66138e-06
 Reference value :  5.66538e-06
 Reference value :  5.66788e-06
 Reference value :  5.66888e-06
 Reference value :  5.67288e-06
 Reference value :  5.67438e-06
 Reference value :  5.67588e-06
 Reference value :  5.67938e-06
 Reference value :  5.68088e-06
 Reference value :  5.68238e-06
 Reference value :  5.68638e-06
 Reference value :  5.68988e-06
 Reference value :  5.69138e-06
 Reference value :  5.69438e-06
 Reference value :  5.69788e-06
 Reference value :  5.69955e-06
 Reference value :  5.70012e-06
 Reference value :  5.70050e-06
 Reference value :  5.70091e-06
 Reference value :  5.70161e-06
 Reference value :  5.70411e-06
 Reference value :  5.70611e-06
 Reference value :  5.70861e-06
 Reference value :  5.71211e-06
 Reference value :  5.71511e-06
 Reference value :  5.71611e-06
 Reference value :  5.71711e-06
 Reference value :  5.71961e-06
 Reference value :  5.72061e-06
 Reference value :  5.72211e-06
 Reference value :  5.72561e-06
 Reference value :  5.72711e-06
 Reference value :  5.72861e-06
 Reference value :  5.73111e-06
 Reference value :  5.73361e-06
 Reference value :  5.73611e-06
 Reference value :  5.73961e-06
 Reference value :  5.74132e-06
 Reference value :  5.74184e-06
 Reference value :  5.74221e-06
 Reference value :  5.74284e-06
 Reference value :  5.74572e-06
 Reference value :  5.74872e-06
 Reference value :  5.75222e-06
 Reference value :  5.75372e-06
 Reference value :  5.75622e-06
 Reference value :  5.75922e-06
 Reference value :  5.76172e-06
 Reference value :  5.76372e-06
 Reference value :  5.76722e-06
 Reference value :  5.77072e-06
 Reference value :  5.77272e-06
 Reference value :  5.77522e-06
 Reference value :  5.77672e-06
 Reference value :  5.78022e-06
 Reference value :  5.78222e-06
 Reference value :  5.78342e-06
 Reference value :  5.78383e-06
 Reference value :  5.78396e-06
 Reference value :  5.78518e-06
 Reference value :  5.78667e-06
 Reference value :  5.78917e-06
 Reference value :  5.79217e-06
 Reference value :  5.79417e-06
 Reference value :  5.79667e-06
 Reference value :  5.79967e-06
 Reference value :  5.80317e-06
 Reference value :  5.80667e-06
 Reference value :  5.80867e-06
 Reference value :  5.81117e-06
 Reference value :  5.81467e-06
 Reference value :  5.81867e-06
 Reference value :  5.82067e-06
 Reference value :  5.82409e-06
 Reference value :  5.82465e-06
 Reference value :  5.82517e-06
 Reference value :  5.82554e-06
 Reference value :  5.82656e-06
 Reference value :  5.82855e-06
 Reference value :  5.83205e-06
 Reference value :  5.83505e-06
 Reference value :  5.83755e-06
 Reference value :  5.83905e-06
 Reference value :  5.84255e-06
 Reference value :  5.84605e-06
 Reference value :  5.84805e-06
 Reference value :  5.85105e-06
 Reference value :  5.85455e-06
 Reference value :  5.85655e-06
 Reference value :  5.85905e-06
 Reference value :  5.86105e-06
 Reference value :  5.86405e-06
 Reference value :  5.86652e-06
 Reference value :  5.86675e-06
 Reference value :  5.86717e-06
 Reference value :  5.86724e-06
 Reference value :  5.86751e-06
 Reference value :  5.86829e-06
 Reference value :  5.87179e-06
 Reference value :  5.87529e-06
 Reference value :  5.87829e-06
 Reference value :  5.88079e-06
 Reference value :  5.88329e-06
 Reference value :  5.88579e-06
 Reference value :  5.88929e-06
 Reference value :  5.89079e-06
 Reference value :  5.89279e-06
 Reference value :  5.89529e-06
 Reference value :  5.89679e-06
 Reference value :  5.90029e-06
 Reference value :  5.90179e-06
 Reference value :  5.90379e-06
 Reference value :  5.90529e-06
 Reference value :  5.90679e-06
 Reference value :  5.90783e-06
 Reference value :  5.90883e-06
 Reference value :  5.90989e-06
 Reference value :  5.91138e-06
 Reference value :  5.91388e-06
 Reference value :  5.91488e-06
 Reference value :  5.91688e-06
 Reference value :  5.91888e-06
 Reference value :  5.92038e-06
 Reference value :  5.92238e-06
 Reference value :  5.92438e-06
 Reference value :  5.92588e-06
 Reference value :  5.92738e-06
 Reference value :  5.92838e-06
 Reference value :  5.92988e-06
 Reference value :  5.93138e-06
 Reference value :  5.93238e-06
 Reference value :  5.93438e-06
 Reference value :  5.93538e-06
 Reference value :  5.93738e-06
 Reference value :  5.93888e-06
 Reference value :  5.94038e-06
 Reference value :  5.94188e-06
 Reference value :  5.94388e-06
 Reference value :  5.94638e-06
 Reference value :  5.94788e-06
 Reference value :  5.94919e-06
 Reference value :  5.95008e-06
 Reference value :  5.95029e-06
 Reference value :  5.95069e-06
 Reference value :  5.95121e-06
 Reference value :  5.95254e-06
 Reference value :  5.95404e-06
 Reference value :  5.95704e-06
 Reference value :  5.95804e-06
 Reference value :  5.96054e-06
 Reference value :  5.96254e-06
 Reference value :  5.96504e-06
 Reference value :  5.96804e-06
 Reference value :  5.96954e-06
 Reference value :  5.97154e-06
 Reference value :  5.97454e-06
 Reference value :  5.97654e-06
 Reference value :  5.97754e-06
 Reference value :  5.97954e-06
 Reference value :  5.98154e-06
 Reference value :  5.98304e-06
 Reference value :  5.98404e-06
 Reference value :  5.98554e-06
 Reference value :  5.98804e-06
 Reference value :  5.99004e-06
 Reference value :  5.99122e-06
 Reference value :  5.99184e-06
 Reference value :  5.99230e-06
 Reference value :  5.99472e-06
 Reference value :  5.99572e-06
 Reference value :  5.99772e-06
 Reference value :  5.99872e-06
 Reference value :  6.00072e-06
 Reference value :  6.00422e-06
 Reference value :  6.00622e-06
 Reference value :  6.00972e-06
 Reference value :  6.01222e-06
 Reference value :  6.01472e-06
 Reference value :  6.01672e-06
 Reference value :  6.01772e-06
 Reference value :  6.02022e-06
 Reference value :  6.02172e-06
 Reference value :  6.02372e-06
 Reference value :  6.02572e-06
 Reference value :  6.02822e-06
 Reference value :  6.03022e-06
 Reference value :  6.03252e-06
 Reference value :  6.03318e-06
 Reference value :  6.03351e-06
 Reference value :  6.03383e-06
 Reference value :  6.03393e-06
 Reference value :  6.03424e-06
 Reference value :  6.03447e-06
 Reference value :  6.03510e-06
 Reference value :  6.03660e-06
 Reference value :  6.03810e-06
 Reference value :  6.04060e-06
 Reference value :  6.04160e-06
 Reference value :  6.04410e-06
 Reference value :  6.04560e-06
 Reference value :  6.04810e-06
 Reference value :  6.05010e-06
 Reference value :  6.05110e-06
 Reference value :  6.05260e-06
 Reference value :  6.05560e-06
 Reference value :  6.05810e-06
 Reference value :  6.06010e-06
 Reference value :  6.06160e-06
 Reference value :  6.06360e-06
 Reference value :  6.06560e-06
 Reference value :  6.06710e-06
 Reference value :  6.06860e-06
 Reference value :  6.07010e-06
 Reference value :  6.07260e-06
 Reference value :  6.07455e-06
 Reference value :  6.07517e-06
 Reference value :  6.07554e-06
 Reference value :  6.07656e-06
 Reference value :  6.07855e-06
 Reference value :  6.07955e-06
 Reference value :  6.08105e-06
 Reference value :  6.08455e-06
 Reference value :  6.08755e-06
 Reference value :  6.09055e-06
 Reference value :  6.09355e-06
 Reference value :  6.09505e-06
 Reference value :  6.09705e-06
 Reference value :  6.09805e-06
 Reference value :  6.09905e-06
 Reference value :  6.10105e-06
 Reference value :  6.10305e-06
 Reference value :  6.10455e-06
 Reference value :  6.10655e-06
 Reference value :  6.10805e-06
 Reference value :  6.10955e-06
 Reference value :  6.11105e-06
 Reference value :  6.11255e-06
 Reference value :  6.11555e-06
 Reference value :  6.11632e-06
 Reference value :  6.11675e-06
 Reference value :  6.11717e-06
 Reference value :  6.11725e-06
 Reference value :  6.11741e-06
 Reference value :  6.11760e-06
 Reference value :  6.11790e-06
 Reference value :  6.11825e-06
 Reference value :  6.12082e-06
 Reference value :  6.12232e-06
 Reference value :  6.12382e-06
 Reference value :  6.12482e-06
 Reference value :  6.12732e-06
 Reference value :  6.12932e-06
 Reference value :  6.13182e-06
 Reference value :  6.13432e-06
 Reference value :  6.13682e-06
 Reference value :  6.13832e-06
 Reference value :  6.13982e-06
 Reference value :  6.14132e-06
 Reference value :  6.14232e-06
 Reference value :  6.14382e-06
 Reference value :  6.14482e-06
 Reference value :  6.14632e-06
 Reference value :  6.14782e-06
 Reference value :  6.14932e-06
 Reference value :  6.15132e-06
 Reference value :  6.15382e-06
 Reference value :  6.15632e-06
 Reference value :  6.15758e-06
 Reference value :  6.15818e-06
 Reference value :  6.15883e-06
 Reference value :  6.15918e-06
 Reference value :  6.15947e-06
 Reference value :  6.15999e-06
 Reference value :  6.16041e-06
 Reference value :  6.16137e-06
 Reference value :  6.16437e-06
 Reference value :  6.16537e-06
 Reference value :  6.16837e-06
 Reference value :  6.16987e-06
 Reference value :  6.17087e-06
 Reference value :  6.17237e-06
 Reference value :  6.17387e-06
 Reference value :  6.17687e-06
 Reference value :  6.17837e-06
 Reference value :  6.18137e-06
 Reference value :  6.18237e-06
 Reference value :  6.18537e-06
 Reference value :  6.18687e-06
 Reference value :  6.19037e-06
 Reference value :  6.19237e-06
 Reference value :  6.19337e-06
 Reference value :  6.19637e-06
 Reference value :  6.19737e-06
 Reference value :  6.19918e-06
 Reference value :  6.19965e-06
 Reference value :  6.20013e-06
 Reference value :  6.20032e-06
 Reference value :  6.20053e-06
 Reference value :  6.20067e-06
 Reference value :  6.20097e-06
 Reference value :  6.20106e-06
 Reference value :  6.20125e-06
 Reference value :  6.20144e-06
 Reference value :  6.20215e-06
 Reference value :  6.20565e-06
 Reference value :  6.20865e-06
 Reference value :  6.21115e-06
 Reference value :  6.21315e-06
 Reference value :  6.21415e-06
 Reference value :  6.21565e-06
 Reference value :  6.21715e-06
 Reference value :  6.21815e-06
 Reference value :  6.21915e-06
 Reference value :  6.22065e-06
 Reference value :  6.22165e-06
 Reference value :  6.22315e-06
 Reference value :  6.22465e-06
 Reference value :  6.22615e-06
 Reference value :  6.22715e-06
 Reference value :  6.22865e-06
 Reference value :  6.23115e-06
 Reference value :  6.23315e-06
 Reference value :  6.23415e-06
 Reference value :  6.23615e-06
 Reference value :  6.23715e-06
 Reference value :  6.24065e-06
 Reference value :  6.24122e-06
 Reference value :  6.24184e-06
 Reference value :  6.24217e-06
 Reference value :  6.24230e-06
 Reference value :  6.24275e-06
 Reference value :  6.24306e-06
 Reference value :  6.24333e-06
 Reference value :  6.24356e-06
 Reference value :  6.24404e-06
 Reference value :  6.24479e-06
 Reference value :  6.24579e-06
 Reference value :  6.24679e-06
 Reference value :  6.24779e-06
 Reference value :  6.25079e-06
 Reference value :  6.25279e-06
 Reference value :  6.25579e-06
 Reference value :  6.25879e-06
 Reference value :  6.26079e-06
 Reference value :  6.26479e-06
 Reference value :  6.26629e-06
 Reference value :  6.26779e-06
 Reference value :  6.26879e-06
 Reference value :  6.27029e-06
 Reference value :  6.27179e-06
 Reference value :  6.27529e-06
 Reference value :  6.27679e-06
 Reference value :  6.27829e-06
 Reference value :  6.28129e-06
 Reference value :  6.28256e-06
 Reference value :  6.28316e-06
No. of Data Rows : 14198

  Measurements for Transient Analysis

d9_c1               =  1.92119e-05
d8_c1               =  2.47714e-05
d7_c1               =  1.79997e+00
d6_c1               =  1.79997e+00
d5_c1               =  1.79997e+00
d4_c1               =  2.46752e-05
d3_c1               =  2.48678e-05
d2_c1               =  2.49224e-05
d1_c1               =  2.50242e-05
d0_c1               =  1.79997e+00
d9_c2               =  1.57266e-05
d8_c2               =  1.79997e+00
d7_c2               =  2.00551e-05
d6_c2               =  1.79997e+00
d5_c2               =  1.79997e+00
d4_c2               =  1.79997e+00
d3_c2               =  1.79997e+00
d2_c2               =  1.79997e+00
d1_c2               =  1.79997e+00
d0_c2               =  1.79997e+00
d9_c3               =  1.42088e-05
d8_c3               =  1.79998e+00
d7_c3               =  1.79998e+00
d6_c3               =  1.79998e+00
d5_c3               =  1.79998e+00
d4_c3               =  1.79998e+00
d3_c3               =  1.79998e+00
d2_c3               =  1.79997e+00
d1_c3               =  1.79998e+00
d0_c3               =  1.79997e+00
d9_c4               =  1.79998e+00
d8_c4               =  2.17126e-05
d7_c4               =  1.79997e+00
d6_c4               =  2.17125e-05
d5_c4               =  2.17124e-05
d4_c4               =  2.17128e-05
d3_c4               =  2.17128e-05
d2_c4               =  2.17128e-05
d1_c4               =  2.17127e-05
d0_c4               =  1.79997e+00
d9_c5               =  1.79998e+00
d8_c5               =  1.79997e+00
d7_c5               =  1.79997e+00
d6_c5               =  1.79997e+00
d5_c5               =  1.79997e+00
d4_c5               =  1.79997e+00
d3_c5               =  1.79997e+00
d2_c5               =  1.79997e+00
d1_c5               =  1.79997e+00
d0_c5               =  1.79997e+00
busy_c1_p0          =  1.79997e+00
smpl_c1_p0          =  -2.45591e-04
busy_c1_p1          =  1.79997e+00
smpl_c1_p1          =  1.04300e-06
busy_c1_p2          =  1.79997e+00
smpl_c1_p2          =  5.84882e-06
busy_c1_p3          =  1.79997e+00
smpl_c1_p3          =  1.34801e-06
busy_c1_p4          =  1.79997e+00
smpl_c1_p4          =  1.34438e-06
busy_c1_p5          =  1.79997e+00
smpl_c1_p5          =  1.39028e-06
busy_c1_p6          =  1.79997e+00
smpl_c1_p6          =  1.31918e-06
busy_c1_p7          =  1.79997e+00
smpl_c1_p7          =  1.34062e-06
busy_c1_p8          =  1.79997e+00
smpl_c1_p8          =  1.36387e-06
busy_c1_p9          =  1.79997e+00
smpl_c1_p9          =  9.74492e-07
busy_c1_p10         =  1.79997e+00
smpl_c1_p10         =  4.04907e-06
busy_c1_p11         =  1.73539e-05
smpl_c1_p11         =  1.80005e+00
busy_c2_p0          =  1.79997e+00
smpl_c2_p0          =  -2.45942e-04
busy_c2_p1          =  1.79997e+00
smpl_c2_p1          =  1.35780e-06
busy_c2_p2          =  1.79997e+00
smpl_c2_p2          =  1.56320e-06
busy_c2_p3          =  1.79997e+00
smpl_c2_p3          =  1.41748e-06
busy_c2_p4          =  1.79997e+00
smpl_c2_p4          =  1.50499e-06
busy_c2_p5          =  1.79997e+00
smpl_c2_p5          =  1.55998e-06
busy_c2_p6          =  1.79997e+00
smpl_c2_p6          =  1.54253e-06
busy_c2_p7          =  1.79997e+00
smpl_c2_p7          =  1.55450e-06
busy_c2_p8          =  1.79997e+00
smpl_c2_p8          =  1.56271e-06
busy_c2_p9          =  1.79997e+00
smpl_c2_p9          =  1.14922e-06
busy_c2_p10         =  1.79997e+00
smpl_c2_p10         =  6.61949e-07
busy_c2_p11         =  1.84363e-05
smpl_c2_p11         =  1.80005e+00
busy_c3_p0          =  1.79997e+00
smpl_c3_p0          =  -2.45780e-04
busy_c3_p1          =  1.79997e+00
smpl_c3_p1          =  1.34418e-06
busy_c3_p2          =  1.79997e+00
smpl_c3_p2          =  1.39798e-06
busy_c3_p3          =  1.79997e+00
smpl_c3_p3          =  1.46200e-06
busy_c3_p4          =  1.79997e+00
smpl_c3_p4          =  1.55422e-06
busy_c3_p5          =  1.79997e+00
smpl_c3_p5          =  1.62368e-06
busy_c3_p6          =  1.79997e+00
smpl_c3_p6          =  1.61345e-06
busy_c3_p7          =  1.79997e+00
smpl_c3_p7          =  1.63489e-06
busy_c3_p8          =  1.79997e+00
smpl_c3_p8          =  1.64109e-06
busy_c3_p9          =  1.79997e+00
smpl_c3_p9          =  1.22977e-06
busy_c3_p10         =  1.79997e+00
smpl_c3_p10         =  -1.41225e-07
busy_c3_p11         =  1.84275e-05
smpl_c3_p11         =  1.80005e+00
busy_c4_p0          =  1.79997e+00
smpl_c4_p0          =  -2.46039e-04
busy_c4_p1          =  1.79997e+00
smpl_c4_p1          =  5.19032e-07
busy_c4_p2          =  1.79997e+00
smpl_c4_p2          =  6.99389e-07
busy_c4_p3          =  1.79997e+00
smpl_c4_p3          =  5.57516e-07
busy_c4_p4          =  1.79997e+00
smpl_c4_p4          =  6.43506e-07
busy_c4_p5          =  1.79997e+00
smpl_c4_p5          =  6.98219e-07
busy_c4_p6          =  1.79997e+00
smpl_c4_p6          =  6.94663e-07
busy_c4_p7          =  1.79997e+00
smpl_c4_p7          =  7.01164e-07
busy_c4_p8          =  1.79997e+00
smpl_c4_p8          =  6.95635e-07
busy_c4_p9          =  1.79997e+00
smpl_c4_p9          =  2.86528e-07
busy_c4_p10         =  1.79997e+00
smpl_c4_p10         =  1.62411e-06
busy_c4_p11         =  1.78312e-05
smpl_c4_p11         =  1.80005e+00
busy_c5_p0          =  1.79997e+00
smpl_c5_p0          =  -2.46261e-04
busy_c5_p1          =  1.79997e+00
smpl_c5_p1          =  2.46836e-07
busy_c5_p2          =  1.79997e+00
smpl_c5_p2          =  4.88643e-06
busy_c5_p3          =  1.79997e+00
smpl_c5_p3          =  8.70606e-06
busy_c5_p4          =  1.79997e+00
smpl_c5_p4          =  7.46171e-06
busy_c5_p5          =  1.79997e+00
smpl_c5_p5          =  5.77350e-06
busy_c5_p6          =  1.79997e+00
smpl_c5_p6          =  4.16520e-06
busy_c5_p7          =  1.79997e+00
smpl_c5_p7          =  3.00312e-06
busy_c5_p8          =  1.79997e+00
smpl_c5_p8          =  2.30849e-06
busy_c5_p9          =  1.79997e+00
smpl_c5_p9          =  1.43917e-06
busy_c5_p10         =  1.79996e+00
smpl_c5_p10         =  8.65789e-06
busy_c5_p11         =  2.01753e-05
smpl_c5_p11         =  1.80005e+00
i_vdd               =  -2.11295e-06 from=  3.20000e-06 to=  4.20013e-06
i_vpwr              =  -6.93972e-06 from=  3.20000e-06 to=  4.20013e-06
i_vrefp             =  -6.49956e-06 from=  3.20000e-06 to=  4.20013e-06
i_vrefn             =  6.48410e-06 from=  3.20000e-06 to=  4.20013e-06
i_vcm               =  1.27341e-08 from=  3.20000e-06 to=  4.20013e-06
gnd_die_pp          =  4.93100e-05 from=  3.20000e-06 to=  4.20000e-06
gnd_die_max         =  3.44366e-05 at=  4.11754e-06
gnd_die_min         =  -1.48733e-05 at=  3.20059e-06
vgnd_die_pp         =  1.28499e-04 from=  3.20000e-06 to=  4.20000e-06
vgnd_die_max        =  1.00299e-04 at=  3.95025e-06
vgnd_die_min        =  -2.81993e-05 at=  3.99217e-06
vdd_die_pp          =  6.31734e-05 from=  3.20000e-06 to=  4.20000e-06
vdd_die_max         =  1.80001e+00 at=  3.40888e-06
vdd_die_min         =  1.79995e+00 at=  3.20087e-06
vpwr_die_pp         =  1.07479e-04 from=  3.20000e-06 to=  4.20000e-06
vpwr_die_max        =  1.80003e+00 at=  4.03383e-06
vpwr_die_min        =  1.79992e+00 at=  3.95025e-06
i_gnda              =  2.20380e-06 from=  3.20000e-06 to=  4.20013e-06
dm_c2_p0_topp       =  6.74997e-01
dm_c2_p0_topn       =  1.12605e+00
dm_c2_p0_comp       =  2.19205e-04
dm_c2_p0_dout       =  -1.24532e-04
dm_c2_p1_topp       =  6.74848e-01
dm_c2_p1_topn       =  2.31669e-01
dm_c2_p1_comp       =  1.79987e+00
dm_c2_p1_dout       =  4.77672e-05
dm_c2_p2_topp       =  6.74870e-01
dm_c2_p2_topn       =  6.77823e-01
dm_c2_p2_comp       =  1.80900e-03
dm_c2_p2_dout       =  1.80001e+00
dm_c2_p3_topp       =  6.74845e-01
dm_c2_p3_topn       =  4.54699e-01
dm_c2_p3_comp       =  1.79988e+00
dm_c2_p3_dout       =  4.49843e-05
dm_c2_p4_topp       =  6.74850e-01
dm_c2_p4_topn       =  5.66270e-01
dm_c2_p4_comp       =  1.79990e+00
dm_c2_p4_dout       =  5.98818e-05
dm_c2_p5_topp       =  6.74853e-01
dm_c2_p5_topn       =  6.22039e-01
dm_c2_p5_comp       =  1.79990e+00
dm_c2_p5_dout       =  3.28365e-05
dm_c2_p6_topp       =  6.74860e-01
dm_c2_p6_topn       =  6.49933e-01
dm_c2_p6_comp       =  1.79987e+00
dm_c2_p6_dout       =  5.97028e-05
dm_c2_p7_topp       =  6.74859e-01
dm_c2_p7_topn       =  6.63874e-01
dm_c2_p7_comp       =  1.79983e+00
dm_c2_p7_dout       =  2.89302e-05
dm_c2_p8_topp       =  6.74861e-01
dm_c2_p8_topn       =  6.70850e-01
dm_c2_p8_comp       =  1.79977e+00
dm_c2_p8_dout       =  -1.05585e-06
dm_c2_p9_topp       =  6.74862e-01
dm_c2_p9_topn       =  6.74334e-01
dm_c2_p9_comp       =  1.79938e+00
dm_c2_p9_dout       =  1.83796e-05
dm_code_c2_b0       =  1.79997e+00
dm_code_c2_b1       =  1.79997e+00
dm_code_c2_b2       =  1.79997e+00
dm_code_c2_b3       =  1.79997e+00
dm_code_c2_b4       =  1.79997e+00
dm_code_c2_b5       =  1.79997e+00
dm_code_c2_b6       =  1.79997e+00
dm_code_c2_b7       =  2.00551e-05
dm_code_c2_b8       =  1.79997e+00
dm_code_c2_b9       =  1.57266e-05
dm_c3_p0_topp       =  9.00443e-01
dm_c3_p0_topn       =  9.00444e-01
dm_c3_p0_comp       =  1.13854e-04
dm_c3_p0_dout       =  -6.75221e-05
dm_c3_p1_topp       =  9.00432e-01
dm_c3_p1_topn       =  6.20693e-03
dm_c3_p1_comp       =  1.80002e+00
dm_c3_p1_dout       =  3.25133e-05
dm_c3_p2_topp       =  9.00454e-01
dm_c3_p2_topn       =  4.52362e-01
dm_c3_p2_comp       =  1.80000e+00
dm_c3_p2_dout       =  4.15127e-05
dm_c3_p3_topp       =  9.00449e-01
dm_c3_p3_topn       =  6.75531e-01
dm_c3_p3_comp       =  1.80002e+00
dm_c3_p3_dout       =  4.29663e-05
dm_c3_p4_topp       =  9.00448e-01
dm_c3_p4_topn       =  7.87109e-01
dm_c3_p4_comp       =  1.80001e+00
dm_c3_p4_dout       =  4.41510e-05
dm_c3_p5_topp       =  9.00451e-01
dm_c3_p5_topn       =  8.42907e-01
dm_c3_p5_comp       =  1.79999e+00
dm_c3_p5_dout       =  2.58031e-05
dm_c3_p6_topp       =  9.00444e-01
dm_c3_p6_topn       =  8.70801e-01
dm_c3_p6_comp       =  1.80000e+00
dm_c3_p6_dout       =  5.50437e-05
dm_c3_p7_topp       =  9.00443e-01
dm_c3_p7_topn       =  8.84749e-01
dm_c3_p7_comp       =  1.79999e+00
dm_c3_p7_dout       =  2.79912e-05
dm_c3_p8_topp       =  9.00447e-01
dm_c3_p8_topn       =  8.91727e-01
dm_c3_p8_comp       =  1.79996e+00
dm_c3_p8_dout       =  6.00077e-08
dm_c3_p9_topp       =  9.00453e-01
dm_c3_p9_topn       =  8.95208e-01
dm_c3_p9_comp       =  1.79996e+00
dm_c3_p9_dout       =  1.95407e-05
dm_code_c3_b0       =  1.79997e+00
dm_code_c3_b1       =  1.79998e+00
dm_code_c3_b2       =  1.79997e+00
dm_code_c3_b3       =  1.79998e+00
dm_code_c3_b4       =  1.79998e+00
dm_code_c3_b5       =  1.79998e+00
dm_code_c3_b6       =  1.79998e+00
dm_code_c3_b7       =  1.79998e+00
dm_code_c3_b8       =  1.79998e+00
dm_code_c3_b9       =  1.42088e-05
dm_c4_p0_topp       =  1.12605e+00
dm_c4_p0_topn       =  6.75021e-01
dm_c4_p0_comp       =  1.79992e+00
dm_c4_p0_dout       =  1.80047e+00
dm_c4_p1_topp       =  2.33401e-01
dm_c4_p1_topn       =  6.73117e-01
dm_c4_p1_comp       =  1.01521e-02
dm_c4_p1_dout       =  -1.94880e-04
dm_c4_p2_topp       =  6.79556e-01
dm_c4_p2_topn       =  6.73148e-01
dm_c4_p2_comp       =  1.79998e+00
dm_c4_p2_dout       =  1.80000e+00
dm_c4_p3_topp       =  4.56481e-01
dm_c4_p3_topn       =  6.73123e-01
dm_c4_p3_comp       =  9.80283e-03
dm_c4_p3_dout       =  -2.26939e-04
dm_c4_p4_topp       =  5.68002e-01
dm_c4_p4_topn       =  6.73127e-01
dm_c4_p4_comp       =  7.22232e-03
dm_c4_p4_dout       =  -3.58720e-04
dm_c4_p5_topp       =  6.23774e-01
dm_c4_p5_topn       =  6.73127e-01
dm_c4_p5_comp       =  7.96790e-03
dm_c4_p5_dout       =  1.15272e-04
dm_c4_p6_topp       =  6.51665e-01
dm_c4_p6_topn       =  6.73136e-01
dm_c4_p6_comp       =  1.03913e-02
dm_c4_p6_dout       =  -2.26960e-04
dm_c4_p7_topp       =  6.65615e-01
dm_c4_p7_topn       =  6.73125e-01
dm_c4_p7_comp       =  1.43703e-02
dm_c4_p7_dout       =  1.40914e-05
dm_c4_p8_topp       =  6.72587e-01
dm_c4_p8_topn       =  6.73140e-01
dm_c4_p8_comp       =  4.23432e-02
dm_c4_p8_dout       =  -1.10925e-05
dm_c4_p9_topp       =  6.76068e-01
dm_c4_p9_topn       =  6.73139e-01
dm_c4_p9_comp       =  1.79986e+00
dm_c4_p9_dout       =  1.80000e+00
dm_code_c4_b0       =  1.79997e+00
dm_code_c4_b1       =  2.17127e-05
dm_code_c4_b2       =  2.17128e-05
dm_code_c4_b3       =  2.17128e-05
dm_code_c4_b4       =  2.17128e-05
dm_code_c4_b5       =  2.17124e-05
dm_code_c4_b6       =  2.17125e-05
dm_code_c4_b7       =  1.79997e+00
dm_code_c4_b8       =  2.17126e-05
dm_code_c4_b9       =  1.79998e+00


Total analysis time (seconds) = 1029.34

Total elapsed time (seconds) = 1046.445 

Total DRAM available = 31552.211 MB.
DRAM currently available = 11755.184 MB.
Maximum ngspice program size =  828.977 MB.
Current ngspice program size =  765.691 MB.

Shared ngspice pages =    8.441 MB.
Text (code) pages =    6.355 MB.
Stack = 0 bytes.
Library pages =  814.289 MB.

Note: Starting dynamic gmin stepping
Note: Dynamic gmin stepping completed
