
Note: Compatibility modes selected: hs a


Circuit: * sim/supply-impedance-sensitivity -- ground/supply-return impedance

option SCALE: Scale is set to 1e-06 for instance and model parameters
option SCALE: Scale is set to 1e-06 for instance and model parameters
option SCALE: Scale is set to 1e-06 for instance and model parameters
option SCALE: Scale is set to 1e-06 for instance and model parameters
Doing analysis at TEMP = 27.000000 and TNOM = 27.000000

Using KLU as Direct Linear Solver
 Reference value :  0.00000e+00
 Reference value :  6.40000e-10
 Reference value :  4.64000e-09
 Reference value :  8.64000e-09
 Reference value :  1.31400e-08
 Reference value :  1.66400e-08
 Reference value :  2.00000e-08
 Reference value :  2.00296e-08
 Reference value :  2.01122e-08
 Reference value :  2.02082e-08
 Reference value :  2.03216e-08
 Reference value :  2.04228e-08
 Reference value :  2.05183e-08
 Reference value :  2.06366e-08
 Reference value :  2.08014e-08
 Reference value :  2.10173e-08
 Reference value :  2.10674e-08
 Reference value :  2.11486e-08
 Reference value :  2.11822e-08
 Reference value :  2.12584e-08
 Reference value :  2.13471e-08
 Reference value :  2.14392e-08
 Reference value :  2.15349e-08
 Reference value :  2.16401e-08
 Reference value :  2.17736e-08
 Reference value :  2.20491e-08
 Reference value :  2.22938e-08
 Reference value :  2.29387e-08
 Reference value :  2.44698e-08
 Reference value :  2.74698e-08
 Reference value :  3.04698e-08
 Reference value :  3.34698e-08
 Reference value :  3.64698e-08
 Reference value :  3.99698e-08
 Reference value :  4.39698e-08
 Reference value :  4.74698e-08
 Reference value :  4.99698e-08
 Reference value :  5.24698e-08
 Reference value :  5.64698e-08
 Reference value :  6.04698e-08
 Reference value :  6.39698e-08
 Reference value :  6.74698e-08
 Reference value :  7.09698e-08
 Reference value :  7.39698e-08
 Reference value :  7.84698e-08
 Reference value :  8.29698e-08
 Reference value :  8.59698e-08
 Reference value :  8.89698e-08
 Reference value :  9.39698e-08
 Reference value :  9.79698e-08
 Reference value :  1.03470e-07
 Reference value :  1.06970e-07
 Reference value :  1.09970e-07
 Reference value :  1.13970e-07
 Reference value :  1.18970e-07
 Reference value :  1.23470e-07
 Reference value :  1.27470e-07
 Reference value :  1.30970e-07
 Reference value :  1.35970e-07
 Reference value :  1.40970e-07
 Reference value :  1.45970e-07
 Reference value :  1.49970e-07
 Reference value :  1.53970e-07
 Reference value :  1.58470e-07
 Reference value :  1.63470e-07
 Reference value :  1.67970e-07
 Reference value :  1.72970e-07
 Reference value :  1.78470e-07
 Reference value :  1.83970e-07
 Reference value :  1.87970e-07
 Reference value :  1.90470e-07
 Reference value :  1.94470e-07
 Reference value :  1.98470e-07
 Reference value :  1.99523e-07
 Reference value :  1.99572e-07
 Reference value :  1.99618e-07
 Reference value :  1.99706e-07
 Reference value :  1.99785e-07
 Reference value :  1.99876e-07
 Reference value :  2.00021e-07
 Reference value :  2.00220e-07
 Reference value :  2.00313e-07
 Reference value :  2.00360e-07
 Reference value :  2.00451e-07
 Reference value :  2.00504e-07
 Reference value :  2.00571e-07
 Reference value :  2.00657e-07
 Reference value :  2.00713e-07
 Reference value :  2.00867e-07
 Reference value :  2.00968e-07
 Reference value :  2.01121e-07
 Reference value :  2.01242e-07
 Reference value :  2.01414e-07
 Reference value :  2.01554e-07
 Reference value :  2.01659e-07
 Reference value :  2.01762e-07
 Reference value :  2.01952e-07
 Reference value :  2.02180e-07
 Reference value :  2.02488e-07
 Reference value :  2.03671e-07
 Reference value :  2.06213e-07
 Reference value :  2.09713e-07
 Reference value :  2.13213e-07
 Reference value :  2.17213e-07
 Reference value :  2.20713e-07
 Reference value :  2.23713e-07
 Reference value :  2.26213e-07
 Reference value :  2.29213e-07
 Reference value :  2.32213e-07
 Reference value :  2.34713e-07
 Reference value :  2.37713e-07
 Reference value :  2.40713e-07
 Reference value :  2.41199e-07
 Reference value :  2.41258e-07
 Reference value :  2.41306e-07
 Reference value :  2.41380e-07
 Reference value :  2.41526e-07
 Reference value :  2.41780e-07
 Reference value :  2.42014e-07
 Reference value :  2.42115e-07
 Reference value :  2.42213e-07
 Reference value :  2.42334e-07
 Reference value :  2.42447e-07
 Reference value :  2.42583e-07
 Reference value :  2.42705e-07
 Reference value :  2.42834e-07
 Reference value :  2.42991e-07
 Reference value :  2.43166e-07
 Reference value :  2.43441e-07
 Reference value :  2.43604e-07
 Reference value :  2.43753e-07
 Reference value :  2.43873e-07
 Reference value :  2.43919e-07
 Reference value :  2.43994e-07
 Reference value :  2.44053e-07
 Reference value :  2.44167e-07
 Reference value :  2.44333e-07
 Reference value :  2.44506e-07
 Reference value :  2.44707e-07
 Reference value :  2.44956e-07
 Reference value :  2.45643e-07
 Reference value :  2.48627e-07
 Reference value :  2.52627e-07
 Reference value :  2.56127e-07
 Reference value :  2.58627e-07
 Reference value :  2.61627e-07
 Reference value :  2.65127e-07
 Reference value :  2.68127e-07
 Reference value :  2.71627e-07
 Reference value :  2.74627e-07
 Reference value :  2.78127e-07
 Reference value :  2.81627e-07
 Reference value :  2.82860e-07
 Reference value :  2.82929e-07
 Reference value :  2.82990e-07
 Reference value :  2.83054e-07
 Reference value :  2.83157e-07
 Reference value :  2.83243e-07
 Reference value :  2.83309e-07
 Reference value :  2.83541e-07
 Reference value :  2.83637e-07
 Reference value :  2.83705e-07
 Reference value :  2.83833e-07
 Reference value :  2.83916e-07
 Reference value :  2.83962e-07
 Reference value :  2.84023e-07
 Reference value :  2.84138e-07
 Reference value :  2.84264e-07
 Reference value :  2.84335e-07
 Reference value :  2.84445e-07
 Reference value :  2.84614e-07
 Reference value :  2.84707e-07
 Reference value :  2.84811e-07
 Reference value :  2.84948e-07
 Reference value :  2.85050e-07
 Reference value :  2.85149e-07
 Reference value :  2.85269e-07
 Reference value :  2.85472e-07
 Reference value :  2.85594e-07
 Reference value :  2.85749e-07
 Reference value :  2.85879e-07
 Reference value :  2.86048e-07
 Reference value :  2.86378e-07
 Reference value :  2.86900e-07
 Reference value :  2.89078e-07
 Reference value :  2.91078e-07
 Reference value :  2.92578e-07
 Reference value :  2.96078e-07
 Reference value :  3.00078e-07
 Reference value :  3.03078e-07
 Reference value :  3.05078e-07
 Reference value :  3.08578e-07
 Reference value :  3.12078e-07
 Reference value :  3.15078e-07
 Reference value :  3.18578e-07
 Reference value :  3.22078e-07
 Reference value :  3.24521e-07
 Reference value :  3.24558e-07
 Reference value :  3.24626e-07
 Reference value :  3.24651e-07
 Reference value :  3.24699e-07
 Reference value :  3.24826e-07
 Reference value :  3.24995e-07
 Reference value :  3.25177e-07
 Reference value :  3.25302e-07
 Reference value :  3.25377e-07
 Reference value :  3.25500e-07
 Reference value :  3.25588e-07
 Reference value :  3.25697e-07
 Reference value :  3.25846e-07
 Reference value :  3.26036e-07
 Reference value :  3.26198e-07
 Reference value :  3.26323e-07
 Reference value :  3.26502e-07
 Reference value :  3.26792e-07
 Reference value :  3.27191e-07
 Reference value :  3.27675e-07
 Reference value :  3.28315e-07
 Reference value :  3.29149e-07
 Reference value :  3.30916e-07
 Reference value :  3.34416e-07
 Reference value :  3.38416e-07
 Reference value :  3.41916e-07
 Reference value :  3.44916e-07
 Reference value :  3.48916e-07
 Reference value :  3.52916e-07
 Reference value :  3.56416e-07
 Reference value :  3.60416e-07
 Reference value :  3.63416e-07
 Reference value :  3.66167e-07
 Reference value :  3.66207e-07
 Reference value :  3.66266e-07
 Reference value :  3.66330e-07
 Reference value :  3.66419e-07
 Reference value :  3.66537e-07
 Reference value :  3.66634e-07
 Reference value :  3.66794e-07
 Reference value :  3.66919e-07
 Reference value :  3.66969e-07
 Reference value :  3.67032e-07
 Reference value :  3.67112e-07
 Reference value :  3.67197e-07
 Reference value :  3.67289e-07
 Reference value :  3.67437e-07
 Reference value :  3.67536e-07
 Reference value :  3.67704e-07
 Reference value :  3.67807e-07
 Reference value :  3.67973e-07
 Reference value :  3.68065e-07
 Reference value :  3.68199e-07
 Reference value :  3.68469e-07
 Reference value :  3.68879e-07
 Reference value :  3.69331e-07
 Reference value :  3.70850e-07
 Reference value :  3.73419e-07
 Reference value :  3.77419e-07
 Reference value :  3.80419e-07
 Reference value :  3.84419e-07
 Reference value :  3.87919e-07
 Reference value :  3.91919e-07
 Reference value :  3.95919e-07
 Reference value :  3.97919e-07
 Reference value :  3.99919e-07
 Reference value :  4.01919e-07
 Reference value :  4.03919e-07
 Reference value :  4.06419e-07
 Reference value :  4.07840e-07
 Reference value :  4.07891e-07
 Reference value :  4.07946e-07
 Reference value :  4.08009e-07
 Reference value :  4.08064e-07
 Reference value :  4.08189e-07
 Reference value :  4.08329e-07
 Reference value :  4.08513e-07
 Reference value :  4.08682e-07
 Reference value :  4.08742e-07
 Reference value :  4.08818e-07
 Reference value :  4.08874e-07
 Reference value :  4.09002e-07
 Reference value :  4.09117e-07
 Reference value :  4.09249e-07
 Reference value :  4.09304e-07
 Reference value :  4.09395e-07
 Reference value :  4.09529e-07
 Reference value :  4.09711e-07
 Reference value :  4.10020e-07
 Reference value :  4.10405e-07
 Reference value :  4.10706e-07
 Reference value :  4.11141e-07
 Reference value :  4.11728e-07
 Reference value :  4.12070e-07
 Reference value :  4.12371e-07
 Reference value :  4.12606e-07
 Reference value :  4.12707e-07
 Reference value :  4.12789e-07
 Reference value :  4.12843e-07
 Reference value :  4.12947e-07
 Reference value :  4.13092e-07
 Reference value :  4.13215e-07
 Reference value :  4.13332e-07
 Reference value :  4.13485e-07
 Reference value :  4.13733e-07
 Reference value :  4.14091e-07
 Reference value :  4.14501e-07
 Reference value :  4.15831e-07
 Reference value :  4.18562e-07
 Reference value :  4.22062e-07
 Reference value :  4.26062e-07
 Reference value :  4.29062e-07
 Reference value :  4.32062e-07
 Reference value :  4.35062e-07
 Reference value :  4.39062e-07
 Reference value :  4.43062e-07
 Reference value :  4.46562e-07
 Reference value :  4.48062e-07
 Reference value :  4.49522e-07
 Reference value :  4.49573e-07
 Reference value :  4.49648e-07
 Reference value :  4.49697e-07
 Reference value :  4.49779e-07
 Reference value :  4.49861e-07
 Reference value :  4.49951e-07
 Reference value :  4.50020e-07
 Reference value :  4.50192e-07
 Reference value :  4.50263e-07
 Reference value :  4.50310e-07
 Reference value :  4.50319e-07
 Reference value :  4.50360e-07
 Reference value :  4.50428e-07
 Reference value :  4.50500e-07
 Reference value :  4.50516e-07
 Reference value :  4.50640e-07
 Reference value :  4.50770e-07
 Reference value :  4.50936e-07
 Reference value :  4.51009e-07
 Reference value :  4.51113e-07
 Reference value :  4.51172e-07
 Reference value :  4.51237e-07
 Reference value :  4.51338e-07
 Reference value :  4.51431e-07
 Reference value :  4.51572e-07
 Reference value :  4.51685e-07
 Reference value :  4.51737e-07
 Reference value :  4.51864e-07
 Reference value :  4.51995e-07
 Reference value :  4.52133e-07
 Reference value :  4.52306e-07
 Reference value :  4.52464e-07
 Reference value :  4.52744e-07
 Reference value :  4.53181e-07
 Reference value :  4.54576e-07
 Reference value :  4.56519e-07
 Reference value :  4.59019e-07
 Reference value :  4.62019e-07
 Reference value :  4.64519e-07
 Reference value :  4.68019e-07
 Reference value :  4.71019e-07
 Reference value :  4.73519e-07
 Reference value :  4.76519e-07
 Reference value :  4.78519e-07
 Reference value :  4.81519e-07
 Reference value :  4.84519e-07
 Reference value :  4.88019e-07
 Reference value :  4.89519e-07
 Reference value :  4.91167e-07
 Reference value :  4.91192e-07
 Reference value :  4.91247e-07
 Reference value :  4.91305e-07
 Reference value :  4.91341e-07
 Reference value :  4.91396e-07
 Reference value :  4.91519e-07
 Reference value :  4.91741e-07
 Reference value :  4.91982e-07
 Reference value :  4.92063e-07
 Reference value :  4.92147e-07
 Reference value :  4.92195e-07
 Reference value :  4.92312e-07
 Reference value :  4.92396e-07
 Reference value :  4.92486e-07
 Reference value :  4.92645e-07
 Reference value :  4.92737e-07
 Reference value :  4.92867e-07
 Reference value :  4.93100e-07
 Reference value :  4.93181e-07
 Reference value :  4.93478e-07
 Reference value :  4.93865e-07
 Reference value :  4.94184e-07
 Reference value :  4.94447e-07
 Reference value :  4.94746e-07
 Reference value :  4.94943e-07
 Reference value :  4.95184e-07
 Reference value :  4.95912e-07
 Reference value :  4.96684e-07
 Reference value :  4.98854e-07
 Reference value :  5.00354e-07
 Reference value :  5.03854e-07
 Reference value :  5.06354e-07
 Reference value :  5.08854e-07
 Reference value :  5.11354e-07
 Reference value :  5.13354e-07
 Reference value :  5.16354e-07
 Reference value :  5.19354e-07
 Reference value :  5.22854e-07
 Reference value :  5.26854e-07
 Reference value :  5.30354e-07
 Reference value :  5.32841e-07
 Reference value :  5.32905e-07
 Reference value :  5.32972e-07
 Reference value :  5.33039e-07
 Reference value :  5.33118e-07
 Reference value :  5.33199e-07
 Reference value :  5.33237e-07
 Reference value :  5.33316e-07
 Reference value :  5.33451e-07
 Reference value :  5.33538e-07
 Reference value :  5.33611e-07
 Reference value :  5.33650e-07
 Reference value :  5.33723e-07
 Reference value :  5.33811e-07
 Reference value :  5.33864e-07
 Reference value :  5.33909e-07
 Reference value :  5.33964e-07
 Reference value :  5.34101e-07
 Reference value :  5.34183e-07
 Reference value :  5.34361e-07
 Reference value :  5.34479e-07
 Reference value :  5.34575e-07
 Reference value :  5.34702e-07
 Reference value :  5.34795e-07
 Reference value :  5.34891e-07
 Reference value :  5.34963e-07
 Reference value :  5.35188e-07
 Reference value :  5.35426e-07
 Reference value :  5.35716e-07
 Reference value :  5.36114e-07
 Reference value :  5.38228e-07
 Reference value :  5.41228e-07
 Reference value :  5.44228e-07
 Reference value :  5.47228e-07
 Reference value :  5.51228e-07
 Reference value :  5.55228e-07
 Reference value :  5.57728e-07
 Reference value :  5.60728e-07
 Reference value :  5.62728e-07
 Reference value :  5.65228e-07
 Reference value :  5.67728e-07
 Reference value :  5.69728e-07
 Reference value :  5.72728e-07
 Reference value :  5.74114e-07
 Reference value :  5.74529e-07
 Reference value :  5.74612e-07
 Reference value :  5.74689e-07
 Reference value :  5.74797e-07
 Reference value :  5.74923e-07
 Reference value :  5.75066e-07
 Reference value :  5.75237e-07
 Reference value :  5.75344e-07
 Reference value :  5.75414e-07
 Reference value :  5.75472e-07
 Reference value :  5.75541e-07
 Reference value :  5.75643e-07
 Reference value :  5.75723e-07
 Reference value :  5.75815e-07
 Reference value :  5.75919e-07
 Reference value :  5.76037e-07
 Reference value :  5.76168e-07
 Reference value :  5.76378e-07
 Reference value :  5.76619e-07
 Reference value :  5.76988e-07
 Reference value :  5.77499e-07
 Reference value :  5.77767e-07
 Reference value :  5.77966e-07
 Reference value :  5.78065e-07
 Reference value :  5.78294e-07
 Reference value :  5.79168e-07
 Reference value :  5.81482e-07
 Reference value :  5.83328e-07
 Reference value :  5.83734e-07
 Reference value :  5.84687e-07
 Reference value :  5.84978e-07
 Reference value :  5.85070e-07
 Reference value :  5.85143e-07
 Reference value :  5.85186e-07
 Reference value :  5.85265e-07
 Reference value :  5.85372e-07
 Reference value :  5.85535e-07
 Reference value :  5.85694e-07
 Reference value :  5.85773e-07
 Reference value :  5.86090e-07
 Reference value :  5.86616e-07
 Reference value :  5.87945e-07
 Reference value :  5.90711e-07
 Reference value :  5.94211e-07
 Reference value :  5.97211e-07
 Reference value :  6.00211e-07
 Reference value :  6.03211e-07
 Reference value :  6.05711e-07
 Reference value :  6.08711e-07
 Reference value :  6.11211e-07
 Reference value :  6.14711e-07
 Reference value :  6.16199e-07
 Reference value :  6.16275e-07
 Reference value :  6.16325e-07
 Reference value :  6.16363e-07
 Reference value :  6.16424e-07
 Reference value :  6.16531e-07
 Reference value :  6.16662e-07
 Reference value :  6.16872e-07
 Reference value :  6.16971e-07
 Reference value :  6.17019e-07
 Reference value :  6.17087e-07
 Reference value :  6.17170e-07
 Reference value :  6.17248e-07
 Reference value :  6.17407e-07
 Reference value :  6.17580e-07
 Reference value :  6.17683e-07
 Reference value :  6.17737e-07
 Reference value :  6.17921e-07
 Reference value :  6.18095e-07
 Reference value :  6.18188e-07
 Reference value :  6.18316e-07
 Reference value :  6.18446e-07
 Reference value :  6.18542e-07
 Reference value :  6.18668e-07
 Reference value :  6.18773e-07
 Reference value :  6.18862e-07
 Reference value :  6.19063e-07
 Reference value :  6.19197e-07
 Reference value :  6.19500e-07
 Reference value :  6.19810e-07
 Reference value :  6.20740e-07
 Reference value :  6.24415e-07
 Reference value :  6.27915e-07
 Reference value :  6.30915e-07
 Reference value :  6.33915e-07
 Reference value :  6.37415e-07
 Reference value :  6.40415e-07
 Reference value :  6.42415e-07
 Reference value :  6.44915e-07
 Reference value :  6.47415e-07
 Reference value :  6.50415e-07
 Reference value :  6.53415e-07
 Reference value :  6.56915e-07
 Reference value :  6.57866e-07
 Reference value :  6.57914e-07
 Reference value :  6.57974e-07
 Reference value :  6.58047e-07
 Reference value :  6.58187e-07
 Reference value :  6.58541e-07
 Reference value :  6.58713e-07
 Reference value :  6.58754e-07
 Reference value :  6.58787e-07
 Reference value :  6.58880e-07
 Reference value :  6.59021e-07
 Reference value :  6.59137e-07
 Reference value :  6.59327e-07
 Reference value :  6.59506e-07
 Reference value :  6.59675e-07
 Reference value :  6.59862e-07
 Reference value :  6.60178e-07
 Reference value :  6.60563e-07
 Reference value :  6.61048e-07
 Reference value :  6.61440e-07
 Reference value :  6.61661e-07
 Reference value :  6.62163e-07
 Reference value :  6.63018e-07
 Reference value :  6.65313e-07
 Reference value :  6.69813e-07
 Reference value :  6.73313e-07
 Reference value :  6.75807e-07
 Reference value :  6.76594e-07
 Reference value :  6.77860e-07
 Reference value :  6.78013e-07
 Reference value :  6.78094e-07
 Reference value :  6.78155e-07
 Reference value :  6.78240e-07
 Reference value :  6.78358e-07
 Reference value :  6.78496e-07
 Reference value :  6.78590e-07
 Reference value :  6.78787e-07
 Reference value :  6.79069e-07
 Reference value :  6.79713e-07
 Reference value :  6.80645e-07
 Reference value :  6.83491e-07
 Reference value :  6.86491e-07
 Reference value :  6.89991e-07
 Reference value :  6.92491e-07
 Reference value :  6.94491e-07
 Reference value :  6.95991e-07
 Reference value :  6.97491e-07
 Reference value :  6.99504e-07
 Reference value :  6.99553e-07
 Reference value :  6.99602e-07
 Reference value :  6.99695e-07
 Reference value :  6.99774e-07
 Reference value :  6.99903e-07
 Reference value :  7.00013e-07
 Reference value :  7.00192e-07
 Reference value :  7.00298e-07
 Reference value :  7.00328e-07
 Reference value :  7.00356e-07
 Reference value :  7.00475e-07
 Reference value :  7.00503e-07
 Reference value :  7.00575e-07
 Reference value :  7.00730e-07
 Reference value :  7.00832e-07
 Reference value :  7.00992e-07
 Reference value :  7.01032e-07
 Reference value :  7.01106e-07
 Reference value :  7.01188e-07
 Reference value :  7.01313e-07
 Reference value :  7.01446e-07
 Reference value :  7.01540e-07
 Reference value :  7.01603e-07
 Reference value :  7.01682e-07
 Reference value :  7.01732e-07
 Reference value :  7.01811e-07
 Reference value :  7.01905e-07
 Reference value :  7.02002e-07
 Reference value :  7.02180e-07
 Reference value :  7.02341e-07
 Reference value :  7.02614e-07
 Reference value :  7.02980e-07
 Reference value :  7.03645e-07
 Reference value :  7.06630e-07
 Reference value :  7.09630e-07
 Reference value :  7.13130e-07
 Reference value :  7.16130e-07
 Reference value :  7.18630e-07
 Reference value :  7.22130e-07
 Reference value :  7.25630e-07
 Reference value :  7.28130e-07
 Reference value :  7.31130e-07
 Reference value :  7.34130e-07
 Reference value :  7.38130e-07
 Reference value :  7.40898e-07
 Reference value :  7.41199e-07
 Reference value :  7.41266e-07
 Reference value :  7.41318e-07
 Reference value :  7.41379e-07
 Reference value :  7.41486e-07
 Reference value :  7.41654e-07
 Reference value :  7.41812e-07
 Reference value :  7.42004e-07
 Reference value :  7.42112e-07
 Reference value :  7.42210e-07
 Reference value :  7.42350e-07
 Reference value :  7.42502e-07
 Reference value :  7.42637e-07
 Reference value :  7.42734e-07
 Reference value :  7.42894e-07
 Reference value :  7.43096e-07
 Reference value :  7.43220e-07
 Reference value :  7.43550e-07
 Reference value :  7.43972e-07
 Reference value :  7.44376e-07
 Reference value :  7.44694e-07
 Reference value :  7.45031e-07
 Reference value :  7.45505e-07
 Reference value :  7.46792e-07
 Reference value :  7.50415e-07
 Reference value :  7.54415e-07
 Reference value :  7.56415e-07
 Reference value :  7.59415e-07
 Reference value :  7.63915e-07
 Reference value :  7.67415e-07
 Reference value :  7.69415e-07
 Reference value :  7.70212e-07
 Reference value :  7.71341e-07
 Reference value :  7.71475e-07
 Reference value :  7.71576e-07
 Reference value :  7.71649e-07
 Reference value :  7.71699e-07
 Reference value :  7.71779e-07
 Reference value :  7.71847e-07
 Reference value :  7.71971e-07
 Reference value :  7.72167e-07
 Reference value :  7.72396e-07
 Reference value :  7.72653e-07
 Reference value :  7.73035e-07
 Reference value :  7.73922e-07
 Reference value :  7.76679e-07
 Reference value :  7.79179e-07
 Reference value :  7.81679e-07
 Reference value :  7.82849e-07
 Reference value :  7.82888e-07
 Reference value :  7.82953e-07
 Reference value :  7.83017e-07
 Reference value :  7.83071e-07
 Reference value :  7.83106e-07
 Reference value :  7.83212e-07
 Reference value :  7.83252e-07
 Reference value :  7.83383e-07
 Reference value :  7.83483e-07
 Reference value :  7.83524e-07
 Reference value :  7.83604e-07
 Reference value :  7.83650e-07
 Reference value :  7.83664e-07
 Reference value :  7.83739e-07
 Reference value :  7.83791e-07
 Reference value :  7.83835e-07
 Reference value :  7.83915e-07
 Reference value :  7.84014e-07
 Reference value :  7.84101e-07
 Reference value :  7.84178e-07
 Reference value :  7.84298e-07
 Reference value :  7.84450e-07
 Reference value :  7.84531e-07
 Reference value :  7.84591e-07
 Reference value :  7.84657e-07
 Reference value :  7.84784e-07
 Reference value :  7.84874e-07
 Reference value :  7.84942e-07
 Reference value :  7.84960e-07
 Reference value :  7.84987e-07
 Reference value :  7.85041e-07
 Reference value :  7.85081e-07
 Reference value :  7.85148e-07
 Reference value :  7.85191e-07
 Reference value :  7.85242e-07
 Reference value :  7.85292e-07
 Reference value :  7.85373e-07
 Reference value :  7.85429e-07
 Reference value :  7.85492e-07
 Reference value :  7.85563e-07
 Reference value :  7.85684e-07
 Reference value :  7.85831e-07
 Reference value :  7.85875e-07
 Reference value :  7.86062e-07
 Reference value :  7.86393e-07
 Reference value :  7.86630e-07
 Reference value :  7.87252e-07
 Reference value :  7.88409e-07
 Reference value :  7.89909e-07
 Reference value :  7.91409e-07
 Reference value :  7.92409e-07
 Reference value :  7.93909e-07
 Reference value :  7.94909e-07
 Reference value :  7.96409e-07
 Reference value :  7.97909e-07
 Reference value :  7.98909e-07
 Reference value :  8.00409e-07
 Reference value :  8.01909e-07
 Reference value :  8.03409e-07
 Reference value :  8.05409e-07
 Reference value :  8.06909e-07
 Reference value :  8.08409e-07
 Reference value :  8.09909e-07
 Reference value :  8.11409e-07
 Reference value :  8.12909e-07
 Reference value :  8.14409e-07
 Reference value :  8.15409e-07
 Reference value :  8.16909e-07
 Reference value :  8.18409e-07
 Reference value :  8.19909e-07
 Reference value :  8.21409e-07
 Reference value :  8.22909e-07
 Reference value :  8.24205e-07
 Reference value :  8.24524e-07
 Reference value :  8.24578e-07
 Reference value :  8.24639e-07
 Reference value :  8.24663e-07
 Reference value :  8.24686e-07
 Reference value :  8.24711e-07
 Reference value :  8.24817e-07
 Reference value :  8.24918e-07
 Reference value :  8.24952e-07
 Reference value :  8.25020e-07
 Reference value :  8.25099e-07
 Reference value :  8.25336e-07
 Reference value :  8.25376e-07
 Reference value :  8.25447e-07
 Reference value :  8.25510e-07
 Reference value :  8.25565e-07
 Reference value :  8.25624e-07
 Reference value :  8.25684e-07
 Reference value :  8.25737e-07
 Reference value :  8.25835e-07
 Reference value :  8.25912e-07
 Reference value :  8.25970e-07
 Reference value :  8.26069e-07
 Reference value :  8.26172e-07
 Reference value :  8.26229e-07
 Reference value :  8.26334e-07
 Reference value :  8.26473e-07
 Reference value :  8.26559e-07
 Reference value :  8.26676e-07
 Reference value :  8.26888e-07
 Reference value :  8.27110e-07
 Reference value :  8.27308e-07
 Reference value :  8.27519e-07
 Reference value :  8.27709e-07
 Reference value :  8.27956e-07
 Reference value :  8.28020e-07
 Reference value :  8.28225e-07
 Reference value :  8.28641e-07
 Reference value :  8.29122e-07
 Reference value :  8.29712e-07
 Reference value :  8.30232e-07
 Reference value :  8.31147e-07
 Reference value :  8.32147e-07
 Reference value :  8.33147e-07
 Reference value :  8.35647e-07
 Reference value :  8.37147e-07
 Reference value :  8.38647e-07
 Reference value :  8.41147e-07
 Reference value :  8.43647e-07
 Reference value :  8.45647e-07
 Reference value :  8.47147e-07
 Reference value :  8.49647e-07
 Reference value :  8.51147e-07
 Reference value :  8.54647e-07
 Reference value :  8.56647e-07
 Reference value :  8.58147e-07
 Reference value :  8.59647e-07
 Reference value :  8.60647e-07
 Reference value :  8.61078e-07
 Reference value :  8.61443e-07
 Reference value :  8.62154e-07
 Reference value :  8.62636e-07
 Reference value :  8.62722e-07
 Reference value :  8.62822e-07
 Reference value :  8.62877e-07
 Reference value :  8.62912e-07
 Reference value :  8.62940e-07
 Reference value :  8.62955e-07
 Reference value :  8.62968e-07
 Reference value :  8.63016e-07
 Reference value :  8.63050e-07
 Reference value :  8.63097e-07
 Reference value :  8.63165e-07
 Reference value :  8.63240e-07
 Reference value :  8.63295e-07
 Reference value :  8.63356e-07
 Reference value :  8.63384e-07
 Reference value :  8.63449e-07
 Reference value :  8.63518e-07
 Reference value :  8.63607e-07
 Reference value :  8.63699e-07
 Reference value :  8.63811e-07
 Reference value :  8.63943e-07
 Reference value :  8.64095e-07
 Reference value :  8.64314e-07
 Reference value :  8.64595e-07
 Reference value :  8.65214e-07
 Reference value :  8.66167e-07
 Reference value :  8.66182e-07
 Reference value :  8.66201e-07
 Reference value :  8.66222e-07
 Reference value :  8.66260e-07
 Reference value :  8.66273e-07
 Reference value :  8.66312e-07
 Reference value :  8.66324e-07
 Reference value :  8.66363e-07
 Reference value :  8.66388e-07
 Reference value :  8.66420e-07
 Reference value :  8.66457e-07
 Reference value :  8.66524e-07
 Reference value :  8.66565e-07
 Reference value :  8.66605e-07
 Reference value :  8.66651e-07
 Reference value :  8.66708e-07
 Reference value :  8.66798e-07
 Reference value :  8.66892e-07
 Reference value :  8.66925e-07
 Reference value :  8.66975e-07
 Reference value :  8.66986e-07
 Reference value :  8.67015e-07
 Reference value :  8.67056e-07
 Reference value :  8.67110e-07
 Reference value :  8.67167e-07
 Reference value :  8.67177e-07
 Reference value :  8.67234e-07
 Reference value :  8.67281e-07
 Reference value :  8.67335e-07
 Reference value :  8.67362e-07
 Reference value :  8.67421e-07
 Reference value :  8.67470e-07
 Reference value :  8.67533e-07
 Reference value :  8.67651e-07
 Reference value :  8.67721e-07
 Reference value :  8.67815e-07
 Reference value :  8.67879e-07
 Reference value :  8.68007e-07
 Reference value :  8.68087e-07
 Reference value :  8.68117e-07
 Reference value :  8.68177e-07
 Reference value :  8.68229e-07
 Reference value :  8.68270e-07
 Reference value :  8.68337e-07
 Reference value :  8.68382e-07
 Reference value :  8.68460e-07
 Reference value :  8.68511e-07
 Reference value :  8.68559e-07
 Reference value :  8.68605e-07
 Reference value :  8.68663e-07
 Reference value :  8.68728e-07
 Reference value :  8.68821e-07
 Reference value :  8.68850e-07
 Reference value :  8.68967e-07
 Reference value :  8.69056e-07
 Reference value :  8.69148e-07
 Reference value :  8.69328e-07
 Reference value :  8.69466e-07
 Reference value :  8.69647e-07
 Reference value :  8.69875e-07
 Reference value :  8.70211e-07
 Reference value :  8.70666e-07
 Reference value :  8.71619e-07
 Reference value :  8.73119e-07
 Reference value :  8.74119e-07
 Reference value :  8.75619e-07
 Reference value :  8.76619e-07
 Reference value :  8.78119e-07
 Reference value :  8.79619e-07
 Reference value :  8.82619e-07
 Reference value :  8.84119e-07
 Reference value :  8.86119e-07
 Reference value :  8.87619e-07
 Reference value :  8.89119e-07
 Reference value :  8.91119e-07
 Reference value :  8.92619e-07
 Reference value :  8.94119e-07
 Reference value :  8.95119e-07
 Reference value :  8.98619e-07
 Reference value :  9.00619e-07
 Reference value :  9.02119e-07
 Reference value :  9.04619e-07
 Reference value :  9.07833e-07
 Reference value :  9.07839e-07
 Reference value :  9.07894e-07
 Reference value :  9.07950e-07
 Reference value :  9.08010e-07
 Reference value :  9.08065e-07
 Reference value :  9.08214e-07
 Reference value :  9.08362e-07
 Reference value :  9.08642e-07
 Reference value :  9.08721e-07
 Reference value :  9.08807e-07
 Reference value :  9.08859e-07
 Reference value :  9.09002e-07
 Reference value :  9.09117e-07
 Reference value :  9.09285e-07
 Reference value :  9.09409e-07
 Reference value :  9.09510e-07
 Reference value :  9.09566e-07
 Reference value :  9.09669e-07
 Reference value :  9.09893e-07
 Reference value :  9.10141e-07
 Reference value :  9.10436e-07
 Reference value :  9.10640e-07
 Reference value :  9.11035e-07
 Reference value :  9.11346e-07
 Reference value :  9.11554e-07
 Reference value :  9.11878e-07
 Reference value :  9.12585e-07
 Reference value :  9.13982e-07
 Reference value :  9.14982e-07
 Reference value :  9.16482e-07
 Reference value :  9.18482e-07
 Reference value :  9.21482e-07
 Reference value :  9.23482e-07
 Reference value :  9.25482e-07
 Reference value :  9.27982e-07
 Reference value :  9.30982e-07
 Reference value :  9.32982e-07
 Reference value :  9.36482e-07
 Reference value :  9.39982e-07
 Reference value :  9.43482e-07
 Reference value :  9.45482e-07
 Reference value :  9.46982e-07
 Reference value :  9.47982e-07
 Reference value :  9.48982e-07
 Reference value :  9.49505e-07
 Reference value :  9.49530e-07
 Reference value :  9.49584e-07
 Reference value :  9.49649e-07
 Reference value :  9.49687e-07
 Reference value :  9.49740e-07
 Reference value :  9.49836e-07
 Reference value :  9.49903e-07
 Reference value :  9.49973e-07
 Reference value :  9.50054e-07
 Reference value :  9.50189e-07
 Reference value :  9.50268e-07
 Reference value :  9.50315e-07
 Reference value :  9.50346e-07
 Reference value :  9.50434e-07
 Reference value :  9.50503e-07
 Reference value :  9.50579e-07
 Reference value :  9.50679e-07
 Reference value :  9.50753e-07
 Reference value :  9.50931e-07
 Reference value :  9.51042e-07
 Reference value :  9.51165e-07
 Reference value :  9.51301e-07
 Reference value :  9.51416e-07
 Reference value :  9.51504e-07
 Reference value :  9.51623e-07
 Reference value :  9.51714e-07
 Reference value :  9.51810e-07
 Reference value :  9.51899e-07
 Reference value :  9.52018e-07
 Reference value :  9.52117e-07
 Reference value :  9.52274e-07
 Reference value :  9.52421e-07
 Reference value :  9.52598e-07
 Reference value :  9.52841e-07
 Reference value :  9.53048e-07
 Reference value :  9.53501e-07
 Reference value :  9.55449e-07
 Reference value :  9.58449e-07
 Reference value :  9.60449e-07
 Reference value :  9.63449e-07
 Reference value :  9.66449e-07
 Reference value :  9.70449e-07
 Reference value :  9.72949e-07
 Reference value :  9.74449e-07
 Reference value :  9.76449e-07
 Reference value :  9.79449e-07
 Reference value :  9.82949e-07
 Reference value :  9.85949e-07
 Reference value :  9.88449e-07
 Reference value :  9.90808e-07
 Reference value :  9.91194e-07
 Reference value :  9.91217e-07
 Reference value :  9.91239e-07
 Reference value :  9.91273e-07
 Reference value :  9.91320e-07
 Reference value :  9.91355e-07
 Reference value :  9.91398e-07
 Reference value :  9.91486e-07
 Reference value :  9.91545e-07
 Reference value :  9.91683e-07
 Reference value :  9.91802e-07
 Reference value :  9.92017e-07
 Reference value :  9.92101e-07
 Reference value :  9.92170e-07
 Reference value :  9.92268e-07
 Reference value :  9.92361e-07
 Reference value :  9.92503e-07
 Reference value :  9.92711e-07
 Reference value :  9.92842e-07
 Reference value :  9.93013e-07
 Reference value :  9.93209e-07
 Reference value :  9.93469e-07
 Reference value :  9.93788e-07
 Reference value :  9.94205e-07
 Reference value :  9.94490e-07
 Reference value :  9.94803e-07
 Reference value :  9.95079e-07
 Reference value :  9.95358e-07
 Reference value :  9.95863e-07
 Reference value :  9.97638e-07
 Reference value :  1.00064e-06
 Reference value :  1.00364e-06
 Reference value :  1.00664e-06
 Reference value :  1.00964e-06
 Reference value :  1.01314e-06
 Reference value :  1.01664e-06
 Reference value :  1.02014e-06
 Reference value :  1.02364e-06
 Reference value :  1.02664e-06
 Reference value :  1.03064e-06
 Reference value :  1.03284e-06
 Reference value :  1.03289e-06
 Reference value :  1.03297e-06
 Reference value :  1.03302e-06
 Reference value :  1.03306e-06
 Reference value :  1.03313e-06
 Reference value :  1.03321e-06
 Reference value :  1.03330e-06
 Reference value :  1.03338e-06
 Reference value :  1.03353e-06
 Reference value :  1.03361e-06
 Reference value :  1.03366e-06
 Reference value :  1.03374e-06
 Reference value :  1.03383e-06
 Reference value :  1.03388e-06
 Reference value :  1.03403e-06
 Reference value :  1.03415e-06
 Reference value :  1.03423e-06
 Reference value :  1.03430e-06
 Reference value :  1.03435e-06
 Reference value :  1.03447e-06
 Reference value :  1.03457e-06
 Reference value :  1.03467e-06
 Reference value :  1.03479e-06
 Reference value :  1.03491e-06
 Reference value :  1.03505e-06
 Reference value :  1.03516e-06
 Reference value :  1.03531e-06
 Reference value :  1.03550e-06
 Reference value :  1.03563e-06
 Reference value :  1.03579e-06
 Reference value :  1.03602e-06
 Reference value :  1.03711e-06
 Reference value :  1.04025e-06
 Reference value :  1.04325e-06
 Reference value :  1.04625e-06
 Reference value :  1.04925e-06
 Reference value :  1.05275e-06
 Reference value :  1.05625e-06
 Reference value :  1.05975e-06
 Reference value :  1.06275e-06
 Reference value :  1.06625e-06
 Reference value :  1.06775e-06
 Reference value :  1.07125e-06
 Reference value :  1.07412e-06
 Reference value :  1.07453e-06
 Reference value :  1.07459e-06
 Reference value :  1.07464e-06
 Reference value :  1.07472e-06
 Reference value :  1.07486e-06
 Reference value :  1.07503e-06
 Reference value :  1.07531e-06
 Reference value :  1.07540e-06
 Reference value :  1.07550e-06
 Reference value :  1.07560e-06
 Reference value :  1.07574e-06
 Reference value :  1.07590e-06
 Reference value :  1.07605e-06
 Reference value :  1.07623e-06
 Reference value :  1.07647e-06
 Reference value :  1.07669e-06
 Reference value :  1.07698e-06
 Reference value :  1.07731e-06
 Reference value :  1.07773e-06
 Reference value :  1.07804e-06
 Reference value :  1.07854e-06
 Reference value :  1.07939e-06
 Reference value :  1.08114e-06
 Reference value :  1.08414e-06
 Reference value :  1.08714e-06
 Reference value :  1.09014e-06
 Reference value :  1.09314e-06
 Reference value :  1.09664e-06
 Reference value :  1.09814e-06
 Reference value :  1.09964e-06
 Reference value :  1.10114e-06
 Reference value :  1.10264e-06
 Reference value :  1.10464e-06
 Reference value :  1.10664e-06
 Reference value :  1.10864e-06
 Reference value :  1.11214e-06
 Reference value :  1.11464e-06
 Reference value :  1.11617e-06
 Reference value :  1.11621e-06
 Reference value :  1.11627e-06
 Reference value :  1.11637e-06
 Reference value :  1.11644e-06
 Reference value :  1.11654e-06
 Reference value :  1.11665e-06
 Reference value :  1.11678e-06
 Reference value :  1.11692e-06
 Reference value :  1.11698e-06
 Reference value :  1.11705e-06
 Reference value :  1.11713e-06
 Reference value :  1.11717e-06
 Reference value :  1.11721e-06
 Reference value :  1.11726e-06
 Reference value :  1.11729e-06
 Reference value :  1.11735e-06
 Reference value :  1.11741e-06
 Reference value :  1.11751e-06
 Reference value :  1.11762e-06
 Reference value :  1.11768e-06
 Reference value :  1.11775e-06
 Reference value :  1.11783e-06
 Reference value :  1.11791e-06
 Reference value :  1.11801e-06
 Reference value :  1.11806e-06
 Reference value :  1.11812e-06
 Reference value :  1.11818e-06
 Reference value :  1.11827e-06
 Reference value :  1.11835e-06
 Reference value :  1.11845e-06
 Reference value :  1.11853e-06
 Reference value :  1.11866e-06
 Reference value :  1.11876e-06
 Reference value :  1.11886e-06
 Reference value :  1.11892e-06
 Reference value :  1.11899e-06
 Reference value :  1.11907e-06
 Reference value :  1.11917e-06
 Reference value :  1.11942e-06
 Reference value :  1.11999e-06
 Reference value :  1.12178e-06
 Reference value :  1.12475e-06
 Reference value :  1.12775e-06
 Reference value :  1.12975e-06
 Reference value :  1.13075e-06
 Reference value :  1.13275e-06
 Reference value :  1.13575e-06
 Reference value :  1.13875e-06
 Reference value :  1.14225e-06
 Reference value :  1.14425e-06
 Reference value :  1.14675e-06
 Reference value :  1.14875e-06
 Reference value :  1.15125e-06
 Reference value :  1.15275e-06
 Reference value :  1.15575e-06
 Reference value :  1.15754e-06
 Reference value :  1.15787e-06
 Reference value :  1.15790e-06
 Reference value :  1.15796e-06
 Reference value :  1.15803e-06
 Reference value :  1.15809e-06
 Reference value :  1.15819e-06
 Reference value :  1.15834e-06
 Reference value :  1.15860e-06
 Reference value :  1.15879e-06
 Reference value :  1.15886e-06
 Reference value :  1.15901e-06
 Reference value :  1.15914e-06
 Reference value :  1.15930e-06
 Reference value :  1.15940e-06
 Reference value :  1.15953e-06
 Reference value :  1.15985e-06
 Reference value :  1.16009e-06
 Reference value :  1.16034e-06
 Reference value :  1.16053e-06
 Reference value :  1.16059e-06
 Reference value :  1.16068e-06
 Reference value :  1.16083e-06
 Reference value :  1.16097e-06
 Reference value :  1.16112e-06
 Reference value :  1.16127e-06
 Reference value :  1.16142e-06
 Reference value :  1.16159e-06
 Reference value :  1.16206e-06
 Reference value :  1.16285e-06
 Reference value :  1.16514e-06
 Reference value :  1.16914e-06
 Reference value :  1.17214e-06
 Reference value :  1.17514e-06
 Reference value :  1.17864e-06
 Reference value :  1.18214e-06
 Reference value :  1.18514e-06
 Reference value :  1.18864e-06
 Reference value :  1.19164e-06
 Reference value :  1.19514e-06
 Reference value :  1.19764e-06
 Reference value :  1.19951e-06
 Reference value :  1.19955e-06
 Reference value :  1.19960e-06
 Reference value :  1.19967e-06
 Reference value :  1.19972e-06
 Reference value :  1.19977e-06
 Reference value :  1.19984e-06
 Reference value :  1.19993e-06
 Reference value :  1.20000e-06
 Reference value :  1.20018e-06
 Reference value :  1.20027e-06
 Reference value :  1.20032e-06
 Reference value :  1.20034e-06
 Reference value :  1.20038e-06
 Reference value :  1.20044e-06
 Reference value :  1.20049e-06
 Reference value :  1.20052e-06
 Reference value :  1.20056e-06
 Reference value :  1.20062e-06
 Reference value :  1.20072e-06
 Reference value :  1.20092e-06
 Reference value :  1.20101e-06
 Reference value :  1.20107e-06
 Reference value :  1.20114e-06
 Reference value :  1.20125e-06
 Reference value :  1.20132e-06
 Reference value :  1.20143e-06
 Reference value :  1.20156e-06
 Reference value :  1.20166e-06
 Reference value :  1.20177e-06
 Reference value :  1.20185e-06
 Reference value :  1.20197e-06
 Reference value :  1.20210e-06
 Reference value :  1.20223e-06
 Reference value :  1.20241e-06
 Reference value :  1.20273e-06
 Reference value :  1.20314e-06
 Reference value :  1.20386e-06
 Reference value :  1.20606e-06
 Reference value :  1.20806e-06
 Reference value :  1.21106e-06
 Reference value :  1.21456e-06
 Reference value :  1.21656e-06
 Reference value :  1.21806e-06
 Reference value :  1.22056e-06
 Reference value :  1.22306e-06
 Reference value :  1.22506e-06
 Reference value :  1.22856e-06
 Reference value :  1.23106e-06
 Reference value :  1.23356e-06
 Reference value :  1.23656e-06
 Reference value :  1.23856e-06
 Reference value :  1.24056e-06
 Reference value :  1.24119e-06
 Reference value :  1.24123e-06
 Reference value :  1.24129e-06
 Reference value :  1.24134e-06
 Reference value :  1.24140e-06
 Reference value :  1.24152e-06
 Reference value :  1.24174e-06
 Reference value :  1.24191e-06
 Reference value :  1.24201e-06
 Reference value :  1.24205e-06
 Reference value :  1.24217e-06
 Reference value :  1.24223e-06
 Reference value :  1.24242e-06
 Reference value :  1.24254e-06
 Reference value :  1.24271e-06
 Reference value :  1.24284e-06
 Reference value :  1.24300e-06
 Reference value :  1.24335e-06
 Reference value :  1.24360e-06
 Reference value :  1.24366e-06
 Reference value :  1.24377e-06
 Reference value :  1.24384e-06
 Reference value :  1.24387e-06
 Reference value :  1.24395e-06
 Reference value :  1.24401e-06
 Reference value :  1.24407e-06
 Reference value :  1.24418e-06
 Reference value :  1.24429e-06
 Reference value :  1.24436e-06
 Reference value :  1.24454e-06
 Reference value :  1.24463e-06
 Reference value :  1.24476e-06
 Reference value :  1.24507e-06
 Reference value :  1.24565e-06
 Reference value :  1.24766e-06
 Reference value :  1.25066e-06
 Reference value :  1.25366e-06
 Reference value :  1.25616e-06
 Reference value :  1.25816e-06
 Reference value :  1.26116e-06
 Reference value :  1.26366e-06
 Reference value :  1.26616e-06
 Reference value :  1.26866e-06
 Reference value :  1.27116e-06
 Reference value :  1.27416e-06
 Reference value :  1.27616e-06
 Reference value :  1.27866e-06
 Reference value :  1.28166e-06
 Reference value :  1.28284e-06
 Reference value :  1.28287e-06
 Reference value :  1.28291e-06
 Reference value :  1.28294e-06
 Reference value :  1.28298e-06
 Reference value :  1.28304e-06
 Reference value :  1.28311e-06
 Reference value :  1.28320e-06
 Reference value :  1.28329e-06
 Reference value :  1.28341e-06
 Reference value :  1.28350e-06
 Reference value :  1.28358e-06
 Reference value :  1.28363e-06
 Reference value :  1.28370e-06
 Reference value :  1.28380e-06
 Reference value :  1.28388e-06
 Reference value :  1.28392e-06
 Reference value :  1.28396e-06
 Reference value :  1.28408e-06
 Reference value :  1.28412e-06
 Reference value :  1.28424e-06
 Reference value :  1.28434e-06
 Reference value :  1.28445e-06
 Reference value :  1.28448e-06
 Reference value :  1.28459e-06
 Reference value :  1.28468e-06
 Reference value :  1.28474e-06
 Reference value :  1.28485e-06
 Reference value :  1.28493e-06
 Reference value :  1.28501e-06
 Reference value :  1.28509e-06
 Reference value :  1.28516e-06
 Reference value :  1.28520e-06
 Reference value :  1.28522e-06
 Reference value :  1.28527e-06
 Reference value :  1.28537e-06
 Reference value :  1.28549e-06
 Reference value :  1.28565e-06
 Reference value :  1.28580e-06
 Reference value :  1.28601e-06
 Reference value :  1.28640e-06
 Reference value :  1.28714e-06
 Reference value :  1.28953e-06
 Reference value :  1.29253e-06
 Reference value :  1.29603e-06
 Reference value :  1.29853e-06
 Reference value :  1.30203e-06
 Reference value :  1.30553e-06
 Reference value :  1.30903e-06
 Reference value :  1.31103e-06
 Reference value :  1.31353e-06
 Reference value :  1.31553e-06
 Reference value :  1.31853e-06
 Reference value :  1.32103e-06
 Reference value :  1.32450e-06
 Reference value :  1.32455e-06
 Reference value :  1.32459e-06
 Reference value :  1.32464e-06
 Reference value :  1.32470e-06
 Reference value :  1.32477e-06
 Reference value :  1.32486e-06
 Reference value :  1.32496e-06
 Reference value :  1.32518e-06
 Reference value :  1.32535e-06
 Reference value :  1.32544e-06
 Reference value :  1.32552e-06
 Reference value :  1.32564e-06
 Reference value :  1.32581e-06
 Reference value :  1.32601e-06
 Reference value :  1.32617e-06
 Reference value :  1.32628e-06
 Reference value :  1.32655e-06
 Reference value :  1.32681e-06
 Reference value :  1.32723e-06
 Reference value :  1.32743e-06
 Reference value :  1.32759e-06
 Reference value :  1.32768e-06
 Reference value :  1.32781e-06
 Reference value :  1.32797e-06
 Reference value :  1.32811e-06
 Reference value :  1.32837e-06
 Reference value :  1.32884e-06
 Reference value :  1.33137e-06
 Reference value :  1.33271e-06
 Reference value :  1.33350e-06
 Reference value :  1.33451e-06
 Reference value :  1.33464e-06
 Reference value :  1.33472e-06
 Reference value :  1.33479e-06
 Reference value :  1.33490e-06
 Reference value :  1.33498e-06
 Reference value :  1.33508e-06
 Reference value :  1.33518e-06
 Reference value :  1.33542e-06
 Reference value :  1.33563e-06
 Reference value :  1.33582e-06
 Reference value :  1.33633e-06
 Reference value :  1.33777e-06
 Reference value :  1.34027e-06
 Reference value :  1.34327e-06
 Reference value :  1.34577e-06
 Reference value :  1.34727e-06
 Reference value :  1.34977e-06
 Reference value :  1.35177e-06
 Reference value :  1.35427e-06
 Reference value :  1.35727e-06
 Reference value :  1.35927e-06
 Reference value :  1.36227e-06
 Reference value :  1.36477e-06
 Reference value :  1.36617e-06
 Reference value :  1.36621e-06
 Reference value :  1.36626e-06
 Reference value :  1.36631e-06
 Reference value :  1.36638e-06
 Reference value :  1.36644e-06
 Reference value :  1.36653e-06
 Reference value :  1.36661e-06
 Reference value :  1.36672e-06
 Reference value :  1.36686e-06
 Reference value :  1.36693e-06
 Reference value :  1.36698e-06
 Reference value :  1.36699e-06
 Reference value :  1.36703e-06
 Reference value :  1.36710e-06
 Reference value :  1.36717e-06
 Reference value :  1.36720e-06
 Reference value :  1.36728e-06
 Reference value :  1.36742e-06
 Reference value :  1.36749e-06
 Reference value :  1.36763e-06
 Reference value :  1.36768e-06
 Reference value :  1.36775e-06
 Reference value :  1.36783e-06
 Reference value :  1.36796e-06
 Reference value :  1.36803e-06
 Reference value :  1.36809e-06
 Reference value :  1.36817e-06
 Reference value :  1.36827e-06
 Reference value :  1.36836e-06
 Reference value :  1.36846e-06
 Reference value :  1.36861e-06
 Reference value :  1.36869e-06
 Reference value :  1.36884e-06
 Reference value :  1.36897e-06
 Reference value :  1.36912e-06
 Reference value :  1.36947e-06
 Reference value :  1.36991e-06
 Reference value :  1.37070e-06
 Reference value :  1.37284e-06
 Reference value :  1.37534e-06
 Reference value :  1.37834e-06
 Reference value :  1.38034e-06
 Reference value :  1.38184e-06
 Reference value :  1.38584e-06
 Reference value :  1.38934e-06
 Reference value :  1.39234e-06
 Reference value :  1.39484e-06
 Reference value :  1.39784e-06
 Reference value :  1.39934e-06
 Reference value :  1.40084e-06
 Reference value :  1.40334e-06
 Reference value :  1.40434e-06
 Reference value :  1.40584e-06
 Reference value :  1.40684e-06
 Reference value :  1.40784e-06
 Reference value :  1.40787e-06
 Reference value :  1.40789e-06
 Reference value :  1.40793e-06
 Reference value :  1.40795e-06
 Reference value :  1.40799e-06
 Reference value :  1.40803e-06
 Reference value :  1.40808e-06
 Reference value :  1.40813e-06
 Reference value :  1.40823e-06
 Reference value :  1.40826e-06
 Reference value :  1.40833e-06
 Reference value :  1.40844e-06
 Reference value :  1.40851e-06
 Reference value :  1.40864e-06
 Reference value :  1.40868e-06
 Reference value :  1.40871e-06
 Reference value :  1.40883e-06
 Reference value :  1.40886e-06
 Reference value :  1.40893e-06
 Reference value :  1.40904e-06
 Reference value :  1.40914e-06
 Reference value :  1.40928e-06
 Reference value :  1.40940e-06
 Reference value :  1.40956e-06
 Reference value :  1.40962e-06
 Reference value :  1.40971e-06
 Reference value :  1.40987e-06
 Reference value :  1.40998e-06
 Reference value :  1.41012e-06
 Reference value :  1.41050e-06
 Reference value :  1.41071e-06
 Reference value :  1.41114e-06
 Reference value :  1.41141e-06
 Reference value :  1.41209e-06
 Reference value :  1.41349e-06
 Reference value :  1.41599e-06
 Reference value :  1.41799e-06
 Reference value :  1.41999e-06
 Reference value :  1.42349e-06
 Reference value :  1.42599e-06
 Reference value :  1.42899e-06
 Reference value :  1.43149e-06
 Reference value :  1.43449e-06
 Reference value :  1.43749e-06
 Reference value :  1.43999e-06
 Reference value :  1.44349e-06
 Reference value :  1.44599e-06
 Reference value :  1.44749e-06
 Reference value :  1.44899e-06
 Reference value :  1.44950e-06
 Reference value :  1.44954e-06
 Reference value :  1.44959e-06
 Reference value :  1.44964e-06
 Reference value :  1.44969e-06
 Reference value :  1.44975e-06
 Reference value :  1.44985e-06
 Reference value :  1.44991e-06
 Reference value :  1.44996e-06
 Reference value :  1.45012e-06
 Reference value :  1.45020e-06
 Reference value :  1.45027e-06
 Reference value :  1.45031e-06
 Reference value :  1.45037e-06
 Reference value :  1.45045e-06
 Reference value :  1.45053e-06
 Reference value :  1.45060e-06
 Reference value :  1.45077e-06
 Reference value :  1.45087e-06
 Reference value :  1.45097e-06
 Reference value :  1.45108e-06
 Reference value :  1.45117e-06
 Reference value :  1.45128e-06
 Reference value :  1.45136e-06
 Reference value :  1.45143e-06
 Reference value :  1.45150e-06
 Reference value :  1.45159e-06
 Reference value :  1.45173e-06
 Reference value :  1.45193e-06
 Reference value :  1.45203e-06
 Reference value :  1.45221e-06
 Reference value :  1.45245e-06
 Reference value :  1.45303e-06
 Reference value :  1.45564e-06
 Reference value :  1.45814e-06
 Reference value :  1.46114e-06
 Reference value :  1.46264e-06
 Reference value :  1.46414e-06
 Reference value :  1.46614e-06
 Reference value :  1.46814e-06
 Reference value :  1.47014e-06
 Reference value :  1.47314e-06
 Reference value :  1.47614e-06
 Reference value :  1.47864e-06
 Reference value :  1.48164e-06
 Reference value :  1.48464e-06
 Reference value :  1.48664e-06
 Reference value :  1.48964e-06
 Reference value :  1.49117e-06
 Reference value :  1.49121e-06
 Reference value :  1.49124e-06
 Reference value :  1.49132e-06
 Reference value :  1.49138e-06
 Reference value :  1.49152e-06
 Reference value :  1.49170e-06
 Reference value :  1.49192e-06
 Reference value :  1.49202e-06
 Reference value :  1.49206e-06
 Reference value :  1.49214e-06
 Reference value :  1.49224e-06
 Reference value :  1.49234e-06
 Reference value :  1.49245e-06
 Reference value :  1.49261e-06
 Reference value :  1.49274e-06
 Reference value :  1.49287e-06
 Reference value :  1.49299e-06
 Reference value :  1.49318e-06
 Reference value :  1.49335e-06
 Reference value :  1.49348e-06
 Reference value :  1.49379e-06
 Reference value :  1.49398e-06
 Reference value :  1.49418e-06
 Reference value :  1.49461e-06
 Reference value :  1.49498e-06
 Reference value :  1.49553e-06
 Reference value :  1.49648e-06
 Reference value :  1.49857e-06
 Reference value :  1.50157e-06
 Reference value :  1.50507e-06
 Reference value :  1.50657e-06
 Reference value :  1.50957e-06
 Reference value :  1.51207e-06
 Reference value :  1.51457e-06
 Reference value :  1.51657e-06
 Reference value :  1.51957e-06
 Reference value :  1.52157e-06
 Reference value :  1.52307e-06
 Reference value :  1.52657e-06
 Reference value :  1.52957e-06
 Reference value :  1.53107e-06
 Reference value :  1.53285e-06
 Reference value :  1.53287e-06
 Reference value :  1.53292e-06
 Reference value :  1.53299e-06
 Reference value :  1.53305e-06
 Reference value :  1.53310e-06
 Reference value :  1.53318e-06
 Reference value :  1.53326e-06
 Reference value :  1.53332e-06
 Reference value :  1.53347e-06
 Reference value :  1.53358e-06
 Reference value :  1.53365e-06
 Reference value :  1.53372e-06
 Reference value :  1.53384e-06
 Reference value :  1.53391e-06
 Reference value :  1.53406e-06
 Reference value :  1.53418e-06
 Reference value :  1.53439e-06
 Reference value :  1.53450e-06
 Reference value :  1.53465e-06
 Reference value :  1.53477e-06
 Reference value :  1.53493e-06
 Reference value :  1.53503e-06
 Reference value :  1.53523e-06
 Reference value :  1.53534e-06
 Reference value :  1.53567e-06
 Reference value :  1.53582e-06
 Reference value :  1.53629e-06
 Reference value :  1.53723e-06
 Reference value :  1.53998e-06
 Reference value :  1.54298e-06
 Reference value :  1.54548e-06
 Reference value :  1.54848e-06
 Reference value :  1.55148e-06
 Reference value :  1.55448e-06
 Reference value :  1.55648e-06
 Reference value :  1.55998e-06
 Reference value :  1.56298e-06
 Reference value :  1.56598e-06
 Reference value :  1.56848e-06
 Reference value :  1.57098e-06
 Reference value :  1.57298e-06
 Reference value :  1.57450e-06
 Reference value :  1.57453e-06
 Reference value :  1.57459e-06
 Reference value :  1.57465e-06
 Reference value :  1.57468e-06
 Reference value :  1.57473e-06
 Reference value :  1.57484e-06
 Reference value :  1.57498e-06
 Reference value :  1.57504e-06
 Reference value :  1.57518e-06
 Reference value :  1.57535e-06
 Reference value :  1.57539e-06
 Reference value :  1.57544e-06
 Reference value :  1.57551e-06
 Reference value :  1.57560e-06
 Reference value :  1.57569e-06
 Reference value :  1.57581e-06
 Reference value :  1.57595e-06
 Reference value :  1.57610e-06
 Reference value :  1.57623e-06
 Reference value :  1.57647e-06
 Reference value :  1.57680e-06
 Reference value :  1.57711e-06
 Reference value :  1.57762e-06
 Reference value :  1.57797e-06
 Reference value :  1.57823e-06
 Reference value :  1.57858e-06
 Reference value :  1.57920e-06
 Reference value :  1.58070e-06
 Reference value :  1.58456e-06
 Reference value :  1.58706e-06
 Reference value :  1.59106e-06
 Reference value :  1.59556e-06
 Reference value :  1.59756e-06
 Reference value :  1.59799e-06
 Reference value :  1.59947e-06
 Reference value :  1.59970e-06
 Reference value :  1.59978e-06
 Reference value :  1.59986e-06
 Reference value :  1.59998e-06
 Reference value :  1.60002e-06
 Reference value :  1.60016e-06
 Reference value :  1.60032e-06
 Reference value :  1.60043e-06
 Reference value :  1.60057e-06
 Reference value :  1.60070e-06
 Reference value :  1.60084e-06
 Reference value :  1.60114e-06
 Reference value :  1.60141e-06
 Reference value :  1.60198e-06
 Reference value :  1.60319e-06
 Reference value :  1.60469e-06
 Reference value :  1.60619e-06
 Reference value :  1.60819e-06
 Reference value :  1.61119e-06
 Reference value :  1.61369e-06
 Reference value :  1.61519e-06
 Reference value :  1.61617e-06
 Reference value :  1.61620e-06
 Reference value :  1.61624e-06
 Reference value :  1.61628e-06
 Reference value :  1.61632e-06
 Reference value :  1.61634e-06
 Reference value :  1.61637e-06
 Reference value :  1.61639e-06
 Reference value :  1.61645e-06
 Reference value :  1.61655e-06
 Reference value :  1.61666e-06
 Reference value :  1.61682e-06
 Reference value :  1.61690e-06
 Reference value :  1.61695e-06
 Reference value :  1.61698e-06
 Reference value :  1.61701e-06
 Reference value :  1.61710e-06
 Reference value :  1.61717e-06
 Reference value :  1.61722e-06
 Reference value :  1.61733e-06
 Reference value :  1.61750e-06
 Reference value :  1.61764e-06
 Reference value :  1.61772e-06
 Reference value :  1.61781e-06
 Reference value :  1.61789e-06
 Reference value :  1.61795e-06
 Reference value :  1.61804e-06
 Reference value :  1.61815e-06
 Reference value :  1.61825e-06
 Reference value :  1.61833e-06
 Reference value :  1.61837e-06
 Reference value :  1.61845e-06
 Reference value :  1.61850e-06
 Reference value :  1.61860e-06
 Reference value :  1.61870e-06
 Reference value :  1.61879e-06
 Reference value :  1.61892e-06
 Reference value :  1.61899e-06
 Reference value :  1.61907e-06
 Reference value :  1.61911e-06
 Reference value :  1.61920e-06
 Reference value :  1.61931e-06
 Reference value :  1.61944e-06
 Reference value :  1.61959e-06
 Reference value :  1.61976e-06
 Reference value :  1.62000e-06
 Reference value :  1.62065e-06
 Reference value :  1.62184e-06
 Reference value :  1.62334e-06
 Reference value :  1.62434e-06
 Reference value :  1.62584e-06
 Reference value :  1.62734e-06
 Reference value :  1.62884e-06
 Reference value :  1.62984e-06
 Reference value :  1.63084e-06
 Reference value :  1.63284e-06
 Reference value :  1.63584e-06
 Reference value :  1.63784e-06
 Reference value :  1.63934e-06
 Reference value :  1.64184e-06
 Reference value :  1.64434e-06
 Reference value :  1.64634e-06
 Reference value :  1.64884e-06
 Reference value :  1.65034e-06
 Reference value :  1.65184e-06
 Reference value :  1.65334e-06
 Reference value :  1.65484e-06
 Reference value :  1.65584e-06
 Reference value :  1.65734e-06
 Reference value :  1.65784e-06
 Reference value :  1.65788e-06
 Reference value :  1.65793e-06
 Reference value :  1.65800e-06
 Reference value :  1.65808e-06
 Reference value :  1.65826e-06
 Reference value :  1.65853e-06
 Reference value :  1.65870e-06
 Reference value :  1.65880e-06
 Reference value :  1.65890e-06
 Reference value :  1.65902e-06
 Reference value :  1.65917e-06
 Reference value :  1.65930e-06
 Reference value :  1.65937e-06
 Reference value :  1.65951e-06
 Reference value :  1.65960e-06
 Reference value :  1.65972e-06
 Reference value :  1.65996e-06
 Reference value :  1.66023e-06
 Reference value :  1.66054e-06
 Reference value :  1.66104e-06
 Reference value :  1.66133e-06
 Reference value :  1.66158e-06
 Reference value :  1.66180e-06
 Reference value :  1.66219e-06
 Reference value :  1.66288e-06
 Reference value :  1.66462e-06
 Reference value :  1.66606e-06
 Reference value :  1.66856e-06
 Reference value :  1.67006e-06
 Reference value :  1.67206e-06
 Reference value :  1.67506e-06
 Reference value :  1.67806e-06
 Reference value :  1.68056e-06
 Reference value :  1.68356e-06
 Reference value :  1.68506e-06
 Reference value :  1.68756e-06
 Reference value :  1.69056e-06
 Reference value :  1.69356e-06
 Reference value :  1.69656e-06
 Reference value :  1.69951e-06
 Reference value :  1.69957e-06
 Reference value :  1.69965e-06
 Reference value :  1.69971e-06
 Reference value :  1.69979e-06
 Reference value :  1.69987e-06
 Reference value :  1.69995e-06
 Reference value :  1.70002e-06
 Reference value :  1.70019e-06
 Reference value :  1.70027e-06
 Reference value :  1.70031e-06
 Reference value :  1.70032e-06
 Reference value :  1.70036e-06
 Reference value :  1.70044e-06
 Reference value :  1.70053e-06
 Reference value :  1.70059e-06
 Reference value :  1.70078e-06
 Reference value :  1.70089e-06
 Reference value :  1.70099e-06
 Reference value :  1.70110e-06
 Reference value :  1.70125e-06
 Reference value :  1.70137e-06
 Reference value :  1.70142e-06
 Reference value :  1.70166e-06
 Reference value :  1.70181e-06
 Reference value :  1.70198e-06
 Reference value :  1.70221e-06
 Reference value :  1.70236e-06
 Reference value :  1.70266e-06
 Reference value :  1.70319e-06
 Reference value :  1.70401e-06
 Reference value :  1.70488e-06
 Reference value :  1.70688e-06
 Reference value :  1.70888e-06
 Reference value :  1.71038e-06
 Reference value :  1.71338e-06
 Reference value :  1.71688e-06
 Reference value :  1.72038e-06
 Reference value :  1.72288e-06
 Reference value :  1.72488e-06
 Reference value :  1.72688e-06
 Reference value :  1.72938e-06
 Reference value :  1.73188e-06
 Reference value :  1.73488e-06
 Reference value :  1.73638e-06
 Reference value :  1.73838e-06
 Reference value :  1.74077e-06
 Reference value :  1.74120e-06
 Reference value :  1.74123e-06
 Reference value :  1.74131e-06
 Reference value :  1.74136e-06
 Reference value :  1.74144e-06
 Reference value :  1.74159e-06
 Reference value :  1.74174e-06
 Reference value :  1.74193e-06
 Reference value :  1.74203e-06
 Reference value :  1.74206e-06
 Reference value :  1.74212e-06
 Reference value :  1.74219e-06
 Reference value :  1.74224e-06
 Reference value :  1.74236e-06
 Reference value :  1.74251e-06
 Reference value :  1.74261e-06
 Reference value :  1.74271e-06
 Reference value :  1.74281e-06
 Reference value :  1.74289e-06
 Reference value :  1.74310e-06
 Reference value :  1.74319e-06
 Reference value :  1.74342e-06
 Reference value :  1.74378e-06
 Reference value :  1.74418e-06
 Reference value :  1.74446e-06
 Reference value :  1.74468e-06
 Reference value :  1.74500e-06
 Reference value :  1.74547e-06
 Reference value :  1.74647e-06
 Reference value :  1.74801e-06
 Reference value :  1.75045e-06
 Reference value :  1.75345e-06
 Reference value :  1.75645e-06
 Reference value :  1.75945e-06
 Reference value :  1.76295e-06
 Reference value :  1.76745e-06
 Reference value :  1.77095e-06
 Reference value :  1.77445e-06
 Reference value :  1.77645e-06
 Reference value :  1.77845e-06
 Reference value :  1.77887e-06
 Reference value :  1.77923e-06
 Reference value :  1.78019e-06
 Reference value :  1.78039e-06
 Reference value :  1.78051e-06
 Reference value :  1.78056e-06
 Reference value :  1.78059e-06
 Reference value :  1.78063e-06
 Reference value :  1.78070e-06
 Reference value :  1.78075e-06
 Reference value :  1.78082e-06
 Reference value :  1.78089e-06
 Reference value :  1.78094e-06
 Reference value :  1.78110e-06
 Reference value :  1.78121e-06
 Reference value :  1.78149e-06
 Reference value :  1.78170e-06
 Reference value :  1.78246e-06
 Reference value :  1.78285e-06
 Reference value :  1.78292e-06
 Reference value :  1.78298e-06
 Reference value :  1.78303e-06
 Reference value :  1.78311e-06
 Reference value :  1.78319e-06
 Reference value :  1.78331e-06
 Reference value :  1.78349e-06
 Reference value :  1.78357e-06
 Reference value :  1.78363e-06
 Reference value :  1.78366e-06
 Reference value :  1.78371e-06
 Reference value :  1.78379e-06
 Reference value :  1.78383e-06
 Reference value :  1.78386e-06
 Reference value :  1.78400e-06
 Reference value :  1.78411e-06
 Reference value :  1.78429e-06
 Reference value :  1.78440e-06
 Reference value :  1.78452e-06
 Reference value :  1.78464e-06
 Reference value :  1.78473e-06
 Reference value :  1.78479e-06
 Reference value :  1.78495e-06
 Reference value :  1.78505e-06
 Reference value :  1.78518e-06
 Reference value :  1.78533e-06
 Reference value :  1.78549e-06
 Reference value :  1.78568e-06
 Reference value :  1.78596e-06
 Reference value :  1.78659e-06
 Reference value :  1.78746e-06
 Reference value :  1.78934e-06
 Reference value :  1.79084e-06
 Reference value :  1.79234e-06
 Reference value :  1.79434e-06
 Reference value :  1.79784e-06
 Reference value :  1.80084e-06
 Reference value :  1.80334e-06
 Reference value :  1.80634e-06
 Reference value :  1.80934e-06
 Reference value :  1.81234e-06
 Reference value :  1.81484e-06
 Reference value :  1.81734e-06
 Reference value :  1.82034e-06
 Reference value :  1.82334e-06
 Reference value :  1.82453e-06
 Reference value :  1.82457e-06
 Reference value :  1.82464e-06
 Reference value :  1.82471e-06
 Reference value :  1.82482e-06
 Reference value :  1.82499e-06
 Reference value :  1.82513e-06
 Reference value :  1.82537e-06
 Reference value :  1.82544e-06
 Reference value :  1.82552e-06
 Reference value :  1.82563e-06
 Reference value :  1.82569e-06
 Reference value :  1.82580e-06
 Reference value :  1.82594e-06
 Reference value :  1.82599e-06
 Reference value :  1.82613e-06
 Reference value :  1.82623e-06
 Reference value :  1.82639e-06
 Reference value :  1.82652e-06
 Reference value :  1.82683e-06
 Reference value :  1.82697e-06
 Reference value :  1.82732e-06
 Reference value :  1.82770e-06
 Reference value :  1.82800e-06
 Reference value :  1.82818e-06
 Reference value :  1.82839e-06
 Reference value :  1.82853e-06
 Reference value :  1.82894e-06
 Reference value :  1.82949e-06
 Reference value :  1.83019e-06
 Reference value :  1.83269e-06
 Reference value :  1.83519e-06
 Reference value :  1.83719e-06
 Reference value :  1.83969e-06
 Reference value :  1.84219e-06
 Reference value :  1.84419e-06
 Reference value :  1.84669e-06
 Reference value :  1.84969e-06
 Reference value :  1.85269e-06
 Reference value :  1.85469e-06
 Reference value :  1.85769e-06
 Reference value :  1.86019e-06
 Reference value :  1.86219e-06
 Reference value :  1.86519e-06
 Reference value :  1.86620e-06
 Reference value :  1.86628e-06
 Reference value :  1.86633e-06
 Reference value :  1.86638e-06
 Reference value :  1.86645e-06
 Reference value :  1.86653e-06
 Reference value :  1.86659e-06
 Reference value :  1.86671e-06
 Reference value :  1.86680e-06
 Reference value :  1.86689e-06
 Reference value :  1.86697e-06
 Reference value :  1.86698e-06
 Reference value :  1.86708e-06
 Reference value :  1.86718e-06
 Reference value :  1.86729e-06
 Reference value :  1.86745e-06
 Reference value :  1.86760e-06
 Reference value :  1.86772e-06
 Reference value :  1.86781e-06
 Reference value :  1.86796e-06
 Reference value :  1.86803e-06
 Reference value :  1.86821e-06
 Reference value :  1.86826e-06
 Reference value :  1.86831e-06
 Reference value :  1.86838e-06
 Reference value :  1.86851e-06
 Reference value :  1.86869e-06
 Reference value :  1.86890e-06
 Reference value :  1.86923e-06
 Reference value :  1.86980e-06
 Reference value :  1.87195e-06
 Reference value :  1.87495e-06
 Reference value :  1.87795e-06
 Reference value :  1.88045e-06
 Reference value :  1.88145e-06
 Reference value :  1.88345e-06
 Reference value :  1.88595e-06
 Reference value :  1.88895e-06
 Reference value :  1.89145e-06
 Reference value :  1.89395e-06
 Reference value :  1.89695e-06
 Reference value :  1.89895e-06
 Reference value :  1.90145e-06
 Reference value :  1.90445e-06
 Reference value :  1.90695e-06
 Reference value :  1.90785e-06
 Reference value :  1.90788e-06
 Reference value :  1.90791e-06
 Reference value :  1.90797e-06
 Reference value :  1.90802e-06
 Reference value :  1.90806e-06
 Reference value :  1.90810e-06
 Reference value :  1.90822e-06
 Reference value :  1.90837e-06
 Reference value :  1.90861e-06
 Reference value :  1.90871e-06
 Reference value :  1.90883e-06
 Reference value :  1.90893e-06
 Reference value :  1.90905e-06
 Reference value :  1.90924e-06
 Reference value :  1.90933e-06
 Reference value :  1.90940e-06
 Reference value :  1.90951e-06
 Reference value :  1.90967e-06
 Reference value :  1.90981e-06
 Reference value :  1.90990e-06
 Reference value :  1.91002e-06
 Reference value :  1.91022e-06
 Reference value :  1.91053e-06
 Reference value :  1.91096e-06
 Reference value :  1.91127e-06
 Reference value :  1.91152e-06
 Reference value :  1.91183e-06
 Reference value :  1.91222e-06
 Reference value :  1.91283e-06
 Reference value :  1.91538e-06
 Reference value :  1.91838e-06
 Reference value :  1.92088e-06
 Reference value :  1.92288e-06
 Reference value :  1.92538e-06
 Reference value :  1.92838e-06
 Reference value :  1.93138e-06
 Reference value :  1.93488e-06
 Reference value :  1.93838e-06
 Reference value :  1.93988e-06
 Reference value :  1.94238e-06
 Reference value :  1.94438e-06
 Reference value :  1.94688e-06
 Reference value :  1.94919e-06
 Reference value :  1.94951e-06
 Reference value :  1.94954e-06
 Reference value :  1.94959e-06
 Reference value :  1.94962e-06
 Reference value :  1.94965e-06
 Reference value :  1.94967e-06
 Reference value :  1.94970e-06
 Reference value :  1.94971e-06
 Reference value :  1.94974e-06
 Reference value :  1.94977e-06
 Reference value :  1.94983e-06
 Reference value :  1.94987e-06
 Reference value :  1.94991e-06
 Reference value :  1.94997e-06
 Reference value :  1.95000e-06
 Reference value :  1.95004e-06
 Reference value :  1.95014e-06
 Reference value :  1.95018e-06
 Reference value :  1.95025e-06
 Reference value :  1.95027e-06
 Reference value :  1.95030e-06
 Reference value :  1.95031e-06
 Reference value :  1.95034e-06
 Reference value :  1.95038e-06
 Reference value :  1.95045e-06
 Reference value :  1.95050e-06
 Reference value :  1.95051e-06
 Reference value :  1.95055e-06
 Reference value :  1.95056e-06
 Reference value :  1.95057e-06
 Reference value :  1.95060e-06
 Reference value :  1.95064e-06
 Reference value :  1.95066e-06
 Reference value :  1.95072e-06
 Reference value :  1.95077e-06
 Reference value :  1.95088e-06
 Reference value :  1.95095e-06
 Reference value :  1.95100e-06
 Reference value :  1.95106e-06
 Reference value :  1.95110e-06
 Reference value :  1.95113e-06
 Reference value :  1.95125e-06
 Reference value :  1.95129e-06
 Reference value :  1.95131e-06
 Reference value :  1.95138e-06
 Reference value :  1.95140e-06
 Reference value :  1.95145e-06
 Reference value :  1.95151e-06
 Reference value :  1.95156e-06
 Reference value :  1.95160e-06
 Reference value :  1.95165e-06
 Reference value :  1.95171e-06
 Reference value :  1.95175e-06
 Reference value :  1.95185e-06
 Reference value :  1.95193e-06
 Reference value :  1.95206e-06
 Reference value :  1.95217e-06
 Reference value :  1.95246e-06
 Reference value :  1.95284e-06
 Reference value :  1.95359e-06
 Reference value :  1.95597e-06
 Reference value :  1.95947e-06
 Reference value :  1.96197e-06
 Reference value :  1.96397e-06
 Reference value :  1.96697e-06
 Reference value :  1.96847e-06
 Reference value :  1.97147e-06
 Reference value :  1.97447e-06
 Reference value :  1.97747e-06
 Reference value :  1.98047e-06
 Reference value :  1.98347e-06
 Reference value :  1.98597e-06
 Reference value :  1.98947e-06
 Reference value :  1.99117e-06
 Reference value :  1.99118e-06
 Reference value :  1.99120e-06
 Reference value :  1.99123e-06
 Reference value :  1.99126e-06
 Reference value :  1.99127e-06
 Reference value :  1.99131e-06
 Reference value :  1.99133e-06
 Reference value :  1.99135e-06
 Reference value :  1.99138e-06
 Reference value :  1.99142e-06
 Reference value :  1.99149e-06
 Reference value :  1.99152e-06
 Reference value :  1.99163e-06
 Reference value :  1.99171e-06
 Reference value :  1.99179e-06
 Reference value :  1.99194e-06
 Reference value :  1.99199e-06
 Reference value :  1.99203e-06
 Reference value :  1.99207e-06
 Reference value :  1.99214e-06
 Reference value :  1.99217e-06
 Reference value :  1.99221e-06
 Reference value :  1.99226e-06
 Reference value :  1.99233e-06
 Reference value :  1.99236e-06
 Reference value :  1.99242e-06
 Reference value :  1.99244e-06
 Reference value :  1.99255e-06
 Reference value :  1.99262e-06
 Reference value :  1.99271e-06
 Reference value :  1.99277e-06
 Reference value :  1.99284e-06
 Reference value :  1.99287e-06
 Reference value :  1.99293e-06
 Reference value :  1.99302e-06
 Reference value :  1.99318e-06
 Reference value :  1.99329e-06
 Reference value :  1.99342e-06
 Reference value :  1.99357e-06
 Reference value :  1.99363e-06
 Reference value :  1.99378e-06
 Reference value :  1.99396e-06
 Reference value :  1.99417e-06
 Reference value :  1.99438e-06
 Reference value :  1.99456e-06
 Reference value :  1.99464e-06
 Reference value :  1.99469e-06
 Reference value :  1.99483e-06
 Reference value :  1.99494e-06
 Reference value :  1.99508e-06
 Reference value :  1.99529e-06
 Reference value :  1.99557e-06
 Reference value :  1.99594e-06
 Reference value :  1.99639e-06
 Reference value :  1.99731e-06
 Reference value :  1.99845e-06
 Reference value :  1.99942e-06
 Reference value :  2.00092e-06
 Reference value :  2.00242e-06
 Reference value :  2.00392e-06
 Reference value :  2.00492e-06
 Reference value :  2.00642e-06
 Reference value :  2.00792e-06
 Reference value :  2.00942e-06
 Reference value :  2.01092e-06
 Reference value :  2.01242e-06
 Reference value :  2.01392e-06
 Reference value :  2.01542e-06
 Reference value :  2.01742e-06
 Reference value :  2.01892e-06
 Reference value :  2.02042e-06
 Reference value :  2.02242e-06
 Reference value :  2.02442e-06
 Reference value :  2.02592e-06
 Reference value :  2.02742e-06
 Reference value :  2.02892e-06
 Reference value :  2.03042e-06
 Reference value :  2.03092e-06
 Reference value :  2.03135e-06
 Reference value :  2.03172e-06
 Reference value :  2.03203e-06
 Reference value :  2.03259e-06
 Reference value :  2.03277e-06
 Reference value :  2.03283e-06
 Reference value :  2.03283e-06
 Reference value :  2.03284e-06
 Reference value :  2.03285e-06
 Reference value :  2.03286e-06
 Reference value :  2.03290e-06
 Reference value :  2.03295e-06
 Reference value :  2.03299e-06
 Reference value :  2.03304e-06
 Reference value :  2.03309e-06
 Reference value :  2.03322e-06
 Reference value :  2.03335e-06
 Reference value :  2.03353e-06
 Reference value :  2.03361e-06
 Reference value :  2.03369e-06
 Reference value :  2.03377e-06
 Reference value :  2.03384e-06
 Reference value :  2.03389e-06
 Reference value :  2.03399e-06
 Reference value :  2.03418e-06
 Reference value :  2.03433e-06
 Reference value :  2.03442e-06
 Reference value :  2.03455e-06
 Reference value :  2.03472e-06
 Reference value :  2.03484e-06
 Reference value :  2.03504e-06
 Reference value :  2.03518e-06
 Reference value :  2.03528e-06
 Reference value :  2.03540e-06
 Reference value :  2.03559e-06
 Reference value :  2.03577e-06
 Reference value :  2.03617e-06
 Reference value :  2.03682e-06
 Reference value :  2.03800e-06
 Reference value :  2.04000e-06
 Reference value :  2.04100e-06
 Reference value :  2.04200e-06
 Reference value :  2.04300e-06
 Reference value :  2.04450e-06
 Reference value :  2.04700e-06
 Reference value :  2.04950e-06
 Reference value :  2.05200e-06
 Reference value :  2.05600e-06
 Reference value :  2.06000e-06
 Reference value :  2.06300e-06
 Reference value :  2.06700e-06
 Reference value :  2.06850e-06
 Reference value :  2.07150e-06
 Reference value :  2.07450e-06
 Reference value :  2.07454e-06
 Reference value :  2.07458e-06
 Reference value :  2.07465e-06
 Reference value :  2.07470e-06
 Reference value :  2.07478e-06
 Reference value :  2.07491e-06
 Reference value :  2.07501e-06
 Reference value :  2.07519e-06
 Reference value :  2.07536e-06
 Reference value :  2.07544e-06
 Reference value :  2.07550e-06
 Reference value :  2.07558e-06
 Reference value :  2.07569e-06
 Reference value :  2.07580e-06
 Reference value :  2.07595e-06
 Reference value :  2.07612e-06
 Reference value :  2.07620e-06
 Reference value :  2.07630e-06
 Reference value :  2.07651e-06
 Reference value :  2.07683e-06
 Reference value :  2.07706e-06
 Reference value :  2.07730e-06
 Reference value :  2.07780e-06
 Reference value :  2.07805e-06
 Reference value :  2.07836e-06
 Reference value :  2.07898e-06
 Reference value :  2.08055e-06
 Reference value :  2.08352e-06
 Reference value :  2.08702e-06
 Reference value :  2.09002e-06
 Reference value :  2.09352e-06
 Reference value :  2.09702e-06
 Reference value :  2.10052e-06
 Reference value :  2.10502e-06
 Reference value :  2.10802e-06
 Reference value :  2.11102e-06
 Reference value :  2.11402e-06
 Reference value :  2.11617e-06
 Reference value :  2.11622e-06
 Reference value :  2.11631e-06
 Reference value :  2.11636e-06
 Reference value :  2.11642e-06
 Reference value :  2.11650e-06
 Reference value :  2.11658e-06
 Reference value :  2.11666e-06
 Reference value :  2.11678e-06
 Reference value :  2.11691e-06
 Reference value :  2.11697e-06
 Reference value :  2.11702e-06
 Reference value :  2.11714e-06
 Reference value :  2.11716e-06
 Reference value :  2.11720e-06
 Reference value :  2.11725e-06
 Reference value :  2.11730e-06
 Reference value :  2.11740e-06
 Reference value :  2.11751e-06
 Reference value :  2.11760e-06
 Reference value :  2.11768e-06
 Reference value :  2.11774e-06
 Reference value :  2.11784e-06
 Reference value :  2.11794e-06
 Reference value :  2.11800e-06
 Reference value :  2.11807e-06
 Reference value :  2.11811e-06
 Reference value :  2.11815e-06
 Reference value :  2.11821e-06
 Reference value :  2.11830e-06
 Reference value :  2.11836e-06
 Reference value :  2.11843e-06
 Reference value :  2.11853e-06
 Reference value :  2.11860e-06
 Reference value :  2.11871e-06
 Reference value :  2.11876e-06
 Reference value :  2.11890e-06
 Reference value :  2.11913e-06
 Reference value :  2.11926e-06
 Reference value :  2.11950e-06
 Reference value :  2.11982e-06
 Reference value :  2.12064e-06
 Reference value :  2.12187e-06
 Reference value :  2.12379e-06
 Reference value :  2.12629e-06
 Reference value :  2.12829e-06
 Reference value :  2.13129e-06
 Reference value :  2.13229e-06
 Reference value :  2.13379e-06
 Reference value :  2.13529e-06
 Reference value :  2.13779e-06
 Reference value :  2.13929e-06
 Reference value :  2.14129e-06
 Reference value :  2.14379e-06
 Reference value :  2.14579e-06
 Reference value :  2.14879e-06
 Reference value :  2.15029e-06
 Reference value :  2.15279e-06
 Reference value :  2.15579e-06
 Reference value :  2.15783e-06
 Reference value :  2.15787e-06
 Reference value :  2.15791e-06
 Reference value :  2.15798e-06
 Reference value :  2.15807e-06
 Reference value :  2.15817e-06
 Reference value :  2.15828e-06
 Reference value :  2.15834e-06
 Reference value :  2.15860e-06
 Reference value :  2.15880e-06
 Reference value :  2.15890e-06
 Reference value :  2.15908e-06
 Reference value :  2.15924e-06
 Reference value :  2.15938e-06
 Reference value :  2.15951e-06
 Reference value :  2.15973e-06
 Reference value :  2.15993e-06
 Reference value :  2.16020e-06
 Reference value :  2.16034e-06
 Reference value :  2.16050e-06
 Reference value :  2.16065e-06
 Reference value :  2.16076e-06
 Reference value :  2.16086e-06
 Reference value :  2.16094e-06
 Reference value :  2.16102e-06
 Reference value :  2.16111e-06
 Reference value :  2.16125e-06
 Reference value :  2.16150e-06
 Reference value :  2.16172e-06
 Reference value :  2.16223e-06
 Reference value :  2.16327e-06
 Reference value :  2.16481e-06
 Reference value :  2.16793e-06
 Reference value :  2.17193e-06
 Reference value :  2.17543e-06
 Reference value :  2.17943e-06
 Reference value :  2.18343e-06
 Reference value :  2.18693e-06
 Reference value :  2.18943e-06
 Reference value :  2.19243e-06
 Reference value :  2.19643e-06
 Reference value :  2.19950e-06
 Reference value :  2.19953e-06
 Reference value :  2.19960e-06
 Reference value :  2.19970e-06
 Reference value :  2.19977e-06
 Reference value :  2.19990e-06
 Reference value :  2.20000e-06
 Reference value :  2.20022e-06
 Reference value :  2.20031e-06
 Reference value :  2.20036e-06
 Reference value :  2.20044e-06
 Reference value :  2.20051e-06
 Reference value :  2.20058e-06
 Reference value :  2.20069e-06
 Reference value :  2.20079e-06
 Reference value :  2.20091e-06
 Reference value :  2.20100e-06
 Reference value :  2.20106e-06
 Reference value :  2.20108e-06
 Reference value :  2.20119e-06
 Reference value :  2.20129e-06
 Reference value :  2.20142e-06
 Reference value :  2.20151e-06
 Reference value :  2.20165e-06
 Reference value :  2.20173e-06
 Reference value :  2.20181e-06
 Reference value :  2.20191e-06
 Reference value :  2.20209e-06
 Reference value :  2.20223e-06
 Reference value :  2.20247e-06
 Reference value :  2.20302e-06
 Reference value :  2.20396e-06
 Reference value :  2.20733e-06
 Reference value :  2.21033e-06
 Reference value :  2.21333e-06
 Reference value :  2.21633e-06
 Reference value :  2.21933e-06
 Reference value :  2.22233e-06
 Reference value :  2.22533e-06
 Reference value :  2.22783e-06
 Reference value :  2.23083e-06
 Reference value :  2.23433e-06
 Reference value :  2.23783e-06
 Reference value :  2.23983e-06
 Reference value :  2.24119e-06
 Reference value :  2.24123e-06
 Reference value :  2.24131e-06
 Reference value :  2.24136e-06
 Reference value :  2.24146e-06
 Reference value :  2.24166e-06
 Reference value :  2.24197e-06
 Reference value :  2.24205e-06
 Reference value :  2.24214e-06
 Reference value :  2.24221e-06
 Reference value :  2.24233e-06
 Reference value :  2.24248e-06
 Reference value :  2.24265e-06
 Reference value :  2.24274e-06
 Reference value :  2.24286e-06
 Reference value :  2.24304e-06
 Reference value :  2.24320e-06
 Reference value :  2.24333e-06
 Reference value :  2.24347e-06
 Reference value :  2.24361e-06
 Reference value :  2.24394e-06
 Reference value :  2.24405e-06
 Reference value :  2.24419e-06
 Reference value :  2.24427e-06
 Reference value :  2.24440e-06
 Reference value :  2.24450e-06
 Reference value :  2.24466e-06
 Reference value :  2.24499e-06
 Reference value :  2.24571e-06
 Reference value :  2.24655e-06
 Reference value :  2.24889e-06
 Reference value :  2.25139e-06
 Reference value :  2.25439e-06
 Reference value :  2.25739e-06
 Reference value :  2.26039e-06
 Reference value :  2.26289e-06
 Reference value :  2.26639e-06
 Reference value :  2.26839e-06
 Reference value :  2.27139e-06
 Reference value :  2.27489e-06
 Reference value :  2.27789e-06
 Reference value :  2.28039e-06
 Reference value :  2.28284e-06
 Reference value :  2.28289e-06
 Reference value :  2.28295e-06
 Reference value :  2.28299e-06
 Reference value :  2.28304e-06
 Reference value :  2.28311e-06
 Reference value :  2.28320e-06
 Reference value :  2.28332e-06
 Reference value :  2.28353e-06
 Reference value :  2.28361e-06
 Reference value :  2.28366e-06
 Reference value :  2.28372e-06
 Reference value :  2.28380e-06
 Reference value :  2.28389e-06
 Reference value :  2.28397e-06
 Reference value :  2.28406e-06
 Reference value :  2.28418e-06
 Reference value :  2.28432e-06
 Reference value :  2.28438e-06
 Reference value :  2.28447e-06
 Reference value :  2.28465e-06
 Reference value :  2.28475e-06
 Reference value :  2.28487e-06
 Reference value :  2.28502e-06
 Reference value :  2.28508e-06
 Reference value :  2.28514e-06
 Reference value :  2.28524e-06
 Reference value :  2.28537e-06
 Reference value :  2.28551e-06
 Reference value :  2.28568e-06
 Reference value :  2.28587e-06
 Reference value :  2.28627e-06
 Reference value :  2.28674e-06
 Reference value :  2.28909e-06
 Reference value :  2.29209e-06
 Reference value :  2.29559e-06
 Reference value :  2.29859e-06
 Reference value :  2.30209e-06
 Reference value :  2.30559e-06
 Reference value :  2.30809e-06
 Reference value :  2.31059e-06
 Reference value :  2.31409e-06
 Reference value :  2.31759e-06
 Reference value :  2.32109e-06
 Reference value :  2.32451e-06
 Reference value :  2.32456e-06
 Reference value :  2.32460e-06
 Reference value :  2.32466e-06
 Reference value :  2.32470e-06
 Reference value :  2.32483e-06
 Reference value :  2.32492e-06
 Reference value :  2.32507e-06
 Reference value :  2.32530e-06
 Reference value :  2.32535e-06
 Reference value :  2.32538e-06
 Reference value :  2.32544e-06
 Reference value :  2.32550e-06
 Reference value :  2.32551e-06
 Reference value :  2.32556e-06
 Reference value :  2.32567e-06
 Reference value :  2.32579e-06
 Reference value :  2.32595e-06
 Reference value :  2.32606e-06
 Reference value :  2.32622e-06
 Reference value :  2.32648e-06
 Reference value :  2.32656e-06
 Reference value :  2.32675e-06
 Reference value :  2.32697e-06
 Reference value :  2.32742e-06
 Reference value :  2.32772e-06
 Reference value :  2.32807e-06
 Reference value :  2.32829e-06
 Reference value :  2.32868e-06
 Reference value :  2.32954e-06
 Reference value :  2.33095e-06
 Reference value :  2.33404e-06
 Reference value :  2.33704e-06
 Reference value :  2.33815e-06
 Reference value :  2.33909e-06
 Reference value :  2.34097e-06
 Reference value :  2.34270e-06
 Reference value :  2.34541e-06
 Reference value :  2.34841e-06
 Reference value :  2.35141e-06
 Reference value :  2.35341e-06
 Reference value :  2.35641e-06
 Reference value :  2.35891e-06
 Reference value :  2.36091e-06
 Reference value :  2.36341e-06
 Reference value :  2.36617e-06
 Reference value :  2.36618e-06
 Reference value :  2.36622e-06
 Reference value :  2.36627e-06
 Reference value :  2.36632e-06
 Reference value :  2.36636e-06
 Reference value :  2.36642e-06
 Reference value :  2.36651e-06
 Reference value :  2.36657e-06
 Reference value :  2.36663e-06
 Reference value :  2.36680e-06
 Reference value :  2.36688e-06
 Reference value :  2.36694e-06
 Reference value :  2.36698e-06
 Reference value :  2.36705e-06
 Reference value :  2.36712e-06
 Reference value :  2.36717e-06
 Reference value :  2.36723e-06
 Reference value :  2.36731e-06
 Reference value :  2.36744e-06
 Reference value :  2.36751e-06
 Reference value :  2.36758e-06
 Reference value :  2.36766e-06
 Reference value :  2.36768e-06
 Reference value :  2.36770e-06
 Reference value :  2.36773e-06
 Reference value :  2.36784e-06
 Reference value :  2.36791e-06
 Reference value :  2.36796e-06
 Reference value :  2.36800e-06
 Reference value :  2.36811e-06
 Reference value :  2.36815e-06
 Reference value :  2.36826e-06
 Reference value :  2.36832e-06
 Reference value :  2.36834e-06
 Reference value :  2.36840e-06
 Reference value :  2.36855e-06
 Reference value :  2.36869e-06
 Reference value :  2.36889e-06
 Reference value :  2.36932e-06
 Reference value :  2.37017e-06
 Reference value :  2.37120e-06
 Reference value :  2.37417e-06
 Reference value :  2.37617e-06
 Reference value :  2.37817e-06
 Reference value :  2.38117e-06
 Reference value :  2.38367e-06
 Reference value :  2.38667e-06
 Reference value :  2.38867e-06
 Reference value :  2.39017e-06
 Reference value :  2.39217e-06
 Reference value :  2.39367e-06
 Reference value :  2.39517e-06
 Reference value :  2.39617e-06
 Reference value :  2.39767e-06
 Reference value :  2.40017e-06
 Reference value :  2.40167e-06
 Reference value :  2.40367e-06
 Reference value :  2.40517e-06
 Reference value :  2.40750e-06
 Reference value :  2.40786e-06
 Reference value :  2.40790e-06
 Reference value :  2.40794e-06
 Reference value :  2.40797e-06
 Reference value :  2.40801e-06
 Reference value :  2.40804e-06
 Reference value :  2.40813e-06
 Reference value :  2.40819e-06
 Reference value :  2.40829e-06
 Reference value :  2.40844e-06
 Reference value :  2.40857e-06
 Reference value :  2.40867e-06
 Reference value :  2.40874e-06
 Reference value :  2.40883e-06
 Reference value :  2.40887e-06
 Reference value :  2.40899e-06
 Reference value :  2.40905e-06
 Reference value :  2.40909e-06
 Reference value :  2.40917e-06
 Reference value :  2.40926e-06
 Reference value :  2.40936e-06
 Reference value :  2.40942e-06
 Reference value :  2.40949e-06
 Reference value :  2.40955e-06
 Reference value :  2.40977e-06
 Reference value :  2.40986e-06
 Reference value :  2.41016e-06
 Reference value :  2.41050e-06
 Reference value :  2.41076e-06
 Reference value :  2.41090e-06
 Reference value :  2.41107e-06
 Reference value :  2.41124e-06
 Reference value :  2.41137e-06
 Reference value :  2.41151e-06
 Reference value :  2.41163e-06
 Reference value :  2.41199e-06
 Reference value :  2.41318e-06
 Reference value :  2.41442e-06
 Reference value :  2.41692e-06
 Reference value :  2.41842e-06
 Reference value :  2.41992e-06
 Reference value :  2.42072e-06
 Reference value :  2.42136e-06
 Reference value :  2.42151e-06
 Reference value :  2.42158e-06
 Reference value :  2.42164e-06
 Reference value :  2.42167e-06
 Reference value :  2.42173e-06
 Reference value :  2.42179e-06
 Reference value :  2.42188e-06
 Reference value :  2.42195e-06
 Reference value :  2.42204e-06
 Reference value :  2.42214e-06
 Reference value :  2.42226e-06
 Reference value :  2.42245e-06
 Reference value :  2.42279e-06
 Reference value :  2.42314e-06
 Reference value :  2.42386e-06
 Reference value :  2.42592e-06
 Reference value :  2.42842e-06
 Reference value :  2.42992e-06
 Reference value :  2.43192e-06
 Reference value :  2.43492e-06
 Reference value :  2.43642e-06
 Reference value :  2.43842e-06
 Reference value :  2.43942e-06
 Reference value :  2.44192e-06
 Reference value :  2.44342e-06
 Reference value :  2.44592e-06
 Reference value :  2.44842e-06
 Reference value :  2.44952e-06
 Reference value :  2.44954e-06
 Reference value :  2.44957e-06
 Reference value :  2.44960e-06
 Reference value :  2.44964e-06
 Reference value :  2.44970e-06
 Reference value :  2.44976e-06
 Reference value :  2.44980e-06
 Reference value :  2.44989e-06
 Reference value :  2.44997e-06
 Reference value :  2.45016e-06
 Reference value :  2.45027e-06
 Reference value :  2.45032e-06
 Reference value :  2.45037e-06
 Reference value :  2.45044e-06
 Reference value :  2.45050e-06
 Reference value :  2.45051e-06
 Reference value :  2.45057e-06
 Reference value :  2.45064e-06
 Reference value :  2.45072e-06
 Reference value :  2.45080e-06
 Reference value :  2.45090e-06
 Reference value :  2.45096e-06
 Reference value :  2.45101e-06
 Reference value :  2.45102e-06
 Reference value :  2.45110e-06
 Reference value :  2.45119e-06
 Reference value :  2.45128e-06
 Reference value :  2.45137e-06
 Reference value :  2.45144e-06
 Reference value :  2.45154e-06
 Reference value :  2.45163e-06
 Reference value :  2.45167e-06
 Reference value :  2.45178e-06
 Reference value :  2.45185e-06
 Reference value :  2.45194e-06
 Reference value :  2.45207e-06
 Reference value :  2.45217e-06
 Reference value :  2.45226e-06
 Reference value :  2.45241e-06
 Reference value :  2.45257e-06
 Reference value :  2.45274e-06
 Reference value :  2.45338e-06
 Reference value :  2.45403e-06
 Reference value :  2.45670e-06
 Reference value :  2.45970e-06
 Reference value :  2.46120e-06
 Reference value :  2.46270e-06
 Reference value :  2.46370e-06
 Reference value :  2.46520e-06
 Reference value :  2.46770e-06
 Reference value :  2.46970e-06
 Reference value :  2.47070e-06
 Reference value :  2.47170e-06
 Reference value :  2.47270e-06
 Reference value :  2.47370e-06
 Reference value :  2.47520e-06
 Reference value :  2.47620e-06
 Reference value :  2.47720e-06
 Reference value :  2.47870e-06
 Reference value :  2.48020e-06
 Reference value :  2.48220e-06
 Reference value :  2.48470e-06
 Reference value :  2.48720e-06
 Reference value :  2.48920e-06
 Reference value :  2.49020e-06
 Reference value :  2.49117e-06
 Reference value :  2.49120e-06
 Reference value :  2.49124e-06
 Reference value :  2.49129e-06
 Reference value :  2.49134e-06
 Reference value :  2.49138e-06
 Reference value :  2.49152e-06
 Reference value :  2.49166e-06
 Reference value :  2.49192e-06
 Reference value :  2.49203e-06
 Reference value :  2.49211e-06
 Reference value :  2.49221e-06
 Reference value :  2.49232e-06
 Reference value :  2.49240e-06
 Reference value :  2.49250e-06
 Reference value :  2.49261e-06
 Reference value :  2.49277e-06
 Reference value :  2.49290e-06
 Reference value :  2.49314e-06
 Reference value :  2.49335e-06
 Reference value :  2.49372e-06
 Reference value :  2.49398e-06
 Reference value :  2.49436e-06
 Reference value :  2.49455e-06
 Reference value :  2.49469e-06
 Reference value :  2.49490e-06
 Reference value :  2.49514e-06
 Reference value :  2.49549e-06
 Reference value :  2.49595e-06
 Reference value :  2.49752e-06
 Reference value :  2.50049e-06
 Reference value :  2.50299e-06
 Reference value :  2.50441e-06
 Reference value :  2.50476e-06
 Reference value :  2.50546e-06
 Reference value :  2.50639e-06
 Reference value :  2.50766e-06
 Reference value :  2.51001e-06
 Reference value :  2.51151e-06
 Reference value :  2.51301e-06
 Reference value :  2.51451e-06
 Reference value :  2.51701e-06
 Reference value :  2.51951e-06
 Reference value :  2.52201e-06
 Reference value :  2.52351e-06
 Reference value :  2.52501e-06
 Reference value :  2.52751e-06
 Reference value :  2.53001e-06
 Reference value :  2.53283e-06
 Reference value :  2.53290e-06
 Reference value :  2.53298e-06
 Reference value :  2.53303e-06
 Reference value :  2.53309e-06
 Reference value :  2.53318e-06
 Reference value :  2.53326e-06
 Reference value :  2.53339e-06
 Reference value :  2.53352e-06
 Reference value :  2.53359e-06
 Reference value :  2.53364e-06
 Reference value :  2.53365e-06
 Reference value :  2.53368e-06
 Reference value :  2.53378e-06
 Reference value :  2.53385e-06
 Reference value :  2.53389e-06
 Reference value :  2.53396e-06
 Reference value :  2.53402e-06
 Reference value :  2.53410e-06
 Reference value :  2.53418e-06
 Reference value :  2.53428e-06
 Reference value :  2.53436e-06
 Reference value :  2.53444e-06
 Reference value :  2.53453e-06
 Reference value :  2.53461e-06
 Reference value :  2.53468e-06
 Reference value :  2.53476e-06
 Reference value :  2.53488e-06
 Reference value :  2.53502e-06
 Reference value :  2.53520e-06
 Reference value :  2.53548e-06
 Reference value :  2.53576e-06
 Reference value :  2.53695e-06
 Reference value :  2.53965e-06
 Reference value :  2.54165e-06
 Reference value :  2.54515e-06
 Reference value :  2.54815e-06
 Reference value :  2.55115e-06
 Reference value :  2.55465e-06
 Reference value :  2.55815e-06
 Reference value :  2.56065e-06
 Reference value :  2.56315e-06
 Reference value :  2.56515e-06
 Reference value :  2.56765e-06
 Reference value :  2.56965e-06
 Reference value :  2.57215e-06
 Reference value :  2.57365e-06
 Reference value :  2.57451e-06
 Reference value :  2.57453e-06
 Reference value :  2.57457e-06
 Reference value :  2.57461e-06
 Reference value :  2.57465e-06
 Reference value :  2.57469e-06
 Reference value :  2.57475e-06
 Reference value :  2.57485e-06
 Reference value :  2.57500e-06
 Reference value :  2.57519e-06
 Reference value :  2.57531e-06
 Reference value :  2.57536e-06
 Reference value :  2.57539e-06
 Reference value :  2.57547e-06
 Reference value :  2.57555e-06
 Reference value :  2.57570e-06
 Reference value :  2.57588e-06
 Reference value :  2.57604e-06
 Reference value :  2.57620e-06
 Reference value :  2.57633e-06
 Reference value :  2.57652e-06
 Reference value :  2.57690e-06
 Reference value :  2.57722e-06
 Reference value :  2.57774e-06
 Reference value :  2.57799e-06
 Reference value :  2.57828e-06
 Reference value :  2.57868e-06
 Reference value :  2.57892e-06
 Reference value :  2.58019e-06
 Reference value :  2.58144e-06
 Reference value :  2.58491e-06
 Reference value :  2.58691e-06
 Reference value :  2.58825e-06
 Reference value :  2.58898e-06
 Reference value :  2.59023e-06
 Reference value :  2.59208e-06
 Reference value :  2.59458e-06
 Reference value :  2.59658e-06
 Reference value :  2.59958e-06
 Reference value :  2.60308e-06
 Reference value :  2.60608e-06
 Reference value :  2.60808e-06
 Reference value :  2.60958e-06
 Reference value :  2.61108e-06
 Reference value :  2.61308e-06
 Reference value :  2.61458e-06
 Reference value :  2.61617e-06
 Reference value :  2.61621e-06
 Reference value :  2.61626e-06
 Reference value :  2.61632e-06
 Reference value :  2.61637e-06
 Reference value :  2.61642e-06
 Reference value :  2.61646e-06
 Reference value :  2.61651e-06
 Reference value :  2.61653e-06
 Reference value :  2.61659e-06
 Reference value :  2.61663e-06
 Reference value :  2.61668e-06
 Reference value :  2.61671e-06
 Reference value :  2.61682e-06
 Reference value :  2.61686e-06
 Reference value :  2.61691e-06
 Reference value :  2.61694e-06
 Reference value :  2.61697e-06
 Reference value :  2.61698e-06
 Reference value :  2.61699e-06
 Reference value :  2.61704e-06
 Reference value :  2.61712e-06
 Reference value :  2.61721e-06
 Reference value :  2.61728e-06
 Reference value :  2.61744e-06
 Reference value :  2.61754e-06
 Reference value :  2.61767e-06
 Reference value :  2.61774e-06
 Reference value :  2.61777e-06
 Reference value :  2.61786e-06
 Reference value :  2.61791e-06
 Reference value :  2.61795e-06
 Reference value :  2.61798e-06
 Reference value :  2.61802e-06
 Reference value :  2.61804e-06
 Reference value :  2.61808e-06
 Reference value :  2.61817e-06
 Reference value :  2.61831e-06
 Reference value :  2.61841e-06
 Reference value :  2.61862e-06
 Reference value :  2.61889e-06
 Reference value :  2.61927e-06
 Reference value :  2.61991e-06
 Reference value :  2.62191e-06
 Reference value :  2.62541e-06
 Reference value :  2.62791e-06
 Reference value :  2.63091e-06
 Reference value :  2.63441e-06
 Reference value :  2.63691e-06
 Reference value :  2.63941e-06
 Reference value :  2.64191e-06
 Reference value :  2.64491e-06
 Reference value :  2.64791e-06
 Reference value :  2.65091e-06
 Reference value :  2.65391e-06
 Reference value :  2.65641e-06
 Reference value :  2.65787e-06
 Reference value :  2.65790e-06
 Reference value :  2.65797e-06
 Reference value :  2.65803e-06
 Reference value :  2.65816e-06
 Reference value :  2.65833e-06
 Reference value :  2.65859e-06
 Reference value :  2.65874e-06
 Reference value :  2.65884e-06
 Reference value :  2.65896e-06
 Reference value :  2.65904e-06
 Reference value :  2.65924e-06
 Reference value :  2.65933e-06
 Reference value :  2.65947e-06
 Reference value :  2.65959e-06
 Reference value :  2.65967e-06
 Reference value :  2.65985e-06
 Reference value :  2.66015e-06
 Reference value :  2.66046e-06
 Reference value :  2.66098e-06
 Reference value :  2.66120e-06
 Reference value :  2.66137e-06
 Reference value :  2.66154e-06
 Reference value :  2.66179e-06
 Reference value :  2.66204e-06
 Reference value :  2.66262e-06
 Reference value :  2.66337e-06
 Reference value :  2.66477e-06
 Reference value :  2.66677e-06
 Reference value :  2.66877e-06
 Reference value :  2.67014e-06
 Reference value :  2.67139e-06
 Reference value :  2.67312e-06
 Reference value :  2.67562e-06
 Reference value :  2.67812e-06
 Reference value :  2.68062e-06
 Reference value :  2.68362e-06
 Reference value :  2.68612e-06
 Reference value :  2.68912e-06
 Reference value :  2.69212e-06
 Reference value :  2.69462e-06
 Reference value :  2.69662e-06
 Reference value :  2.69906e-06
 Reference value :  2.69951e-06
 Reference value :  2.69954e-06
 Reference value :  2.69960e-06
 Reference value :  2.69965e-06
 Reference value :  2.69970e-06
 Reference value :  2.69974e-06
 Reference value :  2.69980e-06
 Reference value :  2.69989e-06
 Reference value :  2.69999e-06
 Reference value :  2.70015e-06
 Reference value :  2.70026e-06
 Reference value :  2.70030e-06
 Reference value :  2.70036e-06
 Reference value :  2.70041e-06
 Reference value :  2.70050e-06
 Reference value :  2.70055e-06
 Reference value :  2.70063e-06
 Reference value :  2.70076e-06
 Reference value :  2.70085e-06
 Reference value :  2.70094e-06
 Reference value :  2.70098e-06
 Reference value :  2.70104e-06
 Reference value :  2.70111e-06
 Reference value :  2.70120e-06
 Reference value :  2.70131e-06
 Reference value :  2.70141e-06
 Reference value :  2.70151e-06
 Reference value :  2.70167e-06
 Reference value :  2.70176e-06
 Reference value :  2.70197e-06
 Reference value :  2.70217e-06
 Reference value :  2.70253e-06
 Reference value :  2.70325e-06
 Reference value :  2.70400e-06
 Reference value :  2.70573e-06
 Reference value :  2.70823e-06
 Reference value :  2.71023e-06
 Reference value :  2.71173e-06
 Reference value :  2.71373e-06
 Reference value :  2.71623e-06
 Reference value :  2.71923e-06
 Reference value :  2.72173e-06
 Reference value :  2.72423e-06
 Reference value :  2.72773e-06
 Reference value :  2.73123e-06
 Reference value :  2.73423e-06
 Reference value :  2.73673e-06
 Reference value :  2.74023e-06
 Reference value :  2.74117e-06
 Reference value :  2.74123e-06
 Reference value :  2.74127e-06
 Reference value :  2.74134e-06
 Reference value :  2.74142e-06
 Reference value :  2.74159e-06
 Reference value :  2.74179e-06
 Reference value :  2.74198e-06
 Reference value :  2.74206e-06
 Reference value :  2.74211e-06
 Reference value :  2.74219e-06
 Reference value :  2.74227e-06
 Reference value :  2.74233e-06
 Reference value :  2.74239e-06
 Reference value :  2.74245e-06
 Reference value :  2.74255e-06
 Reference value :  2.74261e-06
 Reference value :  2.74267e-06
 Reference value :  2.74273e-06
 Reference value :  2.74287e-06
 Reference value :  2.74296e-06
 Reference value :  2.74305e-06
 Reference value :  2.74315e-06
 Reference value :  2.74323e-06
 Reference value :  2.74335e-06
 Reference value :  2.74349e-06
 Reference value :  2.74365e-06
 Reference value :  2.74381e-06
 Reference value :  2.74400e-06
 Reference value :  2.74422e-06
 Reference value :  2.74440e-06
 Reference value :  2.74462e-06
 Reference value :  2.74488e-06
 Reference value :  2.74517e-06
 Reference value :  2.74540e-06
 Reference value :  2.74608e-06
 Reference value :  2.74849e-06
 Reference value :  2.75149e-06
 Reference value :  2.75339e-06
 Reference value :  2.75450e-06
 Reference value :  2.75508e-06
 Reference value :  2.75593e-06
 Reference value :  2.75732e-06
 Reference value :  2.75899e-06
 Reference value :  2.76233e-06
 Reference value :  2.76533e-06
 Reference value :  2.76883e-06
 Reference value :  2.77233e-06
 Reference value :  2.77533e-06
 Reference value :  2.77833e-06
 Reference value :  2.78183e-06
 Reference value :  2.78286e-06
 Reference value :  2.78292e-06
 Reference value :  2.78299e-06
 Reference value :  2.78304e-06
 Reference value :  2.78313e-06
 Reference value :  2.78326e-06
 Reference value :  2.78339e-06
 Reference value :  2.78352e-06
 Reference value :  2.78362e-06
 Reference value :  2.78365e-06
 Reference value :  2.78372e-06
 Reference value :  2.78378e-06
 Reference value :  2.78383e-06
 Reference value :  2.78384e-06
 Reference value :  2.78393e-06
 Reference value :  2.78398e-06
 Reference value :  2.78408e-06
 Reference value :  2.78414e-06
 Reference value :  2.78419e-06
 Reference value :  2.78429e-06
 Reference value :  2.78437e-06
 Reference value :  2.78449e-06
 Reference value :  2.78459e-06
 Reference value :  2.78471e-06
 Reference value :  2.78476e-06
 Reference value :  2.78486e-06
 Reference value :  2.78501e-06
 Reference value :  2.78513e-06
 Reference value :  2.78538e-06
 Reference value :  2.78554e-06
 Reference value :  2.78584e-06
 Reference value :  2.78670e-06
 Reference value :  2.79025e-06
 Reference value :  2.79225e-06
 Reference value :  2.79525e-06
 Reference value :  2.79825e-06
 Reference value :  2.80025e-06
 Reference value :  2.80375e-06
 Reference value :  2.80675e-06
 Reference value :  2.80925e-06
 Reference value :  2.81325e-06
 Reference value :  2.81625e-06
 Reference value :  2.81925e-06
 Reference value :  2.82175e-06
 Reference value :  2.82451e-06
 Reference value :  2.82456e-06
 Reference value :  2.82461e-06
 Reference value :  2.82466e-06
 Reference value :  2.82470e-06
 Reference value :  2.82478e-06
 Reference value :  2.82491e-06
 Reference value :  2.82498e-06
 Reference value :  2.82508e-06
 Reference value :  2.82527e-06
 Reference value :  2.82537e-06
 Reference value :  2.82545e-06
 Reference value :  2.82551e-06
 Reference value :  2.82566e-06
 Reference value :  2.82575e-06
 Reference value :  2.82592e-06
 Reference value :  2.82604e-06
 Reference value :  2.82617e-06
 Reference value :  2.82626e-06
 Reference value :  2.82650e-06
 Reference value :  2.82667e-06
 Reference value :  2.82688e-06
 Reference value :  2.82734e-06
 Reference value :  2.82754e-06
 Reference value :  2.82770e-06
 Reference value :  2.82789e-06
 Reference value :  2.82809e-06
 Reference value :  2.82831e-06
 Reference value :  2.82860e-06
 Reference value :  2.83080e-06
 Reference value :  2.83380e-06
 Reference value :  2.83530e-06
 Reference value :  2.83673e-06
 Reference value :  2.83751e-06
 Reference value :  2.83881e-06
 Reference value :  2.84016e-06
 Reference value :  2.84365e-06
 Reference value :  2.84634e-06
 Reference value :  2.84933e-06
 Reference value :  2.85233e-06
 Reference value :  2.85533e-06
 Reference value :  2.85783e-06
 Reference value :  2.85883e-06
 Reference value :  2.86033e-06
 Reference value :  2.86183e-06
 Reference value :  2.86383e-06
 Reference value :  2.86575e-06
 Reference value :  2.86617e-06
 Reference value :  2.86621e-06
 Reference value :  2.86627e-06
 Reference value :  2.86633e-06
 Reference value :  2.86636e-06
 Reference value :  2.86640e-06
 Reference value :  2.86644e-06
 Reference value :  2.86651e-06
 Reference value :  2.86657e-06
 Reference value :  2.86664e-06
 Reference value :  2.86676e-06
 Reference value :  2.86689e-06
 Reference value :  2.86695e-06
 Reference value :  2.86698e-06
 Reference value :  2.86708e-06
 Reference value :  2.86717e-06
 Reference value :  2.86724e-06
 Reference value :  2.86736e-06
 Reference value :  2.86747e-06
 Reference value :  2.86757e-06
 Reference value :  2.86766e-06
 Reference value :  2.86771e-06
 Reference value :  2.86778e-06
 Reference value :  2.86788e-06
 Reference value :  2.86797e-06
 Reference value :  2.86807e-06
 Reference value :  2.86816e-06
 Reference value :  2.86834e-06
 Reference value :  2.86845e-06
 Reference value :  2.86859e-06
 Reference value :  2.86875e-06
 Reference value :  2.86896e-06
 Reference value :  2.86934e-06
 Reference value :  2.87084e-06
 Reference value :  2.87331e-06
 Reference value :  2.87581e-06
 Reference value :  2.87781e-06
 Reference value :  2.87981e-06
 Reference value :  2.88331e-06
 Reference value :  2.88631e-06
 Reference value :  2.88781e-06
 Reference value :  2.89131e-06
 Reference value :  2.89481e-06
 Reference value :  2.89881e-06
 Reference value :  2.90131e-06
 Reference value :  2.90331e-06
 Reference value :  2.90631e-06
 Reference value :  2.90784e-06
 Reference value :  2.90787e-06
 Reference value :  2.90794e-06
 Reference value :  2.90802e-06
 Reference value :  2.90812e-06
 Reference value :  2.90821e-06
 Reference value :  2.90834e-06
 Reference value :  2.90844e-06
 Reference value :  2.90857e-06
 Reference value :  2.90868e-06
 Reference value :  2.90871e-06
 Reference value :  2.90880e-06
 Reference value :  2.90889e-06
 Reference value :  2.90900e-06
 Reference value :  2.90911e-06
 Reference value :  2.90928e-06
 Reference value :  2.90940e-06
 Reference value :  2.90953e-06
 Reference value :  2.90966e-06
 Reference value :  2.90981e-06
 Reference value :  2.90995e-06
 Reference value :  2.91015e-06
 Reference value :  2.91049e-06
 Reference value :  2.91086e-06
 Reference value :  2.91122e-06
 Reference value :  2.91144e-06
 Reference value :  2.91149e-06
 Reference value :  2.91162e-06
 Reference value :  2.91216e-06
 Reference value :  2.91404e-06
 Reference value :  2.91654e-06
 Reference value :  2.91854e-06
 Reference value :  2.92004e-06
 Reference value :  2.92114e-06
 Reference value :  2.92167e-06
 Reference value :  2.92206e-06
 Reference value :  2.92236e-06
 Reference value :  2.92248e-06
 Reference value :  2.92278e-06
 Reference value :  2.92302e-06
 Reference value :  2.92328e-06
 Reference value :  2.92426e-06
 Reference value :  2.92573e-06
 Reference value :  2.92808e-06
 Reference value :  2.92958e-06
 Reference value :  2.93208e-06
 Reference value :  2.93308e-06
 Reference value :  2.93558e-06
 Reference value :  2.93808e-06
 Reference value :  2.94058e-06
 Reference value :  2.94258e-06
 Reference value :  2.94508e-06
 Reference value :  2.94708e-06
 Reference value :  2.94951e-06
 Reference value :  2.94953e-06
 Reference value :  2.94957e-06
 Reference value :  2.94962e-06
 Reference value :  2.94968e-06
 Reference value :  2.94972e-06
 Reference value :  2.94978e-06
 Reference value :  2.94985e-06
 Reference value :  2.94989e-06
 Reference value :  2.94999e-06
 Reference value :  2.95013e-06
 Reference value :  2.95024e-06
 Reference value :  2.95031e-06
 Reference value :  2.95039e-06
 Reference value :  2.95050e-06
 Reference value :  2.95059e-06
 Reference value :  2.95072e-06
 Reference value :  2.95091e-06
 Reference value :  2.95098e-06
 Reference value :  2.95103e-06
 Reference value :  2.95115e-06
 Reference value :  2.95127e-06
 Reference value :  2.95144e-06
 Reference value :  2.95153e-06
 Reference value :  2.95173e-06
 Reference value :  2.95192e-06
 Reference value :  2.95212e-06
 Reference value :  2.95231e-06
 Reference value :  2.95319e-06
 Reference value :  2.95541e-06
 Reference value :  2.95891e-06
 Reference value :  2.96191e-06
 Reference value :  2.96491e-06
 Reference value :  2.96841e-06
 Reference value :  2.97191e-06
 Reference value :  2.97591e-06
 Reference value :  2.97991e-06
 Reference value :  2.98291e-06
 Reference value :  2.98541e-06
 Reference value :  2.98841e-06
 Reference value :  2.99117e-06
 Reference value :  2.99120e-06
 Reference value :  2.99124e-06
 Reference value :  2.99132e-06
 Reference value :  2.99138e-06
 Reference value :  2.99146e-06
 Reference value :  2.99162e-06
 Reference value :  2.99189e-06
 Reference value :  2.99200e-06
 Reference value :  2.99207e-06
 Reference value :  2.99218e-06
 Reference value :  2.99225e-06
 Reference value :  2.99233e-06
 Reference value :  2.99241e-06
 Reference value :  2.99250e-06
 Reference value :  2.99263e-06
 Reference value :  2.99276e-06
 Reference value :  2.99286e-06
 Reference value :  2.99304e-06
 Reference value :  2.99325e-06
 Reference value :  2.99352e-06
 Reference value :  2.99386e-06
 Reference value :  2.99426e-06
 Reference value :  2.99457e-06
 Reference value :  2.99495e-06
 Reference value :  2.99549e-06
 Reference value :  2.99679e-06
 Reference value :  2.99949e-06
 Reference value :  3.00199e-06
 Reference value :  3.00399e-06
 Reference value :  3.00486e-06
 Reference value :  3.00562e-06
 Reference value :  3.00637e-06
 Reference value :  3.00689e-06
 Reference value :  3.00730e-06
 Reference value :  3.00790e-06
 Reference value :  3.00888e-06
 Reference value :  3.01008e-06
 Reference value :  3.01256e-06
 Reference value :  3.01456e-06
 Reference value :  3.01756e-06
 Reference value :  3.02106e-06
 Reference value :  3.02356e-06
 Reference value :  3.02606e-06
 Reference value :  3.02756e-06
 Reference value :  3.02956e-06
 Reference value :  3.03156e-06
 Reference value :  3.03284e-06
 Reference value :  3.03289e-06
 Reference value :  3.03291e-06
 Reference value :  3.03298e-06
 Reference value :  3.03302e-06
 Reference value :  3.03305e-06
 Reference value :  3.03311e-06
 Reference value :  3.03320e-06
 Reference value :  3.03329e-06
 Reference value :  3.03331e-06
 Reference value :  3.03354e-06
 Reference value :  3.03361e-06
 Reference value :  3.03365e-06
 Reference value :  3.03373e-06
 Reference value :  3.03381e-06
 Reference value :  3.03384e-06
 Reference value :  3.03392e-06
 Reference value :  3.03399e-06
 Reference value :  3.03407e-06
 Reference value :  3.03418e-06
 Reference value :  3.03422e-06
 Reference value :  3.03425e-06
 Reference value :  3.03428e-06
 Reference value :  3.03434e-06
 Reference value :  3.03442e-06
 Reference value :  3.03453e-06
 Reference value :  3.03462e-06
 Reference value :  3.03475e-06
 Reference value :  3.03486e-06
 Reference value :  3.03502e-06
 Reference value :  3.03514e-06
 Reference value :  3.03531e-06
 Reference value :  3.03557e-06
 Reference value :  3.03586e-06
 Reference value :  3.03647e-06
 Reference value :  3.03905e-06
 Reference value :  3.04155e-06
 Reference value :  3.04455e-06
 Reference value :  3.04755e-06
 Reference value :  3.05055e-06
 Reference value :  3.05405e-06
 Reference value :  3.05655e-06
 Reference value :  3.05905e-06
 Reference value :  3.06255e-06
 Reference value :  3.06555e-06
 Reference value :  3.06855e-06
 Reference value :  3.07105e-06
 Reference value :  3.07355e-06
 Reference value :  3.07452e-06
 Reference value :  3.07456e-06
 Reference value :  3.07461e-06
 Reference value :  3.07465e-06
 Reference value :  3.07470e-06
 Reference value :  3.07479e-06
 Reference value :  3.07492e-06
 Reference value :  3.07503e-06
 Reference value :  3.07518e-06
 Reference value :  3.07535e-06
 Reference value :  3.07538e-06
 Reference value :  3.07550e-06
 Reference value :  3.07556e-06
 Reference value :  3.07565e-06
 Reference value :  3.07577e-06
 Reference value :  3.07594e-06
 Reference value :  3.07606e-06
 Reference value :  3.07620e-06
 Reference value :  3.07633e-06
 Reference value :  3.07653e-06
 Reference value :  3.07684e-06
 Reference value :  3.07727e-06
 Reference value :  3.07767e-06
 Reference value :  3.07793e-06
 Reference value :  3.07814e-06
 Reference value :  3.07840e-06
 Reference value :  3.07898e-06
 Reference value :  3.08218e-06
 Reference value :  3.08418e-06
 Reference value :  3.08718e-06
 Reference value :  3.08745e-06
 Reference value :  3.08806e-06
 Reference value :  3.08854e-06
 Reference value :  3.08902e-06
 Reference value :  3.08968e-06
 Reference value :  3.09055e-06
 Reference value :  3.09267e-06
 Reference value :  3.09466e-06
 Reference value :  3.09716e-06
 Reference value :  3.09966e-06
 Reference value :  3.10316e-06
 Reference value :  3.10566e-06
 Reference value :  3.10816e-06
 Reference value :  3.10966e-06
 Reference value :  3.11216e-06
 Reference value :  3.11416e-06
 Reference value :  3.11566e-06
 Reference value :  3.11617e-06
 Reference value :  3.11618e-06
 Reference value :  3.11620e-06
 Reference value :  3.11624e-06
 Reference value :  3.11627e-06
 Reference value :  3.11632e-06
 Reference value :  3.11639e-06
 Reference value :  3.11646e-06
 Reference value :  3.11655e-06
 Reference value :  3.11665e-06
 Reference value :  3.11680e-06
 Reference value :  3.11692e-06
 Reference value :  3.11698e-06
 Reference value :  3.11710e-06
 Reference value :  3.11719e-06
 Reference value :  3.11725e-06
 Reference value :  3.11736e-06
 Reference value :  3.11756e-06
 Reference value :  3.11768e-06
 Reference value :  3.11772e-06
 Reference value :  3.11779e-06
 Reference value :  3.11793e-06
 Reference value :  3.11801e-06
 Reference value :  3.11808e-06
 Reference value :  3.11812e-06
 Reference value :  3.11817e-06
 Reference value :  3.11826e-06
 Reference value :  3.11834e-06
 Reference value :  3.11838e-06
 Reference value :  3.11843e-06
 Reference value :  3.11851e-06
 Reference value :  3.11860e-06
 Reference value :  3.11866e-06
 Reference value :  3.11872e-06
 Reference value :  3.11882e-06
 Reference value :  3.11885e-06
 Reference value :  3.11893e-06
 Reference value :  3.11899e-06
 Reference value :  3.11910e-06
 Reference value :  3.11923e-06
 Reference value :  3.11941e-06
 Reference value :  3.11975e-06
 Reference value :  3.12076e-06
 Reference value :  3.12312e-06
 Reference value :  3.12562e-06
 Reference value :  3.12812e-06
 Reference value :  3.13062e-06
 Reference value :  3.13262e-06
 Reference value :  3.13462e-06
 Reference value :  3.13712e-06
 Reference value :  3.13962e-06
 Reference value :  3.14162e-06
 Reference value :  3.14462e-06
 Reference value :  3.14762e-06
 Reference value :  3.15112e-06
 Reference value :  3.15362e-06
 Reference value :  3.15612e-06
 Reference value :  3.15783e-06
 Reference value :  3.15786e-06
 Reference value :  3.15790e-06
 Reference value :  3.15795e-06
 Reference value :  3.15799e-06
 Reference value :  3.15803e-06
 Reference value :  3.15806e-06
 Reference value :  3.15815e-06
 Reference value :  3.15823e-06
 Reference value :  3.15839e-06
 Reference value :  3.15862e-06
 Reference value :  3.15871e-06
 Reference value :  3.15883e-06
 Reference value :  3.15890e-06
 Reference value :  3.15909e-06
 Reference value :  3.15922e-06
 Reference value :  3.15934e-06
 Reference value :  3.15951e-06
 Reference value :  3.15958e-06
 Reference value :  3.15988e-06
 Reference value :  3.16001e-06
 Reference value :  3.16011e-06
 Reference value :  3.16022e-06
 Reference value :  3.16035e-06
 Reference value :  3.16049e-06
 Reference value :  3.16076e-06
 Reference value :  3.16094e-06
 Reference value :  3.16114e-06
 Reference value :  3.16128e-06
 Reference value :  3.16154e-06
 Reference value :  3.16191e-06
 Reference value :  3.16221e-06
 Reference value :  3.16265e-06
 Reference value :  3.16281e-06
 Reference value :  3.16292e-06
 Reference value :  3.16304e-06
 Reference value :  3.16313e-06
 Reference value :  3.16320e-06
 Reference value :  3.16330e-06
 Reference value :  3.16341e-06
 Reference value :  3.16353e-06
 Reference value :  3.16368e-06
 Reference value :  3.16381e-06
 Reference value :  3.16411e-06
 Reference value :  3.16464e-06
 Reference value :  3.16529e-06
 Reference value :  3.16811e-06
 Reference value :  3.17061e-06
 Reference value :  3.17311e-06
 Reference value :  3.17661e-06
 Reference value :  3.17961e-06
 Reference value :  3.18261e-06
 Reference value :  3.18511e-06
 Reference value :  3.18811e-06
 Reference value :  3.19111e-06
 Reference value :  3.19411e-06
 Reference value :  3.19811e-06
 Reference value :  3.19951e-06
 Reference value :  3.19953e-06
 Reference value :  3.19961e-06
 Reference value :  3.19968e-06
 Reference value :  3.19971e-06
 Reference value :  3.19977e-06
 Reference value :  3.19985e-06
 Reference value :  3.19999e-06
 Reference value :  3.20015e-06
 Reference value :  3.20023e-06
 Reference value :  3.20029e-06
 Reference value :  3.20033e-06
 Reference value :  3.20040e-06
 Reference value :  3.20046e-06
 Reference value :  3.20050e-06
 Reference value :  3.20056e-06
 Reference value :  3.20064e-06
 Reference value :  3.20073e-06
 Reference value :  3.20084e-06
 Reference value :  3.20093e-06
 Reference value :  3.20099e-06
 Reference value :  3.20105e-06
 Reference value :  3.20116e-06
 Reference value :  3.20122e-06
 Reference value :  3.20131e-06
 Reference value :  3.20139e-06
 Reference value :  3.20147e-06
 Reference value :  3.20154e-06
 Reference value :  3.20167e-06
 Reference value :  3.20179e-06
 Reference value :  3.20186e-06
 Reference value :  3.20200e-06
 Reference value :  3.20209e-06
 Reference value :  3.20235e-06
 Reference value :  3.20261e-06
 Reference value :  3.20338e-06
 Reference value :  3.20453e-06
 Reference value :  3.20684e-06
 Reference value :  3.20984e-06
 Reference value :  3.21284e-06
 Reference value :  3.21434e-06
 Reference value :  3.21684e-06
 Reference value :  3.21984e-06
 Reference value :  3.22334e-06
 Reference value :  3.22534e-06
 Reference value :  3.22834e-06
 Reference value :  3.23034e-06
 Reference value :  3.23234e-06
 Reference value :  3.23484e-06
 Reference value :  3.23734e-06
 Reference value :  3.23984e-06
 Reference value :  3.24117e-06
 Reference value :  3.24124e-06
 Reference value :  3.24131e-06
 Reference value :  3.24135e-06
 Reference value :  3.24144e-06
 Reference value :  3.24152e-06
 Reference value :  3.24166e-06
 Reference value :  3.24185e-06
 Reference value :  3.24201e-06
 Reference value :  3.24205e-06
 Reference value :  3.24217e-06
 Reference value :  3.24226e-06
 Reference value :  3.24242e-06
 Reference value :  3.24254e-06
 Reference value :  3.24271e-06
 Reference value :  3.24284e-06
 Reference value :  3.24295e-06
 Reference value :  3.24320e-06
 Reference value :  3.24333e-06
 Reference value :  3.24341e-06
 Reference value :  3.24350e-06
 Reference value :  3.24366e-06
 Reference value :  3.24405e-06
 Reference value :  3.24447e-06
 Reference value :  3.24507e-06
 Reference value :  3.24555e-06
 Reference value :  3.24592e-06
 Reference value :  3.24620e-06
 Reference value :  3.24634e-06
 Reference value :  3.24654e-06
 Reference value :  3.24673e-06
 Reference value :  3.24692e-06
 Reference value :  3.24714e-06
 Reference value :  3.24771e-06
 Reference value :  3.24874e-06
 Reference value :  3.25053e-06
 Reference value :  3.25239e-06
 Reference value :  3.25289e-06
 Reference value :  3.25689e-06
 Reference value :  3.25989e-06
 Reference value :  3.26289e-06
 Reference value :  3.26589e-06
 Reference value :  3.26989e-06
 Reference value :  3.27389e-06
 Reference value :  3.27739e-06
 Reference value :  3.28139e-06
 Reference value :  3.28287e-06
 Reference value :  3.28294e-06
 Reference value :  3.28299e-06
 Reference value :  3.28307e-06
 Reference value :  3.28318e-06
 Reference value :  3.28329e-06
 Reference value :  3.28350e-06
 Reference value :  3.28361e-06
 Reference value :  3.28365e-06
 Reference value :  3.28372e-06
 Reference value :  3.28378e-06
 Reference value :  3.28385e-06
 Reference value :  3.28388e-06
 Reference value :  3.28391e-06
 Reference value :  3.28396e-06
 Reference value :  3.28410e-06
 Reference value :  3.28418e-06
 Reference value :  3.28429e-06
 Reference value :  3.28434e-06
 Reference value :  3.28440e-06
 Reference value :  3.28451e-06
 Reference value :  3.28456e-06
 Reference value :  3.28461e-06
 Reference value :  3.28471e-06
 Reference value :  3.28476e-06
 Reference value :  3.28481e-06
 Reference value :  3.28490e-06
 Reference value :  3.28502e-06
 Reference value :  3.28506e-06
 Reference value :  3.28518e-06
 Reference value :  3.28523e-06
 Reference value :  3.28533e-06
 Reference value :  3.28541e-06
 Reference value :  3.28561e-06
 Reference value :  3.28580e-06
 Reference value :  3.28594e-06
 Reference value :  3.28622e-06
 Reference value :  3.28652e-06
 Reference value :  3.28697e-06
 Reference value :  3.28876e-06
 Reference value :  3.29126e-06
 Reference value :  3.29326e-06
 Reference value :  3.29626e-06
 Reference value :  3.29976e-06
 Reference value :  3.30376e-06
 Reference value :  3.30676e-06
 Reference value :  3.31026e-06
 Reference value :  3.31376e-06
 Reference value :  3.31676e-06
 Reference value :  3.31976e-06
 Reference value :  3.32226e-06
 Reference value :  3.32450e-06
 Reference value :  3.32455e-06
 Reference value :  3.32461e-06
 Reference value :  3.32467e-06
 Reference value :  3.32474e-06
 Reference value :  3.32488e-06
 Reference value :  3.32506e-06
 Reference value :  3.32535e-06
 Reference value :  3.32539e-06
 Reference value :  3.32550e-06
 Reference value :  3.32555e-06
 Reference value :  3.32576e-06
 Reference value :  3.32592e-06
 Reference value :  3.32607e-06
 Reference value :  3.32622e-06
 Reference value :  3.32629e-06
 Reference value :  3.32651e-06
 Reference value :  3.32665e-06
 Reference value :  3.32677e-06
 Reference value :  3.32687e-06
 Reference value :  3.32695e-06
 Reference value :  3.32702e-06
 Reference value :  3.32714e-06
 Reference value :  3.32738e-06
 Reference value :  3.32805e-06
 Reference value :  3.32833e-06
 Reference value :  3.32874e-06
 Reference value :  3.32903e-06
 Reference value :  3.32929e-06
 Reference value :  3.32960e-06
 Reference value :  3.33000e-06
 Reference value :  3.33096e-06
 Reference value :  3.33287e-06
 Reference value :  3.33437e-06
 Reference value :  3.33687e-06
 Reference value :  3.33987e-06
 Reference value :  3.34287e-06
 Reference value :  3.34637e-06
 Reference value :  3.34937e-06
 Reference value :  3.35287e-06
 Reference value :  3.35687e-06
 Reference value :  3.36037e-06
 Reference value :  3.36387e-06
 Reference value :  3.36617e-06
 Reference value :  3.36622e-06
 Reference value :  3.36627e-06
 Reference value :  3.36633e-06
 Reference value :  3.36639e-06
 Reference value :  3.36646e-06
 Reference value :  3.36655e-06
 Reference value :  3.36664e-06
 Reference value :  3.36682e-06
 Reference value :  3.36690e-06
 Reference value :  3.36695e-06
 Reference value :  3.36698e-06
 Reference value :  3.36705e-06
 Reference value :  3.36714e-06
 Reference value :  3.36724e-06
 Reference value :  3.36746e-06
 Reference value :  3.36762e-06
 Reference value :  3.36772e-06
 Reference value :  3.36777e-06
 Reference value :  3.36794e-06
 Reference value :  3.36801e-06
 Reference value :  3.36809e-06
 Reference value :  3.36821e-06
 Reference value :  3.36837e-06
 Reference value :  3.36846e-06
 Reference value :  3.36874e-06
 Reference value :  3.36895e-06
 Reference value :  3.36937e-06
 Reference value :  3.37034e-06
 Reference value :  3.37192e-06
 Reference value :  3.37442e-06
 Reference value :  3.37642e-06
 Reference value :  3.37942e-06
 Reference value :  3.38292e-06
 Reference value :  3.38542e-06
 Reference value :  3.38892e-06
 Reference value :  3.39242e-06
 Reference value :  3.39542e-06
 Reference value :  3.39842e-06
 Reference value :  3.40142e-06
 Reference value :  3.40392e-06
 Reference value :  3.40738e-06
 Reference value :  3.40787e-06
 Reference value :  3.40790e-06
 Reference value :  3.40797e-06
 Reference value :  3.40803e-06
 Reference value :  3.40810e-06
 Reference value :  3.40826e-06
 Reference value :  3.40845e-06
 Reference value :  3.40864e-06
 Reference value :  3.40868e-06
 Reference value :  3.40877e-06
 Reference value :  3.40886e-06
 Reference value :  3.40895e-06
 Reference value :  3.40904e-06
 Reference value :  3.40916e-06
 Reference value :  3.40926e-06
 Reference value :  3.40939e-06
 Reference value :  3.40953e-06
 Reference value :  3.40966e-06
 Reference value :  3.40989e-06
 Reference value :  3.41009e-06
 Reference value :  3.41016e-06
 Reference value :  3.41027e-06
 Reference value :  3.41042e-06
 Reference value :  3.41064e-06
 Reference value :  3.41108e-06
 Reference value :  3.41159e-06
 Reference value :  3.41207e-06
 Reference value :  3.41237e-06
 Reference value :  3.41257e-06
 Reference value :  3.41296e-06
 Reference value :  3.41421e-06
 Reference value :  3.41818e-06
 Reference value :  3.42068e-06
 Reference value :  3.42368e-06
 Reference value :  3.42718e-06
 Reference value :  3.43018e-06
 Reference value :  3.43318e-06
 Reference value :  3.43718e-06
 Reference value :  3.44068e-06
 Reference value :  3.44318e-06
 Reference value :  3.44668e-06
 Reference value :  3.44950e-06
 Reference value :  3.44953e-06
 Reference value :  3.44957e-06
 Reference value :  3.44961e-06
 Reference value :  3.44966e-06
 Reference value :  3.44971e-06
 Reference value :  3.44976e-06
 Reference value :  3.44984e-06
 Reference value :  3.44993e-06
 Reference value :  3.45000e-06
 Reference value :  3.45016e-06
 Reference value :  3.45024e-06
 Reference value :  3.45030e-06
 Reference value :  3.45033e-06
 Reference value :  3.45037e-06
 Reference value :  3.45045e-06
 Reference value :  3.45052e-06
 Reference value :  3.45059e-06
 Reference value :  3.45071e-06
 Reference value :  3.45082e-06
 Reference value :  3.45095e-06
 Reference value :  3.45103e-06
 Reference value :  3.45118e-06
 Reference value :  3.45126e-06
 Reference value :  3.45134e-06
 Reference value :  3.45146e-06
 Reference value :  3.45156e-06
 Reference value :  3.45173e-06
 Reference value :  3.45187e-06
 Reference value :  3.45206e-06
 Reference value :  3.45245e-06
 Reference value :  3.45318e-06
 Reference value :  3.45551e-06
 Reference value :  3.45901e-06
 Reference value :  3.46201e-06
 Reference value :  3.46601e-06
 Reference value :  3.46851e-06
 Reference value :  3.47201e-06
 Reference value :  3.47501e-06
 Reference value :  3.47801e-06
 Reference value :  3.48101e-06
 Reference value :  3.48451e-06
 Reference value :  3.48751e-06
 Reference value :  3.49117e-06
 Reference value :  3.49121e-06
 Reference value :  3.49128e-06
 Reference value :  3.49135e-06
 Reference value :  3.49146e-06
 Reference value :  3.49166e-06
 Reference value :  3.49190e-06
 Reference value :  3.49204e-06
 Reference value :  3.49213e-06
 Reference value :  3.49221e-06
 Reference value :  3.49233e-06
 Reference value :  3.49243e-06
 Reference value :  3.49258e-06
 Reference value :  3.49271e-06
 Reference value :  3.49289e-06
 Reference value :  3.49317e-06
 Reference value :  3.49332e-06
 Reference value :  3.49344e-06
 Reference value :  3.49355e-06
 Reference value :  3.49364e-06
 Reference value :  3.49374e-06
 Reference value :  3.49398e-06
 Reference value :  3.49430e-06
 Reference value :  3.49474e-06
 Reference value :  3.49502e-06
 Reference value :  3.49540e-06
 Reference value :  3.49563e-06
 Reference value :  3.49586e-06
 Reference value :  3.49620e-06
 Reference value :  3.49684e-06
 Reference value :  3.49781e-06
 Reference value :  3.50104e-06
 Reference value :  3.50354e-06
 Reference value :  3.50504e-06
 Reference value :  3.50704e-06
 Reference value :  3.51004e-06
 Reference value :  3.51254e-06
 Reference value :  3.51404e-06
 Reference value :  3.51754e-06
 Reference value :  3.52054e-06
 Reference value :  3.52304e-06
 Reference value :  3.52454e-06
 Reference value :  3.52754e-06
 Reference value :  3.53154e-06
 Reference value :  3.53286e-06
 Reference value :  3.53294e-06
 Reference value :  3.53302e-06
 Reference value :  3.53311e-06
 Reference value :  3.53322e-06
 Reference value :  3.53333e-06
 Reference value :  3.53353e-06
 Reference value :  3.53363e-06
 Reference value :  3.53367e-06
 Reference value :  3.53378e-06
 Reference value :  3.53386e-06
 Reference value :  3.53396e-06
 Reference value :  3.53419e-06
 Reference value :  3.53437e-06
 Reference value :  3.53441e-06
 Reference value :  3.53450e-06
 Reference value :  3.53457e-06
 Reference value :  3.53469e-06
 Reference value :  3.53478e-06
 Reference value :  3.53488e-06
 Reference value :  3.53508e-06
 Reference value :  3.53526e-06
 Reference value :  3.53558e-06
 Reference value :  3.53637e-06
 Reference value :  3.53896e-06
 Reference value :  3.54196e-06
 Reference value :  3.54546e-06
 Reference value :  3.54846e-06
 Reference value :  3.55146e-06
 Reference value :  3.55496e-06
 Reference value :  3.55946e-06
 Reference value :  3.56346e-06
 Reference value :  3.56696e-06
 Reference value :  3.57096e-06
 Reference value :  3.57450e-06
 Reference value :  3.57452e-06
 Reference value :  3.57457e-06
 Reference value :  3.57465e-06
 Reference value :  3.57471e-06
 Reference value :  3.57485e-06
 Reference value :  3.57505e-06
 Reference value :  3.57534e-06
 Reference value :  3.57542e-06
 Reference value :  3.57550e-06
 Reference value :  3.57559e-06
 Reference value :  3.57568e-06
 Reference value :  3.57577e-06
 Reference value :  3.57593e-06
 Reference value :  3.57609e-06
 Reference value :  3.57622e-06
 Reference value :  3.57650e-06
 Reference value :  3.57671e-06
 Reference value :  3.57680e-06
 Reference value :  3.57689e-06
 Reference value :  3.57698e-06
 Reference value :  3.57723e-06
 Reference value :  3.57764e-06
 Reference value :  3.57821e-06
 Reference value :  3.57858e-06
 Reference value :  3.57897e-06
 Reference value :  3.57933e-06
 Reference value :  3.57965e-06
 Reference value :  3.58046e-06
 Reference value :  3.58163e-06
 Reference value :  3.58463e-06
 Reference value :  3.58713e-06
 Reference value :  3.58963e-06
 Reference value :  3.59213e-06
 Reference value :  3.59413e-06
 Reference value :  3.59763e-06
 Reference value :  3.60113e-06
 Reference value :  3.60313e-06
 Reference value :  3.60463e-06
 Reference value :  3.60663e-06
 Reference value :  3.61013e-06
 Reference value :  3.61363e-06
 Reference value :  3.61617e-06
 Reference value :  3.61621e-06
 Reference value :  3.61627e-06
 Reference value :  3.61636e-06
 Reference value :  3.61644e-06
 Reference value :  3.61651e-06
 Reference value :  3.61660e-06
 Reference value :  3.61669e-06
 Reference value :  3.61686e-06
 Reference value :  3.61695e-06
 Reference value :  3.61698e-06
 Reference value :  3.61705e-06
 Reference value :  3.61717e-06
 Reference value :  3.61724e-06
 Reference value :  3.61738e-06
 Reference value :  3.61756e-06
 Reference value :  3.61769e-06
 Reference value :  3.61776e-06
 Reference value :  3.61788e-06
 Reference value :  3.61809e-06
 Reference value :  3.61825e-06
 Reference value :  3.61838e-06
 Reference value :  3.61856e-06
 Reference value :  3.61881e-06
 Reference value :  3.61930e-06
 Reference value :  3.62025e-06
 Reference value :  3.62377e-06
 Reference value :  3.62727e-06
 Reference value :  3.63027e-06
 Reference value :  3.63327e-06
 Reference value :  3.63677e-06
 Reference value :  3.64077e-06
 Reference value :  3.64377e-06
 Reference value :  3.64627e-06
 Reference value :  3.64877e-06
 Reference value :  3.65027e-06
 Reference value :  3.65327e-06
 Reference value :  3.65677e-06
 Reference value :  3.65786e-06
 Reference value :  3.65792e-06
 Reference value :  3.65797e-06
 Reference value :  3.65801e-06
 Reference value :  3.65804e-06
 Reference value :  3.65812e-06
 Reference value :  3.65825e-06
 Reference value :  3.65835e-06
 Reference value :  3.65861e-06
 Reference value :  3.65871e-06
 Reference value :  3.65881e-06
 Reference value :  3.65888e-06
 Reference value :  3.65899e-06
 Reference value :  3.65907e-06
 Reference value :  3.65924e-06
 Reference value :  3.65930e-06
 Reference value :  3.65943e-06
 Reference value :  3.65956e-06
 Reference value :  3.65981e-06
 Reference value :  3.65999e-06
 Reference value :  3.66012e-06
 Reference value :  3.66018e-06
 Reference value :  3.66034e-06
 Reference value :  3.66075e-06
 Reference value :  3.66117e-06
 Reference value :  3.66150e-06
 Reference value :  3.66189e-06
 Reference value :  3.66225e-06
 Reference value :  3.66274e-06
 Reference value :  3.66332e-06
 Reference value :  3.66538e-06
 Reference value :  3.66888e-06
 Reference value :  3.67188e-06
 Reference value :  3.67488e-06
 Reference value :  3.67688e-06
 Reference value :  3.68038e-06
 Reference value :  3.68338e-06
 Reference value :  3.68688e-06
 Reference value :  3.68988e-06
 Reference value :  3.69238e-06
 Reference value :  3.69538e-06
 Reference value :  3.69838e-06
 Reference value :  3.69952e-06
 Reference value :  3.69957e-06
 Reference value :  3.69964e-06
 Reference value :  3.69971e-06
 Reference value :  3.69978e-06
 Reference value :  3.69986e-06
 Reference value :  3.69997e-06
 Reference value :  3.70010e-06
 Reference value :  3.70019e-06
 Reference value :  3.70026e-06
 Reference value :  3.70031e-06
 Reference value :  3.70033e-06
 Reference value :  3.70036e-06
 Reference value :  3.70044e-06
 Reference value :  3.70051e-06
 Reference value :  3.70057e-06
 Reference value :  3.70071e-06
 Reference value :  3.70085e-06
 Reference value :  3.70100e-06
 Reference value :  3.70106e-06
 Reference value :  3.70116e-06
 Reference value :  3.70125e-06
 Reference value :  3.70137e-06
 Reference value :  3.70146e-06
 Reference value :  3.70159e-06
 Reference value :  3.70175e-06
 Reference value :  3.70200e-06
 Reference value :  3.70225e-06
 Reference value :  3.70279e-06
 Reference value :  3.70452e-06
 Reference value :  3.70852e-06
 Reference value :  3.71252e-06
 Reference value :  3.71552e-06
 Reference value :  3.71802e-06
 Reference value :  3.72052e-06
 Reference value :  3.72352e-06
 Reference value :  3.72602e-06
 Reference value :  3.72902e-06
 Reference value :  3.73152e-06
 Reference value :  3.73502e-06
 Reference value :  3.73852e-06
 Reference value :  3.74117e-06
 Reference value :  3.74120e-06
 Reference value :  3.74127e-06
 Reference value :  3.74132e-06
 Reference value :  3.74136e-06
 Reference value :  3.74149e-06
 Reference value :  3.74166e-06
 Reference value :  3.74191e-06
 Reference value :  3.74202e-06
 Reference value :  3.74205e-06
 Reference value :  3.74215e-06
 Reference value :  3.74221e-06
 Reference value :  3.74231e-06
 Reference value :  3.74239e-06
 Reference value :  3.74255e-06
 Reference value :  3.74270e-06
 Reference value :  3.74283e-06
 Reference value :  3.74305e-06
 Reference value :  3.74321e-06
 Reference value :  3.74336e-06
 Reference value :  3.74344e-06
 Reference value :  3.74349e-06
 Reference value :  3.74365e-06
 Reference value :  3.74387e-06
 Reference value :  3.74450e-06
 Reference value :  3.74476e-06
 Reference value :  3.74513e-06
 Reference value :  3.74535e-06
 Reference value :  3.74548e-06
 Reference value :  3.74565e-06
 Reference value :  3.74581e-06
 Reference value :  3.74597e-06
 Reference value :  3.74635e-06
 Reference value :  3.74722e-06
 Reference value :  3.74949e-06
 Reference value :  3.75249e-06
 Reference value :  3.75599e-06
 Reference value :  3.75899e-06
 Reference value :  3.76199e-06
 Reference value :  3.76449e-06
 Reference value :  3.76849e-06
 Reference value :  3.77099e-06
 Reference value :  3.77399e-06
 Reference value :  3.77699e-06
 Reference value :  3.78049e-06
 Reference value :  3.78284e-06
 Reference value :  3.78289e-06
 Reference value :  3.78294e-06
 Reference value :  3.78299e-06
 Reference value :  3.78305e-06
 Reference value :  3.78313e-06
 Reference value :  3.78322e-06
 Reference value :  3.78331e-06
 Reference value :  3.78345e-06
 Reference value :  3.78354e-06
 Reference value :  3.78364e-06
 Reference value :  3.78367e-06
 Reference value :  3.78370e-06
 Reference value :  3.78378e-06
 Reference value :  3.78386e-06
 Reference value :  3.78395e-06
 Reference value :  3.78408e-06
 Reference value :  3.78419e-06
 Reference value :  3.78433e-06
 Reference value :  3.78439e-06
 Reference value :  3.78448e-06
 Reference value :  3.78457e-06
 Reference value :  3.78466e-06
 Reference value :  3.78476e-06
 Reference value :  3.78485e-06
 Reference value :  3.78500e-06
 Reference value :  3.78507e-06
 Reference value :  3.78531e-06
 Reference value :  3.78549e-06
 Reference value :  3.78591e-06
 Reference value :  3.78664e-06
 Reference value :  3.78872e-06
 Reference value :  3.79222e-06
 Reference value :  3.79522e-06
 Reference value :  3.79722e-06
 Reference value :  3.79972e-06
 Reference value :  3.80322e-06
 Reference value :  3.80672e-06
 Reference value :  3.80972e-06
 Reference value :  3.81272e-06
 Reference value :  3.81622e-06
 Reference value :  3.81922e-06
 Reference value :  3.82222e-06
 Reference value :  3.82451e-06
 Reference value :  3.82454e-06
 Reference value :  3.82461e-06
 Reference value :  3.82466e-06
 Reference value :  3.82471e-06
 Reference value :  3.82479e-06
 Reference value :  3.82489e-06
 Reference value :  3.82503e-06
 Reference value :  3.82530e-06
 Reference value :  3.82538e-06
 Reference value :  3.82544e-06
 Reference value :  3.82554e-06
 Reference value :  3.82567e-06
 Reference value :  3.82578e-06
 Reference value :  3.82592e-06
 Reference value :  3.82603e-06
 Reference value :  3.82613e-06
 Reference value :  3.82622e-06
 Reference value :  3.82650e-06
 Reference value :  3.82668e-06
 Reference value :  3.82679e-06
 Reference value :  3.82688e-06
 Reference value :  3.82718e-06
 Reference value :  3.82746e-06
 Reference value :  3.82793e-06
 Reference value :  3.82833e-06
 Reference value :  3.82862e-06
 Reference value :  3.82888e-06
 Reference value :  3.82914e-06
 Reference value :  3.82951e-06
 Reference value :  3.83012e-06
 Reference value :  3.83239e-06
 Reference value :  3.83539e-06
 Reference value :  3.83839e-06
 Reference value :  3.84089e-06
 Reference value :  3.84389e-06
 Reference value :  3.84639e-06
 Reference value :  3.84889e-06
 Reference value :  3.85089e-06
 Reference value :  3.85289e-06
 Reference value :  3.85639e-06
 Reference value :  3.85939e-06
 Reference value :  3.86239e-06
 Reference value :  3.86539e-06
 Reference value :  3.86617e-06
 Reference value :  3.86622e-06
 Reference value :  3.86627e-06
 Reference value :  3.86634e-06
 Reference value :  3.86639e-06
 Reference value :  3.86649e-06
 Reference value :  3.86660e-06
 Reference value :  3.86666e-06
 Reference value :  3.86679e-06
 Reference value :  3.86695e-06
 Reference value :  3.86700e-06
 Reference value :  3.86706e-06
 Reference value :  3.86715e-06
 Reference value :  3.86722e-06
 Reference value :  3.86727e-06
 Reference value :  3.86735e-06
 Reference value :  3.86751e-06
 Reference value :  3.86760e-06
 Reference value :  3.86767e-06
 Reference value :  3.86773e-06
 Reference value :  3.86779e-06
 Reference value :  3.86789e-06
 Reference value :  3.86797e-06
 Reference value :  3.86808e-06
 Reference value :  3.86827e-06
 Reference value :  3.86842e-06
 Reference value :  3.86864e-06
 Reference value :  3.86890e-06
 Reference value :  3.86946e-06
 Reference value :  3.87156e-06
 Reference value :  3.87606e-06
 Reference value :  3.87906e-06
 Reference value :  3.88106e-06
 Reference value :  3.88256e-06
 Reference value :  3.88406e-06
 Reference value :  3.88656e-06
 Reference value :  3.88906e-06
 Reference value :  3.89156e-06
 Reference value :  3.89456e-06
 Reference value :  3.89856e-06
 Reference value :  3.90206e-06
 Reference value :  3.90556e-06
 Reference value :  3.90783e-06
 Reference value :  3.90788e-06
 Reference value :  3.90794e-06
 Reference value :  3.90802e-06
 Reference value :  3.90812e-06
 Reference value :  3.90825e-06
 Reference value :  3.90838e-06
 Reference value :  3.90867e-06
 Reference value :  3.90871e-06
 Reference value :  3.90878e-06
 Reference value :  3.90887e-06
 Reference value :  3.90901e-06
 Reference value :  3.90912e-06
 Reference value :  3.90928e-06
 Reference value :  3.90944e-06
 Reference value :  3.90955e-06
 Reference value :  3.90969e-06
 Reference value :  3.90989e-06
 Reference value :  3.90999e-06
 Reference value :  3.91010e-06
 Reference value :  3.91016e-06
 Reference value :  3.91029e-06
 Reference value :  3.91049e-06
 Reference value :  3.91088e-06
 Reference value :  3.91110e-06
 Reference value :  3.91167e-06
 Reference value :  3.91215e-06
 Reference value :  3.91235e-06
 Reference value :  3.91245e-06
 Reference value :  3.91257e-06
 Reference value :  3.91277e-06
 Reference value :  3.91296e-06
 Reference value :  3.91351e-06
 Reference value :  3.91465e-06
 Reference value :  3.91758e-06
 Reference value :  3.91858e-06
 Reference value :  3.92158e-06
 Reference value :  3.92508e-06
 Reference value :  3.92808e-06
 Reference value :  3.93058e-06
 Reference value :  3.93308e-06
 Reference value :  3.93658e-06
 Reference value :  3.93958e-06
 Reference value :  3.94158e-06
 Reference value :  3.94258e-06
 Reference value :  3.94608e-06
 Reference value :  3.94808e-06
 Reference value :  3.94952e-06
 Reference value :  3.94957e-06
 Reference value :  3.94961e-06
 Reference value :  3.94966e-06
 Reference value :  3.94972e-06
 Reference value :  3.94980e-06
 Reference value :  3.94989e-06
 Reference value :  3.94998e-06
 Reference value :  3.95007e-06
 Reference value :  3.95016e-06
 Reference value :  3.95024e-06
 Reference value :  3.95030e-06
 Reference value :  3.95035e-06
 Reference value :  3.95044e-06
 Reference value :  3.95054e-06
 Reference value :  3.95060e-06
 Reference value :  3.95066e-06
 Reference value :  3.95073e-06
 Reference value :  3.95086e-06
 Reference value :  3.95095e-06
 Reference value :  3.95103e-06
 Reference value :  3.95109e-06
 Reference value :  3.95122e-06
 Reference value :  3.95130e-06
 Reference value :  3.95143e-06
 Reference value :  3.95158e-06
 Reference value :  3.95168e-06
 Reference value :  3.95186e-06
 Reference value :  3.95204e-06
 Reference value :  3.95219e-06
 Reference value :  3.95230e-06
 Reference value :  3.95267e-06
 Reference value :  3.95396e-06
 Reference value :  3.95631e-06
 Reference value :  3.95881e-06
 Reference value :  3.96131e-06
 Reference value :  3.96481e-06
 Reference value :  3.96831e-06
 Reference value :  3.97131e-06
 Reference value :  3.97381e-06
 Reference value :  3.97731e-06
 Reference value :  3.98031e-06
 Reference value :  3.98381e-06
 Reference value :  3.98631e-06
 Reference value :  3.98781e-06
 Reference value :  3.99031e-06
 Reference value :  3.99120e-06
 Reference value :  3.99124e-06
 Reference value :  3.99127e-06
 Reference value :  3.99132e-06
 Reference value :  3.99136e-06
 Reference value :  3.99141e-06
 Reference value :  3.99152e-06
 Reference value :  3.99162e-06
 Reference value :  3.99177e-06
 Reference value :  3.99201e-06
 Reference value :  3.99208e-06
 Reference value :  3.99217e-06
 Reference value :  3.99221e-06
 Reference value :  3.99233e-06
 Reference value :  3.99239e-06
 Reference value :  3.99251e-06
 Reference value :  3.99258e-06
 Reference value :  3.99273e-06
 Reference value :  3.99286e-06
 Reference value :  3.99306e-06
 Reference value :  3.99322e-06
 Reference value :  3.99332e-06
 Reference value :  3.99343e-06
 Reference value :  3.99354e-06
 Reference value :  3.99377e-06
 Reference value :  3.99429e-06
 Reference value :  3.99477e-06
 Reference value :  3.99542e-06
 Reference value :  3.99575e-06
 Reference value :  3.99583e-06
 Reference value :  3.99589e-06
 Reference value :  3.99591e-06
 Reference value :  3.99599e-06
 Reference value :  3.99604e-06
 Reference value :  3.99614e-06
 Reference value :  3.99620e-06
 Reference value :  3.99626e-06
 Reference value :  3.99632e-06
 Reference value :  3.99641e-06
 Reference value :  3.99650e-06
 Reference value :  3.99667e-06
 Reference value :  3.99722e-06
 Reference value :  3.99871e-06
 Reference value :  4.00021e-06
 Reference value :  4.00221e-06
 Reference value :  4.00321e-06
 Reference value :  4.00421e-06
 Reference value :  4.00571e-06
 Reference value :  4.00821e-06
 Reference value :  4.00971e-06
 Reference value :  4.01071e-06
 Reference value :  4.01221e-06
 Reference value :  4.01371e-06
 Reference value :  4.01521e-06
 Reference value :  4.01671e-06
 Reference value :  4.01771e-06
 Reference value :  4.01921e-06
 Reference value :  4.02121e-06
 Reference value :  4.02371e-06
 Reference value :  4.02471e-06
 Reference value :  4.02721e-06
 Reference value :  4.02971e-06
 Reference value :  4.03221e-06
 Reference value :  4.03286e-06
 Reference value :  4.03290e-06
 Reference value :  4.03298e-06
 Reference value :  4.03304e-06
 Reference value :  4.03309e-06
 Reference value :  4.03318e-06
 Reference value :  4.03327e-06
 Reference value :  4.03333e-06
 Reference value :  4.03350e-06
 Reference value :  4.03361e-06
 Reference value :  4.03368e-06
 Reference value :  4.03378e-06
 Reference value :  4.03390e-06
 Reference value :  4.03399e-06
 Reference value :  4.03414e-06
 Reference value :  4.03429e-06
 Reference value :  4.03442e-06
 Reference value :  4.03453e-06
 Reference value :  4.03463e-06
 Reference value :  4.03479e-06
 Reference value :  4.03491e-06
 Reference value :  4.03504e-06
 Reference value :  4.03518e-06
 Reference value :  4.03533e-06
 Reference value :  4.03549e-06
 Reference value :  4.03593e-06
 Reference value :  4.03698e-06
 Reference value :  4.03990e-06
 Reference value :  4.04340e-06
 Reference value :  4.04640e-06
 Reference value :  4.04890e-06
 Reference value :  4.05190e-06
 Reference value :  4.05540e-06
 Reference value :  4.05840e-06
 Reference value :  4.06090e-06
 Reference value :  4.06440e-06
 Reference value :  4.06740e-06
 Reference value :  4.07040e-06
 Reference value :  4.07340e-06
 Reference value :  4.07450e-06
 Reference value :  4.07456e-06
 Reference value :  4.07462e-06
 Reference value :  4.07466e-06
 Reference value :  4.07473e-06
 Reference value :  4.07479e-06
 Reference value :  4.07488e-06
 Reference value :  4.07502e-06
 Reference value :  4.07529e-06
 Reference value :  4.07538e-06
 Reference value :  4.07544e-06
 Reference value :  4.07550e-06
 Reference value :  4.07554e-06
 Reference value :  4.07566e-06
 Reference value :  4.07578e-06
 Reference value :  4.07597e-06
 Reference value :  4.07609e-06
 Reference value :  4.07619e-06
 Reference value :  4.07645e-06
 Reference value :  4.07662e-06
 Reference value :  4.07675e-06
 Reference value :  4.07690e-06
 Reference value :  4.07705e-06
 Reference value :  4.07740e-06
 Reference value :  4.07759e-06
 Reference value :  4.07779e-06
 Reference value :  4.07799e-06
 Reference value :  4.07855e-06
 Reference value :  4.07907e-06
 Reference value :  4.07927e-06
 Reference value :  4.07946e-06
 Reference value :  4.07974e-06
 Reference value :  4.08015e-06
 Reference value :  4.08077e-06
 Reference value :  4.08307e-06
 Reference value :  4.08657e-06
 Reference value :  4.08907e-06
 Reference value :  4.09207e-06
 Reference value :  4.09507e-06
 Reference value :  4.09807e-06
 Reference value :  4.10157e-06
 Reference value :  4.10407e-06
 Reference value :  4.10607e-06
 Reference value :  4.10857e-06
 Reference value :  4.11157e-06
 Reference value :  4.11457e-06
 Reference value :  4.11617e-06
 Reference value :  4.11621e-06
 Reference value :  4.11623e-06
 Reference value :  4.11627e-06
 Reference value :  4.11631e-06
 Reference value :  4.11635e-06
 Reference value :  4.11637e-06
 Reference value :  4.11644e-06
 Reference value :  4.11653e-06
 Reference value :  4.11664e-06
 Reference value :  4.11676e-06
 Reference value :  4.11686e-06
 Reference value :  4.11693e-06
 Reference value :  4.11698e-06
 Reference value :  4.11702e-06
 Reference value :  4.11714e-06
 Reference value :  4.11720e-06
 Reference value :  4.11732e-06
 Reference value :  4.11749e-06
 Reference value :  4.11763e-06
 Reference value :  4.11768e-06
 Reference value :  4.11775e-06
 Reference value :  4.11796e-06
 Reference value :  4.11803e-06
 Reference value :  4.11808e-06
 Reference value :  4.11812e-06
 Reference value :  4.11818e-06
 Reference value :  4.11828e-06
 Reference value :  4.11836e-06
 Reference value :  4.11849e-06
 Reference value :  4.11862e-06
 Reference value :  4.11871e-06
 Reference value :  4.11888e-06
 Reference value :  4.11906e-06
 Reference value :  4.11959e-06
 Reference value :  4.12095e-06
 Reference value :  4.12437e-06
 Reference value :  4.12587e-06
 Reference value :  4.12787e-06
 Reference value :  4.13037e-06
 Reference value :  4.13287e-06
 Reference value :  4.13537e-06
 Reference value :  4.13837e-06
 Reference value :  4.14137e-06
 Reference value :  4.14337e-06
 Reference value :  4.14637e-06
 Reference value :  4.14837e-06
 Reference value :  4.15137e-06
 Reference value :  4.15387e-06
 Reference value :  4.15737e-06
 Reference value :  4.15787e-06
 Reference value :  4.15790e-06
 Reference value :  4.15796e-06
 Reference value :  4.15802e-06
 Reference value :  4.15808e-06
 Reference value :  4.15817e-06
 Reference value :  4.15836e-06
 Reference value :  4.15863e-06
 Reference value :  4.15873e-06
 Reference value :  4.15884e-06
 Reference value :  4.15899e-06
 Reference value :  4.15911e-06
 Reference value :  4.15924e-06
 Reference value :  4.15936e-06
 Reference value :  4.15950e-06
 Reference value :  4.15958e-06
 Reference value :  4.15983e-06
 Reference value :  4.15994e-06
 Reference value :  4.16005e-06
 Reference value :  4.16021e-06
 Reference value :  4.16034e-06
 Reference value :  4.16048e-06
 Reference value :  4.16065e-06
 Reference value :  4.16080e-06
 Reference value :  4.16089e-06
 Reference value :  4.16093e-06
 Reference value :  4.16096e-06
 Reference value :  4.16103e-06
 Reference value :  4.16109e-06
 Reference value :  4.16123e-06
 Reference value :  4.16136e-06
 Reference value :  4.16143e-06
 Reference value :  4.16166e-06
 Reference value :  4.16193e-06
 Reference value :  4.16248e-06
 Reference value :  4.16359e-06
 Reference value :  4.16647e-06
 Reference value :  4.17047e-06
 Reference value :  4.17347e-06
 Reference value :  4.17647e-06
 Reference value :  4.17947e-06
 Reference value :  4.18197e-06
 Reference value :  4.18497e-06
 Reference value :  4.18847e-06
 Reference value :  4.19247e-06
 Reference value :  4.19647e-06
 Reference value :  4.19897e-06
 Reference value :  4.19953e-06
 Reference value :  4.19960e-06
 Reference value :  4.19970e-06
 Reference value :  4.19977e-06
 Reference value :  4.19982e-06
 Reference value :  4.19990e-06
 Reference value :  4.19999e-06
 Reference value :  4.20014e-06
 Reference value :  4.20027e-06
 Reference value :  4.20034e-06
 Reference value :  4.20038e-06
 Reference value :  4.20044e-06
 Reference value :  4.20049e-06
 Reference value :  4.20057e-06
 Reference value :  4.20064e-06
 Reference value :  4.20073e-06
 Reference value :  4.20084e-06
 Reference value :  4.20095e-06
 Reference value :  4.20101e-06
 Reference value :  4.20104e-06
 Reference value :  4.20108e-06
 Reference value :  4.20111e-06
 Reference value :  4.20120e-06
 Reference value :  4.20129e-06
 Reference value :  4.20139e-06
 Reference value :  4.20146e-06
 Reference value :  4.20158e-06
 Reference value :  4.20169e-06
 Reference value :  4.20181e-06
 Reference value :  4.20198e-06
 Reference value :  4.20221e-06
 Reference value :  4.20241e-06
 Reference value :  4.20319e-06
 Reference value :  4.20512e-06
 Reference value :  4.20803e-06
 Reference value :  4.21203e-06
 Reference value :  4.21503e-06
 Reference value :  4.21903e-06
 Reference value :  4.22303e-06
 Reference value :  4.22603e-06
 Reference value :  4.22953e-06
 Reference value :  4.23153e-06
 Reference value :  4.23503e-06
 Reference value :  4.23803e-06
 Reference value :  4.24117e-06
 Reference value :  4.24123e-06
 Reference value :  4.24129e-06
 Reference value :  4.24135e-06
 Reference value :  4.24149e-06
 Reference value :  4.24170e-06
 Reference value :  4.24190e-06
 Reference value :  4.24204e-06
 Reference value :  4.24217e-06
 Reference value :  4.24223e-06
 Reference value :  4.24232e-06
 Reference value :  4.24240e-06
 Reference value :  4.24256e-06
 Reference value :  4.24273e-06
 Reference value :  4.24286e-06
 Reference value :  4.24303e-06
 Reference value :  4.24315e-06
 Reference value :  4.24323e-06
 Reference value :  4.24343e-06
 Reference value :  4.24364e-06
 Reference value :  4.24389e-06
 Reference value :  4.24406e-06
 Reference value :  4.24416e-06
 Reference value :  4.24427e-06
 Reference value :  4.24434e-06
 Reference value :  4.24441e-06
 Reference value :  4.24453e-06
 Reference value :  4.24466e-06
 Reference value :  4.24478e-06
 Reference value :  4.24509e-06
 Reference value :  4.24568e-06
 Reference value :  4.24697e-06
 Reference value :  4.24879e-06
 Reference value :  4.25129e-06
 Reference value :  4.25429e-06
 Reference value :  4.25729e-06
 Reference value :  4.26079e-06
 Reference value :  4.26479e-06
 Reference value :  4.26779e-06
 Reference value :  4.27179e-06
 Reference value :  4.27529e-06
 Reference value :  4.27779e-06
 Reference value :  4.28079e-06
 Reference value :  4.28256e-06
 Reference value :  4.28286e-06
 Reference value :  4.28289e-06
 Reference value :  4.28293e-06
 Reference value :  4.28300e-06
 Reference value :  4.28307e-06
 Reference value :  4.28318e-06
 Reference value :  4.28331e-06
 Reference value :  4.28350e-06
 Reference value :  4.28362e-06
 Reference value :  4.28365e-06
 Reference value :  4.28375e-06
 Reference value :  4.28383e-06
 Reference value :  4.28393e-06
 Reference value :  4.28400e-06
 Reference value :  4.28412e-06
 Reference value :  4.28423e-06
 Reference value :  4.28428e-06
 Reference value :  4.28433e-06
 Reference value :  4.28441e-06
 Reference value :  4.28447e-06
 Reference value :  4.28463e-06
 Reference value :  4.28473e-06
 Reference value :  4.28487e-06
 Reference value :  4.28497e-06
 Reference value :  4.28514e-06
 Reference value :  4.28527e-06
 Reference value :  4.28543e-06
 Reference value :  4.28565e-06
 Reference value :  4.28599e-06
 Reference value :  4.28674e-06
 Reference value :  4.28942e-06
 Reference value :  4.29242e-06
 Reference value :  4.29642e-06
 Reference value :  4.29892e-06
 Reference value :  4.30192e-06
 Reference value :  4.30542e-06
 Reference value :  4.30842e-06
 Reference value :  4.31142e-06
 Reference value :  4.31392e-06
 Reference value :  4.31642e-06
 Reference value :  4.31992e-06
 Reference value :  4.32342e-06
 Reference value :  4.32452e-06
 Reference value :  4.32455e-06
 Reference value :  4.32462e-06
 Reference value :  4.32467e-06
 Reference value :  4.32473e-06
 Reference value :  4.32482e-06
 Reference value :  4.32495e-06
 Reference value :  4.32522e-06
 Reference value :  4.32538e-06
 Reference value :  4.32544e-06
 Reference value :  4.32556e-06
 Reference value :  4.32570e-06
 Reference value :  4.32589e-06
 Reference value :  4.32595e-06
 Reference value :  4.32608e-06
 Reference value :  4.32621e-06
 Reference value :  4.32631e-06
 Reference value :  4.32651e-06
 Reference value :  4.32676e-06
 Reference value :  4.32699e-06
 Reference value :  4.32756e-06
 Reference value :  4.32792e-06
 Reference value :  4.32818e-06
 Reference value :  4.32837e-06
 Reference value :  4.32872e-06
 Reference value :  4.32924e-06
 Reference value :  4.32998e-06
 Reference value :  4.33208e-06
 Reference value :  4.33508e-06
 Reference value :  4.33707e-06
 Reference value :  4.33784e-06
 Reference value :  4.33875e-06
 Reference value :  4.33892e-06
 Reference value :  4.33902e-06
 Reference value :  4.33910e-06
 Reference value :  4.33918e-06
 Reference value :  4.33933e-06
 Reference value :  4.33952e-06
 Reference value :  4.33978e-06
 Reference value :  4.34026e-06
 Reference value :  4.34224e-06
 Reference value :  4.34714e-06
 Reference value :  4.35064e-06
 Reference value :  4.35414e-06
 Reference value :  4.35714e-06
 Reference value :  4.36014e-06
 Reference value :  4.36264e-06
 Reference value :  4.36564e-06
 Reference value :  4.36619e-06
 Reference value :  4.36623e-06
 Reference value :  4.36629e-06
 Reference value :  4.36637e-06
 Reference value :  4.36644e-06
 Reference value :  4.36660e-06
 Reference value :  4.36669e-06
 Reference value :  4.36686e-06
 Reference value :  4.36694e-06
 Reference value :  4.36698e-06
 Reference value :  4.36703e-06
 Reference value :  4.36711e-06
 Reference value :  4.36717e-06
 Reference value :  4.36720e-06
 Reference value :  4.36730e-06
 Reference value :  4.36742e-06
 Reference value :  4.36753e-06
 Reference value :  4.36765e-06
 Reference value :  4.36771e-06
 Reference value :  4.36777e-06
 Reference value :  4.36786e-06
 Reference value :  4.36795e-06
 Reference value :  4.36805e-06
 Reference value :  4.36810e-06
 Reference value :  4.36823e-06
 Reference value :  4.36827e-06
 Reference value :  4.36833e-06
 Reference value :  4.36835e-06
 Reference value :  4.36844e-06
 Reference value :  4.36857e-06
 Reference value :  4.36867e-06
 Reference value :  4.36886e-06
 Reference value :  4.36908e-06
 Reference value :  4.36942e-06
 Reference value :  4.37006e-06
 Reference value :  4.37221e-06
 Reference value :  4.37571e-06
 Reference value :  4.37721e-06
 Reference value :  4.38021e-06
 Reference value :  4.38371e-06
 Reference value :  4.38771e-06
 Reference value :  4.39071e-06
 Reference value :  4.39321e-06
 Reference value :  4.39571e-06
 Reference value :  4.39871e-06
 Reference value :  4.40221e-06
 Reference value :  4.40471e-06
 Reference value :  4.40621e-06
 Reference value :  4.40783e-06
 Reference value :  4.40787e-06
 Reference value :  4.40792e-06
 Reference value :  4.40798e-06
 Reference value :  4.40802e-06
 Reference value :  4.40810e-06
 Reference value :  4.40825e-06
 Reference value :  4.40844e-06
 Reference value :  4.40868e-06
 Reference value :  4.40871e-06
 Reference value :  4.40884e-06
 Reference value :  4.40888e-06
 Reference value :  4.40902e-06
 Reference value :  4.40913e-06
 Reference value :  4.40930e-06
 Reference value :  4.40943e-06
 Reference value :  4.40953e-06
 Reference value :  4.40963e-06
 Reference value :  4.40967e-06
 Reference value :  4.40982e-06
 Reference value :  4.41003e-06
 Reference value :  4.41033e-06
 Reference value :  4.41100e-06
 Reference value :  4.41129e-06
 Reference value :  4.41149e-06
 Reference value :  4.41234e-06
 Reference value :  4.41310e-06
 Reference value :  4.41626e-06
 Reference value :  4.41876e-06
 Reference value :  4.41967e-06
 Reference value :  4.42083e-06
 Reference value :  4.42107e-06
 Reference value :  4.42123e-06
 Reference value :  4.42145e-06
 Reference value :  4.42183e-06
 Reference value :  4.42289e-06
 Reference value :  4.42516e-06
 Reference value :  4.42766e-06
 Reference value :  4.43016e-06
 Reference value :  4.43366e-06
 Reference value :  4.43666e-06
 Reference value :  4.43816e-06
 Reference value :  4.44116e-06
 Reference value :  4.44366e-06
 Reference value :  4.44566e-06
 Reference value :  4.44908e-06
 Reference value :  4.44953e-06
 Reference value :  4.44957e-06
 Reference value :  4.44962e-06
 Reference value :  4.44967e-06
 Reference value :  4.44971e-06
 Reference value :  4.44978e-06
 Reference value :  4.44984e-06
 Reference value :  4.44995e-06
 Reference value :  4.45009e-06
 Reference value :  4.45019e-06
 Reference value :  4.45027e-06
 Reference value :  4.45031e-06
 Reference value :  4.45032e-06
 Reference value :  4.45039e-06
 Reference value :  4.45048e-06
 Reference value :  4.45051e-06
 Reference value :  4.45064e-06
 Reference value :  4.45078e-06
 Reference value :  4.45090e-06
 Reference value :  4.45099e-06
 Reference value :  4.45106e-06
 Reference value :  4.45112e-06
 Reference value :  4.45126e-06
 Reference value :  4.45143e-06
 Reference value :  4.45149e-06
 Reference value :  4.45164e-06
 Reference value :  4.45182e-06
 Reference value :  4.45213e-06
 Reference value :  4.45243e-06
 Reference value :  4.45297e-06
 Reference value :  4.45483e-06
 Reference value :  4.45733e-06
 Reference value :  4.45983e-06
 Reference value :  4.46333e-06
 Reference value :  4.46633e-06
 Reference value :  4.47033e-06
 Reference value :  4.47333e-06
 Reference value :  4.47583e-06
 Reference value :  4.47833e-06
 Reference value :  4.48083e-06
 Reference value :  4.48333e-06
 Reference value :  4.48583e-06
 Reference value :  4.48833e-06
 Reference value :  4.49075e-06
 Reference value :  4.49120e-06
 Reference value :  4.49125e-06
 Reference value :  4.49127e-06
 Reference value :  4.49132e-06
 Reference value :  4.49136e-06
 Reference value :  4.49146e-06
 Reference value :  4.49163e-06
 Reference value :  4.49187e-06
 Reference value :  4.49199e-06
 Reference value :  4.49204e-06
 Reference value :  4.49217e-06
 Reference value :  4.49226e-06
 Reference value :  4.49238e-06
 Reference value :  4.49250e-06
 Reference value :  4.49263e-06
 Reference value :  4.49280e-06
 Reference value :  4.49290e-06
 Reference value :  4.49302e-06
 Reference value :  4.49322e-06
 Reference value :  4.49348e-06
 Reference value :  4.49374e-06
 Reference value :  4.49412e-06
 Reference value :  4.49439e-06
 Reference value :  4.49463e-06
 Reference value :  4.49481e-06
 Reference value :  4.49508e-06
 Reference value :  4.49548e-06
 Reference value :  4.49623e-06
 Reference value :  4.49956e-06
 Reference value :  4.50256e-06
 Reference value :  4.50398e-06
 Reference value :  4.50434e-06
 Reference value :  4.50528e-06
 Reference value :  4.50547e-06
 Reference value :  4.50558e-06
 Reference value :  4.50563e-06
 Reference value :  4.50571e-06
 Reference value :  4.50580e-06
 Reference value :  4.50593e-06
 Reference value :  4.50612e-06
 Reference value :  4.50620e-06
 Reference value :  4.50634e-06
 Reference value :  4.50651e-06
 Reference value :  4.50674e-06
 Reference value :  4.50707e-06
 Reference value :  4.50775e-06
 Reference value :  4.51027e-06
 Reference value :  4.51327e-06
 Reference value :  4.51677e-06
 Reference value :  4.51927e-06
 Reference value :  4.52127e-06
 Reference value :  4.52227e-06
 Reference value :  4.52627e-06
 Reference value :  4.52827e-06
 Reference value :  4.53127e-06
 Reference value :  4.53285e-06
 Reference value :  4.53289e-06
 Reference value :  4.53294e-06
 Reference value :  4.53299e-06
 Reference value :  4.53306e-06
 Reference value :  4.53311e-06
 Reference value :  4.53322e-06
 Reference value :  4.53330e-06
 Reference value :  4.53341e-06
 Reference value :  4.53352e-06
 Reference value :  4.53360e-06
 Reference value :  4.53364e-06
 Reference value :  4.53367e-06
 Reference value :  4.53376e-06
 Reference value :  4.53379e-06
 Reference value :  4.53385e-06
 Reference value :  4.53399e-06
 Reference value :  4.53420e-06
 Reference value :  4.53433e-06
 Reference value :  4.53434e-06
 Reference value :  4.53436e-06
 Reference value :  4.53445e-06
 Reference value :  4.53454e-06
 Reference value :  4.53460e-06
 Reference value :  4.53467e-06
 Reference value :  4.53478e-06
 Reference value :  4.53484e-06
 Reference value :  4.53496e-06
 Reference value :  4.53505e-06
 Reference value :  4.53520e-06
 Reference value :  4.53529e-06
 Reference value :  4.53539e-06
 Reference value :  4.53559e-06
 Reference value :  4.53579e-06
 Reference value :  4.53631e-06
 Reference value :  4.53677e-06
 Reference value :  4.53894e-06
 Reference value :  4.54194e-06
 Reference value :  4.54494e-06
 Reference value :  4.54894e-06
 Reference value :  4.55194e-06
 Reference value :  4.55544e-06
 Reference value :  4.55694e-06
 Reference value :  4.55944e-06
 Reference value :  4.56244e-06
 Reference value :  4.56544e-06
 Reference value :  4.56894e-06
 Reference value :  4.57244e-06
 Reference value :  4.57450e-06
 Reference value :  4.57455e-06
 Reference value :  4.57462e-06
 Reference value :  4.57466e-06
 Reference value :  4.57473e-06
 Reference value :  4.57488e-06
 Reference value :  4.57498e-06
 Reference value :  4.57513e-06
 Reference value :  4.57533e-06
 Reference value :  4.57542e-06
 Reference value :  4.57555e-06
 Reference value :  4.57573e-06
 Reference value :  4.57595e-06
 Reference value :  4.57618e-06
 Reference value :  4.57633e-06
 Reference value :  4.57653e-06
 Reference value :  4.57685e-06
 Reference value :  4.57708e-06
 Reference value :  4.57743e-06
 Reference value :  4.57779e-06
 Reference value :  4.57801e-06
 Reference value :  4.57827e-06
 Reference value :  4.57853e-06
 Reference value :  4.57914e-06
 Reference value :  4.58137e-06
 Reference value :  4.58532e-06
 Reference value :  4.58682e-06
 Reference value :  4.58725e-06
 Reference value :  4.58786e-06
 Reference value :  4.58831e-06
 Reference value :  4.58842e-06
 Reference value :  4.58849e-06
 Reference value :  4.58856e-06
 Reference value :  4.58864e-06
 Reference value :  4.58872e-06
 Reference value :  4.58880e-06
 Reference value :  4.58889e-06
 Reference value :  4.58905e-06
 Reference value :  4.58930e-06
 Reference value :  4.58961e-06
 Reference value :  4.59051e-06
 Reference value :  4.59347e-06
 Reference value :  4.59747e-06
 Reference value :  4.60047e-06
 Reference value :  4.60397e-06
 Reference value :  4.60747e-06
 Reference value :  4.61147e-06
 Reference value :  4.61547e-06
 Reference value :  4.61620e-06
 Reference value :  4.61627e-06
 Reference value :  4.61632e-06
 Reference value :  4.61642e-06
 Reference value :  4.61653e-06
 Reference value :  4.61659e-06
 Reference value :  4.61668e-06
 Reference value :  4.61682e-06
 Reference value :  4.61694e-06
 Reference value :  4.61698e-06
 Reference value :  4.61700e-06
 Reference value :  4.61709e-06
 Reference value :  4.61712e-06
 Reference value :  4.61717e-06
 Reference value :  4.61724e-06
 Reference value :  4.61730e-06
 Reference value :  4.61742e-06
 Reference value :  4.61749e-06
 Reference value :  4.61762e-06
 Reference value :  4.61768e-06
 Reference value :  4.61777e-06
 Reference value :  4.61790e-06
 Reference value :  4.61802e-06
 Reference value :  4.61810e-06
 Reference value :  4.61818e-06
 Reference value :  4.61827e-06
 Reference value :  4.61839e-06
 Reference value :  4.61847e-06
 Reference value :  4.61858e-06
 Reference value :  4.61872e-06
 Reference value :  4.61887e-06
 Reference value :  4.61912e-06
 Reference value :  4.61942e-06
 Reference value :  4.62010e-06
 Reference value :  4.62227e-06
 Reference value :  4.62477e-06
 Reference value :  4.62777e-06
 Reference value :  4.63077e-06
 Reference value :  4.63277e-06
 Reference value :  4.63577e-06
 Reference value :  4.63977e-06
 Reference value :  4.64377e-06
 Reference value :  4.64527e-06
 Reference value :  4.64827e-06
 Reference value :  4.65177e-06
 Reference value :  4.65527e-06
 Reference value :  4.65783e-06
 Reference value :  4.65787e-06
 Reference value :  4.65791e-06
 Reference value :  4.65797e-06
 Reference value :  4.65802e-06
 Reference value :  4.65808e-06
 Reference value :  4.65815e-06
 Reference value :  4.65828e-06
 Reference value :  4.65835e-06
 Reference value :  4.65842e-06
 Reference value :  4.65854e-06
 Reference value :  4.65861e-06
 Reference value :  4.65866e-06
 Reference value :  4.65871e-06
 Reference value :  4.65875e-06
 Reference value :  4.65881e-06
 Reference value :  4.65886e-06
 Reference value :  4.65897e-06
 Reference value :  4.65903e-06
 Reference value :  4.65912e-06
 Reference value :  4.65922e-06
 Reference value :  4.65928e-06
 Reference value :  4.65938e-06
 Reference value :  4.65941e-06
 Reference value :  4.65952e-06
 Reference value :  4.65958e-06
 Reference value :  4.65977e-06
 Reference value :  4.65991e-06
 Reference value :  4.66033e-06
 Reference value :  4.66077e-06
 Reference value :  4.66120e-06
 Reference value :  4.66150e-06
 Reference value :  4.66179e-06
 Reference value :  4.66235e-06
 Reference value :  4.66598e-06
 Reference value :  4.66898e-06
 Reference value :  4.66991e-06
 Reference value :  4.67054e-06
 Reference value :  4.67100e-06
 Reference value :  4.67113e-06
 Reference value :  4.67122e-06
 Reference value :  4.67138e-06
 Reference value :  4.67151e-06
 Reference value :  4.67167e-06
 Reference value :  4.67182e-06
 Reference value :  4.67213e-06
 Reference value :  4.67248e-06
 Reference value :  4.67362e-06
 Reference value :  4.67706e-06
 Reference value :  4.68056e-06
 Reference value :  4.68256e-06
 Reference value :  4.68556e-06
 Reference value :  4.68806e-06
 Reference value :  4.69056e-06
 Reference value :  4.69406e-06
 Reference value :  4.69706e-06
 Reference value :  4.69951e-06
 Reference value :  4.69955e-06
 Reference value :  4.69964e-06
 Reference value :  4.69970e-06
 Reference value :  4.69976e-06
 Reference value :  4.69984e-06
 Reference value :  4.69993e-06
 Reference value :  4.70006e-06
 Reference value :  4.70019e-06
 Reference value :  4.70026e-06
 Reference value :  4.70032e-06
 Reference value :  4.70039e-06
 Reference value :  4.70044e-06
 Reference value :  4.70050e-06
 Reference value :  4.70053e-06
 Reference value :  4.70056e-06
 Reference value :  4.70064e-06
 Reference value :  4.70077e-06
 Reference value :  4.70096e-06
 Reference value :  4.70100e-06
 Reference value :  4.70108e-06
 Reference value :  4.70115e-06
 Reference value :  4.70120e-06
 Reference value :  4.70131e-06
 Reference value :  4.70139e-06
 Reference value :  4.70145e-06
 Reference value :  4.70154e-06
 Reference value :  4.70168e-06
 Reference value :  4.70180e-06
 Reference value :  4.70197e-06
 Reference value :  4.70213e-06
 Reference value :  4.70226e-06
 Reference value :  4.70240e-06
 Reference value :  4.70273e-06
 Reference value :  4.70331e-06
 Reference value :  4.70488e-06
 Reference value :  4.70788e-06
 Reference value :  4.71138e-06
 Reference value :  4.71488e-06
 Reference value :  4.71838e-06
 Reference value :  4.72038e-06
 Reference value :  4.72388e-06
 Reference value :  4.72738e-06
 Reference value :  4.73138e-06
 Reference value :  4.73538e-06
 Reference value :  4.73788e-06
 Reference value :  4.74077e-06
 Reference value :  4.74122e-06
 Reference value :  4.74127e-06
 Reference value :  4.74133e-06
 Reference value :  4.74138e-06
 Reference value :  4.74149e-06
 Reference value :  4.74166e-06
 Reference value :  4.74197e-06
 Reference value :  4.74205e-06
 Reference value :  4.74211e-06
 Reference value :  4.74217e-06
 Reference value :  4.74221e-06
 Reference value :  4.74235e-06
 Reference value :  4.74240e-06
 Reference value :  4.74246e-06
 Reference value :  4.74257e-06
 Reference value :  4.74276e-06
 Reference value :  4.74287e-06
 Reference value :  4.74301e-06
 Reference value :  4.74311e-06
 Reference value :  4.74315e-06
 Reference value :  4.74320e-06
 Reference value :  4.74330e-06
 Reference value :  4.74350e-06
 Reference value :  4.74382e-06
 Reference value :  4.74414e-06
 Reference value :  4.74438e-06
 Reference value :  4.74448e-06
 Reference value :  4.74463e-06
 Reference value :  4.74488e-06
 Reference value :  4.74515e-06
 Reference value :  4.74563e-06
 Reference value :  4.74597e-06
 Reference value :  4.74662e-06
 Reference value :  4.74898e-06
 Reference value :  4.75048e-06
 Reference value :  4.75198e-06
 Reference value :  4.75248e-06
 Reference value :  4.75298e-06
 Reference value :  4.75341e-06
 Reference value :  4.75376e-06
 Reference value :  4.75444e-06
 Reference value :  4.75484e-06
 Reference value :  4.75498e-06
 Reference value :  4.75506e-06
 Reference value :  4.75509e-06
 Reference value :  4.75516e-06
 Reference value :  4.75523e-06
 Reference value :  4.75535e-06
 Reference value :  4.75544e-06
 Reference value :  4.75559e-06
 Reference value :  4.75568e-06
 Reference value :  4.75577e-06
 Reference value :  4.75597e-06
 Reference value :  4.75623e-06
 Reference value :  4.75684e-06
 Reference value :  4.76019e-06
 Reference value :  4.76369e-06
 Reference value :  4.76519e-06
 Reference value :  4.76669e-06
 Reference value :  4.76819e-06
 Reference value :  4.77069e-06
 Reference value :  4.77369e-06
 Reference value :  4.77569e-06
 Reference value :  4.77769e-06
 Reference value :  4.77969e-06
 Reference value :  4.78119e-06
 Reference value :  4.78251e-06
 Reference value :  4.78284e-06
 Reference value :  4.78288e-06
 Reference value :  4.78290e-06
 Reference value :  4.78294e-06
 Reference value :  4.78298e-06
 Reference value :  4.78303e-06
 Reference value :  4.78309e-06
 Reference value :  4.78318e-06
 Reference value :  4.78320e-06
 Reference value :  4.78324e-06
 Reference value :  4.78328e-06
 Reference value :  4.78332e-06
 Reference value :  4.78338e-06
 Reference value :  4.78348e-06
 Reference value :  4.78352e-06
 Reference value :  4.78357e-06
 Reference value :  4.78360e-06
 Reference value :  4.78363e-06
 Reference value :  4.78365e-06
 Reference value :  4.78366e-06
 Reference value :  4.78370e-06
 Reference value :  4.78378e-06
 Reference value :  4.78384e-06
 Reference value :  4.78386e-06
 Reference value :  4.78390e-06
 Reference value :  4.78394e-06
 Reference value :  4.78409e-06
 Reference value :  4.78420e-06
 Reference value :  4.78431e-06
 Reference value :  4.78433e-06
 Reference value :  4.78435e-06
 Reference value :  4.78441e-06
 Reference value :  4.78447e-06
 Reference value :  4.78449e-06
 Reference value :  4.78453e-06
 Reference value :  4.78463e-06
 Reference value :  4.78474e-06
 Reference value :  4.78482e-06
 Reference value :  4.78497e-06
 Reference value :  4.78513e-06
 Reference value :  4.78521e-06
 Reference value :  4.78526e-06
 Reference value :  4.78534e-06
 Reference value :  4.78543e-06
 Reference value :  4.78570e-06
 Reference value :  4.78588e-06
 Reference value :  4.78612e-06
 Reference value :  4.78636e-06
 Reference value :  4.78691e-06
 Reference value :  4.78935e-06
 Reference value :  4.79285e-06
 Reference value :  4.79435e-06
 Reference value :  4.79585e-06
 Reference value :  4.79685e-06
 Reference value :  4.79835e-06
 Reference value :  4.80185e-06
 Reference value :  4.80385e-06
 Reference value :  4.80635e-06
 Reference value :  4.80785e-06
 Reference value :  4.80935e-06
 Reference value :  4.81085e-06
 Reference value :  4.81335e-06
 Reference value :  4.81535e-06
 Reference value :  4.81935e-06
 Reference value :  4.82335e-06
 Reference value :  4.82450e-06
 Reference value :  4.82452e-06
 Reference value :  4.82454e-06
 Reference value :  4.82457e-06
 Reference value :  4.82464e-06
 Reference value :  4.82467e-06
 Reference value :  4.82470e-06
 Reference value :  4.82473e-06
 Reference value :  4.82477e-06
 Reference value :  4.82482e-06
 Reference value :  4.82495e-06
 Reference value :  4.82515e-06
 Reference value :  4.82534e-06
 Reference value :  4.82538e-06
 Reference value :  4.82541e-06
 Reference value :  4.82544e-06
 Reference value :  4.82550e-06
 Reference value :  4.82554e-06
 Reference value :  4.82570e-06
 Reference value :  4.82577e-06
 Reference value :  4.82583e-06
 Reference value :  4.82593e-06
 Reference value :  4.82599e-06
 Reference value :  4.82617e-06
 Reference value :  4.82623e-06
 Reference value :  4.82630e-06
 Reference value :  4.82635e-06
 Reference value :  4.82650e-06
 Reference value :  4.82671e-06
 Reference value :  4.82703e-06
 Reference value :  4.82722e-06
 Reference value :  4.82756e-06
 Reference value :  4.82791e-06
 Reference value :  4.82801e-06
 Reference value :  4.82834e-06
 Reference value :  4.82849e-06
 Reference value :  4.82870e-06
 Reference value :  4.82893e-06
 Reference value :  4.82979e-06
 Reference value :  4.83078e-06
 Reference value :  4.83294e-06
 Reference value :  4.83494e-06
 Reference value :  4.83644e-06
 Reference value :  4.83687e-06
 Reference value :  4.83723e-06
 Reference value :  4.83790e-06
 Reference value :  4.83820e-06
 Reference value :  4.83826e-06
 Reference value :  4.83829e-06
 Reference value :  4.83835e-06
 Reference value :  4.83839e-06
 Reference value :  4.83842e-06
 Reference value :  4.83848e-06
 Reference value :  4.83852e-06
 Reference value :  4.83857e-06
 Reference value :  4.83865e-06
 Reference value :  4.83876e-06
 Reference value :  4.83885e-06
 Reference value :  4.83901e-06
 Reference value :  4.83910e-06
 Reference value :  4.83922e-06
 Reference value :  4.83946e-06
 Reference value :  4.83979e-06
 Reference value :  4.84071e-06
 Reference value :  4.84285e-06
 Reference value :  4.84385e-06
 Reference value :  4.84535e-06
 Reference value :  4.84685e-06
 Reference value :  4.84835e-06
 Reference value :  4.85035e-06
 Reference value :  4.85385e-06
 Reference value :  4.85635e-06
 Reference value :  4.85785e-06
 Reference value :  4.85935e-06
 Reference value :  4.86035e-06
 Reference value :  4.86135e-06
 Reference value :  4.86285e-06
 Reference value :  4.86485e-06
 Reference value :  4.86617e-06
 Reference value :  4.86623e-06
 Reference value :  4.86630e-06
 Reference value :  4.86634e-06
 Reference value :  4.86636e-06
 Reference value :  4.86639e-06
 Reference value :  4.86642e-06
 Reference value :  4.86646e-06
 Reference value :  4.86655e-06
 Reference value :  4.86659e-06
 Reference value :  4.86664e-06
 Reference value :  4.86682e-06
 Reference value :  4.86689e-06
 Reference value :  4.86692e-06
 Reference value :  4.86695e-06
 Reference value :  4.86697e-06
 Reference value :  4.86698e-06
 Reference value :  4.86705e-06
 Reference value :  4.86711e-06
 Reference value :  4.86714e-06
 Reference value :  4.86717e-06
 Reference value :  4.86721e-06
 Reference value :  4.86724e-06
 Reference value :  4.86733e-06
 Reference value :  4.86735e-06
 Reference value :  4.86741e-06
 Reference value :  4.86749e-06
 Reference value :  4.86759e-06
 Reference value :  4.86766e-06
 Reference value :  4.86771e-06
 Reference value :  4.86774e-06
 Reference value :  4.86777e-06
 Reference value :  4.86783e-06
 Reference value :  4.86790e-06
 Reference value :  4.86804e-06
 Reference value :  4.86815e-06
 Reference value :  4.86817e-06
 Reference value :  4.86824e-06
 Reference value :  4.86829e-06
 Reference value :  4.86836e-06
 Reference value :  4.86849e-06
 Reference value :  4.86855e-06
 Reference value :  4.86861e-06
 Reference value :  4.86866e-06
 Reference value :  4.86875e-06
 Reference value :  4.86897e-06
 Reference value :  4.86927e-06
 Reference value :  4.86943e-06
 Reference value :  4.86961e-06
 Reference value :  4.86986e-06
 Reference value :  4.87045e-06
 Reference value :  4.87106e-06
 Reference value :  4.87252e-06
 Reference value :  4.87402e-06
 Reference value :  4.87552e-06
 Reference value :  4.87852e-06
 Reference value :  4.88002e-06
 Reference value :  4.88152e-06
 Reference value :  4.88252e-06
 Reference value :  4.88402e-06
 Reference value :  4.88552e-06
 Reference value :  4.88802e-06
 Reference value :  4.89102e-06
 Reference value :  4.89202e-06
 Reference value :  4.89302e-06
 Reference value :  4.89452e-06
 Reference value :  4.89552e-06
 Reference value :  4.89702e-06
 Reference value :  4.89852e-06
 Reference value :  4.90202e-06
 Reference value :  4.90402e-06
 Reference value :  4.90652e-06
 Reference value :  4.90784e-06
 Reference value :  4.90786e-06
 Reference value :  4.90789e-06
 Reference value :  4.90792e-06
 Reference value :  4.90797e-06
 Reference value :  4.90801e-06
 Reference value :  4.90803e-06
 Reference value :  4.90806e-06
 Reference value :  4.90810e-06
 Reference value :  4.90818e-06
 Reference value :  4.90828e-06
 Reference value :  4.90835e-06
 Reference value :  4.90843e-06
 Reference value :  4.90854e-06
 Reference value :  4.90868e-06
 Reference value :  4.90873e-06
 Reference value :  4.90879e-06
 Reference value :  4.90884e-06
 Reference value :  4.90886e-06
 Reference value :  4.90891e-06
 Reference value :  4.90897e-06
 Reference value :  4.90903e-06
 Reference value :  4.90912e-06
 Reference value :  4.90921e-06
 Reference value :  4.90929e-06
 Reference value :  4.90934e-06
 Reference value :  4.90938e-06
 Reference value :  4.90944e-06
 Reference value :  4.90960e-06
 Reference value :  4.90983e-06
 Reference value :  4.90999e-06
 Reference value :  4.91022e-06
 Reference value :  4.91040e-06
 Reference value :  4.91072e-06
 Reference value :  4.91103e-06
 Reference value :  4.91129e-06
 Reference value :  4.91147e-06
 Reference value :  4.91167e-06
 Reference value :  4.91191e-06
 Reference value :  4.91227e-06
 Reference value :  4.91245e-06
 Reference value :  4.91310e-06
 Reference value :  4.91408e-06
 Reference value :  4.91558e-06
 Reference value :  4.91708e-06
 Reference value :  4.91858e-06
 Reference value :  4.91958e-06
 Reference value :  4.92008e-06
 Reference value :  4.92044e-06
 Reference value :  4.92110e-06
 Reference value :  4.92172e-06
 Reference value :  4.92186e-06
 Reference value :  4.92195e-06
 Reference value :  4.92206e-06
 Reference value :  4.92209e-06
 Reference value :  4.92218e-06
 Reference value :  4.92225e-06
 Reference value :  4.92251e-06
 Reference value :  4.92285e-06
 Reference value :  4.92327e-06
 Reference value :  4.92374e-06
 Reference value :  4.92458e-06
 Reference value :  4.92576e-06
 Reference value :  4.92724e-06
 Reference value :  4.92874e-06
 Reference value :  4.93124e-06
 Reference value :  4.93474e-06
 Reference value :  4.93624e-06
 Reference value :  4.93724e-06
 Reference value :  4.93824e-06
 Reference value :  4.93974e-06
 Reference value :  4.94124e-06
 Reference value :  4.94274e-06
 Reference value :  4.94424e-06
 Reference value :  4.94574e-06
 Reference value :  4.94724e-06
 Reference value :  4.94824e-06
 Reference value :  4.94950e-06
 Reference value :  4.94952e-06
 Reference value :  4.94955e-06
 Reference value :  4.94959e-06
 Reference value :  4.94963e-06
 Reference value :  4.94966e-06
 Reference value :  4.94969e-06
 Reference value :  4.94971e-06
 Reference value :  4.94976e-06
 Reference value :  4.94982e-06
 Reference value :  4.94986e-06
 Reference value :  4.94991e-06
 Reference value :  4.94995e-06
 Reference value :  4.94997e-06
 Reference value :  4.95000e-06
 Reference value :  4.95013e-06
 Reference value :  4.95017e-06
 Reference value :  4.95025e-06
 Reference value :  4.95028e-06
 Reference value :  4.95030e-06
 Reference value :  4.95037e-06
 Reference value :  4.95044e-06
 Reference value :  4.95050e-06
 Reference value :  4.95050e-06
 Reference value :  4.95056e-06
 Reference value :  4.95063e-06
 Reference value :  4.95073e-06
 Reference value :  4.95077e-06
 Reference value :  4.95080e-06
 Reference value :  4.95091e-06
 Reference value :  4.95100e-06
 Reference value :  4.95104e-06
 Reference value :  4.95107e-06
 Reference value :  4.95113e-06
 Reference value :  4.95116e-06
 Reference value :  4.95119e-06
 Reference value :  4.95134e-06
 Reference value :  4.95145e-06
 Reference value :  4.95153e-06
 Reference value :  4.95157e-06
 Reference value :  4.95165e-06
 Reference value :  4.95170e-06
 Reference value :  4.95179e-06
 Reference value :  4.95187e-06
 Reference value :  4.95193e-06
 Reference value :  4.95198e-06
 Reference value :  4.95204e-06
 Reference value :  4.95211e-06
 Reference value :  4.95224e-06
 Reference value :  4.95258e-06
 Reference value :  4.95290e-06
 Reference value :  4.95444e-06
 Reference value :  4.95744e-06
 Reference value :  4.95894e-06
 Reference value :  4.96044e-06
 Reference value :  4.96194e-06
 Reference value :  4.96444e-06
 Reference value :  4.96694e-06
 Reference value :  4.96844e-06
 Reference value :  4.96994e-06
 Reference value :  4.97094e-06
 Reference value :  4.97194e-06
 Reference value :  4.97344e-06
 Reference value :  4.97644e-06
 Reference value :  4.97994e-06
 Reference value :  4.98094e-06
 Reference value :  4.98344e-06
 Reference value :  4.98594e-06
 Reference value :  4.98844e-06
 Reference value :  4.99080e-06
 Reference value :  4.99121e-06
 Reference value :  4.99124e-06
 Reference value :  4.99127e-06
 Reference value :  4.99131e-06
 Reference value :  4.99132e-06
 Reference value :  4.99136e-06
 Reference value :  4.99138e-06
 Reference value :  4.99141e-06
 Reference value :  4.99145e-06
 Reference value :  4.99151e-06
 Reference value :  4.99161e-06
 Reference value :  4.99168e-06
 Reference value :  4.99185e-06
 Reference value :  4.99202e-06
 Reference value :  4.99205e-06
 Reference value :  4.99210e-06
 Reference value :  4.99217e-06
 Reference value :  4.99218e-06
 Reference value :  4.99226e-06
 Reference value :  4.99241e-06
 Reference value :  4.99261e-06
 Reference value :  4.99267e-06
 Reference value :  4.99270e-06
 Reference value :  4.99276e-06
 Reference value :  4.99287e-06
 Reference value :  4.99301e-06
 Reference value :  4.99312e-06
 Reference value :  4.99316e-06
 Reference value :  4.99326e-06
 Reference value :  4.99347e-06
 Reference value :  4.99382e-06
 Reference value :  4.99455e-06
 Reference value :  4.99477e-06
 Reference value :  4.99492e-06
 Reference value :  4.99508e-06
 Reference value :  4.99527e-06
 Reference value :  4.99570e-06
 Reference value :  4.99769e-06
 Reference value :  5.00069e-06
 Reference value :  5.00169e-06
 Reference value :  5.00269e-06
 Reference value :  5.00319e-06
 Reference value :  5.00358e-06
 Reference value :  5.00436e-06
 Reference value :  5.00467e-06
 Reference value :  5.00498e-06
 Reference value :  5.00525e-06
 Reference value :  5.00530e-06
 Reference value :  5.00540e-06
 Reference value :  5.00565e-06
 Reference value :  5.00609e-06
 Reference value :  5.00668e-06
 Reference value :  5.00807e-06
 Reference value :  5.00899e-06
 Reference value :  5.01049e-06
 Reference value :  5.01149e-06
 Reference value :  5.01299e-06
 Reference value :  5.01449e-06
 Reference value :  5.01599e-06
 Reference value :  5.01699e-06
 Reference value :  5.01949e-06
 Reference value :  5.02249e-06
 Reference value :  5.02399e-06
 Reference value :  5.02549e-06
 Reference value :  5.02699e-06
 Reference value :  5.02799e-06
 Reference value :  5.03149e-06
 Reference value :  5.03285e-06
 Reference value :  5.03289e-06
 Reference value :  5.03293e-06
 Reference value :  5.03297e-06
 Reference value :  5.03299e-06
 Reference value :  5.03303e-06
 Reference value :  5.03307e-06
 Reference value :  5.03318e-06
 Reference value :  5.03322e-06
 Reference value :  5.03326e-06
 Reference value :  5.03331e-06
 Reference value :  5.03340e-06
 Reference value :  5.03354e-06
 Reference value :  5.03361e-06
 Reference value :  5.03365e-06
 Reference value :  5.03371e-06
 Reference value :  5.03377e-06
 Reference value :  5.03383e-06
 Reference value :  5.03387e-06
 Reference value :  5.03391e-06
 Reference value :  5.03396e-06
 Reference value :  5.03405e-06
 Reference value :  5.03420e-06
 Reference value :  5.03432e-06
 Reference value :  5.03443e-06
 Reference value :  5.03446e-06
 Reference value :  5.03452e-06
 Reference value :  5.03461e-06
 Reference value :  5.03474e-06
 Reference value :  5.03484e-06
 Reference value :  5.03493e-06
 Reference value :  5.03505e-06
 Reference value :  5.03511e-06
 Reference value :  5.03522e-06
 Reference value :  5.03536e-06
 Reference value :  5.03564e-06
 Reference value :  5.03598e-06
 Reference value :  5.03636e-06
 Reference value :  5.03673e-06
 Reference value :  5.03786e-06
 Reference value :  5.04086e-06
 Reference value :  5.04386e-06
 Reference value :  5.04586e-06
 Reference value :  5.04686e-06
 Reference value :  5.04786e-06
 Reference value :  5.04936e-06
 Reference value :  5.05136e-06
 Reference value :  5.05386e-06
 Reference value :  5.05636e-06
 Reference value :  5.05786e-06
 Reference value :  5.05936e-06
 Reference value :  5.06036e-06
 Reference value :  5.06236e-06
 Reference value :  5.06486e-06
 Reference value :  5.06736e-06
 Reference value :  5.07036e-06
 Reference value :  5.07136e-06
 Reference value :  5.07236e-06
 Reference value :  5.07386e-06
 Reference value :  5.07450e-06
 Reference value :  5.07453e-06
 Reference value :  5.07456e-06
 Reference value :  5.07460e-06
 Reference value :  5.07464e-06
 Reference value :  5.07467e-06
 Reference value :  5.07468e-06
 Reference value :  5.07471e-06
 Reference value :  5.07475e-06
 Reference value :  5.07482e-06
 Reference value :  5.07488e-06
 Reference value :  5.07494e-06
 Reference value :  5.07501e-06
 Reference value :  5.07507e-06
 Reference value :  5.07519e-06
 Reference value :  5.07531e-06
 Reference value :  5.07536e-06
 Reference value :  5.07539e-06
 Reference value :  5.07545e-06
 Reference value :  5.07550e-06
 Reference value :  5.07554e-06
 Reference value :  5.07562e-06
 Reference value :  5.07568e-06
 Reference value :  5.07573e-06
 Reference value :  5.07579e-06
 Reference value :  5.07589e-06
 Reference value :  5.07595e-06
 Reference value :  5.07604e-06
 Reference value :  5.07607e-06
 Reference value :  5.07618e-06
 Reference value :  5.07623e-06
 Reference value :  5.07649e-06
 Reference value :  5.07671e-06
 Reference value :  5.07704e-06
 Reference value :  5.07740e-06
 Reference value :  5.07769e-06
 Reference value :  5.07794e-06
 Reference value :  5.07814e-06
 Reference value :  5.07825e-06
 Reference value :  5.07876e-06
 Reference value :  5.08093e-06
 Reference value :  5.08443e-06
 Reference value :  5.08680e-06
 Reference value :  5.08754e-06
 Reference value :  5.08792e-06
 Reference value :  5.08822e-06
 Reference value :  5.08843e-06
 Reference value :  5.08859e-06
 Reference value :  5.08871e-06
 Reference value :  5.08890e-06
 Reference value :  5.08915e-06
 Reference value :  5.08948e-06
 Reference value :  5.08988e-06
 Reference value :  5.09060e-06
 Reference value :  5.09174e-06
 Reference value :  5.09324e-06
 Reference value :  5.09474e-06
 Reference value :  5.09624e-06
 Reference value :  5.09774e-06
 Reference value :  5.09874e-06
 Reference value :  5.10024e-06
 Reference value :  5.10174e-06
 Reference value :  5.10274e-06
 Reference value :  5.10424e-06
 Reference value :  5.10574e-06
 Reference value :  5.10674e-06
 Reference value :  5.10824e-06
 Reference value :  5.10924e-06
 Reference value :  5.11074e-06
 Reference value :  5.11174e-06
 Reference value :  5.11274e-06
 Reference value :  5.11424e-06
 Reference value :  5.11524e-06
 Reference value :  5.11617e-06
 Reference value :  5.11620e-06
 Reference value :  5.11623e-06
 Reference value :  5.11625e-06
 Reference value :  5.11628e-06
 Reference value :  5.11631e-06
 Reference value :  5.11632e-06
 Reference value :  5.11635e-06
 Reference value :  5.11638e-06
 Reference value :  5.11642e-06
 Reference value :  5.11653e-06
 Reference value :  5.11662e-06
 Reference value :  5.11678e-06
 Reference value :  5.11687e-06
 Reference value :  5.11695e-06
 Reference value :  5.11697e-06
 Reference value :  5.11699e-06
 Reference value :  5.11702e-06
 Reference value :  5.11711e-06
 Reference value :  5.11717e-06
 Reference value :  5.11722e-06
 Reference value :  5.11725e-06
 Reference value :  5.11728e-06
 Reference value :  5.11731e-06
 Reference value :  5.11737e-06
 Reference value :  5.11746e-06
 Reference value :  5.11752e-06
 Reference value :  5.11754e-06
 Reference value :  5.11758e-06
 Reference value :  5.11760e-06
 Reference value :  5.11764e-06
 Reference value :  5.11768e-06
 Reference value :  5.11777e-06
 Reference value :  5.11787e-06
 Reference value :  5.11791e-06
 Reference value :  5.11795e-06
 Reference value :  5.11796e-06
 Reference value :  5.11799e-06
 Reference value :  5.11801e-06
 Reference value :  5.11805e-06
 Reference value :  5.11807e-06
 Reference value :  5.11809e-06
 Reference value :  5.11810e-06
 Reference value :  5.11811e-06
 Reference value :  5.11814e-06
 Reference value :  5.11818e-06
 Reference value :  5.11822e-06
 Reference value :  5.11824e-06
 Reference value :  5.11834e-06
 Reference value :  5.11839e-06
 Reference value :  5.11852e-06
 Reference value :  5.11861e-06
 Reference value :  5.11866e-06
 Reference value :  5.11871e-06
 Reference value :  5.11877e-06
 Reference value :  5.11889e-06
 Reference value :  5.11907e-06
 Reference value :  5.11926e-06
 Reference value :  5.11946e-06
 Reference value :  5.11977e-06
 Reference value :  5.12024e-06
 Reference value :  5.12222e-06
 Reference value :  5.12472e-06
 Reference value :  5.12722e-06
 Reference value :  5.12822e-06
 Reference value :  5.12972e-06
 Reference value :  5.13122e-06
 Reference value :  5.13272e-06
 Reference value :  5.13572e-06
 Reference value :  5.13922e-06
 Reference value :  5.14122e-06
 Reference value :  5.14272e-06
 Reference value :  5.14422e-06
 Reference value :  5.14572e-06
 Reference value :  5.14772e-06
 Reference value :  5.15022e-06
 Reference value :  5.15222e-06
 Reference value :  5.15372e-06
 Reference value :  5.15572e-06
 Reference value :  5.15722e-06
 Reference value :  5.15784e-06
 Reference value :  5.15789e-06
 Reference value :  5.15794e-06
 Reference value :  5.15796e-06
 Reference value :  5.15799e-06
 Reference value :  5.15803e-06
 Reference value :  5.15807e-06
 Reference value :  5.15812e-06
 Reference value :  5.15822e-06
 Reference value :  5.15828e-06
 Reference value :  5.15833e-06
 Reference value :  5.15840e-06
 Reference value :  5.15866e-06
 Reference value :  5.15872e-06
 Reference value :  5.15880e-06
 Reference value :  5.15884e-06
 Reference value :  5.15888e-06
 Reference value :  5.15896e-06
 Reference value :  5.15905e-06
 Reference value :  5.15917e-06
 Reference value :  5.15930e-06
 Reference value :  5.15942e-06
 Reference value :  5.15951e-06
 Reference value :  5.15958e-06
 Reference value :  5.15977e-06
 Reference value :  5.16001e-06
 Reference value :  5.16018e-06
 Reference value :  5.16027e-06
 Reference value :  5.16034e-06
 Reference value :  5.16045e-06
 Reference value :  5.16052e-06
 Reference value :  5.16061e-06
 Reference value :  5.16064e-06
 Reference value :  5.16069e-06
 Reference value :  5.16075e-06
 Reference value :  5.16081e-06
 Reference value :  5.16096e-06
 Reference value :  5.16108e-06
 Reference value :  5.16120e-06
 Reference value :  5.16127e-06
 Reference value :  5.16138e-06
 Reference value :  5.16146e-06
 Reference value :  5.16155e-06
 Reference value :  5.16166e-06
 Reference value :  5.16188e-06
 Reference value :  5.16273e-06
 Reference value :  5.16339e-06
 Reference value :  5.16614e-06
 Reference value :  5.16864e-06
 Reference value :  5.17014e-06
 Reference value :  5.17164e-06
 Reference value :  5.17314e-06
 Reference value :  5.17564e-06
 Reference value :  5.17864e-06
 Reference value :  5.18314e-06
 Reference value :  5.18514e-06
 Reference value :  5.18664e-06
 Reference value :  5.18814e-06
 Reference value :  5.18964e-06
 Reference value :  5.19314e-06
 Reference value :  5.19464e-06
 Reference value :  5.19764e-06
 Reference value :  5.19907e-06
 Reference value :  5.19951e-06
 Reference value :  5.19953e-06
 Reference value :  5.19957e-06
 Reference value :  5.19964e-06
 Reference value :  5.19969e-06
 Reference value :  5.19972e-06
 Reference value :  5.19976e-06
 Reference value :  5.19979e-06
 Reference value :  5.19983e-06
 Reference value :  5.19991e-06
 Reference value :  5.19998e-06
 Reference value :  5.20014e-06
 Reference value :  5.20019e-06
 Reference value :  5.20023e-06
 Reference value :  5.20026e-06
 Reference value :  5.20031e-06
 Reference value :  5.20033e-06
 Reference value :  5.20035e-06
 Reference value :  5.20039e-06
 Reference value :  5.20043e-06
 Reference value :  5.20048e-06
 Reference value :  5.20050e-06
 Reference value :  5.20052e-06
 Reference value :  5.20056e-06
 Reference value :  5.20066e-06
 Reference value :  5.20073e-06
 Reference value :  5.20080e-06
 Reference value :  5.20087e-06
 Reference value :  5.20093e-06
 Reference value :  5.20096e-06
 Reference value :  5.20102e-06
 Reference value :  5.20103e-06
 Reference value :  5.20106e-06
 Reference value :  5.20108e-06
 Reference value :  5.20114e-06
 Reference value :  5.20122e-06
 Reference value :  5.20130e-06
 Reference value :  5.20136e-06
 Reference value :  5.20142e-06
 Reference value :  5.20147e-06
 Reference value :  5.20156e-06
 Reference value :  5.20163e-06
 Reference value :  5.20172e-06
 Reference value :  5.20175e-06
 Reference value :  5.20177e-06
 Reference value :  5.20182e-06
 Reference value :  5.20195e-06
 Reference value :  5.20213e-06
 Reference value :  5.20231e-06
 Reference value :  5.20243e-06
 Reference value :  5.20255e-06
 Reference value :  5.20298e-06
 Reference value :  5.20349e-06
 Reference value :  5.20425e-06
 Reference value :  5.20723e-06
 Reference value :  5.20823e-06
 Reference value :  5.20923e-06
 Reference value :  5.21073e-06
 Reference value :  5.21173e-06
 Reference value :  5.21373e-06
 Reference value :  5.21773e-06
 Reference value :  5.21973e-06
 Reference value :  5.22123e-06
 Reference value :  5.22223e-06
 Reference value :  5.22273e-06
 Reference value :  5.22423e-06
 Reference value :  5.22623e-06
 Reference value :  5.22873e-06
 Reference value :  5.22973e-06
 Reference value :  5.23073e-06
 Reference value :  5.23223e-06
 Reference value :  5.23323e-06
 Reference value :  5.23423e-06
 Reference value :  5.23623e-06
 Reference value :  5.23723e-06
 Reference value :  5.23823e-06
 Reference value :  5.23923e-06
 Reference value :  5.24119e-06
 Reference value :  5.24120e-06
 Reference value :  5.24122e-06
 Reference value :  5.24124e-06
 Reference value :  5.24126e-06
 Reference value :  5.24128e-06
 Reference value :  5.24133e-06
 Reference value :  5.24137e-06
 Reference value :  5.24142e-06
 Reference value :  5.24150e-06
 Reference value :  5.24156e-06
 Reference value :  5.24163e-06
 Reference value :  5.24178e-06
 Reference value :  5.24202e-06
 Reference value :  5.24205e-06
 Reference value :  5.24211e-06
 Reference value :  5.24217e-06
 Reference value :  5.24218e-06
 Reference value :  5.24221e-06
 Reference value :  5.24229e-06
 Reference value :  5.24235e-06
 Reference value :  5.24241e-06
 Reference value :  5.24246e-06
 Reference value :  5.24256e-06
 Reference value :  5.24262e-06
 Reference value :  5.24269e-06
 Reference value :  5.24272e-06
 Reference value :  5.24283e-06
 Reference value :  5.24286e-06
 Reference value :  5.24292e-06
 Reference value :  5.24301e-06
 Reference value :  5.24314e-06
 Reference value :  5.24331e-06
 Reference value :  5.24338e-06
 Reference value :  5.24353e-06
 Reference value :  5.24359e-06
 Reference value :  5.24364e-06
 Reference value :  5.24372e-06
 Reference value :  5.24375e-06
 Reference value :  5.24379e-06
 Reference value :  5.24385e-06
 Reference value :  5.24395e-06
 Reference value :  5.24405e-06
 Reference value :  5.24425e-06
 Reference value :  5.24435e-06
 Reference value :  5.24466e-06
 Reference value :  5.24505e-06
 Reference value :  5.24586e-06
 Reference value :  5.24676e-06
 Reference value :  5.24751e-06
 Reference value :  5.24878e-06
 Reference value :  5.25028e-06
 Reference value :  5.25178e-06
 Reference value :  5.25428e-06
 Reference value :  5.25578e-06
 Reference value :  5.25678e-06
 Reference value :  5.25828e-06
 Reference value :  5.25978e-06
 Reference value :  5.26178e-06
 Reference value :  5.26378e-06
 Reference value :  5.26478e-06
 Reference value :  5.26578e-06
 Reference value :  5.26728e-06
 Reference value :  5.26878e-06
 Reference value :  5.26978e-06
 Reference value :  5.27128e-06
 Reference value :  5.27278e-06
 Reference value :  5.27528e-06
 Reference value :  5.27728e-06
 Reference value :  5.27878e-06
 Reference value :  5.28028e-06
 Reference value :  5.28178e-06
 Reference value :  5.28284e-06
 Reference value :  5.28287e-06
 Reference value :  5.28290e-06
 Reference value :  5.28295e-06
 Reference value :  5.28299e-06
 Reference value :  5.28303e-06
 Reference value :  5.28305e-06
 Reference value :  5.28309e-06
 Reference value :  5.28320e-06
 Reference value :  5.28329e-06
 Reference value :  5.28334e-06
 Reference value :  5.28341e-06
 Reference value :  5.28346e-06
 Reference value :  5.28350e-06
 Reference value :  5.28358e-06
 Reference value :  5.28363e-06
 Reference value :  5.28370e-06
 Reference value :  5.28377e-06
 Reference value :  5.28385e-06
 Reference value :  5.28388e-06
 Reference value :  5.28394e-06
 Reference value :  5.28402e-06
 Reference value :  5.28412e-06
 Reference value :  5.28425e-06
 Reference value :  5.28433e-06
 Reference value :  5.28442e-06
 Reference value :  5.28447e-06
 Reference value :  5.28456e-06
 Reference value :  5.28467e-06
 Reference value :  5.28484e-06
 Reference value :  5.28500e-06
 Reference value :  5.28512e-06
 Reference value :  5.28522e-06
 Reference value :  5.28536e-06
 Reference value :  5.28561e-06
 Reference value :  5.28574e-06
 Reference value :  5.28625e-06
 Reference value :  5.28779e-06
 Reference value :  5.28979e-06
 Reference value :  5.29329e-06
 Reference value :  5.29679e-06
 Reference value :  5.29979e-06
 Reference value :  5.30279e-06
 Reference value :  5.30629e-06
 Reference value :  5.30879e-06
 Reference value :  5.31179e-06
 Reference value :  5.31429e-06
 Reference value :  5.31779e-06
 Reference value :  5.32079e-06
 Reference value :  5.32279e-06
 Reference value :  5.32452e-06
 Reference value :  5.32456e-06
 Reference value :  5.32460e-06
 Reference value :  5.32465e-06
 Reference value :  5.32474e-06
 Reference value :  5.32494e-06
 Reference value :  5.32500e-06
 Reference value :  5.32507e-06
 Reference value :  5.32517e-06
 Reference value :  5.32533e-06
 Reference value :  5.32540e-06
 Reference value :  5.32546e-06
 Reference value :  5.32550e-06
 Reference value :  5.32554e-06
 Reference value :  5.32559e-06
 Reference value :  5.32570e-06
 Reference value :  5.32589e-06
 Reference value :  5.32605e-06
 Reference value :  5.32619e-06
 Reference value :  5.32637e-06
 Reference value :  5.32664e-06
 Reference value :  5.32697e-06
 Reference value :  5.32725e-06
 Reference value :  5.32747e-06
 Reference value :  5.32758e-06
 Reference value :  5.32767e-06
 Reference value :  5.32783e-06
 Reference value :  5.32801e-06
 Reference value :  5.32822e-06
 Reference value :  5.32846e-06
 Reference value :  5.32939e-06
 Reference value :  5.33192e-06
 Reference value :  5.33292e-06
 Reference value :  5.33332e-06
 Reference value :  5.33461e-06
 Reference value :  5.33564e-06
 Reference value :  5.33596e-06
 Reference value :  5.33618e-06
 Reference value :  5.33642e-06
 Reference value :  5.33675e-06
 Reference value :  5.33704e-06
 Reference value :  5.33744e-06
 Reference value :  5.34035e-06
 Reference value :  5.34335e-06
 Reference value :  5.34585e-06
 Reference value :  5.34935e-06
 Reference value :  5.35185e-06
 Reference value :  5.35435e-06
 Reference value :  5.35585e-06
 Reference value :  5.35735e-06
 Reference value :  5.35835e-06
 Reference value :  5.36135e-06
 Reference value :  5.36435e-06
 Reference value :  5.36617e-06
 Reference value :  5.36617e-06
 Reference value :  5.36620e-06
 Reference value :  5.36622e-06
 Reference value :  5.36625e-06
 Reference value :  5.36631e-06
 Reference value :  5.36635e-06
 Reference value :  5.36640e-06
 Reference value :  5.36649e-06
 Reference value :  5.36657e-06
 Reference value :  5.36661e-06
 Reference value :  5.36666e-06
 Reference value :  5.36672e-06
 Reference value :  5.36685e-06
 Reference value :  5.36693e-06
 Reference value :  5.36699e-06
 Reference value :  5.36703e-06
 Reference value :  5.36710e-06
 Reference value :  5.36715e-06
 Reference value :  5.36717e-06
 Reference value :  5.36720e-06
 Reference value :  5.36729e-06
 Reference value :  5.36742e-06
 Reference value :  5.36749e-06
 Reference value :  5.36764e-06
 Reference value :  5.36770e-06
 Reference value :  5.36773e-06
 Reference value :  5.36777e-06
 Reference value :  5.36782e-06
 Reference value :  5.36802e-06
 Reference value :  5.36810e-06
 Reference value :  5.36814e-06
 Reference value :  5.36824e-06
 Reference value :  5.36830e-06
 Reference value :  5.36835e-06
 Reference value :  5.36856e-06
 Reference value :  5.36872e-06
 Reference value :  5.36887e-06
 Reference value :  5.36893e-06
 Reference value :  5.36907e-06
 Reference value :  5.36925e-06
 Reference value :  5.37004e-06
 Reference value :  5.37223e-06
 Reference value :  5.37373e-06
 Reference value :  5.37523e-06
 Reference value :  5.37623e-06
 Reference value :  5.37773e-06
 Reference value :  5.37923e-06
 Reference value :  5.38273e-06
 Reference value :  5.38573e-06
 Reference value :  5.38823e-06
 Reference value :  5.39073e-06
 Reference value :  5.39373e-06
 Reference value :  5.39523e-06
 Reference value :  5.39623e-06
 Reference value :  5.39723e-06
 Reference value :  5.39873e-06
 Reference value :  5.40123e-06
 Reference value :  5.40373e-06
 Reference value :  5.40623e-06
 Reference value :  5.40753e-06
 Reference value :  5.40784e-06
 Reference value :  5.40786e-06
 Reference value :  5.40790e-06
 Reference value :  5.40795e-06
 Reference value :  5.40798e-06
 Reference value :  5.40803e-06
 Reference value :  5.40812e-06
 Reference value :  5.40830e-06
 Reference value :  5.40840e-06
 Reference value :  5.40857e-06
 Reference value :  5.40871e-06
 Reference value :  5.40884e-06
 Reference value :  5.40892e-06
 Reference value :  5.40904e-06
 Reference value :  5.40910e-06
 Reference value :  5.40923e-06
 Reference value :  5.40939e-06
 Reference value :  5.40954e-06
 Reference value :  5.40967e-06
 Reference value :  5.40989e-06
 Reference value :  5.41017e-06
 Reference value :  5.41057e-06
 Reference value :  5.41106e-06
 Reference value :  5.41144e-06
 Reference value :  5.41173e-06
 Reference value :  5.41218e-06
 Reference value :  5.41257e-06
 Reference value :  5.41330e-06
 Reference value :  5.41613e-06
 Reference value :  5.41813e-06
 Reference value :  5.41913e-06
 Reference value :  5.42063e-06
 Reference value :  5.42213e-06
 Reference value :  5.42413e-06
 Reference value :  5.42613e-06
 Reference value :  5.42813e-06
 Reference value :  5.43063e-06
 Reference value :  5.43363e-06
 Reference value :  5.43563e-06
 Reference value :  5.43713e-06
 Reference value :  5.43863e-06
 Reference value :  5.44013e-06
 Reference value :  5.44213e-06
 Reference value :  5.44463e-06
 Reference value :  5.44663e-06
 Reference value :  5.44813e-06
 Reference value :  5.44906e-06
 Reference value :  5.44951e-06
 Reference value :  5.44953e-06
 Reference value :  5.44958e-06
 Reference value :  5.44962e-06
 Reference value :  5.44966e-06
 Reference value :  5.44972e-06
 Reference value :  5.44979e-06
 Reference value :  5.44984e-06
 Reference value :  5.44988e-06
 Reference value :  5.44991e-06
 Reference value :  5.44998e-06
 Reference value :  5.45016e-06
 Reference value :  5.45024e-06
 Reference value :  5.45030e-06
 Reference value :  5.45032e-06
 Reference value :  5.45035e-06
 Reference value :  5.45039e-06
 Reference value :  5.45047e-06
 Reference value :  5.45053e-06
 Reference value :  5.45065e-06
 Reference value :  5.45076e-06
 Reference value :  5.45087e-06
 Reference value :  5.45101e-06
 Reference value :  5.45108e-06
 Reference value :  5.45122e-06
 Reference value :  5.45133e-06
 Reference value :  5.45141e-06
 Reference value :  5.45155e-06
 Reference value :  5.45166e-06
 Reference value :  5.45190e-06
 Reference value :  5.45206e-06
 Reference value :  5.45240e-06
 Reference value :  5.45274e-06
 Reference value :  5.45327e-06
 Reference value :  5.45484e-06
 Reference value :  5.45784e-06
 Reference value :  5.45984e-06
 Reference value :  5.46284e-06
 Reference value :  5.46584e-06
 Reference value :  5.46784e-06
 Reference value :  5.46934e-06
 Reference value :  5.47034e-06
 Reference value :  5.47134e-06
 Reference value :  5.47384e-06
 Reference value :  5.47684e-06
 Reference value :  5.47934e-06
 Reference value :  5.48084e-06
 Reference value :  5.48234e-06
 Reference value :  5.48334e-06
 Reference value :  5.48484e-06
 Reference value :  5.48684e-06
 Reference value :  5.48984e-06
 Reference value :  5.49117e-06
 Reference value :  5.49121e-06
 Reference value :  5.49127e-06
 Reference value :  5.49132e-06
 Reference value :  5.49137e-06
 Reference value :  5.49144e-06
 Reference value :  5.49152e-06
 Reference value :  5.49167e-06
 Reference value :  5.49186e-06
 Reference value :  5.49198e-06
 Reference value :  5.49206e-06
 Reference value :  5.49211e-06
 Reference value :  5.49217e-06
 Reference value :  5.49219e-06
 Reference value :  5.49224e-06
 Reference value :  5.49237e-06
 Reference value :  5.49252e-06
 Reference value :  5.49262e-06
 Reference value :  5.49271e-06
 Reference value :  5.49274e-06
 Reference value :  5.49285e-06
 Reference value :  5.49307e-06
 Reference value :  5.49351e-06
 Reference value :  5.49372e-06
 Reference value :  5.49393e-06
 Reference value :  5.49419e-06
 Reference value :  5.49442e-06
 Reference value :  5.49484e-06
 Reference value :  5.49507e-06
 Reference value :  5.49537e-06
 Reference value :  5.49556e-06
 Reference value :  5.49596e-06
 Reference value :  5.49695e-06
 Reference value :  5.50040e-06
 Reference value :  5.50190e-06
 Reference value :  5.50290e-06
 Reference value :  5.50440e-06
 Reference value :  5.50540e-06
 Reference value :  5.50740e-06
 Reference value :  5.51090e-06
 Reference value :  5.51340e-06
 Reference value :  5.51590e-06
 Reference value :  5.51890e-06
 Reference value :  5.52090e-06
 Reference value :  5.52390e-06
 Reference value :  5.52540e-06
 Reference value :  5.52690e-06
 Reference value :  5.52840e-06
 Reference value :  5.53140e-06
 Reference value :  5.53285e-06
 Reference value :  5.53287e-06
 Reference value :  5.53290e-06
 Reference value :  5.53294e-06
 Reference value :  5.53298e-06
 Reference value :  5.53300e-06
 Reference value :  5.53303e-06
 Reference value :  5.53304e-06
 Reference value :  5.53309e-06
 Reference value :  5.53311e-06
 Reference value :  5.53321e-06
 Reference value :  5.53325e-06
 Reference value :  5.53334e-06
 Reference value :  5.53340e-06
 Reference value :  5.53345e-06
 Reference value :  5.53353e-06
 Reference value :  5.53361e-06
 Reference value :  5.53366e-06
 Reference value :  5.53372e-06
 Reference value :  5.53379e-06
 Reference value :  5.53383e-06
 Reference value :  5.53384e-06
 Reference value :  5.53393e-06
 Reference value :  5.53401e-06
 Reference value :  5.53415e-06
 Reference value :  5.53435e-06
 Reference value :  5.53440e-06
 Reference value :  5.53443e-06
 Reference value :  5.53451e-06
 Reference value :  5.53458e-06
 Reference value :  5.53470e-06
 Reference value :  5.53482e-06
 Reference value :  5.53492e-06
 Reference value :  5.53498e-06
 Reference value :  5.53511e-06
 Reference value :  5.53521e-06
 Reference value :  5.53556e-06
 Reference value :  5.53604e-06
 Reference value :  5.53749e-06
 Reference value :  5.53895e-06
 Reference value :  5.54045e-06
 Reference value :  5.54195e-06
 Reference value :  5.54345e-06
 Reference value :  5.54495e-06
 Reference value :  5.54645e-06
 Reference value :  5.54795e-06
 Reference value :  5.54995e-06
 Reference value :  5.55195e-06
 Reference value :  5.55295e-06
 Reference value :  5.55445e-06
 Reference value :  5.55545e-06
 Reference value :  5.55695e-06
 Reference value :  5.55945e-06
 Reference value :  5.56245e-06
 Reference value :  5.56395e-06
 Reference value :  5.56545e-06
 Reference value :  5.56695e-06
 Reference value :  5.56845e-06
 Reference value :  5.57045e-06
 Reference value :  5.57245e-06
 Reference value :  5.57450e-06
 Reference value :  5.57452e-06
 Reference value :  5.57454e-06
 Reference value :  5.57456e-06
 Reference value :  5.57460e-06
 Reference value :  5.57465e-06
 Reference value :  5.57469e-06
 Reference value :  5.57477e-06
 Reference value :  5.57486e-06
 Reference value :  5.57492e-06
 Reference value :  5.57508e-06
 Reference value :  5.57526e-06
 Reference value :  5.57536e-06
 Reference value :  5.57539e-06
 Reference value :  5.57545e-06
 Reference value :  5.57550e-06
 Reference value :  5.57556e-06
 Reference value :  5.57571e-06
 Reference value :  5.57583e-06
 Reference value :  5.57597e-06
 Reference value :  5.57610e-06
 Reference value :  5.57625e-06
 Reference value :  5.57649e-06
 Reference value :  5.57662e-06
 Reference value :  5.57668e-06
 Reference value :  5.57685e-06
 Reference value :  5.57717e-06
 Reference value :  5.57749e-06
 Reference value :  5.57792e-06
 Reference value :  5.57803e-06
 Reference value :  5.57837e-06
 Reference value :  5.57883e-06
 Reference value :  5.58036e-06
 Reference value :  5.58286e-06
 Reference value :  5.58486e-06
 Reference value :  5.58586e-06
 Reference value :  5.58686e-06
 Reference value :  5.58836e-06
 Reference value :  5.58936e-06
 Reference value :  5.59086e-06
 Reference value :  5.59336e-06
 Reference value :  5.59586e-06
 Reference value :  5.59736e-06
 Reference value :  5.59836e-06
 Reference value :  5.59936e-06
 Reference value :  5.60086e-06
 Reference value :  5.60236e-06
 Reference value :  5.60386e-06
 Reference value :  5.60536e-06
 Reference value :  5.60636e-06
 Reference value :  5.60786e-06
 Reference value :  5.60886e-06
 Reference value :  5.61036e-06
 Reference value :  5.61136e-06
 Reference value :  5.61236e-06
 Reference value :  5.61386e-06
 Reference value :  5.61536e-06
 Reference value :  5.61617e-06
 Reference value :  5.61620e-06
 Reference value :  5.61622e-06
 Reference value :  5.61625e-06
 Reference value :  5.61627e-06
 Reference value :  5.61634e-06
 Reference value :  5.61639e-06
 Reference value :  5.61644e-06
 Reference value :  5.61652e-06
 Reference value :  5.61654e-06
 Reference value :  5.61662e-06
 Reference value :  5.61664e-06
 Reference value :  5.61673e-06
 Reference value :  5.61683e-06
 Reference value :  5.61687e-06
 Reference value :  5.61697e-06
 Reference value :  5.61702e-06
 Reference value :  5.61709e-06
 Reference value :  5.61714e-06
 Reference value :  5.61717e-06
 Reference value :  5.61718e-06
 Reference value :  5.61723e-06
 Reference value :  5.61733e-06
 Reference value :  5.61745e-06
 Reference value :  5.61756e-06
 Reference value :  5.61766e-06
 Reference value :  5.61771e-06
 Reference value :  5.61776e-06
 Reference value :  5.61787e-06
 Reference value :  5.61790e-06
 Reference value :  5.61796e-06
 Reference value :  5.61803e-06
 Reference value :  5.61814e-06
 Reference value :  5.61820e-06
 Reference value :  5.61825e-06
 Reference value :  5.61840e-06
 Reference value :  5.61864e-06
 Reference value :  5.61882e-06
 Reference value :  5.61899e-06
 Reference value :  5.61917e-06
 Reference value :  5.61962e-06
 Reference value :  5.62101e-06
 Reference value :  5.62249e-06
 Reference value :  5.62449e-06
 Reference value :  5.62549e-06
 Reference value :  5.62649e-06
 Reference value :  5.62749e-06
 Reference value :  5.62899e-06
 Reference value :  5.63049e-06
 Reference value :  5.63149e-06
 Reference value :  5.63249e-06
 Reference value :  5.63399e-06
 Reference value :  5.63649e-06
 Reference value :  5.63949e-06
 Reference value :  5.64199e-06
 Reference value :  5.64449e-06
 Reference value :  5.64599e-06
 Reference value :  5.64749e-06
 Reference value :  5.64899e-06
 Reference value :  5.65049e-06
 Reference value :  5.65349e-06
 Reference value :  5.65499e-06
 Reference value :  5.65741e-06
 Reference value :  5.65787e-06
 Reference value :  5.65791e-06
 Reference value :  5.65797e-06
 Reference value :  5.65801e-06
 Reference value :  5.65806e-06
 Reference value :  5.65815e-06
 Reference value :  5.65822e-06
 Reference value :  5.65830e-06
 Reference value :  5.65842e-06
 Reference value :  5.65862e-06
 Reference value :  5.65871e-06
 Reference value :  5.65875e-06
 Reference value :  5.65878e-06
 Reference value :  5.65884e-06
 Reference value :  5.65888e-06
 Reference value :  5.65900e-06
 Reference value :  5.65909e-06
 Reference value :  5.65927e-06
 Reference value :  5.65939e-06
 Reference value :  5.65945e-06
 Reference value :  5.65956e-06
 Reference value :  5.65970e-06
 Reference value :  5.65989e-06
 Reference value :  5.66003e-06
 Reference value :  5.66019e-06
 Reference value :  5.66060e-06
 Reference value :  5.66117e-06
 Reference value :  5.66173e-06
 Reference value :  5.66243e-06
 Reference value :  5.66330e-06
 Reference value :  5.66411e-06
 Reference value :  5.66511e-06
 Reference value :  5.66711e-06
 Reference value :  5.67061e-06
 Reference value :  5.67411e-06
 Reference value :  5.67711e-06
 Reference value :  5.68011e-06
 Reference value :  5.68311e-06
 Reference value :  5.68661e-06
 Reference value :  5.68961e-06
 Reference value :  5.69211e-06
 Reference value :  5.69461e-06
 Reference value :  5.69611e-06
 Reference value :  5.69906e-06
 Reference value :  5.69953e-06
 Reference value :  5.69956e-06
 Reference value :  5.69957e-06
 Reference value :  5.69961e-06
 Reference value :  5.69966e-06
 Reference value :  5.69970e-06
 Reference value :  5.69975e-06
 Reference value :  5.69984e-06
 Reference value :  5.69987e-06
 Reference value :  5.69991e-06
 Reference value :  5.69998e-06
 Reference value :  5.70007e-06
 Reference value :  5.70016e-06
 Reference value :  5.70028e-06
 Reference value :  5.70032e-06
 Reference value :  5.70035e-06
 Reference value :  5.70039e-06
 Reference value :  5.70048e-06
 Reference value :  5.70052e-06
 Reference value :  5.70065e-06
 Reference value :  5.70073e-06
 Reference value :  5.70078e-06
 Reference value :  5.70084e-06
 Reference value :  5.70095e-06
 Reference value :  5.70101e-06
 Reference value :  5.70103e-06
 Reference value :  5.70111e-06
 Reference value :  5.70119e-06
 Reference value :  5.70126e-06
 Reference value :  5.70132e-06
 Reference value :  5.70144e-06
 Reference value :  5.70154e-06
 Reference value :  5.70166e-06
 Reference value :  5.70191e-06
 Reference value :  5.70213e-06
 Reference value :  5.70243e-06
 Reference value :  5.70317e-06
 Reference value :  5.70482e-06
 Reference value :  5.70682e-06
 Reference value :  5.70832e-06
 Reference value :  5.71032e-06
 Reference value :  5.71132e-06
 Reference value :  5.71232e-06
 Reference value :  5.71332e-06
 Reference value :  5.71432e-06
 Reference value :  5.71732e-06
 Reference value :  5.72032e-06
 Reference value :  5.72182e-06
 Reference value :  5.72332e-06
 Reference value :  5.72482e-06
 Reference value :  5.72582e-06
 Reference value :  5.72832e-06
 Reference value :  5.73132e-06
 Reference value :  5.73232e-06
 Reference value :  5.73332e-06
 Reference value :  5.73482e-06
 Reference value :  5.73632e-06
 Reference value :  5.73932e-06
 Reference value :  5.74117e-06
 Reference value :  5.74120e-06
 Reference value :  5.74123e-06
 Reference value :  5.74125e-06
 Reference value :  5.74127e-06
 Reference value :  5.74134e-06
 Reference value :  5.74137e-06
 Reference value :  5.74140e-06
 Reference value :  5.74143e-06
 Reference value :  5.74152e-06
 Reference value :  5.74171e-06
 Reference value :  5.74196e-06
 Reference value :  5.74206e-06
 Reference value :  5.74210e-06
 Reference value :  5.74217e-06
 Reference value :  5.74224e-06
 Reference value :  5.74234e-06
 Reference value :  5.74240e-06
 Reference value :  5.74246e-06
 Reference value :  5.74252e-06
 Reference value :  5.74260e-06
 Reference value :  5.74269e-06
 Reference value :  5.74282e-06
 Reference value :  5.74292e-06
 Reference value :  5.74303e-06
 Reference value :  5.74321e-06
 Reference value :  5.74345e-06
 Reference value :  5.74375e-06
 Reference value :  5.74433e-06
 Reference value :  5.74454e-06
 Reference value :  5.74474e-06
 Reference value :  5.74493e-06
 Reference value :  5.74526e-06
 Reference value :  5.74652e-06
 Reference value :  5.74788e-06
 Reference value :  5.74888e-06
 Reference value :  5.75038e-06
 Reference value :  5.75138e-06
 Reference value :  5.75288e-06
 Reference value :  5.75438e-06
 Reference value :  5.75688e-06
 Reference value :  5.75888e-06
 Reference value :  5.76188e-06
 Reference value :  5.76488e-06
 Reference value :  5.76688e-06
 Reference value :  5.76788e-06
 Reference value :  5.76938e-06
 Reference value :  5.77038e-06
 Reference value :  5.77288e-06
 Reference value :  5.77638e-06
 Reference value :  5.77938e-06
 Reference value :  5.78188e-06
 Reference value :  5.78284e-06
 Reference value :  5.78287e-06
 Reference value :  5.78290e-06
 Reference value :  5.78298e-06
 Reference value :  5.78303e-06
 Reference value :  5.78309e-06
 Reference value :  5.78319e-06
 Reference value :  5.78327e-06
 Reference value :  5.78331e-06
 Reference value :  5.78340e-06
 Reference value :  5.78350e-06
 Reference value :  5.78362e-06
 Reference value :  5.78364e-06
 Reference value :  5.78365e-06
 Reference value :  5.78368e-06
 Reference value :  5.78373e-06
 Reference value :  5.78379e-06
 Reference value :  5.78383e-06
 Reference value :  5.78391e-06
 Reference value :  5.78398e-06
 Reference value :  5.78407e-06
 Reference value :  5.78412e-06
 Reference value :  5.78425e-06
 Reference value :  5.78437e-06
 Reference value :  5.78451e-06
 Reference value :  5.78457e-06
 Reference value :  5.78464e-06
 Reference value :  5.78471e-06
 Reference value :  5.78485e-06
 Reference value :  5.78500e-06
 Reference value :  5.78525e-06
 Reference value :  5.78535e-06
 Reference value :  5.78553e-06
 Reference value :  5.78615e-06
 Reference value :  5.78653e-06
 Reference value :  5.78875e-06
 Reference value :  5.79125e-06
 Reference value :  5.79325e-06
 Reference value :  5.79625e-06
 Reference value :  5.79775e-06
 Reference value :  5.80025e-06
 Reference value :  5.80325e-06
 Reference value :  5.80625e-06
 Reference value :  5.80775e-06
 Reference value :  5.80925e-06
 Reference value :  5.81025e-06
 Reference value :  5.81125e-06
 Reference value :  5.81425e-06
 Reference value :  5.81675e-06
 Reference value :  5.81975e-06
 Reference value :  5.82125e-06
 Reference value :  5.82225e-06
 Reference value :  5.82325e-06
 Reference value :  5.82450e-06
 Reference value :  5.82454e-06
 Reference value :  5.82460e-06
 Reference value :  5.82463e-06
 Reference value :  5.82466e-06
 Reference value :  5.82469e-06
 Reference value :  5.82476e-06
 Reference value :  5.82493e-06
 Reference value :  5.82512e-06
 Reference value :  5.82534e-06
 Reference value :  5.82538e-06
 Reference value :  5.82542e-06
 Reference value :  5.82550e-06
 Reference value :  5.82555e-06
 Reference value :  5.82564e-06
 Reference value :  5.82567e-06
 Reference value :  5.82573e-06
 Reference value :  5.82578e-06
 Reference value :  5.82584e-06
 Reference value :  5.82595e-06
 Reference value :  5.82601e-06
 Reference value :  5.82619e-06
 Reference value :  5.82629e-06
 Reference value :  5.82642e-06
 Reference value :  5.82678e-06
 Reference value :  5.82721e-06
 Reference value :  5.82741e-06
 Reference value :  5.82776e-06
 Reference value :  5.82796e-06
 Reference value :  5.82817e-06
 Reference value :  5.82852e-06
 Reference value :  5.82902e-06
 Reference value :  5.83018e-06
 Reference value :  5.83268e-06
 Reference value :  5.83468e-06
 Reference value :  5.83618e-06
 Reference value :  5.83768e-06
 Reference value :  5.83918e-06
 Reference value :  5.84118e-06
 Reference value :  5.84368e-06
 Reference value :  5.84618e-06
 Reference value :  5.84868e-06
 Reference value :  5.85018e-06
 Reference value :  5.85168e-06
 Reference value :  5.85318e-06
 Reference value :  5.85418e-06
 Reference value :  5.85568e-06
 Reference value :  5.85718e-06
 Reference value :  5.85918e-06
 Reference value :  5.86218e-06
 Reference value :  5.86568e-06
 Reference value :  5.86620e-06
 Reference value :  5.86623e-06
 Reference value :  5.86624e-06
 Reference value :  5.86630e-06
 Reference value :  5.86636e-06
 Reference value :  5.86642e-06
 Reference value :  5.86652e-06
 Reference value :  5.86658e-06
 Reference value :  5.86663e-06
 Reference value :  5.86665e-06
 Reference value :  5.86670e-06
 Reference value :  5.86679e-06
 Reference value :  5.86687e-06
 Reference value :  5.86695e-06
 Reference value :  5.86699e-06
 Reference value :  5.86706e-06
 Reference value :  5.86717e-06
 Reference value :  5.86725e-06
 Reference value :  5.86735e-06
 Reference value :  5.86750e-06
 Reference value :  5.86762e-06
 Reference value :  5.86773e-06
 Reference value :  5.86792e-06
 Reference value :  5.86807e-06
 Reference value :  5.86822e-06
 Reference value :  5.86834e-06
 Reference value :  5.86854e-06
 Reference value :  5.86878e-06
 Reference value :  5.86905e-06
 Reference value :  5.86946e-06
 Reference value :  5.87001e-06
 Reference value :  5.87162e-06
 Reference value :  5.87312e-06
 Reference value :  5.87462e-06
 Reference value :  5.87812e-06
 Reference value :  5.88112e-06
 Reference value :  5.88462e-06
 Reference value :  5.88812e-06
 Reference value :  5.89212e-06
 Reference value :  5.89612e-06
 Reference value :  5.90012e-06
 Reference value :  5.90262e-06
 Reference value :  5.90612e-06
 Reference value :  5.90786e-06
 Reference value :  5.90793e-06
 Reference value :  5.90799e-06
 Reference value :  5.90805e-06
 Reference value :  5.90819e-06
 Reference value :  5.90847e-06
 Reference value :  5.90868e-06
 Reference value :  5.90876e-06
 Reference value :  5.90884e-06
 Reference value :  5.90900e-06
 Reference value :  5.90915e-06
 Reference value :  5.90932e-06
 Reference value :  5.90950e-06
 Reference value :  5.90962e-06
 Reference value :  5.90995e-06
 Reference value :  5.91041e-06
 Reference value :  5.91084e-06
 Reference value :  5.91136e-06
 Reference value :  5.91208e-06
 Reference value :  5.91335e-06
 Reference value :  5.91685e-06
 Reference value :  5.92035e-06
 Reference value :  5.92385e-06
 Reference value :  5.92735e-06
 Reference value :  5.93085e-06
 Reference value :  5.93435e-06
 Reference value :  5.93835e-06
 Reference value :  5.94035e-06
 Reference value :  5.94285e-06
 Reference value :  5.94585e-06
 Reference value :  5.94885e-06
 Reference value :  5.94951e-06
 Reference value :  5.94953e-06
 Reference value :  5.94958e-06
 Reference value :  5.94963e-06
 Reference value :  5.94966e-06
 Reference value :  5.94971e-06
 Reference value :  5.94977e-06
 Reference value :  5.94987e-06
 Reference value :  5.94993e-06
 Reference value :  5.94999e-06
 Reference value :  5.95020e-06
 Reference value :  5.95028e-06
 Reference value :  5.95032e-06
 Reference value :  5.95037e-06
 Reference value :  5.95043e-06
 Reference value :  5.95050e-06
 Reference value :  5.95060e-06
 Reference value :  5.95077e-06
 Reference value :  5.95093e-06
 Reference value :  5.95105e-06
 Reference value :  5.95123e-06
 Reference value :  5.95134e-06
 Reference value :  5.95149e-06
 Reference value :  5.95158e-06
 Reference value :  5.95174e-06
 Reference value :  5.95202e-06
 Reference value :  5.95241e-06
 Reference value :  5.95373e-06
 Reference value :  5.95605e-06
 Reference value :  5.95905e-06
 Reference value :  5.96155e-06
 Reference value :  5.96455e-06
 Reference value :  5.96805e-06
 Reference value :  5.97155e-06
 Reference value :  5.97505e-06
 Reference value :  5.97855e-06
 Reference value :  5.98155e-06
 Reference value :  5.98405e-06
 Reference value :  5.98605e-06
 Reference value :  5.98855e-06
 Reference value :  5.99117e-06
 Reference value :  5.99121e-06
 Reference value :  5.99127e-06
 Reference value :  5.99133e-06
 Reference value :  5.99139e-06
 Reference value :  5.99145e-06
 Reference value :  5.99158e-06
 Reference value :  5.99168e-06
 Reference value :  5.99201e-06
 Reference value :  5.99206e-06
 Reference value :  5.99212e-06
 Reference value :  5.99221e-06
 Reference value :  5.99237e-06
 Reference value :  5.99260e-06
 Reference value :  5.99276e-06
 Reference value :  5.99290e-06
 Reference value :  5.99309e-06
 Reference value :  5.99354e-06
 Reference value :  5.99406e-06
 Reference value :  5.99452e-06
 Reference value :  5.99504e-06
 Reference value :  5.99585e-06
 Reference value :  5.99763e-06
 Reference value :  6.00113e-06
 Reference value :  6.00363e-06
 Reference value :  6.00613e-06
 Reference value :  6.00963e-06
 Reference value :  6.01313e-06
 Reference value :  6.01613e-06
 Reference value :  6.01863e-06
 Reference value :  6.02163e-06
 Reference value :  6.02463e-06
 Reference value :  6.02713e-06
 Reference value :  6.03113e-06
 Reference value :  6.03284e-06
 Reference value :  6.03288e-06
 Reference value :  6.03293e-06
 Reference value :  6.03298e-06
 Reference value :  6.03299e-06
 Reference value :  6.03304e-06
 Reference value :  6.03308e-06
 Reference value :  6.03319e-06
 Reference value :  6.03327e-06
 Reference value :  6.03333e-06
 Reference value :  6.03349e-06
 Reference value :  6.03361e-06
 Reference value :  6.03365e-06
 Reference value :  6.03371e-06
 Reference value :  6.03378e-06
 Reference value :  6.03387e-06
 Reference value :  6.03395e-06
 Reference value :  6.03411e-06
 Reference value :  6.03423e-06
 Reference value :  6.03435e-06
 Reference value :  6.03442e-06
 Reference value :  6.03448e-06
 Reference value :  6.03452e-06
 Reference value :  6.03467e-06
 Reference value :  6.03477e-06
 Reference value :  6.03487e-06
 Reference value :  6.03495e-06
 Reference value :  6.03506e-06
 Reference value :  6.03530e-06
 Reference value :  6.03544e-06
 Reference value :  6.03569e-06
 Reference value :  6.03599e-06
 Reference value :  6.03637e-06
 Reference value :  6.03710e-06
 Reference value :  6.03953e-06
 Reference value :  6.04153e-06
 Reference value :  6.04503e-06
 Reference value :  6.04703e-06
 Reference value :  6.04903e-06
 Reference value :  6.05203e-06
 Reference value :  6.05453e-06
 Reference value :  6.05603e-06
 Reference value :  6.05753e-06
 Reference value :  6.05853e-06
 Reference value :  6.05953e-06
 Reference value :  6.06103e-06
 Reference value :  6.06253e-06
 Reference value :  6.06403e-06
 Reference value :  6.06553e-06
 Reference value :  6.06703e-06
 Reference value :  6.06903e-06
 Reference value :  6.07003e-06
 Reference value :  6.07153e-06
 Reference value :  6.07303e-06
 Reference value :  6.07450e-06
 Reference value :  6.07452e-06
 Reference value :  6.07456e-06
 Reference value :  6.07458e-06
 Reference value :  6.07461e-06
 Reference value :  6.07465e-06
 Reference value :  6.07469e-06
 Reference value :  6.07470e-06
 Reference value :  6.07474e-06
 Reference value :  6.07481e-06
 Reference value :  6.07488e-06
 Reference value :  6.07495e-06
 Reference value :  6.07503e-06
 Reference value :  6.07516e-06
 Reference value :  6.07522e-06
 Reference value :  6.07533e-06
 Reference value :  6.07540e-06
 Reference value :  6.07550e-06
 Reference value :  6.07557e-06
 Reference value :  6.07564e-06
 Reference value :  6.07571e-06
 Reference value :  6.07580e-06
 Reference value :  6.07588e-06
 Reference value :  6.07600e-06
 Reference value :  6.07618e-06
 Reference value :  6.07633e-06
 Reference value :  6.07673e-06
 Reference value :  6.07759e-06
 Reference value :  6.07797e-06
 Reference value :  6.07823e-06
 Reference value :  6.07850e-06
 Reference value :  6.07910e-06
 Reference value :  6.08064e-06
 Reference value :  6.08314e-06
 Reference value :  6.08614e-06
 Reference value :  6.08914e-06
 Reference value :  6.09164e-06
 Reference value :  6.09414e-06
 Reference value :  6.09714e-06
 Reference value :  6.10014e-06
 Reference value :  6.10214e-06
 Reference value :  6.10464e-06
 Reference value :  6.10764e-06
 Reference value :  6.11064e-06
 Reference value :  6.11264e-06
 Reference value :  6.11364e-06
 Reference value :  6.11590e-06
 Reference value :  6.11619e-06
 Reference value :  6.11623e-06
 Reference value :  6.11628e-06
 Reference value :  6.11632e-06
 Reference value :  6.11636e-06
 Reference value :  6.11643e-06
 Reference value :  6.11652e-06
 Reference value :  6.11659e-06
 Reference value :  6.11668e-06
 Reference value :  6.11685e-06
 Reference value :  6.11692e-06
 Reference value :  6.11698e-06
 Reference value :  6.11701e-06
 Reference value :  6.11702e-06
 Reference value :  6.11711e-06
 Reference value :  6.11715e-06
 Reference value :  6.11719e-06
 Reference value :  6.11724e-06
 Reference value :  6.11727e-06
 Reference value :  6.11731e-06
 Reference value :  6.11736e-06
 Reference value :  6.11740e-06
 Reference value :  6.11748e-06
 Reference value :  6.11752e-06
 Reference value :  6.11761e-06
 Reference value :  6.11773e-06
 Reference value :  6.11782e-06
 Reference value :  6.11793e-06
 Reference value :  6.11801e-06
 Reference value :  6.11806e-06
 Reference value :  6.11811e-06
 Reference value :  6.11814e-06
 Reference value :  6.11819e-06
 Reference value :  6.11824e-06
 Reference value :  6.11828e-06
 Reference value :  6.11832e-06
 Reference value :  6.11839e-06
 Reference value :  6.11845e-06
 Reference value :  6.11851e-06
 Reference value :  6.11858e-06
 Reference value :  6.11862e-06
 Reference value :  6.11868e-06
 Reference value :  6.11872e-06
 Reference value :  6.11879e-06
 Reference value :  6.11892e-06
 Reference value :  6.11912e-06
 Reference value :  6.11932e-06
 Reference value :  6.11947e-06
 Reference value :  6.11989e-06
 Reference value :  6.12154e-06
 Reference value :  6.12396e-06
 Reference value :  6.12746e-06
 Reference value :  6.13046e-06
 Reference value :  6.13346e-06
 Reference value :  6.13596e-06
 Reference value :  6.13946e-06
 Reference value :  6.14246e-06
 Reference value :  6.14546e-06
 Reference value :  6.14846e-06
 Reference value :  6.15246e-06
 Reference value :  6.15596e-06
 Reference value :  6.15784e-06
 Reference value :  6.15788e-06
 Reference value :  6.15791e-06
 Reference value :  6.15799e-06
 Reference value :  6.15804e-06
 Reference value :  6.15811e-06
 Reference value :  6.15817e-06
 Reference value :  6.15828e-06
 Reference value :  6.15835e-06
 Reference value :  6.15868e-06
 Reference value :  6.15876e-06
 Reference value :  6.15883e-06
 Reference value :  6.15888e-06
 Reference value :  6.15902e-06
 Reference value :  6.15911e-06
 Reference value :  6.15925e-06
 Reference value :  6.15939e-06
 Reference value :  6.15956e-06
 Reference value :  6.15998e-06
 Reference value :  6.16020e-06
 Reference value :  6.16030e-06
 Reference value :  6.16044e-06
 Reference value :  6.16051e-06
 Reference value :  6.16061e-06
 Reference value :  6.16075e-06
 Reference value :  6.16084e-06
 Reference value :  6.16104e-06
 Reference value :  6.16127e-06
 Reference value :  6.16160e-06
 Reference value :  6.16192e-06
 Reference value :  6.16249e-06
 Reference value :  6.16494e-06
 Reference value :  6.16794e-06
 Reference value :  6.17094e-06
 Reference value :  6.17394e-06
 Reference value :  6.17644e-06
 Reference value :  6.17794e-06
 Reference value :  6.18144e-06
 Reference value :  6.18494e-06
 Reference value :  6.18794e-06
 Reference value :  6.19094e-06
 Reference value :  6.19444e-06
 Reference value :  6.19794e-06
 Reference value :  6.19951e-06
 Reference value :  6.19957e-06
 Reference value :  6.19965e-06
 Reference value :  6.19972e-06
 Reference value :  6.19979e-06
 Reference value :  6.19988e-06
 Reference value :  6.19995e-06
 Reference value :  6.19997e-06
 Reference value :  6.20011e-06
 Reference value :  6.20020e-06
 Reference value :  6.20027e-06
 Reference value :  6.20032e-06
 Reference value :  6.20037e-06
 Reference value :  6.20045e-06
 Reference value :  6.20050e-06
 Reference value :  6.20056e-06
 Reference value :  6.20066e-06
 Reference value :  6.20080e-06
 Reference value :  6.20094e-06
 Reference value :  6.20103e-06
 Reference value :  6.20110e-06
 Reference value :  6.20119e-06
 Reference value :  6.20134e-06
 Reference value :  6.20148e-06
 Reference value :  6.20161e-06
 Reference value :  6.20179e-06
 Reference value :  6.20200e-06
 Reference value :  6.20219e-06
 Reference value :  6.20245e-06
 Reference value :  6.20286e-06
 Reference value :  6.20373e-06
 Reference value :  6.20577e-06
 Reference value :  6.20927e-06
 Reference value :  6.21277e-06
 Reference value :  6.21527e-06
 Reference value :  6.21727e-06
 Reference value :  6.21977e-06
 Reference value :  6.22227e-06
 Reference value :  6.22527e-06
 Reference value :  6.22777e-06
 Reference value :  6.23027e-06
 Reference value :  6.23277e-06
 Reference value :  6.23527e-06
 Reference value :  6.23827e-06
 Reference value :  6.24027e-06
 Reference value :  6.24120e-06
 Reference value :  6.24122e-06
 Reference value :  6.24126e-06
 Reference value :  6.24132e-06
 Reference value :  6.24138e-06
 Reference value :  6.24146e-06
 Reference value :  6.24163e-06
 Reference value :  6.24185e-06
 Reference value :  6.24202e-06
 Reference value :  6.24205e-06
 Reference value :  6.24217e-06
 Reference value :  6.24229e-06
 Reference value :  6.24241e-06
 Reference value :  6.24252e-06
 Reference value :  6.24263e-06
 Reference value :  6.24276e-06
 Reference value :  6.24289e-06
 Reference value :  6.24308e-06
 Reference value :  6.24321e-06
 Reference value :  6.24353e-06
 Reference value :  6.24369e-06
 Reference value :  6.24376e-06
 Reference value :  6.24386e-06
 Reference value :  6.24392e-06
 Reference value :  6.24401e-06
 Reference value :  6.24417e-06
 Reference value :  6.24435e-06
 Reference value :  6.24453e-06
 Reference value :  6.24485e-06
 Reference value :  6.24527e-06
 Reference value :  6.24567e-06
 Reference value :  6.24620e-06
 Reference value :  6.24825e-06
 Reference value :  6.25066e-06
 Reference value :  6.25416e-06
 Reference value :  6.25816e-06
 Reference value :  6.26066e-06
 Reference value :  6.26316e-06
 Reference value :  6.26616e-06
 Reference value :  6.26916e-06
 Reference value :  6.27216e-06
 Reference value :  6.27516e-06
 Reference value :  6.27866e-06
 Reference value :  6.28216e-06
 Reference value :  6.28286e-06
 Reference value :  6.28293e-06
 Reference value :  6.28299e-06
 Reference value :  6.28304e-06
 Reference value :  6.28313e-06
 Reference value :  6.28325e-06
 Reference value :  6.28331e-06
No. of Data Rows : 30035

  Measurements for Transient Analysis

d9_c1               =  5.65420e-04
d8_c1               =  9.57181e-04
d7_c1               =  1.79901e+00
d6_c1               =  1.79901e+00
d5_c1               =  9.57310e-04
d4_c1               =  1.79901e+00
d3_c1               =  9.57463e-04
d2_c1               =  1.79901e+00
d1_c1               =  1.79901e+00
d0_c1               =  9.58221e-04
d9_c2               =  5.50713e-04
d8_c2               =  1.79901e+00
d7_c2               =  9.41033e-04
d6_c2               =  1.79901e+00
d5_c2               =  1.79901e+00
d4_c2               =  1.79901e+00
d3_c2               =  1.79901e+00
d2_c2               =  1.79901e+00
d1_c2               =  1.79900e+00
d0_c2               =  1.79900e+00
d9_c3               =  5.72206e-04
d8_c3               =  1.79901e+00
d7_c3               =  1.79901e+00
d6_c3               =  1.79901e+00
d5_c3               =  1.79901e+00
d4_c3               =  1.79901e+00
d3_c3               =  1.79901e+00
d2_c3               =  1.79901e+00
d1_c3               =  1.79901e+00
d0_c3               =  1.79900e+00
d9_c4               =  1.79938e+00
d8_c4               =  1.00800e-03
d7_c4               =  1.79901e+00
d6_c4               =  1.00799e-03
d5_c4               =  1.00798e-03
d4_c4               =  1.00797e-03
d3_c4               =  1.00796e-03
d2_c4               =  1.00793e-03
d1_c4               =  1.00789e-03
d0_c4               =  1.79901e+00
d9_c5               =  1.79955e+00
d8_c5               =  1.79902e+00
d7_c5               =  1.79902e+00
d6_c5               =  1.79902e+00
d5_c5               =  1.79902e+00
d4_c5               =  1.79902e+00
d3_c5               =  1.79902e+00
d2_c5               =  1.79902e+00
d1_c5               =  1.79902e+00
d0_c5               =  1.79902e+00
busy_c1_p0          =  1.79892e+00
smpl_c1_p0          =  7.51228e-04
busy_c1_p1          =  1.79892e+00
smpl_c1_p1          =  7.53400e-04
busy_c1_p2          =  1.79892e+00
smpl_c1_p2          =  7.36459e-04
busy_c1_p3          =  1.79892e+00
smpl_c1_p3          =  7.45772e-04
busy_c1_p4          =  1.79892e+00
smpl_c1_p4          =  7.60571e-04
busy_c1_p5          =  1.79892e+00
smpl_c1_p5          =  7.43235e-04
busy_c1_p6          =  1.79892e+00
smpl_c1_p6          =  7.44719e-04
busy_c1_p7          =  1.79892e+00
smpl_c1_p7          =  7.48837e-04
busy_c1_p8          =  1.79892e+00
smpl_c1_p8          =  7.45083e-04
busy_c1_p9          =  1.79892e+00
smpl_c1_p9          =  7.43566e-04
busy_c1_p10         =  1.79892e+00
smpl_c1_p10         =  7.59364e-04
busy_c1_p11         =  9.08052e-04
smpl_c1_p11         =  1.79985e+00
busy_c2_p0          =  1.79891e+00
smpl_c2_p0          =  7.51630e-04
busy_c2_p1          =  1.79892e+00
smpl_c2_p1          =  7.54389e-04
busy_c2_p2          =  1.79892e+00
smpl_c2_p2          =  7.58060e-04
busy_c2_p3          =  1.79892e+00
smpl_c2_p3          =  7.47285e-04
busy_c2_p4          =  1.79892e+00
smpl_c2_p4          =  7.44478e-04
busy_c2_p5          =  1.79892e+00
smpl_c2_p5          =  7.44185e-04
busy_c2_p6          =  1.79892e+00
smpl_c2_p6          =  7.44841e-04
busy_c2_p7          =  1.79892e+00
smpl_c2_p7          =  7.62900e-04
busy_c2_p8          =  1.79892e+00
smpl_c2_p8          =  7.61941e-04
busy_c2_p9          =  1.79892e+00
smpl_c2_p9          =  7.62970e-04
busy_c2_p10         =  1.79892e+00
smpl_c2_p10         =  7.54399e-04
busy_c2_p11         =  9.04184e-04
smpl_c2_p11         =  1.79986e+00
busy_c3_p0          =  1.79891e+00
smpl_c3_p0          =  7.54587e-04
busy_c3_p1          =  1.79892e+00
smpl_c3_p1          =  7.58453e-04
busy_c3_p2          =  1.79892e+00
smpl_c3_p2          =  7.51451e-04
busy_c3_p3          =  1.79892e+00
smpl_c3_p3          =  7.56627e-04
busy_c3_p4          =  1.79892e+00
smpl_c3_p4          =  7.66699e-04
busy_c3_p5          =  1.79892e+00
smpl_c3_p5          =  7.67458e-04
busy_c3_p6          =  1.79892e+00
smpl_c3_p6          =  7.53566e-04
busy_c3_p7          =  1.79892e+00
smpl_c3_p7          =  7.52483e-04
busy_c3_p8          =  1.79892e+00
smpl_c3_p8          =  7.65956e-04
busy_c3_p9          =  1.79892e+00
smpl_c3_p9          =  7.67882e-04
busy_c3_p10         =  1.79892e+00
smpl_c3_p10         =  7.68343e-04
busy_c3_p11         =  8.91198e-04
smpl_c3_p11         =  1.79985e+00
busy_c4_p0          =  1.79891e+00
smpl_c4_p0          =  7.58983e-04
busy_c4_p1          =  1.79892e+00
smpl_c4_p1          =  7.63298e-04
busy_c4_p2          =  1.79892e+00
smpl_c4_p2          =  7.57895e-04
busy_c4_p3          =  1.79892e+00
smpl_c4_p3          =  7.48949e-04
busy_c4_p4          =  1.79892e+00
smpl_c4_p4          =  7.65205e-04
busy_c4_p5          =  1.79892e+00
smpl_c4_p5          =  7.65010e-04
busy_c4_p6          =  1.79892e+00
smpl_c4_p6          =  7.52737e-04
busy_c4_p7          =  1.79892e+00
smpl_c4_p7          =  7.64240e-04
busy_c4_p8          =  1.79892e+00
smpl_c4_p8          =  7.63928e-04
busy_c4_p9          =  1.79892e+00
smpl_c4_p9          =  7.61661e-04
busy_c4_p10         =  1.79893e+00
smpl_c4_p10         =  7.64991e-04
busy_c4_p11         =  8.81413e-04
smpl_c4_p11         =  1.79986e+00
busy_c5_p0          =  1.79892e+00
smpl_c5_p0          =  7.52030e-04
busy_c5_p1          =  1.79892e+00
smpl_c5_p1          =  7.57601e-04
busy_c5_p2          =  1.79892e+00
smpl_c5_p2          =  7.33978e-04
busy_c5_p3          =  1.79892e+00
smpl_c5_p3          =  7.28781e-04
busy_c5_p4          =  1.79892e+00
smpl_c5_p4          =  7.29911e-04
busy_c5_p5          =  1.79893e+00
smpl_c5_p5          =  7.28822e-04
busy_c5_p6          =  1.79893e+00
smpl_c5_p6          =  7.26386e-04
busy_c5_p7          =  1.79893e+00
smpl_c5_p7          =  7.32483e-04
busy_c5_p8          =  1.79893e+00
smpl_c5_p8          =  7.32829e-04
busy_c5_p9          =  1.79893e+00
smpl_c5_p9          =  7.40695e-04
busy_c5_p10         =  1.79893e+00
smpl_c5_p10         =  7.31134e-04
busy_c5_p11         =  9.15618e-04
smpl_c5_p11         =  1.79985e+00
i_vdd               =  -2.12127e-06 from=  3.20000e-06 to=  4.20001e-06
i_vpwr              =  -6.51841e-06 from=  3.20000e-06 to=  4.20001e-06
i_vrefp             =  -6.50320e-06 from=  3.20000e-06 to=  4.20001e-06
i_vrefn             =  6.49137e-06 from=  3.20000e-06 to=  4.20001e-06
i_vcm               =  1.16504e-08 from=  3.20000e-06 to=  4.20001e-06
gnd_die_pp          =  7.21304e-02 from=  3.20000e-06 to=  4.20000e-06
gnd_die_max         =  3.02456e-02 at=  3.86704e-06
gnd_die_min         =  -4.18848e-02 at=  4.11693e-06
vgnd_die_pp         =  7.22876e-02 from=  3.20000e-06 to=  4.20000e-06
vgnd_die_max        =  3.05044e-02 at=  3.86704e-06
vgnd_die_min        =  -4.17833e-02 at=  4.11693e-06
vdd_die_pp          =  2.69993e-02 from=  3.20000e-06 to=  4.20000e-06
vdd_die_max         =  1.81446e+00 at=  3.20102e-06
vdd_die_min         =  1.78746e+00 at=  3.28394e-06
vpwr_die_pp         =  5.08945e-02 from=  3.20000e-06 to=  4.20000e-06
vpwr_die_max        =  1.82935e+00 at=  3.28383e-06
vpwr_die_min        =  1.77846e+00 at=  3.20038e-06


Total analysis time (seconds) = 781.602

Total elapsed time (seconds) = 799.043 

Total DRAM available = 31552.219 MB.
DRAM currently available = 7230.004 MB.
Maximum ngspice program size =  829.977 MB.
Current ngspice program size =  767.535 MB.

Shared ngspice pages =    9.281 MB.
Text (code) pages =    6.355 MB.
Stack = 0 bytes.
Library pages =  815.289 MB.

Note: Starting dynamic gmin stepping
Note: Dynamic gmin stepping completed
